global_step,algorithm,episode,raw_episode_return,episode_length,current_raw_episode_return,current_training_episode_return,epsilon,loss,q_mean,q_max,q_min,target_mean,target_max,td_error_mean_abs,td_error_max_abs,gradient_norm,replay_size,replay_capacity,replay_occupancy,steps_per_second,sps,optimizer_updates,optimizer_updated,target_sync_count,last_target_sync_step,raw_reward,training_reward,action,action_name,action_source,noop_count,fire_count,right_count,left_count,random_decision_count,greedy_decision_count,random_decision_ratio,environment_index,vector_iteration,num_envs,transition_batch_size,environment_transitions_per_second,vector_iterations_per_second,action_inference_batch_size,replay_insert_batch_size,action_inference_batches_per_second,replay_insertion_calls_per_second,requested_action,requested_action_name,action_overridden,fire_reset_reason,fire_reset_auto_count
249,dqn,1,0.0,125,0.0,0.0,0.87892,,,,,,,,,,250,10000,0.025,279.3100104163618,279.3100104163618,0,False,1,0,0.0,0.0,0,NOOP,random,87,63,51,49,230,20,0.92,0,125,2,2,279.3100104163618,139.6550052081809,2,2,,,0,NOOP,False,,
404,dqn,2,2.0,202,0.0,0.0,0.865745,,,,,,,,,,404,10000,0.0404,336.2515081213854,336.2515081213854,0,False,1,0,0.0,0.0,3,LEFT,random,143,101,83,77,354,50,0.8762376237623762,1,202,2,2,336.2515081213854,168.1257540606927,2,2,,,3,LEFT,False,,
499,dqn,3,0.0,125,0.0,0.0,0.85767,,,,,,,,,,500,10000,0.05,364.86427124156995,364.86427124156995,0,False,2,500,0.0,0.0,0,NOOP,random,173,127,103,97,441,59,0.882,0,250,2,2,364.86427124156995,182.43213562078498,2,2,,,0,NOOP,False,,
706,dqn,4,1.0,151,0.0,0.0,0.840075,,,,,,,,,,706,10000,0.0706,411.0276984991289,411.0276984991289,0,False,2,500,0.0,0.0,2,RIGHT,random,257,172,148,129,617,89,0.8739376770538244,1,353,2,2,411.0276984991289,205.51384924956446,2,2,,,2,RIGHT,False,,
841,dqn,5,1.0,171,0.0,0.0,0.8286,,,,,,,,,,842,10000,0.0842,434.7050100906515,434.7050100906515,0,False,2,500,0.0,0.0,2,RIGHT,random,299,206,178,159,730,112,0.8669833729216152,0,421,2,2,434.7050100906515,217.35250504532576,2,2,,,2,RIGHT,False,,
1089,dqn,6,0.0,124,0.0,0.0,0.80752,,,,,,,,,,1090,10000,0.109,386.0965840931869,386.0965840931869,23,False,3,1000,0.0,0.0,1,FIRE,random,372,276,220,222,935,155,0.8577981651376146,0,545,2,2,386.0965840931869,193.04829204659345,2,2,,,1,FIRE,False,,
1106,dqn,7,2.0,200,0.0,0.0,0.806075,,,,,,,,,,1106,10000,0.1106,383.79486228065844,383.79486228065844,27,False,3,1000,0.0,0.0,1,FIRE,random,375,284,223,224,947,159,0.85623869801085,1,553,2,2,383.79486228065844,191.89743114032922,2,2,,,1,FIRE,False,,
1339,dqn,8,0.0,125,0.0,0.0,0.78627,,,,,,,,,,1340,10000,0.134,365.6442816092705,365.6442816092705,86,True,3,1000,0.0,0.0,0,NOOP,random,413,344,318,265,1131,209,0.8440298507462687,0,670,2,2,365.6442816092705,182.82214080463524,2,2,,,0,NOOP,False,,
1395,dqn,8,,,0.0,0.0,0.78151,5.280742698232643e-05,0.03836140036582947,0.04802419990301132,0.025585032999515533,0.03484577313065529,0.035184163600206375,0.009305356070399284,0.013404708355665207,0.0061942399479448795,1396,10000,0.1396,362.8460982533935,362.8460982533935,100,True,3,1000,0.0,0.0,2,RIGHT,random,428,368,326,274,1176,220,0.8424068767908309,0,698,2,2,362.8460982533935,181.42304912669675,2,2,,,2,RIGHT,False,,
1396,dqn,8,,,2.0,2.0,0.781425,5.280742698232643e-05,0.03836140036582947,0.04802419990301132,0.025585032999515533,0.03484577313065529,0.035184163600206375,0.009305356070399284,0.013404708355665207,0.0061942399479448795,1396,10000,0.1396,362.84014737557266,362.84014737557266,100,True,3,1000,0.0,0.0,2,RIGHT,random,428,368,326,274,1176,220,0.8424068767908309,1,698,2,2,362.84014737557266,181.42007368778633,2,2,,,2,RIGHT,False,,
1645,dqn,9,1.0,153,0.0,0.0,0.76026,,,,,,,,,,1646,10000,0.1646,359.7980461893952,359.7980461893952,162,False,4,1500,0.0,0.0,0,NOOP,random,497,431,382,336,1371,275,0.8329283110571082,0,823,2,2,359.7980461893952,179.8990230946976,2,2,,,0,NOOP,False,,
1795,dqn,9,,,0.0,0.0,0.74751,7.292615919141099e-05,0.0480211041867733,0.06399112939834595,0.0389501191675663,0.04412231594324112,0.0443468801677227,0.009760836139321327,0.019731540232896805,0.008283230476081371,1796,10000,0.1796,357.8647850218134,357.8647850218134,200,True,4,1500,0.0,0.0,1,FIRE,fire_reset,532,471,412,381,1494,302,0.8318485523385301,0,898,2,2,357.8647850218134,178.9323925109067,2,2,,,0,NOOP,True,after_life_loss,
1796,dqn,9,,,5.0,5.0,0.747425,7.292615919141099e-05,0.0480211041867733,0.06399112939834595,0.0389501191675663,0.04412231594324112,0.0443468801677227,0.009760836139321327,0.019731540232896805,0.008283230476081371,1796,10000,0.1796,357.85642805028635,357.85642805028635,200,True,4,1500,0.0,0.0,1,FIRE,random,532,471,412,381,1494,302,0.8318485523385301,1,898,2,2,357.85642805028635,178.92821402514318,2,2,,,1,FIRE,False,,
1802,dqn,10,5.0,348,0.0,0.0,0.746915,,,,,,,,,,1802,10000,0.1802,357.2920451344673,357.2920451344673,201,False,4,1500,0.0,0.0,2,RIGHT,random,532,473,414,383,1500,302,0.832408435072142,1,901,2,2,357.2920451344673,178.64602256723364,2,2,,,2,RIGHT,False,,
1985,dqn,11,1.0,170,0.0,0.0,0.73136,,,,,,,,,,1986,10000,0.1986,356.2339314697493,356.2339314697493,247,False,4,1500,0.0,0.0,3,LEFT,greedy,582,528,453,423,1629,357,0.8202416918429003,0,993,2,2,356.2339314697493,178.11696573487464,2,2,,,3,LEFT,False,,
2110,dqn,12,1.0,154,0.0,0.0,0.720735,,,,,,,,,,2110,10000,0.211,355.6665160133787,355.6665160133787,278,False,5,2000,0.0,0.0,3,LEFT,random,606,561,479,464,1719,391,0.8146919431279621,1,1055,2,2,355.6665160133787,177.83325800668936,2,2,,,3,LEFT,False,,
2195,dqn,12,,,2.0,2.0,0.71351,2.4321865566889755e-05,0.051804736256599426,0.0620846226811409,0.04579457640647888,0.04731792211532593,0.04755523428320885,0.004417493008077145,0.014497064054012299,0.004032515920698643,2196,10000,0.2196,355.4819180636352,355.4819180636352,300,True,5,2000,0.0,0.0,1,FIRE,greedy,622,604,494,476,1778,418,0.8096539162112932,0,1098,2,2,355.4819180636352,177.7409590318176,2,2,,,1,FIRE,False,,
2196,dqn,12,,,0.0,0.0,0.713425,2.4321865566889755e-05,0.051804736256599426,0.0620846226811409,0.04579457640647888,0.04731792211532593,0.04755523428320885,0.004417493008077145,0.014497064054012299,0.004032515920698643,2196,10000,0.2196,355.47831007549,355.47831007549,300,True,5,2000,0.0,0.0,1,FIRE,greedy,622,604,494,476,1778,418,0.8096539162112932,1,1098,2,2,355.47831007549,177.739155037745,2,2,,,1,FIRE,False,,
2356,dqn,13,0.0,123,0.0,0.0,0.699825,,,,,,,,,,2356,10000,0.2356,354.03084401858183,354.03084401858183,340,True,5,2000,0.0,0.0,3,LEFT,random,669,666,520,501,1896,460,0.8047538200339559,1,1178,2,2,354.03084401858183,177.01542200929092,2,2,,,3,LEFT,False,,
2575,dqn,14,4.0,295,0.0,0.0,0.68121,,,,,,,,,,2576,10000,0.2576,351.7764567745905,351.7764567745905,395,True,6,2500,0.0,0.0,0,NOOP,greedy,714,750,579,533,2048,528,0.7950310559006211,0,1288,2,2,351.7764567745905,175.88822838729524,2,2,,,0,NOOP,False,,
2595,dqn,14,,,0.0,0.0,0.6795100000000001,9.358880924992263e-05,0.062305234372615814,0.07529943436384201,0.04988393187522888,0.05359452962875366,0.053886961191892624,0.012268958613276482,0.021860286593437195,0.010430633090436459,2596,10000,0.2596,351.3965794095298,351.3965794095298,400,True,6,2500,0.0,0.0,1,FIRE,random,724,756,582,534,2063,533,0.7946841294298922,0,1298,2,2,351.3965794095298,175.6982897047649,2,2,,,1,FIRE,False,,
2596,dqn,14,,,1.0,1.0,0.6794250000000001,9.358880924992263e-05,0.062305234372615814,0.07529943436384201,0.04988393187522888,0.05359452962875366,0.053886961191892624,0.012268958613276482,0.021860286593437195,0.010430633090436459,2596,10000,0.2596,351.39354476772417,351.39354476772417,400,True,6,2500,0.0,0.0,1,FIRE,random,724,756,582,534,2063,533,0.7946841294298922,1,1298,2,2,351.39354476772417,175.69677238386208,2,2,,,1,FIRE,False,,
2696,dqn,15,1.0,170,0.0,0.0,0.670925,,,,,,,,,,2696,10000,0.2696,350.62476560405054,350.62476560405054,425,True,6,2500,0.0,0.0,1,FIRE,random,750,785,612,549,2135,561,0.7919139465875371,1,1348,2,2,350.62476560405054,175.31238280202527,2,2,,,1,FIRE,False,,
2915,dqn,16,1.0,170,0.0,0.0,0.6523100000000001,,,,,,,,,,2916,10000,0.2916,350.2503953985439,350.2503953985439,480,True,6,2500,0.0,0.0,0,NOOP,greedy,817,873,647,579,2275,641,0.7801783264746228,0,1458,2,2,350.2503953985439,175.12519769927195,2,2,,,0,NOOP,False,,
2942,dqn,17,0.0,123,0.0,0.0,0.650015,,,,,,,,,,2942,10000,0.2942,349.8145031879581,349.8145031879581,486,False,6,2500,0.0,0.0,1,FIRE,random,829,879,651,583,2292,650,0.77906186267845,1,1471,2,2,349.8145031879581,174.90725159397905,2,2,,,1,FIRE,False,,
2995,dqn,17,,,0.0,0.0,0.64551,0.03058226965367794,0.057787179946899414,0.06511636823415756,0.049054890871047974,0.1160740926861763,1.0536267757415771,0.06774990260601044,0.9892796277999878,0.0707005187869072,2996,10000,0.2996,348.8434169874585,348.8434169874585,500,True,6,2500,0.0,0.0,1,FIRE,greedy,837,912,658,589,2322,674,0.7750333778371161,0,1498,2,2,348.8434169874585,174.42170849372926,2,2,,,1,FIRE,False,,
2996,dqn,17,,,0.0,0.0,0.645425,0.03058226965367794,0.057787179946899414,0.06511636823415756,0.049054890871047974,0.1160740926861763,1.0536267757415771,0.06774990260601044,0.9892796277999878,0.0707005187869072,2996,10000,0.2996,348.8388556365133,348.8388556365133,500,True,6,2500,0.0,0.0,2,RIGHT,random,837,912,658,589,2322,674,0.7750333778371161,1,1498,2,2,348.8388556365133,174.41942781825665,2,2,,,2,RIGHT,False,,
3255,dqn,18,1.0,170,0.0,0.0,0.62341,,,,,,,,,,3256,10000,0.3256,345.00129990250343,345.00129990250343,565,True,7,3000,0.0,0.0,3,LEFT,random,891,1001,724,640,2489,767,0.7644348894348895,0,1628,2,2,345.00129990250343,172.50064995125172,2,2,,,3,LEFT,False,,
3340,dqn,19,2.0,199,0.0,0.0,0.616185,,,,,,,,,,3340,10000,0.334,345.12010810527164,345.12010810527164,586,True,7,3000,0.0,0.0,1,FIRE,greedy,915,1030,748,647,2534,806,0.7586826347305389,1,1670,2,2,345.12010810527164,172.56005405263582,2,2,,,1,FIRE,False,,
3395,dqn,19,,,1.0,1.0,0.61151,0.03152095898985863,0.06717747449874878,0.08314193785190582,0.05025456100702286,0.13048622012138367,1.0703366994857788,0.07293737679719925,1.0023735761642456,0.055234022438526154,3396,10000,0.3396,345.1524011018309,345.1524011018309,600,True,7,3000,0.0,0.0,1,FIRE,greedy,924,1064,757,651,2568,828,0.7561837455830389,0,1698,2,2,345.1524011018309,172.57620055091544,2,2,,,1,FIRE,False,,
3396,dqn,19,,,0.0,0.0,0.611425,0.03152095898985863,0.06717747449874878,0.08314193785190582,0.05025456100702286,0.13048622012138367,1.0703366994857788,0.07293737679719925,1.0023735761642456,0.055234022438526154,3396,10000,0.3396,345.1502612620823,345.1502612620823,600,True,7,3000,0.0,0.0,0,NOOP,random,924,1064,757,651,2568,828,0.7561837455830389,1,1698,2,2,345.1502612620823,172.57513063104116,2,2,,,0,NOOP,False,,
3586,dqn,20,0.0,123,0.0,0.0,0.595275,,,,,,,,,,3586,10000,0.3586,344.7518789661772,344.7518789661772,647,False,8,3500,0.0,0.0,1,FIRE,random,966,1114,817,689,2682,904,0.7479085331846068,1,1793,2,2,344.7518789661772,172.3759394830886,2,2,,,1,FIRE,False,,
3709,dqn,21,3.0,227,0.0,0.0,0.58482,,,,,,,,,,3710,10000,0.371,344.58674700787793,344.58674700787793,678,False,8,3500,0.0,0.0,2,RIGHT,greedy,1002,1139,854,715,2759,951,0.74366576819407,0,1855,2,2,344.58674700787793,172.29337350393897,2,2,,,2,RIGHT,False,,
3795,dqn,21,,,0.0,0.0,0.57751,0.015632925555109978,0.07733424007892609,0.08816081285476685,0.07263129949569702,0.09922753274440765,1.0702228546142578,0.04120691865682602,0.9948276877403259,0.03676294535398483,3796,10000,0.3796,344.7234996517255,344.7234996517255,700,True,8,3500,0.0,0.0,1,FIRE,random,1026,1162,885,723,2807,989,0.7394625922023182,0,1898,2,2,344.7234996517255,172.36174982586274,2,2,,,1,FIRE,False,,
3796,dqn,21,,,1.0,1.0,0.5774250000000001,0.015632925555109978,0.07733424007892609,0.08816081285476685,0.07263129949569702,0.09922753274440765,1.0702228546142578,0.04120691865682602,0.9948276877403259,0.03676294535398483,3796,10000,0.3796,344.7214272630663,344.7214272630663,700,True,8,3500,0.0,0.0,0,NOOP,greedy,1026,1162,885,723,2807,989,0.7394625922023182,1,1898,2,2,344.7214272630663,172.36071363153314,2,2,,,0,NOOP,False,,
3955,dqn,22,0.0,123,0.0,0.0,0.5639100000000001,,,,,,,,,,3956,10000,0.3956,344.84608737383905,344.84608737383905,740,True,8,3500,0.0,0.0,2,RIGHT,random,1119,1190,906,741,2897,1059,0.7323053589484327,0,1978,2,2,344.84608737383905,172.42304368691953,2,2,,,2,RIGHT,False,,
4080,dqn,23,3.0,247,0.0,0.0,0.553285,,,,,,,,,,4080,10000,0.408,345.5345360834767,345.5345360834767,771,True,9,4000,0.0,0.0,3,LEFT,random,1139,1226,957,758,2963,1117,0.7262254901960784,1,2040,2,2,345.5345360834767,172.76726804173836,2,2,,,3,LEFT,False,,
4195,dqn,23,,,2.0,2.0,0.54351,0.00013652964844368398,0.08433239907026291,0.10300299525260925,0.07445188611745834,0.07567773759365082,0.0763130635023117,0.012057570740580559,0.027202747762203217,0.01327966433018446,4196,10000,0.4196,346.08548082460504,346.08548082460504,800,True,9,4000,0.0,0.0,2,RIGHT,random,1192,1245,986,773,3032,1164,0.7225929456625357,0,2098,2,2,346.08548082460504,173.04274041230252,2,2,,,2,RIGHT,False,,
4196,dqn,23,,,1.0,1.0,0.543425,0.00013652964844368398,0.08433239907026291,0.10300299525260925,0.07445188611745834,0.07567773759365082,0.0763130635023117,0.012057570740580559,0.027202747762203217,0.01327966433018446,4196,10000,0.4196,346.08203261350013,346.08203261350013,800,True,9,4000,0.0,0.0,0,NOOP,random,1192,1245,986,773,3032,1164,0.7225929456625357,1,2098,2,2,346.08203261350013,173.04101630675007,2,2,,,0,NOOP,False,,
4353,dqn,24,2.0,199,0.0,0.0,0.5300800000000001,,,,,,,,,,4354,10000,0.4354,345.96902148606716,345.96902148606716,839,False,9,4000,0.0,0.0,2,RIGHT,greedy,1276,1271,1008,799,3116,1238,0.7156637574644006,0,2177,2,2,345.96902148606716,172.98451074303358,2,2,,,2,RIGHT,False,,
4595,dqn,24,,,2.0,2.0,0.5095100000000001,5.4232539696386084e-05,0.099313884973526,0.1077435165643692,0.09148502349853516,0.09263049066066742,0.09383533895015717,0.008289668709039688,0.014545947313308716,0.009712799452245235,4596,10000,0.4596,346.7775058923616,346.7775058923616,900,True,10,4500,0.0,0.0,1,FIRE,random,1328,1330,1071,867,3235,1361,0.7038729329852045,0,2298,2,2,346.7775058923616,173.3887529461808,2,2,,,1,FIRE,False,,
4596,dqn,24,,,4.0,4.0,0.509425,5.4232539696386084e-05,0.099313884973526,0.1077435165643692,0.09148502349853516,0.09263049066066742,0.09383533895015717,0.008289668709039688,0.014545947313308716,0.009712799452245235,4596,10000,0.4596,346.7758365687254,346.7758365687254,900,True,10,4500,0.0,0.0,3,LEFT,greedy,1328,1330,1071,867,3235,1361,0.7038729329852045,1,2298,2,2,346.7758365687254,173.3879182843627,2,2,,,3,LEFT,False,,
4630,dqn,25,4.0,275,0.0,0.0,0.5065350000000001,,,,,,,,,,4630,10000,0.463,346.74055750688797,346.74055750688797,908,False,10,4500,0.0,0.0,0,NOOP,random,1331,1347,1077,875,3254,1376,0.7028077753779698,1,2315,2,2,346.74055750688797,173.37027875344398,2,2,,,0,NOOP,False,,
4751,dqn,26,2.0,199,0.0,0.0,0.49625,,,,,,,,,,4752,10000,0.4752,346.9497379369655,346.9497379369655,939,True,10,4500,0.0,0.0,2,RIGHT,greedy,1355,1373,1119,905,3311,1441,0.6967592592592593,0,2376,2,2,346.9497379369655,173.47486896848275,2,2,,,2,RIGHT,False,,
4878,dqn,27,0.0,124,0.0,0.0,0.485455,,,,,,,,,,4878,10000,0.4878,347.17758643257685,347.17758643257685,970,False,10,4500,0.0,0.0,2,RIGHT,random,1369,1396,1179,934,3376,1502,0.6920869208692086,1,2439,2,2,347.17758643257685,173.58879321628842,2,2,,,2,RIGHT,False,,
4995,dqn,27,,,1.0,1.0,0.47551000000000004,1.4684613233839627e-05,0.09524686634540558,0.10175551474094391,0.08607453852891922,0.09261232614517212,0.09307302534580231,0.0049289315938949585,0.009163856506347656,0.004346743691712618,4996,10000,0.4996,347.39431767202626,347.39431767202626,1000,True,10,4500,0.0,0.0,3,LEFT,random,1397,1421,1196,982,3448,1548,0.6901521216973578,0,2498,2,2,347.39431767202626,173.69715883601313,2,2,,,3,LEFT,False,,
4996,dqn,27,,,0.0,0.0,0.47542500000000004,1.4684613233839627e-05,0.09524686634540558,0.10175551474094391,0.08607453852891922,0.09261232614517212,0.09307302534580231,0.0049289315938949585,0.009163856506347656,0.004346743691712618,4996,10000,0.4996,347.3913996656528,347.3913996656528,1000,True,10,4500,0.0,0.0,0,NOOP,random,1397,1421,1196,982,3448,1548,0.6901521216973578,1,2498,2,2,347.3913996656528,173.6956998328264,2,2,,,0,NOOP,False,,
5055,dqn,28,1.0,152,0.0,0.0,0.47041000000000005,,,,,,,,,,5056,10000,0.5056,347.2242252608496,347.2242252608496,1015,True,11,5000,0.0,0.0,3,LEFT,random,1428,1430,1204,994,3479,1577,0.6880933544303798,0,2528,2,2,347.2242252608496,173.6121126304248,2,2,,,3,LEFT,False,,
5126,dqn,29,0.0,124,0.0,0.0,0.4643750000000001,,,,,,,,,,5126,10000,0.5126,347.4521855183351,347.4521855183351,1032,False,11,5000,0.0,0.0,0,NOOP,random,1438,1472,1209,1007,3513,1613,0.6853296917674601,1,2563,2,2,347.4521855183351,173.72609275916756,2,2,,,0,NOOP,False,,
5301,dqn,30,0.0,123,0.0,0.0,0.4495,,,,,,,,,,5302,10000,0.5302,347.8628329763683,347.8628329763683,1076,False,11,5000,0.0,0.0,2,RIGHT,random,1479,1511,1262,1050,3604,1698,0.6797434930215013,0,2651,2,2,347.8628329763683,173.93141648818414,2,2,,,2,RIGHT,False,,
5376,dqn,31,0.0,125,0.0,0.0,0.44312500000000005,,,,,,,,,,5376,10000,0.5376,347.6650444401836,347.6650444401836,1095,True,11,5000,0.0,0.0,0,NOOP,greedy,1529,1525,1269,1053,3633,1743,0.67578125,1,2688,2,2,347.6650444401836,173.8325222200918,2,2,,,0,NOOP,False,,
5395,dqn,31,,,0.0,0.0,0.44151000000000007,0.015341762453317642,0.1096024215221405,0.11286915093660355,0.10205043852329254,0.13158346712589264,1.1005655527114868,0.04021070897579193,0.9893714785575867,0.038274653255939484,5396,10000,0.5396,347.6351548451857,347.6351548451857,1100,True,11,5000,0.0,0.0,1,FIRE,random,1538,1530,1271,1057,3643,1753,0.6751297257227576,0,2698,2,2,347.6351548451857,173.81757742259285,2,2,,,1,FIRE,False,,
5396,dqn,31,,,0.0,0.0,0.44142500000000007,0.015341762453317642,0.1096024215221405,0.11286915093660355,0.10205043852329254,0.13158346712589264,1.1005655527114868,0.04021070897579193,0.9893714785575867,0.038274653255939484,5396,10000,0.5396,347.6337237272018,347.6337237272018,1100,True,11,5000,0.0,0.0,0,NOOP,greedy,1538,1530,1271,1057,3643,1753,0.6751297257227576,1,2698,2,2,347.6337237272018,173.8168618636009,2,2,,,0,NOOP,False,,
5626,dqn,32,0.0,125,0.0,0.0,0.42187500000000006,,,,,,,,,,5626,10000,0.5626,347.8749041854947,347.8749041854947,1157,False,12,5500,0.0,0.0,2,RIGHT,greedy,1614,1601,1302,1109,3743,1883,0.6653039459651617,1,2813,2,2,347.8749041854947,173.93745209274735,2,2,,,2,RIGHT,False,,
5795,dqn,33,3.0,247,0.0,0.0,0.40751000000000004,0.014943541027605534,0.12766337394714355,0.14091889560222626,0.11287318170070648,0.14576154947280884,1.1162035465240479,0.04136737063527107,0.9752846360206604,0.04565856233239174,5796,10000,0.5796,347.05640629957173,347.05640629957173,1200,True,12,5500,0.0,0.0,2,RIGHT,random,1627,1682,1352,1135,3817,1979,0.6585576259489303,0,2898,2,2,347.05640629957173,173.52820314978587,2,2,,,2,RIGHT,False,,
5796,dqn,33,,,0.0,0.0,0.40742500000000004,0.014943541027605534,0.12766337394714355,0.14091889560222626,0.11287318170070648,0.14576154947280884,1.1162035465240479,0.04136737063527107,0.9752846360206604,0.04565856233239174,5796,10000,0.5796,347.05512202271456,347.05512202271456,1200,True,12,5500,0.0,0.0,1,FIRE,random,1627,1682,1352,1135,3817,1979,0.6585576259489303,1,2898,2,2,347.05512202271456,173.52756101135728,2,2,,,1,FIRE,False,,
5930,dqn,34,1.0,152,0.0,0.0,0.396035,,,,,,,,,,5930,10000,0.593,346.704352086105,346.704352086105,1233,False,12,5500,0.0,0.0,1,FIRE,random,1646,1714,1385,1185,3876,2054,0.6536256323777403,1,2965,2,2,346.704352086105,173.3521760430525,2,2,,,1,FIRE,False,,
6095,dqn,35,1.0,150,0.0,0.0,0.38200999999999996,,,,,,,,,,6096,10000,0.6096,346.23645938267657,346.23645938267657,1275,True,13,6000,0.0,0.0,3,LEFT,random,1678,1766,1415,1237,3950,2146,0.6479658792650919,0,3048,2,2,346.23645938267657,173.11822969133829,2,2,,,3,LEFT,False,,
6195,dqn,35,,,0.0,0.0,0.3735100000000001,0.015274304896593094,0.14280696213245392,0.1549396514892578,0.129573792219162,0.1566772609949112,1.127694010734558,0.04600229859352112,0.9844201803207397,0.03734863921999931,6196,10000,0.6196,346.3230854010998,346.3230854010998,1300,True,13,6000,0.0,0.0,2,RIGHT,random,1730,1785,1430,1251,3994,2202,0.644609425435765,0,3098,2,2,346.3230854010998,173.1615427005499,2,2,,,2,RIGHT,False,,
6196,dqn,35,,,1.0,1.0,0.373425,0.015274304896593094,0.14280696213245392,0.1549396514892578,0.129573792219162,0.1566772609949112,1.127694010734558,0.04600229859352112,0.9844201803207397,0.03734863921999931,6196,10000,0.6196,346.32191039667896,346.32191039667896,1300,True,13,6000,0.0,0.0,0,NOOP,random,1730,1785,1430,1251,3994,2202,0.644609425435765,1,3098,2,2,346.32191039667896,173.16095519833948,2,2,,,0,NOOP,False,,
6236,dqn,36,1.0,153,0.0,0.0,0.37002499999999994,,,,,,,,,,6236,10000,0.6236,346.3404403330943,346.3404403330943,1310,True,13,6000,0.0,0.0,3,LEFT,random,1750,1789,1431,1266,4014,2222,0.6436818473380372,1,3118,2,2,346.3404403330943,173.17022016654715,2,2,,,3,LEFT,False,,
6401,dqn,37,1.0,153,0.0,0.0,0.356,,,,,,,,,,6402,10000,0.6402,346.40141978139843,346.40141978139843,1351,False,13,6000,0.0,0.0,1,FIRE,greedy,1829,1825,1467,1281,4061,2341,0.6343330209309591,0,3201,2,2,346.40141978139843,173.20070989069922,2,2,,,1,FIRE,False,,
6484,dqn,38,0.0,124,0.0,0.0,0.34894500000000006,,,,,,,,,,6484,10000,0.6484,346.24887378931055,346.24887378931055,1372,True,13,6000,0.0,0.0,0,NOOP,greedy,1856,1860,1478,1290,4096,2388,0.6317088217149908,1,3242,2,2,346.24887378931055,173.12443689465528,2,2,,,0,NOOP,False,,
6595,dqn,38,,,1.0,1.0,0.3395100000000001,0.015453620813786983,0.15110570192337036,0.16051456332206726,0.13933837413787842,0.1819334775209427,1.1471338272094727,0.03318801149725914,0.9944031238555908,0.05174475535750389,6596,10000,0.6596,345.75763998726705,345.75763998726705,1400,True,14,6500,0.0,0.0,2,RIGHT,random,1891,1879,1488,1338,4134,2462,0.6267434808975136,0,3298,2,2,345.75763998726705,172.87881999363353,2,2,,,2,RIGHT,False,,
6596,dqn,38,,,0.0,0.0,0.3394250000000001,0.015453620813786983,0.15110570192337036,0.16051456332206726,0.13933837413787842,0.1819334775209427,1.1471338272094727,0.03318801149725914,0.9944031238555908,0.05174475535750389,6596,10000,0.6596,345.75559375717387,345.75559375717387,1400,True,14,6500,0.0,0.0,1,FIRE,random,1891,1879,1488,1338,4134,2462,0.6267434808975136,1,3298,2,2,345.75559375717387,172.87779687858693,2,2,,,1,FIRE,False,,
6707,dqn,39,1.0,153,0.0,0.0,0.32999,,,,,,,,,,6708,10000,0.6708,345.59331989823255,345.59331989823255,1428,True,14,6500,0.0,0.0,3,LEFT,random,1946,1889,1510,1363,4165,2543,0.6209004174120453,0,3354,2,2,345.59331989823255,172.79665994911628,2,2,,,3,LEFT,False,,
6828,dqn,40,1.0,172,0.0,0.0,0.319705,,,,,,,,,,6828,10000,0.6828,344.9127326855723,344.9127326855723,1458,True,14,6500,0.0,0.0,3,LEFT,greedy,1957,1936,1529,1406,4206,2622,0.6159929701230229,1,3414,2,2,344.9127326855723,172.45636634278614,2,2,,,3,LEFT,False,,
6955,dqn,41,0.0,124,0.0,0.0,0.30891,,,,,,,,,,6956,10000,0.6956,344.77123982161305,344.77123982161305,1490,True,14,6500,0.0,0.0,2,RIGHT,greedy,1983,1955,1546,1472,4255,2701,0.6117021276595744,0,3478,2,2,344.77123982161305,172.38561991080653,2,2,,,2,RIGHT,False,,
6995,dqn,41,,,0.0,0.0,0.30551000000000006,6.521629256894812e-05,0.14099061489105225,0.16083425283432007,0.11797782778739929,0.14977514743804932,0.15829619765281677,0.010066701099276543,0.021141856908798218,0.010308400727808475,6996,10000,0.6996,344.7563609629241,344.7563609629241,1500,True,14,6500,0.0,0.0,2,RIGHT,greedy,1988,1963,1571,1474,4270,2726,0.6103487707261293,0,3498,2,2,344.7563609629241,172.37818048146204,2,2,,,2,RIGHT,False,,
6996,dqn,41,,,1.0,1.0,0.30542500000000006,6.521629256894812e-05,0.14099061489105225,0.16083425283432007,0.11797782778739929,0.14977514743804932,0.15829619765281677,0.010066701099276543,0.021141856908798218,0.010308400727808475,6996,10000,0.6996,344.7552328782616,344.7552328782616,1500,True,14,6500,0.0,0.0,2,RIGHT,random,1988,1963,1571,1474,4270,2726,0.6103487707261293,1,3498,2,2,344.7552328782616,172.3776164391308,2,2,,,2,RIGHT,False,,
7134,dqn,42,1.0,153,0.0,0.0,0.29369500000000004,,,,,,,,,,7134,10000,0.7134,344.77179405631887,344.77179405631887,1534,False,15,7000,0.0,0.0,2,RIGHT,random,1995,1992,1663,1484,4310,2824,0.6041491449397253,1,3567,2,2,344.77179405631887,172.38589702815943,2,2,,,2,RIGHT,False,,
7382,dqn,43,0.0,124,0.0,0.0,0.27261500000000005,,,,,,,,,,7382,10000,0.7382,344.94914775751215,344.94914775751215,1596,False,15,7000,0.0,0.0,0,NOOP,random,2071,2087,1692,1532,4387,2995,0.594283392034679,1,3691,2,2,344.94914775751215,172.47457387875608,2,2,,,0,NOOP,False,,
7395,dqn,43,,,3.0,3.0,0.27151000000000003,0.015206475742161274,0.16530433297157288,0.17758183181285858,0.14140306413173676,0.18413984775543213,1.155890941619873,0.041839003562927246,0.9841269254684448,0.052960362285375595,7396,10000,0.7396,344.8506615741352,344.8506615741352,1600,True,15,7000,0.0,0.0,1,FIRE,greedy,2073,2096,1695,1532,4391,3005,0.5936992969172525,0,3698,2,2,344.8506615741352,172.4253307870676,2,2,,,1,FIRE,False,,
7396,dqn,43,,,0.0,0.0,0.271425,0.015206475742161274,0.16530433297157288,0.17758183181285858,0.14140306413173676,0.18413984775543213,1.155890941619873,0.041839003562927246,0.9841269254684448,0.052960362285375595,7396,10000,0.7396,344.84968556587194,344.84968556587194,1600,True,15,7000,0.0,0.0,1,FIRE,greedy,2073,2096,1695,1532,4391,3005,0.5936992969172525,1,3698,2,2,344.84968556587194,172.42484278293597,2,2,,,1,FIRE,False,,
7541,dqn,44,4.0,293,0.0,0.0,0.2591,,,,,,,,,,7542,10000,0.7542,344.84530163100203,344.84530163100203,1636,False,16,7500,0.0,0.0,0,NOOP,greedy,2133,2132,1714,1563,4440,3102,0.588703261734288,0,3771,2,2,344.84530163100203,172.42265081550102,2,2,,,0,NOOP,False,,
7795,dqn,44,,,1.0,1.0,0.2375100000000001,0.0003786602756008506,0.15783372521400452,0.18867643177509308,0.13042959570884705,0.1532665491104126,0.16512399911880493,0.015327241271734238,0.1350409835577011,0.009204837493598461,7796,10000,0.7796,344.81176583891073,344.81176583891073,1700,True,16,7500,0.0,0.0,2,RIGHT,greedy,2185,2158,1797,1656,4514,3282,0.5790148794253464,0,3898,2,2,344.81176583891073,172.40588291945537,2,2,,,2,RIGHT,False,,
7796,dqn,44,,,3.0,3.0,0.2374250000000001,0.0003786602756008506,0.15783372521400452,0.18867643177509308,0.13042959570884705,0.1532665491104126,0.16512399911880493,0.015327241271734238,0.1350409835577011,0.009204837493598461,7796,10000,0.7796,344.8108233426294,344.8108233426294,1700,True,16,7500,0.0,0.0,0,NOOP,random,2185,2158,1797,1656,4514,3282,0.5790148794253464,1,3898,2,2,344.8108233426294,172.4054116713147,2,2,,,0,NOOP,False,,
7844,dqn,45,3.0,231,0.0,0.0,0.23334500000000002,,,,,,,,,,7844,10000,0.7844,344.706339816916,344.706339816916,1712,True,16,7500,0.0,0.0,2,RIGHT,greedy,2186,2165,1834,1659,4524,3320,0.5767465578786334,1,3922,2,2,344.706339816916,172.353169908458,2,2,,,2,RIGHT,False,,
7883,dqn,46,1.0,171,0.0,0.0,0.23003000000000007,,,,,,,,,,7884,10000,0.7884,344.6873208598237,344.6873208598237,1722,True,16,7500,0.0,0.0,0,NOOP,greedy,2214,2171,1836,1663,4540,3344,0.5758498224251649,0,3942,2,2,344.6873208598237,172.34366042991186,2,2,,,0,NOOP,False,,
8195,dqn,46,,,2.0,2.0,0.20351000000000008,5.9162113757338375e-05,0.17566171288490295,0.19777487218379974,0.1542547643184662,0.16683730483055115,0.17609278857707977,0.00977370422333479,0.01864716410636902,0.013492109254002571,8196,10000,0.8196,345.48571757534705,345.48571757534705,1800,True,17,8000,0.0,0.0,2,RIGHT,greedy,2357,2254,1907,1678,4599,3597,0.5611273792093704,0,4098,2,2,345.48571757534705,172.74285878767353,2,2,,,2,RIGHT,False,,
8196,dqn,46,,,3.0,3.0,0.20342500000000008,5.9162113757338375e-05,0.17566171288490295,0.19777487218379974,0.1542547643184662,0.16683730483055115,0.17609278857707977,0.00977370422333479,0.01864716410636902,0.013492109254002571,8196,10000,0.8196,345.4847913549828,345.4847913549828,1800,True,17,8000,0.0,0.0,2,RIGHT,greedy,2357,2254,1907,1678,4599,3597,0.5611273792093704,1,4098,2,2,345.4847913549828,172.7423956774914,2,2,,,2,RIGHT,False,,
8281,dqn,47,2.0,199,0.0,0.0,0.19620000000000004,,,,,,,,,,8282,10000,0.8282,345.64970918637164,345.64970918637164,1821,False,17,8000,0.0,0.0,1,FIRE,greedy,2359,2324,1916,1683,4613,3669,0.5569910649601546,0,4141,2,2,345.64970918637164,172.82485459318582,2,2,,,1,FIRE,False,,
8452,dqn,48,5.0,304,0.0,0.0,0.18166500000000008,,,,,,,,,,8452,10000,0.8452,345.948150641162,345.948150641162,1864,True,17,8000,0.0,0.0,0,NOOP,greedy,2410,2425,1925,1692,4643,3809,0.5493374349266446,1,4226,2,2,345.948150641162,172.974075320581,2,2,,,0,NOOP,False,,
8595,dqn,48,,,1.0,1.0,0.16951000000000005,5.8213929150952026e-05,0.21126343309879303,0.2357957512140274,0.18329505622386932,0.20641154050827026,0.2206413745880127,0.00905111525207758,0.02820301055908203,0.013222841545939445,8596,10000,0.8596,345.68467158345123,345.68467158345123,1900,True,18,8500,0.0,0.0,0,NOOP,greedy,2423,2440,2031,1702,4673,3923,0.5436249418334109,0,4298,2,2,345.68467158345123,172.84233579172562,2,2,,,0,NOOP,False,,
8596,dqn,48,,,0.0,0.0,0.16942500000000005,5.8213929150952026e-05,0.21126343309879303,0.2357957512140274,0.18329505622386932,0.20641154050827026,0.2206413745880127,0.00905111525207758,0.02820301055908203,0.013222841545939445,8596,10000,0.8596,345.68372210648164,345.68372210648164,1900,True,18,8500,0.0,0.0,0,NOOP,greedy,2423,2440,2031,1702,4673,3923,0.5436249418334109,1,4298,2,2,345.68372210648164,172.84186105324082,2,2,,,0,NOOP,False,,
8677,dqn,49,2.0,198,0.0,0.0,0.16254000000000002,,,,,,,,,,8678,10000,0.8678,345.62662477578147,345.62662477578147,1920,False,18,8500,0.0,0.0,3,LEFT,random,2451,2449,2034,1744,4682,3996,0.539525236229546,0,4339,2,2,345.62662477578147,172.81331238789073,2,2,,,3,LEFT,False,,
8758,dqn,50,1.0,153,0.0,0.0,0.155655,,,,,,,,,,8758,10000,0.8758,345.678086702876,345.678086702876,1940,False,18,8500,0.0,0.0,3,LEFT,greedy,2461,2507,2035,1755,4692,4066,0.5357387531399863,1,4379,2,2,345.678086702876,172.839043351438,2,2,,,3,LEFT,False,,
8925,dqn,51,0.0,124,0.0,0.0,0.14146000000000003,,,,,,,,,,8926,10000,0.8926,345.7221546708399,345.7221546708399,1982,False,18,8500,0.0,0.0,1,FIRE,greedy,2517,2552,2081,1776,4713,4213,0.528008066323101,0,4463,2,2,345.7221546708399,172.86107733541996,2,2,,,1,FIRE,False,,
8995,dqn,51,,,0.0,0.0,0.13551000000000002,6.629782728850842e-05,0.20598837733268738,0.23742084205150604,0.15417388081550598,0.20789198577404022,0.2249397486448288,0.00994253158569336,0.025297150015830994,0.00984177365899086,8996,10000,0.8996,345.84678987306285,345.84678987306285,2000,True,18,8500,0.0,0.0,0,NOOP,greedy,2557,2572,2088,1779,4725,4271,0.5252334370831481,0,4498,2,2,345.84678987306285,172.92339493653142,2,2,,,0,NOOP,False,,
8996,dqn,51,,,1.0,1.0,0.13542500000000002,6.629782728850842e-05,0.20598837733268738,0.23742084205150604,0.15417388081550598,0.20789198577404022,0.2249397486448288,0.00994253158569336,0.025297150015830994,0.00984177365899086,8996,10000,0.8996,345.8453618966899,345.8453618966899,2000,True,18,8500,0.0,0.0,0,NOOP,greedy,2557,2572,2088,1779,4725,4271,0.5252334370831481,1,4498,2,2,345.8453618966899,172.92268094834495,2,2,,,0,NOOP,False,,
9064,dqn,52,1.0,153,0.0,0.0,0.129645,,,,,,,,,,9064,10000,0.9064,345.76562291866,345.76562291866,2017,True,19,9000,0.0,0.0,0,NOOP,greedy,2594,2588,2094,1788,4739,4325,0.5228375992939099,1,4532,2,2,345.76562291866,172.88281145933,2,2,,,0,NOOP,False,,
9395,dqn,52,,,2.0,2.0,0.10150999999999999,5.8614183217287064e-05,0.2084406614303589,0.26685523986816406,0.1658915877342224,0.21126766502857208,0.2619406282901764,0.009072575718164444,0.02374744415283203,0.002855482045561075,9396,10000,0.9396,345.7387176849458,345.7387176849458,2100,True,19,9000,0.0,0.0,1,FIRE,greedy,2690,2662,2224,1820,4774,4622,0.5080885483184334,0,4698,2,2,345.7387176849458,172.8693588424729,2,2,,,1,FIRE,False,,
9396,dqn,52,,,2.0,2.0,0.10142499999999999,5.8614183217287064e-05,0.2084406614303589,0.26685523986816406,0.1658915877342224,0.21126766502857208,0.2619406282901764,0.009072575718164444,0.02374744415283203,0.002855482045561075,9396,10000,0.9396,345.73789330841066,345.73789330841066,2100,True,19,9000,0.0,0.0,1,FIRE,greedy,2690,2662,2224,1820,4774,4622,0.5080885483184334,1,4698,2,2,345.73789330841066,172.86894665420533,2,2,,,1,FIRE,False,,
9461,dqn,53,3.0,268,0.0,0.0,0.0959000000000001,,,,,,,,,,9462,10000,0.9462,345.846002976456,345.846002976456,2116,False,19,9000,0.0,0.0,3,LEFT,greedy,2715,2675,2225,1847,4784,4678,0.5056013527795392,0,4731,2,2,345.846002976456,172.923001488228,2,2,,,3,LEFT,False,,
9504,dqn,54,2.0,220,0.0,0.0,0.09224500000000002,,,,,,,,,,9504,10000,0.9504,345.7422685448338,345.7422685448338,2127,True,20,9500,0.0,0.0,3,LEFT,greedy,2715,2678,2229,1882,4791,4713,0.5041035353535354,1,4752,2,2,345.7422685448338,172.8711342724169,2,2,,,3,LEFT,False,,
9748,dqn,55,0.0,122,0.0,0.0,0.07150500000000004,,,,,,,,,,9748,10000,0.9748,346.1547937330684,346.1547937330684,2188,True,20,9500,0.0,0.0,2,RIGHT,greedy,2748,2786,2270,1944,4811,4937,0.49353713582273284,1,4874,2,2,346.1547937330684,173.0773968665342,2,2,,,2,RIGHT,False,,
9763,dqn,56,1.0,151,0.0,0.0,0.07023000000000013,,,,,,,,,,9764,10000,0.9764,346.1153488259048,346.1153488259048,2192,True,20,9500,0.0,0.0,3,LEFT,greedy,2751,2788,2271,1954,4812,4952,0.4928308070462925,0,4882,2,2,346.1153488259048,173.0576744129524,2,2,,,3,LEFT,False,,
9795,dqn,56,,,0.0,0.0,0.06750999999999996,0.00018488129717297852,0.2210961878299713,0.3288600444793701,0.15936024487018585,0.22366014122962952,0.28744494915008545,0.013579418882727623,0.07471749186515808,0.008802720345556736,9796,10000,0.9796,346.1120815775676,346.1120815775676,2200,True,20,9500,0.0,0.0,0,NOOP,greedy,2764,2790,2271,1971,4813,4983,0.49132298897509186,0,4898,2,2,346.1120815775676,173.0560407887838,2,2,,,0,NOOP,False,,
9796,dqn,56,,,0.0,0.0,0.06742499999999996,0.00018488129717297852,0.2210961878299713,0.3288600444793701,0.15936024487018585,0.22366014122962952,0.28744494915008545,0.013579418882727623,0.07471749186515808,0.008802720345556736,9796,10000,0.9796,346.1113417367007,346.1113417367007,2200,True,20,9500,0.0,0.0,3,LEFT,greedy,2764,2790,2271,1971,4813,4983,0.49132298897509186,1,4898,2,2,346.1113417367007,173.05567086835035,2,2,,,3,LEFT,False,,
9996,dqn,57,0.0,124,0.0,0.0,0.05042499999999994,,,,,,,,,,9996,10000,0.9996,346.4001552499641,346.4001552499641,2250,True,20,9500,0.0,0.0,1,FIRE,greedy,2855,2859,2300,1982,4823,5173,0.48249299719887956,1,4998,2,2,346.4001552499641,173.20007762498204,2,2,,,1,FIRE,False,,
10013,dqn,58,0.0,125,0.0,0.0,0.05,,,,,,,,,,10000,10000,1.0,346.35239856856936,346.35239856856936,2254,False,21,10000,0.0,0.0,0,NOOP,greedy,2860,2869,2303,1982,4823,5191,0.481625723986419,0,5007,2,2,346.35239856856936,173.17619928428468,2,2,,,0,NOOP,False,,
10195,dqn,58,,,0.0,0.0,0.05,0.001842678408138454,0.28542983531951904,0.6003957986831665,0.20985227823257446,0.2603161931037903,0.548247218132019,0.03774937242269516,0.2860402762889862,0.10277263075113297,10000,10000,1.0,346.2648081318314,346.2648081318314,2300,True,21,10000,0.0,0.0,2,RIGHT,random,2924,2890,2328,2054,4833,5363,0.474009415457042,0,5098,2,2,346.2648081318314,173.1324040659157,2,2,,,2,RIGHT,False,,
10196,dqn,58,,,1.0,1.0,0.05,0.001842678408138454,0.28542983531951904,0.6003957986831665,0.20985227823257446,0.2603161931037903,0.548247218132019,0.03774937242269516,0.2860402762889862,0.10277263075113297,10000,10000,1.0,346.2640449464639,346.2640449464639,2300,True,21,10000,0.0,0.0,3,LEFT,greedy,2924,2890,2328,2054,4833,5363,0.474009415457042,1,5098,2,2,346.2640449464639,173.13202247323196,2,2,,,3,LEFT,False,,
10263,dqn,59,0.0,125,0.0,0.0,0.05,,,,,,,,,,10000,10000,1.0,346.2063354694973,346.2063354694973,2317,True,21,10000,0.0,0.0,0,NOOP,random,2925,2895,2386,2058,4835,5429,0.4710639127045986,0,5132,2,2,346.2063354694973,173.10316773474864,2,2,,,0,NOOP,False,,
10434,dqn,60,2.0,219,0.0,0.0,0.05,,,,,,,,,,10000,10000,1.0,346.3368595326686,346.3368595326686,2359,False,21,10000,0.0,0.0,3,LEFT,greedy,2993,2908,2397,2136,4845,5589,0.4643473260494537,1,5217,2,2,346.3368595326686,173.1684297663343,2,2,,,3,LEFT,False,,
10571,dqn,61,1.0,154,0.0,0.0,0.05,,,,,,,,,,10000,10000,1.0,346.13374467824866,346.13374467824866,2394,True,22,10500,0.0,0.0,3,LEFT,greedy,3010,2921,2476,2165,4853,5719,0.45904275444570564,0,5286,2,2,346.13374467824866,173.06687233912433,2,2,,,3,LEFT,False,,
10595,dqn,61,,,0.0,0.0,0.05,0.0001582898257765919,0.2599470913410187,0.44919559359550476,0.18316641449928284,0.2729414701461792,0.473435640335083,0.016020476818084717,0.02904447913169861,0.032684970647096634,10000,10000,1.0,346.0846190546482,346.0846190546482,2400,True,22,10500,0.0,0.0,2,RIGHT,greedy,3015,2925,2484,2172,4854,5742,0.4580973952434881,0,5298,2,2,346.0846190546482,173.0423095273241,2,2,,,2,RIGHT,False,,
10596,dqn,61,,,0.0,0.0,0.05,0.0001582898257765919,0.2599470913410187,0.44919559359550476,0.18316641449928284,0.2729414701461792,0.473435640335083,0.016020476818084717,0.02904447913169861,0.032684970647096634,10000,10000,1.0,346.08393518033387,346.08393518033387,2400,True,22,10500,0.0,0.0,2,RIGHT,greedy,3015,2925,2484,2172,4854,5742,0.4580973952434881,1,5298,2,2,346.08393518033387,173.04196759016693,2,2,,,2,RIGHT,False,,
10774,dqn,62,1.0,170,0.0,0.0,0.05,,,,,,,,,,10000,10000,1.0,345.9846747605214,345.9846747605214,2444,False,22,10500,0.0,0.0,1,FIRE,greedy,3045,2962,2540,2227,4864,5910,0.45145721180620013,1,5387,2,2,345.9846747605214,172.9923373802607,2,2,,,1,FIRE,False,,
10877,dqn,63,1.0,153,0.0,0.0,0.05,,,,,,,,,,10000,10000,1.0,345.5389926586637,345.5389926586637,2470,False,22,10500,0.0,0.0,3,LEFT,greedy,3049,3049,2549,2231,4870,6008,0.4476925905497334,0,5439,2,2,345.5389926586637,172.76949632933184,2,2,,,3,LEFT,False,,
10995,dqn,63,,,1.0,1.0,0.05,4.350509698269889e-05,0.274641752243042,0.3501974940299988,0.23759090900421143,0.2745620310306549,0.35391923785209656,0.006942758336663246,0.026547729969024658,0.003950715530663729,10000,10000,1.0,345.5056770155895,345.5056770155895,2500,True,22,10500,0.0,0.0,1,FIRE,greedy,3101,3064,2583,2248,4873,6123,0.44316114950891233,0,5498,2,2,345.5056770155895,172.75283850779476,2,2,,,1,FIRE,False,,
10996,dqn,63,,,1.0,1.0,0.05,4.350509698269889e-05,0.274641752243042,0.3501974940299988,0.23759090900421143,0.2745620310306549,0.35391923785209656,0.006942758336663246,0.026547729969024658,0.003950715530663729,10000,10000,1.0,345.504990908405,345.504990908405,2500,True,22,10500,0.0,0.0,1,FIRE,greedy,3101,3064,2583,2248,4873,6123,0.44316114950891233,1,5498,2,2,345.504990908405,172.7524954542025,2,2,,,1,FIRE,False,,
11268,dqn,64,3.0,247,0.0,0.0,0.05,,,,,,,,,,10000,10000,1.0,345.6094041088016,345.6094041088016,2568,True,23,11000,0.0,0.0,2,RIGHT,greedy,3116,3166,2685,2301,4888,6380,0.4337948171813987,1,5634,2,2,345.6094041088016,172.8047020544008,2,2,,,2,RIGHT,False,,
11395,dqn,64,,,4.0,4.0,0.05,0.001365241943858564,0.312333881855011,1.3062045574188232,0.19454121589660645,0.3160303831100464,1.466996192932129,0.025550484657287598,0.20856887102127075,0.05130975693464279,10000,10000,1.0,345.5533555310542,345.5533555310542,2600,True,23,11000,0.0,0.0,0,NOOP,greedy,3150,3180,2692,2374,4896,6500,0.42962442962442965,0,5698,2,2,345.5533555310542,172.7766777655271,2,2,,,0,NOOP,False,,
11396,dqn,64,,,0.0,0.0,0.05,0.001365241943858564,0.312333881855011,1.3062045574188232,0.19454121589660645,0.3160303831100464,1.466996192932129,0.025550484657287598,0.20856887102127075,0.05130975693464279,10000,10000,1.0,345.5521275159381,345.5521275159381,2600,True,23,11000,0.0,0.0,0,NOOP,greedy,3150,3180,2692,2374,4896,6500,0.42962442962442965,1,5698,2,2,345.5521275159381,172.77606375796904,2,2,,,0,NOOP,False,,
11471,dqn,65,4.0,297,0.0,0.0,0.05,,,,,,,,,,10000,10000,1.0,345.4259120459532,345.4259120459532,2619,True,23,11000,0.0,0.0,1,FIRE,greedy,3167,3231,2700,2374,4900,6572,0.4271269177126918,0,5736,2,2,345.4259120459532,172.7129560229766,2,2,,,1,FIRE,False,,
11516,dqn,66,0.0,124,0.0,0.0,0.05,,,,,,,,,,10000,10000,1.0,345.2736999996258,345.2736999996258,2630,True,24,11500,0.0,0.0,1,FIRE,greedy,3181,3261,2700,2374,4900,6616,0.4254949635290031,1,5758,2,2,345.2736999996258,172.6368499998129,2,2,,,1,FIRE,False,,
11762,dqn,67,0.0,123,0.0,0.0,0.05,,,,,,,,,,10000,10000,1.0,345.0274676269532,345.0274676269532,2691,False,24,11500,0.0,0.0,1,FIRE,greedy,3234,3361,2776,2391,4912,6850,0.41761605169188915,1,5881,2,2,345.0274676269532,172.5137338134766,2,2,,,1,FIRE,False,,
11795,dqn,67,,,1.0,1.0,0.05,0.002011813223361969,0.3108465373516083,1.4692409038543701,0.21602080762386322,0.31160008907318115,1.5727648735046387,0.031767938286066055,0.24661900103092194,0.04584628716111183,10000,10000,1.0,344.92479985899985,344.92479985899985,2700,True,24,11500,0.0,0.0,2,RIGHT,greedy,3245,3368,2792,2391,4912,6884,0.4164123431671753,0,5898,2,2,344.92479985899985,172.46239992949992,2,2,,,2,RIGHT,False,,
11796,dqn,67,,,0.0,0.0,0.05,0.002011813223361969,0.3108465373516083,1.4692409038543701,0.21602080762386322,0.31160008907318115,1.5727648735046387,0.031767938286066055,0.24661900103092194,0.04584628716111183,10000,10000,1.0,344.9241856284491,344.9241856284491,2700,True,24,11500,0.0,0.0,2,RIGHT,greedy,3245,3368,2792,2391,4912,6884,0.4164123431671753,1,5898,2,2,344.9241856284491,172.46209281422455,2,2,,,2,RIGHT,False,,
11869,dqn,68,2.0,199,0.0,0.0,0.05,,,,,,,,,,10000,10000,1.0,344.8572461541844,344.8572461541844,2718,False,24,11500,0.0,0.0,2,RIGHT,greedy,3250,3373,2853,2394,4915,6955,0.4140690817186184,0,5935,2,2,344.8572461541844,172.4286230770922,2,2,,,2,RIGHT,False,,
12160,dqn,69,2.0,199,0.0,0.0,0.05,,,,,,,,,,10000,10000,1.0,344.68216462197034,344.68216462197034,2791,True,25,12000,0.0,0.0,2,RIGHT,random,3277,3467,2920,2496,4929,7231,0.4053453947368421,1,6080,2,2,344.68216462197034,172.34108231098517,2,2,,,2,RIGHT,False,,
12173,dqn,70,1.0,152,0.0,0.0,0.05,,,,,,,,,,10000,10000,1.0,344.58753856663594,344.58753856663594,2794,False,25,12000,0.0,0.0,1,FIRE,greedy,3279,3476,2920,2499,4929,7245,0.4048792508624938,0,6087,2,2,344.58753856663594,172.29376928331797,2,2,,,1,FIRE,False,,
12195,dqn,70,,,0.0,0.0,0.05,0.001204520696774125,0.33602872490882874,1.4639065265655518,0.2424892783164978,0.319038987159729,1.5399655103683472,0.03142040595412254,0.23047685623168945,0.07060293853282928,10000,10000,1.0,344.4923586482648,344.4923586482648,2800,True,25,12000,0.0,0.0,1,FIRE,greedy,3279,3493,2920,2504,4932,7264,0.4043948835683831,0,6098,2,2,344.4923586482648,172.2461793241324,2,2,,,1,FIRE,False,,
12196,dqn,70,,,0.0,0.0,0.05,0.001204520696774125,0.33602872490882874,1.4639065265655518,0.2424892783164978,0.319038987159729,1.5399655103683472,0.03142040595412254,0.23047685623168945,0.07060293853282928,10000,10000,1.0,344.49169404687984,344.49169404687984,2800,True,25,12000,0.0,0.0,1,FIRE,greedy,3279,3493,2920,2504,4932,7264,0.4043948835683831,1,6098,2,2,344.49169404687984,172.24584702343992,2,2,,,1,FIRE,False,,
12408,dqn,71,0.0,124,0.0,0.0,0.05,,,,,,,,,,10000,10000,1.0,344.35275087220657,344.35275087220657,2853,True,25,12000,0.0,0.0,2,RIGHT,greedy,3330,3557,3012,2509,4942,7466,0.39829142488716957,1,6204,2,2,344.35275087220657,172.17637543610329,2,2,,,2,RIGHT,False,,
12419,dqn,72,0.0,123,0.0,0.0,0.05,,,,,,,,,,10000,10000,1.0,344.2690823121912,344.2690823121912,2856,True,25,12000,0.0,0.0,2,RIGHT,greedy,3330,3559,3022,2509,4942,7478,0.39790660225442837,0,6210,2,2,344.2690823121912,172.1345411560956,2,2,,,2,RIGHT,False,,
12595,dqn,72,,,0.0,0.0,0.05,0.0018062745220959187,0.3156450092792511,1.6137698888778687,0.18059614300727844,0.32018405199050903,1.5404399633407593,0.03483201563358307,0.21534192562103271,0.04965922236442566,10000,10000,1.0,344.29896188455723,344.29896188455723,2900,True,26,12500,0.0,0.0,3,LEFT,greedy,3381,3621,3068,2526,4955,7641,0.3933788504287075,0,6298,2,2,344.29896188455723,172.14948094227861,2,2,,,3,LEFT,False,,
12596,dqn,72,,,0.0,0.0,0.05,0.0018062745220959187,0.3156450092792511,1.6137698888778687,0.18059614300727844,0.32018405199050903,1.5404399633407593,0.03483201563358307,0.21534192562103271,0.04965922236442566,10000,10000,1.0,344.2983539305827,344.2983539305827,2900,True,26,12500,0.0,0.0,2,RIGHT,greedy,3381,3621,3068,2526,4955,7641,0.3933788504287075,1,6298,2,2,344.2983539305827,172.14917696529136,2,2,,,2,RIGHT,False,,
12656,dqn,73,0.0,124,0.0,0.0,0.05,,,,,,,,,,10000,10000,1.0,344.2667195315589,344.2667195315589,2915,True,26,12500,0.0,0.0,2,RIGHT,greedy,3385,3639,3104,2528,4959,7697,0.3918299620733249,1,6328,2,2,344.2667195315589,172.13335976577946,2,2,,,2,RIGHT,False,,
12667,dqn,74,0.0,124,0.0,0.0,0.05,,,,,,,,,,10000,10000,1.0,344.18576387025627,344.18576387025627,2918,True,26,12500,0.0,0.0,1,FIRE,greedy,3387,3645,3108,2528,4960,7708,0.3915377328702242,0,6334,2,2,344.18576387025627,172.09288193512813,2,2,,,1,FIRE,False,,
12968,dqn,75,1.0,156,0.0,0.0,0.05,,,,,,,,,,10000,10000,1.0,344.5421730094137,344.5421730094137,2993,True,26,12500,0.0,0.0,1,FIRE,greedy,3447,3737,3203,2581,4978,7990,0.3838679827267119,1,6484,2,2,344.5421730094137,172.27108650470686,2,2,,,1,FIRE,False,,
12995,dqn,75,,,1.0,1.0,0.05,0.01224865298718214,0.37716907262802124,1.4538979530334473,0.20638354122638702,0.3312995433807373,1.2970480918884277,0.061719752848148346,0.6842584609985352,0.35059672594070435,10000,10000,1.0,344.5850544092569,344.5850544092569,3000,True,26,12500,0.0,0.0,1,FIRE,greedy,3450,3757,3206,2583,4978,8018,0.3830409356725146,0,6498,2,2,344.5850544092569,172.29252720462844,2,2,,,1,FIRE,False,,
12996,dqn,75,,,0.0,0.0,0.05,0.01224865298718214,0.37716907262802124,1.4538979530334473,0.20638354122638702,0.3312995433807373,1.2970480918884277,0.061719752848148346,0.6842584609985352,0.35059672594070435,10000,10000,1.0,344.5845135253161,344.5845135253161,3000,True,26,12500,0.0,0.0,1,FIRE,greedy,3450,3757,3206,2583,4978,8018,0.3830409356725146,1,6498,2,2,344.5845135253161,172.29225676265804,2,2,,,1,FIRE,False,,
13011,dqn,76,1.0,172,0.0,0.0,0.05,,,,,,,,,,10000,10000,1.0,344.55221689866687,344.55221689866687,3004,True,27,13000,0.0,0.0,1,FIRE,greedy,3450,3773,3206,2583,4978,8034,0.38256993544420537,0,6506,2,2,344.55221689866687,172.27610844933344,2,2,,,1,FIRE,False,,
13216,dqn,77,0.0,124,0.0,0.0,0.05,,,,,,,,,,10000,10000,1.0,344.7806239877829,344.7806239877829,3055,True,27,13000,0.0,0.0,0,NOOP,greedy,3578,3813,3236,2589,4987,8229,0.3773456416464891,1,6608,2,2,344.7806239877829,172.39031199389146,2,2,,,0,NOOP,False,,
13261,dqn,78,0.0,125,0.0,0.0,0.05,,,,,,,,,,10000,10000,1.0,344.7719947961315,344.7719947961315,3066,False,27,13000,0.0,0.0,1,FIRE,greedy,3600,3835,3236,2591,4990,8272,0.3762630070879204,0,6631,2,2,344.7719947961315,172.38599739806574,2,2,,,1,FIRE,False,,
13395,dqn,78,,,0.0,0.0,0.05,0.0017341008642688394,0.25600364804267883,0.40203431248664856,0.17930501699447632,0.24504807591438293,0.3475175201892853,0.025550462305545807,0.23954492807388306,0.04252968728542328,10000,10000,1.0,344.23514420106955,344.23514420106955,3100,True,27,13000,0.0,0.0,0,NOOP,greedy,3627,3862,3309,2598,5001,8395,0.37332039414750673,0,6698,2,2,344.23514420106955,172.11757210053477,2,2,,,0,NOOP,False,,
13396,dqn,78,,,1.0,1.0,0.05,0.0017341008642688394,0.25600364804267883,0.40203431248664856,0.17930501699447632,0.24504807591438293,0.3475175201892853,0.025550462305545807,0.23954492807388306,0.04252968728542328,10000,10000,1.0,344.23410748117044,344.23410748117044,3100,True,27,13000,0.0,0.0,2,RIGHT,greedy,3627,3862,3309,2598,5001,8395,0.37332039414750673,1,6698,2,2,344.23410748117044,172.11705374058522,2,2,,,2,RIGHT,False,,
13511,dqn,79,0.0,125,0.0,0.0,0.05,,,,,,,,,,10000,10000,1.0,344.3287634526788,344.3287634526788,3129,True,28,13500,0.0,0.0,1,FIRE,greedy,3698,3906,3310,2598,5004,8508,0.3703374777975133,0,6756,2,2,344.3287634526788,172.1643817263394,2,2,,,1,FIRE,False,,
13522,dqn,80,1.0,153,0.0,0.0,0.05,,,,,,,,,,10000,10000,1.0,344.31242672302596,344.31242672302596,3131,False,28,13500,0.0,0.0,2,RIGHT,greedy,3700,3913,3311,2598,5005,8517,0.37013755361632894,1,6761,2,2,344.31242672302596,172.15621336151298,2,2,,,2,RIGHT,False,,
13759,dqn,81,0.0,124,0.0,0.0,0.05,,,,,,,,,,10000,10000,1.0,344.50091207862414,344.50091207862414,3191,True,28,13500,0.0,0.0,3,LEFT,greedy,3778,3954,3371,2657,5017,8743,0.3646075581395349,0,6880,2,2,344.50091207862414,172.25045603931207,2,2,,,3,LEFT,False,,
13770,dqn,82,0.0,124,0.0,0.0,0.05,,,,,,,,,,10000,10000,1.0,344.46964331873596,344.46964331873596,3193,False,28,13500,0.0,0.0,3,LEFT,greedy,3779,3956,3371,2664,5019,8751,0.3644880174291939,1,6885,2,2,344.46964331873596,172.23482165936798,2,2,,,3,LEFT,False,,
13795,dqn,82,,,0.0,0.0,0.05,0.0032155944500118494,0.29396647214889526,1.2235491275787354,0.18462017178535461,0.3400724232196808,1.344634771347046,0.045966219156980515,0.3807166814804077,0.2639782130718231,10000,10000,1.0,344.42572061761496,344.42572061761496,3200,True,28,13500,0.0,0.0,2,RIGHT,greedy,3780,3959,3382,2675,5019,8777,0.36380110176862857,0,6898,2,2,344.42572061761496,172.21286030880748,2,2,,,2,RIGHT,False,,
13796,dqn,82,,,0.0,0.0,0.05,0.0032155944500118494,0.29396647214889526,1.2235491275787354,0.18462017178535461,0.3400724232196808,1.344634771347046,0.045966219156980515,0.3807166814804077,0.2639782130718231,10000,10000,1.0,344.42515997635036,344.42515997635036,3200,True,28,13500,0.0,0.0,3,LEFT,greedy,3780,3959,3382,2675,5019,8777,0.36380110176862857,1,6898,2,2,344.42515997635036,172.21257998817518,2,2,,,3,LEFT,False,,
14195,dqn,83,2.0,218,0.0,0.0,0.05,0.0017896967474371195,0.3198985457420349,0.43819206953048706,0.24761435389518738,0.272228866815567,0.33022817969322205,0.04913846030831337,0.15835022926330566,0.495767742395401,10000,10000,1.0,344.4773001773076,344.4773001773076,3300,True,29,14000,0.0,0.0,1,FIRE,greedy,3888,4068,3537,2703,5030,9166,0.3543251620174697,0,7098,2,2,344.4773001773076,172.2386500886538,2,2,,,1,FIRE,False,,
14196,dqn,83,,,3.0,3.0,0.05,0.0017896967474371195,0.3198985457420349,0.43819206953048706,0.24761435389518738,0.272228866815567,0.33022817969322205,0.04913846030831337,0.15835022926330566,0.495767742395401,10000,10000,1.0,344.47679194982493,344.47679194982493,3300,True,29,14000,0.0,0.0,1,FIRE,greedy,3888,4068,3537,2703,5030,9166,0.3543251620174697,1,7098,2,2,344.47679194982493,172.23839597491246,2,2,,,1,FIRE,False,,
14268,dqn,84,3.0,249,0.0,0.0,0.05,,,,,,,,,,10000,10000,1.0,344.4275163137777,344.4275163137777,3318,True,29,14000,0.0,0.0,1,FIRE,greedy,3888,4135,3541,2704,5030,9238,0.3525371460611158,1,7134,2,2,344.4275163137777,172.21375815688884,2,2,,,1,FIRE,False,,
14595,dqn,84,,,4.0,4.0,0.05,0.0049691591411828995,0.4241706430912018,1.9092202186584473,0.21014976501464844,0.3968641459941864,1.812717080116272,0.04858000949025154,0.4017292857170105,0.2757057249546051,10000,10000,1.0,343.97855685407706,343.97855685407706,3400,True,30,14500,0.0,0.0,2,RIGHT,greedy,3967,4258,3614,2757,5047,9549,0.34577966566182516,0,7298,2,2,343.97855685407706,171.98927842703853,2,2,,,2,RIGHT,False,,
14596,dqn,84,,,2.0,2.0,0.05,0.0049691591411828995,0.4241706430912018,1.9092202186584473,0.21014976501464844,0.3968641459941864,1.812717080116272,0.04858000949025154,0.4017292857170105,0.2757057249546051,10000,10000,1.0,343.9780372343599,343.9780372343599,3400,True,30,14500,0.0,0.0,2,RIGHT,greedy,3967,4258,3614,2757,5047,9549,0.34577966566182516,1,7298,2,2,343.9780372343599,171.98901861717994,2,2,,,2,RIGHT,False,,
14666,dqn,85,2.0,199,0.0,0.0,0.05,,,,,,,,,,10000,10000,1.0,343.82887582900526,343.82887582900526,3417,False,30,14500,0.0,0.0,1,FIRE,greedy,3968,4279,3661,2758,5053,9613,0.34453838810855036,1,7333,2,2,343.82887582900526,171.91443791450263,2,2,,,1,FIRE,False,,
14827,dqn,86,5.0,316,0.0,0.0,0.05,,,,,,,,,,10000,10000,1.0,343.69472726489,343.69472726489,3458,True,30,14500,0.0,0.0,1,FIRE,greedy,4014,4323,3705,2786,5062,9766,0.3413811707580254,0,7414,2,2,343.69472726489,171.847363632445,2,2,,,1,FIRE,False,,
14995,dqn,86,,,1.0,1.0,0.05,0.000667458341922611,0.2876562476158142,0.396978497505188,0.20603884756565094,0.2965793311595917,0.4554959237575531,0.019552819430828094,0.16931405663490295,0.021131468936800957,10000,10000,1.0,343.6438464546177,343.6438464546177,3500,True,30,14500,0.0,0.0,0,NOOP,greedy,4088,4344,3726,2838,5069,9927,0.3380234729261136,0,7498,2,2,343.6438464546177,171.82192322730884,2,2,,,0,NOOP,False,,
14996,dqn,86,,,2.0,2.0,0.05,0.000667458341922611,0.2876562476158142,0.396978497505188,0.20603884756565094,0.2965793311595917,0.4554959237575531,0.019552819430828094,0.16931405663490295,0.021131468936800957,10000,10000,1.0,343.64337947646413,343.64337947646413,3500,True,30,14500,0.0,0.0,1,FIRE,greedy,4088,4344,3726,2838,5069,9927,0.3380234729261136,1,7498,2,2,343.64337947646413,171.82168973823207,2,2,,,1,FIRE,False,,
15064,dqn,87,2.0,199,0.0,0.0,0.05,,,,,,,,,,10000,10000,1.0,343.51070370135074,343.51070370135074,3517,True,31,15000,0.0,0.0,1,FIRE,greedy,4107,4387,3731,2839,5073,9991,0.33676314391927775,1,7532,2,2,343.51070370135074,171.75535185067537,2,2,,,1,FIRE,False,,
15131,dqn,88,1.0,152,0.0,0.0,0.05,,,,,,,,,,10000,10000,1.0,343.5280285402495,343.5280285402495,3534,True,31,15000,0.0,0.0,2,RIGHT,greedy,4113,4425,3753,2841,5075,10057,0.3353819719799101,0,7566,2,2,343.5280285402495,171.76401427012476,2,2,,,2,RIGHT,False,,
15310,dqn,89,0.0,123,0.0,0.0,0.05,,,,,,,,,,10000,10000,1.0,343.3983401796282,343.3983401796282,3578,False,31,15000,0.0,0.0,2,RIGHT,greedy,4157,4475,3785,2893,5082,10228,0.331939908556499,1,7655,2,2,343.3983401796282,171.6991700898141,2,2,,,2,RIGHT,False,,
15395,dqn,89,,,1.0,1.0,0.05,0.0005004573031328619,0.30320197343826294,0.5231314301490784,0.21895450353622437,0.29695361852645874,0.42877528071403503,0.02046230062842369,0.10531419515609741,0.04162709414958954,10000,10000,1.0,343.2702742313792,343.2702742313792,3600,True,31,15000,0.0,0.0,1,FIRE,greedy,4159,4499,3819,2919,5088,10308,0.3304754481683554,0,7698,2,2,343.2702742313792,171.6351371156896,2,2,,,1,FIRE,False,,
15396,dqn,89,,,0.0,0.0,0.05,0.0005004573031328619,0.30320197343826294,0.5231314301490784,0.21895450353622437,0.29695361852645874,0.42877528071403503,0.02046230062842369,0.10531419515609741,0.04162709414958954,10000,10000,1.0,343.269130026426,343.269130026426,3600,True,31,15000,0.0,0.0,2,RIGHT,greedy,4159,4499,3819,2919,5088,10308,0.3304754481683554,1,7698,2,2,343.269130026426,171.634565013213,2,2,,,2,RIGHT,False,,
15558,dqn,90,0.0,124,0.0,0.0,0.05,,,,,,,,,,10000,10000,1.0,343.1406517847836,343.1406517847836,3640,False,32,15500,0.0,0.0,1,FIRE,greedy,4184,4571,3866,2937,5095,10463,0.32748425247461116,1,7779,2,2,343.1406517847836,171.5703258923918,2,2,,,1,FIRE,False,,
15583,dqn,91,3.0,226,0.0,0.0,0.05,,,,,,,,,,10000,10000,1.0,343.0406409216763,343.0406409216763,3647,True,32,15500,0.0,0.0,1,FIRE,greedy,4185,4591,3871,2937,5096,10488,0.32700205338809035,0,7792,2,2,343.0406409216763,171.52032046083815,2,2,,,1,FIRE,False,,
15795,dqn,91,,,2.0,2.0,0.05,0.0005690305260941386,0.3132018446922302,0.5408859848976135,0.2248872071504593,0.3067815899848938,0.45181187987327576,0.021312493830919266,0.11815381050109863,0.14596372842788696,10000,10000,1.0,343.0372764560494,343.0372764560494,3700,True,32,15500,0.0,0.0,1,FIRE,greedy,4214,4661,3946,2975,5109,10687,0.3234363129906305,0,7898,2,2,343.0372764560494,171.5186382280247,2,2,,,1,FIRE,False,,
15796,dqn,91,,,0.0,0.0,0.05,0.0005690305260941386,0.3132018446922302,0.5408859848976135,0.2248872071504593,0.3067815899848938,0.45181187987327576,0.021312493830919266,0.11815381050109863,0.14596372842788696,10000,10000,1.0,343.03680712902917,343.03680712902917,3700,True,32,15500,0.0,0.0,0,NOOP,greedy,4214,4661,3946,2975,5109,10687,0.3234363129906305,1,7898,2,2,343.03680712902917,171.51840356451459,2,2,,,0,NOOP,False,,
15894,dqn,92,1.0,168,0.0,0.0,0.05,,,,,,,,,,10000,10000,1.0,342.9597670431465,342.9597670431465,3724,False,32,15500,0.0,0.0,1,FIRE,greedy,4240,4687,3985,2982,5113,10781,0.3216937209009689,1,7947,2,2,342.9597670431465,171.47988352157324,2,2,,,1,FIRE,False,,
16077,dqn,93,3.0,247,0.0,0.0,0.05,,,,,,,,,,10000,10000,1.0,342.82448835721186,342.82448835721186,3770,False,33,16000,0.0,0.0,1,FIRE,greedy,4272,4744,4068,2994,5121,10957,0.31850976489613136,0,8039,2,2,342.82448835721186,171.41224417860593,2,2,,,1,FIRE,False,,
16195,dqn,93,,,0.0,0.0,0.05,0.002656129654496908,0.34606871008872986,1.185926914215088,0.2224409282207489,0.3628019094467163,1.4521653652191162,0.03393450751900673,0.2755444645881653,0.15325236320495605,10000,10000,1.0,342.66799007871754,342.66799007871754,3800,True,33,16000,0.0,0.0,0,NOOP,random,4294,4803,4099,3000,5127,11069,0.31655964435663125,0,8098,2,2,342.66799007871754,171.33399503935877,2,2,,,0,NOOP,False,,
16196,dqn,93,,,1.0,1.0,0.05,0.002656129654496908,0.34606871008872986,1.185926914215088,0.2224409282207489,0.3628019094467163,1.4521653652191162,0.03393450751900673,0.2755444645881653,0.15325236320495605,10000,10000,1.0,342.6675231777772,342.6675231777772,3800,True,33,16000,0.0,0.0,2,RIGHT,greedy,4294,4803,4099,3000,5127,11069,0.31655964435663125,1,8098,2,2,342.6675231777772,171.3337615888886,2,2,,,2,RIGHT,False,,
16290,dqn,94,2.0,198,0.0,0.0,0.05,,,,,,,,,,10000,10000,1.0,342.4090257424193,342.4090257424193,3823,False,33,16000,0.0,0.0,1,FIRE,greedy,4337,4821,4122,3010,5132,11158,0.3150399017802333,1,8145,2,2,342.4090257424193,171.20451287120966,2,2,,,1,FIRE,False,,
16417,dqn,95,1.0,170,0.0,0.0,0.05,,,,,,,,,,10000,10000,1.0,342.12746296869483,342.12746296869483,3855,False,33,16000,0.0,0.0,0,NOOP,greedy,4392,4855,4152,3019,5140,11278,0.3130710196126203,0,8209,2,2,342.12746296869483,171.06373148434741,2,2,,,0,NOOP,False,,
16595,dqn,95,,,1.0,1.0,0.05,0.001799286575987935,0.4276795983314514,1.8738762140274048,0.23575803637504578,0.4368981719017029,1.9485830068588257,0.034708477556705475,0.20906341075897217,0.06031430512666702,10000,10000,1.0,342.01194200317076,342.01194200317076,3900,True,34,16500,0.0,0.0,0,NOOP,greedy,4405,4941,4224,3026,5149,11447,0.31025548324897567,0,8298,2,2,342.01194200317076,171.00597100158538,2,2,,,0,NOOP,False,,
16596,dqn,95,,,2.0,2.0,0.05,0.001799286575987935,0.4276795983314514,1.8738762140274048,0.23575803637504578,0.4368981719017029,1.9485830068588257,0.034708477556705475,0.20906341075897217,0.06031430512666702,10000,10000,1.0,342.0115127682783,342.0115127682783,3900,True,34,16500,0.0,0.0,3,LEFT,random,4405,4941,4224,3026,5149,11447,0.31025548324897567,1,8298,2,2,342.0115127682783,171.00575638413915,2,2,,,3,LEFT,False,,
16782,dqn,96,3.0,246,0.0,0.0,0.05,,,,,,,,,,10000,10000,1.0,342.0370435775401,342.0370435775401,3946,False,34,16500,0.0,0.0,1,FIRE,greedy,4411,5068,4274,3029,5164,11618,0.3077106423549041,1,8391,2,2,342.0370435775401,171.01852178877004,2,2,,,1,FIRE,False,,
16867,dqn,97,3.0,225,0.0,0.0,0.05,,,,,,,,,,10000,10000,1.0,341.9914992203393,341.9914992203393,3968,True,34,16500,0.0,0.0,1,FIRE,greedy,4417,5110,4303,3038,5169,11699,0.3064382262271757,0,8434,2,2,341.9914992203393,170.99574961016964,2,2,,,1,FIRE,False,,
16995,dqn,97,,,0.0,0.0,0.05,0.006428275723010302,0.41625285148620605,1.7321423292160034,0.2340102344751358,0.4192828834056854,1.5805412530899048,0.06362461298704147,0.4380635619163513,0.18061402440071106,10000,10000,1.0,341.73704251049526,341.73704251049526,4000,True,34,16500,0.0,0.0,2,RIGHT,greedy,4447,5157,4349,3043,5174,11822,0.3044245704871735,0,8498,2,2,341.73704251049526,170.86852125524763,2,2,,,2,RIGHT,False,,
16996,dqn,97,,,2.0,2.0,0.05,0.006428275723010302,0.41625285148620605,1.7321423292160034,0.2340102344751358,0.4192828834056854,1.5805412530899048,0.06362461298704147,0.4380635619163513,0.18061402440071106,10000,10000,1.0,341.73662748597076,341.73662748597076,4000,True,34,16500,0.0,0.0,2,RIGHT,greedy,4447,5157,4349,3043,5174,11822,0.3044245704871735,1,8498,2,2,341.73662748597076,170.86831374298538,2,2,,,2,RIGHT,False,,
17111,dqn,98,0.0,122,0.0,0.0,0.05,,,,,,,,,,10000,10000,1.0,341.70390893907256,341.70390893907256,4029,True,35,17000,0.0,0.0,3,LEFT,random,4448,5210,4384,3070,5181,11931,0.3027699859747546,0,8556,2,2,341.70390893907256,170.85195446953628,2,2,,,3,LEFT,False,,
17272,dqn,99,3.0,245,0.0,0.0,0.05,,,,,,,,,,10000,10000,1.0,341.88945882486155,341.88945882486155,4069,True,35,17000,0.0,0.0,1,FIRE,greedy,4457,5302,4436,3077,5189,12083,0.3004284390921723,1,8636,2,2,341.88945882486155,170.94472941243077,2,2,,,1,FIRE,False,,
17395,dqn,99,,,2.0,2.0,0.05,0.0031396979466080666,0.46667030453681946,1.8786861896514893,0.2825109660625458,0.4920547604560852,1.803443431854248,0.045613858848810196,0.2748984098434448,0.13264742493629456,10000,10000,1.0,341.8953438503436,341.8953438503436,4100,True,35,17000,0.0,0.0,1,FIRE,greedy,4461,5389,4450,3096,5197,12199,0.2987468383536445,0,8698,2,2,341.8953438503436,170.9476719251718,2,2,,,1,FIRE,False,,
17396,dqn,99,,,1.0,1.0,0.05,0.0031396979466080666,0.46667030453681946,1.8786861896514893,0.2825109660625458,0.4920547604560852,1.803443431854248,0.045613858848810196,0.2748984098434448,0.13264742493629456,10000,10000,1.0,341.8946282250927,341.8946282250927,4100,True,35,17000,0.0,0.0,3,LEFT,greedy,4461,5389,4450,3096,5197,12199,0.2987468383536445,1,8698,2,2,341.8946282250927,170.94731411254634,2,2,,,3,LEFT,False,,
17505,dqn,100,2.0,197,0.0,0.0,0.05,,,,,,,,,,10000,10000,1.0,341.8640942558701,341.8640942558701,4127,False,36,17500,0.0,0.0,1,FIRE,greedy,4466,5476,4460,3104,5207,12299,0.29744087741345826,0,8753,2,2,341.8640942558701,170.93204712793505,2,2,,,1,FIRE,False,,
17722,dqn,101,3.0,225,0.0,0.0,0.05,,,,,,,,,,10000,10000,1.0,341.91940841444955,341.91940841444955,4181,False,36,17500,0.0,0.0,1,FIRE,greedy,4481,5564,4520,3157,5213,12509,0.294154158672836,1,8861,2,2,341.91940841444955,170.95970420722477,2,2,,,1,FIRE,False,,
17795,dqn,101,,,1.0,1.0,0.05,0.0021813567727804184,0.520037055015564,1.7678724527359009,0.2848602831363678,0.551537275314331,1.7899941205978394,0.04003600403666496,0.27753210067749023,0.20138134062290192,10000,10000,1.0,341.9759175972256,341.9759175972256,4200,True,36,17500,0.0,0.0,1,FIRE,greedy,4490,5594,4549,3163,5216,12580,0.2930995729377388,0,8898,2,2,341.9759175972256,170.9879587986128,2,2,,,1,FIRE,False,,
17796,dqn,101,,,0.0,0.0,0.05,0.0021813567727804184,0.520037055015564,1.7678724527359009,0.2848602831363678,0.551537275314331,1.7899941205978394,0.04003600403666496,0.27753210067749023,0.20138134062290192,10000,10000,1.0,341.97549833191266,341.97549833191266,4200,True,36,17500,0.0,0.0,2,RIGHT,greedy,4490,5594,4549,3163,5216,12580,0.2930995729377388,1,8898,2,2,341.97549833191266,170.98774916595633,2,2,,,2,RIGHT,False,,
17809,dqn,102,1.0,152,0.0,0.0,0.05,,,,,,,,,,10000,10000,1.0,341.94141765164403,341.94141765164403,4203,False,36,17500,0.0,0.0,1,FIRE,greedy,4490,5602,4555,3163,5217,12593,0.29292532285233014,0,8905,2,2,341.94141765164403,170.97070882582202,2,2,,,1,FIRE,False,,
18149,dqn,103,1.0,170,0.0,0.0,0.05,,,,,,,,,,10000,10000,1.0,342.26754074893364,342.26754074893364,4288,False,37,18000,0.0,0.0,1,FIRE,greedy,4538,5745,4675,3192,5230,12920,0.2881542699724518,0,9075,2,2,342.26754074893364,171.13377037446682,2,2,,,1,FIRE,False,,
18195,dqn,103,,,0.0,0.0,0.05,0.0039903647266328335,0.46137744188308716,1.9753414392471313,0.27834999561309814,0.453359991312027,2.0691657066345215,0.049268268048763275,0.33439958095550537,0.16135989129543304,10000,10000,1.0,342.28878953667817,342.28878953667817,4300,True,37,18000,0.0,0.0,1,FIRE,greedy,4543,5760,4692,3201,5233,12963,0.2875906792701693,0,9098,2,2,342.28878953667817,171.14439476833908,2,2,,,1,FIRE,False,,
18196,dqn,103,,,3.0,3.0,0.05,0.0039903647266328335,0.46137744188308716,1.9753414392471313,0.27834999561309814,0.453359991312027,2.0691657066345215,0.049268268048763275,0.33439958095550537,0.16135989129543304,10000,10000,1.0,342.2884038498185,342.2884038498185,4300,True,37,18000,0.0,0.0,1,FIRE,greedy,4543,5760,4692,3201,5233,12963,0.2875906792701693,1,9098,2,2,342.2884038498185,171.14420192490925,2,2,,,1,FIRE,False,,
18214,dqn,104,3.0,246,0.0,0.0,0.05,,,,,,,,,,10000,10000,1.0,342.2968726418945,342.2968726418945,4304,False,37,18000,0.0,0.0,1,FIRE,greedy,4543,5775,4695,3201,5234,12980,0.28736137037443726,1,9107,2,2,342.2968726418945,171.14843632094724,2,2,,,1,FIRE,False,,
18543,dqn,105,2.0,197,0.0,0.0,0.05,,,,,,,,,,10000,10000,1.0,342.6615708676911,342.6615708676911,4387,True,38,18500,0.0,0.0,1,FIRE,greedy,4571,5953,4800,3220,5253,13291,0.283272217428818,0,9272,2,2,342.6615708676911,171.33078543384556,2,2,,,1,FIRE,False,,
18595,dqn,105,,,0.0,0.0,0.05,0.0039515020325779915,0.558434247970581,1.941467046737671,0.26783478260040283,0.5522136688232422,2.3033080101013184,0.05449564382433891,0.36184096336364746,0.2524663805961609,10000,10000,1.0,342.7059882758296,342.7059882758296,4400,True,38,18500,0.0,0.0,2,RIGHT,greedy,4572,5984,4818,3222,5255,13341,0.28258765325876534,0,9298,2,2,342.7059882758296,171.3529941379148,2,2,,,2,RIGHT,False,,
18596,dqn,105,,,2.0,2.0,0.05,0.0039515020325779915,0.558434247970581,1.941467046737671,0.26783478260040283,0.5522136688232422,2.3033080101013184,0.05449564382433891,0.36184096336364746,0.2524663805961609,10000,10000,1.0,342.7055903849441,342.7055903849441,4400,True,38,18500,0.0,0.0,1,FIRE,greedy,4572,5984,4818,3222,5255,13341,0.28258765325876534,1,9298,2,2,342.7055903849441,171.35279519247206,2,2,,,1,FIRE,False,,
18608,dqn,106,2.0,197,0.0,0.0,0.05,,,,,,,,,,10000,10000,1.0,342.6807386761768,342.6807386761768,4403,True,38,18500,0.0,0.0,1,FIRE,greedy,4572,5990,4824,3222,5256,13352,0.2824591573516767,1,9304,2,2,342.6807386761768,171.3403693380884,2,2,,,1,FIRE,False,,
18966,dqn,107,2.0,179,0.0,0.0,0.05,,,,,,,,,,10000,10000,1.0,342.9696949488149,342.9696949488149,4492,False,38,18500,0.0,0.0,1,FIRE,greedy,4635,6205,4884,3242,5280,13686,0.27839291363492563,1,9483,2,2,342.9696949488149,171.48484747440745,2,2,,,1,FIRE,False,,
18995,dqn,107,,,3.0,3.0,0.05,0.0030450494959950447,0.5080583095550537,2.332267999649048,0.22632962465286255,0.5214856863021851,2.207587480545044,0.040815167129039764,0.3157503008842468,0.20457370579242706,10000,10000,1.0,342.90353710852315,342.90353710852315,4500,True,38,18500,0.0,0.0,1,FIRE,greedy,4639,6221,4890,3246,5282,13714,0.27805853863971364,0,9498,2,2,342.90353710852315,171.45176855426158,2,2,,,1,FIRE,False,,
18996,dqn,107,,,0.0,0.0,0.05,0.0030450494959950447,0.5080583095550537,2.332267999649048,0.22632962465286255,0.5214856863021851,2.207587480545044,0.040815167129039764,0.3157503008842468,0.20457370579242706,10000,10000,1.0,342.9031391006956,342.9031391006956,4500,True,38,18500,0.0,0.0,1,FIRE,greedy,4639,6221,4890,3246,5282,13714,0.27805853863971364,1,9498,2,2,342.9031391006956,171.4515695503478,2,2,,,1,FIRE,False,,
19033,dqn,108,3.0,245,0.0,0.0,0.05,,,,,,,,,,10000,10000,1.0,342.89640431281543,342.89640431281543,4509,False,39,19000,0.0,0.0,1,FIRE,greedy,4640,6249,4898,3247,5283,13751,0.2775559525060418,0,9517,2,2,342.89640431281543,171.44820215640772,2,2,,,1,FIRE,False,,
19333,dqn,109,1.0,150,0.0,0.0,0.05,,,,,,,,,,10000,10000,1.0,342.9999783291852,342.9999783291852,4584,False,39,19000,0.0,0.0,1,FIRE,greedy,4665,6422,4959,3288,5295,14039,0.27386986655632567,0,9667,2,2,342.9999783291852,171.4999891645926,2,2,,,1,FIRE,False,,
19395,dqn,109,,,0.0,0.0,0.05,0.0059286244213581085,0.6459806561470032,2.2074544429779053,0.26010406017303467,0.659670352935791,1.8593555688858032,0.06187138333916664,0.39723849296569824,0.6497516632080078,10000,10000,1.0,342.9423125398117,342.9423125398117,4600,True,39,19000,0.0,0.0,3,LEFT,greedy,4686,6447,4972,3291,5300,14096,0.27325221695194885,0,9698,2,2,342.9423125398117,171.47115626990586,2,2,,,3,LEFT,False,,
19396,dqn,109,,,2.0,2.0,0.05,0.0059286244213581085,0.6459806561470032,2.2074544429779053,0.26010406017303467,0.659670352935791,1.8593555688858032,0.06187138333916664,0.39723849296569824,0.6497516632080078,10000,10000,1.0,342.94160855781064,342.94160855781064,4600,True,39,19000,0.0,0.0,2,RIGHT,greedy,4686,6447,4972,3291,5300,14096,0.27325221695194885,1,9698,2,2,342.94160855781064,171.47080427890532,2,2,,,2,RIGHT,False,,
19518,dqn,110,4.0,276,0.0,0.0,0.05,,,,,,,,,,10000,10000,1.0,342.8388462749226,342.8388462749226,4630,False,40,19500,0.0,0.0,1,FIRE,greedy,4709,6491,4983,3335,5307,14211,0.2719028588994774,1,9759,2,2,342.8388462749226,171.4194231374613,2,2,,,1,FIRE,False,,
19691,dqn,111,2.0,179,0.0,0.0,0.05,,,,,,,,,,10000,10000,1.0,342.6547286819547,342.6547286819547,4674,True,40,19500,0.0,0.0,0,NOOP,greedy,4738,6574,5003,3377,5310,14382,0.2696526508226691,0,9846,2,2,342.6547286819547,171.32736434097734,2,2,,,0,NOOP,False,,
19795,dqn,111,,,0.0,0.0,0.05,0.0033630835823714733,0.49167585372924805,1.6045321226119995,0.2185705006122589,0.48432812094688416,1.3848215341567993,0.05354321002960205,0.2882843613624573,0.1869383007287979,10000,10000,1.0,342.5832364688552,342.5832364688552,4700,True,40,19500,0.0,0.0,2,RIGHT,greedy,4743,6638,5029,3386,5314,14482,0.2684380682966256,0,9898,2,2,342.5832364688552,171.2916182344276,2,2,,,2,RIGHT,False,,
19796,dqn,111,,,1.0,1.0,0.05,0.0033630835823714733,0.49167585372924805,1.6045321226119995,0.2185705006122589,0.48432812094688416,1.3848215341567993,0.05354321002960205,0.2882843613624573,0.1869383007287979,10000,10000,1.0,342.58288253042065,342.58288253042065,4700,True,40,19500,0.0,0.0,1,FIRE,greedy,4743,6638,5029,3386,5314,14482,0.2684380682966256,1,9898,2,2,342.58288253042065,171.29144126521032,2,2,,,1,FIRE,False,,
20068,dqn,112,4.0,275,0.0,0.0,0.05,,,,,,,,,,10000,10000,1.0,342.4575476834098,342.4575476834098,4768,True,41,20000,0.0,0.0,3,LEFT,greedy,4758,6816,5047,3447,5329,14739,0.2655471397249352,1,10034,2,2,342.4575476834098,171.2287738417049,2,2,,,3,LEFT,False,,
20085,dqn,113,2.0,197,0.0,0.0,0.05,,,,,,,,,,10000,10000,1.0,342.4083974644781,342.4083974644781,4772,False,41,20000,0.0,0.0,0,NOOP,greedy,4763,6822,5047,3454,5329,14757,0.2653091705665638,0,10043,2,2,342.4083974644781,171.20419873223906,2,2,,,0,NOOP,False,,
20195,dqn,113,,,1.0,1.0,0.05,0.0010912755969911814,0.5311285853385925,1.654892921447754,0.2805732190608978,0.5202426314353943,1.5424381494522095,0.029680203646421432,0.18600547313690186,0.14330174028873444,10000,10000,1.0,342.4012577145718,342.4012577145718,4800,True,41,20000,0.0,0.0,1,FIRE,fire_reset,4828,6847,5057,3464,5331,14865,0.2639631610219845,0,10098,2,2,342.4012577145718,171.2006288572859,2,2,,,1,FIRE,False,after_life_loss,
20196,dqn,113,,,0.0,0.0,0.05,0.0010912755969911814,0.5311285853385925,1.654892921447754,0.2805732190608978,0.5202426314353943,1.5424381494522095,0.029680203646421432,0.18600547313690186,0.14330174028873444,10000,10000,1.0,342.4008757430516,342.4008757430516,4800,True,41,20000,0.0,0.0,3,LEFT,greedy,4828,6847,5057,3464,5331,14865,0.2639631610219845,1,10098,2,2,342.4008757430516,171.2004378715258,2,2,,,3,LEFT,False,,
20372,dqn,114,1.0,152,0.0,0.0,0.05,,,,,,,,,,10000,10000,1.0,342.3081533977071,342.3081533977071,4844,True,41,20000,0.0,0.0,0,NOOP,greedy,4893,6892,5086,3501,5343,15029,0.26227174553308463,1,10186,2,2,342.3081533977071,171.15407669885354,2,2,,,0,NOOP,False,,
20537,dqn,115,3.0,226,0.0,0.0,0.05,,,,,,,,,,10000,10000,1.0,342.329434055577,342.329434055577,4885,False,42,20500,0.0,0.0,0,NOOP,greedy,4924,6952,5103,3559,5354,15184,0.2606875060862791,0,10269,2,2,342.329434055577,171.1647170277885,2,2,,,0,NOOP,False,,
20595,dqn,115,,,0.0,0.0,0.05,0.003095882711932063,0.6176000833511353,1.6128755807876587,0.2054957151412964,0.6199256181716919,1.6203768253326416,0.046996332705020905,0.2843366265296936,0.1903126835823059,10000,10000,1.0,342.33783280659003,342.33783280659003,4900,True,42,20500,0.0,0.0,2,RIGHT,greedy,4950,6975,5109,3562,5358,15238,0.26014760147601473,0,10298,2,2,342.33783280659003,171.16891640329501,2,2,,,2,RIGHT,False,,
20596,dqn,115,,,1.0,1.0,0.05,0.003095882711932063,0.6176000833511353,1.6128755807876587,0.2054957151412964,0.6199256181716919,1.6203768253326416,0.046996332705020905,0.2843366265296936,0.1903126835823059,10000,10000,1.0,342.3374783072915,342.3374783072915,4900,True,42,20500,0.0,0.0,0,NOOP,greedy,4950,6975,5109,3562,5358,15238,0.26014760147601473,1,10298,2,2,342.3374783072915,171.16873915364576,2,2,,,0,NOOP,False,,
20676,dqn,116,1.0,152,0.0,0.0,0.05,,,,,,,,,,10000,10000,1.0,342.3462241146274,342.3462241146274,4920,True,42,20500,0.0,0.0,0,NOOP,greedy,4970,6989,5133,3584,5365,15311,0.2594795898626427,1,10338,2,2,342.3462241146274,171.1731120573137,2,2,,,0,NOOP,False,,
20931,dqn,117,2.0,197,0.0,0.0,0.05,,,,,,,,,,10000,10000,1.0,342.3541929488656,342.3541929488656,4984,True,42,20500,0.0,0.0,2,RIGHT,greedy,5049,7096,5168,3619,5379,15553,0.25697496655837954,0,10466,2,2,342.3541929488656,171.1770964744328,2,2,,,2,RIGHT,False,,
20995,dqn,117,,,0.0,0.0,0.05,0.00787370465695858,0.4967465102672577,1.3462893962860107,0.18055087327957153,0.4647315740585327,1.269715666770935,0.06531261652708054,0.4436526298522949,0.5261123180389404,10000,10000,1.0,342.3173279116886,342.3173279116886,5000,True,42,20500,0.0,0.0,0,NOOP,greedy,5073,7110,5178,3635,5384,15612,0.25642979615164796,0,10498,2,2,342.3173279116886,171.1586639558443,2,2,,,0,NOOP,False,,
20996,dqn,117,,,2.0,2.0,0.05,0.00787370465695858,0.4967465102672577,1.3462893962860107,0.18055087327957153,0.4647315740585327,1.269715666770935,0.06531261652708054,0.4436526298522949,0.5261123180389404,10000,10000,1.0,342.3169975099065,342.3169975099065,5000,True,42,20500,0.0,0.0,3,LEFT,greedy,5073,7110,5178,3635,5384,15612,0.25642979615164796,1,10498,2,2,342.3169975099065,171.15849875495326,2,2,,,3,LEFT,False,,
21036,dqn,118,2.0,180,0.0,0.0,0.05,,,,,,,,,,10000,10000,1.0,342.27143724114336,342.27143724114336,5010,True,43,21000,0.0,0.0,3,LEFT,greedy,5075,7113,5195,3653,5390,15646,0.2562274196615326,1,10518,2,2,342.27143724114336,171.13571862057168,2,2,,,3,LEFT,False,,
21327,dqn,119,2.0,198,0.0,0.0,0.05,,,,,,,,,,10000,10000,1.0,342.4277056327837,342.4277056327837,5083,True,43,21000,0.0,0.0,3,LEFT,greedy,5112,7242,5238,3736,5402,15926,0.2532820705176294,0,10664,2,2,342.4277056327837,171.21385281639186,2,2,,,3,LEFT,False,,
21342,dqn,120,1.0,153,0.0,0.0,0.05,,,,,,,,,,10000,10000,1.0,342.4294947785176,342.4294947785176,5086,False,43,21000,0.0,0.0,2,RIGHT,greedy,5112,7247,5247,3736,5402,15940,0.2531159216568269,1,10671,2,2,342.4294947785176,171.2147473892588,2,2,,,2,RIGHT,False,,
21395,dqn,120,,,0.0,0.0,0.05,0.002631319919601083,0.5488541722297668,1.9513500928878784,0.22017401456832886,0.5719518661499023,1.8615813255310059,0.03649214282631874,0.2906872034072876,0.12230610102415085,10000,10000,1.0,342.40932325881096,342.40932325881096,5100,True,43,21000,0.0,0.0,0,NOOP,greedy,5114,7293,5252,3737,5402,15994,0.2524770985230884,0,10698,2,2,342.40932325881096,171.20466162940548,2,2,,,0,NOOP,False,,
21396,dqn,120,,,0.0,0.0,0.05,0.002631319919601083,0.5488541722297668,1.9513500928878784,0.22017401456832886,0.5719518661499023,1.8615813255310059,0.03649214282631874,0.2906872034072876,0.12230610102415085,10000,10000,1.0,342.40896324186326,342.40896324186326,5100,True,43,21000,0.0,0.0,1,FIRE,fire_reset,5114,7293,5252,3737,5402,15994,0.2524770985230884,1,10698,2,2,342.40896324186326,171.20448162093163,2,2,,,0,NOOP,True,after_life_loss,
21665,dqn,121,1.0,169,0.0,0.0,0.05,,,,,,,,,,10000,10000,1.0,342.68448475588104,342.68448475588104,5167,False,44,21500,0.0,0.0,2,RIGHT,greedy,5172,7460,5275,3759,5414,16252,0.2498846118342103,0,10833,2,2,342.68448475588104,171.34224237794052,2,2,,,2,RIGHT,False,,
21738,dqn,122,2.0,198,0.0,0.0,0.05,,,,,,,,,,10000,10000,1.0,342.68721291474344,342.68721291474344,5185,False,44,21500,0.0,0.0,2,RIGHT,greedy,5173,7493,5307,3765,5418,16320,0.24924096052994757,1,10869,2,2,342.68721291474344,171.34360645737172,2,2,,,2,RIGHT,False,,
21795,dqn,122,,,0.0,0.0,0.05,0.0028041296172887087,0.6089345216751099,1.6784358024597168,0.2558779716491699,0.5870585441589355,1.5570752620697021,0.057757772505283356,0.2645466923713684,0.3099706172943115,10000,10000,1.0,342.6925920147919,342.6925920147919,5200,True,44,21500,0.0,0.0,1,FIRE,greedy,5182,7533,5311,3770,5425,16371,0.24889888052853734,0,10898,2,2,342.6925920147919,171.34629600739595,2,2,,,1,FIRE,False,,
21796,dqn,122,,,0.0,0.0,0.05,0.0028041296172887087,0.6089345216751099,1.6784358024597168,0.2558779716491699,0.5870585441589355,1.5570752620697021,0.057757772505283356,0.2645466923713684,0.3099706172943115,10000,10000,1.0,342.6919643062588,342.6919643062588,5200,True,44,21500,0.0,0.0,0,NOOP,greedy,5182,7533,5311,3770,5425,16371,0.24889888052853734,1,10898,2,2,342.6919643062588,171.3459821531294,2,2,,,0,NOOP,False,,
21911,dqn,123,0.0,123,0.0,0.0,0.05,,,,,,,,,,10000,10000,1.0,342.675582706812,342.675582706812,5229,True,44,21500,0.0,0.0,2,RIGHT,greedy,5254,7568,5320,3770,5435,16477,0.24803760496531582,0,10956,2,2,342.675582706812,171.337791353406,2,2,,,2,RIGHT,False,,
22192,dqn,124,3.0,227,0.0,0.0,0.05,,,,,,,,,,10000,10000,1.0,342.599785807777,342.599785807777,5299,True,45,22000,0.0,0.0,2,RIGHT,greedy,5267,7746,5381,3798,5449,16743,0.24553893294881038,1,11096,2,2,342.599785807777,171.2998929038885,2,2,,,2,RIGHT,False,,
22195,dqn,124,,,2.0,2.0,0.05,0.002539211418479681,0.5217041969299316,1.3659226894378662,0.2607326805591583,0.49291592836380005,1.4200067520141602,0.045877471566200256,0.2909885048866272,0.41429516673088074,10000,10000,1.0,342.5762069079474,342.5762069079474,5300,True,45,22000,0.0,0.0,2,RIGHT,greedy,5267,7748,5383,3798,5449,16747,0.2454946837267976,0,11098,2,2,342.5762069079474,171.2881034539737,2,2,,,2,RIGHT,False,,
22196,dqn,124,,,0.0,0.0,0.05,0.002539211418479681,0.5217041969299316,1.3659226894378662,0.2607326805591583,0.49291592836380005,1.4200067520141602,0.045877471566200256,0.2909885048866272,0.41429516673088074,10000,10000,1.0,342.57588543618647,342.57588543618647,5300,True,45,22000,0.0,0.0,1,FIRE,fire_reset,5267,7748,5383,3798,5449,16747,0.2454946837267976,1,11098,2,2,342.57588543618647,171.28794271809323,2,2,,,3,LEFT,True,initial_serve,
22307,dqn,125,2.0,198,0.0,0.0,0.05,,,,,,,,,,10000,10000,1.0,342.50814987295536,342.50814987295536,5328,True,45,22000,0.0,0.0,0,NOOP,greedy,5294,7783,5393,3838,5454,16854,0.2444862829478214,0,11154,2,2,342.50814987295536,171.25407493647768,2,2,,,0,NOOP,False,,
22595,dqn,125,,,1.0,1.0,0.05,0.0015679746866226196,0.591665506362915,1.9373544454574585,0.23639225959777832,0.6223006248474121,1.9748075008392334,0.03545737266540527,0.22899866104125977,0.18007981777191162,10000,10000,1.0,342.57684581179126,342.57684581179126,5400,True,46,22500,0.0,0.0,0,NOOP,random,5337,7896,5490,3873,5467,17129,0.2419454770755886,0,11298,2,2,342.57684581179126,171.28842290589563,2,2,,,0,NOOP,False,,
22596,dqn,125,,,3.0,3.0,0.05,0.0015679746866226196,0.591665506362915,1.9373544454574585,0.23639225959777832,0.6223006248474121,1.9748075008392334,0.03545737266540527,0.22899866104125977,0.18007981777191162,10000,10000,1.0,342.5765269133277,342.5765269133277,5400,True,46,22500,0.0,0.0,2,RIGHT,greedy,5337,7896,5490,3873,5467,17129,0.2419454770755886,1,11298,2,2,342.5765269133277,171.28826345666386,2,2,,,2,RIGHT,False,,
22611,dqn,126,1.0,152,0.0,0.0,0.05,,,,,,,,,,10000,10000,1.0,342.5316585781064,342.5316585781064,5404,True,46,22500,0.0,0.0,0,NOOP,greedy,5350,7898,5491,3873,5468,17144,0.24181850344949585,0,11306,2,2,342.5316585781064,171.2658292890532,2,2,,,0,NOOP,False,,
22646,dqn,127,3.0,227,0.0,0.0,0.05,,,,,,,,,,10000,10000,1.0,342.52294079372996,342.52294079372996,5412,False,46,22500,0.0,0.0,0,NOOP,greedy,5375,7902,5495,3874,5470,17176,0.2415437604875033,1,11323,2,2,342.52294079372996,171.26147039686498,2,2,,,0,NOOP,False,,
22995,dqn,127,,,2.0,2.0,0.05,0.010804856196045876,0.45932021737098694,1.070461630821228,0.18685458600521088,0.5021742582321167,1.4216065406799316,0.05989786982536316,0.7849998474121094,0.21461832523345947,10000,10000,1.0,342.70520445433965,342.70520445433965,5500,True,46,22500,0.0,0.0,3,LEFT,greedy,5454,7999,5532,4011,5490,17506,0.23873717168203165,0,11498,2,2,342.70520445433965,171.35260222716983,2,2,,,3,LEFT,False,,
22996,dqn,127,,,2.0,2.0,0.05,0.010804856196045876,0.45932021737098694,1.070461630821228,0.18685458600521088,0.5021742582321167,1.4216065406799316,0.05989786982536316,0.7849998474121094,0.21461832523345947,10000,10000,1.0,342.7047877017379,342.7047877017379,5500,True,46,22500,0.0,0.0,3,LEFT,greedy,5454,7999,5532,4011,5490,17506,0.23873717168203165,1,11498,2,2,342.7047877017379,171.35239385086896,2,2,,,3,LEFT,False,,
23008,dqn,128,2.0,181,0.0,0.0,0.05,,,,,,,,,,10000,10000,1.0,342.63485296468053,342.63485296468053,5503,True,47,23000,0.0,0.0,3,LEFT,greedy,5455,7999,5532,4022,5491,17517,0.23865611961057023,1,11504,2,2,342.63485296468053,171.31742648234027,2,2,,,3,LEFT,False,,
23009,dqn,129,2.0,199,0.0,0.0,0.05,,,,,,,,,,10000,10000,1.0,342.6130951270885,342.6130951270885,5503,False,47,23000,0.0,0.0,3,LEFT,greedy,5455,8000,5532,4023,5491,17519,0.23863537592351153,0,11505,2,2,342.6130951270885,171.30654756354426,2,2,,,3,LEFT,False,,
23259,dqn,130,0.0,125,0.0,0.0,0.05,,,,,,,,,,10000,10000,1.0,342.57902120910444,342.57902120910444,5566,True,47,23000,0.0,0.0,3,LEFT,greedy,5495,8066,5549,4150,5506,17754,0.2367153912295787,0,11630,2,2,342.57902120910444,171.28951060455222,2,2,,,3,LEFT,False,,
23310,dqn,131,1.0,151,0.0,0.0,0.05,,,,,,,,,,10000,10000,1.0,342.62115140539987,342.62115140539987,5578,False,47,23000,0.0,0.0,0,NOOP,greedy,5504,8084,5552,4170,5508,17802,0.2362934362934363,1,11655,2,2,342.62115140539987,171.31057570269994,2,2,,,0,NOOP,False,,
23395,dqn,131,,,1.0,1.0,0.05,0.0034541781060397625,0.5420995950698853,1.6173278093338013,0.21148735284805298,0.557913601398468,1.4811692237854004,0.0518081933259964,0.280825674533844,0.208915114402771,10000,10000,1.0,342.5870388789561,342.5870388789561,5600,True,47,23000,0.0,0.0,2,RIGHT,greedy,5516,8110,5578,4192,5510,17886,0.23551034364848691,0,11698,2,2,342.5870388789561,171.29351943947805,2,2,,,2,RIGHT,False,,
23396,dqn,131,,,1.0,1.0,0.05,0.0034541781060397625,0.5420995950698853,1.6173278093338013,0.21148735284805298,0.557913601398468,1.4811692237854004,0.0518081933259964,0.280825674533844,0.208915114402771,10000,10000,1.0,342.5867378896616,342.5867378896616,5600,True,47,23000,0.0,0.0,2,RIGHT,greedy,5516,8110,5578,4192,5510,17886,0.23551034364848691,1,11698,2,2,342.5867378896616,171.2933689448308,2,2,,,2,RIGHT,False,,
23616,dqn,132,1.0,153,0.0,0.0,0.05,,,,,,,,,,10000,10000,1.0,342.6074438076202,342.6074438076202,5655,True,48,23500,0.0,0.0,0,NOOP,greedy,5593,8176,5598,4249,5518,18098,0.2336551490514905,1,11808,2,2,342.6074438076202,171.3037219038101,2,2,,,0,NOOP,False,,
23795,dqn,132,,,4.0,4.0,0.05,0.0011898765806108713,0.4972853362560272,1.683858871459961,0.2032913714647293,0.530441403388977,1.8497968912124634,0.03439129516482353,0.16593801975250244,0.17626996338367462,10000,10000,1.0,342.53863547514914,342.53863547514914,5700,True,48,23500,0.0,0.0,2,RIGHT,greedy,5671,8205,5625,4295,5525,18271,0.23218187930744663,0,11898,2,2,342.53863547514914,171.26931773757457,2,2,,,2,RIGHT,False,,
23796,dqn,132,,,1.0,1.0,0.05,0.0011898765806108713,0.4972853362560272,1.683858871459961,0.2032913714647293,0.530441403388977,1.8497968912124634,0.03439129516482353,0.16593801975250244,0.17626996338367462,10000,10000,1.0,342.5383356843179,342.5383356843179,5700,True,48,23500,0.0,0.0,3,LEFT,greedy,5671,8205,5625,4295,5525,18271,0.23218187930744663,1,11898,2,2,342.5383356843179,171.26916784215894,2,2,,,3,LEFT,False,,
23851,dqn,133,4.0,296,0.0,0.0,0.05,,,,,,,,,,10000,10000,1.0,342.53593981346575,342.53593981346575,5714,True,48,23500,0.0,0.0,2,RIGHT,greedy,5673,8212,5672,4295,5526,18326,0.2316786852255576,0,11926,2,2,342.53593981346575,171.26796990673287,2,2,,,2,RIGHT,False,,
24072,dqn,134,3.0,228,0.0,0.0,0.05,,,,,,,,,,10000,10000,1.0,342.5153290475596,342.5153290475596,5769,True,49,24000,0.0,0.0,2,RIGHT,greedy,5796,8248,5711,4317,5536,18536,0.22997673645729477,1,12036,2,2,342.5153290475596,171.2576645237798,2,2,,,2,RIGHT,False,,
24195,dqn,134,,,2.0,2.0,0.05,0.004693042952567339,0.6547155380249023,1.8499116897583008,0.22346507012844086,0.6567705869674683,1.6237725019454956,0.05481605976819992,0.39804500341415405,0.42655879259109497,10000,10000,1.0,342.49299878159934,342.49299878159934,5800,True,49,24000,0.0,0.0,3,LEFT,greedy,5810,8313,5721,4352,5543,18653,0.22908745247148288,0,12098,2,2,342.49299878159934,171.24649939079967,2,2,,,3,LEFT,False,,
24196,dqn,134,,,1.0,1.0,0.05,0.004693042952567339,0.6547155380249023,1.8499116897583008,0.22346507012844086,0.6567705869674683,1.6237725019454956,0.05481605976819992,0.39804500341415405,0.42655879259109497,10000,10000,1.0,342.49266427178605,342.49266427178605,5800,True,49,24000,0.0,0.0,0,NOOP,greedy,5810,8313,5721,4352,5543,18653,0.22908745247148288,1,12098,2,2,342.49266427178605,171.24633213589303,2,2,,,0,NOOP,False,,
24249,dqn,135,2.0,199,0.0,0.0,0.05,,,,,,,,,,10000,10000,1.0,342.436914442637,342.436914442637,5813,False,49,24000,0.0,0.0,3,LEFT,greedy,5823,8319,5722,4386,5548,18702,0.2287835051546392,0,12125,2,2,342.436914442637,171.2184572213185,2,2,,,3,LEFT,False,,
24514,dqn,136,2.0,221,0.0,0.0,0.05,,,,,,,,,,10000,10000,1.0,342.33911963815876,342.33911963815876,5879,False,50,24500,0.0,0.0,3,LEFT,greedy,5854,8372,5722,4566,5564,18950,0.22697234233499225,1,12257,2,2,342.33911963815876,171.16955981907938,2,2,,,3,LEFT,False,,
24595,dqn,136,,,3.0,3.0,0.05,0.0044366479851305485,0.6218468546867371,1.9234108924865723,0.28424328565597534,0.6352872848510742,1.772521734237671,0.04675988107919693,0.371614933013916,0.110309898853302,10000,10000,1.0,342.2726561770619,342.2726561770619,5900,True,50,24500,0.0,0.0,3,LEFT,greedy,5872,8381,5724,4619,5565,19031,0.22625630183769718,0,12298,2,2,342.2726561770619,171.13632808853095,2,2,,,3,LEFT,False,,
24596,dqn,136,,,0.0,0.0,0.05,0.0044366479851305485,0.6218468546867371,1.9234108924865723,0.28424328565597534,0.6352872848510742,1.772521734237671,0.04675988107919693,0.371614933013916,0.110309898853302,10000,10000,1.0,342.27236992091713,342.27236992091713,5900,True,50,24500,0.0,0.0,0,NOOP,greedy,5872,8381,5724,4619,5565,19031,0.22625630183769718,1,12298,2,2,342.27236992091713,171.13618496045856,2,2,,,0,NOOP,False,,
24762,dqn,137,0.0,124,0.0,0.0,0.05,,,,,,,,,,10000,10000,1.0,342.21492311108744,342.21492311108744,5941,False,50,24500,0.0,0.0,3,LEFT,greedy,5903,8418,5728,4713,5574,19188,0.2251029803731524,1,12381,2,2,342.21492311108744,171.10746155554372,2,2,,,3,LEFT,False,,
24799,dqn,138,8.0,275,0.0,0.0,0.05,,,,,,,,,,10000,10000,1.0,342.1366807369307,342.1366807369307,5951,True,50,24500,0.0,0.0,3,LEFT,greedy,5904,8420,5728,4748,5575,19225,0.2247983870967742,0,12400,2,2,342.1366807369307,171.06834036846536,2,2,,,3,LEFT,False,,
24995,dqn,138,,,0.0,0.0,0.05,0.002013223711401224,0.5535812973976135,1.7719829082489014,0.17794477939605713,0.5788043141365051,1.888588309288025,0.0357285775244236,0.2806242108345032,0.14385247230529785,10000,10000,1.0,341.96048919891587,341.96048919891587,6000,True,50,24500,0.0,0.0,0,NOOP,greedy,5940,8472,5734,4850,5593,19403,0.2237558009281485,0,12498,2,2,341.96048919891587,170.98024459945793,2,2,,,0,NOOP,False,,
24996,dqn,138,,,1.0,1.0,0.05,0.002013223711401224,0.5535812973976135,1.7719829082489014,0.17794477939605713,0.5788043141365051,1.888588309288025,0.0357285775244236,0.2806242108345032,0.14385247230529785,10000,10000,1.0,341.9601916638146,341.9601916638146,6000,True,50,24500,0.0,0.0,0,NOOP,greedy,5940,8472,5734,4850,5593,19403,0.2237558009281485,1,12498,2,2,341.9601916638146,170.9800958319073,2,2,,,0,NOOP,False,,
25047,dqn,139,0.0,124,0.0,0.0,0.05,,,,,,,,,,10000,10000,1.0,341.87718513872977,341.87718513872977,6013,True,51,25000,0.0,0.0,0,NOOP,random,5968,8477,5734,4869,5595,19453,0.22337112743532417,0,12524,2,2,341.87718513872977,170.93859256936489,2,2,,,0,NOOP,False,,
25066,dqn,140,1.0,152,0.0,0.0,0.05,,,,,,,,,,10000,10000,1.0,341.83816626525356,341.83816626525356,6017,False,51,25000,0.0,0.0,0,NOOP,greedy,5983,8480,5734,4869,5595,19471,0.22321072368945982,1,12533,2,2,341.83816626525356,170.91908313262678,2,2,,,0,NOOP,False,,
25314,dqn,141,0.0,124,0.0,0.0,0.05,,,,,,,,,,10000,10000,1.0,341.76161894572937,341.76161894572937,6079,False,51,25000,0.0,0.0,0,NOOP,greedy,6154,8522,5738,4900,5615,19699,0.22181401595954808,1,12657,2,2,341.76161894572937,170.88080947286468,2,2,,,0,NOOP,False,,
25355,dqn,142,1.0,154,0.0,0.0,0.05,,,,,,,,,,10000,10000,1.0,341.7419550576227,341.7419550576227,6090,True,51,25000,0.0,0.0,0,NOOP,greedy,6180,8532,5739,4905,5616,19740,0.22148603880738288,0,12678,2,2,341.7419550576227,170.87097752881135,2,2,,,0,NOOP,False,,
25395,dqn,142,,,0.0,0.0,0.05,0.0006838273257017136,0.5690774321556091,1.3684399127960205,0.2617400884628296,0.5677879452705383,1.3527653217315674,0.026496563106775284,0.1047670841217041,0.15008676052093506,10000,10000,1.0,341.71959727786935,341.71959727786935,6100,True,51,25000,0.0,0.0,0,NOOP,greedy,6206,8541,5740,4909,5617,19779,0.22117656323830526,0,12698,2,2,341.71959727786935,170.85979863893468,2,2,,,0,NOOP,False,,
25396,dqn,142,,,0.0,0.0,0.05,0.0006838273257017136,0.5690774321556091,1.3684399127960205,0.2617400884628296,0.5677879452705383,1.3527653217315674,0.026496563106775284,0.1047670841217041,0.15008676052093506,10000,10000,1.0,341.719309439625,341.719309439625,6100,True,51,25000,0.0,0.0,1,FIRE,greedy,6206,8541,5740,4909,5617,19779,0.22117656323830526,1,12698,2,2,341.719309439625,170.8596547198125,2,2,,,1,FIRE,False,,
25560,dqn,143,0.0,123,0.0,0.0,0.05,,,,,,,,,,10000,10000,1.0,341.3325374679536,341.3325374679536,6141,True,52,25500,0.0,0.0,3,LEFT,greedy,6235,8652,5741,4932,5621,19939,0.21991392801251955,1,12780,2,2,341.3325374679536,170.6662687339768,2,2,,,3,LEFT,False,,
25713,dqn,144,2.0,179,0.0,0.0,0.05,,,,,,,,,,10000,10000,1.0,341.37545752998426,341.37545752998426,6179,False,52,25500,0.0,0.0,3,LEFT,greedy,6272,8728,5742,4972,5625,20089,0.21875243058256202,0,12857,2,2,341.37545752998426,170.68772876499213,2,2,,,3,LEFT,False,,
25795,dqn,144,,,0.0,0.0,0.05,0.0022363096941262484,0.5675833821296692,1.5514599084854126,0.2500148415565491,0.5712454319000244,1.496427297592163,0.03863817825913429,0.2797243595123291,0.07519959658384323,10000,10000,1.0,341.3917332675193,341.3917332675193,6200,True,52,25500,0.0,0.0,0,NOOP,greedy,6313,8755,5746,4982,5629,20167,0.21821212591099395,0,12898,2,2,341.3917332675193,170.69586663375966,2,2,,,0,NOOP,False,,
25796,dqn,144,,,1.0,1.0,0.05,0.0022363096941262484,0.5675833821296692,1.5514599084854126,0.2500148415565491,0.5712454319000244,1.496427297592163,0.03863817825913429,0.2797243595123291,0.07519959658384323,10000,10000,1.0,341.3909873347343,341.3909873347343,6200,True,52,25500,0.0,0.0,2,RIGHT,greedy,6313,8755,5746,4982,5629,20167,0.21821212591099395,1,12898,2,2,341.3909873347343,170.69549366736715,2,2,,,2,RIGHT,False,,
25961,dqn,145,0.0,124,0.0,0.0,0.05,,,,,,,,,,10000,10000,1.0,341.6136511220583,341.6136511220583,6241,False,52,25500,0.0,0.0,3,LEFT,greedy,6325,8780,5806,5051,5638,20324,0.21716354672213234,0,12981,2,2,341.6136511220583,170.80682556102914,2,2,,,3,LEFT,False,,
26016,dqn,146,3.0,228,0.0,0.0,0.05,,,,,,,,,,10000,10000,1.0,341.6139588785711,341.6139588785711,6255,True,53,26000,0.0,0.0,0,NOOP,greedy,6358,8787,5813,5058,5643,20373,0.2169049815498155,1,13008,2,2,341.6139588785711,170.80697943928556,2,2,,,0,NOOP,False,,
26195,dqn,146,,,2.0,2.0,0.05,0.0053292736411094666,0.6551859378814697,1.7331502437591553,0.25965195894241333,0.708587646484375,1.7487385272979736,0.059680595993995667,0.32548099756240845,0.4676443338394165,10000,10000,1.0,341.70193316914,341.70193316914,6300,True,53,26000,0.0,0.0,3,LEFT,greedy,6451,8794,5817,5134,5650,20546,0.21568178347839365,0,13098,2,2,341.70193316914,170.85096658457,2,2,,,3,LEFT,False,,
26196,dqn,146,,,1.0,1.0,0.05,0.0053292736411094666,0.6551859378814697,1.7331502437591553,0.25965195894241333,0.708587646484375,1.7487385272979736,0.059680595993995667,0.32548099756240845,0.4676443338394165,10000,10000,1.0,341.70166128155887,341.70166128155887,6300,True,53,26000,0.0,0.0,3,LEFT,greedy,6451,8794,5817,5134,5650,20546,0.21568178347839365,1,13098,2,2,341.70166128155887,170.85083064077944,2,2,,,3,LEFT,False,,
26453,dqn,147,7.0,246,0.0,0.0,0.05,,,,,,,,,,10000,10000,1.0,341.9051436950551,341.9051436950551,6364,False,53,26000,0.0,0.0,3,LEFT,greedy,6457,8832,5819,5346,5661,20793,0.21399410297119528,0,13227,2,2,341.9051436950551,170.95257184752754,2,2,,,3,LEFT,False,,
26472,dqn,148,3.0,228,0.0,0.0,0.05,,,,,,,,,,10000,10000,1.0,341.8656377537995,341.8656377537995,6369,True,53,26000,0.0,0.0,3,LEFT,greedy,6457,8838,5820,5357,5663,20809,0.2139241462677546,1,13236,2,2,341.8656377537995,170.93281887689974,2,2,,,3,LEFT,False,,
26595,dqn,148,,,1.0,1.0,0.05,0.0022338898852467537,0.6229473352432251,1.7840663194656372,0.17327716946601868,0.6798099279403687,1.7475353479385376,0.048237718641757965,0.20394614338874817,0.31068697571754456,10000,10000,1.0,341.9164220047074,341.9164220047074,6400,True,54,26500,0.0,0.0,2,RIGHT,greedy,6465,8864,5900,5367,5668,20928,0.21311475409836064,0,13298,2,2,341.9164220047074,170.9582110023537,2,2,,,2,RIGHT,False,,
26596,dqn,148,,,1.0,1.0,0.05,0.0022338898852467537,0.6229473352432251,1.7840663194656372,0.17327716946601868,0.6798099279403687,1.7475353479385376,0.048237718641757965,0.20394614338874817,0.31068697571754456,10000,10000,1.0,341.91609672611895,341.91609672611895,6400,True,54,26500,0.0,0.0,0,NOOP,random,6465,8864,5900,5367,5668,20928,0.21311475409836064,1,13298,2,2,341.91609672611895,170.95804836305948,2,2,,,0,NOOP,False,,
26995,dqn,148,,,4.0,4.0,0.05,0.027310585603117943,0.6033353805541992,1.5876314640045166,0.26742997765541077,0.6545875072479248,1.6479322910308838,0.09404419362545013,1.0042643547058105,0.31675711274147034,10000,10000,1.0,342.0422845097966,342.0422845097966,6500,True,54,26500,0.0,0.0,1,FIRE,greedy,6473,8932,6149,5442,5682,21314,0.21047562601866943,0,13498,2,2,342.0422845097966,171.0211422548983,2,2,,,1,FIRE,False,,
26996,dqn,148,,,4.0,4.0,0.05,0.027310585603117943,0.6033353805541992,1.5876314640045166,0.26742997765541077,0.6545875072479248,1.6479322910308838,0.09404419362545013,1.0042643547058105,0.31675711274147034,10000,10000,1.0,342.0420062855282,342.0420062855282,6500,True,54,26500,0.0,0.0,3,LEFT,greedy,6473,8932,6149,5442,5682,21314,0.21047562601866943,1,13498,2,2,342.0420062855282,171.0210031427641,2,2,,,3,LEFT,False,,
27045,dqn,149,4.0,296,0.0,0.0,0.05,,,,,,,,,,10000,10000,1.0,342.0533978436071,342.0533978436071,6512,False,55,27000,0.0,0.0,3,LEFT,greedy,6474,8939,6150,5483,5684,21362,0.21016046735191896,0,13523,2,2,342.0533978436071,171.02669892180356,2,2,,,3,LEFT,False,,
27122,dqn,150,5.0,325,0.0,0.0,0.05,,,,,,,,,,10000,10000,1.0,342.06150218917253,342.06150218917253,6531,False,55,27000,0.0,0.0,0,NOOP,greedy,6518,8956,6151,5497,5687,21435,0.2096821768306172,1,13561,2,2,342.06150218917253,171.03075109458626,2,2,,,0,NOOP,False,,
27395,dqn,150,,,2.0,2.0,0.05,0.002194025320932269,0.5640634298324585,1.5454280376434326,0.28962358832359314,0.5636983513832092,1.714478850364685,0.03987790644168854,0.18317806720733643,0.14402927458286285,10000,10000,1.0,342.2403516885692,342.2403516885692,6600,True,55,27000,0.0,0.0,0,NOOP,greedy,6646,9021,6218,5511,5700,21696,0.20805957074025405,0,13698,2,2,342.2403516885692,171.1201758442846,2,2,,,0,NOOP,False,,
27396,dqn,150,,,1.0,1.0,0.05,0.002194025320932269,0.5640634298324585,1.5454280376434326,0.28962358832359314,0.5636983513832092,1.714478850364685,0.03987790644168854,0.18317806720733643,0.14402927458286285,10000,10000,1.0,342.2400896081381,342.2400896081381,6600,True,55,27000,0.0,0.0,2,RIGHT,greedy,6646,9021,6218,5511,5700,21696,0.20805957074025405,1,13698,2,2,342.2400896081381,171.12004480406904,2,2,,,2,RIGHT,False,,
27409,dqn,151,2.0,182,0.0,0.0,0.05,,,,,,,,,,10000,10000,1.0,342.2252193429366,342.2252193429366,6603,False,55,27000,0.0,0.0,2,RIGHT,greedy,6651,9022,6226,5511,5702,21708,0.20802626778547975,0,13705,2,2,342.2252193429366,171.1126096714683,2,2,,,2,RIGHT,False,,
27426,dqn,152,1.0,152,0.0,0.0,0.05,,,,,,,,,,10000,10000,1.0,342.2031796084163,342.2031796084163,6607,False,55,27000,0.0,0.0,0,NOOP,random,6657,9025,6232,5512,5704,21722,0.20797783125501348,1,13713,2,2,342.2031796084163,171.10158980420815,2,2,,,0,NOOP,False,,
27674,dqn,153,0.0,124,0.0,0.0,0.05,,,,,,,,,,10000,10000,1.0,342.2401973335943,342.2401973335943,6669,False,56,27500,0.0,0.0,3,LEFT,greedy,6699,9050,6362,5563,5718,21956,0.20661993206619933,1,13837,2,2,342.2401973335943,171.12009866679716,2,2,,,3,LEFT,False,,
27715,dqn,154,1.0,153,0.0,0.0,0.05,,,,,,,,,,10000,10000,1.0,342.2202644750233,342.2202644750233,6680,True,56,27500,0.0,0.0,2,RIGHT,greedy,6699,9053,6398,5566,5719,21997,0.20634290662433252,0,13858,2,2,342.2202644750233,171.11013223751166,2,2,,,2,RIGHT,False,,
27795,dqn,154,,,0.0,0.0,0.05,0.004369158763438463,0.6835044622421265,1.684018850326538,0.26822277903556824,0.6956993341445923,1.755500316619873,0.05967416986823082,0.2922734022140503,0.26512545347213745,10000,10000,1.0,342.27170548067,342.27170548067,6700,True,56,27500,0.0,0.0,1,FIRE,greedy,6707,9083,6434,5572,5720,22076,0.20578500503669592,0,13898,2,2,342.27170548067,171.135852740335,2,2,,,1,FIRE,False,,
27796,dqn,154,,,1.0,1.0,0.05,0.004369158763438463,0.6835044622421265,1.684018850326538,0.26822277903556824,0.6956993341445923,1.755500316619873,0.05967416986823082,0.2922734022140503,0.26512545347213745,10000,10000,1.0,342.27143448041517,342.27143448041517,6700,True,56,27500,0.0,0.0,2,RIGHT,greedy,6707,9083,6434,5572,5720,22076,0.20578500503669592,1,13898,2,2,342.27143448041517,171.13571724020758,2,2,,,2,RIGHT,False,,
28166,dqn,155,3.0,246,0.0,0.0,0.05,,,,,,,,,,10000,10000,1.0,342.1405750425322,342.1405750425322,6792,False,57,28000,0.0,0.0,2,RIGHT,greedy,6775,9177,6595,5619,5735,22431,0.20361428672867996,1,14083,2,2,342.1405750425322,171.0702875212661,2,2,,,2,RIGHT,False,,
28195,dqn,155,,,3.0,3.0,0.05,0.0015546041540801525,0.6600255966186523,1.7212128639221191,0.14942803978919983,0.6848276257514954,1.6786586046218872,0.04214900732040405,0.1488003134727478,0.09336800873279572,10000,10000,1.0,342.08297656001844,342.08297656001844,6800,True,57,28000,0.0,0.0,3,LEFT,random,6788,9187,6599,5622,5737,22459,0.2034685771031352,0,14098,2,2,342.08297656001844,171.04148828000922,2,2,,,3,LEFT,False,,
28196,dqn,155,,,0.0,0.0,0.05,0.0015546041540801525,0.6600255966186523,1.7212128639221191,0.14942803978919983,0.6848276257514954,1.6786586046218872,0.04214900732040405,0.1488003134727478,0.09336800873279572,10000,10000,1.0,342.0824615128478,342.0824615128478,6800,True,57,28000,0.0,0.0,0,NOOP,greedy,6788,9187,6599,5622,5737,22459,0.2034685771031352,1,14098,2,2,342.0824615128478,171.0412307564239,2,2,,,0,NOOP,False,,
28209,dqn,156,3.0,247,0.0,0.0,0.05,,,,,,,,,,10000,10000,1.0,342.03518410587895,342.03518410587895,6803,False,57,28000,0.0,0.0,0,NOOP,greedy,6802,9187,6599,5622,5737,22473,0.2033676001417937,0,14105,2,2,342.03518410587895,171.01759205293948,2,2,,,0,NOOP,False,,
28530,dqn,157,2.0,182,0.0,0.0,0.05,,,,,,,,,,10000,10000,1.0,342.0038292781226,342.0038292781226,6883,False,58,28500,0.0,0.0,0,NOOP,greedy,6930,9261,6613,5726,5758,22772,0.20182264283210655,1,14265,2,2,342.0038292781226,171.0019146390613,2,2,,,0,NOOP,False,,
28595,dqn,157,,,3.0,3.0,0.05,0.0015352792106568813,0.6871955990791321,1.6537901163101196,0.28379708528518677,0.6932096481323242,1.6585782766342163,0.04057832807302475,0.17231464385986328,0.08535721898078918,10000,10000,1.0,341.9801892872898,341.9801892872898,6900,True,58,28500,0.0,0.0,3,LEFT,greedy,6961,9265,6615,5755,5763,22833,0.20153168275283256,0,14298,2,2,341.9801892872898,170.9900946436449,2,2,,,3,LEFT,False,,
28596,dqn,157,,,1.0,1.0,0.05,0.0015352792106568813,0.6871955990791321,1.6537901163101196,0.28379708528518677,0.6932096481323242,1.6585782766342163,0.04057832807302475,0.17231464385986328,0.08535721898078918,10000,10000,1.0,341.9799218178109,341.9799218178109,6900,True,58,28500,0.0,0.0,0,NOOP,greedy,6961,9265,6615,5755,5763,22833,0.20153168275283256,1,14298,2,2,341.9799218178109,170.98996090890546,2,2,,,0,NOOP,False,,
28733,dqn,158,4.0,262,0.0,0.0,0.05,,,,,,,,,,10000,10000,1.0,341.9660871398339,341.9660871398339,6934,False,58,28500,0.0,0.0,3,LEFT,greedy,6965,9307,6618,5844,5769,22965,0.2007726038839006,0,14367,2,2,341.9660871398339,170.98304356991696,2,2,,,3,LEFT,False,,
28892,dqn,159,2.0,181,0.0,0.0,0.05,,,,,,,,,,10000,10000,1.0,342.00122933159787,342.00122933159787,6974,True,58,28500,0.0,0.0,3,LEFT,greedy,7000,9336,6623,5933,5782,23110,0.20012460196594212,1,14446,2,2,342.00122933159787,171.00061466579893,2,2,,,3,LEFT,False,,
28983,dqn,160,0.0,125,0.0,0.0,0.05,,,,,,,,,,10000,10000,1.0,342.0034576708488,342.0034576708488,6997,True,58,28500,0.0,0.0,3,LEFT,greedy,7026,9357,6656,5945,5786,23198,0.19962738062379243,0,14492,2,2,342.0034576708488,171.0017288354244,2,2,,,3,LEFT,False,,
28995,dqn,160,,,0.0,0.0,0.05,0.0019176553469151258,0.6769231557846069,1.7375445365905762,0.14802399277687073,0.7134443521499634,1.929781436920166,0.04205218702554703,0.19223690032958984,0.267480731010437,10000,10000,1.0,341.9883392164383,341.9883392164383,7000,True,58,28500,0.0,0.0,2,RIGHT,greedy,7026,9360,6662,5948,5787,23209,0.19957925231066354,0,14498,2,2,341.9883392164383,170.99416960821915,2,2,,,2,RIGHT,False,,
28996,dqn,160,,,1.0,1.0,0.05,0.0019176553469151258,0.6769231557846069,1.7375445365905762,0.14802399277687073,0.7134443521499634,1.929781436920166,0.04205218702554703,0.19223690032958984,0.267480731010437,10000,10000,1.0,341.9880762317755,341.9880762317755,7000,True,58,28500,0.0,0.0,2,RIGHT,greedy,7026,9360,6662,5948,5787,23209,0.19957925231066354,1,14498,2,2,341.9880762317755,170.99403811588775,2,2,,,2,RIGHT,False,,
29233,dqn,161,0.0,125,0.0,0.0,0.05,,,,,,,,,,10000,10000,1.0,341.9470165786374,341.9470165786374,7059,False,59,29000,0.0,0.0,0,NOOP,greedy,7099,9414,6734,5987,5798,23436,0.19833071081617296,0,14617,2,2,341.9470165786374,170.9735082893187,2,2,,,0,NOOP,False,,
29395,dqn,161,,,0.0,0.0,0.05,0.003642925526946783,0.7081740498542786,1.7007622718811035,0.354481041431427,0.7329326868057251,1.641244888305664,0.05077855661511421,0.35283875465393066,0.19489893317222595,10000,10000,1.0,341.9281590842426,341.9281590842426,7100,True,59,29000,0.0,0.0,0,NOOP,greedy,7154,9460,6768,6014,5800,23596,0.19730575588515445,0,14698,2,2,341.9281590842426,170.9640795421213,2,2,,,0,NOOP,False,,
29396,dqn,161,,,4.0,4.0,0.05,0.003642925526946783,0.7081740498542786,1.7007622718811035,0.354481041431427,0.7329326868057251,1.641244888305664,0.05077855661511421,0.35283875465393066,0.19489893317222595,10000,10000,1.0,341.9279164729477,341.9279164729477,7100,True,59,29000,0.0,0.0,3,LEFT,greedy,7154,9460,6768,6014,5800,23596,0.19730575588515445,1,14698,2,2,341.9279164729477,170.96395823647384,2,2,,,3,LEFT,False,,
29483,dqn,162,0.0,125,0.0,0.0,0.05,,,,,,,,,,10000,10000,1.0,341.9038257729978,341.9038257729978,7122,True,59,29000,0.0,0.0,0,NOOP,greedy,7197,9473,6794,6020,5804,23680,0.19685253018586352,0,14742,2,2,341.9038257729978,170.9519128864989,2,2,,,0,NOOP,False,,
29582,dqn,163,5.0,345,0.0,0.0,0.05,,,,,,,,,,10000,10000,1.0,341.8891365200366,341.8891365200366,7146,False,60,29500,0.0,0.0,3,LEFT,greedy,7210,9497,6820,6055,5809,23773,0.19636941383273612,1,14791,2,2,341.8891365200366,170.9445682600183,2,2,,,3,LEFT,False,,
29795,dqn,163,,,2.0,2.0,0.05,0.0009582180064171553,0.5916077494621277,1.5722259283065796,0.16516409814357758,0.5870886445045471,1.5960197448730469,0.033808641135692596,0.1441555619239807,0.08687005192041397,10000,10000,1.0,341.8228393759857,341.8228393759857,7200,True,60,29500,0.0,0.0,2,RIGHT,greedy,7230,9630,6875,6061,5822,23974,0.19539535508121897,0,14898,2,2,341.8228393759857,170.91141968799286,2,2,,,2,RIGHT,False,,
29796,dqn,163,,,1.0,1.0,0.05,0.0009582180064171553,0.5916077494621277,1.5722259283065796,0.16516409814357758,0.5870886445045471,1.5960197448730469,0.033808641135692596,0.1441555619239807,0.08687005192041397,10000,10000,1.0,341.8226025219519,341.8226025219519,7200,True,60,29500,0.0,0.0,1,FIRE,greedy,7230,9630,6875,6061,5822,23974,0.19539535508121897,1,14898,2,2,341.8226025219519,170.91130126097596,2,2,,,1,FIRE,False,,
29881,dqn,164,2.0,199,0.0,0.0,0.05,,,,,,,,,,10000,10000,1.0,341.85746920865904,341.85746920865904,7221,False,60,29500,0.0,0.0,2,RIGHT,greedy,7255,9661,6897,6069,5826,24056,0.19496686968743726,0,14941,2,2,341.85746920865904,170.92873460432952,2,2,,,2,RIGHT,False,,
29978,dqn,165,2.0,198,0.0,0.0,0.05,,,,,,,,,,10000,10000,1.0,341.74895473362045,341.74895473362045,7245,False,60,29500,0.0,0.0,2,RIGHT,greedy,7259,9677,6971,6071,5831,24147,0.194509306825005,1,14989,2,2,341.74895473362045,170.87447736681023,2,2,,,2,RIGHT,False,,
30195,dqn,165,,,3.0,3.0,0.05,0.001808765111491084,0.6573594808578491,1.515432596206665,0.24364015460014343,0.6853411197662354,1.5834945440292358,0.04869142919778824,0.1707478165626526,0.17125286161899567,10000,10000,1.0,341.8585228945203,341.8585228945203,7300,True,61,30000,0.0,0.0,2,RIGHT,greedy,7285,9738,7092,6081,5846,24350,0.19360180156312096,0,15098,2,2,341.8585228945203,170.92926144726016,2,2,,,2,RIGHT,False,,
30196,dqn,165,,,0.0,0.0,0.05,0.001808765111491084,0.6573594808578491,1.515432596206665,0.24364015460014343,0.6853411197662354,1.5834945440292358,0.04869142919778824,0.1707478165626526,0.17125286161899567,10000,10000,1.0,341.85810142050155,341.85810142050155,7300,True,61,30000,0.0,0.0,0,NOOP,greedy,7285,9738,7092,6081,5846,24350,0.19360180156312096,1,15098,2,2,341.85810142050155,170.92905071025078,2,2,,,0,NOOP,False,,
30226,dqn,166,0.0,124,0.0,0.0,0.05,,,,,,,,,,10000,10000,1.0,341.82943344618377,341.82943344618377,7307,False,61,30000,0.0,0.0,0,NOOP,greedy,7313,9739,7092,6082,5847,24379,0.19344273142327797,1,15113,2,2,341.82943344618377,170.91471672309189,2,2,,,0,NOOP,False,,
30551,dqn,167,6.0,335,0.0,0.0,0.05,,,,,,,,,,10000,10000,1.0,341.9113678983672,341.9113678983672,7389,True,62,30500,0.0,0.0,3,LEFT,greedy,7425,9768,7156,6203,5864,24688,0.1919350615344331,0,15276,2,2,341.9113678983672,170.9556839491836,2,2,,,3,LEFT,False,,
30592,dqn,168,2.0,183,0.0,0.0,0.05,,,,,,,,,,10000,10000,1.0,341.89101565853247,341.89101565853247,7399,True,62,30500,0.0,0.0,2,RIGHT,greedy,7439,9770,7180,6203,5865,24727,0.19171678870292888,1,15296,2,2,341.89101565853247,170.94550782926623,2,2,,,2,RIGHT,False,,
30595,dqn,168,,,0.0,0.0,0.05,0.001275540329515934,0.6986475586891174,1.7190181016921997,0.11237259954214096,0.7003002166748047,1.6301941871643066,0.034803882241249084,0.153006911277771,0.25343817472457886,10000,10000,1.0,341.8776498225629,341.8776498225629,7400,True,62,30500,0.0,0.0,2,RIGHT,greedy,7439,9772,7182,6203,5865,24731,0.1916917244084194,0,15298,2,2,341.8776498225629,170.93882491128144,2,2,,,2,RIGHT,False,,
30596,dqn,168,,,0.0,0.0,0.05,0.001275540329515934,0.6986475586891174,1.7190181016921997,0.11237259954214096,0.7003002166748047,1.6301941871643066,0.034803882241249084,0.153006911277771,0.25343817472457886,10000,10000,1.0,341.8774194691885,341.8774194691885,7400,True,62,30500,0.0,0.0,1,FIRE,fire_reset,7439,9772,7182,6203,5865,24731,0.1916917244084194,1,15298,2,2,341.8774194691885,170.93870973459425,2,2,,,2,RIGHT,True,initial_serve,
30838,dqn,169,0.0,123,0.0,0.0,0.05,,,,,,,,,,10000,10000,1.0,342.01334242403993,342.01334242403993,7460,False,62,30500,0.0,0.0,1,FIRE,greedy,7482,9822,7324,6210,5873,24965,0.1904468512873727,1,15419,2,2,342.01334242403993,171.00667121201997,2,2,,,1,FIRE,False,,
30949,dqn,170,2.0,199,0.0,0.0,0.05,,,,,,,,,,10000,10000,1.0,341.96784046945845,341.96784046945845,7488,False,62,30500,0.0,0.0,2,RIGHT,greedy,7486,9843,7400,6221,5880,25070,0.189983844911147,0,15475,2,2,341.96784046945845,170.98392023472923,2,2,,,2,RIGHT,False,,
30995,dqn,170,,,0.0,0.0,0.05,0.0010587413562461734,0.674262285232544,1.6529533863067627,0.2282540500164032,0.6837305426597595,1.5991350412368774,0.03551298752427101,0.13019472360610962,0.11670403182506561,10000,10000,1.0,341.91393541746885,341.91393541746885,7500,True,62,30500,0.0,0.0,1,FIRE,greedy,7498,9875,7400,6223,5883,25113,0.18979868370112274,0,15498,2,2,341.91393541746885,170.95696770873442,2,2,,,1,FIRE,False,,
30996,dqn,170,,,2.0,2.0,0.05,0.0010587413562461734,0.674262285232544,1.6529533863067627,0.2282540500164032,0.6837305426597595,1.5991350412368774,0.03551298752427101,0.13019472360610962,0.11670403182506561,10000,10000,1.0,341.91366461592656,341.91366461592656,7500,True,62,30500,1.0,1.0,1,FIRE,greedy,7498,9875,7400,6223,5883,25113,0.18979868370112274,1,15498,2,2,341.91366461592656,170.95683230796328,2,2,,,1,FIRE,False,,
31395,dqn,170,,,3.0,3.0,0.05,0.0013401077594608068,0.6114038228988647,1.36017644405365,0.2300654500722885,0.6319935321807861,1.484324336051941,0.040078774094581604,0.12414789199829102,0.16716152429580688,10000,10000,1.0,341.4794765604199,341.4794765604199,7600,True,63,31000,0.0,0.0,2,RIGHT,greedy,7539,9942,7570,6345,5906,25490,0.18811313543126512,0,15698,2,2,341.4794765604199,170.73973828020996,2,2,,,2,RIGHT,False,,
31396,dqn,170,,,4.0,4.0,0.05,0.0013401077594608068,0.6114038228988647,1.36017644405365,0.2300654500722885,0.6319935321807861,1.484324336051941,0.040078774094581604,0.12414789199829102,0.16716152429580688,10000,10000,1.0,341.4791274342669,341.4791274342669,7600,True,63,31000,0.0,0.0,2,RIGHT,greedy,7539,9942,7570,6345,5906,25490,0.18811313543126512,1,15698,2,2,341.4791274342669,170.73956371713345,2,2,,,2,RIGHT,False,,
31432,dqn,171,4.0,297,0.0,0.0,0.05,,,,,,,,,,10000,10000,1.0,341.42722829459296,341.42722829459296,7609,True,63,31000,0.0,0.0,3,LEFT,greedy,7541,9944,7585,6362,5910,25522,0.18802494273351997,1,15716,2,2,341.42722829459296,170.71361414729648,2,2,,,3,LEFT,False,,
31635,dqn,172,5.0,343,0.0,0.0,0.05,,,,,,,,,,10000,10000,1.0,341.31735615412765,341.31735615412765,7660,True,64,31500,0.0,0.0,3,LEFT,greedy,7556,9992,7650,6438,5924,25712,0.18725502591983817,0,15818,2,2,341.31735615412765,170.65867807706383,2,2,,,3,LEFT,False,,
31795,dqn,172,,,0.0,0.0,0.05,0.0007026421953924,0.6181782484054565,1.8310891389846802,0.07292064279317856,0.6417356729507446,1.7814812660217285,0.029819944873452187,0.09042954444885254,0.07784686982631683,10000,10000,1.0,341.236108765148,341.236108765148,7700,True,64,31500,0.0,0.0,2,RIGHT,greedy,7573,10021,7742,6460,5934,25862,0.18662724871052963,0,15898,2,2,341.236108765148,170.618054382574,2,2,,,2,RIGHT,False,,
31796,dqn,172,,,2.0,2.0,0.05,0.0007026421953924,0.6181782484054565,1.8310891389846802,0.07292064279317856,0.6417356729507446,1.7814812660217285,0.029819944873452187,0.09042954444885254,0.07784686982631683,10000,10000,1.0,341.23586779582524,341.23586779582524,7700,True,64,31500,0.0,0.0,2,RIGHT,greedy,7573,10021,7742,6460,5934,25862,0.18662724871052963,1,15898,2,2,341.23586779582524,170.61793389791262,2,2,,,2,RIGHT,False,,
31883,dqn,173,0.0,124,0.0,0.0,0.05,,,,,,,,,,10000,10000,1.0,341.20469178195845,341.20469178195845,7722,True,64,31500,0.0,0.0,3,LEFT,greedy,7576,10032,7793,6483,5939,25945,0.18626897503450007,0,15942,2,2,341.20469178195845,170.60234589097922,2,2,,,3,LEFT,False,,
32064,dqn,174,4.0,316,0.0,0.0,0.05,,,,,,,,,,10000,10000,1.0,341.34019883598205,341.34019883598205,7767,True,65,32000,0.0,0.0,3,LEFT,greedy,7586,10070,7903,6505,5949,26115,0.18553517964071856,1,16032,2,2,341.34019883598205,170.67009941799103,2,2,,,3,LEFT,False,,
32133,dqn,175,0.0,125,0.0,0.0,0.05,,,,,,,,,,10000,10000,1.0,341.33455964196867,341.33455964196867,7784,False,65,32000,0.0,0.0,3,LEFT,greedy,7595,10074,7945,6520,5955,26179,0.18531773199726148,0,16067,2,2,341.33455964196867,170.66727982098433,2,2,,,3,LEFT,False,,
32195,dqn,175,,,0.0,0.0,0.05,0.00317899277433753,0.7651212215423584,1.9295260906219482,0.2327749878168106,0.8201049566268921,2.1180472373962402,0.05625748634338379,0.23563766479492188,0.320128858089447,10000,10000,1.0,341.3547215148728,341.3547215148728,7800,True,65,32000,0.0,0.0,2,RIGHT,greedy,7598,10092,7977,6529,5964,26232,0.18524040253447632,0,16098,2,2,341.3547215148728,170.6773607574364,2,2,,,2,RIGHT,False,,
32196,dqn,175,,,1.0,1.0,0.05,0.00317899277433753,0.7651212215423584,1.9295260906219482,0.2327749878168106,0.8201049566268921,2.1180472373962402,0.05625748634338379,0.23563766479492188,0.320128858089447,10000,10000,1.0,341.3544797538167,341.3544797538167,7800,True,65,32000,0.0,0.0,0,NOOP,random,7598,10092,7977,6529,5964,26232,0.18524040253447632,1,16098,2,2,341.3544797538167,170.67723987690835,2,2,,,0,NOOP,False,,
32595,dqn,175,,,3.0,3.0,0.05,0.0014758758479729295,0.7284582853317261,2.016848087310791,0.24701596796512604,0.7067363262176514,1.9636403322219849,0.04175851494073868,0.11951911449432373,0.3800252676010132,10000,10000,1.0,341.3950245082015,341.3950245082015,7900,True,66,32500,0.0,0.0,2,RIGHT,random,7622,10215,8183,6576,5979,26617,0.18342741440667568,0,16298,2,2,341.3950245082015,170.69751225410076,2,2,,,2,RIGHT,False,,
32596,dqn,175,,,4.0,4.0,0.05,0.0014758758479729295,0.7284582853317261,2.016848087310791,0.24701596796512604,0.7067363262176514,1.9636403322219849,0.04175851494073868,0.11951911449432373,0.3800252676010132,10000,10000,1.0,341.39479352389924,341.39479352389924,7900,True,66,32500,0.0,0.0,1,FIRE,greedy,7622,10215,8183,6576,5979,26617,0.18342741440667568,1,16298,2,2,341.39479352389924,170.69739676194962,2,2,,,1,FIRE,False,,
32758,dqn,176,5.0,347,0.0,0.0,0.05,,,,,,,,,,10000,10000,1.0,341.4108338608971,341.4108338608971,7940,False,66,32500,0.0,0.0,2,RIGHT,greedy,7634,10240,8273,6611,5987,26771,0.18276451553818915,1,16379,2,2,341.4108338608971,170.70541693044856,2,2,,,2,RIGHT,False,,
32827,dqn,177,5.0,347,0.0,0.0,0.05,,,,,,,,,,10000,10000,1.0,341.3808293411596,341.3808293411596,7958,True,66,32500,0.0,0.0,2,RIGHT,greedy,7635,10262,8316,6615,5989,26839,0.18243572560009746,0,16414,2,2,341.3808293411596,170.6904146705798,2,2,,,2,RIGHT,False,,
32995,dqn,177,,,0.0,0.0,0.05,0.0015959754819050431,0.7082059383392334,1.9341793060302734,0.3086063265800476,0.6972379088401794,2.0124268531799316,0.045216575264930725,0.13338619470596313,0.12301705032587051,10000,10000,1.0,341.3507534640442,341.3507534640442,8000,True,66,32500,0.0,0.0,1,FIRE,greedy,7681,10373,8324,6618,5996,27000,0.18171899624196872,0,16498,2,2,341.3507534640442,170.6753767320221,2,2,,,1,FIRE,False,,
32996,dqn,177,,,1.0,1.0,0.05,0.0015959754819050431,0.7082059383392334,1.9341793060302734,0.3086063265800476,0.6972379088401794,2.0124268531799316,0.045216575264930725,0.13338619470596313,0.12301705032587051,10000,10000,1.0,341.35053840472233,341.35053840472233,8000,True,66,32500,0.0,0.0,2,RIGHT,greedy,7681,10373,8324,6618,5996,27000,0.18171899624196872,1,16498,2,2,341.35053840472233,170.67526920236116,2,2,,,2,RIGHT,False,,
33129,dqn,178,1.0,151,0.0,0.0,0.05,,,,,,,,,,10000,10000,1.0,341.35290764619646,341.35290764619646,8033,False,67,33000,0.0,0.0,3,LEFT,greedy,7683,10458,8365,6624,6004,27126,0.18122547539993963,0,16565,2,2,341.35290764619646,170.67645382309823,2,2,,,3,LEFT,False,,
33252,dqn,179,3.0,247,0.0,0.0,0.05,,,,,,,,,,10000,10000,1.0,341.26516137625134,341.26516137625134,8064,True,67,33000,0.0,0.0,3,LEFT,greedy,7692,10521,8393,6646,6013,27239,0.1808312281968002,1,16626,2,2,341.26516137625134,170.63258068812567,2,2,,,3,LEFT,False,,
33395,dqn,179,,,1.0,1.0,0.05,0.002703821286559105,0.8217136263847351,1.987209439277649,0.2664245665073395,0.8364416360855103,1.9795879125595093,0.04265546053647995,0.32253873348236084,0.3253450095653534,10000,10000,1.0,341.2287089356824,341.2287089356824,8100,True,67,33000,0.0,0.0,2,RIGHT,greedy,7714,10577,8456,6649,6021,27375,0.1802910528206971,0,16698,2,2,341.2287089356824,170.6143544678412,2,2,,,2,RIGHT,False,,
33396,dqn,179,,,0.0,0.0,0.05,0.002703821286559105,0.8217136263847351,1.987209439277649,0.2664245665073395,0.8364416360855103,1.9795879125595093,0.04265546053647995,0.32253873348236084,0.3253450095653534,10000,10000,1.0,341.2284749881679,341.2284749881679,8100,True,67,33000,0.0,0.0,2,RIGHT,greedy,7714,10577,8456,6649,6021,27375,0.1802910528206971,1,16698,2,2,341.2284749881679,170.61423749408394,2,2,,,2,RIGHT,False,,
33496,dqn,180,0.0,122,0.0,0.0,0.05,,,,,,,,,,10000,10000,1.0,341.1391725487223,341.1391725487223,8125,True,67,33000,0.0,0.0,1,FIRE,greedy,7722,10657,8467,6650,6028,27468,0.179961786481968,1,16748,2,2,341.1391725487223,170.56958627436114,2,2,,,1,FIRE,False,,
33523,dqn,181,2.0,197,0.0,0.0,0.05,,,,,,,,,,10000,10000,1.0,341.1267343380878,341.1267343380878,8132,True,68,33500,0.0,0.0,2,RIGHT,greedy,7722,10675,8471,6656,6028,27496,0.17981147834387304,0,16762,2,2,341.1267343380878,170.5633671690439,2,2,,,2,RIGHT,False,,
33769,dqn,182,0.0,123,0.0,0.0,0.05,,,,,,,,,,10000,10000,1.0,341.1704220384957,341.1704220384957,8193,False,68,33500,0.0,0.0,3,LEFT,greedy,7732,10831,8513,6694,6040,27730,0.17885697364524727,0,16885,2,2,341.1704220384957,170.58521101924785,2,2,,,3,LEFT,False,,
33795,dqn,182,,,0.0,0.0,0.05,0.00942390225827694,0.8455110788345337,2.205238103866577,0.1937793493270874,0.7885934114456177,2.0819931030273438,0.08108235895633698,0.4957687258720398,0.5839377045631409,10000,10000,1.0,341.1395450758997,341.1395450758997,8200,True,68,33500,0.0,0.0,2,RIGHT,greedy,7732,10834,8536,6694,6040,27756,0.17871937507397326,0,16898,2,2,341.1395450758997,170.56977253794986,2,2,,,2,RIGHT,False,,
33796,dqn,182,,,1.0,1.0,0.05,0.00942390225827694,0.8455110788345337,2.205238103866577,0.1937793493270874,0.7885934114456177,2.0819931030273438,0.08108235895633698,0.4957687258720398,0.5839377045631409,10000,10000,1.0,341.1393412214627,341.1393412214627,8200,True,68,33500,0.0,0.0,2,RIGHT,greedy,7732,10834,8536,6694,6040,27756,0.17871937507397326,1,16898,2,2,341.1393412214627,170.56967061073135,2,2,,,2,RIGHT,False,,
33892,dqn,183,2.0,198,0.0,0.0,0.05,,,,,,,,,,10000,10000,1.0,341.03815455631644,341.03815455631644,8224,True,68,33500,0.0,0.0,3,LEFT,greedy,7753,10855,8555,6729,6044,27848,0.17833116959754514,1,16946,2,2,341.03815455631644,170.51907727815822,2,2,,,3,LEFT,False,,
34195,dqn,183,,,3.0,3.0,0.05,0.0026611897628754377,0.7813497185707092,1.6974278688430786,0.1740550994873047,0.7985469698905945,1.6959551572799683,0.04666652902960777,0.25409626960754395,0.22032418847084045,10000,10000,1.0,340.87006082250855,340.87006082250855,8300,True,69,34000,0.0,0.0,2,RIGHT,greedy,7774,10966,8647,6809,6056,28140,0.17709673646040472,0,17098,2,2,340.87006082250855,170.43503041125427,2,2,,,2,RIGHT,False,,
34196,dqn,183,,,2.0,2.0,0.05,0.0026611897628754377,0.7813497185707092,1.6974278688430786,0.1740550994873047,0.7985469698905945,1.6959551572799683,0.04666652902960777,0.25409626960754395,0.22032418847084045,10000,10000,1.0,340.8695868250025,340.8695868250025,8300,True,69,34000,0.0,0.0,3,LEFT,greedy,7774,10966,8647,6809,6056,28140,0.17709673646040472,1,17098,2,2,340.8695868250025,170.43479341250125,2,2,,,3,LEFT,False,,
34286,dqn,184,2.0,197,0.0,0.0,0.05,,,,,,,,,,10000,10000,1.0,340.68196839227863,340.68196839227863,8322,False,69,34000,0.0,0.0,3,LEFT,random,7778,11005,8676,6827,6062,28224,0.17680685994283382,1,17143,2,2,340.68196839227863,170.34098419613932,2,2,,,3,LEFT,False,,
34423,dqn,185,5.0,327,0.0,0.0,0.05,,,,,,,,,,10000,10000,1.0,340.62124500227134,340.62124500227134,8357,True,69,34000,0.0,0.0,0,NOOP,greedy,7809,11079,8678,6858,6067,28357,0.17624331861491982,0,17212,2,2,340.62124500227134,170.31062250113567,2,2,,,0,NOOP,False,,
34595,dqn,185,,,0.0,0.0,0.05,0.004591417498886585,0.995783269405365,1.819262981414795,0.1347196102142334,1.0109171867370605,1.8153339624404907,0.058589912950992584,0.3901028633117676,0.18853344023227692,10000,10000,1.0,340.7150150010113,340.7150150010113,8400,True,70,34500,0.0,0.0,1,FIRE,greedy,7821,11171,8730,6874,6083,28513,0.17582957567348825,0,17298,2,2,340.7150150010113,170.35750750050565,2,2,,,1,FIRE,False,,
34596,dqn,185,,,2.0,2.0,0.05,0.004591417498886585,0.995783269405365,1.819262981414795,0.1347196102142334,1.0109171867370605,1.8153339624404907,0.058589912950992584,0.3901028633117676,0.18853344023227692,10000,10000,1.0,340.71479286800803,340.71479286800803,8400,True,70,34500,0.0,0.0,3,LEFT,greedy,7821,11171,8730,6874,6083,28513,0.17582957567348825,1,17298,2,2,340.71479286800803,170.35739643400402,2,2,,,3,LEFT,False,,
34667,dqn,186,0.0,122,0.0,0.0,0.05,,,,,,,,,,10000,10000,1.0,340.7395792272249,340.7395792272249,8418,True,70,34500,0.0,0.0,1,FIRE,greedy,7822,11231,8736,6879,6085,28583,0.17552209530402677,0,17334,2,2,340.7395792272249,170.36978961361245,2,2,,,1,FIRE,False,,
34680,dqn,187,2.0,197,0.0,0.0,0.05,,,,,,,,,,10000,10000,1.0,340.72100037690785,340.72100037690785,8421,True,70,34500,0.0,0.0,2,RIGHT,greedy,7822,11237,8742,6879,6085,28595,0.17546136101499424,1,17340,2,2,340.72100037690785,170.36050018845393,2,2,,,2,RIGHT,False,,
34995,dqn,187,,,2.0,2.0,0.05,0.0023606522008776665,0.7316023707389832,1.8218564987182617,0.233956441283226,0.7344939708709717,1.586053729057312,0.04656418040394783,0.2358027696609497,0.19883951544761658,10000,10000,1.0,340.84698016318356,340.84698016318356,8500,True,70,34500,0.0,0.0,1,FIRE,greedy,7844,11401,8826,6925,6100,28896,0.17430563492970624,0,17498,2,2,340.84698016318356,170.42349008159178,2,2,,,1,FIRE,False,,
34996,dqn,187,,,2.0,2.0,0.05,0.0023606522008776665,0.7316023707389832,1.8218564987182617,0.233956441283226,0.7344939708709717,1.586053729057312,0.04656418040394783,0.2358027696609497,0.19883951544761658,10000,10000,1.0,340.8467590703268,340.8467590703268,8500,True,70,34500,0.0,0.0,0,NOOP,random,7844,11401,8826,6925,6100,28896,0.17430563492970624,1,17498,2,2,340.8467590703268,170.4233795351634,2,2,,,0,NOOP,False,,
35061,dqn,188,2.0,197,0.0,0.0,0.05,,,,,,,,,,10000,10000,1.0,340.8792002771514,340.8792002771514,8516,False,71,35000,0.0,0.0,1,FIRE,greedy,7853,11444,8839,6926,6105,28957,0.17412013005533056,0,17531,2,2,340.8792002771514,170.4396001385757,2,2,,,1,FIRE,False,,
35172,dqn,189,3.0,246,0.0,0.0,0.05,,,,,,,,,,10000,10000,1.0,340.8887534653746,340.8887534653746,8544,True,71,35000,0.0,0.0,3,LEFT,greedy,7859,11494,8849,6970,6109,29063,0.17368929830547025,1,17586,2,2,340.8887534653746,170.4443767326873,2,2,,,3,LEFT,False,,
35307,dqn,190,0.0,123,0.0,0.0,0.05,,,,,,,,,,10000,10000,1.0,340.9344229047175,340.9344229047175,8578,True,71,35000,0.0,0.0,3,LEFT,greedy,7882,11567,8869,6990,6113,29195,0.17313356746346437,0,17654,2,2,340.9344229047175,170.46721145235875,2,2,,,3,LEFT,False,,
35395,dqn,190,,,1.0,1.0,0.05,0.0017974409274756908,0.7644716501235962,1.8460910320281982,0.16629192233085632,0.7973127961158752,1.847618579864502,0.044771984219551086,0.12808644771575928,0.20361396670341492,10000,10000,1.0,340.98688426783747,340.98688426783747,8600,True,71,35000,0.0,0.0,2,RIGHT,greedy,7907,11571,8907,7011,6117,29279,0.17281613741665725,0,17698,2,2,340.98688426783747,170.49344213391873,2,2,,,2,RIGHT,False,,
35396,dqn,190,,,1.0,1.0,0.05,0.0017974409274756908,0.7644716501235962,1.8460910320281982,0.16629192233085632,0.7973127961158752,1.847618579864502,0.044771984219551086,0.12808644771575928,0.20361396670341492,10000,10000,1.0,340.9866730489189,340.9866730489189,8600,True,71,35000,0.0,0.0,0,NOOP,greedy,7907,11571,8907,7011,6117,29279,0.17281613741665725,1,17698,2,2,340.9866730489189,170.49333652445944,2,2,,,0,NOOP,False,,
35476,dqn,191,1.0,152,0.0,0.0,0.05,,,,,,,,,,10000,10000,1.0,341.03622092713425,341.03622092713425,8620,True,71,35000,0.0,0.0,2,RIGHT,greedy,7920,11584,8945,7027,6121,29355,0.17253918141842373,1,17738,2,2,341.03622092713425,170.51811046356713,2,2,,,2,RIGHT,False,,
35795,dqn,191,,,3.0,3.0,0.05,0.0015027836197987199,0.594929575920105,1.5202038288116455,0.05287434905767441,0.6269175410270691,1.582043170928955,0.03812670707702637,0.1986944079399109,0.1527782529592514,10000,10000,1.0,341.21457338693904,341.21457338693904,8700,True,72,35500,0.0,0.0,3,LEFT,greedy,7937,11724,9058,7077,6136,29660,0.1714158006481171,0,17898,2,2,341.21457338693904,170.60728669346952,2,2,,,3,LEFT,False,,
35796,dqn,191,,,2.0,2.0,0.05,0.0015027836197987199,0.594929575920105,1.5202038288116455,0.05287434905767441,0.6269175410270691,1.582043170928955,0.03812670707702637,0.1986944079399109,0.1527782529592514,10000,10000,1.0,341.2143730315053,341.2143730315053,8700,True,72,35500,0.0,0.0,2,RIGHT,greedy,7937,11724,9058,7077,6136,29660,0.1714158006481171,1,17898,2,2,341.2143730315053,170.60718651575266,2,2,,,2,RIGHT,False,,
35857,dqn,192,4.0,275,0.0,0.0,0.05,,,,,,,,,,10000,10000,1.0,341.2391790269267,341.2391790269267,8715,False,72,35500,0.0,0.0,0,NOOP,greedy,7951,11735,9070,7102,6136,29722,0.1711194154721401,0,17929,2,2,341.2391790269267,170.61958951346335,2,2,,,0,NOOP,False,,
35930,dqn,193,3.0,227,0.0,0.0,0.05,,,,,,,,,,10000,10000,1.0,341.2499319031765,341.2499319031765,8733,False,72,35500,0.0,0.0,3,LEFT,greedy,7962,11776,9078,7114,6138,29792,0.170832173671027,1,17965,2,2,341.2499319031765,170.62496595158825,2,2,,,3,LEFT,False,,
36195,dqn,193,,,2.0,2.0,0.05,0.0013385838828980923,0.9224634766578674,2.111316680908203,0.26955446600914,0.9174631237983704,2.1780214309692383,0.04258345067501068,0.10760647058486938,0.2145480215549469,10000,10000,1.0,341.36371285522,341.36371285522,8800,True,73,36000,0.0,0.0,1,FIRE,greedy,8036,11868,9149,7143,6152,30044,0.1699635318819759,0,18098,2,2,341.36371285522,170.68185642761,2,2,,,1,FIRE,False,,
36196,dqn,193,,,2.0,2.0,0.05,0.0013385838828980923,0.9224634766578674,2.111316680908203,0.26955446600914,0.9174631237983704,2.1780214309692383,0.04258345067501068,0.10760647058486938,0.2145480215549469,10000,10000,1.0,341.36352001403515,341.36352001403515,8800,True,73,36000,0.0,0.0,1,FIRE,greedy,8036,11868,9149,7143,6152,30044,0.1699635318819759,1,18098,2,2,341.36352001403515,170.68176000701757,2,2,,,1,FIRE,False,,
36349,dqn,194,3.0,246,0.0,0.0,0.05,,,,,,,,,,10000,10000,1.0,341.44667333448075,341.44667333448075,8838,False,73,36000,0.0,0.0,2,RIGHT,greedy,8042,11879,9257,7172,6158,30192,0.16940852819807428,0,18175,2,2,341.44667333448075,170.72333666724037,2,2,,,2,RIGHT,False,,
36595,dqn,194,,,1.0,1.0,0.05,0.0023206754121929407,1.0368273258209229,1.9629027843475342,0.11820550262928009,1.0775768756866455,1.9955140352249146,0.046431105583906174,0.23683393001556396,0.2972494959831238,10000,10000,1.0,341.5741516647204,341.5741516647204,8900,True,74,36500,0.0,0.0,2,RIGHT,greedy,8073,11965,9329,7229,6169,30427,0.16857033555579845,0,18298,2,2,341.5741516647204,170.7870758323602,2,2,,,2,RIGHT,False,,
36596,dqn,194,,,5.0,5.0,0.05,0.0023206754121929407,1.0368273258209229,1.9629027843475342,0.11820550262928009,1.0775768756866455,1.9955140352249146,0.046431105583906174,0.23683393001556396,0.2972494959831238,10000,10000,1.0,341.5739587831933,341.5739587831933,8900,True,74,36500,0.0,0.0,2,RIGHT,greedy,8073,11965,9329,7229,6169,30427,0.16857033555579845,1,18298,2,2,341.5739587831933,170.78697939159665,2,2,,,2,RIGHT,False,,
36743,dqn,195,2.0,197,0.0,0.0,0.05,,,,,,,,,,10000,10000,1.0,341.54940922388147,341.54940922388147,8937,True,74,36500,0.0,0.0,3,LEFT,random,8084,11979,9389,7292,6179,30565,0.16816350968865665,0,18372,2,2,341.54940922388147,170.77470461194073,2,2,,,3,LEFT,False,,
36856,dqn,196,8.0,463,0.0,0.0,0.05,,,,,,,,,,10000,10000,1.0,341.4980387987144,341.4980387987144,8965,True,74,36500,0.0,0.0,3,LEFT,greedy,8112,12004,9423,7317,6181,30675,0.16770675059691773,1,18428,2,2,341.4980387987144,170.7490193993572,2,2,,,3,LEFT,False,,
36995,dqn,196,,,2.0,2.0,0.05,0.0005500941770151258,0.8349955677986145,1.8944588899612427,0.23332418501377106,0.8462086319923401,1.9076743125915527,0.02562585286796093,0.06927788257598877,0.05574781447649002,10000,10000,1.0,341.4984698087025,341.4984698087025,9000,True,74,36500,0.0,0.0,1,FIRE,fire_reset,8130,12088,9454,7324,6189,30807,0.16728835549789167,0,18498,2,2,341.4984698087025,170.74923490435125,2,2,,,1,FIRE,False,after_life_loss,
36996,dqn,196,,,0.0,0.0,0.05,0.0005500941770151258,0.8349955677986145,1.8944588899612427,0.23332418501377106,0.8462086319923401,1.9076743125915527,0.02562585286796093,0.06927788257598877,0.05574781447649002,10000,10000,1.0,341.4982790971446,341.4982790971446,9000,True,74,36500,0.0,0.0,0,NOOP,greedy,8130,12088,9454,7324,6189,30807,0.16728835549789167,1,18498,2,2,341.4982790971446,170.7491395485723,2,2,,,0,NOOP,False,,
37139,dqn,197,2.0,198,0.0,0.0,0.05,,,,,,,,,,10000,10000,1.0,341.4212039118971,341.4212039118971,9036,True,75,37000,0.0,0.0,0,NOOP,random,8150,12142,9492,7356,6195,30945,0.16680129240710823,0,18570,2,2,341.4212039118971,170.71060195594856,2,2,,,0,NOOP,False,,
37395,dqn,197,,,1.0,1.0,0.05,0.0014544742880389094,0.7257465124130249,1.6265000104904175,0.187333881855011,0.7279669046401978,1.53449547290802,0.03961917757987976,0.1474475860595703,0.13534662127494812,10000,10000,1.0,341.4383118467986,341.4383118467986,9100,True,75,37000,0.0,0.0,2,RIGHT,greedy,8216,12245,9538,7397,6205,31191,0.16592683709487646,0,18698,2,2,341.4383118467986,170.7191559233993,2,2,,,2,RIGHT,False,,
37396,dqn,197,,,4.0,4.0,0.05,0.0014544742880389094,0.7257465124130249,1.6265000104904175,0.187333881855011,0.7279669046401978,1.53449547290802,0.03961917757987976,0.1474475860595703,0.13534662127494812,10000,10000,1.0,341.43812667047325,341.43812667047325,9100,True,75,37000,0.0,0.0,3,LEFT,greedy,8216,12245,9538,7397,6205,31191,0.16592683709487646,1,18698,2,2,341.43812667047325,170.71906333523663,2,2,,,3,LEFT,False,,
37408,dqn,198,4.0,276,0.0,0.0,0.05,,,,,,,,,,10000,10000,1.0,341.4200913813274,341.4200913813274,9103,True,75,37000,0.0,0.0,0,NOOP,greedy,8221,12245,9544,7398,6205,31203,0.16587360992301112,1,18704,2,2,341.4200913813274,170.7100456906637,2,2,,,0,NOOP,False,,
37533,dqn,199,2.0,197,0.0,0.0,0.05,,,,,,,,,,10000,10000,1.0,341.44954958512653,341.44954958512653,9134,False,76,37500,0.0,0.0,3,LEFT,greedy,8249,12258,9601,7426,6215,31319,0.16558320456119785,0,18767,2,2,341.44954958512653,170.72477479256327,2,2,,,3,LEFT,False,,
37795,dqn,199,,,2.0,2.0,0.05,0.0015843092696741223,1.0346198081970215,2.032209873199463,0.2230997383594513,1.0421297550201416,2.0184834003448486,0.04357880353927612,0.15044844150543213,0.13325285911560059,10000,10000,1.0,341.40015396827704,341.40015396827704,9200,True,76,37500,0.0,0.0,2,RIGHT,greedy,8269,12316,9746,7465,6228,31568,0.16477934172928352,0,18898,2,2,341.40015396827704,170.70007698413852,2,2,,,2,RIGHT,False,,
37796,dqn,199,,,3.0,3.0,0.05,0.0015843092696741223,1.0346198081970215,2.032209873199463,0.2230997383594513,1.0421297550201416,2.0184834003448486,0.04357880353927612,0.15044844150543213,0.13325285911560059,10000,10000,1.0,341.399928545122,341.399928545122,9200,True,76,37500,0.0,0.0,3,LEFT,greedy,8269,12316,9746,7465,6228,31568,0.16477934172928352,1,18898,2,2,341.399928545122,170.699964272561,2,2,,,3,LEFT,False,,
37902,dqn,200,3.0,247,0.0,0.0,0.05,,,,,,,,,,10000,10000,1.0,341.32193132114037,341.32193132114037,9226,False,76,37500,0.0,0.0,3,LEFT,greedy,8297,12323,9802,7480,6230,31672,0.16437127328373172,1,18951,2,2,341.32193132114037,170.66096566057018,2,2,,,3,LEFT,False,,
38085,dqn,201,4.0,276,0.0,0.0,0.05,,,,,,,,,,10000,10000,1.0,341.3360318530879,341.3360318530879,9272,False,77,38000,0.0,0.0,0,NOOP,greedy,8372,12381,9834,7499,6245,31841,0.16397101297064537,0,19043,2,2,341.3360318530879,170.66801592654394,2,2,,,0,NOOP,False,,
38195,dqn,201,,,0.0,0.0,0.05,0.0017705823993310332,0.7959713935852051,1.9962166547775269,0.04169442877173424,0.8254814743995667,1.9764487743377686,0.03671307489275932,0.25565338134765625,0.11063557863235474,10000,10000,1.0,341.36775325090775,341.36775325090775,9300,True,77,38000,0.0,0.0,0,NOOP,greedy,8383,12418,9892,7503,6250,31946,0.16362969944496805,0,19098,2,2,341.36775325090775,170.68387662545388,2,2,,,0,NOOP,False,,
38196,dqn,201,,,2.0,2.0,0.05,0.0017705823993310332,0.7959713935852051,1.9962166547775269,0.04169442877173424,0.8254814743995667,1.9764487743377686,0.03671307489275932,0.25565338134765625,0.11063557863235474,10000,10000,1.0,341.3675537224654,341.3675537224654,9300,True,77,38000,0.0,0.0,2,RIGHT,greedy,8383,12418,9892,7503,6250,31946,0.16362969944496805,1,19098,2,2,341.3675537224654,170.6837768612327,2,2,,,2,RIGHT,False,,
38296,dqn,202,2.0,197,0.0,0.0,0.05,,,,,,,,,,10000,10000,1.0,341.3868718474489,341.3868718474489,9325,True,77,38000,0.0,0.0,0,NOOP,greedy,8407,12440,9932,7517,6254,32042,0.16330687278044703,1,19148,2,2,341.3868718474489,170.69343592372445,2,2,,,0,NOOP,False,,
38542,dqn,203,0.0,123,0.0,0.0,0.05,,,,,,,,,,10000,10000,1.0,341.39367260694667,341.39367260694667,9386,False,78,38500,0.0,0.0,1,FIRE,greedy,8474,12535,9992,7541,6265,32277,0.16254994551398474,1,19271,2,2,341.39367260694667,170.69683630347333,2,2,,,1,FIRE,False,,
38595,dqn,203,,,4.0,4.0,0.05,0.0012094741687178612,0.7690166234970093,1.949855923652649,0.18492530286312103,0.7811295986175537,2.028583288192749,0.03607022017240524,0.1386319100856781,0.055410947650671005,10000,10000,1.0,341.3374528059288,341.3374528059288,9400,True,78,38500,0.0,0.0,3,LEFT,greedy,8480,12558,9997,7561,6268,32328,0.1624002487304384,0,19298,2,2,341.3374528059288,170.6687264029644,2,2,,,3,LEFT,False,,
38596,dqn,203,,,0.0,0.0,0.05,0.0012094741687178612,0.7690166234970093,1.949855923652649,0.18492530286312103,0.7811295986175537,2.028583288192749,0.03607022017240524,0.1386319100856781,0.055410947650671005,10000,10000,1.0,341.33726564418396,341.33726564418396,9400,True,78,38500,0.0,0.0,1,FIRE,fire_reset,8480,12558,9997,7561,6268,32328,0.1624002487304384,1,19298,2,2,341.33726564418396,170.66863282209198,2,2,,,2,RIGHT,True,after_life_loss,
38633,dqn,204,4.0,274,0.0,0.0,0.05,,,,,,,,,,10000,10000,1.0,341.3411314257906,341.3411314257906,9409,False,78,38500,0.0,0.0,0,NOOP,greedy,8498,12568,10005,7563,6271,32363,0.1623181653465859,0,19317,2,2,341.3411314257906,170.6705657128953,2,2,,,0,NOOP,False,,
38938,dqn,205,2.0,198,0.0,0.0,0.05,,,,,,,,,,10000,10000,1.0,341.2960874151429,341.2960874151429,9485,False,78,38500,0.0,0.0,3,LEFT,greedy,8535,12662,10122,7619,6286,32652,0.1614361292310853,1,19469,2,2,341.2960874151429,170.64804370757145,2,2,,,3,LEFT,False,,
38995,dqn,205,,,3.0,3.0,0.05,0.000762429554015398,0.9204280376434326,2.1117801666259766,0.1660701334476471,0.9460173845291138,2.1130056381225586,0.028619341552257538,0.10890781879425049,0.13993902504444122,10000,10000,1.0,341.31963302697085,341.31963302697085,9500,True,78,38500,0.0,0.0,0,NOOP,greedy,8542,12689,10136,7629,6289,32707,0.1612729510719048,0,19498,2,2,341.31963302697085,170.65981651348542,2,2,,,0,NOOP,False,,
38996,dqn,205,,,0.0,0.0,0.05,0.000762429554015398,0.9204280376434326,2.1117801666259766,0.1660701334476471,0.9460173845291138,2.1130056381225586,0.028619341552257538,0.10890781879425049,0.13993902504444122,10000,10000,1.0,341.31944840186685,341.31944840186685,9500,True,78,38500,0.0,0.0,1,FIRE,random,8542,12689,10136,7629,6289,32707,0.1612729510719048,1,19498,2,2,341.31944840186685,170.65972420093343,2,2,,,1,FIRE,False,,
39129,dqn,206,3.0,248,0.0,0.0,0.05,,,,,,,,,,10000,10000,1.0,341.38870384856153,341.38870384856153,9533,False,79,39000,0.0,0.0,1,FIRE,random,8596,12709,10170,7655,6294,32836,0.16084845387170968,0,19565,2,2,341.38870384856153,170.69435192428077,2,2,,,1,FIRE,False,,
39373,dqn,207,0.0,122,0.0,0.0,0.05,,,,,,,,,,10000,10000,1.0,341.43613466704005,341.43613466704005,9594,False,79,39000,0.0,0.0,1,FIRE,greedy,8658,12794,10253,7669,6308,33066,0.16020724335856149,0,19687,2,2,341.43613466704005,170.71806733352003,2,2,,,1,FIRE,False,,
39395,dqn,207,,,0.0,0.0,0.05,0.001371137099340558,0.9141861200332642,2.1136934757232666,0.1351304054260254,0.9224259853363037,2.073725938796997,0.035185761749744415,0.2041352391242981,0.2148425132036209,10000,10000,1.0,341.42181274695895,341.42181274695895,9600,True,79,39000,0.0,0.0,1,FIRE,greedy,8661,12802,10256,7677,6308,33088,0.16011777845466546,0,19698,2,2,341.42181274695895,170.71090637347947,2,2,,,1,FIRE,False,,
39396,dqn,207,,,3.0,3.0,0.05,0.001371137099340558,0.9141861200332642,2.1136934757232666,0.1351304054260254,0.9224259853363037,2.073725938796997,0.035185761749744415,0.2041352391242981,0.2148425132036209,10000,10000,1.0,341.42161361326015,341.42161361326015,9600,True,79,39000,0.0,0.0,0,NOOP,greedy,8661,12802,10256,7677,6308,33088,0.16011777845466546,1,19698,2,2,341.42161361326015,170.71080680663007,2,2,,,0,NOOP,False,,
39430,dqn,208,3.0,246,0.0,0.0,0.05,,,,,,,,,,10000,10000,1.0,341.41724454298867,341.41724454298867,9608,False,79,39000,0.0,0.0,3,LEFT,greedy,8675,12813,10257,7685,6308,33122,0.15997971088004057,1,19715,2,2,341.41724454298867,170.70862227149433,2,2,,,3,LEFT,False,,
39771,dqn,209,2.0,199,0.0,0.0,0.05,,,,,,,,,,10000,10000,1.0,341.6171407134236,341.6171407134236,9694,True,80,39500,0.0,0.0,0,NOOP,greedy,8762,12916,10395,7699,6325,33447,0.15903147943276677,0,19886,2,2,341.6171407134236,170.8085703567118,2,2,,,0,NOOP,False,,
39795,dqn,209,,,0.0,0.0,0.05,0.0028296117670834064,0.8456993103027344,1.8456133604049683,0.16820573806762695,0.8686376214027405,1.8754087686538696,0.05212915316224098,0.22447580099105835,0.10715235769748688,10000,10000,1.0,341.6169204409319,341.6169204409319,9700,True,80,39500,0.0,0.0,1,FIRE,greedy,8769,12924,10403,7700,6326,33470,0.15896069956779577,0,19898,2,2,341.6169204409319,170.80846022046595,2,2,,,1,FIRE,False,,
39796,dqn,209,,,2.0,2.0,0.05,0.0028296117670834064,0.8456993103027344,1.8456133604049683,0.16820573806762695,0.8686376214027405,1.8754087686538696,0.05212915316224098,0.22447580099105835,0.10715235769748688,10000,10000,1.0,341.61674009206934,341.61674009206934,9700,True,80,39500,0.0,0.0,0,NOOP,greedy,8769,12924,10403,7700,6326,33470,0.15896069956779577,1,19898,2,2,341.61674009206934,170.80837004603467,2,2,,,0,NOOP,False,,
39826,dqn,210,2.0,198,0.0,0.0,0.05,,,,,,,,,,10000,10000,1.0,341.6274284214916,341.6274284214916,9707,False,80,39500,0.0,0.0,3,LEFT,greedy,8775,12934,10407,7710,6329,33497,0.15891628584341888,1,19913,2,2,341.6274284214916,170.8137142107458,2,2,,,3,LEFT,False,,
40167,dqn,211,2.0,198,0.0,0.0,0.05,,,,,,,,,,10000,10000,1.0,341.8431419689707,341.8431419689707,9793,True,81,40000,0.0,0.0,0,NOOP,greedy,8832,13051,10532,7753,6344,33824,0.1579366660027883,0,20084,2,2,341.8431419689707,170.92157098448536,2,2,,,0,NOOP,False,,
40195,dqn,211,,,0.0,0.0,0.05,0.000823780195787549,0.8761940002441406,1.9984755516052246,0.028843313455581665,0.878402829170227,1.9638450145721436,0.030676789581775665,0.10309922695159912,0.1681554615497589,10000,10000,1.0,341.85127617853755,341.85127617853755,9800,True,81,40000,0.0,0.0,0,NOOP,greedy,8846,13062,10534,7754,6345,33851,0.15785152751517564,0,20098,2,2,341.85127617853755,170.92563808926877,2,2,,,0,NOOP,False,,
40196,dqn,211,,,2.0,2.0,0.05,0.000823780195787549,0.8761940002441406,1.9984755516052246,0.028843313455581665,0.878402829170227,1.9638450145721436,0.030676789581775665,0.10309922695159912,0.1681554615497589,10000,10000,1.0,341.8510880758438,341.8510880758438,9800,True,81,40000,0.0,0.0,0,NOOP,greedy,8846,13062,10534,7754,6345,33851,0.15785152751517564,1,20098,2,2,341.8510880758438,170.9255440379219,2,2,,,0,NOOP,False,,
40224,dqn,212,2.0,199,0.0,0.0,0.05,,,,,,,,,,10000,10000,1.0,341.8468298781068,341.8468298781068,9807,True,81,40000,0.0,0.0,0,NOOP,greedy,8871,13062,10536,7755,6346,33878,0.15776650755767702,1,20112,2,2,341.8468298781068,170.9234149390534,2,2,,,0,NOOP,False,,
40472,dqn,213,0.0,124,0.0,0.0,0.05,,,,,,,,,,10000,10000,1.0,341.74168633557014,341.74168633557014,9869,True,81,40000,0.0,0.0,3,LEFT,greedy,8956,13123,10603,7790,6356,34116,0.15704684720300455,1,20236,2,2,341.74168633557014,170.87084316778507,2,2,,,3,LEFT,False,,
40563,dqn,214,2.0,198,0.0,0.0,0.05,,,,,,,,,,10000,10000,1.0,341.7558016033928,341.7558016033928,9892,True,82,40500,0.0,0.0,3,LEFT,greedy,8990,13131,10616,7827,6363,34201,0.1568632284784538,0,20282,2,2,341.7558016033928,170.8779008016964,2,2,,,3,LEFT,False,,
40595,dqn,214,,,0.0,0.0,0.05,0.0005312119610607624,0.7755379676818848,2.0847201347351074,-0.007629625499248505,0.7940654754638672,2.0972962379455566,0.02571069821715355,0.08543694019317627,0.13915883004665375,10000,10000,1.0,341.7673033417858,341.7673033417858,9900,True,82,40500,0.0,0.0,2,RIGHT,greedy,9010,13139,10618,7829,6364,34232,0.15676421322297762,0,20298,2,2,341.7673033417858,170.8836516708929,2,2,,,2,RIGHT,False,,
40596,dqn,214,,,0.0,0.0,0.05,0.0005312119610607624,0.7755379676818848,2.0847201347351074,-0.007629625499248505,0.7940654754638672,2.0972962379455566,0.02571069821715355,0.08543694019317627,0.13915883004665375,10000,10000,1.0,341.767122938532,341.767122938532,9900,True,82,40500,0.0,0.0,0,NOOP,greedy,9010,13139,10618,7829,6364,34232,0.15676421322297762,1,20298,2,2,341.767122938532,170.883561469266,2,2,,,0,NOOP,False,,
40874,dqn,215,2.0,201,0.0,0.0,0.05,,,,,,,,,,10000,10000,1.0,341.85054858927384,341.85054858927384,9969,False,82,40500,0.0,0.0,0,NOOP,greedy,9080,13239,10676,7879,6375,34499,0.15596711846161374,1,20437,2,2,341.85054858927384,170.92527429463692,2,2,,,0,NOOP,False,,
40959,dqn,216,2.0,198,0.0,0.0,0.05,,,,,,,,,,10000,10000,1.0,341.83960576589357,341.83960576589357,9991,True,82,40500,0.0,0.0,3,LEFT,greedy,9097,13284,10685,7894,6377,34583,0.1556884765625,0,20480,2,2,341.83960576589357,170.91980288294678,2,2,,,3,LEFT,False,,
40995,dqn,216,,,0.0,0.0,0.05,0.0031615092884749174,0.7846640944480896,1.9800337553024292,0.18887989223003387,0.7768471240997314,1.9232759475708008,0.04817654937505722,0.3400249183177948,0.16724315285682678,10000,10000,1.0,341.8556828217123,341.8556828217123,10000,True,82,40500,0.0,0.0,1,FIRE,greedy,9100,13307,10692,7897,6382,34614,0.15567372426578202,0,20498,2,2,341.8556828217123,170.92784141085616,2,2,,,1,FIRE,False,,
40996,dqn,216,,,0.0,0.0,0.05,0.0031615092884749174,0.7846640944480896,1.9800337553024292,0.18887989223003387,0.7768471240997314,1.9232759475708008,0.04817654937505722,0.3400249183177948,0.16724315285682678,10000,10000,1.0,341.85551206813335,341.85551206813335,10000,True,82,40500,0.0,0.0,3,LEFT,random,9100,13307,10692,7897,6382,34614,0.15567372426578202,1,20498,2,2,341.85551206813335,170.92775603406668,2,2,,,3,LEFT,False,,
41270,dqn,217,2.0,198,0.0,0.0,0.05,,,,,,,,,,10000,10000,1.0,341.9387785072365,341.9387785072365,10068,False,83,41000,0.0,0.0,3,LEFT,greedy,9132,13368,10843,7927,6391,34879,0.1548582505451902,1,20635,2,2,341.9387785072365,170.96938925361826,2,2,,,3,LEFT,False,,
41395,dqn,217,,,4.0,4.0,0.05,0.0007050332496874034,0.7945005893707275,2.0161795616149902,0.18376293778419495,0.8153070211410522,2.0749497413635254,0.027056051418185234,0.11547321081161499,0.08340280503034592,10000,10000,1.0,341.8783115036132,341.8783115036132,10100,True,83,41000,0.0,0.0,2,RIGHT,greedy,9159,13403,10888,7946,6397,34999,0.15453183882500723,0,20698,2,2,341.8783115036132,170.9391557518066,2,2,,,2,RIGHT,False,,
41396,dqn,217,,,0.0,0.0,0.05,0.0007050332496874034,0.7945005893707275,2.0161795616149902,0.18376293778419495,0.8153070211410522,2.0749497413635254,0.027056051418185234,0.11547321081161499,0.08340280503034592,10000,10000,1.0,341.878136447922,341.878136447922,10100,True,83,41000,0.0,0.0,0,NOOP,greedy,9159,13403,10888,7946,6397,34999,0.15453183882500723,1,20698,2,2,341.878136447922,170.939068223961,2,2,,,0,NOOP,False,,
41655,dqn,218,5.0,348,0.0,0.0,0.05,,,,,,,,,,10000,10000,1.0,341.7898853964127,341.7898853964127,10165,True,84,41500,0.0,0.0,3,LEFT,greedy,9222,13431,10983,8020,6410,35246,0.1538793931246399,0,20828,2,2,341.7898853964127,170.89494269820636,2,2,,,3,LEFT,False,,
41668,dqn,219,2.0,199,0.0,0.0,0.05,,,,,,,,,,10000,10000,1.0,341.74807061183066,341.74807061183066,10168,True,84,41500,0.0,0.0,2,RIGHT,greedy,9222,13434,10989,8023,6411,35257,0.1538590765095517,1,20834,2,2,341.74807061183066,170.87403530591533,2,2,,,2,RIGHT,False,,
41795,dqn,219,,,0.0,0.0,0.05,0.0025189430452883244,1.0009939670562744,2.0736052989959717,0.21816818416118622,1.0649726390838623,2.100518226623535,0.05902833491563797,0.16673582792282104,0.5155903697013855,10000,10000,1.0,341.69415000808016,341.69415000808016,10200,True,84,41500,0.0,0.0,2,RIGHT,greedy,9228,13523,11011,8034,6417,35379,0.15353143841515934,0,20898,2,2,341.69415000808016,170.84707500404008,2,2,,,2,RIGHT,False,,
41796,dqn,219,,,0.0,0.0,0.05,0.0025189430452883244,1.0009939670562744,2.0736052989959717,0.21816818416118622,1.0649726390838623,2.100518226623535,0.05902833491563797,0.16673582792282104,0.5155903697013855,10000,10000,1.0,341.693972623941,341.693972623941,10200,True,84,41500,0.0,0.0,2,RIGHT,greedy,9228,13523,11011,8034,6417,35379,0.15353143841515934,1,20898,2,2,341.693972623941,170.8469863119705,2,2,,,2,RIGHT,False,,
42064,dqn,220,2.0,198,0.0,0.0,0.05,,,,,,,,,,10000,10000,1.0,341.65840409417297,341.65840409417297,10267,True,85,42000,0.0,0.0,3,LEFT,greedy,9285,13556,11127,8096,6432,35632,0.15290985165462154,1,21032,2,2,341.65840409417297,170.82920204708648,2,2,,,3,LEFT,False,,
42109,dqn,221,3.0,227,0.0,0.0,0.05,,,,,,,,,,10000,10000,1.0,341.5994580416125,341.5994580416125,10278,False,85,42000,0.0,0.0,0,NOOP,greedy,9294,13579,11130,8107,6435,35675,0.15281405841842793,0,21055,2,2,341.5994580416125,170.79972902080624,2,2,,,0,NOOP,False,,
42195,dqn,221,,,0.0,0.0,0.05,0.0026605131570249796,0.9899857044219971,1.991929292678833,0.022976791486144066,0.9946377277374268,1.961733102798462,0.04262348636984825,0.2920679450035095,0.11529567837715149,10000,10000,1.0,341.5862692065899,341.5862692065899,10300,True,85,42000,0.0,0.0,2,RIGHT,greedy,9296,13626,11150,8124,6437,35759,0.15255000473978575,0,21098,2,2,341.5862692065899,170.79313460329496,2,2,,,2,RIGHT,False,,
42196,dqn,221,,,0.0,0.0,0.05,0.0026605131570249796,0.9899857044219971,1.991929292678833,0.022976791486144066,0.9946377277374268,1.961733102798462,0.04262348636984825,0.2920679450035095,0.11529567837715149,10000,10000,1.0,341.5860919564064,341.5860919564064,10300,True,85,42000,0.0,0.0,3,LEFT,greedy,9296,13626,11150,8124,6437,35759,0.15255000473978575,1,21098,2,2,341.5860919564064,170.7930459782032,2,2,,,3,LEFT,False,,
42368,dqn,222,1.0,152,0.0,0.0,0.05,,,,,,,,,,10000,10000,1.0,341.55568505218565,341.55568505218565,10343,True,85,42000,0.0,0.0,3,LEFT,greedy,9322,13689,11192,8165,6453,35915,0.15230834592145015,1,21184,2,2,341.55568505218565,170.77784252609283,2,2,,,3,LEFT,False,,
42447,dqn,223,1.0,169,0.0,0.0,0.05,,,,,,,,,,10000,10000,1.0,341.52878512093605,341.52878512093605,10363,True,85,42000,0.0,0.0,0,NOOP,greedy,9360,13707,11209,8172,6456,35992,0.15209197135318508,0,21224,2,2,341.52878512093605,170.76439256046802,2,2,,,0,NOOP,False,,
42595,dqn,223,,,0.0,0.0,0.05,0.000937941949814558,0.9901465773582458,1.9299964904785156,0.18422846496105194,0.993606686592102,1.8401212692260742,0.03232932090759277,0.11127656698226929,0.15588811039924622,10000,10000,1.0,341.56010931700314,341.56010931700314,10400,True,86,42500,0.0,0.0,1,FIRE,greedy,9401,13777,11235,8183,6464,36132,0.15175133815381725,0,21298,2,2,341.56010931700314,170.78005465850157,2,2,,,1,FIRE,False,,
42596,dqn,223,,,1.0,1.0,0.05,0.000937941949814558,0.9901465773582458,1.9299964904785156,0.18422846496105194,0.993606686592102,1.8401212692260742,0.03232932090759277,0.11127656698226929,0.15588811039924622,10000,10000,1.0,341.5599406049965,341.5599406049965,10400,True,86,42500,1.0,1.0,0,NOOP,greedy,9401,13777,11235,8183,6464,36132,0.15175133815381725,1,21298,2,2,341.5599406049965,170.77997030249824,2,2,,,0,NOOP,False,,
42843,dqn,224,2.0,198,0.0,0.0,0.05,,,,,,,,,,10000,10000,1.0,341.5630256655097,341.5630256655097,10462,True,86,42500,0.0,0.0,2,RIGHT,greedy,9444,13812,11357,8231,6478,36366,0.1511997012417141,0,21422,2,2,341.5630256655097,170.78151283275486,2,2,,,2,RIGHT,False,,
42862,dqn,225,3.0,247,0.0,0.0,0.05,,,,,,,,,,10000,10000,1.0,341.5569154562941,341.5569154562941,10466,False,86,42500,0.0,0.0,3,LEFT,greedy,9444,13814,11364,8240,6480,36382,0.15118286594185992,1,21431,2,2,341.5569154562941,170.77845772814706,2,2,,,3,LEFT,False,,
42995,dqn,225,,,0.0,0.0,0.05,0.0005874244379810989,0.9856089353561401,2.0958635807037354,0.07691187411546707,0.9954376220703125,2.096801996231079,0.027271626517176628,0.08442628383636475,0.06803268194198608,10000,10000,1.0,341.49132813260326,341.49132813260326,10500,True,86,42500,0.0,0.0,0,NOOP,greedy,9472,13860,11402,8262,6487,36509,0.15087449995348404,0,21498,2,2,341.49132813260326,170.74566406630163,2,2,,,0,NOOP,False,,
42996,dqn,225,,,1.0,1.0,0.05,0.0005874244379810989,0.9856089353561401,2.0958635807037354,0.07691187411546707,0.9954376220703125,2.096801996231079,0.027271626517176628,0.08442628383636475,0.06803268194198608,10000,10000,1.0,341.49116214237637,341.49116214237637,10500,True,86,42500,0.0,0.0,3,LEFT,random,9472,13860,11402,8262,6487,36509,0.15087449995348404,1,21498,2,2,341.49116214237637,170.74558107118818,2,2,,,3,LEFT,False,,
43241,dqn,226,2.0,199,0.0,0.0,0.05,,,,,,,,,,10000,10000,1.0,341.4460141415942,341.4460141415942,10561,False,87,43000,0.0,0.0,2,RIGHT,greedy,9511,13959,11460,8312,6499,36743,0.15029369594375838,0,21621,2,2,341.4460141415942,170.7230070707971,2,2,,,2,RIGHT,False,,
43318,dqn,227,3.0,228,0.0,0.0,0.05,,,,,,,,,,10000,10000,1.0,341.42698084887456,341.42698084887456,10580,False,87,43000,0.0,0.0,3,LEFT,greedy,9517,13977,11485,8339,6504,36814,0.15014543607738123,1,21659,2,2,341.42698084887456,170.71349042443728,2,2,,,3,LEFT,False,,
43395,dqn,227,,,1.0,1.0,0.05,0.0009222577791661024,0.9972979426383972,2.406248092651367,0.27147209644317627,1.0046595335006714,2.314659357070923,0.033067453652620316,0.10977602005004883,0.08319591730833054,10000,10000,1.0,341.34395503185965,341.34395503185965,10600,True,87,43000,0.0,0.0,2,RIGHT,greedy,9549,13989,11501,8357,6509,36887,0.14999078256060466,0,21698,2,2,341.34395503185965,170.67197751592983,2,2,,,2,RIGHT,False,,
43396,dqn,227,,,0.0,0.0,0.05,0.0009222577791661024,0.9972979426383972,2.406248092651367,0.27147209644317627,1.0046595335006714,2.314659357070923,0.033067453652620316,0.10977602005004883,0.08319591730833054,10000,10000,1.0,341.3437866864287,341.3437866864287,10600,True,87,43000,0.0,0.0,0,NOOP,greedy,9549,13989,11501,8357,6509,36887,0.14999078256060466,1,21698,2,2,341.3437866864287,170.67189334321435,2,2,,,0,NOOP,False,,
43654,dqn,228,1.0,168,0.0,0.0,0.05,,,,,,,,,,10000,10000,1.0,341.486284878148,341.486284878148,10664,False,88,43500,0.0,0.0,2,RIGHT,greedy,9582,14045,11548,8479,6526,37128,0.14949374627754616,1,21827,2,2,341.486284878148,170.743142439074,2,2,,,2,RIGHT,False,,
43663,dqn,229,3.0,211,0.0,0.0,0.05,,,,,,,,,,10000,10000,1.0,341.4641891841616,341.4641891841616,10667,True,88,43500,0.0,0.0,0,NOOP,random,9583,14047,11550,8484,6527,37137,0.14948241113961158,0,21832,2,2,341.4641891841616,170.7320945920808,2,2,,,0,NOOP,False,,
43795,dqn,229,,,1.0,1.0,0.05,0.00239523034542799,0.9128563404083252,2.0884618759155273,0.09954617917537689,0.9396209716796875,2.0326147079467773,0.04487048089504242,0.22382253408432007,0.1310035139322281,10000,10000,1.0,341.54263823194714,341.54263823194714,10700,True,88,43500,0.0,0.0,3,LEFT,greedy,9616,14081,11583,8516,6529,37267,0.14907754132797515,0,21898,2,2,341.54263823194714,170.77131911597357,2,2,,,3,LEFT,False,,
43796,dqn,229,,,1.0,1.0,0.05,0.00239523034542799,0.9128563404083252,2.0884618759155273,0.09954617917537689,0.9396209716796875,2.0326147079467773,0.04487048089504242,0.22382253408432007,0.1310035139322281,10000,10000,1.0,341.5424797525055,341.5424797525055,10700,True,88,43500,0.0,0.0,2,RIGHT,greedy,9616,14081,11583,8516,6529,37267,0.14907754132797515,1,21898,2,2,341.5424797525055,170.77123987625276,2,2,,,2,RIGHT,False,,
43992,dqn,230,1.0,169,0.0,0.0,0.05,,,,,,,,,,10000,10000,1.0,341.6147883014834,341.6147883014834,10749,True,88,43500,0.0,0.0,3,LEFT,greedy,9639,14165,11646,8542,6537,37455,0.14859519912711402,1,21996,2,2,341.6147883014834,170.8073941507417,2,2,,,3,LEFT,False,,
44155,dqn,231,3.0,246,0.0,0.0,0.05,,,,,,,,,,10000,10000,1.0,341.6620343257633,341.6620343257633,10790,True,89,44000,0.0,0.0,1,FIRE,greedy,9674,14249,11677,8556,6541,37615,0.1481338889392155,0,22078,2,2,341.6620343257633,170.83101716288164,2,2,,,1,FIRE,False,,
44195,dqn,231,,,0.0,0.0,0.05,0.0008066326263360679,0.889602541923523,2.2987005710601807,0.03659255802631378,0.9254523515701294,2.3258984088897705,0.02976457215845585,0.13093262910842896,0.2795881927013397,10000,10000,1.0,341.6616750043496,341.6616750043496,10800,True,89,44000,0.0,0.0,0,NOOP,greedy,9684,14269,11687,8556,6544,37652,0.14806769843424744,0,22098,2,2,341.6616750043496,170.8308375021748,2,2,,,0,NOOP,False,,
44196,dqn,231,,,2.0,2.0,0.05,0.0008066326263360679,0.889602541923523,2.2987005710601807,0.03659255802631378,0.9254523515701294,2.3258984088897705,0.02976457215845585,0.13093262910842896,0.2795881927013397,10000,10000,1.0,341.6615133599042,341.6615133599042,10800,True,89,44000,0.0,0.0,1,FIRE,fire_reset,9684,14269,11687,8556,6544,37652,0.14806769843424744,1,22098,2,2,341.6615133599042,170.8307566799521,2,2,,,2,RIGHT,True,after_life_loss,
44595,dqn,231,,,3.0,3.0,0.05,0.0005922094569541514,1.001733660697937,2.2515342235565186,0.06523977965116501,1.0156054496765137,2.231052875518799,0.028978534042835236,0.06461930274963379,0.1426583081483841,10000,10000,1.0,341.83053059149427,341.83053059149427,10900,True,90,44500,0.0,0.0,2,RIGHT,greedy,9728,14352,11831,8685,6568,38028,0.1472777827607857,0,22298,2,2,341.83053059149427,170.91526529574713,2,2,,,2,RIGHT,False,,
44596,dqn,231,,,5.0,5.0,0.05,0.0005922094569541514,1.001733660697937,2.2515342235565186,0.06523977965116501,1.0156054496765137,2.231052875518799,0.028978534042835236,0.06461930274963379,0.1426583081483841,10000,10000,1.0,341.83037312039954,341.83037312039954,10900,True,90,44500,0.0,0.0,3,LEFT,greedy,9728,14352,11831,8685,6568,38028,0.1472777827607857,1,22298,2,2,341.83037312039954,170.91518656019977,2,2,,,3,LEFT,False,,
44648,dqn,232,5.0,328,0.0,0.0,0.05,,,,,,,,,,10000,10000,1.0,341.84317337094507,341.84317337094507,10913,True,90,44500,0.0,0.0,3,LEFT,greedy,9732,14361,11842,8713,6571,38077,0.14717344561906467,1,22324,2,2,341.84317337094507,170.92158668547253,2,2,,,3,LEFT,False,,
44811,dqn,233,5.0,328,0.0,0.0,0.05,,,,,,,,,,10000,10000,1.0,341.87330906319556,341.87330906319556,10954,True,90,44500,0.0,0.0,0,NOOP,greedy,9779,14418,11851,8764,6582,38230,0.14688029991966436,0,22406,2,2,341.87330906319556,170.93665453159778,2,2,,,0,NOOP,False,,
44995,dqn,233,,,1.0,1.0,0.05,0.001285883248783648,0.9767953753471375,2.1649866104125977,0.11145010590553284,0.9772432446479797,2.1505544185638428,0.035805292427539825,0.1392851173877716,0.13143032789230347,10000,10000,1.0,341.9219014569713,341.9219014569713,11000,True,90,44500,0.0,0.0,1,FIRE,greedy,9810,14494,11877,8815,6591,38405,0.14647968708329628,0,22498,2,2,341.9219014569713,170.96095072848564,2,2,,,1,FIRE,False,,
44996,dqn,233,,,3.0,3.0,0.05,0.001285883248783648,0.9767953753471375,2.1649866104125977,0.11145010590553284,0.9772432446479797,2.1505544185638428,0.035805292427539825,0.1392851173877716,0.13143032789230347,10000,10000,1.0,341.9217263358973,341.9217263358973,11000,True,90,44500,0.0,0.0,2,RIGHT,greedy,9810,14494,11877,8815,6591,38405,0.14647968708329628,1,22498,2,2,341.9217263358973,170.96086316794865,2,2,,,2,RIGHT,False,,
45147,dqn,234,1.0,168,0.0,0.0,0.05,,,,,,,,,,10000,10000,1.0,341.91586767460285,341.91586767460285,11038,True,91,45000,0.0,0.0,3,LEFT,greedy,9829,14528,11925,8866,6597,38551,0.14611942943209003,0,22574,2,2,341.91586767460285,170.95793383730143,2,2,,,3,LEFT,False,,
45250,dqn,235,4.0,301,0.0,0.0,0.05,,,,,,,,,,10000,10000,1.0,341.83216996841526,341.83216996841526,11063,False,91,45000,0.0,0.0,3,LEFT,greedy,9836,14573,11938,8903,6602,38648,0.14590055248618786,1,22625,2,2,341.83216996841526,170.91608498420763,2,2,,,3,LEFT,False,,
45391,dqn,236,0.0,122,0.0,0.0,0.05,,,,,,,,,,10000,10000,1.0,341.7402560599754,341.7402560599754,11099,True,91,45000,0.0,0.0,3,LEFT,greedy,9843,14639,11965,8945,6609,38783,0.14559834332040889,0,22696,2,2,341.7402560599754,170.8701280299877,2,2,,,3,LEFT,False,,
45395,dqn,236,,,0.0,0.0,0.05,0.001332400948740542,0.9073018431663513,1.7857435941696167,0.22760391235351562,0.9209991693496704,1.7629066705703735,0.03713366389274597,0.16329675912857056,0.08500164747238159,10000,10000,1.0,341.72134169265615,341.72134169265615,11100,True,91,45000,0.0,0.0,1,FIRE,fire_reset,9843,14643,11965,8945,6609,38787,0.14558551414221518,0,22698,2,2,341.72134169265615,170.86067084632808,2,2,,,1,FIRE,False,initial_serve,
45396,dqn,236,,,1.0,1.0,0.05,0.001332400948740542,0.9073018431663513,1.7857435941696167,0.22760391235351562,0.9209991693496704,1.7629066705703735,0.03713366389274597,0.16329675912857056,0.08500164747238159,10000,10000,1.0,341.7211654877248,341.7211654877248,11100,True,91,45000,0.0,0.0,1,FIRE,greedy,9843,14643,11965,8945,6609,38787,0.14558551414221518,1,22698,2,2,341.7211654877248,170.8605827438624,2,2,,,1,FIRE,False,,
45787,dqn,237,2.0,198,0.0,0.0,0.05,,,,,,,,,,10000,10000,1.0,341.44226192772874,341.44226192772874,11198,True,92,45500,0.0,0.0,3,LEFT,greedy,9913,14778,12097,9000,6629,39159,0.1447759238228357,0,22894,2,2,341.44226192772874,170.72113096386437,2,2,,,3,LEFT,False,,
45795,dqn,237,,,0.0,0.0,0.05,0.003371710190549493,1.0410609245300293,2.4059906005859375,0.14887359738349915,1.0145238637924194,2.398073434829712,0.05967634171247482,0.29139846563339233,0.40470507740974426,10000,10000,1.0,341.4265183290252,341.4265183290252,11200,True,92,45500,0.0,0.0,2,RIGHT,greedy,9918,14780,12098,9000,6631,39165,0.14479430517949166,0,22898,2,2,341.4265183290252,170.7132591645126,2,2,,,2,RIGHT,False,,
45796,dqn,237,,,5.0,5.0,0.05,0.003371710190549493,1.0410609245300293,2.4059906005859375,0.14887359738349915,1.0145238637924194,2.398073434829712,0.05967634171247482,0.29139846563339233,0.40470507740974426,10000,10000,1.0,341.42631876502594,341.42631876502594,11200,True,92,45500,0.0,0.0,0,NOOP,greedy,9918,14780,12098,9000,6631,39165,0.14479430517949166,1,22898,2,2,341.42631876502594,170.71315938251297,2,2,,,0,NOOP,False,,
45908,dqn,238,5.0,329,0.0,0.0,0.05,,,,,,,,,,10000,10000,1.0,341.33930948250986,341.33930948250986,11228,True,92,45500,0.0,0.0,0,NOOP,greedy,9970,14808,12113,9017,6636,39272,0.14454996950422586,1,22954,2,2,341.33930948250986,170.66965474125493,2,2,,,0,NOOP,False,,
46195,dqn,238,,,2.0,2.0,0.05,0.0014009310398250818,1.0359288454055786,1.9907619953155518,0.33288052678108215,1.0564606189727783,1.9576804637908936,0.036811940371990204,0.2149745225906372,0.1601821631193161,10000,10000,1.0,341.2346478514663,341.2346478514663,11300,True,93,46000,0.0,0.0,0,NOOP,greedy,10002,14943,12173,9078,6646,39550,0.1438652697203221,0,23098,2,2,341.2346478514663,170.61732392573316,2,2,,,0,NOOP,False,,
46196,dqn,238,,,1.0,1.0,0.05,0.0014009310398250818,1.0359288454055786,1.9907619953155518,0.33288052678108215,1.0564606189727783,1.9576804637908936,0.036811940371990204,0.2149745225906372,0.1601821631193161,10000,10000,1.0,341.23447720790944,341.23447720790944,11300,True,93,46000,0.0,0.0,2,RIGHT,greedy,10002,14943,12173,9078,6646,39550,0.1438652697203221,1,23098,2,2,341.23447720790944,170.61723860395472,2,2,,,2,RIGHT,False,,
46239,dqn,239,3.0,226,0.0,0.0,0.05,,,,,,,,,,10000,10000,1.0,341.19627604059855,341.19627604059855,11311,True,93,46000,0.0,0.0,1,FIRE,greedy,10012,14953,12186,9089,6652,39588,0.14385813148788928,0,23120,2,2,341.19627604059855,170.59813802029927,2,2,,,1,FIRE,False,,
46304,dqn,240,2.0,198,0.0,0.0,0.05,,,,,,,,,,10000,10000,1.0,341.1830341039757,341.1830341039757,11327,True,93,46000,0.0,0.0,3,LEFT,greedy,10017,14957,12201,9129,6656,39648,0.1437456807187284,1,23152,2,2,341.1830341039757,170.59151705198784,2,2,,,3,LEFT,False,,
46595,dqn,240,,,2.0,2.0,0.05,0.0028004401829093695,0.9662961959838867,2.2150726318359375,0.07917129993438721,0.9702180624008179,2.1417012214660645,0.04656822234392166,0.23809513449668884,0.12162710726261139,10000,10000,1.0,341.1523705362012,341.1523705362012,11400,True,94,46500,0.0,0.0,3,LEFT,greedy,10038,15055,12233,9270,6670,39926,0.1431453343634647,0,23298,2,2,341.1523705362012,170.5761852681006,2,2,,,3,LEFT,False,,
46596,dqn,240,,,2.0,2.0,0.05,0.0028004401829093695,0.9662961959838867,2.2150726318359375,0.07917129993438721,0.9702180624008179,2.1417012214660645,0.04656822234392166,0.23809513449668884,0.12162710726261139,10000,10000,1.0,341.1522186733614,341.1522186733614,11400,True,94,46500,0.0,0.0,1,FIRE,greedy,10038,15055,12233,9270,6670,39926,0.1431453343634647,1,23298,2,2,341.1522186733614,170.5761093366807,2,2,,,1,FIRE,False,,
46605,dqn,241,2.0,183,0.0,0.0,0.05,,,,,,,,,,10000,10000,1.0,341.139661251288,341.139661251288,11402,False,94,46500,0.0,0.0,3,LEFT,greedy,10039,15059,12234,9274,6672,39934,0.1431575333648028,0,23303,2,2,341.139661251288,170.569830625644,2,2,,,3,LEFT,False,,
46794,dqn,242,3.0,245,0.0,0.0,0.05,,,,,,,,,,10000,10000,1.0,341.03662957057037,341.03662957057037,11449,False,94,46500,0.0,0.0,2,RIGHT,greedy,10050,15112,12335,9297,6683,40111,0.1428174552293029,1,23397,2,2,341.03662957057037,170.51831478528518,2,2,,,2,RIGHT,False,,
46995,dqn,242,,,3.0,3.0,0.05,0.000636437616776675,1.0647228956222534,2.4327378273010254,0.2708616852760315,1.0731490850448608,2.359110116958618,0.02923331782221794,0.07362771034240723,0.116153284907341,10000,10000,1.0,340.9434274773646,340.9434274773646,11500,True,94,46500,0.0,0.0,0,NOOP,greedy,10074,15166,12415,9341,6697,40299,0.1425014894884671,0,23498,2,2,340.9434274773646,170.4717137386823,2,2,,,0,NOOP,False,,
46996,dqn,242,,,0.0,0.0,0.05,0.000636437616776675,1.0647228956222534,2.4327378273010254,0.2708616852760315,1.0731490850448608,2.359110116958618,0.02923331782221794,0.07362771034240723,0.116153284907341,10000,10000,1.0,340.94326818697243,340.94326818697243,11500,True,94,46500,0.0,0.0,0,NOOP,greedy,10074,15166,12415,9341,6697,40299,0.1425014894884671,1,23498,2,2,340.94326818697243,170.47163409348622,2,2,,,0,NOOP,False,,
47040,dqn,243,0.0,123,0.0,0.0,0.05,,,,,,,,,,10000,10000,1.0,340.9343884565178,340.9343884565178,11511,True,95,47000,0.0,0.0,0,NOOP,greedy,10093,15169,12433,9345,6699,40341,0.14241071428571428,1,23520,2,2,340.9343884565178,170.4671942282589,2,2,,,0,NOOP,False,,
47301,dqn,244,5.0,348,0.0,0.0,0.05,,,,,,,,,,10000,10000,1.0,340.9217465126263,340.9217465126263,11576,False,95,47000,0.0,0.0,3,LEFT,greedy,10141,15248,12516,9397,6711,40591,0.1418756077967105,0,23651,2,2,340.9217465126263,170.46087325631316,2,2,,,3,LEFT,False,,
47395,dqn,244,,,1.0,1.0,0.05,0.0012476451229304075,1.046187400817871,2.3563449382781982,0.2852596342563629,1.0683703422546387,2.3496081829071045,0.03894631564617157,0.10452413558959961,0.10408253222703934,10000,10000,1.0,340.886579969301,340.886579969301,11600,True,95,47000,0.0,0.0,2,RIGHT,greedy,10168,15265,12552,9411,6714,40682,0.1416575238416744,0,23698,2,2,340.886579969301,170.4432899846505,2,2,,,2,RIGHT,False,,
47396,dqn,244,,,2.0,2.0,0.05,0.0012476451229304075,1.046187400817871,2.3563449382781982,0.2852596342563629,1.0683703422546387,2.3496081829071045,0.03894631564617157,0.10452413558959961,0.10408253222703934,10000,10000,1.0,340.8864299215981,340.8864299215981,11600,True,95,47000,0.0,0.0,0,NOOP,greedy,10168,15265,12552,9411,6714,40682,0.1416575238416744,1,23698,2,2,340.8864299215981,170.44321496079905,2,2,,,0,NOOP,False,,
47436,dqn,245,2.0,198,0.0,0.0,0.05,,,,,,,,,,10000,10000,1.0,340.8497069623586,340.8497069623586,11610,True,95,47000,0.0,0.0,3,LEFT,greedy,10169,15266,12579,9422,6716,40720,0.14158023442111475,1,23718,2,2,340.8497069623586,170.4248534811793,2,2,,,3,LEFT,False,,
47795,dqn,245,,,4.0,4.0,0.05,0.008114753291010857,0.9041054248809814,2.5466299057006836,0.10258206725120544,0.935210108757019,2.5366551876068115,0.05026834458112717,0.6713888645172119,0.29362350702285767,10000,10000,1.0,340.7284779563047,340.7284779563047,11700,True,96,47500,0.0,0.0,3,LEFT,greedy,10253,15349,12704,9490,6728,41068,0.14076491756632353,0,23898,2,2,340.7284779563047,170.36423897815234,2,2,,,3,LEFT,False,,
47796,dqn,245,,,2.0,2.0,0.05,0.008114753291010857,0.9041054248809814,2.5466299057006836,0.10258206725120544,0.935210108757019,2.5366551876068115,0.05026834458112717,0.6713888645172119,0.29362350702285767,10000,10000,1.0,340.72830185486106,340.72830185486106,11700,True,96,47500,0.0,0.0,3,LEFT,greedy,10253,15349,12704,9490,6728,41068,0.14076491756632353,1,23898,2,2,340.72830185486106,170.36415092743053,2,2,,,3,LEFT,False,,
47798,dqn,246,2.0,181,0.0,0.0,0.05,,,,,,,,,,10000,10000,1.0,340.7125789102949,340.7125789102949,11700,False,96,47500,0.0,0.0,2,RIGHT,greedy,10253,15349,12705,9491,6728,41070,0.1407590275743755,1,23899,2,2,340.7125789102949,170.35628945514745,2,2,,,2,RIGHT,False,,
48091,dqn,247,6.0,395,0.0,0.0,0.05,,,,,,,,,,10000,10000,1.0,340.6982607880199,340.6982607880199,11774,True,97,48000,0.0,0.0,3,LEFT,greedy,10281,15395,12828,9588,6746,41346,0.14027281044664394,0,24046,2,2,340.6982607880199,170.34913039400996,2,2,,,3,LEFT,False,,
48195,dqn,247,,,0.0,0.0,0.05,0.0018814533250406384,1.1107029914855957,2.1998894214630127,0.3614175319671631,1.1295655965805054,2.3154258728027344,0.04360683262348175,0.19067013263702393,0.2158932238817215,10000,10000,1.0,340.73067046811116,340.73067046811116,11800,True,97,48000,0.0,0.0,0,NOOP,greedy,10285,15459,12862,9590,6752,41444,0.14009461366088471,0,24098,2,2,340.73067046811116,170.36533523405558,2,2,,,0,NOOP,False,,
48196,dqn,247,,,3.0,3.0,0.05,0.0018814533250406384,1.1107029914855957,2.1998894214630127,0.3614175319671631,1.1295655965805054,2.3154258728027344,0.04360683262348175,0.19067013263702393,0.2158932238817215,10000,10000,1.0,340.7305172646745,340.7305172646745,11800,True,97,48000,0.0,0.0,3,LEFT,random,10285,15459,12862,9590,6752,41444,0.14009461366088471,1,24098,2,2,340.7305172646745,170.36525863233726,2,2,,,3,LEFT,False,,
48484,dqn,248,5.0,343,0.0,0.0,0.05,,,,,,,,,,10000,10000,1.0,340.8674670672462,340.8674670672462,11872,True,97,48000,0.0,0.0,2,RIGHT,greedy,10317,15505,13001,9661,6760,41724,0.13942743998019966,1,24242,2,2,340.8674670672462,170.4337335336231,2,2,,,2,RIGHT,False,,
48585,dqn,249,3.0,247,0.0,0.0,0.05,,,,,,,,,,10000,10000,1.0,340.9091115605825,340.9091115605825,11897,False,98,48500,0.0,0.0,0,NOOP,greedy,10350,15555,13008,9673,6763,41823,0.1391964763512123,0,24293,2,2,340.9091115605825,170.45455578029126,2,2,,,0,NOOP,False,,
48595,dqn,249,,,0.0,0.0,0.05,0.0032318108715116978,1.167137861251831,2.5781943798065186,0.18836186826229095,1.1351816654205322,2.4676921367645264,0.06437446922063828,0.19830918312072754,0.5036923885345459,10000,10000,1.0,340.8901760370394,340.8901760370394,11900,True,98,48500,0.0,0.0,2,RIGHT,greedy,10355,15558,13010,9673,6764,41832,0.1391884105687711,0,24298,2,2,340.8901760370394,170.4450880185197,2,2,,,2,RIGHT,False,,
48596,dqn,249,,,0.0,0.0,0.05,0.0032318108715116978,1.167137861251831,2.5781943798065186,0.18836186826229095,1.1351816654205322,2.4676921367645264,0.06437446922063828,0.19830918312072754,0.5036923885345459,10000,10000,1.0,340.8900301696908,340.8900301696908,11900,True,98,48500,0.0,0.0,0,NOOP,greedy,10355,15558,13010,9673,6764,41832,0.1391884105687711,1,24298,2,2,340.8900301696908,170.4450150848454,2,2,,,0,NOOP,False,,
48878,dqn,250,2.0,197,0.0,0.0,0.05,,,,,,,,,,10000,10000,1.0,340.93057812521675,340.93057812521675,11970,False,98,48500,0.0,0.0,2,RIGHT,greedy,10407,15667,13076,9728,6776,42102,0.13863087687712264,1,24439,2,2,340.93057812521675,170.46528906260838,2,2,,,2,RIGHT,False,,
48995,dqn,250,,,3.0,3.0,0.05,0.01696053147315979,1.054585337638855,2.1239452362060547,0.3887235224246979,1.0321249961853027,2.1444251537323,0.080936498939991,0.8739840388298035,0.445283979177475,10000,10000,1.0,340.80150084564264,340.80150084564264,12000,True,98,48500,0.0,0.0,3,LEFT,greedy,10425,15732,13084,9755,6785,42211,0.13848069230141236,0,24498,2,2,340.80150084564264,170.40075042282132,2,2,,,3,LEFT,False,,
48996,dqn,250,,,1.0,1.0,0.05,0.01696053147315979,1.054585337638855,2.1239452362060547,0.3887235224246979,1.0321249961853027,2.1444251537323,0.080936498939991,0.8739840388298035,0.445283979177475,10000,10000,1.0,340.80130148546397,340.80130148546397,12000,True,98,48500,0.0,0.0,3,LEFT,greedy,10425,15732,13084,9755,6785,42211,0.13848069230141236,1,24498,2,2,340.80130148546397,170.40065074273198,2,2,,,3,LEFT,False,,
49005,dqn,251,3.0,210,0.0,0.0,0.05,,,,,,,,,,10000,10000,1.0,340.759846730108,340.759846730108,12002,False,99,49000,0.0,0.0,3,LEFT,greedy,10425,15732,13087,9762,6786,42220,0.13847284006040075,0,24503,2,2,340.759846730108,170.379923365054,2,2,,,3,LEFT,False,,
49334,dqn,252,3.0,228,0.0,0.0,0.05,,,,,,,,,,10000,10000,1.0,340.72769432076217,340.72769432076217,12084,False,99,49000,0.0,0.0,2,RIGHT,greedy,10490,15849,13191,9804,6805,42529,0.13793732517128146,1,24667,2,2,340.72769432076217,170.36384716038108,2,2,,,2,RIGHT,False,,
49395,dqn,252,,,4.0,4.0,0.05,0.0012386617017909884,1.087564468383789,2.09157395362854,0.31674882769584656,1.1072423458099365,2.020780563354492,0.029691267758607864,0.22831058502197266,0.09151102602481842,10000,10000,1.0,340.56192285676184,340.56192285676184,12100,True,99,49000,0.0,0.0,0,NOOP,greedy,10504,15882,13206,9804,6807,42589,0.13780468054093448,0,24698,2,2,340.56192285676184,170.28096142838092,2,2,,,0,NOOP,False,,
49396,dqn,252,,,0.0,0.0,0.05,0.0012386617017909884,1.087564468383789,2.09157395362854,0.31674882769584656,1.1072423458099365,2.020780563354492,0.029691267758607864,0.22831058502197266,0.09151102602481842,10000,10000,1.0,340.56176178305043,340.56176178305043,12100,True,99,49000,0.0,0.0,1,FIRE,greedy,10504,15882,13206,9804,6807,42589,0.13780468054093448,1,24698,2,2,340.56176178305043,170.28088089152521,2,2,,,1,FIRE,False,,
49515,dqn,253,4.0,255,0.0,0.0,0.05,,,,,,,,,,10000,10000,1.0,340.52224181644436,340.52224181644436,12130,True,100,49500,0.0,0.0,1,FIRE,greedy,10507,15944,13231,9834,6814,42702,0.1376120849826319,0,24758,2,2,340.52224181644436,170.26112090822218,2,2,,,1,FIRE,False,,
49672,dqn,254,1.0,169,0.0,0.0,0.05,,,,,,,,,,10000,10000,1.0,340.4970208527021,340.4970208527021,12169,True,100,49500,0.0,0.0,2,RIGHT,greedy,10536,16016,13260,9860,6820,42852,0.1373006925430826,1,24836,2,2,340.4970208527021,170.24851042635106,2,2,,,2,RIGHT,False,,
49795,dqn,254,,,1.0,1.0,0.05,0.0011696505825966597,1.0656986236572266,2.030334949493408,0.17159968614578247,1.0801522731781006,1.9862043857574463,0.037704844027757645,0.13317227363586426,0.12582029402256012,10000,10000,1.0,340.5081487433694,340.5081487433694,12200,True,100,49500,0.0,0.0,3,LEFT,greedy,10587,16066,13274,9869,6826,42970,0.13707928347658446,0,24898,2,2,340.5081487433694,170.2540743716847,2,2,,,3,LEFT,False,,
49796,dqn,254,,,0.0,0.0,0.05,0.0011696505825966597,1.0656986236572266,2.030334949493408,0.17159968614578247,1.0801522731781006,1.9862043857574463,0.037704844027757645,0.13317227363586426,0.12582029402256012,10000,10000,1.0,340.50800368282773,340.50800368282773,12200,True,100,49500,0.0,0.0,0,NOOP,greedy,10587,16066,13274,9869,6826,42970,0.13707928347658446,1,24898,2,2,340.50800368282773,170.25400184141387,2,2,,,0,NOOP,False,,
49913,dqn,255,2.0,199,0.0,0.0,0.05,,,,,,,,,,10000,10000,1.0,340.5139723792079,340.5139723792079,12229,False,100,49500,0.0,0.0,0,NOOP,greedy,10619,16081,13327,9887,6835,43079,0.13693552911006932,0,24957,2,2,340.5139723792079,170.25698618960396,2,2,,,0,NOOP,False,,
50068,dqn,256,2.0,198,0.0,0.0,0.05,,,,,,,,,,10000,10000,1.0,340.49229166844276,340.49229166844276,12268,True,101,50000,0.0,0.0,2,RIGHT,greedy,10645,16167,13355,9901,6843,43225,0.13667412319245825,1,25034,2,2,340.49229166844276,170.24614583422138,2,2,,,2,RIGHT,False,,
50195,dqn,256,,,1.0,1.0,0.05,0.0007258488330990076,1.117650032043457,2.312835216522217,0.3582075834274292,1.1083528995513916,2.2305097579956055,0.031147915869951248,0.08564037084579468,0.2266121804714203,10000,10000,1.0,340.3212074354684,340.3212074354684,12300,True,101,50000,0.0,0.0,0,NOOP,greedy,10684,16215,13394,9903,6851,43345,0.1364849788827795,0,25098,2,2,340.3212074354684,170.1606037177342,2,2,,,0,NOOP,False,,
50196,dqn,256,,,0.0,0.0,0.05,0.0007258488330990076,1.117650032043457,2.312835216522217,0.3582075834274292,1.1083528995513916,2.2305097579956055,0.031147915869951248,0.08564037084579468,0.2266121804714203,10000,10000,1.0,340.32099769943136,340.32099769943136,12300,True,101,50000,0.0,0.0,1,FIRE,greedy,10684,16215,13394,9903,6851,43345,0.1364849788827795,1,25098,2,2,340.32099769943136,170.16049884971568,2,2,,,1,FIRE,False,,
50307,dqn,257,2.0,197,0.0,0.0,0.05,,,,,,,,,,10000,10000,1.0,340.2190912346823,340.2190912346823,12328,True,101,50000,0.0,0.0,3,LEFT,greedy,10717,16256,13423,9912,6855,43453,0.13626063449153217,0,25154,2,2,340.2190912346823,170.10954561734115,2,2,,,3,LEFT,False,,
50462,dqn,258,2.0,197,0.0,0.0,0.05,,,,,,,,,,10000,10000,1.0,340.19505794405814,340.19505794405814,12366,False,101,50000,0.0,0.0,2,RIGHT,greedy,10735,16303,13496,9928,6870,43592,0.13614204748127304,1,25231,2,2,340.19505794405814,170.09752897202907,2,2,,,2,RIGHT,False,,
50595,dqn,258,,,2.0,2.0,0.05,0.002045776229351759,0.9928358793258667,2.14670729637146,0.2236514687538147,0.9875405430793762,2.0888140201568604,0.04720877483487129,0.22636282444000244,0.17626166343688965,10000,10000,1.0,340.1747665275772,340.1747665275772,12400,True,102,50500,0.0,0.0,1,FIRE,greedy,10754,16390,13511,9941,6877,43719,0.13591983556012333,0,25298,2,2,340.1747665275772,170.0873832637886,2,2,,,1,FIRE,False,,
50596,dqn,258,,,0.0,0.0,0.05,0.002045776229351759,0.9928358793258667,2.14670729637146,0.2236514687538147,0.9875405430793762,2.0888140201568604,0.04720877483487129,0.22636282444000244,0.17626166343688965,10000,10000,1.0,340.174504196085,340.174504196085,12400,True,102,50500,0.0,0.0,1,FIRE,greedy,10754,16390,13511,9941,6877,43719,0.13591983556012333,1,25298,2,2,340.174504196085,170.0872520980425,2,2,,,1,FIRE,False,,
50954,dqn,259,3.0,246,0.0,0.0,0.05,,,,,,,,,,10000,10000,1.0,340.1991882072172,340.1991882072172,12489,False,102,50500,0.0,0.0,2,RIGHT,random,10839,16481,13625,10009,6897,44057,0.1353573811673274,1,25477,2,2,340.1991882072172,170.0995941036086,2,2,,,2,RIGHT,False,,
50995,dqn,259,,,5.0,5.0,0.05,0.001236132113263011,0.9861015677452087,2.1728460788726807,0.1840580403804779,0.9861332178115845,2.1067349910736084,0.03481331467628479,0.12770211696624756,0.1226215809583664,10000,10000,1.0,340.19701559291065,340.19701559291065,12500,True,102,50500,0.0,0.0,2,RIGHT,greedy,10852,16494,13635,10015,6898,44098,0.13526551102047218,0,25498,2,2,340.19701559291065,170.09850779645532,2,2,,,2,RIGHT,False,,
50996,dqn,259,,,0.0,0.0,0.05,0.001236132113263011,0.9861015677452087,2.1728460788726807,0.1840580403804779,0.9861332178115845,2.1067349910736084,0.03481331467628479,0.12770211696624756,0.1226215809583664,10000,10000,1.0,340.1968714811759,340.1968714811759,12500,True,102,50500,0.0,0.0,1,FIRE,greedy,10852,16494,13635,10015,6898,44098,0.13526551102047218,1,25498,2,2,340.1968714811759,170.09843574058795,2,2,,,1,FIRE,False,,
50997,dqn,260,5.0,345,0.0,0.0,0.05,,,,,,,,,,10000,10000,1.0,340.1857013826956,340.1857013826956,12500,False,102,50500,0.0,0.0,1,FIRE,random,10852,16496,13635,10015,6899,44099,0.13527981489470176,0,25499,2,2,340.1857013826956,170.0928506913478,2,2,,,1,FIRE,False,,
51394,dqn,261,2.0,220,0.0,0.0,0.05,,,,,,,,,,10000,10000,1.0,340.18622736924704,340.18622736924704,12599,False,103,51000,0.0,0.0,3,LEFT,greedy,10961,16615,13727,10091,6913,44481,0.13450986496478187,1,25697,2,2,340.18622736924704,170.09311368462352,2,2,,,3,LEFT,False,,
51395,dqn,261,,,4.0,4.0,0.05,0.001213285606354475,1.0045499801635742,1.9577924013137817,0.2715787887573242,1.0045579671859741,1.9060312509536743,0.0391622930765152,0.10991477966308594,0.1526690274477005,10000,10000,1.0,340.1659420354161,340.1659420354161,12600,True,103,51000,0.0,0.0,0,NOOP,greedy,10962,16616,13727,10091,6913,44483,0.13450463071056112,0,25698,2,2,340.1659420354161,170.08297101770805,2,2,,,0,NOOP,False,,
51396,dqn,261,,,0.0,0.0,0.05,0.001213285606354475,1.0045499801635742,1.9577924013137817,0.2715787887573242,1.0045579671859741,1.9060312509536743,0.0391622930765152,0.10991477966308594,0.1526690274477005,10000,10000,1.0,340.16579817081504,340.16579817081504,12600,True,103,51000,0.0,0.0,1,FIRE,fire_reset,10962,16616,13727,10091,6913,44483,0.13450463071056112,1,25698,2,2,340.16579817081504,170.08289908540752,2,2,,,1,FIRE,False,initial_serve,
51637,dqn,262,6.0,320,0.0,0.0,0.05,,,,,,,,,,10000,10000,1.0,340.18984411569124,340.18984411569124,12660,False,104,51500,0.0,0.0,3,LEFT,greedy,11014,16665,13763,10196,6918,44720,0.13397110654944033,0,25819,2,2,340.18984411569124,170.09492205784562,2,2,,,3,LEFT,False,,
51795,dqn,262,,,0.0,0.0,0.05,0.0020916745997965336,0.9089149832725525,2.348813533782959,0.0633009523153305,0.9006175994873047,2.324223041534424,0.04425446689128876,0.18898940086364746,0.2708142101764679,10000,10000,1.0,340.17504648960863,340.17504648960863,12700,True,104,51500,0.0,0.0,0,NOOP,greedy,11050,16728,13809,10209,6927,44869,0.13373619584523902,0,25898,2,2,340.17504648960863,170.08752324480432,2,2,,,0,NOOP,False,,
51796,dqn,262,,,3.0,3.0,0.05,0.0020916745997965336,0.9089149832725525,2.348813533782959,0.0633009523153305,0.9006175994873047,2.324223041534424,0.04425446689128876,0.18898940086364746,0.2708142101764679,10000,10000,1.0,340.1749059625212,340.1749059625212,12700,True,104,51500,0.0,0.0,0,NOOP,greedy,11050,16728,13809,10209,6927,44869,0.13373619584523902,1,25898,2,2,340.1749059625212,170.0874529812606,2,2,,,0,NOOP,False,,
51984,dqn,263,4.0,295,0.0,0.0,0.05,,,,,,,,,,10000,10000,1.0,340.1928517049602,340.1928517049602,12747,True,104,51500,0.0,0.0,3,LEFT,greedy,11116,16764,13838,10266,6934,45050,0.13338719606032626,1,25992,2,2,340.1928517049602,170.0964258524801,2,2,,,3,LEFT,False,,
52031,dqn,264,2.0,197,0.0,0.0,0.05,,,,,,,,,,10000,10000,1.0,340.1840454006756,340.1840454006756,12759,True,105,52000,0.0,0.0,1,FIRE,greedy,11137,16785,13838,10272,6939,45093,0.13336023985239853,0,26016,2,2,340.1840454006756,170.0920227003378,2,2,,,1,FIRE,False,,
52195,dqn,264,,,1.0,1.0,0.05,0.0012655941536650062,0.8950270414352417,2.143442392349243,0.2174699902534485,0.9032689332962036,2.179530620574951,0.03409726172685623,0.18849676847457886,0.1084052324295044,10000,10000,1.0,340.2057688279675,340.2057688279675,12800,True,105,52000,0.0,0.0,2,RIGHT,greedy,11176,16851,13872,10297,6946,45250,0.13307533144302244,0,26098,2,2,340.2057688279675,170.10288441398376,2,2,,,2,RIGHT,False,,
52196,dqn,264,,,1.0,1.0,0.05,0.0012655941536650062,0.8950270414352417,2.143442392349243,0.2174699902534485,0.9032689332962036,2.179530620574951,0.03409726172685623,0.18849676847457886,0.1084052324295044,10000,10000,1.0,340.2056235873019,340.2056235873019,12800,True,105,52000,0.0,0.0,3,LEFT,greedy,11176,16851,13872,10297,6946,45250,0.13307533144302244,1,26098,2,2,340.2056235873019,170.10281179365094,2,2,,,3,LEFT,False,,
52425,dqn,265,2.0,197,0.0,0.0,0.05,,,,,,,,,,10000,10000,1.0,340.2639784509666,340.2639784509666,12857,False,105,52000,0.0,0.0,0,NOOP,greedy,11231,16899,13937,10359,6956,45470,0.13268225689543356,0,26213,2,2,340.2639784509666,170.1319892254833,2,2,,,0,NOOP,False,,
52438,dqn,266,3.0,227,0.0,0.0,0.05,,,,,,,,,,10000,10000,1.0,340.248125650447,340.248125650447,12860,False,105,52000,0.0,0.0,2,RIGHT,greedy,11231,16901,13944,10362,6957,45481,0.13267096380487434,1,26219,2,2,340.248125650447,170.1240628252235,2,2,,,2,RIGHT,False,,
52595,dqn,266,,,2.0,2.0,0.05,0.004516389220952988,0.968505859375,2.6054306030273438,0.1536635160446167,0.997684895992279,2.571319818496704,0.03539325296878815,0.5121811628341675,0.24881720542907715,10000,10000,1.0,340.2584832087927,340.2584832087927,12900,True,106,52500,0.0,0.0,0,NOOP,greedy,11263,16993,13970,10370,6963,45633,0.13238649326945015,0,26298,2,2,340.2584832087927,170.12924160439636,2,2,,,0,NOOP,False,,
52596,dqn,266,,,0.0,0.0,0.05,0.004516389220952988,0.968505859375,2.6054306030273438,0.1536635160446167,0.997684895992279,2.571319818496704,0.03539325296878815,0.5121811628341675,0.24881720542907715,10000,10000,1.0,340.258225445427,340.258225445427,12900,True,106,52500,0.0,0.0,2,RIGHT,greedy,11263,16993,13970,10370,6963,45633,0.13238649326945015,1,26298,2,2,340.258225445427,170.1291127227135,2,2,,,2,RIGHT,False,,
52832,dqn,267,2.0,197,0.0,0.0,0.05,,,,,,,,,,10000,10000,1.0,340.324599621498,340.324599621498,12959,True,106,52500,0.0,0.0,3,LEFT,greedy,11274,17102,14006,10450,6973,45859,0.13198440339188372,1,26416,2,2,340.324599621498,170.162299810749,2,2,,,3,LEFT,False,,
52975,dqn,268,4.0,275,0.0,0.0,0.05,,,,,,,,,,10000,10000,1.0,340.36467869027786,340.36467869027786,12995,True,106,52500,0.0,0.0,3,LEFT,greedy,11318,17150,14016,10492,6979,45997,0.13173890063424948,0,26488,2,2,340.36467869027786,170.18233934513893,2,2,,,3,LEFT,False,,
52995,dqn,268,,,0.0,0.0,0.05,0.0011588702909648418,1.068374514579773,1.9226056337356567,0.19872485101222992,1.0603508949279785,1.9073317050933838,0.03855249658226967,0.10642731189727783,0.19029085338115692,10000,10000,1.0,340.3509456246298,340.3509456246298,13000,True,106,52500,0.0,0.0,2,RIGHT,greedy,11318,17154,14030,10494,6980,46016,0.13170805343799533,0,26498,2,2,340.3509456246298,170.1754728123149,2,2,,,2,RIGHT,False,,
52996,dqn,268,,,1.0,1.0,0.05,0.0011588702909648418,1.068374514579773,1.9226056337356567,0.19872485101222992,1.0603508949279785,1.9073317050933838,0.03855249658226967,0.10642731189727783,0.19029085338115692,10000,10000,1.0,340.3508057333078,340.3508057333078,13000,True,106,52500,0.0,0.0,3,LEFT,greedy,11318,17154,14030,10494,6980,46016,0.13170805343799533,1,26498,2,2,340.3508057333078,170.1754028666539,2,2,,,3,LEFT,False,,
53395,dqn,268,,,3.0,3.0,0.05,0.009319697506725788,1.0343167781829834,2.5976967811584473,0.08447139710187912,1.071251392364502,2.5397446155548096,0.06469231098890305,0.6623544692993164,0.39237889647483826,10000,10000,1.0,340.4225168517861,340.4225168517861,13100,True,107,53000,0.0,0.0,2,RIGHT,greedy,11351,17219,14205,10621,6995,46401,0.13100232227133118,0,26698,2,2,340.4225168517861,170.21125842589305,2,2,,,2,RIGHT,False,,
53396,dqn,268,,,4.0,4.0,0.05,0.009319697506725788,1.0343167781829834,2.5976967811584473,0.08447139710187912,1.071251392364502,2.5397446155548096,0.06469231098890305,0.6623544692993164,0.39237889647483826,10000,10000,1.0,340.4223766478043,340.4223766478043,13100,True,107,53000,0.0,0.0,3,LEFT,greedy,11351,17219,14205,10621,6995,46401,0.13100232227133118,1,26698,2,2,340.4223766478043,170.21118832390215,2,2,,,3,LEFT,False,,
53422,dqn,269,4.0,295,0.0,0.0,0.05,,,,,,,,,,10000,10000,1.0,340.4228623676767,340.4228623676767,13106,False,107,53000,0.0,0.0,3,LEFT,greedy,11351,17220,14211,10640,6997,46425,0.13097600239601662,1,26711,2,2,340.4228623676767,170.21143118383836,2,2,,,3,LEFT,False,,
53525,dqn,270,4.0,275,0.0,0.0,0.05,,,,,,,,,,10000,10000,1.0,340.42275410480556,340.42275410480556,13132,False,108,53500,0.0,0.0,2,RIGHT,greedy,11361,17265,14226,10674,7004,46522,0.13085229608040952,0,26763,2,2,340.42275410480556,170.21137705240278,2,2,,,2,RIGHT,False,,
53758,dqn,271,1.0,168,0.0,0.0,0.05,,,,,,,,,,10000,10000,1.0,340.48540368846454,340.48540368846454,13190,False,108,53500,0.0,0.0,2,RIGHT,greedy,11405,17364,14288,10701,7015,46743,0.13049220581122808,1,26879,2,2,340.48540368846454,170.24270184423227,2,2,,,2,RIGHT,False,,
53795,dqn,271,,,2.0,2.0,0.05,0.002403726801276207,1.1469125747680664,1.8422245979309082,0.3109301030635834,1.1469030380249023,1.8225716352462769,0.0487021878361702,0.20707476139068604,0.16197870671749115,10000,10000,1.0,340.48354408868795,340.48354408868795,13200,True,108,53500,0.0,0.0,0,NOOP,greedy,11418,17381,14292,10705,7019,46777,0.13047438471261805,0,26898,2,2,340.48354408868795,170.24177204434397,2,2,,,0,NOOP,False,,
53796,dqn,271,,,0.0,0.0,0.05,0.002403726801276207,1.1469125747680664,1.8422245979309082,0.3109301030635834,1.1469030380249023,1.8225716352462769,0.0487021878361702,0.20707476139068604,0.16197870671749115,10000,10000,1.0,340.48340466204473,340.48340466204473,13200,True,108,53500,0.0,0.0,1,FIRE,greedy,11418,17381,14292,10705,7019,46777,0.13047438471261805,1,26898,2,2,340.48340466204473,170.24170233102237,2,2,,,1,FIRE,False,,
53977,dqn,272,3.0,226,0.0,0.0,0.05,,,,,,,,,,10000,10000,1.0,340.5332620294846,340.5332620294846,13245,False,108,53500,0.0,0.0,3,LEFT,greedy,11456,17447,14312,10763,7027,46951,0.13018266701248657,0,26989,2,2,340.5332620294846,170.2666310147423,2,2,,,3,LEFT,False,,
54098,dqn,273,1.0,170,0.0,0.0,0.05,,,,,,,,,,10000,10000,1.0,340.55732142094723,340.55732142094723,13275,False,109,54000,0.0,0.0,1,FIRE,greedy,11474,17470,14338,10816,7031,47067,0.1299678361492107,1,27049,2,2,340.55732142094723,170.27866071047362,2,2,,,1,FIRE,False,,
54195,dqn,273,,,2.0,2.0,0.05,0.0016144354594871402,1.0709621906280518,2.4768381118774414,0.1955765038728714,1.0817511081695557,2.5548901557922363,0.0435112826526165,0.16134876012802124,0.08419657498598099,10000,10000,1.0,340.5861637446525,340.5861637446525,13300,True,109,54000,0.0,0.0,2,RIGHT,random,11514,17511,14348,10823,7035,47161,0.12980662779540925,0,27098,2,2,340.5861637446525,170.29308187232624,2,2,,,2,RIGHT,False,,
54196,dqn,273,,,1.0,1.0,0.05,0.0016144354594871402,1.0709621906280518,2.4768381118774414,0.1955765038728714,1.0817511081695557,2.5548901557922363,0.0435112826526165,0.16134876012802124,0.08419657498598099,10000,10000,1.0,340.5860244074771,340.5860244074771,13300,True,109,54000,0.0,0.0,3,LEFT,greedy,11514,17511,14348,10823,7035,47161,0.12980662779540925,1,27098,2,2,340.5860244074771,170.29301220373856,2,2,,,3,LEFT,False,,
54373,dqn,274,2.0,198,0.0,0.0,0.05,,,,,,,,,,10000,10000,1.0,340.60800874894534,340.60800874894534,13344,False,109,54000,0.0,0.0,2,RIGHT,greedy,11548,17578,14390,10858,7038,47336,0.12943686320667966,0,27187,2,2,340.60800874894534,170.30400437447267,2,2,,,2,RIGHT,False,,
54590,dqn,275,3.0,246,0.0,0.0,0.05,,,,,,,,,,10000,10000,1.0,340.6439703971198,340.6439703971198,13398,False,110,54500,0.0,0.0,0,NOOP,greedy,11617,17659,14436,10878,7051,47539,0.1291628503388899,1,27295,2,2,340.6439703971198,170.3219851985599,2,2,,,0,NOOP,False,,
54595,dqn,275,,,1.0,1.0,0.05,0.003397067543119192,1.0183297395706177,2.2735376358032227,0.3610299527645111,1.0487005710601807,2.2249057292938232,0.048269711434841156,0.37202727794647217,0.14416080713272095,10000,10000,1.0,340.62722264242205,340.62722264242205,13400,True,110,54500,0.0,0.0,3,LEFT,greedy,11618,17662,14436,10880,7051,47545,0.1291486555791633,0,27298,2,2,340.62722264242205,170.31361132121103,2,2,,,3,LEFT,False,,
54596,dqn,275,,,0.0,0.0,0.05,0.003397067543119192,1.0183297395706177,2.2735376358032227,0.3610299527645111,1.0487005710601807,2.2249057292938232,0.048269711434841156,0.37202727794647217,0.14416080713272095,10000,10000,1.0,340.6268632730595,340.6268632730595,13400,True,110,54500,0.0,0.0,0,NOOP,greedy,11618,17662,14436,10880,7051,47545,0.1291486555791633,1,27298,2,2,340.6268632730595,170.31343163652974,2,2,,,0,NOOP,False,,
54961,dqn,276,5.0,294,0.0,0.0,0.05,,,,,,,,,,10000,10000,1.0,340.623100892565,340.623100892565,13491,False,110,54500,0.0,0.0,3,LEFT,greedy,11648,17740,14598,10976,7067,47895,0.12857974600633165,0,27481,2,2,340.623100892565,170.3115504462825,2,2,,,3,LEFT,False,,
54995,dqn,276,,,0.0,0.0,0.05,0.007963962852954865,1.0878760814666748,2.5740678310394287,0.3373650908470154,1.1033287048339844,2.516374111175537,0.07379237562417984,0.5389876365661621,0.14444373548030853,10000,10000,1.0,340.60624867666087,340.60624867666087,13500,True,110,54500,0.0,0.0,2,RIGHT,random,11657,17750,14610,10979,7069,47927,0.12853662084515238,0,27498,2,2,340.60624867666087,170.30312433833043,2,2,,,2,RIGHT,False,,
54996,dqn,276,,,3.0,3.0,0.05,0.007963962852954865,1.0878760814666748,2.5740678310394287,0.3373650908470154,1.1033287048339844,2.516374111175537,0.07379237562417984,0.5389876365661621,0.14444373548030853,10000,10000,1.0,340.6061193657231,340.6061193657231,13500,True,110,54500,0.0,0.0,1,FIRE,greedy,11657,17750,14610,10979,7069,47927,0.12853662084515238,1,27498,2,2,340.6061193657231,170.30305968286154,2,2,,,1,FIRE,False,,
55344,dqn,277,6.0,377,0.0,0.0,0.05,,,,,,,,,,10000,10000,1.0,340.50474969889456,340.50474969889456,13587,True,111,55000,0.0,0.0,3,LEFT,greedy,11720,17843,14721,11060,7086,48258,0.12803555941023417,1,27672,2,2,340.50474969889456,170.25237484944728,2,2,,,3,LEFT,False,,
55355,dqn,278,2.0,197,0.0,0.0,0.05,,,,,,,,,,10000,10000,1.0,340.477138594917,340.477138594917,13590,True,111,55000,0.0,0.0,1,FIRE,greedy,11720,17854,14722,11060,7086,48270,0.12800780403208326,0,27678,2,2,340.477138594917,170.2385692974585,2,2,,,1,FIRE,False,,
55395,dqn,278,,,0.0,0.0,0.05,0.0016635676147416234,1.380006194114685,2.6558375358581543,0.233743354678154,1.3563547134399414,2.6119027137756348,0.04451706260442734,0.15087515115737915,0.43210792541503906,10000,10000,1.0,340.4546875478418,340.4546875478418,13600,True,111,55000,0.0,0.0,1,FIRE,greedy,11720,17889,14724,11063,7088,48308,0.1279514766409127,0,27698,2,2,340.4546875478418,170.2273437739209,2,2,,,1,FIRE,False,,
55396,dqn,278,,,0.0,0.0,0.05,0.0016635676147416234,1.380006194114685,2.6558375358581543,0.233743354678154,1.3563547134399414,2.6119027137756348,0.04451706260442734,0.15087515115737915,0.43210792541503906,10000,10000,1.0,340.45455133424264,340.45455133424264,13600,True,111,55000,0.0,0.0,1,FIRE,fire_reset,11720,17889,14724,11063,7088,48308,0.1279514766409127,1,27698,2,2,340.45455133424264,170.22727566712132,2,2,,,1,FIRE,False,after_life_loss,
55749,dqn,279,2.0,197,0.0,0.0,0.05,,,,,,,,,,10000,10000,1.0,340.39417561283597,340.39417561283597,13688,False,112,55500,0.0,0.0,2,RIGHT,greedy,11793,17998,14882,11077,7107,48643,0.1274798206278027,0,27875,2,2,340.39417561283597,170.19708780641798,2,2,,,2,RIGHT,False,,
55795,dqn,279,,,0.0,0.0,0.05,0.007164878770709038,1.3410353660583496,2.673079490661621,0.33066561818122864,1.374535322189331,2.658134698867798,0.06732593476772308,0.48083198070526123,0.241271510720253,10000,10000,1.0,340.4027011542995,340.4027011542995,13700,True,112,55500,0.0,0.0,1,FIRE,greedy,11795,18015,14898,11088,7108,48688,0.12739264463402394,0,27898,2,2,340.4027011542995,170.20135057714975,2,2,,,1,FIRE,False,,
55796,dqn,279,,,3.0,3.0,0.05,0.007164878770709038,1.3410353660583496,2.673079490661621,0.33066561818122864,1.374535322189331,2.658134698867798,0.06732593476772308,0.48083198070526123,0.241271510720253,10000,10000,1.0,340.40257654973334,340.40257654973334,13700,True,112,55500,0.0,0.0,2,RIGHT,greedy,11795,18015,14898,11088,7108,48688,0.12739264463402394,1,27898,2,2,340.40257654973334,170.20128827486667,2,2,,,2,RIGHT,False,,
55836,dqn,280,3.0,246,0.0,0.0,0.05,,,,,,,,,,10000,10000,1.0,340.3810285195911,340.3810285195911,13710,True,112,55500,0.0,0.0,0,NOOP,greedy,11811,18019,14910,11096,7109,48727,0.12731929221290925,1,27918,2,2,340.3810285195911,170.19051425979555,2,2,,,0,NOOP,False,,
56195,dqn,280,,,3.0,3.0,0.05,0.0015900346916168928,1.1428577899932861,2.382061719894409,0.33605459332466125,1.1443208456039429,2.3958022594451904,0.03742887079715729,0.19287806749343872,0.1199900209903717,10000,10000,1.0,340.3382393417492,340.3382393417492,13800,True,113,56000,0.0,0.0,1,FIRE,fire_reset,11848,18103,15096,11149,7124,49072,0.12677058865399674,0,28098,2,2,340.3382393417492,170.1691196708746,2,2,,,3,LEFT,True,after_life_loss,
56196,dqn,280,,,2.0,2.0,0.05,0.0015900346916168928,1.1428577899932861,2.382061719894409,0.33605459332466125,1.1443208456039429,2.3958022594451904,0.03742887079715729,0.19287806749343872,0.1199900209903717,10000,10000,1.0,340.33810948737835,340.33810948737835,13800,True,113,56000,0.0,0.0,2,RIGHT,greedy,11848,18103,15096,11149,7124,49072,0.12677058865399674,1,28098,2,2,340.33810948737835,170.16905474368917,2,2,,,2,RIGHT,False,,
56241,dqn,281,3.0,246,0.0,0.0,0.05,,,,,,,,,,10000,10000,1.0,340.3333898311683,340.3333898311683,13811,False,113,56000,0.0,0.0,2,RIGHT,greedy,11863,18104,15116,11159,7127,49115,0.1267202446570179,0,28121,2,2,340.3333898311683,170.16669491558415,2,2,,,2,RIGHT,False,,
56428,dqn,282,4.0,296,0.0,0.0,0.05,,,,,,,,,,10000,10000,1.0,340.34541533657824,340.34541533657824,13858,True,113,56000,0.0,0.0,0,NOOP,greedy,11880,18144,15208,11196,7137,49291,0.12647976182037288,1,28214,2,2,340.34541533657824,170.17270766828912,2,2,,,0,NOOP,False,,
56595,dqn,282,,,1.0,1.0,0.05,0.00211895490065217,1.2134132385253906,2.3978774547576904,0.22178450226783752,1.2682795524597168,2.4518966674804688,0.04782627522945404,0.1743452548980713,0.4406077265739441,10000,10000,1.0,340.36242071541835,340.36242071541835,13900,True,114,56500,0.0,0.0,3,LEFT,greedy,11893,18213,15221,11269,7141,49455,0.12617499469927204,0,28298,2,2,340.36242071541835,170.18121035770918,2,2,,,3,LEFT,False,,
56596,dqn,282,,,1.0,1.0,0.05,0.00211895490065217,1.2134132385253906,2.3978774547576904,0.22178450226783752,1.2682795524597168,2.4518966674804688,0.04782627522945404,0.1743452548980713,0.4406077265739441,10000,10000,1.0,340.3620758124428,340.3620758124428,13900,True,114,56500,0.0,0.0,1,FIRE,greedy,11893,18213,15221,11269,7141,49455,0.12617499469927204,1,28298,2,2,340.3620758124428,170.1810379062214,2,2,,,1,FIRE,False,,
56637,dqn,283,2.0,198,0.0,0.0,0.05,,,,,,,,,,10000,10000,1.0,340.37108882529344,340.37108882529344,13910,False,114,56500,0.0,0.0,1,FIRE,greedy,11896,18229,15226,11287,7144,49494,0.12613439740103818,0,28319,2,2,340.37108882529344,170.18554441264672,2,2,,,1,FIRE,False,,
56824,dqn,284,2.0,198,0.0,0.0,0.05,,,,,,,,,,10000,10000,1.0,340.4009114507,340.4009114507,13957,True,114,56500,0.0,0.0,2,RIGHT,greedy,11925,18316,15293,11290,7154,49670,0.12589750809517106,1,28412,2,2,340.4009114507,170.20045572535,2,2,,,2,RIGHT,False,,
56995,dqn,284,,,2.0,2.0,0.05,0.003123615402728319,1.1157264709472656,2.5014219284057617,0.26905256509780884,1.1257246732711792,2.554884910583496,0.04390747472643852,0.3537929356098175,0.0813172236084938,10000,10000,1.0,340.4201356422038,340.4201356422038,14000,True,114,56500,0.0,0.0,2,RIGHT,random,11943,18419,15336,11298,7163,49833,0.12567548599901748,0,28498,2,2,340.4201356422038,170.2100678211019,2,2,,,2,RIGHT,False,,
56996,dqn,284,,,0.0,0.0,0.05,0.003123615402728319,1.1157264709472656,2.5014219284057617,0.26905256509780884,1.1257246732711792,2.554884910583496,0.04390747472643852,0.3537929356098175,0.0813172236084938,10000,10000,1.0,340.4200071422047,340.4200071422047,14000,True,114,56500,0.0,0.0,0,NOOP,greedy,11943,18419,15336,11298,7163,49833,0.12567548599901748,1,28498,2,2,340.4200071422047,170.21000357110236,2,2,,,0,NOOP,False,,
57033,dqn,285,2.0,198,0.0,0.0,0.05,,,,,,,,,,10000,10000,1.0,340.4287056283208,340.4287056283208,14009,False,115,57000,0.0,0.0,1,FIRE,greedy,11957,18436,15337,11304,7163,49871,0.12559175228810884,0,28517,2,2,340.4287056283208,170.2143528141604,2,2,,,1,FIRE,False,,
57218,dqn,286,2.0,197,0.0,0.0,0.05,,,,,,,,,,10000,10000,1.0,340.45276584745363,340.45276584745363,14055,False,115,57000,0.0,0.0,1,FIRE,greedy,11995,18540,15363,11320,7175,50043,0.12539760215316859,1,28609,2,2,340.45276584745363,170.22638292372682,2,2,,,1,FIRE,False,,
57395,dqn,286,,,2.0,2.0,0.05,0.001345889875665307,1.0545082092285156,2.675747871398926,0.2601597011089325,1.0605539083480835,2.6946818828582764,0.03453896939754486,0.17061316967010498,0.09463708847761154,10000,10000,1.0,340.46552856096,340.46552856096,14100,True,115,57000,0.0,0.0,0,NOOP,greedy,12031,18601,15400,11364,7182,50214,0.1251306711269078,0,28698,2,2,340.46552856096,170.23276428048,2,2,,,0,NOOP,False,,
57396,dqn,286,,,1.0,1.0,0.05,0.001345889875665307,1.0545082092285156,2.675747871398926,0.2601597011089325,1.0605539083480835,2.6946818828582764,0.03453896939754486,0.17061316967010498,0.09463708847761154,10000,10000,1.0,340.46540516387813,340.46540516387813,14100,True,115,57000,0.0,0.0,1,FIRE,greedy,12031,18601,15400,11364,7182,50214,0.1251306711269078,1,28698,2,2,340.46540516387813,170.23270258193907,2,2,,,1,FIRE,False,,
57435,dqn,287,2.0,201,0.0,0.0,0.05,,,,,,,,,,10000,10000,1.0,340.4736243132671,340.4736243132671,14110,True,115,57000,0.0,0.0,0,NOOP,greedy,12048,18611,15401,11376,7186,50250,0.12511316944076886,0,28718,2,2,340.4736243132671,170.23681215663356,2,2,,,0,NOOP,False,,
57795,dqn,287,,,2.0,2.0,0.05,0.0014578684931620955,1.36034095287323,2.8795723915100098,0.31608840823173523,1.3733341693878174,2.8742761611938477,0.03475583717226982,0.20418834686279297,0.21502044796943665,10000,10000,1.0,340.4773109099449,340.4773109099449,14200,True,116,57500,0.0,0.0,0,NOOP,greedy,12225,18669,15472,11430,7205,50591,0.12466260640874802,0,28898,2,2,340.4773109099449,170.23865545497245,2,2,,,0,NOOP,False,,
57796,dqn,287,,,5.0,5.0,0.05,0.0014578684931620955,1.36034095287323,2.8795723915100098,0.31608840823173523,1.3733341693878174,2.8742761611938477,0.03475583717226982,0.20418834686279297,0.21502044796943665,10000,10000,1.0,340.4771861518164,340.4771861518164,14200,True,116,57500,0.0,0.0,2,RIGHT,greedy,12225,18669,15472,11430,7205,50591,0.12466260640874802,1,28898,2,2,340.4771861518164,170.2385930759082,2,2,,,2,RIGHT,False,,
57834,dqn,288,5.0,308,0.0,0.0,0.05,,,,,,,,,,10000,10000,1.0,340.4799251700932,340.4799251700932,14209,False,116,57500,0.0,0.0,2,RIGHT,greedy,12245,18675,15477,11437,7206,50628,0.12459798734308539,1,28917,2,2,340.4799251700932,170.2399625850466,2,2,,,2,RIGHT,False,,
57835,dqn,289,2.0,200,0.0,0.0,0.05,,,,,,,,,,10000,10000,1.0,340.4604494349392,340.4604494349392,14210,True,116,57500,0.0,0.0,0,NOOP,greedy,12246,18676,15477,11437,7206,50630,0.12459367867764022,0,28918,2,2,340.4604494349392,170.2302247174696,2,2,,,0,NOOP,False,,
58195,dqn,289,,,2.0,2.0,0.05,0.001518180943094194,0.9587503671646118,2.3568317890167236,0.3106656074523926,0.965808093547821,2.3558082580566406,0.037349846214056015,0.20956873893737793,0.07656271010637283,10000,10000,1.0,340.4412469085246,340.4412469085246,14300,True,117,58000,0.0,0.0,0,NOOP,greedy,12377,18787,15537,11495,7220,50976,0.12406350951955461,0,29098,2,2,340.4412469085246,170.2206234542623,2,2,,,0,NOOP,False,,
58196,dqn,289,,,2.0,2.0,0.05,0.001518180943094194,0.9587503671646118,2.3568317890167236,0.3106656074523926,0.965808093547821,2.3558082580566406,0.037349846214056015,0.20956873893737793,0.07656271010637283,10000,10000,1.0,340.4411076993372,340.4411076993372,14300,True,117,58000,0.0,0.0,0,NOOP,greedy,12377,18787,15537,11495,7220,50976,0.12406350951955461,1,29098,2,2,340.4411076993372,170.2205538496686,2,2,,,0,NOOP,False,,
58197,dqn,290,2.0,181,0.0,0.0,0.05,,,,,,,,,,10000,10000,1.0,340.4308407971891,340.4308407971891,14300,False,117,58000,0.0,0.0,0,NOOP,greedy,12378,18787,15538,11495,7220,50978,0.12405924602220007,0,29099,2,2,340.4308407971891,170.21542039859455,2,2,,,0,NOOP,False,,
58434,dqn,291,4.0,300,0.0,0.0,0.05,,,,,,,,,,10000,10000,1.0,340.4707946290844,340.4707946290844,14359,False,117,58000,0.0,0.0,3,LEFT,greedy,12427,18865,15572,11570,7239,51195,0.1238833555806551,1,29217,2,2,340.4707946290844,170.2353973145422,2,2,,,3,LEFT,False,,
58441,dqn,292,0.0,122,0.0,0.0,0.05,,,,,,,,,,10000,10000,1.0,340.45532945017374,340.45532945017374,14361,False,117,58000,0.0,0.0,1,FIRE,greedy,12428,18871,15573,11570,7242,51200,0.12391773039937032,0,29221,2,2,340.45532945017374,170.22766472508687,2,2,,,1,FIRE,False,,
58595,dqn,292,,,0.0,0.0,0.05,0.002475425135344267,1.0134626626968384,2.532745838165283,0.25090324878692627,1.031189203262329,2.4551193714141846,0.04381372034549713,0.2998296618461609,0.16387896239757538,10000,10000,1.0,340.4638559617688,340.4638559617688,14400,True,118,58500,0.0,0.0,2,RIGHT,greedy,12456,18954,15609,11577,7252,51344,0.12376271417844222,0,29298,2,2,340.4638559617688,170.2319279808844,2,2,,,2,RIGHT,False,,
58596,dqn,292,,,1.0,1.0,0.05,0.002475425135344267,1.0134626626968384,2.532745838165283,0.25090324878692627,1.031189203262329,2.4551193714141846,0.04381372034549713,0.2998296618461609,0.16387896239757538,10000,10000,1.0,340.46365359030193,340.46365359030193,14400,True,118,58500,0.0,0.0,2,RIGHT,greedy,12456,18954,15609,11577,7252,51344,0.12376271417844222,1,29298,2,2,340.46365359030193,170.23182679515097,2,2,,,2,RIGHT,False,,
58835,dqn,293,2.0,197,0.0,0.0,0.05,,,,,,,,,,10000,10000,1.0,340.50812531595244,340.50812531595244,14460,True,118,58500,0.0,0.0,3,LEFT,greedy,12572,18997,15678,11589,7260,51576,0.12339384050581277,0,29418,2,2,340.50812531595244,170.25406265797622,2,2,,,3,LEFT,False,,
58995,dqn,293,,,2.0,2.0,0.05,0.0029625934548676014,1.0500202178955078,2.593576669692993,0.16485968232154846,1.0925580263137817,2.7008299827575684,0.051710616797208786,0.28385215997695923,0.25469109416007996,10000,10000,1.0,340.4430946163068,340.4430946163068,14500,True,118,58500,1.0,1.0,3,LEFT,greedy,12581,19026,15760,11629,7273,51723,0.1232795443758899,0,29498,2,2,340.4430946163068,170.2215473081534,2,2,,,3,LEFT,False,,
58996,dqn,293,,,4.0,4.0,0.05,0.0029625934548676014,1.0500202178955078,2.593576669692993,0.16485968232154846,1.0925580263137817,2.7008299827575684,0.051710616797208786,0.28385215997695923,0.25469109416007996,10000,10000,1.0,340.4429606333509,340.4429606333509,14500,True,118,58500,0.0,0.0,2,RIGHT,greedy,12581,19026,15760,11629,7273,51723,0.1232795443758899,1,29498,2,2,340.4429606333509,170.22148031667544,2,2,,,2,RIGHT,False,,
59026,dqn,294,4.0,296,0.0,0.0,0.05,,,,,,,,,,10000,10000,1.0,340.43510319225436,340.43510319225436,14507,False,119,59000,0.0,0.0,1,FIRE,greedy,12585,19040,15766,11635,7274,51752,0.12323382916003117,1,29513,2,2,340.43510319225436,170.21755159612718,2,2,,,1,FIRE,False,,
59395,dqn,294,,,4.0,4.0,0.05,0.0050714584067463875,1.2265636920928955,2.505284309387207,0.27149271965026855,1.2582985162734985,2.4575881958007812,0.04830579832196236,0.4875373840332031,0.16018986701965332,10000,10000,1.0,340.2506339926369,340.2506339926369,14600,True,119,59000,0.0,0.0,2,RIGHT,greedy,12634,19207,15841,11714,7297,52099,0.12285339080072732,0,29698,2,2,340.2506339926369,170.12531699631845,2,2,,,2,RIGHT,False,,
59396,dqn,294,,,3.0,3.0,0.05,0.0050714584067463875,1.2265636920928955,2.505284309387207,0.27149271965026855,1.2582985162734985,2.4575881958007812,0.04830579832196236,0.4875373840332031,0.16018986701965332,10000,10000,1.0,340.2504866387523,340.2504866387523,14600,True,119,59000,0.0,0.0,1,FIRE,greedy,12634,19207,15841,11714,7297,52099,0.12285339080072732,1,29698,2,2,340.2504866387523,170.12524331937615,2,2,,,1,FIRE,False,,
59480,dqn,295,3.0,227,0.0,0.0,0.05,,,,,,,,,,10000,10000,1.0,340.17539521142584,340.17539521142584,14621,True,119,59000,0.0,0.0,1,FIRE,greedy,12640,19249,15858,11733,7299,52181,0.12271351714862139,1,29740,2,2,340.17539521142584,170.08769760571292,2,2,,,1,FIRE,False,,
59625,dqn,296,7.0,395,0.0,0.0,0.05,,,,,,,,,,10000,10000,1.0,340.0710117848381,340.0710117848381,14657,False,120,59500,0.0,0.0,3,LEFT,greedy,12648,19276,15910,11792,7305,52321,0.12251366853386107,0,29813,2,2,340.0710117848381,170.03550589241905,2,2,,,3,LEFT,False,,
59795,dqn,296,,,2.0,2.0,0.05,0.0013161508832126856,1.0591528415679932,2.1649606227874756,0.22011709213256836,1.0685169696807861,2.188173532485962,0.04088674485683441,0.15325021743774414,0.15675431489944458,10000,10000,1.0,339.9131202504871,339.9131202504871,14700,True,120,59500,0.0,0.0,3,LEFT,greedy,12668,19299,16022,11807,7318,52478,0.12238276807813232,0,29898,2,2,339.9131202504871,169.95656012524356,2,2,,,3,LEFT,False,,
59796,dqn,296,,,2.0,2.0,0.05,0.0013161508832126856,1.0591528415679932,2.1649606227874756,0.22011709213256836,1.0685169696807861,2.188173532485962,0.04088674485683441,0.15325021743774414,0.15675431489944458,10000,10000,1.0,339.91298460678087,339.91298460678087,14700,True,120,59500,0.0,0.0,0,NOOP,random,12668,19299,16022,11807,7318,52478,0.12238276807813232,1,29898,2,2,339.91298460678087,169.95649230339043,2,2,,,0,NOOP,False,,
59942,dqn,297,3.0,231,0.0,0.0,0.05,,,,,,,,,,10000,10000,1.0,339.80928526727683,339.80928526727683,14736,False,120,59500,0.0,0.0,2,RIGHT,greedy,12685,19344,16073,11840,7330,52612,0.12228487537953354,1,29971,2,2,339.80928526727683,169.90464263363842,2,2,,,2,RIGHT,False,,
60195,dqn,297,,,4.0,4.0,0.05,0.0023183641023933887,1.3008997440338135,2.583861827850342,0.3388487994670868,1.297473669052124,2.4620180130004883,0.04548254609107971,0.271298348903656,0.28756198287010193,10000,10000,1.0,339.6787790687325,339.6787790687325,14800,True,121,60000,0.0,0.0,2,RIGHT,greedy,12747,19457,16110,11882,7342,52854,0.12196823709216559,0,30098,2,2,339.6787790687325,169.83938953436626,2,2,,,2,RIGHT,False,,
60196,dqn,297,,,2.0,2.0,0.05,0.0023183641023933887,1.3008997440338135,2.583861827850342,0.3388487994670868,1.297473669052124,2.4620180130004883,0.04548254609107971,0.271298348903656,0.28756198287010193,10000,10000,1.0,339.67865620422793,339.67865620422793,14800,True,121,60000,0.0,0.0,1,FIRE,greedy,12747,19457,16110,11882,7342,52854,0.12196823709216559,1,30098,2,2,339.67865620422793,169.83932810211397,2,2,,,1,FIRE,False,,
60304,dqn,298,2.0,181,0.0,0.0,0.05,,,,,,,,,,10000,10000,1.0,339.5919444297882,339.5919444297882,14827,True,121,60000,0.0,0.0,1,FIRE,greedy,12780,19503,16135,11886,7345,52959,0.12179954895197666,1,30152,2,2,339.5919444297882,169.7959722148941,2,2,,,1,FIRE,False,,
60309,dqn,299,5.0,342,0.0,0.0,0.05,,,,,,,,,,10000,10000,1.0,339.5803350453949,339.5803350453949,14828,False,121,60000,0.0,0.0,0,NOOP,greedy,12783,19505,16136,11886,7346,52964,0.12180401260155861,0,30155,2,2,339.5803350453949,169.79016752269746,2,2,,,0,NOOP,False,,
60595,dqn,299,,,3.0,3.0,0.05,0.001535944640636444,1.237659215927124,2.494178295135498,0.38663357496261597,1.2257848978042603,2.4897921085357666,0.04366825520992279,0.13515296578407288,0.21695691347122192,10000,10000,1.0,339.48206982680256,339.48206982680256,14900,True,122,60500,0.0,0.0,1,FIRE,greedy,12824,19636,16182,11954,7360,53236,0.12146016238695624,0,30298,2,2,339.48206982680256,169.74103491340128,2,2,,,1,FIRE,False,,
60596,dqn,299,,,3.0,3.0,0.05,0.001535944640636444,1.237659215927124,2.494178295135498,0.38663357496261597,1.2257848978042603,2.4897921085357666,0.04366825520992279,0.13515296578407288,0.21695691347122192,10000,10000,1.0,339.4818490151837,339.4818490151837,14900,True,122,60500,0.0,0.0,3,LEFT,greedy,12824,19636,16182,11954,7360,53236,0.12146016238695624,1,30298,2,2,339.4818490151837,169.74092450759184,2,2,,,3,LEFT,False,,
60841,dqn,300,4.0,266,0.0,0.0,0.05,,,,,,,,,,10000,10000,1.0,339.4325838688137,339.4325838688137,14961,False,122,60500,0.0,0.0,1,FIRE,greedy,12826,19850,16189,11977,7368,53474,0.12110055553729332,0,30421,2,2,339.4325838688137,169.71629193440685,2,2,,,1,FIRE,False,,
60892,dqn,301,5.0,294,0.0,0.0,0.05,,,,,,,,,,10000,10000,1.0,339.43503692635807,339.43503692635807,14974,True,122,60500,0.0,0.0,1,FIRE,greedy,12839,19880,16191,11982,7371,53521,0.12105038428693425,1,30446,2,2,339.43503692635807,169.71751846317903,2,2,,,1,FIRE,False,,
60995,dqn,301,,,0.0,0.0,0.05,0.0014415289042517543,1.2842328548431396,2.437286853790283,0.3779795169830322,1.2972791194915771,2.4303765296936035,0.03656613081693649,0.1683635711669922,0.1074317917227745,10000,10000,1.0,339.43409600482016,339.43409600482016,15000,True,122,60500,0.0,0.0,3,LEFT,random,12842,19950,16192,12012,7377,53619,0.12094235687586072,0,30498,2,2,339.43409600482016,169.71704800241008,2,2,,,3,LEFT,False,,
60996,dqn,301,,,0.0,0.0,0.05,0.0014415289042517543,1.2842328548431396,2.437286853790283,0.3779795169830322,1.2972791194915771,2.4303765296936035,0.03656613081693649,0.1683635711669922,0.1074317917227745,10000,10000,1.0,339.4339783264298,339.4339783264298,15000,True,122,60500,0.0,0.0,1,FIRE,greedy,12842,19950,16192,12012,7377,53619,0.12094235687586072,1,30498,2,2,339.4339783264298,169.7169891632149,2,2,,,1,FIRE,False,,
61143,dqn,302,1.0,151,0.0,0.0,0.05,,,,,,,,,,10000,10000,1.0,339.4602015287968,339.4602015287968,15037,True,123,61000,0.0,0.0,3,LEFT,greedy,12849,19985,16203,12107,7382,53762,0.12073138819835143,0,30572,2,2,339.4602015287968,169.7301007643984,2,2,,,3,LEFT,False,,
61320,dqn,303,3.0,214,0.0,0.0,0.05,,,,,,,,,,10000,10000,1.0,339.48921114353925,339.48921114353925,15081,True,123,61000,0.0,0.0,0,NOOP,greedy,12894,20033,16245,12148,7390,53930,0.120515329419439,1,30660,2,2,339.48921114353925,169.74460557176963,2,2,,,0,NOOP,False,,
61395,dqn,303,,,1.0,1.0,0.05,0.006040038075298071,1.2022405862808228,2.304912805557251,0.3597586452960968,1.2176504135131836,2.343503952026367,0.06100678816437721,0.40283820033073425,0.303658664226532,10000,10000,1.0,339.508637635964,339.508637635964,15100,True,123,61000,0.0,0.0,3,LEFT,greedy,12894,20070,16245,12187,7392,54004,0.12039872304384651,0,30698,2,2,339.508637635964,169.754318817982,2,2,,,3,LEFT,False,,
61396,dqn,303,,,0.0,0.0,0.05,0.006040038075298071,1.2022405862808228,2.304912805557251,0.3597586452960968,1.2176504135131836,2.343503952026367,0.06100678816437721,0.40283820033073425,0.303658664226532,10000,10000,1.0,339.50852536626877,339.50852536626877,15100,True,123,61000,0.0,0.0,1,FIRE,greedy,12894,20070,16245,12187,7392,54004,0.12039872304384651,1,30698,2,2,339.50852536626877,169.75426268313439,2,2,,,1,FIRE,False,,
61503,dqn,304,2.0,180,0.0,0.0,0.05,,,,,,,,,,10000,10000,1.0,339.5268764300594,339.5268764300594,15127,True,124,61500,0.0,0.0,1,FIRE,greedy,12897,20104,16251,12252,7393,54111,0.12020356399583768,0,30752,2,2,339.5268764300594,169.7634382150297,2,2,,,1,FIRE,False,,
61690,dqn,305,2.0,185,0.0,0.0,0.05,,,,,,,,,,10000,10000,1.0,339.5485419829474,339.5485419829474,15173,False,124,61500,0.0,0.0,0,NOOP,greedy,12953,20157,16271,12309,7400,54290,0.11995461176852001,1,30845,2,2,339.5485419829474,169.7742709914737,2,2,,,0,NOOP,False,,
61795,dqn,305,,,1.0,1.0,0.05,0.00218449579551816,1.124704122543335,2.6484715938568115,0.3276088535785675,1.122908115386963,2.5733659267425537,0.047071151435375214,0.2345125675201416,0.32740917801856995,10000,10000,1.0,339.5562261126928,339.5562261126928,15200,True,124,61500,0.0,0.0,3,LEFT,greedy,12956,20196,16272,12372,7408,54388,0.11987830927568127,0,30898,2,2,339.5562261126928,169.7781130563464,2,2,,,3,LEFT,False,,
61796,dqn,305,,,0.0,0.0,0.05,0.00218449579551816,1.124704122543335,2.6484715938568115,0.3276088535785675,1.122908115386963,2.5733659267425537,0.047071151435375214,0.2345125675201416,0.32740917801856995,10000,10000,1.0,339.55610894102483,339.55610894102483,15200,True,124,61500,0.0,0.0,3,LEFT,greedy,12956,20196,16272,12372,7408,54388,0.11987830927568127,1,30898,2,2,339.55610894102483,169.77805447051242,2,2,,,3,LEFT,False,,
61901,dqn,306,2.0,199,0.0,0.0,0.05,,,,,,,,,,10000,10000,1.0,339.5857930405378,339.5857930405378,15226,False,124,61500,0.0,0.0,3,LEFT,greedy,12957,20230,16295,12420,7412,54490,0.11973764983360796,0,30951,2,2,339.5857930405378,169.7928965202689,2,2,,,3,LEFT,False,,
62052,dqn,307,2.0,181,0.0,0.0,0.05,,,,,,,,,,10000,10000,1.0,339.6308514991657,339.6308514991657,15264,True,125,62000,0.0,0.0,3,LEFT,greedy,12980,20271,16331,12470,7417,54635,0.11952878231160961,1,31026,2,2,339.6308514991657,169.81542574958286,2,2,,,3,LEFT,False,,
62147,dqn,308,0.0,123,0.0,0.0,0.05,,,,,,,,,,10000,10000,1.0,339.66170117588115,339.66170117588115,15288,True,125,62000,0.0,0.0,1,FIRE,greedy,12981,20312,16333,12522,7422,54726,0.11942459934350261,0,31074,2,2,339.66170117588115,169.83085058794057,2,2,,,1,FIRE,False,,
62195,dqn,308,,,0.0,0.0,0.05,0.0009443521266803145,1.1728168725967407,2.5449483394622803,0.310541570186615,1.2129929065704346,2.554802894592285,0.029017748311161995,0.13339948654174805,0.2387092262506485,10000,10000,1.0,339.6604403394696,339.6604403394696,15300,True,125,62000,0.0,0.0,1,FIRE,greedy,12985,20318,16358,12535,7424,54772,0.11936458936265998,0,31098,2,2,339.6604403394696,169.8302201697348,2,2,,,1,FIRE,False,,
62196,dqn,308,,,1.0,1.0,0.05,0.0009443521266803145,1.1728168725967407,2.5449483394622803,0.310541570186615,1.2129929065704346,2.554802894592285,0.029017748311161995,0.13339948654174805,0.2387092262506485,10000,10000,1.0,339.66032663209205,339.66032663209205,15300,True,125,62000,0.0,0.0,2,RIGHT,greedy,12985,20318,16358,12535,7424,54772,0.11936458936265998,1,31098,2,2,339.66032663209205,169.83016331604603,2,2,,,2,RIGHT,False,,
62358,dqn,309,1.0,153,0.0,0.0,0.05,,,,,,,,,,10000,10000,1.0,339.7007396427,339.7007396427,15340,False,125,62000,0.0,0.0,2,RIGHT,greedy,12990,20355,16450,12563,7435,54923,0.11923089258795984,1,31179,2,2,339.7007396427,169.85036982135,2,2,,,2,RIGHT,False,,
62595,dqn,309,,,4.0,4.0,0.05,0.003159280400723219,1.2598116397857666,2.414498805999756,0.35317644476890564,1.2314164638519287,2.363990068435669,0.058728426694869995,0.2103922963142395,0.46648526191711426,10000,10000,1.0,339.7416565060853,339.7416565060853,15400,True,126,62500,0.0,0.0,1,FIRE,greedy,12996,20533,16463,12604,7448,55148,0.11898523867339766,0,31298,2,2,339.7416565060853,169.87082825304265,2,2,,,1,FIRE,False,,
62596,dqn,309,,,1.0,1.0,0.05,0.003159280400723219,1.2598116397857666,2.414498805999756,0.35317644476890564,1.2314164638519287,2.363990068435669,0.058728426694869995,0.2103922963142395,0.46648526191711426,10000,10000,1.0,339.7414298840082,339.7414298840082,15400,True,126,62500,0.0,0.0,2,RIGHT,greedy,12996,20533,16463,12604,7448,55148,0.11898523867339766,1,31298,2,2,339.7414298840082,169.8707149420041,2,2,,,2,RIGHT,False,,
62662,dqn,310,1.0,152,0.0,0.0,0.05,,,,,,,,,,10000,10000,1.0,339.75674633689874,339.75674633689874,15416,False,126,62500,0.0,0.0,1,FIRE,greedy,12996,20571,16475,12620,7450,55212,0.11889183237049568,1,31331,2,2,339.75674633689874,169.87837316844937,2,2,,,1,FIRE,False,,
62735,dqn,311,5.0,294,0.0,0.0,0.05,,,,,,,,,,10000,10000,1.0,339.76029130498773,339.76029130498773,15435,True,126,62500,0.0,0.0,1,FIRE,greedy,13002,20609,16486,12639,7454,55282,0.1188153532262178,0,31368,2,2,339.76029130498773,169.88014565249387,2,2,,,1,FIRE,False,,
62995,dqn,311,,,1.0,1.0,0.05,0.002622438594698906,1.2922887802124023,2.5098366737365723,0.4547136127948761,1.283193588256836,2.437318801879883,0.052237290889024734,0.23600977659225464,0.20271040499210358,10000,10000,1.0,339.8420615469172,339.8420615469172,15500,True,126,62500,0.0,0.0,3,LEFT,greedy,13080,20708,16507,12701,7463,55533,0.11846783922788748,0,31498,2,2,339.8420615469172,169.9210307734586,2,2,,,3,LEFT,False,,
62996,dqn,311,,,1.0,1.0,0.05,0.002622438594698906,1.2922887802124023,2.5098366737365723,0.4547136127948761,1.283193588256836,2.437318801879883,0.052237290889024734,0.23600977659225464,0.20271040499210358,10000,10000,1.0,339.8419471469778,339.8419471469778,15500,True,126,62500,0.0,0.0,3,LEFT,greedy,13080,20708,16507,12701,7463,55533,0.11846783922788748,1,31498,2,2,339.8419471469778,169.9209735734889,2,2,,,3,LEFT,False,,
63056,dqn,312,2.0,197,0.0,0.0,0.05,,,,,,,,,,10000,10000,1.0,339.83116852754915,339.83116852754915,15515,True,127,63000,0.0,0.0,0,NOOP,greedy,13090,20715,16508,12743,7468,55588,0.11843440751078406,1,31528,2,2,339.83116852754915,169.91558426377458,2,2,,,0,NOOP,False,,
63073,dqn,313,1.0,169,0.0,0.0,0.05,,,,,,,,,,10000,10000,1.0,339.8236341200003,339.8236341200003,15519,False,127,63000,0.0,0.0,0,NOOP,random,13092,20724,16508,12750,7470,55604,0.11843231759520563,0,31537,2,2,339.8236341200003,169.91181706000015,2,2,,,0,NOOP,False,,
63366,dqn,314,1.0,155,0.0,0.0,0.05,,,,,,,,,,10000,10000,1.0,339.76877571809865,339.76877571809865,15592,False,127,63000,0.0,0.0,3,LEFT,greedy,13136,20807,16541,12882,7482,55884,0.11807593977843008,1,31683,2,2,339.76877571809865,169.88438785904933,2,2,,,3,LEFT,False,,
63395,dqn,314,,,1.0,1.0,0.05,0.001550922286696732,1.0366634130477905,2.0402538776397705,0.35303372144699097,1.068774700164795,2.0928452014923096,0.03570984676480293,0.17133843898773193,0.16466374695301056,10000,10000,1.0,339.7604697799336,339.7604697799336,15600,True,127,63000,0.0,0.0,2,RIGHT,greedy,13136,20813,16559,12888,7484,55912,0.11805161208909079,0,31698,2,2,339.7604697799336,169.8802348899668,2,2,,,2,RIGHT,False,,
63396,dqn,314,,,0.0,0.0,0.05,0.001550922286696732,1.0366634130477905,2.0402538776397705,0.35303372144699097,1.068774700164795,2.0928452014923096,0.03570984676480293,0.17133843898773193,0.16466374695301056,10000,10000,1.0,339.7603532429394,339.7603532429394,15600,True,127,63000,0.0,0.0,2,RIGHT,greedy,13136,20813,16559,12888,7484,55912,0.11805161208909079,1,31698,2,2,339.7603532429394,169.8801766214697,2,2,,,2,RIGHT,False,,
63421,dqn,315,1.0,174,0.0,0.0,0.05,,,,,,,,,,10000,10000,1.0,339.75765058168,339.75765058168,15606,False,127,63000,0.0,0.0,2,RIGHT,greedy,13142,20818,16569,12893,7487,55935,0.1180505187474378,0,31711,2,2,339.75765058168,169.87882529084,2,2,,,2,RIGHT,False,,
63795,dqn,315,,,3.0,3.0,0.05,0.0011782585643231869,0.9943012595176697,2.4551775455474854,0.37048640847206116,1.023909568786621,2.4506564140319824,0.034730974584817886,0.14334285259246826,0.07607188820838928,10000,10000,1.0,339.78710315136897,339.78710315136897,15700,True,128,63500,0.0,0.0,2,RIGHT,greedy,13224,20915,16670,12987,7506,56290,0.11765627939055741,0,31898,2,2,339.78710315136897,169.89355157568448,2,2,,,2,RIGHT,False,,
63796,dqn,315,,,4.0,4.0,0.05,0.0011782585643231869,0.9943012595176697,2.4551775455474854,0.37048640847206116,1.023909568786621,2.4506564140319824,0.034730974584817886,0.14334285259246826,0.07607188820838928,10000,10000,1.0,339.78699185111725,339.78699185111725,15700,True,128,63500,0.0,0.0,3,LEFT,greedy,13224,20915,16670,12987,7506,56290,0.11765627939055741,1,31898,2,2,339.78699185111725,169.89349592555863,2,2,,,3,LEFT,False,,
63935,dqn,316,4.0,257,0.0,0.0,0.05,,,,,,,,,,10000,10000,1.0,339.7773077225435,339.7773077225435,15735,True,128,63500,0.0,0.0,2,RIGHT,greedy,13233,20933,16733,13037,7509,56427,0.11744557057057058,0,31968,2,2,339.7773077225435,169.88865386127176,2,2,,,2,RIGHT,False,,
64162,dqn,317,7.0,398,0.0,0.0,0.05,,,,,,,,,,10000,10000,1.0,339.79787033503254,339.79787033503254,15791,False,129,64000,0.0,0.0,2,RIGHT,greedy,13264,21010,16809,13079,7519,56643,0.11718774352420436,1,32081,2,2,339.79787033503254,169.89893516751627,2,2,,,2,RIGHT,False,,
64195,dqn,317,,,3.0,3.0,0.05,0.005011619534343481,1.1112960577011108,2.553548812866211,0.29290711879730225,1.115173101425171,2.5618624687194824,0.06662094593048096,0.44110798835754395,0.26397234201431274,10000,10000,1.0,339.8004957378299,339.8004957378299,15800,True,129,64000,0.0,0.0,1,FIRE,greedy,13264,21038,16812,13082,7519,56677,0.1171256776123123,0,32098,2,2,339.8004957378299,169.90024786891496,2,2,,,1,FIRE,False,,
64196,dqn,317,,,0.0,0.0,0.05,0.005011619534343481,1.1112960577011108,2.553548812866211,0.29290711879730225,1.115173101425171,2.5618624687194824,0.06662094593048096,0.44110798835754395,0.26397234201431274,10000,10000,1.0,339.80038350379925,339.80038350379925,15800,True,129,64000,0.0,0.0,1,FIRE,greedy,13264,21038,16812,13082,7519,56677,0.1171256776123123,1,32098,2,2,339.80038350379925,169.90019175189963,2,2,,,1,FIRE,False,,
64595,dqn,317,,,5.0,5.0,0.05,0.01554867997765541,1.1383168697357178,2.4816956520080566,0.38907015323638916,1.159745693206787,2.489374876022339,0.09726644307374954,0.6348572969436646,0.21200570464134216,10000,10000,1.0,339.86851353475197,339.86851353475197,15900,True,130,64500,0.0,0.0,2,RIGHT,greedy,13332,21241,16879,13144,7538,57058,0.11669453216917457,0,32298,2,2,339.86851353475197,169.93425676737598,2,2,,,2,RIGHT,False,,
64596,dqn,317,,,3.0,3.0,0.05,0.01554867997765541,1.1383168697357178,2.4816956520080566,0.38907015323638916,1.159745693206787,2.489374876022339,0.09726644307374954,0.6348572969436646,0.21200570464134216,10000,10000,1.0,339.86830038141545,339.86830038141545,15900,True,130,64500,0.0,0.0,2,RIGHT,greedy,13332,21241,16879,13144,7538,57058,0.11669453216917457,1,32298,2,2,339.86830038141545,169.93415019070773,2,2,,,2,RIGHT,False,,
64619,dqn,318,5.0,342,0.0,0.0,0.05,,,,,,,,,,10000,10000,1.0,339.8656864691284,339.8656864691284,15906,True,130,64500,0.0,0.0,2,RIGHT,greedy,13332,21244,16896,13148,7538,57082,0.1166511915815537,0,32310,2,2,339.8656864691284,169.9328432345642,2,2,,,2,RIGHT,False,,
64954,dqn,319,6.0,396,0.0,0.0,0.05,,,,,,,,,,10000,10000,1.0,339.9135394217913,339.9135394217913,15989,False,130,64500,0.0,0.0,3,LEFT,greedy,13346,21310,17057,13241,7554,57400,0.1162976875942975,1,32477,2,2,339.9135394217913,169.95676971089566,2,2,,,3,LEFT,False,,
64995,dqn,319,,,4.0,4.0,0.05,0.0017054718919098377,1.0960942506790161,2.099325180053711,0.24668873846530914,1.112290620803833,2.1235101222991943,0.04050520434975624,0.1812896728515625,0.1507706344127655,10000,10000,1.0,339.9057145496812,339.9057145496812,16000,True,130,64500,0.0,0.0,2,RIGHT,greedy,13346,21315,17084,13251,7554,57442,0.11622253677149363,0,32498,2,2,339.9057145496812,169.9528572748406,2,2,,,2,RIGHT,False,,
64996,dqn,319,,,0.0,0.0,0.05,0.0017054718919098377,1.0960942506790161,2.099325180053711,0.24668873846530914,1.112290620803833,2.1235101222991943,0.04050520434975624,0.1812896728515625,0.1507706344127655,10000,10000,1.0,339.905606472571,339.905606472571,16000,True,130,64500,0.0,0.0,1,FIRE,greedy,13346,21315,17084,13251,7554,57442,0.11622253677149363,1,32498,2,2,339.905606472571,169.9528032362855,2,2,,,1,FIRE,False,,
65159,dqn,320,4.0,270,0.0,0.0,0.05,,,,,,,,,,10000,10000,1.0,339.9082649045947,339.9082649045947,16041,True,131,65000,0.0,0.0,3,LEFT,greedy,13405,21332,17152,13271,7559,57601,0.11600675260896255,0,32580,2,2,339.9082649045947,169.95413245229736,2,2,,,3,LEFT,False,,
65395,dqn,320,,,2.0,2.0,0.05,0.0017823490779846907,1.1924207210540771,2.64571213722229,0.3941110670566559,1.1943738460540771,2.5183041095733643,0.046041108667850494,0.1871599555015564,0.1803409606218338,10000,10000,1.0,339.9454188404194,339.9454188404194,16100,True,131,65000,0.0,0.0,1,FIRE,greedy,13467,21412,17205,13312,7572,57824,0.11578689828124045,0,32698,2,2,339.9454188404194,169.9727094202097,2,2,,,1,FIRE,False,,
65396,dqn,320,,,3.0,3.0,0.05,0.0017823490779846907,1.1924207210540771,2.64571213722229,0.3941110670566559,1.1943738460540771,2.5183041095733643,0.046041108667850494,0.1871599555015564,0.1803409606218338,10000,10000,1.0,339.94530963213845,339.94530963213845,16100,True,131,65000,0.0,0.0,3,LEFT,greedy,13467,21412,17205,13312,7572,57824,0.11578689828124045,1,32698,2,2,339.94530963213845,169.97265481606922,2,2,,,3,LEFT,False,,
65414,dqn,321,3.0,230,0.0,0.0,0.05,,,,,,,,,,10000,10000,1.0,339.9495738070004,339.9495738070004,16104,False,131,65000,0.0,0.0,2,RIGHT,greedy,13468,21421,17210,13315,7573,57841,0.11577032439538937,1,32707,2,2,339.9495738070004,169.9747869035002,2,2,,,2,RIGHT,False,,
65653,dqn,322,3.0,247,0.0,0.0,0.05,,,,,,,,,,10000,10000,1.0,339.9876810368423,339.9876810368423,16164,False,132,65500,0.0,0.0,3,LEFT,greedy,13540,21498,17260,13356,7593,58061,0.1156517500837725,0,32827,2,2,339.9876810368423,169.99384051842114,2,2,,,3,LEFT,False,,
65795,dqn,322,,,1.0,1.0,0.05,0.007693002000451088,1.304483413696289,2.381253242492676,0.43351951241493225,1.350844144821167,2.4662678241729736,0.07432056963443756,0.4514315128326416,0.3128983974456787,10000,10000,1.0,340.0135505601302,340.0135505601302,16200,True,132,65500,0.0,0.0,1,FIRE,greedy,13576,21546,17263,13411,7599,58197,0.11549334306036842,0,32898,2,2,340.0135505601302,170.0067752800651,2,2,,,1,FIRE,False,,
65796,dqn,322,,,3.0,3.0,0.05,0.007693002000451088,1.304483413696289,2.381253242492676,0.43351951241493225,1.350844144821167,2.4662678241729736,0.07432056963443756,0.4514315128326416,0.3128983974456787,10000,10000,1.0,340.01344636479695,340.01344636479695,16200,True,132,65500,0.0,0.0,3,LEFT,greedy,13576,21546,17263,13411,7599,58197,0.11549334306036842,1,32898,2,2,340.01344636479695,170.00672318239847,2,2,,,3,LEFT,False,,
65868,dqn,323,3.0,227,0.0,0.0,0.05,,,,,,,,,,10000,10000,1.0,340.01116138713644,340.01116138713644,16218,True,132,65500,0.0,0.0,3,LEFT,greedy,13577,21569,17281,13441,7604,58264,0.11544300722657436,1,32934,2,2,340.01116138713644,170.00558069356822,2,2,,,3,LEFT,False,,
66181,dqn,324,4.0,264,0.0,0.0,0.05,,,,,,,,,,10000,10000,1.0,340.08523645343024,340.08523645343024,16296,False,133,66000,0.0,0.0,2,RIGHT,greedy,13621,21661,17341,13559,7618,58564,0.11510682662959718,0,33091,2,2,340.08523645343024,170.04261822671512,2,2,,,2,RIGHT,False,,
66195,dqn,324,,,0.0,0.0,0.05,0.004134142305701971,1.073456048965454,2.2867841720581055,0.3114643692970276,1.1247923374176025,2.3041844367980957,0.053496185690164566,0.33978593349456787,0.32777342200279236,10000,10000,1.0,340.0809709694077,340.0809709694077,16300,True,133,66000,0.0,0.0,2,RIGHT,greedy,13622,21664,17351,13559,7619,58577,0.11509758897818599,0,33098,2,2,340.0809709694077,170.04048548470385,2,2,,,2,RIGHT,False,,
66196,dqn,324,,,2.0,2.0,0.05,0.004134142305701971,1.073456048965454,2.2867841720581055,0.3114643692970276,1.1247923374176025,2.3041844367980957,0.053496185690164566,0.33978593349456787,0.32777342200279236,10000,10000,1.0,340.0808619465823,340.0808619465823,16300,True,133,66000,0.0,0.0,2,RIGHT,greedy,13622,21664,17351,13559,7619,58577,0.11509758897818599,1,33098,2,2,340.0808619465823,170.04043097329114,2,2,,,2,RIGHT,False,,
66595,dqn,324,,,3.0,3.0,0.05,0.0014263936318457127,1.408620834350586,2.58506441116333,0.40424448251724243,1.4250826835632324,2.540008068084717,0.043033942580223083,0.11773550510406494,0.15998415648937225,10000,10000,1.0,340.17597264855675,340.17597264855675,16400,True,134,66500,0.0,0.0,2,RIGHT,greedy,13685,21755,17500,13656,7639,58957,0.11470658898432338,0,33298,2,2,340.17597264855675,170.08798632427838,2,2,,,2,RIGHT,False,,
66596,dqn,324,,,6.0,6.0,0.05,0.0014263936318457127,1.408620834350586,2.58506441116333,0.40424448251724243,1.4250826835632324,2.540008068084717,0.043033942580223083,0.11773550510406494,0.15998415648937225,10000,10000,1.0,340.17577247295384,340.17577247295384,16400,True,134,66500,0.0,0.0,0,NOOP,greedy,13685,21755,17500,13656,7639,58957,0.11470658898432338,1,33298,2,2,340.17577247295384,170.08788623647692,2,2,,,0,NOOP,False,,
66732,dqn,325,7.0,432,0.0,0.0,0.05,,,,,,,,,,10000,10000,1.0,340.16634709395083,340.16634709395083,16434,True,134,66500,0.0,0.0,3,LEFT,greedy,13760,21765,17521,13686,7645,59087,0.11456272852604447,1,33366,2,2,340.16634709395083,170.08317354697542,2,2,,,3,LEFT,False,,
66933,dqn,326,6.0,376,0.0,0.0,0.05,,,,,,,,,,10000,10000,1.0,340.23119559148836,340.23119559148836,16484,False,134,66500,0.0,0.0,3,LEFT,greedy,13784,21838,17603,13709,7658,59276,0.1144112110437147,0,33467,2,2,340.23119559148836,170.11559779574418,2,2,,,3,LEFT,False,,
66995,dqn,326,,,0.0,0.0,0.05,0.0008343930239789188,1.165527582168579,2.1528618335723877,0.38214653730392456,1.1885331869125366,2.1768999099731445,0.029583066701889038,0.09595203399658203,0.1482853889465332,10000,10000,1.0,340.2374359613036,340.2374359613036,16500,True,134,66500,0.0,0.0,1,FIRE,greedy,13807,21852,17628,13709,7660,59336,0.1143351841901009,0,33498,2,2,340.2374359613036,170.1187179806518,2,2,,,1,FIRE,False,,
66996,dqn,326,,,0.0,0.0,0.05,0.0008343930239789188,1.165527582168579,2.1528618335723877,0.38214653730392456,1.1885331869125366,2.1768999099731445,0.029583066701889038,0.09595203399658203,0.1482853889465332,10000,10000,1.0,340.23732986907595,340.23732986907595,16500,True,134,66500,0.0,0.0,2,RIGHT,greedy,13807,21852,17628,13709,7660,59336,0.1143351841901009,1,33498,2,2,340.23732986907595,170.11866493453797,2,2,,,2,RIGHT,False,,
67130,dqn,327,2.0,199,0.0,0.0,0.05,,,,,,,,,,10000,10000,1.0,340.24560311312734,340.24560311312734,16533,False,135,67000,0.0,0.0,2,RIGHT,greedy,13832,21879,17678,13741,7668,59462,0.1142261284075674,1,33565,2,2,340.24560311312734,170.12280155656367,2,2,,,2,RIGHT,False,,
67395,dqn,327,,,4.0,4.0,0.05,0.000860373314935714,1.0986002683639526,1.9814484119415283,0.5153092741966248,1.1287262439727783,2.045872449874878,0.03295651823282242,0.09987962245941162,0.09318141639232635,10000,10000,1.0,340.31240732529574,340.31240732529574,16600,True,135,67000,0.0,0.0,2,RIGHT,greedy,13873,21944,17794,13785,7685,59711,0.11402753872633391,0,33698,2,2,340.31240732529574,170.15620366264787,2,2,,,2,RIGHT,False,,
67396,dqn,327,,,2.0,2.0,0.05,0.000860373314935714,1.0986002683639526,1.9814484119415283,0.5153092741966248,1.1287262439727783,2.045872449874878,0.03295651823282242,0.09987962245941162,0.09318141639232635,10000,10000,1.0,340.3122878974038,340.3122878974038,16600,True,135,67000,0.0,0.0,1,FIRE,greedy,13873,21944,17794,13785,7685,59711,0.11402753872633391,1,33698,2,2,340.3122878974038,170.1561439487019,2,2,,,1,FIRE,False,,
67581,dqn,328,5.0,324,0.0,0.0,0.05,,,,,,,,,,10000,10000,1.0,340.3395965723472,340.3395965723472,16646,False,136,67500,0.0,0.0,0,NOOP,greedy,13904,21988,17870,13820,7696,59886,0.11387647598472966,0,33791,2,2,340.3395965723472,170.1697982861736,2,2,,,0,NOOP,False,,
67795,dqn,328,,,2.0,2.0,0.05,0.0014376731123775244,1.2223494052886963,2.470215082168579,0.43299856781959534,1.257267951965332,2.477651834487915,0.03768502175807953,0.14116406440734863,0.15272623300552368,10000,10000,1.0,340.33653753511646,340.33653753511646,16700,True,136,67500,0.0,0.0,2,RIGHT,greedy,13928,22015,17970,13883,7707,60089,0.11367927311345802,0,33898,2,2,340.33653753511646,170.16826876755823,2,2,,,2,RIGHT,False,,
67796,dqn,328,,,5.0,5.0,0.05,0.0014376731123775244,1.2223494052886963,2.470215082168579,0.43299856781959534,1.257267951965332,2.477651834487915,0.03768502175807953,0.14116406440734863,0.15272623300552368,10000,10000,1.0,340.33643434220943,340.33643434220943,16700,True,136,67500,0.0,0.0,2,RIGHT,greedy,13928,22015,17970,13883,7707,60089,0.11367927311345802,1,33898,2,2,340.33643434220943,170.16821717110471,2,2,,,2,RIGHT,False,,
67880,dqn,329,6.0,375,0.0,0.0,0.05,,,,,,,,,,10000,10000,1.0,340.3302374001564,340.3302374001564,16721,True,136,67500,0.0,0.0,1,FIRE,greedy,13936,22059,17984,13901,7713,60167,0.11362698880377137,1,33940,2,2,340.3302374001564,170.1651187000782,2,2,,,1,FIRE,False,,
68195,dqn,329,,,4.0,4.0,0.05,0.00272950972430408,1.372889518737793,2.3502182960510254,0.40400296449661255,1.3563010692596436,2.3030002117156982,0.045300595462322235,0.3243762254714966,0.3913332521915436,10000,10000,1.0,340.37647167070054,340.37647167070054,16800,True,137,68000,0.0,0.0,2,RIGHT,greedy,13992,22088,18152,13964,7730,60466,0.11334975658396387,0,34098,2,2,340.37647167070054,170.18823583535027,2,2,,,2,RIGHT,False,,
68196,dqn,329,,,1.0,1.0,0.05,0.00272950972430408,1.372889518737793,2.3502182960510254,0.40400296449661255,1.3563010692596436,2.3030002117156982,0.045300595462322235,0.3243762254714966,0.3913332521915436,10000,10000,1.0,340.37636736010774,340.37636736010774,16800,True,137,68000,0.0,0.0,2,RIGHT,greedy,13992,22088,18152,13964,7730,60466,0.11334975658396387,1,34098,2,2,340.37636736010774,170.18818368005387,2,2,,,2,RIGHT,False,,
68222,dqn,330,1.0,171,0.0,0.0,0.05,,,,,,,,,,10000,10000,1.0,340.36657354250156,340.36657354250156,16806,False,137,68000,0.0,0.0,3,LEFT,greedy,13992,22089,18162,13979,7732,60490,0.1133358740582217,1,34111,2,2,340.36657354250156,170.18328677125078,2,2,,,3,LEFT,False,,
68269,dqn,331,5.0,344,0.0,0.0,0.05,,,,,,,,,,10000,10000,1.0,340.3432337432416,340.3432337432416,16818,False,137,68000,0.0,0.0,0,NOOP,greedy,14013,22091,18181,13985,7734,60536,0.11328548410722132,0,34135,2,2,340.3432337432416,170.1716168716208,2,2,,,0,NOOP,False,,
68575,dqn,332,1.0,153,0.0,0.0,0.05,,,,,,,,,,10000,10000,1.0,340.3498019637347,340.3498019637347,16895,True,138,68500,0.0,0.0,3,LEFT,random,14035,22131,18327,14083,7752,60824,0.11304246383574429,0,34288,2,2,340.3498019637347,170.17490098186735,2,2,,,3,LEFT,False,,
68595,dqn,332,,,0.0,0.0,0.05,0.0076541537418961525,1.17035710811615,2.0571651458740234,0.454986035823822,1.2269437313079834,2.0933892726898193,0.05416788533329964,0.6575480699539185,0.4722023606300354,10000,10000,1.0,340.33021531925,340.33021531925,16900,True,138,68500,0.0,0.0,2,RIGHT,greedy,14035,22133,18337,14091,7754,60842,0.11303866114642253,0,34298,2,2,340.33021531925,170.165107659625,2,2,,,2,RIGHT,False,,
68596,dqn,332,,,3.0,3.0,0.05,0.0076541537418961525,1.17035710811615,2.0571651458740234,0.454986035823822,1.2269437313079834,2.0933892726898193,0.05416788533329964,0.6575480699539185,0.4722023606300354,10000,10000,1.0,340.3299991907366,340.3299991907366,16900,True,138,68500,0.0,0.0,2,RIGHT,greedy,14035,22133,18337,14091,7754,60842,0.11303866114642253,1,34298,2,2,340.3299991907366,170.1649995953683,2,2,,,2,RIGHT,False,,
68995,dqn,332,,,3.0,3.0,0.05,0.0011929295724257827,1.0537378787994385,1.5198907852172852,0.4891207814216614,1.0552157163619995,1.5281879901885986,0.03819580376148224,0.12624311447143555,0.06971445679664612,10000,10000,1.0,340.2748641183102,340.2748641183102,17000,True,138,68500,0.0,0.0,2,RIGHT,greedy,14059,22215,18528,14194,7777,61219,0.11271667922778132,0,34498,2,2,340.2748641183102,170.1374320591551,2,2,,,2,RIGHT,False,,
68996,dqn,332,,,6.0,6.0,0.05,0.0011929295724257827,1.0537378787994385,1.5198907852172852,0.4891207814216614,1.0552157163619995,1.5281879901885986,0.03819580376148224,0.12624311447143555,0.06971445679664612,10000,10000,1.0,340.2747439616733,340.2747439616733,17000,True,138,68500,0.0,0.0,2,RIGHT,greedy,14059,22215,18528,14194,7777,61219,0.11271667922778132,1,34498,2,2,340.2747439616733,170.13737198083666,2,2,,,2,RIGHT,False,,
69068,dqn,333,7.0,423,0.0,0.0,0.05,,,,,,,,,,10000,10000,1.0,340.27376313072114,340.27376313072114,17018,True,139,69000,0.0,0.0,3,LEFT,greedy,14061,22217,18558,14232,7783,61285,0.11268604853188162,1,34534,2,2,340.27376313072114,170.13688156536057,2,2,,,3,LEFT,False,,
69325,dqn,334,6.0,375,0.0,0.0,0.05,,,,,,,,,,10000,10000,1.0,340.279206014437,340.279206014437,17082,False,139,69000,0.0,0.0,2,RIGHT,greedy,14093,22259,18675,14299,7795,61531,0.11243977728413582,0,34663,2,2,340.279206014437,170.1396030072185,2,2,,,2,RIGHT,False,,
69395,dqn,334,,,0.0,0.0,0.05,0.0014643853064626455,1.3189680576324463,2.3871052265167236,0.43019241094589233,1.3495121002197266,2.3996589183807373,0.0380093939602375,0.1681818962097168,0.14184661209583282,10000,10000,1.0,340.2585052461081,340.2585052461081,17100,True,139,69000,0.0,0.0,2,RIGHT,greedy,14095,22276,18706,14319,7798,61598,0.11236958902530406,0,34698,2,2,340.2585052461081,170.12925262305404,2,2,,,2,RIGHT,False,,
69396,dqn,334,,,1.0,1.0,0.05,0.0014643853064626455,1.3189680576324463,2.3871052265167236,0.43019241094589233,1.3495121002197266,2.3996589183807373,0.0380093939602375,0.1681818962097168,0.14184661209583282,10000,10000,1.0,340.2583889628205,340.2583889628205,17100,True,139,69000,0.0,0.0,3,LEFT,greedy,14095,22276,18706,14319,7798,61598,0.11236958902530406,1,34698,2,2,340.2583889628205,170.12919448141025,2,2,,,3,LEFT,False,,
69406,dqn,335,1.0,169,0.0,0.0,0.05,,,,,,,,,,10000,10000,1.0,340.2447128550128,340.2447128550128,17102,False,139,69000,0.0,0.0,3,LEFT,greedy,14095,22276,18714,14321,7798,61608,0.11235339884159871,1,34703,2,2,340.2447128550128,170.1223564275064,2,2,,,3,LEFT,False,,
69654,dqn,336,0.0,124,0.0,0.0,0.05,,,,,,,,,,10000,10000,1.0,340.22141399001515,340.22141399001515,17164,False,140,69500,0.0,0.0,2,RIGHT,greedy,14172,22312,18801,14369,7810,61844,0.1121256496396474,1,34827,2,2,340.22141399001515,170.11070699500758,2,2,,,2,RIGHT,False,,
69795,dqn,336,,,3.0,3.0,0.05,0.0015210272977128625,1.2164993286132812,2.4448676109313965,0.4163057804107666,1.2222187519073486,2.442504644393921,0.04288649559020996,0.14249753952026367,0.15341314673423767,10000,10000,1.0,340.1961898307896,340.1961898307896,17200,True,140,69500,0.0,0.0,3,LEFT,greedy,14176,22344,18877,14399,7818,61978,0.11201214969339217,0,34898,2,2,340.1961898307896,170.0980949153948,2,2,,,3,LEFT,False,,
69796,dqn,336,,,0.0,0.0,0.05,0.0015210272977128625,1.2164993286132812,2.4448676109313965,0.4163057804107666,1.2222187519073486,2.442504644393921,0.04288649559020996,0.14249753952026367,0.15341314673423767,10000,10000,1.0,340.1960779042579,340.1960779042579,17200,True,140,69500,0.0,0.0,1,FIRE,greedy,14176,22344,18877,14399,7818,61978,0.11201214969339217,1,34898,2,2,340.1960779042579,170.09803895212895,2,2,,,1,FIRE,False,,
69817,dqn,337,3.0,246,0.0,0.0,0.05,,,,,,,,,,10000,10000,1.0,340.195188726783,340.195188726783,17205,False,140,69500,0.0,0.0,3,LEFT,greedy,14176,22350,18887,14405,7819,61999,0.11199117706035693,0,34909,2,2,340.195188726783,170.0975943633915,2,2,,,3,LEFT,False,,
70195,dqn,337,,,3.0,3.0,0.05,0.002137952484190464,1.3334403038024902,2.402601480484009,0.5142000317573547,1.3761881589889526,2.3750250339508057,0.05250275880098343,0.1595231294631958,0.23624353110790253,10000,10000,1.0,340.22805944970725,340.22805944970725,17300,True,141,70000,1.0,1.0,2,RIGHT,greedy,14280,22421,19037,14458,7836,62360,0.11163029232434897,0,35098,2,2,340.22805944970725,170.11402972485362,2,2,,,2,RIGHT,False,,
70196,dqn,337,,,3.0,3.0,0.05,0.002137952484190464,1.3334403038024902,2.402601480484009,0.5142000317573547,1.3761881589889526,2.3750250339508057,0.05250275880098343,0.1595231294631958,0.23624353110790253,10000,10000,1.0,340.227957374736,340.227957374736,17300,True,141,70000,0.0,0.0,0,NOOP,greedy,14280,22421,19037,14458,7836,62360,0.11163029232434897,1,35098,2,2,340.227957374736,170.113978687368,2,2,,,0,NOOP,False,,
70288,dqn,338,4.0,317,0.0,0.0,0.05,,,,,,,,,,10000,10000,1.0,340.22424214279584,340.22424214279584,17323,True,141,70000,0.0,0.0,3,LEFT,greedy,14281,22426,19077,14504,7837,62451,0.11149840655588436,1,35144,2,2,340.22424214279584,170.11212107139792,2,2,,,3,LEFT,False,,
70407,dqn,339,4.0,295,0.0,0.0,0.05,,,,,,,,,,10000,10000,1.0,340.2249110199939,340.2249110199939,17353,True,141,70000,0.0,0.0,0,NOOP,greedy,14303,22445,19112,14548,7842,62566,0.11137938870582888,0,35204,2,2,340.2249110199939,170.11245550999695,2,2,,,0,NOOP,False,,
70595,dqn,339,,,2.0,2.0,0.05,0.0021511027589440346,1.249556064605713,2.0897672176361084,0.526951014995575,1.286193609237671,2.173673391342163,0.04358880594372749,0.1853872537612915,0.24338074028491974,10000,10000,1.0,340.1938769221377,340.1938769221377,17400,True,142,70500,0.0,0.0,3,LEFT,greedy,14345,22471,19192,14588,7848,62748,0.11116777154513004,0,35298,2,2,340.1938769221377,170.09693846106885,2,2,,,3,LEFT,False,,
70596,dqn,339,,,1.0,1.0,0.05,0.0021511027589440346,1.249556064605713,2.0897672176361084,0.526951014995575,1.286193609237671,2.173673391342163,0.04358880594372749,0.1853872537612915,0.24338074028491974,10000,10000,1.0,340.1936897080522,340.1936897080522,17400,True,142,70500,0.0,0.0,3,LEFT,greedy,14345,22471,19192,14588,7848,62748,0.11116777154513004,1,35298,2,2,340.1936897080522,170.0968448540261,2,2,,,3,LEFT,False,,
70628,dqn,340,1.0,170,0.0,0.0,0.05,,,,,,,,,,10000,10000,1.0,340.19187587671234,340.19187587671234,17408,True,142,70500,0.0,0.0,2,RIGHT,greedy,14346,22473,19210,14599,7849,62779,0.11113156255309509,1,35314,2,2,340.19187587671234,170.09593793835617,2,2,,,2,RIGHT,False,,
70995,dqn,340,,,5.0,5.0,0.05,0.004462829791009426,1.4082602262496948,2.3828282356262207,0.6914709210395813,1.4259157180786133,2.387903928756714,0.053751975297927856,0.3457537889480591,0.13207493722438812,10000,10000,1.0,340.0792385678557,340.0792385678557,17500,True,142,70500,0.0,0.0,0,NOOP,greedy,14411,22563,19349,14673,7862,63134,0.11073863316243168,0,35498,2,2,340.0792385678557,170.03961928392786,2,2,,,0,NOOP,False,,
70996,dqn,340,,,1.0,1.0,0.05,0.004462829791009426,1.4082602262496948,2.3828282356262207,0.6914709210395813,1.4259157180786133,2.387903928756714,0.053751975297927856,0.3457537889480591,0.13207493722438812,10000,10000,1.0,340.0789852556254,340.0789852556254,17500,True,142,70500,0.0,0.0,1,FIRE,greedy,14411,22563,19349,14673,7862,63134,0.11073863316243168,1,35498,2,2,340.0789852556254,170.0394926278127,2,2,,,1,FIRE,False,,
71064,dqn,341,2.0,218,0.0,0.0,0.05,,,,,,,,,,10000,10000,1.0,340.01305219702994,340.01305219702994,17517,True,143,71000,0.0,0.0,2,RIGHT,greedy,14439,22571,19361,14693,7864,63200,0.11066081278847237,1,35532,2,2,340.01305219702994,170.00652609851497,2,2,,,2,RIGHT,False,,
71313,dqn,342,8.0,453,0.0,0.0,0.05,,,,,,,,,,10000,10000,1.0,340.0107878117101,340.0107878117101,17579,False,143,71000,0.0,0.0,3,LEFT,greedy,14472,22606,19490,14746,7881,63433,0.11051126006113807,0,35657,2,2,340.0107878117101,170.00539390585504,2,2,,,3,LEFT,False,,
71395,dqn,342,,,0.0,0.0,0.05,0.0012023996096104383,1.3684093952178955,2.2819972038269043,0.5766400694847107,1.3705298900604248,2.2255630493164062,0.03755148500204086,0.1428537368774414,0.19794794917106628,10000,10000,1.0,340.02414483864277,340.02414483864277,17600,True,143,71000,0.0,0.0,0,NOOP,greedy,14483,22627,19517,14769,7883,63513,0.110412348030702,0,35698,2,2,340.02414483864277,170.01207241932138,2,2,,,0,NOOP,False,,
71396,dqn,342,,,3.0,3.0,0.05,0.0012023996096104383,1.3684093952178955,2.2819972038269043,0.5766400694847107,1.3705298900604248,2.2255630493164062,0.03755148500204086,0.1428537368774414,0.19794794917106628,10000,10000,1.0,340.024037312557,340.024037312557,17600,True,143,71000,0.0,0.0,2,RIGHT,greedy,14483,22627,19517,14769,7883,63513,0.110412348030702,1,35698,2,2,340.024037312557,170.0120186562785,2,2,,,2,RIGHT,False,,
71711,dqn,343,2.0,199,0.0,0.0,0.05,,,,,,,,,,10000,10000,1.0,340.0116833310626,340.0116833310626,17679,True,144,71500,0.0,0.0,3,LEFT,greedy,14525,22662,19664,14861,7900,63812,0.11016287371709059,0,35856,2,2,340.0116833310626,170.0058416655313,2,2,,,3,LEFT,False,,
71758,dqn,344,5.0,347,0.0,0.0,0.05,,,,,,,,,,10000,10000,1.0,340.0186784157343,340.0186784157343,17690,False,144,71500,0.0,0.0,2,RIGHT,greedy,14529,22667,19691,14871,7902,63856,0.11012012597898492,1,35879,2,2,340.0186784157343,170.00933920786716,2,2,,,2,RIGHT,False,,
71795,dqn,344,,,1.0,1.0,0.05,0.0021785057615488768,1.5430922508239746,2.5007715225219727,0.668337881565094,1.5348963737487793,2.445098638534546,0.04414137452840805,0.2693856954574585,0.3250061869621277,10000,10000,1.0,340.01914663550673,340.01914663550673,17700,True,144,71500,0.0,0.0,3,LEFT,greedy,14529,22696,19696,14875,7903,63893,0.11007577023789626,0,35898,2,2,340.01914663550673,170.00957331775336,2,2,,,3,LEFT,False,,
71796,dqn,344,,,0.0,0.0,0.05,0.0021785057615488768,1.5430922508239746,2.5007715225219727,0.668337881565094,1.5348963737487793,2.445098638534546,0.04414137452840805,0.2693856954574585,0.3250061869621277,10000,10000,1.0,340.0190447037778,340.0190447037778,17700,True,144,71500,0.0,0.0,1,FIRE,greedy,14529,22696,19696,14875,7903,63893,0.11007577023789626,1,35898,2,2,340.0190447037778,170.0095223518889,2,2,,,1,FIRE,False,,
72102,dqn,345,1.0,172,0.0,0.0,0.05,,,,,,,,,,10000,10000,1.0,340.0456172831132,340.0456172831132,17776,False,145,72000,0.0,0.0,3,LEFT,greedy,14577,22799,19774,14952,7922,64180,0.10987212559984466,1,36051,2,2,340.0456172831132,170.0228086415566,2,2,,,3,LEFT,False,,
72195,dqn,345,,,4.0,4.0,0.05,0.004108201712369919,1.4823286533355713,2.475799560546875,0.6915371417999268,1.4488805532455444,2.407238006591797,0.06746407598257065,0.2462795376777649,0.6189925670623779,10000,10000,1.0,340.0243326793309,340.0243326793309,17800,True,145,72000,0.0,0.0,0,NOOP,greedy,14592,22845,19794,14965,7927,64269,0.10979832677710677,0,36098,2,2,340.0243326793309,170.01216633966544,2,2,,,0,NOOP,False,,
72196,dqn,345,,,0.0,0.0,0.05,0.004108201712369919,1.4823286533355713,2.475799560546875,0.6915371417999268,1.4488805532455444,2.407238006591797,0.06746407598257065,0.2462795376777649,0.6189925670623779,10000,10000,1.0,340.0242303483974,340.0242303483974,17800,True,145,72000,0.0,0.0,1,FIRE,greedy,14592,22845,19794,14965,7927,64269,0.10979832677710677,1,36098,2,2,340.0242303483974,170.0121151741987,2,2,,,1,FIRE,False,,
72495,dqn,346,6.0,392,0.0,0.0,0.05,,,,,,,,,,10000,10000,1.0,340.03371147030253,340.03371147030253,17875,True,145,72000,0.0,0.0,0,NOOP,greedy,14731,22912,19846,15007,7940,64556,0.10952328404325756,0,36248,2,2,340.03371147030253,170.01685573515127,2,2,,,0,NOOP,False,,
72522,dqn,347,3.0,210,0.0,0.0,0.05,,,,,,,,,,10000,10000,1.0,340.0201515741297,340.0201515741297,17881,False,146,72500,0.0,0.0,1,FIRE,greedy,14733,22927,19854,15008,7942,64580,0.10951159648106781,1,36261,2,2,340.0201515741297,170.01007578706486,2,2,,,1,FIRE,False,,
72595,dqn,347,,,1.0,1.0,0.05,0.003169264644384384,1.5296571254730225,2.4507431983947754,0.4978683888912201,1.5369088649749756,2.682197332382202,0.05240428447723389,0.2728385925292969,0.27821412682533264,10000,10000,1.0,339.9904072649257,339.9904072649257,17900,True,146,72500,0.0,0.0,1,FIRE,greedy,14745,22970,19866,15015,7947,64649,0.10946884125847155,0,36298,2,2,339.9904072649257,169.99520363246285,2,2,,,1,FIRE,False,,
72596,dqn,347,,,0.0,0.0,0.05,0.003169264644384384,1.5296571254730225,2.4507431983947754,0.4978683888912201,1.5369088649749756,2.682197332382202,0.05240428447723389,0.2728385925292969,0.27821412682533264,10000,10000,1.0,339.99022192319626,339.99022192319626,17900,True,146,72500,0.0,0.0,2,RIGHT,greedy,14745,22970,19866,15015,7947,64649,0.10946884125847155,1,36298,2,2,339.99022192319626,169.99511096159813,2,2,,,2,RIGHT,False,,
72995,dqn,347,,,4.0,4.0,0.05,0.002841665642336011,1.4000009298324585,2.4211342334747314,0.7300031185150146,1.4223458766937256,2.464892625808716,0.05269784480333328,0.2235647439956665,0.19969134032726288,10000,10000,1.0,339.9876765692388,339.9876765692388,18000,True,146,72500,0.0,0.0,3,LEFT,greedy,14802,23119,19986,15089,7960,65036,0.10904707107238752,0,36498,2,2,339.9876765692388,169.9938382846194,2,2,,,3,LEFT,False,,
72996,dqn,347,,,4.0,4.0,0.05,0.002841665642336011,1.4000009298324585,2.4211342334747314,0.7300031185150146,1.4223458766937256,2.464892625808716,0.05269784480333328,0.2235647439956665,0.19969134032726288,10000,10000,1.0,339.98757284795016,339.98757284795016,18000,True,146,72500,0.0,0.0,0,NOOP,greedy,14802,23119,19986,15089,7960,65036,0.10904707107238752,1,36498,2,2,339.98757284795016,169.99378642397508,2,2,,,0,NOOP,False,,
73072,dqn,348,4.0,275,0.0,0.0,0.05,,,,,,,,,,10000,10000,1.0,339.99392326007643,339.99392326007643,18019,True,147,73000,0.0,0.0,1,FIRE,greedy,14832,23135,20002,15103,7965,65107,0.10900208014013575,1,36536,2,2,339.99392326007643,169.99696163003821,2,2,,,1,FIRE,False,,
73185,dqn,349,6.0,345,0.0,0.0,0.05,,,,,,,,,,10000,10000,1.0,339.9592761620969,339.9592761620969,18047,False,147,73000,0.0,0.0,0,NOOP,greedy,14854,23181,20028,15123,7970,65216,0.10890060940617058,0,36593,2,2,339.9592761620969,169.97963808104845,2,2,,,0,NOOP,False,,
73374,dqn,350,1.0,151,0.0,0.0,0.05,,,,,,,,,,10000,10000,1.0,339.8844126087759,339.8844126087759,18094,False,147,73000,0.0,0.0,1,FIRE,greedy,14874,23268,20082,15150,7976,65398,0.1087033554119988,1,36687,2,2,339.8844126087759,169.94220630438795,2,2,,,1,FIRE,False,,
73395,dqn,350,,,2.0,2.0,0.05,0.0032363333739340305,1.5070027112960815,2.3698112964630127,0.5578509569168091,1.5175487995147705,2.4044458866119385,0.051685839891433716,0.31083738803863525,0.22607016563415527,10000,10000,1.0,339.85862196215714,339.85862196215714,18100,True,147,73000,0.0,0.0,1,FIRE,greedy,14878,23276,20084,15158,7978,65418,0.10869802169055534,0,36698,2,2,339.85862196215714,169.92931098107857,2,2,,,1,FIRE,False,,
73396,dqn,350,,,0.0,0.0,0.05,0.0032363333739340305,1.5070027112960815,2.3698112964630127,0.5578509569168091,1.5175487995147705,2.4044458866119385,0.051685839891433716,0.31083738803863525,0.22607016563415527,10000,10000,1.0,339.8585072389146,339.8585072389146,18100,True,147,73000,0.0,0.0,0,NOOP,greedy,14878,23276,20084,15158,7978,65418,0.10869802169055534,1,36698,2,2,339.8585072389146,169.9292536194573,2,2,,,0,NOOP,False,,
73733,dqn,351,4.0,274,0.0,0.0,0.05,,,,,,,,,,10000,10000,1.0,339.6797565466909,339.6797565466909,18184,False,148,73500,0.0,0.0,3,LEFT,greedy,14975,23376,20149,15234,7995,65739,0.10843030352347628,0,36867,2,2,339.6797565466909,169.83987827334545,2,2,,,3,LEFT,False,,
73795,dqn,351,,,0.0,0.0,0.05,0.006531136110424995,1.302252173423767,2.261265754699707,0.37518826127052307,1.3153817653656006,2.351106643676758,0.06946304440498352,0.49443328380584717,0.1977073699235916,10000,10000,1.0,339.6381780587916,339.6381780587916,18200,True,148,73500,0.0,0.0,1,FIRE,greedy,14984,23386,20183,15243,7999,65797,0.10839340885684862,0,36898,2,2,339.6381780587916,169.8190890293958,2,2,,,1,FIRE,False,,
73796,dqn,351,,,3.0,3.0,0.05,0.006531136110424995,1.302252173423767,2.261265754699707,0.37518826127052307,1.3153817653656006,2.351106643676758,0.06946304440498352,0.49443328380584717,0.1977073699235916,10000,10000,1.0,339.63806113517654,339.63806113517654,18200,True,148,73500,0.0,0.0,1,FIRE,greedy,14984,23386,20183,15243,7999,65797,0.10839340885684862,1,36898,2,2,339.63806113517654,169.81903056758827,2,2,,,1,FIRE,False,,
73922,dqn,352,4.0,274,0.0,0.0,0.05,,,,,,,,,,10000,10000,1.0,339.5480146579743,339.5480146579743,18231,False,148,73500,0.0,0.0,0,NOOP,random,14991,23447,20231,15253,8006,65916,0.1083033467709207,1,36961,2,2,339.5480146579743,169.77400732898715,2,2,,,0,NOOP,False,,
74195,dqn,352,,,4.0,4.0,0.05,0.003382670460268855,1.3967995643615723,2.259018659591675,0.4757557213306427,1.3868504762649536,2.2515687942504883,0.05259678512811661,0.3233641982078552,0.28471750020980835,10000,10000,1.0,339.3805647666901,339.3805647666901,18300,True,149,74000,0.0,0.0,3,LEFT,greedy,15019,23575,20309,15293,8021,66175,0.10810555825111866,0,37098,2,2,339.3805647666901,169.69028238334505,2,2,,,3,LEFT,False,,
74196,dqn,352,,,1.0,1.0,0.05,0.003382670460268855,1.3967995643615723,2.259018659591675,0.4757557213306427,1.3868504762649536,2.2515687942504883,0.05259678512811661,0.3233641982078552,0.28471750020980835,10000,10000,1.0,339.38043312639206,339.38043312639206,18300,True,149,74000,0.0,0.0,3,LEFT,greedy,15019,23575,20309,15293,8021,66175,0.10810555825111866,1,37098,2,2,339.38043312639206,169.69021656319603,2,2,,,3,LEFT,False,,
74347,dqn,353,5.0,307,0.0,0.0,0.05,,,,,,,,,,10000,10000,1.0,339.34205734923586,339.34205734923586,18338,True,149,74000,0.0,0.0,1,FIRE,greedy,15040,23652,20335,15321,8026,66322,0.10795179426480873,0,37174,2,2,339.34205734923586,169.67102867461793,2,2,,,1,FIRE,False,,
74414,dqn,354,3.0,246,0.0,0.0,0.05,,,,,,,,,,10000,10000,1.0,339.35268430330456,339.35268430330456,18354,False,149,74000,0.0,0.0,0,NOOP,greedy,15058,23682,20351,15323,8029,66385,0.10789636358749698,1,37207,2,2,339.35268430330456,169.67634215165228,2,2,,,0,NOOP,False,,
74595,dqn,354,,,1.0,1.0,0.05,0.0037692757323384285,1.414069414138794,2.2751569747924805,0.49503788352012634,1.4294161796569824,2.268187999725342,0.05697357654571533,0.31451356410980225,0.16601954400539398,10000,10000,1.0,339.40110493839444,339.40110493839444,18400,True,150,74500,0.0,0.0,2,RIGHT,greedy,15119,23732,20400,15345,8040,66556,0.10778057804708027,0,37298,2,2,339.40110493839444,169.70055246919722,2,2,,,2,RIGHT,False,,
74596,dqn,354,,,1.0,1.0,0.05,0.0037692757323384285,1.414069414138794,2.2751569747924805,0.49503788352012634,1.4294161796569824,2.268187999725342,0.05697357654571533,0.31451356410980225,0.16601954400539398,10000,10000,1.0,339.40093167640345,339.40093167640345,18400,True,150,74500,0.0,0.0,2,RIGHT,greedy,15119,23732,20400,15345,8040,66556,0.10778057804708027,1,37298,2,2,339.40093167640345,169.70046583820172,2,2,,,2,RIGHT,False,,
74891,dqn,355,4.0,272,0.0,0.0,0.05,,,,,,,,,,10000,10000,1.0,339.47966128453066,339.47966128453066,18474,True,150,74500,0.0,0.0,0,NOOP,greedy,15199,23800,20475,15418,8065,66827,0.10768840463600919,0,37446,2,2,339.47966128453066,169.73983064226533,2,2,,,0,NOOP,False,,
74995,dqn,355,,,0.0,0.0,0.05,0.0018999114399775863,1.1846495866775513,2.026380777359009,0.4637095034122467,1.2049219608306885,2.102543354034424,0.041956525295972824,0.24190020561218262,0.10308430343866348,10000,10000,1.0,339.4969008662991,339.4969008662991,18500,True,150,74500,0.0,0.0,2,RIGHT,greedy,15200,23851,20503,15442,8069,66927,0.10759240492826284,0,37498,2,2,339.4969008662991,169.74845043314954,2,2,,,2,RIGHT,False,,
74996,dqn,355,,,4.0,4.0,0.05,0.0018999114399775863,1.1846495866775513,2.026380777359009,0.4637095034122467,1.2049219608306885,2.102543354034424,0.041956525295972824,0.24190020561218262,0.10308430343866348,10000,10000,1.0,339.4967995875604,339.4967995875604,18500,True,150,74500,0.0,0.0,2,RIGHT,greedy,15200,23851,20503,15442,8069,66927,0.10759240492826284,1,37498,2,2,339.4967995875604,169.7483997937802,2,2,,,2,RIGHT,False,,
75006,dqn,356,4.0,296,0.0,0.0,0.05,,,,,,,,,,10000,10000,1.0,339.4871499344624,339.4871499344624,18502,False,151,75000,0.0,0.0,2,RIGHT,greedy,15201,23851,20511,15443,8069,66937,0.10757806042183292,1,37503,2,2,339.4871499344624,169.7435749672312,2,2,,,2,RIGHT,False,,
75395,dqn,356,,,4.0,4.0,0.05,0.006816191598773003,1.373103380203247,2.255068063735962,0.6237194538116455,1.410116195678711,2.287325143814087,0.06950618326663971,0.48795366287231445,0.2945343255996704,10000,10000,1.0,339.56660647792256,339.56660647792256,18600,True,151,75000,0.0,0.0,0,NOOP,greedy,15283,23966,20632,15515,8083,67313,0.10720727890073745,0,37698,2,2,339.56660647792256,169.78330323896128,2,2,,,0,NOOP,False,,
75396,dqn,356,,,3.0,3.0,0.05,0.006816191598773003,1.373103380203247,2.255068063735962,0.6237194538116455,1.410116195678711,2.287325143814087,0.06950618326663971,0.48795366287231445,0.2945343255996704,10000,10000,1.0,339.56650844794336,339.56650844794336,18600,True,151,75000,0.0,0.0,3,LEFT,greedy,15283,23966,20632,15515,8083,67313,0.10720727890073745,1,37698,2,2,339.56650844794336,169.78325422397168,2,2,,,3,LEFT,False,,
75462,dqn,357,3.0,228,0.0,0.0,0.05,,,,,,,,,,10000,10000,1.0,339.5882277499209,339.5882277499209,18616,False,151,75000,0.0,0.0,1,FIRE,greedy,15285,23989,20649,15539,8089,67373,0.10719302430362301,1,37731,2,2,339.5882277499209,169.79411387496046,2,2,,,1,FIRE,False,,
75477,dqn,358,4.0,293,0.0,0.0,0.05,,,,,,,,,,10000,10000,1.0,339.5738424222549,339.5738424222549,18620,False,151,75000,0.0,0.0,2,RIGHT,greedy,15285,23997,20654,15542,8089,67389,0.10717030127984313,0,37739,2,2,339.5738424222549,169.78692121112746,2,2,,,2,RIGHT,False,,
75795,dqn,358,,,2.0,2.0,0.05,0.0013795802369713783,1.2285888195037842,2.2709109783172607,0.49478793144226074,1.2230169773101807,2.1584928035736084,0.04244624823331833,0.12128186225891113,0.23038683831691742,10000,10000,1.0,339.68853659787476,339.68853659787476,18700,True,152,75500,0.0,0.0,2,RIGHT,greedy,15331,24169,20711,15585,8105,67691,0.10693176420919309,0,37898,2,2,339.68853659787476,169.84426829893738,2,2,,,2,RIGHT,False,,
75796,dqn,358,,,2.0,2.0,0.05,0.0013795802369713783,1.2285888195037842,2.2709109783172607,0.49478793144226074,1.2230169773101807,2.1584928035736084,0.04244624823331833,0.12128186225891113,0.23038683831691742,10000,10000,1.0,339.68843444809744,339.68843444809744,18700,True,152,75500,0.0,0.0,3,LEFT,greedy,15331,24169,20711,15585,8105,67691,0.10693176420919309,1,37898,2,2,339.68843444809744,169.84421722404872,2,2,,,3,LEFT,False,,
75835,dqn,359,2.0,179,0.0,0.0,0.05,,,,,,,,,,10000,10000,1.0,339.6944939232694,339.6944939232694,18710,True,152,75500,0.0,0.0,0,NOOP,greedy,15356,24175,20716,15589,8107,67729,0.10690173532359301,0,37918,2,2,339.6944939232694,169.8472469616347,2,2,,,0,NOOP,False,,
76110,dqn,360,5.0,324,0.0,0.0,0.05,,,,,,,,,,10000,10000,1.0,339.78831925241207,339.78831925241207,18778,False,153,76000,0.0,0.0,0,NOOP,greedy,15410,24278,20785,15637,8126,67984,0.10676652213900933,1,38055,2,2,339.78831925241207,169.89415962620603,2,2,,,0,NOOP,False,,
76137,dqn,361,1.0,151,0.0,0.0,0.05,,,,,,,,,,10000,10000,1.0,339.77520504042883,339.77520504042883,18785,False,153,76000,0.0,0.0,1,FIRE,greedy,15420,24291,20787,15640,8129,68009,0.10676666053744517,0,38069,2,2,339.77520504042883,169.88760252021441,2,2,,,1,FIRE,False,,
76195,dqn,361,,,0.0,0.0,0.05,0.0029769071843475103,1.5050172805786133,2.4628989696502686,0.4930769205093384,1.4799244403839111,2.3738584518432617,0.058554887771606445,0.28130948543548584,0.46918031573295593,10000,10000,1.0,339.7916391302428,339.7916391302428,18800,True,153,76000,0.0,0.0,1,FIRE,greedy,15426,24339,20790,15641,8131,68065,0.10671163840621554,0,38098,2,2,339.7916391302428,169.8958195651214,2,2,,,1,FIRE,False,,
76196,dqn,361,,,1.0,1.0,0.05,0.0029769071843475103,1.5050172805786133,2.4628989696502686,0.4930769205093384,1.4799244403839111,2.3738584518432617,0.058554887771606445,0.28130948543548584,0.46918031573295593,10000,10000,1.0,339.7915430614229,339.7915430614229,18800,True,153,76000,0.0,0.0,3,LEFT,greedy,15426,24339,20790,15641,8131,68065,0.10671163840621554,1,38098,2,2,339.7915430614229,169.89577153071144,2,2,,,3,LEFT,False,,
76495,dqn,362,2.0,179,0.0,0.0,0.05,,,,,,,,,,10000,10000,1.0,339.87653255414466,339.87653255414466,18875,True,153,76000,0.0,0.0,1,FIRE,greedy,15468,24444,20868,15716,8144,68352,0.10646308303702154,0,38248,2,2,339.87653255414466,169.93826627707233,2,2,,,1,FIRE,False,,
76595,dqn,362,,,1.0,1.0,0.05,0.0033110815566033125,1.286808967590332,2.1119797229766846,0.41579073667526245,1.3438130617141724,2.147655487060547,0.05360769107937813,0.2676539421081543,0.4711853265762329,10000,10000,1.0,339.871101581719,339.871101581719,18900,True,154,76500,0.0,0.0,3,LEFT,greedy,15506,24467,20886,15737,8148,68448,0.10637631207895974,0,38298,2,2,339.871101581719,169.9355507908595,2,2,,,3,LEFT,False,,
76596,dqn,362,,,4.0,4.0,0.05,0.0033110815566033125,1.286808967590332,2.1119797229766846,0.41579073667526245,1.3438130617141724,2.147655487060547,0.05360769107937813,0.2676539421081543,0.4711853265762329,10000,10000,1.0,339.8709216689058,339.8709216689058,18900,True,154,76500,0.0,0.0,2,RIGHT,greedy,15506,24467,20886,15737,8148,68448,0.10637631207895974,1,38298,2,2,339.8709216689058,169.9354608344529,2,2,,,2,RIGHT,False,,
76720,dqn,363,5.0,305,0.0,0.0,0.05,,,,,,,,,,10000,10000,1.0,339.83171931925955,339.83171931925955,18931,True,154,76500,0.0,0.0,1,FIRE,greedy,15520,24528,20915,15757,8155,68565,0.1062956204379562,1,38360,2,2,339.83171931925955,169.91585965962977,2,2,,,1,FIRE,False,,
76801,dqn,364,1.0,153,0.0,0.0,0.05,,,,,,,,,,10000,10000,1.0,339.81307065375137,339.81307065375137,18951,False,154,76500,0.0,0.0,1,FIRE,greedy,15526,24571,20933,15772,8156,68646,0.10619515116793833,0,38401,2,2,339.81307065375137,169.90653532687568,2,2,,,1,FIRE,False,,
76995,dqn,364,,,1.0,1.0,0.05,0.0022042107302695513,1.4445017576217651,2.352431535720825,0.5609930157661438,1.475216031074524,2.368861436843872,0.041759610176086426,0.22596478462219238,0.2067856788635254,10000,10000,1.0,339.8050144843254,339.8050144843254,19000,True,154,76500,0.0,0.0,3,LEFT,greedy,15563,24628,20988,15817,8163,68833,0.10601849446724505,0,38498,2,2,339.8050144843254,169.9025072421627,2,2,,,3,LEFT,False,,
76996,dqn,364,,,2.0,2.0,0.05,0.0022042107302695513,1.4445017576217651,2.352431535720825,0.5609930157661438,1.475216031074524,2.368861436843872,0.041759610176086426,0.22596478462219238,0.2067856788635254,10000,10000,1.0,339.80491910625676,339.80491910625676,19000,True,154,76500,0.0,0.0,2,RIGHT,greedy,15563,24628,20988,15817,8163,68833,0.10601849446724505,1,38498,2,2,339.80491910625676,169.90245955312838,2,2,,,2,RIGHT,False,,
77395,dqn,364,,,6.0,6.0,0.05,0.0007614842616021633,1.366783857345581,2.1379587650299072,0.38255876302719116,1.3719855546951294,2.129260540008545,0.029955551028251648,0.09660780429840088,0.061566565185785294,10000,10000,1.0,339.77909576153024,339.77909576153024,19100,True,155,77000,0.0,0.0,2,RIGHT,greedy,15671,24666,21121,15938,8184,69212,0.10574189880613985,0,38698,2,2,339.77909576153024,169.88954788076512,2,2,,,2,RIGHT,False,,
77396,dqn,364,,,5.0,5.0,0.05,0.0007614842616021633,1.366783857345581,2.1379587650299072,0.38255876302719116,1.3719855546951294,2.129260540008545,0.029955551028251648,0.09660780429840088,0.061566565185785294,10000,10000,1.0,339.77898806270605,339.77898806270605,19100,True,155,77000,0.0,0.0,2,RIGHT,greedy,15671,24666,21121,15938,8184,69212,0.10574189880613985,1,38698,2,2,339.77898806270605,169.88949403135302,2,2,,,2,RIGHT,False,,
77406,dqn,365,5.0,343,0.0,0.0,0.05,,,,,,,,,,10000,10000,1.0,339.76661247650844,339.76661247650844,19102,False,155,77000,0.0,0.0,2,RIGHT,greedy,15671,24670,21123,15942,8184,69222,0.10572823812107589,1,38703,2,2,339.76661247650844,169.88330623825422,2,2,,,2,RIGHT,False,,
77783,dqn,366,14.0,491,0.0,0.0,0.05,,,,,,,,,,10000,10000,1.0,339.7587348868941,339.7587348868941,19197,True,156,77500,0.0,0.0,3,LEFT,greedy,15765,24743,21227,16049,8204,69580,0.105471562275018,0,38892,2,2,339.7587348868941,169.87936744344705,2,2,,,3,LEFT,False,,
77795,dqn,366,,,0.0,0.0,0.05,0.003353926818817854,1.3885847330093384,2.365419626235962,0.40916022658348083,1.4229717254638672,2.3722238540649414,0.05237797647714615,0.2736811637878418,0.32822316884994507,10000,10000,1.0,339.7435288086482,339.7435288086482,19200,True,156,77500,0.0,0.0,2,RIGHT,greedy,15771,24745,21228,16052,8205,69591,0.10546814746259447,0,38898,2,2,339.7435288086482,169.8717644043241,2,2,,,2,RIGHT,False,,
77796,dqn,366,,,2.0,2.0,0.05,0.003353926818817854,1.3885847330093384,2.365419626235962,0.40916022658348083,1.4229717254638672,2.3722238540649414,0.05237797647714615,0.2736811637878418,0.32822316884994507,10000,10000,1.0,339.7434385999192,339.7434385999192,19200,True,156,77500,0.0,0.0,0,NOOP,greedy,15771,24745,21228,16052,8205,69591,0.10546814746259447,1,38898,2,2,339.7434385999192,169.8717192999596,2,2,,,0,NOOP,False,,
77858,dqn,367,3.0,226,0.0,0.0,0.05,,,,,,,,,,10000,10000,1.0,339.75349011809385,339.75349011809385,19215,False,156,77500,0.0,0.0,3,LEFT,greedy,15782,24763,21247,16066,8208,69650,0.10542269259420997,1,38929,2,2,339.75349011809385,169.87674505904693,2,2,,,3,LEFT,False,,
78195,dqn,367,,,3.0,3.0,0.05,0.00218233373016119,1.311896562576294,2.2540159225463867,0.5228460431098938,1.3685352802276611,2.340885877609253,0.052406568080186844,0.2069108486175537,0.5106486082077026,10000,10000,1.0,339.7414396895559,339.7414396895559,19300,True,157,78000,0.0,0.0,2,RIGHT,greedy,15806,24844,21383,16163,8224,69972,0.10517162003171518,0,39098,2,2,339.7414396895559,169.87071984477794,2,2,,,2,RIGHT,False,,
78196,dqn,367,,,3.0,3.0,0.05,0.00218233373016119,1.311896562576294,2.2540159225463867,0.5228460431098938,1.3685352802276611,2.340885877609253,0.052406568080186844,0.2069108486175537,0.5106486082077026,10000,10000,1.0,339.74134979594174,339.74134979594174,19300,True,157,78000,0.0,0.0,3,LEFT,greedy,15806,24844,21383,16163,8224,69972,0.10517162003171518,1,39098,2,2,339.74134979594174,169.87067489797087,2,2,,,3,LEFT,False,,
78474,dqn,368,5.0,308,0.0,0.0,0.05,,,,,,,,,,10000,10000,1.0,339.7738268855541,339.7738268855541,19369,False,157,78000,0.0,0.0,2,RIGHT,greedy,15872,24895,21468,16239,8239,70235,0.1049901878329128,1,39237,2,2,339.7738268855541,169.88691344277706,2,2,,,2,RIGHT,False,,
78595,dqn,368,,,7.0,7.0,0.05,0.0032340388279408216,1.2297089099884033,2.257143497467041,0.40212640166282654,1.25626802444458,2.2471981048583984,0.05532325804233551,0.2626899480819702,0.2760852575302124,10000,10000,1.0,339.7822158546272,339.7822158546272,19400,True,158,78500,0.0,0.0,3,LEFT,greedy,15883,24913,21512,16288,8245,70351,0.10490355743294824,0,39298,2,2,339.7822158546272,169.8911079273136,2,2,,,3,LEFT,False,,
78596,dqn,368,,,0.0,0.0,0.05,0.0032340388279408216,1.2297089099884033,2.257143497467041,0.40212640166282654,1.25626802444458,2.2471981048583984,0.05532325804233551,0.2626899480819702,0.2760852575302124,10000,10000,1.0,339.78205074718363,339.78205074718363,19400,True,158,78500,0.0,0.0,2,RIGHT,greedy,15883,24913,21512,16288,8245,70351,0.10490355743294824,1,39298,2,2,339.78205074718363,169.89102537359182,2,2,,,2,RIGHT,False,,
78601,dqn,369,7.0,409,0.0,0.0,0.05,,,,,,,,,,10000,10000,1.0,339.77601869068604,339.77601869068604,19401,False,158,78500,0.0,0.0,0,NOOP,greedy,15887,24913,21513,16289,8245,70357,0.104895549731559,0,39301,2,2,339.77601869068604,169.88800934534302,2,2,,,0,NOOP,False,,
78822,dqn,370,1.0,174,0.0,0.0,0.05,,,,,,,,,,10000,10000,1.0,339.8398930717379,339.8398930717379,19456,False,158,78500,0.0,0.0,2,RIGHT,greedy,15900,24951,21640,16331,8250,70572,0.10466620994138692,1,39411,2,2,339.8398930717379,169.91994653586895,2,2,,,2,RIGHT,False,,
78995,dqn,370,,,2.0,2.0,0.05,0.0014540323754772544,1.260817527770996,2.3118937015533447,0.4436317980289459,1.265726089477539,2.314833402633667,0.041389644145965576,0.1710824966430664,0.1611056625843048,10000,10000,1.0,339.8496974574775,339.8496974574775,19500,True,158,78500,0.0,0.0,3,LEFT,greedy,15909,24969,21716,16402,8259,70737,0.10454959744797204,0,39498,2,2,339.8496974574775,169.92484872873874,2,2,,,3,LEFT,False,,
78996,dqn,370,,,0.0,0.0,0.05,0.0014540323754772544,1.260817527770996,2.3118937015533447,0.4436317980289459,1.265726089477539,2.314833402633667,0.041389644145965576,0.1710824966430664,0.1611056625843048,10000,10000,1.0,339.84960812474986,339.84960812474986,19500,True,158,78500,0.0,0.0,1,FIRE,greedy,15909,24969,21716,16402,8259,70737,0.10454959744797204,1,39498,2,2,339.84960812474986,169.92480406237493,2,2,,,1,FIRE,False,,
78999,dqn,371,2.0,199,0.0,0.0,0.05,,,,,,,,,,10000,10000,1.0,339.8399846741104,339.8399846741104,19501,True,159,79000,0.0,0.0,2,RIGHT,greedy,15909,24971,21717,16403,8259,70741,0.10454430379746836,0,39500,2,2,339.8399846741104,169.9199923370552,2,2,,,2,RIGHT,False,,
79395,dqn,371,,,3.0,3.0,0.05,0.0025393711403012276,1.260779619216919,2.2072558403015137,0.42718395590782166,1.2629048824310303,2.2647972106933594,0.044779881834983826,0.27538561820983887,0.18334364891052246,10000,10000,1.0,339.8772951697137,339.8772951697137,19600,True,159,79000,0.0,0.0,3,LEFT,greedy,15944,25064,21858,16530,8275,71121,0.10422439417602902,0,39698,2,2,339.8772951697137,169.93864758485685,2,2,,,3,LEFT,False,,
79396,dqn,371,,,4.0,4.0,0.05,0.0025393711403012276,1.260779619216919,2.2072558403015137,0.42718395590782166,1.2629048824310303,2.2647972106933594,0.044779881834983826,0.27538561820983887,0.18334364891052246,10000,10000,1.0,339.8771943423415,339.8771943423415,19600,True,159,79000,0.0,0.0,3,LEFT,greedy,15944,25064,21858,16530,8275,71121,0.10422439417602902,1,39698,2,2,339.8771943423415,169.93859717117076,2,2,,,3,LEFT,False,,
79454,dqn,372,4.0,316,0.0,0.0,0.05,,,,,,,,,,10000,10000,1.0,339.87579495023317,339.87579495023317,19614,False,159,79000,0.0,0.0,2,RIGHT,greedy,15945,25072,21888,16549,8277,71177,0.10417348402849448,1,39727,2,2,339.87579495023317,169.93789747511659,2,2,,,2,RIGHT,False,,
79591,dqn,373,4.0,296,0.0,0.0,0.05,,,,,,,,,,10000,10000,1.0,339.88970403184805,339.88970403184805,19649,True,160,79500,0.0,0.0,0,NOOP,greedy,15958,25125,21933,16576,8282,71310,0.10405568398834053,0,39796,2,2,339.88970403184805,169.94485201592403,2,2,,,0,NOOP,False,,
79795,dqn,373,,,0.0,0.0,0.05,0.007371178362518549,1.2275874614715576,2.275982618331909,0.4833577275276184,1.256706714630127,2.232508897781372,0.07232609391212463,0.3577437400817871,0.285390704870224,10000,10000,1.0,339.93628062363473,339.93628062363473,19700,True,160,79500,0.0,0.0,0,NOOP,greedy,15968,25190,22013,16625,8300,71496,0.10401523885909068,0,39898,2,2,339.93628062363473,169.96814031181736,2,2,,,0,NOOP,False,,
79796,dqn,373,,,3.0,3.0,0.05,0.007371178362518549,1.2275874614715576,2.275982618331909,0.4833577275276184,1.256706714630127,2.232508897781372,0.07232609391212463,0.3577437400817871,0.285390704870224,10000,10000,1.0,339.9361927207147,339.9361927207147,19700,True,160,79500,0.0,0.0,3,LEFT,greedy,15968,25190,22013,16625,8300,71496,0.10401523885909068,1,39898,2,2,339.9361927207147,169.96809636035735,2,2,,,3,LEFT,False,,
79912,dqn,374,3.0,229,0.0,0.0,0.05,,,,,,,,,,10000,10000,1.0,339.96033912057777,339.96033912057777,19729,True,160,79500,0.0,0.0,3,LEFT,greedy,15983,25207,22046,16676,8300,71612,0.10386425067574331,1,39956,2,2,339.96033912057777,169.98016956028889,2,2,,,3,LEFT,False,,
80023,dqn,375,2.0,216,0.0,0.0,0.05,,,,,,,,,,10000,10000,1.0,339.93561310076296,339.93561310076296,19757,True,161,80000,0.0,0.0,0,NOOP,greedy,16032,25239,22063,16690,8305,71719,0.1037813655903229,0,40012,2,2,339.93561310076296,169.96780655038148,2,2,,,0,NOOP,False,,
80195,dqn,375,,,1.0,1.0,0.05,0.012755033560097218,1.2629377841949463,2.4440929889678955,0.46229737997055054,1.2408490180969238,2.4031431674957275,0.0781366378068924,0.7804781198501587,0.6898523569107056,10000,10000,1.0,339.97752962036816,339.97752962036816,19800,True,161,80000,0.0,0.0,3,LEFT,greedy,16046,25321,22102,16727,8310,71886,0.10362112823582223,0,40098,2,2,339.97752962036816,169.98876481018408,2,2,,,3,LEFT,False,,
80196,dqn,375,,,2.0,2.0,0.05,0.012755033560097218,1.2629377841949463,2.4440929889678955,0.46229737997055054,1.2408490180969238,2.4031431674957275,0.0781366378068924,0.7804781198501587,0.6898523569107056,10000,10000,1.0,339.9774418464031,339.9774418464031,19800,True,161,80000,0.0,0.0,2,RIGHT,greedy,16046,25321,22102,16727,8310,71886,0.10362112823582223,1,40098,2,2,339.9774418464031,169.98872092320156,2,2,,,2,RIGHT,False,,
80461,dqn,376,2.0,219,0.0,0.0,0.05,,,,,,,,,,10000,10000,1.0,340.0276083131144,340.0276083131144,19866,False,161,80000,0.0,0.0,3,LEFT,greedy,16092,25348,22209,16813,8322,72140,0.10342770500360418,0,40231,2,2,340.0276083131144,170.0138041565572,2,2,,,3,LEFT,False,,
80595,dqn,376,,,1.0,1.0,0.05,0.010193984024226665,1.3275375366210938,2.371896266937256,0.4097166359424591,1.3208235502243042,2.3703975677490234,0.06726695597171783,0.6412100195884705,0.30094751715660095,10000,10000,1.0,340.0551969632587,340.0551969632587,19900,True,162,80500,0.0,0.0,2,RIGHT,greedy,16109,25376,22259,16852,8329,72267,0.10334259764752593,0,40298,2,2,340.0551969632587,170.02759848162935,2,2,,,2,RIGHT,False,,
80596,dqn,376,,,6.0,6.0,0.05,0.010193984024226665,1.3275375366210938,2.371896266937256,0.4097166359424591,1.3208235502243042,2.3703975677490234,0.06726695597171783,0.6412100195884705,0.30094751715660095,10000,10000,1.0,340.0550209159943,340.0550209159943,19900,True,162,80500,0.0,0.0,2,RIGHT,greedy,16109,25376,22259,16852,8329,72267,0.10334259764752593,1,40298,2,2,340.0550209159943,170.02751045799715,2,2,,,2,RIGHT,False,,
80702,dqn,377,7.0,395,0.0,0.0,0.05,,,,,,,,,,10000,10000,1.0,340.07860822081983,340.07860822081983,19926,False,162,80500,0.0,0.0,0,NOOP,greedy,16116,25390,22306,16890,8334,72368,0.10326881613838566,1,40351,2,2,340.07860822081983,170.03930411040992,2,2,,,0,NOOP,False,,
80995,dqn,377,,,4.0,4.0,0.05,0.00841757096350193,1.4497361183166504,2.373964786529541,0.5127891898155212,1.4290497303009033,2.307035446166992,0.06252319365739822,0.6720037460327148,0.3016842007637024,10000,10000,1.0,340.1221863382679,340.1221863382679,20000,True,162,80500,0.0,0.0,0,NOOP,greedy,16179,25458,22422,16937,8350,72646,0.10309151069188602,0,40498,2,2,340.1221863382679,170.06109316913395,2,2,,,0,NOOP,False,,
80996,dqn,377,,,1.0,1.0,0.05,0.00841757096350193,1.4497361183166504,2.373964786529541,0.5127891898155212,1.4290497303009033,2.307035446166992,0.06252319365739822,0.6720037460327148,0.3016842007637024,10000,10000,1.0,340.1221004998908,340.1221004998908,20000,True,162,80500,0.0,0.0,3,LEFT,greedy,16179,25458,22422,16937,8350,72646,0.10309151069188602,1,40498,2,2,340.1221004998908,170.0610502499454,2,2,,,3,LEFT,False,,
81038,dqn,378,1.0,168,0.0,0.0,0.05,,,,,,,,,,10000,10000,1.0,340.1141042654423,340.1141042654423,20010,False,163,81000,0.0,0.0,2,RIGHT,greedy,16184,25458,22438,16958,8351,72687,0.10305042079024655,1,40519,2,2,340.1141042654423,170.05705213272114,2,2,,,2,RIGHT,False,,
81075,dqn,379,5.0,307,0.0,0.0,0.05,,,,,,,,,,10000,10000,1.0,340.1078335553138,340.1078335553138,20020,True,163,81000,0.0,0.0,3,LEFT,greedy,16185,25477,22440,16974,8351,72725,0.10300212146627856,0,40538,2,2,340.1078335553138,170.0539167776569,2,2,,,3,LEFT,False,,
81395,dqn,379,,,2.0,2.0,0.05,0.0010569022269919515,1.4013633728027344,2.3085317611694336,0.4215484857559204,1.4177026748657227,2.292231321334839,0.03521154075860977,0.10282060503959656,0.06692865490913391,10000,10000,1.0,340.1548537209656,340.1548537209656,20100,True,163,81000,0.0,0.0,0,NOOP,greedy,16208,25630,22530,17028,8364,73032,0.10275689223057644,0,40698,2,2,340.1548537209656,170.0774268604828,2,2,,,0,NOOP,False,,
81396,dqn,379,,,3.0,3.0,0.05,0.0010569022269919515,1.4013633728027344,2.3085317611694336,0.4215484857559204,1.4177026748657227,2.292231321334839,0.03521154075860977,0.10282060503959656,0.06692865490913391,10000,10000,1.0,340.154767008807,340.154767008807,20100,True,163,81000,0.0,0.0,1,FIRE,fire_reset,16208,25630,22530,17028,8364,73032,0.10275689223057644,1,40698,2,2,340.154767008807,170.0773835044035,2,2,,,3,LEFT,True,after_life_loss,
81548,dqn,380,4.0,255,0.0,0.0,0.05,,,,,,,,,,10000,10000,1.0,340.1686366787495,340.1686366787495,20138,True,164,81500,0.0,0.0,0,NOOP,greedy,16279,25639,22550,17080,8370,73178,0.10263893657723058,1,40774,2,2,340.1686366787495,170.08431833937476,2,2,,,0,NOOP,False,,
81687,dqn,381,5.0,306,0.0,0.0,0.05,,,,,,,,,,10000,10000,1.0,340.1690490009875,340.1690490009875,20173,True,164,81500,0.0,0.0,0,NOOP,random,16326,25676,22589,17097,8378,73310,0.10256096366663402,0,40844,2,2,340.1690490009875,170.08452450049376,2,2,,,0,NOOP,False,,
81795,dqn,381,,,1.0,1.0,0.05,0.001922927564010024,1.3259965181350708,2.458467721939087,0.46495234966278076,1.3731229305267334,2.541290521621704,0.05128217115998268,0.1518850326538086,0.3326510787010193,10000,10000,1.0,340.1641418408922,340.1641418408922,20200,True,164,81500,0.0,0.0,1,FIRE,fire_reset,16331,25719,22634,17112,8383,73413,0.10248667416499585,0,40898,2,2,340.1641418408922,170.0820709204461,2,2,,,2,RIGHT,True,after_life_loss,
81796,dqn,381,,,1.0,1.0,0.05,0.001922927564010024,1.3259965181350708,2.458467721939087,0.46495234966278076,1.3731229305267334,2.541290521621704,0.05128217115998268,0.1518850326538086,0.3326510787010193,10000,10000,1.0,340.1640549822035,340.1640549822035,20200,True,164,81500,0.0,0.0,3,LEFT,greedy,16331,25719,22634,17112,8383,73413,0.10248667416499585,1,40898,2,2,340.1640549822035,170.08202749110174,2,2,,,3,LEFT,False,,
82142,dqn,382,4.0,297,0.0,0.0,0.05,,,,,,,,,,10000,10000,1.0,340.161599768079,340.161599768079,20286,False,165,82000,0.0,0.0,2,RIGHT,greedy,16347,25802,22760,17233,8399,73743,0.1022497626062185,1,41071,2,2,340.161599768079,170.0807998840395,2,2,,,2,RIGHT,False,,
82195,dqn,382,,,4.0,4.0,0.05,0.0026553566567599773,1.3735531568527222,2.3403420448303223,0.5273657441139221,1.396276831626892,2.363212823867798,0.047597166150808334,0.3236280679702759,0.18717917799949646,10000,10000,1.0,340.14988668578735,340.14988668578735,20300,True,165,82000,0.0,0.0,2,RIGHT,greedy,16359,25806,22778,17253,8403,73793,0.10223125212905737,0,41098,2,2,340.14988668578735,170.07494334289368,2,2,,,2,RIGHT,False,,
82196,dqn,382,,,0.0,0.0,0.05,0.0026553566567599773,1.3735531568527222,2.3403420448303223,0.5273657441139221,1.396276831626892,2.363212823867798,0.047597166150808334,0.3236280679702759,0.18717917799949646,10000,10000,1.0,340.14979899031704,340.14979899031704,20300,True,165,82000,0.0,0.0,3,LEFT,random,16359,25806,22778,17253,8403,73793,0.10223125212905737,1,41098,2,2,340.14979899031704,170.07489949515852,2,2,,,3,LEFT,False,,
82305,dqn,383,5.0,309,0.0,0.0,0.05,,,,,,,,,,10000,10000,1.0,340.1178921442079,340.1178921442079,20327,False,165,82000,0.0,0.0,3,LEFT,greedy,16372,25837,22808,17289,8408,73898,0.1021553714188516,0,41153,2,2,340.1178921442079,170.05894607210394,2,2,,,3,LEFT,False,,
82595,dqn,383,,,2.0,2.0,0.05,0.008101562969386578,1.5243819952011108,2.350325584411621,0.5862412452697754,1.5313992500305176,2.3111157417297363,0.07241152971982956,0.6048605442047119,0.18259450793266296,10000,10000,1.0,340.08906981992453,340.08906981992453,20400,True,166,82500,0.0,0.0,0,NOOP,greedy,16421,25871,22909,17395,8423,74173,0.10197830403409366,0,41298,2,2,340.08906981992453,170.04453490996227,2,2,,,0,NOOP,False,,
82596,dqn,383,,,3.0,3.0,0.05,0.008101562969386578,1.5243819952011108,2.350325584411621,0.5862412452697754,1.5313992500305176,2.3111157417297363,0.07241152971982956,0.6048605442047119,0.18259450793266296,10000,10000,1.0,340.08890430259027,340.08890430259027,20400,True,166,82500,0.0,0.0,2,RIGHT,greedy,16421,25871,22909,17395,8423,74173,0.10197830403409366,1,41298,2,2,340.08890430259027,170.04445215129513,2,2,,,2,RIGHT,False,,
82684,dqn,384,3.0,271,0.0,0.0,0.05,,,,,,,,,,10000,10000,1.0,340.08441031287794,340.08441031287794,20422,True,166,82500,0.0,0.0,3,LEFT,greedy,16422,25884,22950,17428,8429,74255,0.10194233467176238,1,41342,2,2,340.08441031287794,170.04220515643897,2,2,,,3,LEFT,False,,
82829,dqn,385,4.0,262,0.0,0.0,0.05,,,,,,,,,,10000,10000,1.0,340.07754750181215,340.07754750181215,20458,False,166,82500,0.0,0.0,3,LEFT,greedy,16428,25938,22989,17475,8440,74390,0.10189544850899433,0,41415,2,2,340.07754750181215,170.03877375090607,2,2,,,3,LEFT,False,,
82995,dqn,385,,,2.0,2.0,0.05,0.003588075516745448,1.6067043542861938,2.4992854595184326,0.5978209972381592,1.6120965480804443,2.523273229598999,0.05916130542755127,0.24957871437072754,0.27483636140823364,10000,10000,1.0,339.9231674525935,339.9231674525935,20500,True,166,82500,0.0,0.0,3,LEFT,greedy,16458,25992,23048,17498,8447,74549,0.101775989204299,0,41498,2,2,339.9231674525935,169.96158372629674,2,2,,,3,LEFT,False,,
82996,dqn,385,,,2.0,2.0,0.05,0.003588075516745448,1.6067043542861938,2.4992854595184326,0.5978209972381592,1.6120965480804443,2.523273229598999,0.05916130542755127,0.24957871437072754,0.27483636140823364,10000,10000,1.0,339.9230738964494,339.9230738964494,20500,True,166,82500,0.0,0.0,0,NOOP,greedy,16458,25992,23048,17498,8447,74549,0.101775989204299,1,41498,2,2,339.9230738964494,169.9615369482247,2,2,,,0,NOOP,False,,
83138,dqn,386,3.0,227,0.0,0.0,0.05,,,,,,,,,,10000,10000,1.0,339.9405381120798,339.9405381120798,20535,False,167,83000,0.0,0.0,1,FIRE,greedy,16484,26024,23083,17547,8455,74683,0.1016983810050759,1,41569,2,2,339.9405381120798,169.9702690560399,2,2,,,1,FIRE,False,,
83395,dqn,386,,,4.0,4.0,0.05,0.008665313944220543,1.333164930343628,2.2231152057647705,0.4605371952056885,1.290935754776001,2.1230392456054688,0.06498713791370392,0.6794912219047546,0.5049745440483093,10000,10000,1.0,340.01330117543824,340.01330117543824,20600,True,167,83000,0.0,0.0,0,NOOP,greedy,16538,26092,23159,17607,8465,74931,0.10150366924073097,0,41698,2,2,340.01330117543824,170.00665058771912,2,2,,,0,NOOP,False,,
83396,dqn,386,,,1.0,1.0,0.05,0.008665313944220543,1.333164930343628,2.2231152057647705,0.4605371952056885,1.290935754776001,2.1230392456054688,0.06498713791370392,0.6794912219047546,0.5049745440483093,10000,10000,1.0,340.0132130089134,340.0132130089134,20600,True,167,83000,0.0,0.0,0,NOOP,greedy,16538,26092,23159,17607,8465,74931,0.10150366924073097,1,41698,2,2,340.0132130089134,170.0066065044567,2,2,,,0,NOOP,False,,
83477,dqn,387,5.0,324,0.0,0.0,0.05,,,,,,,,,,10000,10000,1.0,340.0166136716273,340.0166136716273,20620,False,167,83000,0.0,0.0,0,NOOP,greedy,16567,26098,23183,17630,8467,75011,0.1014279211289202,0,41739,2,2,340.0166136716273,170.00830683581364,2,2,,,0,NOOP,False,,
83795,dqn,387,,,3.0,3.0,0.05,0.0035019200295209885,1.4766665697097778,2.417888879776001,0.5346347093582153,1.517932653427124,2.3791615962982178,0.05717409402132034,0.2839137315750122,0.3327482342720032,10000,10000,1.0,340.09811010640357,340.09811010640357,20700,True,168,83500,0.0,0.0,3,LEFT,greedy,16652,26151,23285,17708,8485,75311,0.10125781660222445,0,41898,2,2,340.09811010640357,170.04905505320178,2,2,,,3,LEFT,False,,
83796,dqn,387,,,5.0,5.0,0.05,0.0035019200295209885,1.4766665697097778,2.417888879776001,0.5346347093582153,1.517932653427124,2.3791615962982178,0.05717409402132034,0.2839137315750122,0.3327482342720032,10000,10000,1.0,340.0980216266292,340.0980216266292,20700,True,168,83500,0.0,0.0,2,RIGHT,greedy,16652,26151,23285,17708,8485,75311,0.10125781660222445,1,41898,2,2,340.0980216266292,170.0490108133146,2,2,,,2,RIGHT,False,,
83928,dqn,388,7.0,395,0.0,0.0,0.05,,,,,,,,,,10000,10000,1.0,340.11153038714565,340.11153038714565,20733,True,168,83500,0.0,0.0,3,LEFT,greedy,16668,26166,23334,17760,8497,75431,0.10124154036793442,1,41964,2,2,340.11153038714565,170.05576519357282,2,2,,,3,LEFT,False,,
84195,dqn,388,,,10.0,7.0,0.05,0.005342552438378334,1.6174077987670898,2.4591426849365234,0.603237509727478,1.627425193786621,2.458341598510742,0.060975756496191025,0.448138952255249,0.4507605731487274,10000,10000,1.0,340.17290892475296,340.17290892475296,20800,True,169,84000,0.0,0.0,2,RIGHT,greedy,16701,26248,23413,17834,8507,75689,0.1010380540643261,0,42098,2,2,340.17290892475296,170.08645446237648,2,2,,,2,RIGHT,False,,
84196,dqn,388,,,1.0,1.0,0.05,0.005342552438378334,1.6174077987670898,2.4591426849365234,0.603237509727478,1.627425193786621,2.458341598510742,0.060975756496191025,0.448138952255249,0.4507605731487274,10000,10000,1.0,340.17282426273493,340.17282426273493,20800,True,169,84000,0.0,0.0,2,RIGHT,greedy,16701,26248,23413,17834,8507,75689,0.1010380540643261,1,42098,2,2,340.17282426273493,170.08641213136747,2,2,,,2,RIGHT,False,,
84274,dqn,389,1.0,173,0.0,0.0,0.05,,,,,,,,,,10000,10000,1.0,340.19574826376214,340.19574826376214,20819,False,169,84000,0.0,0.0,2,RIGHT,greedy,16705,26254,23459,17856,8512,75762,0.10100386833424306,1,42137,2,2,340.19574826376214,170.09787413188107,2,2,,,2,RIGHT,False,,
84331,dqn,390,11.0,427,0.0,0.0,0.05,,,,,,,,,,10000,10000,1.0,340.1989020653298,340.1989020653298,20834,True,169,84000,0.0,0.0,2,RIGHT,greedy,16705,26269,23483,17875,8516,75816,0.10098183370488072,0,42166,2,2,340.1989020653298,170.0994510326649,2,2,,,2,RIGHT,False,,
84595,dqn,390,,,1.0,1.0,0.05,0.0038429151754826307,1.4989169836044312,2.3628828525543213,0.9811649322509766,1.563049077987671,2.3691911697387695,0.06417745351791382,0.21559715270996094,0.5851964354515076,10000,10000,1.0,340.2694258108283,340.2694258108283,20900,True,170,84500,0.0,0.0,0,NOOP,greedy,16741,26381,23579,17895,8530,76066,0.10083219064731193,0,42298,2,2,340.2694258108283,170.13471290541415,2,2,,,0,NOOP,False,,
84596,dqn,390,,,2.0,2.0,0.05,0.0038429151754826307,1.4989169836044312,2.3628828525543213,0.9811649322509766,1.563049077987671,2.3691911697387695,0.06417745351791382,0.21559715270996094,0.5851964354515076,10000,10000,1.0,340.26919026431875,340.26919026431875,20900,True,170,84500,0.0,0.0,0,NOOP,greedy,16741,26381,23579,17895,8530,76066,0.10083219064731193,1,42298,2,2,340.26919026431875,170.13459513215938,2,2,,,0,NOOP,False,,
84823,dqn,391,3.0,246,0.0,0.0,0.05,,,,,,,,,,10000,10000,1.0,340.3127256498411,340.3127256498411,20957,True,170,84500,0.0,0.0,0,NOOP,greedy,16825,26398,23646,17955,8543,76281,0.10071442044704329,0,42412,2,2,340.3127256498411,170.15636282492056,2,2,,,0,NOOP,False,,
84995,dqn,391,,,1.0,1.0,0.05,0.0064158025197684765,1.5536707639694214,2.505769968032837,0.4942607879638672,1.568251609802246,2.4789233207702637,0.06183326616883278,0.5029146671295166,0.4257367253303528,10000,10000,1.0,340.35138863081943,340.35138863081943,21000,True,170,84500,0.0,0.0,2,RIGHT,greedy,16846,26461,23705,17984,8551,76445,0.10060473434043955,0,42498,2,2,340.35138863081943,170.17569431540971,2,2,,,2,RIGHT,False,,
84996,dqn,391,,,6.0,6.0,0.05,0.0064158025197684765,1.5536707639694214,2.505769968032837,0.4942607879638672,1.568251609802246,2.4789233207702637,0.06183326616883278,0.5029146671295166,0.4257367253303528,10000,10000,1.0,340.3513005889718,340.3513005889718,21000,True,170,84500,0.0,0.0,3,LEFT,greedy,16846,26461,23705,17984,8551,76445,0.10060473434043955,1,42498,2,2,340.3513005889718,170.1756502944859,2,2,,,3,LEFT,False,,
85030,dqn,392,6.0,378,0.0,0.0,0.05,,,,,,,,,,10000,10000,1.0,340.3571551476748,340.3571551476748,21008,False,171,85000,0.0,0.0,2,RIGHT,greedy,16854,26461,23721,17994,8551,76479,0.10056450664471363,1,42515,2,2,340.3571551476748,170.1785775738374,2,2,,,2,RIGHT,False,,
85221,dqn,393,2.0,199,0.0,0.0,0.05,,,,,,,,,,10000,10000,1.0,340.39649387776393,340.39649387776393,21056,False,171,85000,0.0,0.0,3,LEFT,greedy,16980,26477,23753,18012,8562,76660,0.1004670155593626,0,42611,2,2,340.39649387776393,170.19824693888197,2,2,,,3,LEFT,False,,
85395,dqn,393,,,0.0,0.0,0.05,0.0018235321622341871,1.465013861656189,2.5211801528930664,0.5585447549819946,1.4650671482086182,2.441746711730957,0.05044220760464668,0.13019180297851562,0.16588599979877472,10000,10000,1.0,340.3955093515747,340.3955093515747,21100,True,171,85000,0.0,0.0,0,NOOP,greedy,17030,26529,23796,18041,8570,76826,0.10035598857089326,0,42698,2,2,340.3955093515747,170.19775467578734,2,2,,,0,NOOP,False,,
85396,dqn,393,,,3.0,3.0,0.05,0.0018235321622341871,1.465013861656189,2.5211801528930664,0.5585447549819946,1.4650671482086182,2.441746711730957,0.05044220760464668,0.13019180297851562,0.16588599979877472,10000,10000,1.0,340.395424413108,340.395424413108,21100,True,171,85000,0.0,0.0,2,RIGHT,greedy,17030,26529,23796,18041,8570,76826,0.10035598857089326,1,42698,2,2,340.395424413108,170.197712206554,2,2,,,2,RIGHT,False,,
85621,dqn,394,2.0,200,0.0,0.0,0.05,,,,,,,,,,10000,10000,1.0,340.39869124574403,340.39869124574403,21156,False,172,85500,0.0,0.0,1,FIRE,greedy,17089,26545,23918,18070,8583,77039,0.10024292821938287,0,42811,2,2,340.39869124574403,170.19934562287202,2,2,,,1,FIRE,False,,
85795,dqn,394,,,2.0,2.0,0.05,0.008432414382696152,1.4701488018035889,2.0635743141174316,0.5192685127258301,1.427870512008667,2.128333330154419,0.08589904755353928,0.4576749801635742,0.7624104619026184,10000,10000,1.0,340.3797210803113,340.3797210803113,21200,True,172,85500,0.0,0.0,1,FIRE,greedy,17095,26585,24012,18104,8594,77202,0.10016783999254045,0,42898,2,2,340.3797210803113,170.18986054015565,2,2,,,1,FIRE,False,,
85796,dqn,394,,,6.0,6.0,0.05,0.008432414382696152,1.4701488018035889,2.0635743141174316,0.5192685127258301,1.427870512008667,2.128333330154419,0.08589904755353928,0.4576749801635742,0.7624104619026184,10000,10000,1.0,340.3796362756082,340.3796362756082,21200,True,172,85500,0.0,0.0,2,RIGHT,greedy,17095,26585,24012,18104,8594,77202,0.10016783999254045,1,42898,2,2,340.3796362756082,170.1898181378041,2,2,,,2,RIGHT,False,,
86195,dqn,394,,,4.0,4.0,0.05,0.0013888641260564327,1.4453511238098145,2.4254589080810547,0.6804901361465454,1.4793143272399902,2.3223841190338135,0.04304590821266174,0.11761856079101562,0.17765292525291443,10000,10000,1.0,340.3542714585245,340.3542714585245,21300,True,173,86000,0.0,0.0,0,NOOP,greedy,17143,26663,24166,18224,8624,77572,0.10005104645227157,0,43098,2,2,340.3542714585245,170.17713572926226,2,2,,,0,NOOP,False,,
86196,dqn,394,,,13.0,10.0,0.05,0.0013888641260564327,1.4453511238098145,2.4254589080810547,0.6804901361465454,1.4793143272399902,2.3223841190338135,0.04304590821266174,0.11761856079101562,0.17765292525291443,10000,10000,1.0,340.3541768463913,340.3541768463913,21300,True,173,86000,0.0,0.0,2,RIGHT,greedy,17143,26663,24166,18224,8624,77572,0.10005104645227157,1,43098,2,2,340.3541768463913,170.17708842319564,2,2,,,2,RIGHT,False,,
86212,dqn,395,13.0,591,0.0,0.0,0.05,,,,,,,,,,10000,10000,1.0,340.3429092270811,340.3429092270811,21304,True,173,86000,0.0,0.0,2,RIGHT,greedy,17147,26664,24172,18229,8625,77587,0.10004407739061848,1,43106,2,2,340.3429092270811,170.17145461354056,2,2,,,2,RIGHT,False,,
86305,dqn,396,5.0,342,0.0,0.0,0.05,,,,,,,,,,10000,10000,1.0,340.3601816645969,340.3601816645969,21327,False,173,86000,0.0,0.0,2,RIGHT,greedy,17155,26674,24226,18251,8631,77675,0.10000463467198109,0,43153,2,2,340.3601816645969,170.18009083229845,2,2,,,2,RIGHT,False,,
86595,dqn,396,,,1.0,1.0,0.05,0.0014379285275936127,1.3790175914764404,2.323406934738159,0.5179021954536438,1.3694655895233154,2.3150181770324707,0.04177369922399521,0.1659998893737793,0.2623310387134552,10000,10000,1.0,340.3691381836215,340.3691381836215,21400,True,174,86500,0.0,0.0,2,RIGHT,greedy,17261,26784,24264,18287,8647,77949,0.09985449674349854,0,43298,2,2,340.3691381836215,170.18456909181074,2,2,,,2,RIGHT,False,,
86596,dqn,396,,,3.0,3.0,0.05,0.0014379285275936127,1.3790175914764404,2.323406934738159,0.5179021954536438,1.3694655895233154,2.3150181770324707,0.04177369922399521,0.1659998893737793,0.2623310387134552,10000,10000,1.0,340.36898219220285,340.36898219220285,21400,True,174,86500,0.0,0.0,0,NOOP,greedy,17261,26784,24264,18287,8647,77949,0.09985449674349854,1,43298,2,2,340.36898219220285,170.18449109610143,2,2,,,0,NOOP,False,,
86605,dqn,397,1.0,150,0.0,0.0,0.05,,,,,,,,,,10000,10000,1.0,340.36227423844014,340.36227423844014,21402,False,174,86500,0.0,0.0,0,NOOP,greedy,17265,26785,24267,18289,8648,77958,0.09985451354409625,0,43303,2,2,340.36227423844014,170.18113711922007,2,2,,,0,NOOP,False,,
86995,dqn,397,,,3.0,3.0,0.05,0.0021814960055053234,1.4373067617416382,2.280810594558716,0.49346309900283813,1.4291925430297852,2.261915445327759,0.04002926126122475,0.1990199089050293,0.25209054350852966,10000,10000,1.0,340.32247969397235,340.32247969397235,21500,True,174,86500,0.0,0.0,2,RIGHT,greedy,17333,26891,24401,18371,8666,78330,0.09961377534599292,0,43498,2,2,340.32247969397235,170.16123984698618,2,2,,,2,RIGHT,False,,
86996,dqn,397,,,7.0,7.0,0.05,0.0021814960055053234,1.4373067617416382,2.280810594558716,0.49346309900283813,1.4291925430297852,2.261915445327759,0.04002926126122475,0.1990199089050293,0.25209054350852966,10000,10000,1.0,340.3223992823575,340.3223992823575,21500,True,174,86500,0.0,0.0,2,RIGHT,greedy,17333,26891,24401,18371,8666,78330,0.09961377534599292,1,43498,2,2,340.3223992823575,170.16119964117874,2,2,,,2,RIGHT,False,,
87118,dqn,398,8.0,453,0.0,0.0,0.05,,,,,,,,,,10000,10000,1.0,340.3327315819147,340.3327315819147,21530,False,175,87000,0.0,0.0,1,FIRE,greedy,17368,26904,24447,18399,8679,78439,0.09962349916205607,1,43559,2,2,340.3327315819147,170.16636579095734,2,2,,,1,FIRE,False,,
87213,dqn,399,5.0,304,0.0,0.0,0.05,,,,,,,,,,10000,10000,1.0,340.3141745232487,340.3141745232487,21554,False,175,87000,0.0,0.0,1,FIRE,greedy,17420,26916,24462,18416,8683,78531,0.0995597037172931,0,43607,2,2,340.3141745232487,170.15708726162435,2,2,,,1,FIRE,False,,
87395,dqn,399,,,1.0,1.0,0.05,0.00424481276422739,1.4821157455444336,2.373443126678467,0.6173439621925354,1.4855144023895264,2.3331289291381836,0.06144721060991287,0.2931702136993408,0.32068005204200745,10000,10000,1.0,340.2411750805515,340.2411750805515,21600,True,175,87000,0.0,0.0,2,RIGHT,greedy,17445,26991,24529,18431,8698,78698,0.09952400567531695,0,43698,2,2,340.2411750805515,170.12058754027575,2,2,,,2,RIGHT,False,,
87396,dqn,399,,,3.0,3.0,0.05,0.00424481276422739,1.4821157455444336,2.373443126678467,0.6173439621925354,1.4855144023895264,2.3331289291381836,0.06144721060991287,0.2931702136993408,0.32068005204200745,10000,10000,1.0,340.2410863328404,340.2410863328404,21600,True,175,87000,0.0,0.0,2,RIGHT,greedy,17445,26991,24529,18431,8698,78698,0.09952400567531695,1,43698,2,2,340.2410863328404,170.1205431664202,2,2,,,2,RIGHT,False,,
87667,dqn,400,3.0,227,0.0,0.0,0.05,,,,,,,,,,10000,10000,1.0,340.16141515870754,340.16141515870754,21668,True,176,87500,0.0,0.0,3,LEFT,greedy,17474,27050,24608,18536,8715,78953,0.09940913446183328,0,43834,2,2,340.16141515870754,170.08070757935377,2,2,,,3,LEFT,False,,
87795,dqn,400,,,0.0,0.0,0.05,0.003050558501854539,1.3913145065307617,2.314957618713379,0.5273220539093018,1.3971807956695557,2.196333169937134,0.05421771854162216,0.24121159315109253,0.2426181584596634,10000,10000,1.0,340.11670855605036,340.11670855605036,21700,True,176,87500,0.0,0.0,3,LEFT,greedy,17490,27138,24618,18550,8724,79072,0.09936671374550093,0,43898,2,2,340.11670855605036,170.05835427802518,2,2,,,3,LEFT,False,,
87796,dqn,400,,,6.0,6.0,0.05,0.003050558501854539,1.3913145065307617,2.314957618713379,0.5273220539093018,1.3971807956695557,2.196333169937134,0.05421771854162216,0.24121159315109253,0.2426181584596634,10000,10000,1.0,340.1166125035996,340.1166125035996,21700,True,176,87500,0.0,0.0,1,FIRE,greedy,17490,27138,24618,18550,8724,79072,0.09936671374550093,1,43898,2,2,340.1166125035996,170.0583062517998,2,2,,,1,FIRE,False,,
87890,dqn,401,7.0,386,0.0,0.0,0.05,,,,,,,,,,10000,10000,1.0,340.0778186192933,340.0778186192933,21723,False,176,87500,0.0,0.0,3,LEFT,greedy,17504,27149,24670,18567,8729,79161,0.09931732847878029,1,43945,2,2,340.0778186192933,170.03890930964664,2,2,,,3,LEFT,False,,
88155,dqn,402,3.0,244,0.0,0.0,0.05,,,,,,,,,,10000,10000,1.0,339.9882065251559,339.9882065251559,21790,True,177,88000,0.0,0.0,3,LEFT,greedy,17561,27198,24762,18635,8740,79416,0.09914242932982441,0,44078,2,2,339.9882065251559,169.99410326257794,2,2,,,3,LEFT,False,,
88195,dqn,402,,,0.0,0.0,0.05,0.008792461827397346,1.4632307291030884,2.2640738487243652,0.5447514057159424,1.5069928169250488,2.4383046627044678,0.08163685351610184,0.5604778528213501,0.40149208903312683,10000,10000,1.0,339.9741440095096,339.9741440095096,21800,True,177,88000,0.0,0.0,1,FIRE,greedy,17564,27224,24768,18640,8742,79454,0.09912014150301601,0,44098,2,2,339.9741440095096,169.9870720047548,2,2,,,1,FIRE,False,,
88196,dqn,402,,,3.0,3.0,0.05,0.008792461827397346,1.4632307291030884,2.2640738487243652,0.5447514057159424,1.5069928169250488,2.4383046627044678,0.08163685351610184,0.5604778528213501,0.40149208903312683,10000,10000,1.0,339.97403982365944,339.97403982365944,21800,True,177,88000,0.0,0.0,3,LEFT,greedy,17564,27224,24768,18640,8742,79454,0.09912014150301601,1,44098,2,2,339.97403982365944,169.98701991182972,2,2,,,3,LEFT,False,,
88586,dqn,403,6.0,348,0.0,0.0,0.05,,,,,,,,,,10000,10000,1.0,339.84114692475487,339.84114692475487,21897,False,178,88500,0.0,0.0,0,NOOP,greedy,17640,27290,24905,18751,8759,79827,0.09887566884157768,1,44293,2,2,339.84114692475487,169.92057346237743,2,2,,,0,NOOP,False,,
88595,dqn,403,,,3.0,3.0,0.05,0.003635985078290105,1.452073097229004,2.269596576690674,0.5723465085029602,1.4898383617401123,2.3863918781280518,0.06218551844358444,0.22527360916137695,0.3777786195278168,10000,10000,1.0,339.8299932220907,339.8299932220907,21900,True,178,88500,0.0,0.0,3,LEFT,greedy,17641,27293,24907,18755,8759,79837,0.098864508555691,0,44298,2,2,339.8299932220907,169.91499661104535,2,2,,,3,LEFT,False,,
88596,dqn,403,,,0.0,0.0,0.05,0.003635985078290105,1.452073097229004,2.269596576690674,0.5723465085029602,1.4898383617401123,2.3863918781280518,0.06218551844358444,0.22527360916137695,0.3777786195278168,10000,10000,1.0,339.82981855406626,339.82981855406626,21900,True,178,88500,0.0,0.0,1,FIRE,greedy,17641,27293,24907,18755,8759,79837,0.098864508555691,1,44298,2,2,339.82981855406626,169.91490927703313,2,2,,,1,FIRE,False,,
88803,dqn,404,5.0,324,0.0,0.0,0.05,,,,,,,,,,10000,10000,1.0,339.8620632594249,339.8620632594249,21952,True,178,88500,0.0,0.0,2,RIGHT,greedy,17694,27350,24969,18791,8769,80035,0.09874555200216206,0,44402,2,2,339.8620632594249,169.93103162971244,2,2,,,2,RIGHT,False,,
88995,dqn,404,,,2.0,2.0,0.05,0.0025192329194396734,1.3724488019943237,2.4603686332702637,0.536812424659729,1.369136095046997,2.3954198360443115,0.04927283897995949,0.2247558832168579,0.3861154615879059,10000,10000,1.0,339.88510282555643,339.88510282555643,22000,True,178,88500,0.0,0.0,3,LEFT,greedy,17703,27389,25059,18845,8781,80215,0.09866735583621736,0,44498,2,2,339.88510282555643,169.94255141277822,2,2,,,3,LEFT,False,,
88996,dqn,404,,,3.0,3.0,0.05,0.0025192329194396734,1.3724488019943237,2.4603686332702637,0.536812424659729,1.369136095046997,2.3954198360443115,0.04927283897995949,0.2247558832168579,0.3861154615879059,10000,10000,1.0,339.8850227356025,339.8850227356025,22000,True,178,88500,0.0,0.0,3,LEFT,greedy,17703,27389,25059,18845,8781,80215,0.09866735583621736,1,44498,2,2,339.8850227356025,169.94251136780125,2,2,,,3,LEFT,False,,
89274,dqn,405,5.0,344,0.0,0.0,0.05,,,,,,,,,,10000,10000,1.0,339.8897456357867,339.8897456357867,22069,False,179,89000,0.0,0.0,3,LEFT,greedy,17736,27414,25143,18981,8792,80482,0.09848332101171674,1,44637,2,2,339.8897456357867,169.94487281789335,2,2,,,3,LEFT,False,,
89357,dqn,406,4.0,277,0.0,0.0,0.05,,,,,,,,,,10000,10000,1.0,339.8923580400303,339.8923580400303,22090,False,179,89000,0.0,0.0,0,NOOP,greedy,17757,27439,25160,19002,8797,80561,0.09844669755366056,0,44679,2,2,339.8923580400303,169.94617902001514,2,2,,,0,NOOP,False,,
89395,dqn,406,,,0.0,0.0,0.05,0.0009114863350987434,1.3035635948181152,2.3176820278167725,0.3908398449420929,1.3184874057769775,2.263258695602417,0.032841138541698456,0.1046907901763916,0.07447656989097595,10000,10000,1.0,339.88772144704876,339.88772144704876,22100,True,179,89000,0.0,0.0,3,LEFT,greedy,17761,27450,25170,19015,8799,80597,0.09842722269452772,0,44698,2,2,339.88772144704876,169.94386072352438,2,2,,,3,LEFT,False,,
89396,dqn,406,,,1.0,1.0,0.05,0.0009114863350987434,1.3035635948181152,2.3176820278167725,0.3908398449420929,1.3184874057769775,2.263258695602417,0.032841138541698456,0.1046907901763916,0.07447656989097595,10000,10000,1.0,339.88764429848175,339.88764429848175,22100,True,179,89000,0.0,0.0,2,RIGHT,greedy,17761,27450,25170,19015,8799,80597,0.09842722269452772,1,44698,2,2,339.88764429848175,169.94382214924087,2,2,,,2,RIGHT,False,,
89788,dqn,407,4.0,257,0.0,0.0,0.05,,,,,,,,,,10000,10000,1.0,339.8883088434782,339.8883088434782,22198,True,180,89500,0.0,0.0,3,LEFT,greedy,17849,27553,25244,19142,8817,80971,0.0981979774580122,1,44894,2,2,339.8883088434782,169.9441544217391,2,2,,,3,LEFT,False,,
89795,dqn,407,,,3.0,3.0,0.05,0.0009087781072594225,1.48521089553833,2.4774301052093506,0.5854566097259521,1.5090820789337158,2.5448215007781982,0.034515947103500366,0.08996248245239258,0.1836271435022354,10000,10000,1.0,339.8831855526999,339.8831855526999,22200,True,180,89500,0.0,0.0,0,NOOP,greedy,17855,27555,25244,19142,8817,80979,0.0981892289188828,0,44898,2,2,339.8831855526999,169.94159277634995,2,2,,,0,NOOP,False,,
89796,dqn,407,,,0.0,0.0,0.05,0.0009087781072594225,1.48521089553833,2.4774301052093506,0.5854566097259521,1.5090820789337158,2.5448215007781982,0.034515947103500366,0.08996248245239258,0.1836271435022354,10000,10000,1.0,339.88310720605955,339.88310720605955,22200,True,180,89500,0.0,0.0,0,NOOP,greedy,17855,27555,25244,19142,8817,80979,0.0981892289188828,1,44898,2,2,339.88310720605955,169.94155360302977,2,2,,,0,NOOP,False,,
89915,dqn,408,4.0,279,0.0,0.0,0.05,,,,,,,,,,10000,10000,1.0,339.8804804823786,339.8804804823786,22230,True,180,89500,0.0,0.0,3,LEFT,greedy,17896,27592,25255,19173,8824,81092,0.09813603807998576,0,44958,2,2,339.8804804823786,169.9402402411893,2,2,,,3,LEFT,False,,
90195,dqn,408,,,2.0,2.0,0.05,0.011148250661790371,1.6618106365203857,2.498974084854126,0.6342173218727112,1.6164299249649048,2.4944820404052734,0.09358084201812744,0.6370943188667297,0.5910057425498962,10000,10000,1.0,339.8764721681706,339.8764721681706,22300,True,181,90000,0.0,0.0,1,FIRE,greedy,17914,27733,25310,19239,8844,81352,0.09805312874185108,0,45098,2,2,339.8764721681706,169.9382360840853,2,2,,,1,FIRE,False,,
90196,dqn,408,,,3.0,3.0,0.05,0.011148250661790371,1.6618106365203857,2.498974084854126,0.6342173218727112,1.6164299249649048,2.4944820404052734,0.09358084201812744,0.6370943188667297,0.5910057425498962,10000,10000,1.0,339.8763850793172,339.8763850793172,22300,True,181,90000,0.0,0.0,0,NOOP,random,17914,27733,25310,19239,8844,81352,0.09805312874185108,1,45098,2,2,339.8763850793172,169.9381925396586,2,2,,,0,NOOP,False,,
90336,dqn,409,4.0,274,0.0,0.0,0.05,,,,,,,,,,10000,10000,1.0,339.87796850388565,339.87796850388565,22335,True,181,90000,0.0,0.0,3,LEFT,greedy,17939,27753,25364,19280,8854,81482,0.0980118668083599,1,45168,2,2,339.87796850388565,169.93898425194283,2,2,,,3,LEFT,False,,
90535,dqn,410,5.0,310,0.0,0.0,0.05,,,,,,,,,,10000,10000,1.0,339.8474929872171,339.8474929872171,22385,True,182,90500,0.0,0.0,0,NOOP,greedy,17968,27799,25466,19303,8861,81675,0.09787266943536273,0,45268,2,2,339.8474929872171,169.92374649360855,2,2,,,0,NOOP,False,,
90595,dqn,410,,,0.0,0.0,0.05,0.0019036978483200073,1.5487295389175415,2.5131983757019043,0.6339994668960571,1.5897375345230103,2.446272134780884,0.04721212387084961,0.1478581428527832,0.3357914090156555,10000,10000,1.0,339.83145533903144,339.83145533903144,22400,True,182,90500,0.0,0.0,2,RIGHT,greedy,17975,27840,25471,19310,8866,81730,0.0978630403108305,0,45298,2,2,339.83145533903144,169.91572766951572,2,2,,,2,RIGHT,False,,
90596,dqn,410,,,2.0,2.0,0.05,0.0019036978483200073,1.5487295389175415,2.5131983757019043,0.6339994668960571,1.5897375345230103,2.446272134780884,0.04721212387084961,0.1478581428527832,0.3357914090156555,10000,10000,1.0,339.83130071424233,339.83130071424233,22400,True,182,90500,0.0,0.0,2,RIGHT,greedy,17975,27840,25471,19310,8866,81730,0.0978630403108305,1,45298,2,2,339.83130071424233,169.91565035712117,2,2,,,2,RIGHT,False,,
90988,dqn,411,5.0,326,0.0,0.0,0.05,,,,,,,,,,10000,10000,1.0,339.793348834972,339.793348834972,22498,True,182,90500,0.0,0.0,0,NOOP,greedy,18023,27898,25666,19401,8884,82104,0.09763924913175363,1,45494,2,2,339.793348834972,169.896674417486,2,2,,,0,NOOP,False,,
90995,dqn,411,,,4.0,4.0,0.05,0.0027078031562268734,1.4431941509246826,2.26973032951355,0.49722781777381897,1.4933056831359863,2.3952126502990723,0.058476559817790985,0.16770601272583008,0.36526209115982056,10000,10000,1.0,339.7856092309848,339.7856092309848,22500,True,182,90500,0.0,0.0,0,NOOP,greedy,18027,27902,25666,19401,8884,82112,0.09763066508417953,0,45498,2,2,339.7856092309848,169.8928046154924,2,2,,,0,NOOP,False,,
90996,dqn,411,,,0.0,0.0,0.05,0.0027078031562268734,1.4431941509246826,2.26973032951355,0.49722781777381897,1.4933056831359863,2.3952126502990723,0.058476559817790985,0.16770601272583008,0.36526209115982056,10000,10000,1.0,339.78553183518574,339.78553183518574,22500,True,182,90500,0.0,0.0,0,NOOP,greedy,18027,27902,25666,19401,8884,82112,0.09763066508417953,1,45498,2,2,339.78553183518574,169.89276591759287,2,2,,,0,NOOP,False,,
91087,dqn,412,4.0,276,0.0,0.0,0.05,,,,,,,,,,10000,10000,1.0,339.77869763721225,339.77869763721225,22523,True,183,91000,0.0,0.0,0,NOOP,greedy,18067,27933,25676,19412,8887,82201,0.09756499209555594,0,45544,2,2,339.77869763721225,169.88934881860612,2,2,,,0,NOOP,False,,
91395,dqn,412,,,2.0,2.0,0.05,0.006426668725907803,1.6173970699310303,2.562199831008911,0.5701897740364075,1.637256145477295,2.642009735107422,0.06919358670711517,0.4283299446105957,0.37781161069869995,10000,10000,1.0,339.751368754361,339.751368754361,22600,True,183,91000,0.0,0.0,3,LEFT,greedy,18114,28015,25785,19482,8903,82493,0.09741126526325003,0,45698,2,2,339.751368754361,169.8756843771805,2,2,,,3,LEFT,False,,
91396,dqn,412,,,3.0,3.0,0.05,0.006426668725907803,1.6173970699310303,2.562199831008911,0.5701897740364075,1.637256145477295,2.642009735107422,0.06919358670711517,0.4283299446105957,0.37781161069869995,10000,10000,1.0,339.75129221801274,339.75129221801274,22600,True,183,91000,0.0,0.0,2,RIGHT,greedy,18114,28015,25785,19482,8903,82493,0.09741126526325003,1,45698,2,2,339.75129221801274,169.87564610900637,2,2,,,2,RIGHT,False,,
91482,dqn,413,3.0,247,0.0,0.0,0.05,,,,,,,,,,10000,10000,1.0,339.75285323022064,339.75285323022064,22621,False,183,91000,0.0,0.0,3,LEFT,greedy,18121,28020,25830,19511,8909,82573,0.0973852779781815,1,45741,2,2,339.75285323022064,169.87642661511032,2,2,,,3,LEFT,False,,
91795,dqn,413,,,6.0,6.0,0.05,0.002990562003105879,1.5178593397140503,2.362077236175537,0.5325076580047607,1.5496809482574463,2.3313379287719727,0.055447012186050415,0.2726569175720215,0.2855348289012909,10000,10000,1.0,339.7608901459285,339.7608901459285,22700,True,184,91500,0.0,0.0,0,NOOP,greedy,18267,28056,25925,19548,8924,82872,0.09721556494836377,0,45898,2,2,339.7608901459285,169.88044507296425,2,2,,,0,NOOP,False,,
91796,dqn,413,,,2.0,2.0,0.05,0.002990562003105879,1.5178593397140503,2.362077236175537,0.5325076580047607,1.5496809482574463,2.3313379287719727,0.055447012186050415,0.2726569175720215,0.2855348289012909,10000,10000,1.0,339.76081318428373,339.76081318428373,22700,True,184,91500,0.0,0.0,0,NOOP,greedy,18267,28056,25925,19548,8924,82872,0.09721556494836377,1,45898,2,2,339.76081318428373,169.88040659214187,2,2,,,0,NOOP,False,,
92001,dqn,414,8.0,457,0.0,0.0,0.05,,,,,,,,,,10000,10000,1.0,339.7950128175991,339.7950128175991,22751,False,185,92000,0.0,0.0,2,RIGHT,greedy,18303,28073,26012,19614,8935,83067,0.097117453968392,0,46001,2,2,339.7950128175991,169.89750640879956,2,2,,,2,RIGHT,False,,
92144,dqn,415,6.0,331,0.0,0.0,0.05,,,,,,,,,,10000,10000,1.0,339.8135522798756,339.8135522798756,22787,True,185,92000,0.0,0.0,2,RIGHT,greedy,18325,28090,26059,19670,8942,83202,0.097043757596805,1,46072,2,2,339.8135522798756,169.9067761399378,2,2,,,2,RIGHT,False,,
92195,dqn,415,,,1.0,1.0,0.05,0.007120399735867977,1.5428435802459717,2.3740756511688232,0.4397779703140259,1.5497410297393799,2.424069881439209,0.07586070895195007,0.39289772510528564,0.2851814925670624,10000,10000,1.0,339.82634027744024,339.82634027744024,22800,True,185,92000,0.0,0.0,0,NOOP,greedy,18362,28094,26068,19672,8942,83254,0.09698902338496247,0,46098,2,2,339.82634027744024,169.91317013872012,2,2,,,0,NOOP,False,,
92196,dqn,415,,,0.0,0.0,0.05,0.007120399735867977,1.5428435802459717,2.3740756511688232,0.4397779703140259,1.5497410297393799,2.424069881439209,0.07586070895195007,0.39289772510528564,0.2851814925670624,10000,10000,1.0,339.8262604885814,339.8262604885814,22800,True,185,92000,0.0,0.0,0,NOOP,greedy,18362,28094,26068,19672,8942,83254,0.09698902338496247,1,46098,2,2,339.8262604885814,169.9131302442907,2,2,,,0,NOOP,False,,
92533,dqn,416,3.0,266,0.0,0.0,0.05,,,,,,,,,,10000,10000,1.0,339.8460494605648,339.8460494605648,22884,False,186,92500,0.0,0.0,3,LEFT,greedy,18547,28155,26125,19707,8959,83575,0.09681846672574405,0,46267,2,2,339.8460494605648,169.9230247302824,2,2,,,3,LEFT,False,,
92595,dqn,416,,,0.0,0.0,0.05,0.0022371099330484867,1.4856873750686646,2.2706823348999023,0.42980220913887024,1.4946876764297485,2.2839906215667725,0.05260222777724266,0.1454065442085266,0.17608217895030975,10000,10000,1.0,339.8522153031125,339.8522153031125,22900,True,186,92500,0.0,0.0,1,FIRE,greedy,18549,28171,26148,19728,8962,83634,0.09678603827379152,0,46298,2,2,339.8522153031125,169.92610765155624,2,2,,,1,FIRE,False,,
92596,dqn,416,,,3.0,3.0,0.05,0.0022371099330484867,1.4856873750686646,2.2706823348999023,0.42980220913887024,1.4946876764297485,2.2839906215667725,0.05260222777724266,0.1454065442085266,0.17608217895030975,10000,10000,1.0,339.85205726417087,339.85205726417087,22900,True,186,92500,0.0,0.0,2,RIGHT,greedy,18549,28171,26148,19728,8962,83634,0.09678603827379152,1,46298,2,2,339.85205726417087,169.92602863208543,2,2,,,2,RIGHT,False,,
92802,dqn,417,6.0,329,0.0,0.0,0.05,,,,,,,,,,10000,10000,1.0,339.90023341023084,339.90023341023084,22951,False,186,92500,0.0,0.0,3,LEFT,greedy,18585,28202,26233,19782,8973,83829,0.09668972651451477,1,46401,2,2,339.90023341023084,169.95011670511542,2,2,,,3,LEFT,False,,
92995,dqn,417,,,4.0,4.0,0.05,0.0018349136225879192,1.4363207817077637,2.1392011642456055,0.4805774390697479,1.465104103088379,2.141134738922119,0.046172820031642914,0.1644117832183838,0.12606148421764374,10000,10000,1.0,339.93487536304065,339.93487536304065,23000,True,186,92500,0.0,0.0,0,NOOP,greedy,18607,28250,26311,19828,8982,84014,0.09658479934620844,0,46498,2,2,339.93487536304065,169.96743768152032,2,2,,,0,NOOP,False,,
92996,dqn,417,,,2.0,2.0,0.05,0.0018349136225879192,1.4363207817077637,2.1392011642456055,0.4805774390697479,1.465104103088379,2.141134738922119,0.046172820031642914,0.1644117832183838,0.12606148421764374,10000,10000,1.0,339.93479981370655,339.93479981370655,23000,True,186,92500,0.0,0.0,2,RIGHT,greedy,18607,28250,26311,19828,8982,84014,0.09658479934620844,1,46498,2,2,339.93479981370655,169.96739990685327,2,2,,,2,RIGHT,False,,
93271,dqn,418,7.0,369,0.0,0.0,0.05,,,,,,,,,,10000,10000,1.0,339.9837133470698,339.9837133470698,23069,True,187,93000,0.0,0.0,2,RIGHT,greedy,18651,28287,26416,19918,9002,84270,0.09651342310661291,0,46636,2,2,339.9837133470698,169.9918566735349,2,2,,,2,RIGHT,False,,
93395,dqn,418,,,1.0,1.0,0.05,0.020411968231201172,1.5198054313659668,2.6157009601593018,0.4170610010623932,1.482435703277588,2.4988040924072266,0.1049744188785553,0.8461140990257263,0.7997300028800964,10000,10000,1.0,340.000102790813,340.000102790813,23100,True,187,93000,0.0,0.0,2,RIGHT,greedy,18657,28345,26458,19936,9008,84388,0.09644952674632747,0,46698,2,2,340.000102790813,170.0000513954065,2,2,,,2,RIGHT,False,,
93396,dqn,418,,,5.0,5.0,0.05,0.020411968231201172,1.5198054313659668,2.6157009601593018,0.4170610010623932,1.482435703277588,2.4988040924072266,0.1049744188785553,0.8461140990257263,0.7997300028800964,10000,10000,1.0,340.0000274122537,340.0000274122537,23100,True,187,93000,0.0,0.0,3,LEFT,greedy,18657,28345,26458,19936,9008,84388,0.09644952674632747,1,46698,2,2,340.0000274122537,170.00001370612685,2,2,,,3,LEFT,False,,
93450,dqn,419,5.0,324,0.0,0.0,0.05,,,,,,,,,,10000,10000,1.0,339.99685535828684,339.99685535828684,23113,False,187,93000,0.0,0.0,0,NOOP,greedy,18662,28357,26491,19940,9010,84440,0.09641519529159978,1,46725,2,2,339.99685535828684,169.99842767914342,2,2,,,0,NOOP,False,,
93795,dqn,419,,,4.0,4.0,0.05,0.0012112848926335573,1.5485141277313232,2.4824509620666504,0.669220507144928,1.5580735206604004,2.506399393081665,0.03843352943658829,0.1075887680053711,0.12946583330631256,10000,10000,1.0,340.06340403795843,340.06340403795843,23200,True,188,93500,0.0,0.0,3,LEFT,greedy,18777,28460,26547,20012,9022,84774,0.0961874706810525,0,46898,2,2,340.06340403795843,170.03170201897922,2,2,,,3,LEFT,False,,
93796,dqn,419,,,3.0,3.0,0.05,0.0012112848926335573,1.5485141277313232,2.4824509620666504,0.669220507144928,1.5580735206604004,2.506399393081665,0.03843352943658829,0.1075887680053711,0.12946583330631256,10000,10000,1.0,340.0633282131473,340.0633282131473,23200,True,188,93500,0.0,0.0,3,LEFT,greedy,18777,28460,26547,20012,9022,84774,0.0961874706810525,1,46898,2,2,340.0633282131473,170.03166410657366,2,2,,,3,LEFT,False,,
93959,dqn,420,9.0,344,0.0,0.0,0.05,,,,,,,,,,10000,10000,1.0,340.09609803259514,340.09609803259514,23241,True,188,93500,0.0,0.0,1,FIRE,greedy,18815,28501,26595,20049,9028,84932,0.09608343976160068,0,46980,2,2,340.09609803259514,170.04804901629757,2,2,,,1,FIRE,False,,
94195,dqn,420,,,2.0,2.0,0.05,0.004373420029878616,1.391394853591919,2.5642850399017334,0.5113365650177002,1.4365158081054688,2.398371934890747,0.06272953748703003,0.3249656558036804,0.42767196893692017,10000,10000,1.0,340.1274572868993,340.1274572868993,23300,True,189,94000,0.0,0.0,0,NOOP,greedy,18858,28588,26661,20089,9038,85158,0.09594887256359082,0,47098,2,2,340.1274572868993,170.06372864344965,2,2,,,0,NOOP,False,,
94196,dqn,420,,,6.0,6.0,0.05,0.004373420029878616,1.391394853591919,2.5642850399017334,0.5113365650177002,1.4365158081054688,2.398371934890747,0.06272953748703003,0.3249656558036804,0.42767196893692017,10000,10000,1.0,340.12737573808755,340.12737573808755,23300,True,189,94000,0.0,0.0,0,NOOP,random,18858,28588,26661,20089,9038,85158,0.09594887256359082,1,47098,2,2,340.12737573808755,170.06368786904378,2,2,,,0,NOOP,False,,
94198,dqn,421,6.0,374,0.0,0.0,0.05,,,,,,,,,,10000,10000,1.0,340.12292023132625,340.12292023132625,23300,False,189,94000,0.0,0.0,2,RIGHT,greedy,18859,28588,26662,20089,9038,85160,0.0959468353892864,1,47099,2,2,340.12292023132625,170.06146011566312,2,2,,,2,RIGHT,False,,
94595,dqn,421,,,6.0,6.0,0.05,0.0036338164936751127,1.6580517292022705,2.543266773223877,0.7441505193710327,1.6850147247314453,2.443640947341919,0.06462481617927551,0.2005007266998291,0.23417675495147705,10000,10000,1.0,340.1252671407339,340.1252671407339,23400,True,190,94500,0.0,0.0,3,LEFT,greedy,18955,28687,26765,20189,9063,85533,0.09580743371812761,0,47298,2,2,340.1252671407339,170.06263357036696,2,2,,,3,LEFT,False,,
94596,dqn,421,,,4.0,4.0,0.05,0.0036338164936751127,1.6580517292022705,2.543266773223877,0.7441505193710327,1.6850147247314453,2.443640947341919,0.06462481617927551,0.2005007266998291,0.23417675495147705,10000,10000,1.0,340.12505569455914,340.12505569455914,23400,True,190,94500,0.0,0.0,3,LEFT,greedy,18955,28687,26765,20189,9063,85533,0.09580743371812761,1,47298,2,2,340.12505569455914,170.06252784727957,2,2,,,3,LEFT,False,,
94631,dqn,422,6.0,336,0.0,0.0,0.05,,,,,,,,,,10000,10000,1.0,340.12324072648977,340.12324072648977,23409,True,190,94500,0.0,0.0,3,LEFT,greedy,18955,28694,26779,20204,9064,85568,0.09578155380843689,0,47316,2,2,340.12324072648977,170.06162036324488,2,2,,,3,LEFT,False,,
94810,dqn,423,5.0,306,0.0,0.0,0.05,,,,,,,,,,10000,10000,1.0,340.1169567688682,340.1169567688682,23453,False,190,94500,0.0,0.0,2,RIGHT,greedy,18963,28756,26824,20267,9070,85740,0.09566501423900432,1,47405,2,2,340.1169567688682,170.0584783844341,2,2,,,2,RIGHT,False,,
94995,dqn,423,,,3.0,3.0,0.05,0.004253209102898836,1.6690021753311157,2.493612289428711,0.5399181246757507,1.6934762001037598,2.658050060272217,0.06552014499902725,0.27517151832580566,0.2604866921901703,10000,10000,1.0,340.09389220641964,340.09389220641964,23500,True,190,94500,0.0,0.0,2,RIGHT,greedy,18976,28856,26841,20323,9080,85916,0.09558297191460693,0,47498,2,2,340.09389220641964,170.04694610320982,2,2,,,2,RIGHT,False,,
94996,dqn,423,,,1.0,1.0,0.05,0.004253209102898836,1.6690021753311157,2.493612289428711,0.5399181246757507,1.6934762001037598,2.658050060272217,0.06552014499902725,0.27517151832580566,0.2604866921901703,10000,10000,1.0,340.09381038597934,340.09381038597934,23500,True,190,94500,0.0,0.0,3,LEFT,greedy,18976,28856,26841,20323,9080,85916,0.09558297191460693,1,47498,2,2,340.09381038597934,170.04690519298967,2,2,,,3,LEFT,False,,
95341,dqn,424,6.0,355,0.0,0.0,0.05,,,,,,,,,,10000,10000,1.0,340.0724908626149,340.0724908626149,23586,False,191,95000,0.0,0.0,2,RIGHT,greedy,19010,28901,26924,20507,9094,86248,0.0953829372154979,0,47671,2,2,340.0724908626149,170.03624543130746,2,2,,,2,RIGHT,False,,
95395,dqn,424,,,0.0,0.0,0.05,0.004884127993136644,1.5902389287948608,2.3759639263153076,0.42462795972824097,1.623629093170166,2.4355599880218506,0.05553961545228958,0.36395061016082764,0.24709269404411316,10000,10000,1.0,340.0606615449273,340.0606615449273,23600,True,191,95000,0.0,0.0,1,FIRE,greedy,19014,28921,26939,20522,9095,86301,0.09533942722965323,0,47698,2,2,340.0606615449273,170.03033077246366,2,2,,,1,FIRE,False,,
95396,dqn,424,,,5.0,5.0,0.05,0.004884127993136644,1.5902389287948608,2.3759639263153076,0.42462795972824097,1.623629093170166,2.4355599880218506,0.05553961545228958,0.36395061016082764,0.24709269404411316,10000,10000,1.0,340.0605862657274,340.0605862657274,23600,True,191,95000,0.0,0.0,0,NOOP,greedy,19014,28921,26939,20522,9095,86301,0.09533942722965323,1,47698,2,2,340.0605862657274,170.0302931328637,2,2,,,0,NOOP,False,,
95676,dqn,425,7.0,433,0.0,0.0,0.05,,,,,,,,,,10000,10000,1.0,340.04040704748326,340.04040704748326,23670,True,192,95500,0.0,0.0,2,RIGHT,greedy,19047,28971,26994,20664,9106,86570,0.09517538358627033,1,47838,2,2,340.04040704748326,170.02020352374163,2,2,,,2,RIGHT,False,,
95795,dqn,425,,,2.0,2.0,0.05,0.004126457497477531,1.5526845455169678,2.458744764328003,0.32683318853378296,1.5727492570877075,2.479578971862793,0.05631741136312485,0.32683318853378296,0.20788630843162537,10000,10000,1.0,340.024167563139,340.024167563139,23700,True,192,95500,0.0,0.0,2,RIGHT,greedy,19096,28988,27016,20696,9114,86682,0.09513967180258048,0,47898,2,2,340.024167563139,170.0120837815695,2,2,,,2,RIGHT,False,,
95796,dqn,425,,,1.0,1.0,0.05,0.004126457497477531,1.5526845455169678,2.458744764328003,0.32683318853378296,1.5727492570877075,2.479578971862793,0.05631741136312485,0.32683318853378296,0.20788630843162537,10000,10000,1.0,340.02408658008454,340.02408658008454,23700,True,192,95500,0.0,0.0,2,RIGHT,random,19096,28988,27016,20696,9114,86682,0.09513967180258048,1,47898,2,2,340.02408658008454,170.01204329004227,2,2,,,2,RIGHT,False,,
95873,dqn,426,3.0,266,0.0,0.0,0.05,,,,,,,,,,10000,10000,1.0,340.0226628932348,340.0226628932348,23719,False,192,95500,0.0,0.0,1,FIRE,greedy,19100,29004,27048,20722,9121,86753,0.09513528172392932,0,47937,2,2,340.0226628932348,170.0113314466174,2,2,,,1,FIRE,False,,
96195,dqn,426,,,2.0,2.0,0.05,0.0020748870447278023,1.5408583879470825,2.580207347869873,0.5574364066123962,1.5595861673355103,2.671092987060547,0.04306136816740036,0.1850728988647461,0.1017775610089302,10000,10000,1.0,339.8872016928143,339.8872016928143,23800,True,193,96000,0.0,0.0,1,FIRE,greedy,19143,29088,27126,20839,9134,87062,0.09495197305501268,0,48098,2,2,339.8872016928143,169.94360084640715,2,2,,,1,FIRE,False,,
96196,dqn,426,,,5.0,5.0,0.05,0.0020748870447278023,1.5408583879470825,2.580207347869873,0.5574364066123962,1.5595861673355103,2.671092987060547,0.04306136816740036,0.1850728988647461,0.1017775610089302,10000,10000,1.0,339.88712099122694,339.88712099122694,23800,True,193,96000,0.0,0.0,3,LEFT,greedy,19143,29088,27126,20839,9134,87062,0.09495197305501268,1,48098,2,2,339.88712099122694,169.94356049561347,2,2,,,3,LEFT,False,,
96442,dqn,427,7.0,383,0.0,0.0,0.05,,,,,,,,,,10000,10000,1.0,339.8743056560696,339.8743056560696,23861,False,193,96000,0.0,0.0,2,RIGHT,greedy,19152,29117,27184,20989,9146,87296,0.09483420086684224,1,48221,2,2,339.8743056560696,169.9371528280348,2,2,,,2,RIGHT,False,,
96595,dqn,427,,,7.0,7.0,0.05,0.0013737527187913656,1.6045323610305786,2.2301228046417236,0.43129193782806396,1.6201331615447998,2.293039321899414,0.04111988842487335,0.12586236000061035,0.15312166512012482,10000,10000,1.0,339.8890321211872,339.8890321211872,23900,True,194,96500,0.0,0.0,2,RIGHT,greedy,19190,29142,27245,21019,9157,87439,0.09479688599942027,0,48298,2,2,339.8890321211872,169.9445160605936,2,2,,,2,RIGHT,False,,
96596,dqn,427,,,1.0,1.0,0.05,0.0013737527187913656,1.6045323610305786,2.2301228046417236,0.43129193782806396,1.6201331615447998,2.293039321899414,0.04111988842487335,0.12586236000061035,0.15312166512012482,10000,10000,1.0,339.8888921944552,339.8888921944552,23900,True,194,96500,0.0,0.0,0,NOOP,greedy,19190,29142,27245,21019,9157,87439,0.09479688599942027,1,48298,2,2,339.8888921944552,169.9444460972276,2,2,,,0,NOOP,False,,
96759,dqn,428,8.0,443,0.0,0.0,0.05,,,,,,,,,,10000,10000,1.0,339.86630484298524,339.86630484298524,23941,True,194,96500,0.0,0.0,3,LEFT,greedy,19204,29167,27276,21113,9163,87597,0.09469822240595287,0,48380,2,2,339.86630484298524,169.93315242149262,2,2,,,3,LEFT,False,,
96995,dqn,428,,,1.0,1.0,0.05,0.004080248065292835,1.4200680255889893,2.4642231464385986,0.3832698464393616,1.4203243255615234,2.4104273319244385,0.058690737932920456,0.3503915071487427,0.22175569832324982,10000,10000,1.0,339.8876090746715,339.8876090746715,24000,True,194,96500,0.0,0.0,2,RIGHT,greedy,19211,29252,27336,21197,9177,87819,0.09461214895459606,0,48498,2,2,339.8876090746715,169.94380453733575,2,2,,,2,RIGHT,False,,
96996,dqn,428,,,4.0,4.0,0.05,0.004080248065292835,1.4200680255889893,2.4642231464385986,0.3832698464393616,1.4203243255615234,2.4104273319244385,0.058690737932920456,0.3503915071487427,0.22175569832324982,10000,10000,1.0,339.8875301105585,339.8875301105585,24000,True,194,96500,0.0,0.0,2,RIGHT,greedy,19211,29252,27336,21197,9177,87819,0.09461214895459606,1,48498,2,2,339.8875301105585,169.94376505527924,2,2,,,2,RIGHT,False,,
97132,dqn,429,5.0,345,0.0,0.0,0.05,,,,,,,,,,10000,10000,1.0,339.9108249977325,339.9108249977325,24034,True,195,97000,0.0,0.0,1,FIRE,random,19255,29262,27396,21219,9188,87944,0.0945929250916279,1,48566,2,2,339.9108249977325,169.95541249886625,2,2,,,1,FIRE,False,,
97349,dqn,430,5.0,295,0.0,0.0,0.05,,,,,,,,,,10000,10000,1.0,339.9143300034047,339.9143300034047,24088,False,195,97000,0.0,0.0,1,FIRE,random,19286,29326,27442,21296,9204,88146,0.09454545454545454,0,48675,2,2,339.9143300034047,169.95716500170235,2,2,,,1,FIRE,False,,
97395,dqn,430,,,0.0,0.0,0.05,0.0025151711888611317,1.5005085468292236,2.4978227615356445,0.43586355447769165,1.5018950700759888,2.4982008934020996,0.05622103810310364,0.15127873420715332,0.2996734082698822,10000,10000,1.0,339.89236028850297,339.89236028850297,24100,True,195,97000,0.0,0.0,1,FIRE,greedy,19286,29358,27449,21303,9206,88190,0.09452133557846318,0,48698,2,2,339.89236028850297,169.94618014425149,2,2,,,1,FIRE,False,,
97396,dqn,430,,,2.0,2.0,0.05,0.0025151711888611317,1.5005085468292236,2.4978227615356445,0.43586355447769165,1.5018950700759888,2.4982008934020996,0.05622103810310364,0.15127873420715332,0.2996734082698822,10000,10000,1.0,339.89227785076736,339.89227785076736,24100,True,195,97000,0.0,0.0,2,RIGHT,random,19286,29358,27449,21303,9206,88190,0.09452133557846318,1,48698,2,2,339.89227785076736,169.94613892538368,2,2,,,2,RIGHT,False,,
97722,dqn,431,4.0,295,0.0,0.0,0.05,,,,,,,,,,10000,10000,1.0,339.94442978262003,339.94442978262003,24181,False,196,97500,0.0,0.0,3,LEFT,greedy,19321,29416,27587,21398,9231,88491,0.09446184073187204,1,48861,2,2,339.94442978262003,169.97221489131002,2,2,,,3,LEFT,False,,
97795,dqn,431,,,3.0,3.0,0.05,0.013877316378057003,1.5173795223236084,2.5152010917663574,0.3358185291290283,1.5417556762695312,2.4595115184783936,0.09674566984176636,0.5055252313613892,0.30181729793548584,10000,10000,1.0,339.95198474040285,339.95198474040285,24200,True,196,97500,0.0,0.0,3,LEFT,greedy,19325,29429,27597,21445,9237,88559,0.09445171581659782,0,48898,2,2,339.95198474040285,169.97599237020142,2,2,,,3,LEFT,False,,
97796,dqn,431,,,0.0,0.0,0.05,0.013877316378057003,1.5173795223236084,2.5152010917663574,0.3358185291290283,1.5417556762695312,2.4595115184783936,0.09674566984176636,0.5055252313613892,0.30181729793548584,10000,10000,1.0,339.95190662891457,339.95190662891457,24200,True,196,97500,0.0,0.0,0,NOOP,greedy,19325,29429,27597,21445,9237,88559,0.09445171581659782,1,48898,2,2,339.95190662891457,169.97595331445729,2,2,,,0,NOOP,False,,
97899,dqn,432,4.0,275,0.0,0.0,0.05,,,,,,,,,,10000,10000,1.0,339.9652493632993,339.9652493632993,24226,True,196,97500,0.0,0.0,3,LEFT,greedy,19339,29459,27630,21472,9242,88658,0.09440245148110317,0,48950,2,2,339.9652493632993,169.98262468164964,2,2,,,3,LEFT,False,,
98195,dqn,432,,,2.0,2.0,0.05,0.0025957836769521236,1.4772584438323975,2.3836658000946045,0.45950451493263245,1.5134201049804688,2.5460667610168457,0.0537695586681366,0.18137764930725098,0.2589474618434906,10000,10000,1.0,340.0261198484872,340.0261198484872,24300,True,197,98000,0.0,0.0,3,LEFT,greedy,19392,29599,27664,21541,9255,88941,0.09425027496028351,0,49098,2,2,340.0261198484872,170.0130599242436,2,2,,,3,LEFT,False,,
98196,dqn,432,,,3.0,3.0,0.05,0.0025957836769521236,1.4772584438323975,2.3836658000946045,0.45950451493263245,1.5134201049804688,2.5460667610168457,0.0537695586681366,0.18137764930725098,0.2589474618434906,10000,10000,1.0,340.02602848070836,340.02602848070836,24300,True,197,98000,0.0,0.0,3,LEFT,greedy,19392,29599,27664,21541,9255,88941,0.09425027496028351,1,49098,2,2,340.02602848070836,170.01301424035418,2,2,,,3,LEFT,False,,
98464,dqn,433,6.0,371,0.0,0.0,0.05,,,,,,,,,,10000,10000,1.0,340.0817298834477,340.0817298834477,24367,True,197,98000,0.0,0.0,1,FIRE,greedy,19415,29653,27723,21673,9266,89198,0.09410545986350341,1,49232,2,2,340.0817298834477,170.04086494172384,2,2,,,1,FIRE,False,,
98571,dqn,434,9.0,336,0.0,0.0,0.05,,,,,,,,,,10000,10000,1.0,340.0967801607146,340.0967801607146,24394,True,198,98500,0.0,0.0,3,LEFT,greedy,19416,29692,27753,21711,9271,89301,0.09405307795317129,0,49286,2,2,340.0967801607146,170.0483900803573,2,2,,,3,LEFT,False,,
98595,dqn,434,,,0.0,0.0,0.05,0.0022322849836200476,1.6110670566558838,2.532214879989624,0.7765718698501587,1.6345305442810059,2.4950437545776367,0.04836095869541168,0.1719815731048584,0.1805402785539627,10000,10000,1.0,340.0923437361902,340.0923437361902,24400,True,198,98500,0.0,0.0,1,FIRE,greedy,19416,29702,27766,21712,9271,89325,0.09403018378027506,0,49298,2,2,340.0923437361902,170.0461718680951,2,2,,,1,FIRE,False,,
98596,dqn,434,,,1.0,1.0,0.05,0.0022322849836200476,1.6110670566558838,2.532214879989624,0.7765718698501587,1.6345305442810059,2.4950437545776367,0.04836095869541168,0.1719815731048584,0.1805402785539627,10000,10000,1.0,340.0922080086908,340.0922080086908,24400,True,198,98500,0.0,0.0,2,RIGHT,greedy,19416,29702,27766,21712,9271,89325,0.09403018378027506,1,49298,2,2,340.0922080086908,170.0461040043454,2,2,,,2,RIGHT,False,,
98995,dqn,434,,,4.0,4.0,0.05,0.0016287305625155568,1.617983102798462,2.655914545059204,0.5675796270370483,1.6496975421905518,2.702047824859619,0.0452098548412323,0.1412431001663208,0.16921669244766235,10000,10000,1.0,340.0656446925946,340.0656446925946,24500,True,198,98500,0.0,0.0,1,FIRE,greedy,19479,29830,27802,21885,9292,89704,0.09386237827791022,0,49498,2,2,340.0656446925946,170.0328223462973,2,2,,,1,FIRE,False,,
98996,dqn,434,,,4.0,4.0,0.05,0.0016287305625155568,1.617983102798462,2.655914545059204,0.5675796270370483,1.6496975421905518,2.702047824859619,0.0452098548412323,0.1412431001663208,0.16921669244766235,10000,10000,1.0,340.0655663078878,340.0655663078878,24500,True,198,98500,0.0,0.0,3,LEFT,greedy,19479,29830,27802,21885,9292,89704,0.09386237827791022,1,49498,2,2,340.0655663078878,170.0327831539439,2,2,,,3,LEFT,False,,
99058,dqn,435,5.0,297,0.0,0.0,0.05,,,,,,,,,,10000,10000,1.0,340.06047374306394,340.06047374306394,24515,False,199,99000,0.0,0.0,3,LEFT,greedy,19480,29850,27819,21909,9295,89763,0.09383391548385794,1,49529,2,2,340.06047374306394,170.03023687153197,2,2,,,3,LEFT,False,,
99275,dqn,436,6.0,352,0.0,0.0,0.05,,,,,,,,,,10000,10000,1.0,340.01912090032556,340.01912090032556,24570,True,199,99000,0.0,0.0,0,NOOP,greedy,19518,29924,27857,21977,9309,89967,0.09376888673999759,0,49638,2,2,340.01912090032556,170.00956045016278,2,2,,,0,NOOP,False,,
99395,dqn,436,,,0.0,0.0,0.05,0.0037966242525726557,1.5683367252349854,2.716501235961914,0.30607354640960693,1.5432610511779785,2.676957845687866,0.06617161631584167,0.21575748920440674,0.5960192084312439,10000,10000,1.0,339.99985005196567,339.99985005196567,24600,True,199,99000,0.0,0.0,1,FIRE,greedy,19520,30003,27871,22002,9317,90079,0.0937361664453298,0,49698,2,2,339.99985005196567,169.99992502598283,2,2,,,1,FIRE,False,,
99396,dqn,436,,,2.0,2.0,0.05,0.0037966242525726557,1.5683367252349854,2.716501235961914,0.30607354640960693,1.5432610511779785,2.676957845687866,0.06617161631584167,0.21575748920440674,0.5960192084312439,10000,10000,1.0,339.9997752696694,339.9997752696694,24600,True,199,99000,0.0,0.0,2,RIGHT,greedy,19520,30003,27871,22002,9317,90079,0.0937361664453298,1,49698,2,2,339.9997752696694,169.9998876348347,2,2,,,2,RIGHT,False,,
99795,dqn,436,,,4.0,4.0,0.05,0.0022576774936169386,1.6975154876708984,2.6311869621276855,0.37063130736351013,1.7246007919311523,2.6101605892181396,0.050832901149988174,0.15582144260406494,0.11141642928123474,10000,10000,1.0,339.98553794133454,339.98553794133454,24700,True,200,99500,0.0,0.0,3,LEFT,greedy,19596,30037,28037,22126,9331,90465,0.09350074151268588,0,49898,2,2,339.98553794133454,169.99276897066727,2,2,,,3,LEFT,False,,
99796,dqn,436,,,9.0,6.0,0.05,0.0022576774936169386,1.6975154876708984,2.6311869621276855,0.37063130736351013,1.7246007919311523,2.6101605892181396,0.050832901149988174,0.15582144260406494,0.11141642928123474,10000,10000,1.0,339.9854624224689,339.9854624224689,24700,True,200,99500,0.0,0.0,2,RIGHT,greedy,19596,30037,28037,22126,9331,90465,0.09350074151268588,1,49898,2,2,339.9854624224689,169.99273121123446,2,2,,,2,RIGHT,False,,
99865,dqn,437,5.0,295,0.0,0.0,0.05,,,,,,,,,,10000,10000,1.0,339.99302278594257,339.99302278594257,24717,False,200,99500,0.0,0.0,2,RIGHT,greedy,19608,30039,28061,22158,9334,90532,0.0934652434261911,0,49933,2,2,339.99302278594257,169.99651139297129,2,2,,,2,RIGHT,False,,
99892,dqn,438,10.0,417,0.0,0.0,0.05,,,,,,,,,,10000,10000,1.0,339.97636562540083,339.97636562540083,24724,True,200,99500,0.0,0.0,2,RIGHT,greedy,19609,30046,28073,22164,9336,90556,0.09346093781283786,1,49946,2,2,339.97636562540083,169.98818281270042,2,2,,,2,RIGHT,False,,
99999,dqn,438,,,1.0,1.0,0.05,0.0012896077241748571,1.3918561935424805,2.6947648525238037,0.45268768072128296,1.427169680595398,2.7435576915740967,0.040490590035915375,0.1171301007270813,0.1940585821866989,10000,10000,1.0,339.43887479771973,339.43887479771973,24751,True,201,100000,0.0,0.0,1,FIRE,greedy,19618,30084,28105,22193,9341,90659,0.09341,0,50000,2,2,339.43887479771973,169.71943739885987,2,2,,,1,FIRE,False,,
100000,dqn,438,,,1.0,1.0,0.05,0.0012896077241748571,1.3918561935424805,2.6947648525238037,0.45268768072128296,1.427169680595398,2.7435576915740967,0.040490590035915375,0.1171301007270813,0.1940585821866989,10000,10000,1.0,339.43879794691657,339.43879794691657,24751,True,201,100000,0.0,0.0,1,FIRE,greedy,19618,30084,28105,22193,9341,90659,0.09341,1,50000,2,2,339.43879794691657,169.71939897345828,2,2,,,1,FIRE,False,,
