global_step,algorithm,architecture,episode,raw_episode_return,episode_length,current_raw_episode_return,current_training_episode_return,epsilon,loss,q_mean,q_max,q_min,target_mean,target_max,td_error_mean_abs,td_error_max_abs,gradient_norm,replay_size,replay_capacity,replay_occupancy,steps_per_second,sps,optimizer_updates,optimizer_updated,target_sync_count,last_target_sync_step,raw_reward,training_reward,action,action_name,action_source,noop_count,fire_count,right_count,left_count,random_decision_count,greedy_decision_count,random_decision_ratio,environment_index,vector_iteration,num_envs,transition_batch_size,environment_transitions_per_second,vector_iterations_per_second,action_inference_batch_size,replay_insert_batch_size,action_inference_batches_per_second,action_inference_transitions_per_second,replay_insertion_calls_per_second,replay_insertion_transitions_per_second,optimizer_updates_per_second,training_samples_per_second,requested_action,requested_action_name,action_overridden,fire_reset_reason,fire_reset_auto_count
100614,double_dqn,dueling,458,9.0,550,0.0,0.0,0.05,,,,,,,,,,614,10000,0.0614,464.4689920248607,464.4689920248607,24751,False,202,100500,0.0,0.0,0,NOOP,greedy,15312,25170,27903,32229,9360,91254,0.09302880314866718,1,50307,2,2,464.4689920248607,232.23449601243036,2,2,232.23449601243036,464.4689920248607,232.23449601243036,464.4689920248607,0.0,0.0,0,NOOP,False,,
100631,double_dqn,dueling,459,13.0,642,0.0,0.0,0.05,,,,,,,,,,632,10000,0.0632,465.14941599961656,465.14941599961656,24751,False,202,100500,0.0,0.0,0,NOOP,greedy,15320,25173,27906,32233,9361,91271,0.09302210032594006,0,50316,2,2,465.14941599961656,232.57470799980828,2,2,232.57470799980828,465.14941599961656,232.57470799980828,465.14941599961656,0.0,0.0,0,NOOP,False,,
101068,double_dqn,dueling,460,3.0,227,0.0,0.0,0.05,,,,,,,,,,1068,10000,0.1068,456.38314647548873,456.38314647548873,24768,True,203,101000,0.0,0.0,0,NOOP,greedy,15395,25234,28003,32436,9382,91686,0.09282859065183836,1,50534,2,2,456.38314647548873,228.19157323774436,2,2,228.19157323774436,456.38314647548873,228.19157323774436,456.38314647548873,7.264525739778379,232.46482367290812,0,NOOP,False,,
101179,double_dqn,dueling,461,4.0,274,0.0,0.0,0.05,,,,,,,,,,1180,10000,0.118,427.9310447956985,427.9310447956985,24796,True,203,101000,0.0,0.0,3,LEFT,greedy,15430,25245,28030,32475,9390,91790,0.092804902154576,0,50590,2,2,427.9310447956985,213.96552239784924,2,2,213.96552239784924,427.9310447956985,213.96552239784924,427.9310447956985,16.319404250683416,522.2209360218693,3,LEFT,False,,
101195,double_dqn,dueling,461,,,0.0,0.0,0.05,0.002074113115668297,1.4965262413024902,2.6666746139526367,0.8580756783485413,1.5317363739013672,2.74078631401062,0.049511782824993134,0.14298903942108154,0.1887618899345398,1196,10000,0.1196,422.31554909663214,422.31554909663214,24800,True,203,101000,0.0,0.0,0,NOOP,greedy,15433,25247,28032,32484,9391,91805,0.09280011067631132,0,50598,2,2,422.31554909663214,211.15777454831607,2,2,211.15777454831607,422.31554909663214,211.15777454831607,422.31554909663214,17.30222567369145,553.6712215581264,0,NOOP,False,,
101196,double_dqn,dueling,461,,,0.0,0.0,0.05,0.002074113115668297,1.4965262413024902,2.6666746139526367,0.8580756783485413,1.5317363739013672,2.74078631401062,0.049511782824993134,0.14298903942108154,0.1887618899345398,1196,10000,0.1196,422.29315209896833,422.29315209896833,24800,True,203,101000,0.0,0.0,3,LEFT,greedy,15433,25247,28032,32484,9391,91805,0.09280011067631132,1,50598,2,2,422.29315209896833,211.14657604948417,2,2,211.14657604948417,422.29315209896833,211.14657604948417,422.29315209896833,17.301308070944355,553.6418582702194,3,LEFT,False,,
101595,double_dqn,dueling,461,,,3.0,3.0,0.05,0.002225003205239773,1.346015453338623,2.7081966400146484,0.5289421677589417,1.4057843685150146,2.771547794342041,0.051566701382398605,0.17043554782867432,0.340340793132782,1596,10000,0.1596,355.62448985983605,355.62448985983605,24900,True,204,101500,0.0,0.0,2,RIGHT,greedy,15532,25308,28133,32623,9409,92187,0.09261191385487617,0,50798,2,2,355.62448985983605,177.81224492991802,2,2,177.81224492991802,355.62448985983605,177.81224492991802,355.62448985983605,33.2005319480674,1062.4170223381568,2,RIGHT,False,,
101596,double_dqn,dueling,461,,,6.0,6.0,0.05,0.002225003205239773,1.346015453338623,2.7081966400146484,0.5289421677589417,1.4057843685150146,2.771547794342041,0.051566701382398605,0.17043554782867432,0.340340793132782,1596,10000,0.1596,355.61883214837206,355.61883214837206,24900,True,204,101500,0.0,0.0,2,RIGHT,greedy,15532,25308,28133,32623,9409,92187,0.09261191385487617,1,50798,2,2,355.61883214837206,177.80941607418603,2,2,177.80941607418603,355.61883214837206,177.80941607418603,355.61883214837206,33.20000375320015,1062.4001201024048,2,RIGHT,False,,
101794,double_dqn,dueling,462,7.0,363,0.0,0.0,0.05,,,,,,,,,,1794,10000,0.1794,352.5764405490686,352.5764405490686,24949,False,204,101500,0.0,0.0,3,LEFT,greedy,15558,25327,28159,32750,9414,92380,0.09248089278346465,1,50897,2,2,352.5764405490686,176.2882202745343,2,2,176.2882202745343,352.5764405490686,176.2882202745343,352.5764405490686,38.913118856586166,1245.2198034107573,3,LEFT,False,,
101863,double_dqn,dueling,463,5.0,342,0.0,0.0,0.05,,,,,,,,,,1864,10000,0.1864,351.3580450340424,351.3580450340424,24967,True,204,101500,0.0,0.0,3,LEFT,greedy,15563,25334,28173,32794,9419,92445,0.09246642582266551,0,50932,2,2,351.3580450340424,175.6790225170212,2,2,175.6790225170212,351.3580450340424,175.6790225170212,351.3580450340424,40.71530993956715,1302.8899180661488,3,LEFT,False,,
101995,double_dqn,dueling,463,,,1.0,1.0,0.05,0.003980455920100212,1.3805530071258545,2.7753798961639404,0.33767473697662354,1.4305273294448853,2.771547794342041,0.06272523105144501,0.23365283012390137,0.3093911111354828,1996,10000,0.1996,349.54748573433625,349.54748573433625,25000,True,204,101500,0.0,0.0,1,FIRE,greedy,15582,25370,28215,32829,9426,92570,0.09241538883877799,0,50998,2,2,349.54748573433625,174.77374286716812,2,2,174.77374286716812,349.54748573433625,174.77374286716812,349.54748573433625,43.605873721367594,1395.387959083763,1,FIRE,False,,
101996,double_dqn,dueling,463,,,1.0,1.0,0.05,0.003980455920100212,1.3805530071258545,2.7753798961639404,0.33767473697662354,1.4305273294448853,2.771547794342041,0.06272523105144501,0.23365283012390137,0.3093911111354828,1996,10000,0.1996,349.54287637010486,349.54287637010486,25000,True,204,101500,0.0,0.0,3,LEFT,greedy,15582,25370,28215,32829,9426,92570,0.09241538883877799,1,50998,2,2,349.54287637010486,174.77143818505243,2,2,174.77143818505243,349.54287637010486,174.77143818505243,349.54287637010486,43.605298705489034,1395.369558575649,3,LEFT,False,,
102395,double_dqn,dueling,463,,,5.0,5.0,0.05,0.006651964969933033,1.4321906566619873,2.320465326309204,0.4212636649608612,1.4109796285629272,2.2856483459472656,0.06748799979686737,0.5446203947067261,0.5137589573860168,2396,10000,0.2396,345.14824066681103,345.14824066681103,25100,True,205,102000,0.0,0.0,3,LEFT,greedy,15631,25410,28325,33030,9447,92949,0.0922594632602836,0,51198,2,2,345.14824066681103,172.57412033340552,2,2,172.57412033340552,345.14824066681103,172.57412033340552,345.14824066681103,50.27409682500711,1608.7710984002276,3,LEFT,False,,
102396,double_dqn,dueling,463,,,7.0,7.0,0.05,0.006651964969933033,1.4321906566619873,2.320465326309204,0.4212636649608612,1.4109796285629272,2.2856483459472656,0.06748799979686737,0.5446203947067261,0.5137589573860168,2396,10000,0.2396,345.1446708580016,345.1446708580016,25100,True,205,102000,0.0,0.0,0,NOOP,greedy,15631,25410,28325,33030,9447,92949,0.0922594632602836,1,51198,2,2,345.1446708580016,172.5723354290008,2,2,172.5723354290008,345.1446708580016,172.5723354290008,345.1446708580016,50.2735768486822,1608.7544591578303,0,NOOP,False,,
102645,double_dqn,dueling,464,8.0,391,0.0,0.0,0.05,,,,,,,,,,2646,10000,0.2646,343.68882751936394,343.68882751936394,25162,False,206,102500,0.0,0.0,3,LEFT,greedy,15674,25448,28377,33147,9458,93188,0.0921419246731485,0,51323,2,2,343.68882751936394,171.84441375968197,2,2,171.84441375968197,343.68882751936394,171.84441375968197,343.68882751936394,53.384772528517985,1708.3127209125755,3,LEFT,False,,
102726,double_dqn,dueling,465,10.0,466,0.0,0.0,0.05,,,,,,,,,,2726,10000,0.2726,343.41115312685093,343.41115312685093,25182,False,206,102500,0.0,0.0,3,LEFT,greedy,15680,25469,28390,33187,9463,93263,0.09211884041041217,1,51363,2,2,343.41115312685093,171.70557656342547,2,2,171.70557656342547,343.41115312685093,171.70557656342547,343.41115312685093,54.29574724786235,1737.4639119315952,3,LEFT,False,,
102795,double_dqn,dueling,465,,,1.0,1.0,0.05,0.0020114388316869736,1.2291688919067383,2.4394710063934326,0.29791322350502014,1.231963872909546,2.521620273590088,0.042766302824020386,0.16894137859344482,0.17480655014514923,2796,10000,0.2796,342.9172196002407,342.9172196002407,25200,True,206,102500,0.0,0.0,2,RIGHT,random,15688,25483,28416,33209,9470,93326,0.09212420716759406,0,51398,2,2,342.9172196002407,171.45860980012034,2,2,171.45860980012034,342.9172196002407,171.45860980012034,342.9172196002407,55.06789399159802,1762.1726077311366,2,RIGHT,False,,
102796,double_dqn,dueling,465,,,1.0,1.0,0.05,0.0020114388316869736,1.2291688919067383,2.4394710063934326,0.29791322350502014,1.231963872909546,2.521620273590088,0.042766302824020386,0.16894137859344482,0.17480655014514923,2796,10000,0.2796,342.91352701004956,342.91352701004956,25200,True,206,102500,0.0,0.0,2,RIGHT,greedy,15688,25483,28416,33209,9470,93326,0.09212420716759406,1,51398,2,2,342.91352701004956,171.45676350502478,2,2,171.45676350502478,342.91352701004956,171.45676350502478,342.91352701004956,55.06730101127048,1762.1536323606554,2,RIGHT,False,,
103195,double_dqn,dueling,465,,,4.0,4.0,0.05,0.009318915195763111,1.4885423183441162,2.3513338565826416,0.3150023818016052,1.4758355617523193,2.310169219970703,0.07282500714063644,0.6157882213592529,0.5918415188789368,3196,10000,0.3196,337.48522169146065,337.48522169146065,25300,True,207,103000,0.0,0.0,2,RIGHT,greedy,15733,25530,28569,33364,9487,93709,0.09193185782394667,0,51598,2,2,337.48522169146065,168.74261084573033,2,2,168.74261084573033,337.48522169146065,168.74261084573033,337.48522169146065,57.97227368855191,1855.112758033661,2,RIGHT,False,,
103196,double_dqn,dueling,465,,,4.0,4.0,0.05,0.009318915195763111,1.4885423183441162,2.3513338565826416,0.3150023818016052,1.4758355617523193,2.310169219970703,0.07282500714063644,0.6157882213592529,0.5918415188789368,3196,10000,0.3196,337.48259525599394,337.48259525599394,25300,True,207,103000,0.0,0.0,0,NOOP,random,15733,25530,28569,33364,9487,93709,0.09193185782394667,1,51598,2,2,337.48259525599394,168.74129762799697,2,2,168.74129762799697,337.48259525599394,168.74129762799697,337.48259525599394,57.97182252676492,1855.0983208564774,0,NOOP,False,,
103233,double_dqn,dueling,466,4.0,294,0.0,0.0,0.05,,,,,,,,,,3234,10000,0.3234,337.18460571385043,337.18460571385043,25309,False,207,103000,0.0,0.0,2,RIGHT,greedy,15734,25531,28596,33373,9489,93745,0.09191739155704516,0,51617,2,2,337.18460571385043,168.59230285692522,2,2,168.59230285692522,337.18460571385043,168.59230285692522,337.18460571385043,58.178419909810934,1861.70943711395,2,RIGHT,False,,
103240,double_dqn,dueling,467,4.0,257,0.0,0.0,0.05,,,,,,,,,,3240,10000,0.324,336.83925821829456,336.83925821829456,25311,True,207,103000,0.0,0.0,2,RIGHT,greedy,15734,25533,28597,33376,9490,93750,0.09192173576133282,1,51620,2,2,336.83925821829456,168.41962910914728,2,2,168.41962910914728,336.83925821829456,168.41962910914728,336.83925821829456,58.219131050075596,1863.012193602419,2,RIGHT,False,,
103595,double_dqn,dueling,467,,,3.0,3.0,0.05,0.00208082003518939,1.4441604614257812,2.449888229370117,0.2095002979040146,1.4354199171066284,2.4640915393829346,0.049528248608112335,0.16644620895385742,0.3212398290634155,3596,10000,0.3596,333.822986798336,333.822986798336,25400,True,208,103500,0.0,0.0,3,LEFT,random,15773,25606,28717,33500,9511,94085,0.09180856403722151,0,51798,2,2,333.822986798336,166.911493399168,2,2,166.911493399168,333.822986798336,166.911493399168,333.822986798336,60.24780824030035,1927.9298636896112,3,LEFT,False,,
103596,double_dqn,dueling,467,,,3.0,3.0,0.05,0.00208082003518939,1.4441604614257812,2.449888229370117,0.2095002979040146,1.4354199171066284,2.4640915393829346,0.049528248608112335,0.16644620895385742,0.3212398290634155,3596,10000,0.3596,333.82068120175836,333.82068120175836,25400,True,208,103500,0.0,0.0,3,LEFT,greedy,15773,25606,28717,33500,9511,94085,0.09180856403722151,1,51798,2,2,333.82068120175836,166.91034060087918,2,2,166.91034060087918,333.82068120175836,166.91034060087918,333.82068120175836,60.247392130128254,1927.9165481641041,3,LEFT,False,,
103874,double_dqn,dueling,468,5.0,317,0.0,0.0,0.05,,,,,,,,,,3874,10000,0.3874,333.63887615765327,333.63887615765327,25469,False,208,103500,0.0,0.0,2,RIGHT,greedy,15813,25616,28839,33606,9525,94349,0.09169763367156362,1,51937,2,2,333.63887615765327,166.81943807882664,2,2,166.81943807882664,333.63887615765327,166.81943807882664,333.63887615765327,61.836012669384374,1978.7524054203,2,RIGHT,False,,
103923,double_dqn,dueling,469,5.0,345,0.0,0.0,0.05,,,,,,,,,,3924,10000,0.3924,333.2528849809702,333.2528849809702,25482,True,208,103500,0.0,0.0,2,RIGHT,greedy,15817,25625,28862,33620,9527,94397,0.0916727608637081,0,51962,2,2,333.2528849809702,166.6264424904851,2,2,166.6264424904851,333.2528849809702,166.6264424904851,333.2528849809702,62.08151348651611,1986.6084315685155,2,RIGHT,False,,
103995,double_dqn,dueling,469,,,1.0,1.0,0.05,0.0012843487784266472,1.3239537477493286,2.4841513633728027,0.31500980257987976,1.3570239543914795,2.5398449897766113,0.03989202156662941,0.11740678548812866,0.17149582505226135,3996,10000,0.3996,332.9923078772645,332.9923078772645,25500,True,208,103500,0.0,0.0,2,RIGHT,greedy,15831,25643,28879,33643,9530,94466,0.09163813992845879,0,51998,2,2,332.9923078772645,166.49615393863226,2,2,166.49615393863226,332.9923078772645,166.49615393863226,332.9923078772645,62.41522487489268,1997.2871959965657,2,RIGHT,False,,
103996,double_dqn,dueling,469,,,1.0,1.0,0.05,0.0012843487784266472,1.3239537477493286,2.4841513633728027,0.31500980257987976,1.3570239543914795,2.5398449897766113,0.03989202156662941,0.11740678548812866,0.17149582505226135,3996,10000,0.3996,332.9903016579162,332.9903016579162,25500,True,208,103500,0.0,0.0,2,RIGHT,greedy,15831,25643,28879,33643,9530,94466,0.09163813992845879,1,51998,2,2,332.9903016579162,166.4951508289581,2,2,166.4951508289581,332.9903016579162,166.4951508289581,332.9903016579162,62.414848834279084,1997.2751626969307,2,RIGHT,False,,
104395,double_dqn,dueling,469,,,5.0,5.0,0.05,0.004425789695233107,1.4193170070648193,2.4670071601867676,0.22544075548648834,1.4708340167999268,2.4288575649261475,0.04297301918268204,0.48248863220214844,0.38835349678993225,4396,10000,0.4396,332.96704181883837,332.96704181883837,25600,True,209,104000,0.0,0.0,3,LEFT,greedy,15884,25709,28998,33805,9550,94846,0.09147860071267098,0,52198,2,2,332.96704181883837,166.48352090941918,2,2,166.48352090941918,332.96704181883837,166.48352090941918,332.96704181883837,64.30596417292853,2057.790853533713,3,LEFT,False,,
104396,double_dqn,dueling,469,,,5.0,5.0,0.05,0.004425789695233107,1.4193170070648193,2.4670071601867676,0.22544075548648834,1.4708340167999268,2.4288575649261475,0.04297301918268204,0.48248863220214844,0.38835349678993225,4396,10000,0.4396,332.9650469295228,332.9650469295228,25600,True,209,104000,0.0,0.0,2,RIGHT,greedy,15884,25709,28998,33805,9550,94846,0.09147860071267098,1,52198,2,2,332.9650469295228,166.4825234647614,2,2,166.4825234647614,332.9650469295228,166.4825234647614,332.9650469295228,64.30557889971904,2057.778524791009,2,RIGHT,False,,
104418,double_dqn,dueling,470,5.0,272,0.0,0.0,0.05,,,,,,,,,,4418,10000,0.4418,332.8105565990828,332.8105565990828,25605,False,209,104000,0.0,0.0,1,FIRE,greedy,15885,25715,29009,33809,9550,94868,0.0914593269359689,1,52209,2,2,332.8105565990828,166.4052782995414,2,2,166.4052782995414,332.8105565990828,166.4052782995414,332.8105565990828,64.33232578895807,2058.6344252466583,1,FIRE,False,,
104795,double_dqn,dueling,470,,,10.0,10.0,0.05,0.0044386787340044975,1.430986762046814,2.381244421005249,0.4715591371059418,1.4595650434494019,2.3595659732818604,0.06888491660356522,0.3385889530181885,0.27252599596977234,4796,10000,0.4796,331.64531905263084,331.64531905263084,25700,True,210,104500,0.0,0.0,2,RIGHT,greedy,15918,25766,29134,33978,9572,95224,0.09133936409786633,0,52398,2,2,331.64531905263084,165.82265952631542,2,2,165.82265952631542,331.64531905263084,165.82265952631542,331.64531905263084,65.62372972913816,2099.959351332421,2,RIGHT,False,,
104796,double_dqn,dueling,470,,,3.0,3.0,0.05,0.0044386787340044975,1.430986762046814,2.381244421005249,0.4715591371059418,1.4595650434494019,2.3595659732818604,0.06888491660356522,0.3385889530181885,0.27252599596977234,4796,10000,0.4796,331.64366785368884,331.64366785368884,25700,True,210,104500,0.0,0.0,0,NOOP,greedy,15918,25766,29134,33978,9572,95224,0.09133936409786633,1,52398,2,2,331.64366785368884,165.82183392684442,2,2,165.82183392684442,331.64366785368884,165.82183392684442,331.64366785368884,65.62340300107395,2099.9488960343665,0,NOOP,False,,
104829,double_dqn,dueling,471,10.0,453,0.0,0.0,0.05,,,,,,,,,,4830,10000,0.483,331.63109313596794,331.63109313596794,25708,False,210,104500,0.0,0.0,2,RIGHT,greedy,15920,25767,29154,33989,9573,95257,0.09131927883239531,0,52415,2,2,331.63109313596794,165.81554656798397,2,2,165.81554656798397,331.63109313596794,165.81554656798397,331.63109313596794,65.70827249091539,2102.6647197092925,2,RIGHT,False,,
105195,double_dqn,dueling,471,,,3.0,3.0,0.05,0.0014557859394699335,1.3068759441375732,2.580336332321167,0.20878556370735168,1.3381853103637695,2.6041009426116943,0.04272229224443436,0.13431262969970703,0.1352926641702652,5196,10000,0.5196,330.8412316448622,330.8412316448622,25800,True,211,105000,0.0,0.0,3,LEFT,greedy,15981,25797,29233,34185,9586,95610,0.0911251378379406,0,52598,2,2,330.8412316448622,165.4206158224311,2,2,165.4206158224311,330.8412316448622,165.4206158224311,330.8412316448622,66.79223479512326,2137.3515134439444,3,LEFT,False,,
105196,double_dqn,dueling,471,,,7.0,7.0,0.05,0.0014557859394699335,1.3068759441375732,2.580336332321167,0.20878556370735168,1.3381853103637695,2.6041009426116943,0.04272229224443436,0.13431262969970703,0.1352926641702652,5196,10000,0.5196,330.83958644350224,330.83958644350224,25800,True,211,105000,0.0,0.0,3,LEFT,greedy,15981,25797,29233,34185,9586,95610,0.0911251378379406,1,52598,2,2,330.83958644350224,165.41979322175112,2,2,165.41979322175112,330.83958644350224,165.41979322175112,330.83958644350224,66.79190265189258,2137.3408848605627,3,LEFT,False,,
105234,double_dqn,dueling,472,7.0,408,0.0,0.0,0.05,,,,,,,,,,5234,10000,0.5234,330.6331562430196,330.6331562430196,25809,False,211,105000,0.0,0.0,3,LEFT,greedy,15981,25797,29248,34208,9586,95648,0.0910922325484159,1,52617,2,2,330.6331562430196,165.3165781215098,2,2,165.3165781215098,330.6331562430196,165.3165781215098,330.6331562430196,66.83413819356414,2138.6924221940526,3,LEFT,False,,
105483,double_dqn,dueling,473,5.0,327,0.0,0.0,0.05,,,,,,,,,,5484,10000,0.5484,327.19080720915036,327.19080720915036,25872,True,211,105000,0.0,0.0,1,FIRE,greedy,16033,25816,29339,34296,9597,95887,0.0909806226536726,0,52742,2,2,327.19080720915036,163.59540360457518,2,2,163.59540360457518,327.19080720915036,163.59540360457518,327.19080720915036,66.8820012548245,2140.224040154384,1,FIRE,False,,
105595,double_dqn,dueling,473,,,1.0,1.0,0.05,0.002381574362516403,1.5223780870437622,2.6740031242370605,0.4939463436603546,1.532833218574524,2.5810117721557617,0.057036034762859344,0.20612335205078125,0.19657689332962036,5596,10000,0.5596,327.1356540542576,327.1356540542576,25900,True,212,105500,0.0,0.0,2,RIGHT,greedy,16054,25827,29362,34353,9607,95989,0.09097882495549074,0,52798,2,2,327.1356540542576,163.5678270271288,2,2,163.5678270271288,327.1356540542576,163.5678270271288,327.1356540542576,67.16920416517905,2149.4145332857297,2,RIGHT,False,,
105596,double_dqn,dueling,473,,,4.0,4.0,0.05,0.002381574362516403,1.5223780870437622,2.6740031242370605,0.4939463436603546,1.532833218574524,2.5810117721557617,0.057036034762859344,0.20612335205078125,0.19657689332962036,5596,10000,0.5596,327.13414709424615,327.13414709424615,25900,True,212,105500,0.0,0.0,2,RIGHT,greedy,16054,25827,29362,34353,9607,95989,0.09097882495549074,1,52798,2,2,327.13414709424615,163.56707354712307,2,2,163.56707354712307,327.13414709424615,163.56707354712307,327.13414709424615,67.16889474826462,2149.404631944468,2,RIGHT,False,,
105995,double_dqn,dueling,473,,,8.0,5.0,0.05,0.0014766533859074116,1.3820977210998535,2.4723527431488037,0.6174750328063965,1.4068217277526855,2.410810947418213,0.041833825409412384,0.12383580207824707,0.16821438074111938,5996,10000,0.5996,326.05850017214846,326.05850017214846,26000,True,212,105500,0.0,0.0,2,RIGHT,greedy,16113,25930,29437,34516,9622,96374,0.09077701045322464,0,52998,2,2,326.05850017214846,163.02925008607423,2,2,163.02925008607423,326.05850017214846,163.02925008607423,326.05850017214846,67.91979097982211,2173.4333113543075,2,RIGHT,False,,
105996,double_dqn,dueling,473,,,7.0,7.0,0.05,0.0014766533859074116,1.3820977210998535,2.4723527431488037,0.6174750328063965,1.4068217277526855,2.410810947418213,0.041833825409412384,0.12383580207824707,0.16821438074111938,5996,10000,0.5996,326.05715440665455,326.05715440665455,26000,True,212,105500,0.0,0.0,3,LEFT,greedy,16113,25930,29437,34516,9622,96374,0.09077701045322464,1,52998,2,2,326.05715440665455,163.02857720332727,2,2,163.02857720332727,326.05715440665455,163.02857720332727,326.05715440665455,67.9195106494182,2173.4243407813824,3,LEFT,False,,
106020,double_dqn,dueling,474,7.0,393,0.0,0.0,0.05,,,,,,,,,,6020,10000,0.602,325.9466300948829,325.9466300948829,26006,True,213,106000,0.0,0.0,3,LEFT,greedy,16113,25931,29450,34526,9624,96396,0.09077532541029994,1,53010,2,2,325.9466300948829,162.97331504744145,2,2,162.97331504744145,325.9466300948829,162.97331504744145,325.9466300948829,67.9506679018402,2174.4213728588866,3,LEFT,False,,
106395,double_dqn,dueling,474,,,11.0,8.0,0.05,0.0021930120419710875,1.3430225849151611,2.6118006706237793,0.3420755863189697,1.3523356914520264,2.5781283378601074,0.04774738848209381,0.19195497035980225,0.3087277412414551,6396,10000,0.6396,325.45466082424747,325.45466082424747,26100,True,213,106000,0.0,0.0,2,RIGHT,greedy,16196,25977,29545,34678,9634,96762,0.09054851686153614,0,53198,2,2,325.45466082424747,162.72733041212373,2,2,162.72733041212373,325.45466082424747,162.72733041212373,325.45466082424747,68.64264187803468,2196.56454009711,2,RIGHT,False,,
106396,double_dqn,dueling,474,,,3.0,3.0,0.05,0.0021930120419710875,1.3430225849151611,2.6118006706237793,0.3420755863189697,1.3523356914520264,2.5781283378601074,0.04774738848209381,0.19195497035980225,0.3087277412414551,6396,10000,0.6396,325.4534635075314,325.4534635075314,26100,True,213,106000,0.0,0.0,0,NOOP,greedy,16196,25977,29545,34678,9634,96762,0.09054851686153614,1,53198,2,2,325.4534635075314,162.7267317537657,2,2,162.7267317537657,325.4534635075314,162.7267317537657,325.4534635075314,68.64238934828953,2196.556459145265,0,NOOP,False,,
106639,double_dqn,dueling,475,17.0,578,0.0,0.0,0.05,,,,,,,,,,6640,10000,0.664,325.697328404121,325.697328404121,26161,True,214,106500,0.0,0.0,3,LEFT,greedy,16231,25985,29621,34803,9643,96997,0.09042573143285822,0,53320,2,2,325.697328404121,162.8486642020605,2,2,162.8486642020605,325.697328404121,162.8486642020605,325.697328404121,69.1616314834052,2213.1722074689665,3,LEFT,False,,
106795,double_dqn,dueling,475,,,1.0,1.0,0.05,0.003921299707144499,1.572035551071167,2.649793863296509,0.20727406442165375,1.5817437171936035,2.526904582977295,0.06394028663635254,0.27100634574890137,0.22009406983852386,6796,10000,0.6796,325.809872328012,325.809872328012,26200,True,214,106500,0.0,0.0,0,NOOP,greedy,16253,25996,29679,34868,9651,97145,0.09036855312933069,0,53398,2,2,325.809872328012,162.904936164006,2,2,162.904936164006,325.809872328012,162.904936164006,325.809872328012,69.46711374386247,2222.947639803599,0,NOOP,False,,
106796,double_dqn,dueling,475,,,7.0,7.0,0.05,0.003921299707144499,1.572035551071167,2.649793863296509,0.20727406442165375,1.5817437171936035,2.526904582977295,0.06394028663635254,0.27100634574890137,0.22009406983852386,6796,10000,0.6796,325.80872896217846,325.80872896217846,26200,True,214,106500,0.0,0.0,2,RIGHT,greedy,16253,25996,29679,34868,9651,97145,0.09036855312933069,1,53398,2,2,325.80872896217846,162.90436448108923,2,2,162.90436448108923,325.80872896217846,162.90436448108923,325.80872896217846,69.466869962654,2222.939838804928,2,RIGHT,False,,
107074,double_dqn,dueling,476,9.0,527,0.0,0.0,0.05,,,,,,,,,,7074,10000,0.7074,324.7053378246753,324.7053378246753,26269,False,215,107000,0.0,0.0,2,RIGHT,greedy,16281,26005,29796,34992,9662,97412,0.09023665875936268,1,53537,2,2,324.7053378246753,162.35266891233766,2,2,162.35266891233766,324.7053378246753,162.35266891233766,324.7053378246753,69.67807503786501,2229.6984012116804,2,RIGHT,False,,
107195,double_dqn,dueling,476,,,5.0,5.0,0.05,0.006026631221175194,1.4403373003005981,2.4505233764648438,0.3976201117038727,1.4281059503555298,2.264878749847412,0.07852360606193542,0.4205094873905182,0.5095105767250061,7196,10000,0.7196,324.5770641553354,324.5770641553354,26300,True,215,107000,0.0,0.0,2,RIGHT,greedy,16309,26025,29829,35033,9670,97526,0.09020858987275644,0,53598,2,2,324.5770641553354,162.2885320776677,2,2,162.2885320776677,324.5770641553354,162.2885320776677,324.5770641553354,69.86796447701703,2235.774863264545,2,RIGHT,False,,
107196,double_dqn,dueling,476,,,0.0,0.0,0.05,0.006026631221175194,1.4403373003005981,2.4505233764648438,0.3976201117038727,1.4281059503555298,2.264878749847412,0.07852360606193542,0.4205094873905182,0.5095105767250061,7196,10000,0.7196,324.57531760100363,324.57531760100363,26300,True,215,107000,0.0,0.0,3,LEFT,greedy,16309,26025,29829,35033,9670,97526,0.09020858987275644,1,53598,2,2,324.57531760100363,162.28765880050182,2,2,162.28765880050182,324.57531760100363,162.28765880050182,324.57531760100363,69.86758851639169,2235.762832524534,3,LEFT,False,,
107556,double_dqn,dueling,477,4.0,241,0.0,0.0,0.05,,,,,,,,,,7556,10000,0.7556,325.01950697673084,325.01950697673084,26390,True,216,107500,0.0,0.0,2,RIGHT,greedy,16371,26043,29934,35208,9685,97871,0.09004611551191938,1,53778,2,2,325.01950697673084,162.50975348836542,2,2,162.50975348836542,325.01950697673084,162.50975348836542,325.01950697673084,70.50118739212041,2256.0379965478533,2,RIGHT,False,,
107595,double_dqn,dueling,477,,,9.0,9.0,0.05,0.004548046737909317,1.4803791046142578,2.3226919174194336,0.35533303022384644,1.510082483291626,2.464505434036255,0.0758855789899826,0.2268686294555664,0.41186028718948364,7596,10000,0.7596,324.69075172178214,324.69075172178214,26400,True,216,107500,0.0,0.0,3,LEFT,random,16378,26045,29950,35223,9688,97908,0.09004052195248893,0,53798,2,2,324.69075172178214,162.34537586089107,2,2,162.34537586089107,324.69075172178214,162.34537586089107,324.69075172178214,70.48644676003406,2255.56629632109,3,LEFT,False,,
107596,double_dqn,dueling,477,,,0.0,0.0,0.05,0.004548046737909317,1.4803791046142578,2.3226919174194336,0.35533303022384644,1.510082483291626,2.464505434036255,0.0758855789899826,0.2268686294555664,0.41186028718948364,7596,10000,0.7596,324.6896691730549,324.6896691730549,26400,True,216,107500,0.0,0.0,0,NOOP,greedy,16378,26045,29950,35223,9688,97908,0.09004052195248893,1,53798,2,2,324.6896691730549,162.34483458652744,2,2,162.34483458652744,324.6896691730549,162.34483458652744,324.6896691730549,70.48621175175981,2255.558776056314,0,NOOP,False,,
107691,double_dqn,dueling,478,10.0,526,0.0,0.0,0.05,,,,,,,,,,7692,10000,0.7692,323.58581954060384,323.58581954060384,26424,True,216,107500,0.0,0.0,2,RIGHT,greedy,16386,26052,29973,35281,9695,97997,0.09002525721502061,0,53846,2,2,323.58581954060384,161.79290977030192,2,2,161.79290977030192,323.58581954060384,161.79290977030192,323.58581954060384,70.3794950716888,2252.1438422940414,2,RIGHT,False,,
107995,double_dqn,dueling,478,,,3.0,3.0,0.05,0.0020273947156965733,1.2779966592788696,2.370608329772949,0.23933377861976624,1.318071961402893,2.2815709114074707,0.050262417644262314,0.1403043270111084,0.20615065097808838,7996,10000,0.7996,323.0758527875975,323.0758527875975,26500,True,216,107500,0.0,0.0,2,RIGHT,greedy,16426,26094,30064,35412,9709,98287,0.08990147783251232,0,53998,2,2,323.0758527875975,161.53792639379876,2,2,161.53792639379876,323.0758527875975,161.53792639379876,323.0758527875975,70.6677922117944,2261.369350777421,2,RIGHT,False,,
107996,double_dqn,dueling,478,,,4.0,4.0,0.05,0.0020273947156965733,1.2779966592788696,2.370608329772949,0.23933377861976624,1.318071961402893,2.2815709114074707,0.050262417644262314,0.1403043270111084,0.20615065097808838,7996,10000,0.7996,323.07476149627456,323.07476149627456,26500,True,216,107500,0.0,0.0,3,LEFT,greedy,16426,26094,30064,35412,9709,98287,0.08990147783251232,1,53998,2,2,323.07476149627456,161.53738074813728,2,2,161.53738074813728,323.07476149627456,161.53738074813728,323.07476149627456,70.66755350887746,2261.3617122840787,3,LEFT,False,,
108395,double_dqn,dueling,478,,,7.0,7.0,0.05,0.0034810861106961966,1.3438947200775146,2.442621946334839,0.08624164760112762,1.3318363428115845,2.4104483127593994,0.06601584702730179,0.2882714867591858,0.373873770236969,8396,10000,0.8396,321.0121754009879,321.0121754009879,26600,True,217,108000,0.0,0.0,2,RIGHT,greedy,16521,26112,30177,35586,9734,98662,0.08980036163696077,0,54198,2,2,321.0121754009879,160.50608770049396,2,2,160.50608770049396,321.0121754009879,160.50608770049396,321.0121754009879,70.69455839881213,2262.2258687619883,2,RIGHT,False,,
108396,double_dqn,dueling,478,,,8.0,8.0,0.05,0.0034810861106961966,1.3438947200775146,2.442621946334839,0.08624164760112762,1.3318363428115845,2.4104483127593994,0.06601584702730179,0.2882714867591858,0.373873770236969,8396,10000,0.8396,321.01121315509124,321.01121315509124,26600,True,217,108000,0.0,0.0,3,LEFT,greedy,16521,26112,30177,35586,9734,98662,0.08980036163696077,1,54198,2,2,321.01121315509124,160.50560657754562,2,2,160.50560657754562,321.01121315509124,160.50560657754562,321.01121315509124,70.69434648925247,2262.219087656079,3,LEFT,False,,
108472,double_dqn,dueling,479,12.0,458,0.0,0.0,0.05,,,,,,,,,,8472,10000,0.8472,321.0202794442759,321.0202794442759,26619,True,217,108000,0.0,0.0,3,LEFT,greedy,16540,26119,30201,35612,9739,98733,0.08978353860904197,1,54236,2,2,321.0202794442759,160.51013972213795,2,2,160.51013972213795,321.0202794442759,160.51013972213795,321.0202794442759,70.78209183214204,2265.0269386285454,3,LEFT,False,,
108623,double_dqn,dueling,480,9.0,466,0.0,0.0,0.05,,,,,,,,,,8624,10000,0.8624,321.1394755476126,321.1394755476126,26657,True,218,108500,0.0,0.0,2,RIGHT,greedy,16559,26153,30249,35663,9749,98875,0.08974996317572544,0,54312,2,2,321.1394755476126,160.5697377738063,2,2,160.5697377738063,321.1394755476126,160.5697377738063,321.1394755476126,70.97539893248488,2271.212765839516,2,RIGHT,False,,
108795,double_dqn,dueling,480,,,1.0,1.0,0.05,0.0015808467287570238,1.4882209300994873,2.0630674362182617,0.6132379770278931,1.4904587268829346,2.097500801086426,0.04702288284897804,0.09922373294830322,0.21697066724300385,8796,10000,0.8796,320.283264987344,320.283264987344,26700,True,218,108500,0.0,0.0,3,LEFT,greedy,16569,26202,30293,35732,9757,99039,0.0896816059413949,0,54398,2,2,320.283264987344,160.141632493672,2,2,160.141632493672,320.283264987344,160.141632493672,320.283264987344,70.96772208507657,2270.9671067224504,3,LEFT,False,,
108796,double_dqn,dueling,480,,,2.0,2.0,0.05,0.0015808467287570238,1.4882209300994873,2.0630674362182617,0.6132379770278931,1.4904587268829346,2.097500801086426,0.04702288284897804,0.09922373294830322,0.21697066724300385,8796,10000,0.8796,320.2823553309912,320.2823553309912,26700,True,218,108500,0.0,0.0,3,LEFT,random,16569,26202,30293,35732,9757,99039,0.0896816059413949,1,54398,2,2,320.2823553309912,160.1411776654956,2,2,160.1411776654956,320.2823553309912,160.1411776654956,320.2823553309912,70.96752052525032,2270.9606568080103,3,LEFT,False,,
109156,double_dqn,dueling,481,6.0,342,0.0,0.0,0.05,,,,,,,,,,9156,10000,0.9156,319.9347383462179,319.9347383462179,26790,True,219,109000,0.0,0.0,0,NOOP,greedy,16639,26230,30402,35885,9770,99386,0.08950492872586023,1,54578,2,2,319.9347383462179,159.96736917310895,2,2,159.96736917310895,319.9347383462179,159.96736917310895,319.9347383462179,71.24802659326544,2279.936850984494,0,NOOP,False,,
109195,double_dqn,dueling,481,,,5.0,5.0,0.05,0.001864854246377945,1.5013954639434814,2.250073194503784,0.5027424097061157,1.5211725234985352,2.2376275062561035,0.04837470501661301,0.14213550090789795,0.24224542081356049,9196,10000,0.9196,319.93826680624795,319.93826680624795,26800,True,219,109000,0.0,0.0,2,RIGHT,greedy,16641,26234,30416,35905,9771,99425,0.08948129968130701,0,54598,2,2,319.93826680624795,159.96913340312398,2,2,159.96913340312398,319.93826680624795,159.96913340312398,319.93826680624795,71.28681042692497,2281.177933661599,2,RIGHT,False,,
109196,double_dqn,dueling,481,,,0.0,0.0,0.05,0.001864854246377945,1.5013954639434814,2.250073194503784,0.5027424097061157,1.5211725234985352,2.2376275062561035,0.04837470501661301,0.14213550090789795,0.24224542081356049,9196,10000,0.9196,319.9368509514088,319.9368509514088,26800,True,219,109000,0.0,0.0,2,RIGHT,greedy,16641,26234,30416,35905,9771,99425,0.08948129968130701,1,54598,2,2,319.9368509514088,159.9684254757044,2,2,159.9684254757044,319.9368509514088,159.9684254757044,319.9368509514088,71.2864949542667,2281.1678385365344,2,RIGHT,False,,
109485,double_dqn,dueling,482,11.0,431,0.0,0.0,0.05,,,,,,,,,,9486,10000,0.9486,319.84124329716417,319.84124329716417,26872,False,219,109000,0.0,0.0,1,FIRE,random,16669,26280,30526,36011,9789,99697,0.08940869152220375,0,54743,2,2,319.84124329716417,159.92062164858208,2,2,159.92062164858208,319.84124329716417,159.92062164858208,319.84124329716417,71.51415528497631,2288.452969119242,1,FIRE,False,,
109595,double_dqn,dueling,482,,,0.0,0.0,0.05,0.0100777642801404,1.4890210628509521,2.432175636291504,0.3319260776042938,1.5553009510040283,2.6136417388916016,0.08395148068666458,0.5143682360649109,0.872374951839447,9596,10000,0.9596,319.6724528644806,319.6724528644806,26900,True,220,109500,0.0,0.0,0,NOOP,greedy,16676,26306,30567,36047,9797,99799,0.08939194861126319,0,54798,2,2,319.6724528644806,159.8362264322403,2,2,159.8362264322403,319.6724528644806,159.8362264322403,319.6724528644806,71.58983964211846,2290.874868547791,0,NOOP,False,,
109596,double_dqn,dueling,482,,,4.0,4.0,0.05,0.0100777642801404,1.4890210628509521,2.432175636291504,0.3319260776042938,1.5553009510040283,2.6136417388916016,0.08395148068666458,0.5143682360649109,0.872374951839447,9596,10000,0.9596,319.6716786641074,319.6716786641074,26900,True,220,109500,1.0,1.0,3,LEFT,greedy,16676,26306,30567,36047,9797,99799,0.08939194861126319,1,54798,2,2,319.6716786641074,159.8358393320537,2,2,159.8358393320537,319.6716786641074,159.8358393320537,319.6716786641074,71.58966626189732,2290.8693203807143,3,LEFT,False,,
109872,double_dqn,dueling,483,6.0,358,0.0,0.0,0.05,,,,,,,,,,9872,10000,0.9872,318.2059876482336,318.2059876482336,26969,True,220,109500,0.0,0.0,3,LEFT,greedy,16721,26347,30667,36137,9811,100061,0.08929481578564147,1,54936,2,2,318.2059876482336,159.1029938241168,2,2,159.1029938241168,318.2059876482336,159.1029938241168,318.2059876482336,71.49320103360839,2287.7824330754684,3,LEFT,False,,
109995,double_dqn,dueling,483,,,3.0,3.0,0.05,0.0016601596726104617,1.6052851676940918,2.7503316402435303,0.3740558624267578,1.6301689147949219,2.59134840965271,0.04809729754924774,0.14961981773376465,0.1351247876882553,9996,10000,0.9996,315.52711787924784,315.52711787924784,27000,True,220,109500,0.0,0.0,3,LEFT,greedy,16726,26368,30706,36196,9814,100182,0.08922142623368122,0,54998,2,2,315.52711787924784,157.76355893962392,2,2,157.76355893962392,315.52711787924784,157.76355893962392,315.52711787924784,70.99044498903845,2271.6942396492304,3,LEFT,False,,
109996,double_dqn,dueling,483,,,1.0,1.0,0.05,0.0016601596726104617,1.6052851676940918,2.7503316402435303,0.3740558624267578,1.6301689147949219,2.59134840965271,0.04809729754924774,0.14961981773376465,0.1351247876882553,9996,10000,0.9996,315.52629421439013,315.52629421439013,27000,True,220,109500,0.0,0.0,3,LEFT,greedy,16726,26368,30706,36196,9814,100182,0.08922142623368122,1,54998,2,2,315.52629421439013,157.76314710719507,2,2,157.76314710719507,315.52629421439013,157.76314710719507,315.52629421439013,70.99025967268541,2271.688309525933,3,LEFT,False,,
110229,double_dqn,dueling,484,6.0,372,0.0,0.0,0.05,,,,,,,,,,10000,10000,1.0,315.8529143439908,315.8529143439908,27058,False,221,110000,0.0,0.0,3,LEFT,greedy,16753,26396,30772,36309,9834,100396,0.0892134627596843,0,55115,2,2,315.8529143439908,157.9264571719954,2,2,157.9264571719954,315.8529143439908,157.9264571719954,315.8529143439908,71.22900033153341,2279.328010609069,3,LEFT,False,,
110390,double_dqn,dueling,485,4.0,259,0.0,0.0,0.05,,,,,,,,,,10000,10000,1.0,315.7731451691692,315.7731451691692,27098,False,221,110000,0.0,0.0,2,RIGHT,greedy,16788,26428,30815,36359,9837,100553,0.08911133254823807,1,55195,2,2,315.7731451691692,157.8865725845846,2,2,157.8865725845846,315.7731451691692,157.8865725845846,315.7731451691692,71.33008389913763,2282.5626847724043,2,RIGHT,False,,
110395,double_dqn,dueling,485,,,2.0,2.0,0.05,0.00354611873626709,1.4913761615753174,2.443211793899536,0.2860122323036194,1.536392092704773,2.4045920372009277,0.066006600856781,0.2580149173736572,0.3170081675052643,10000,10000,1.0,315.6780035058581,315.6780035058581,27100,True,221,110000,0.0,0.0,2,RIGHT,greedy,16788,26430,30818,36360,9837,100559,0.08910648936555672,0,55198,2,2,315.6780035058581,157.83900175292905,2,2,157.83900175292905,315.6780035058581,157.83900175292905,315.6780035058581,71.32816758707779,2282.501362786489,2,RIGHT,False,,
110396,double_dqn,dueling,485,,,0.0,0.0,0.05,0.00354611873626709,1.4913761615753174,2.443211793899536,0.2860122323036194,1.536392092704773,2.4045920372009277,0.066006600856781,0.2580149173736572,0.3170081675052643,10000,10000,1.0,315.6762512555688,315.6762512555688,27100,True,221,110000,0.0,0.0,3,LEFT,greedy,16788,26430,30818,36360,9837,100559,0.08910648936555672,1,55198,2,2,315.6762512555688,157.8381256277844,2,2,157.8381256277844,315.6762512555688,157.8381256277844,315.6762512555688,71.32777166211342,2282.4886931876295,3,LEFT,False,,
110795,double_dqn,dueling,485,,,6.0,6.0,0.05,0.0022793069947510958,1.4770375490188599,2.676121950149536,0.3248175382614136,1.4907727241516113,2.6585853099823,0.049955595284700394,0.16055774688720703,0.2216261774301529,10000,10000,1.0,315.81567885415086,315.81567885415086,27200,True,222,110500,0.0,0.0,0,NOOP,greedy,16850,26443,30955,36548,9856,100940,0.08895628001010866,0,55398,2,2,315.81567885415086,157.90783942707543,2,2,157.90783942707543,315.81567885415086,157.90783942707543,315.81567885415086,71.64066297830821,2292.501215305863,0,NOOP,False,,
110796,double_dqn,dueling,485,,,4.0,4.0,0.05,0.0022793069947510958,1.4770375490188599,2.676121950149536,0.3248175382614136,1.4907727241516113,2.6585853099823,0.049955595284700394,0.16055774688720703,0.2216261774301529,10000,10000,1.0,315.8149868872899,315.8149868872899,27200,True,222,110500,0.0,0.0,3,LEFT,greedy,16850,26443,30955,36548,9856,100940,0.08895628001010866,1,55398,2,2,315.8149868872899,157.90749344364494,2,2,157.90749344364494,315.8149868872899,157.90749344364494,315.8149868872899,71.64050601027907,2292.49619232893,3,LEFT,False,,
111050,double_dqn,dueling,486,5.0,330,0.0,0.0,0.05,,,,,,,,,,10000,10000,1.0,316.01348999583684,316.01348999583684,27263,False,223,111000,0.0,0.0,1,FIRE,greedy,16933,26459,31029,36629,9868,101182,0.08886087348041423,1,55525,2,2,316.01348999583684,158.00674499791842,2,2,158.00674499791842,316.01348999583684,158.00674499791842,316.01348999583684,71.83944677552417,2298.8622968167733,1,FIRE,False,,
111195,double_dqn,dueling,486,,,9.0,9.0,0.05,0.0036088586784899235,1.5823817253112793,2.844834566116333,0.6336441040039062,1.6089071035385132,2.822036027908325,0.06483657658100128,0.20075881481170654,0.16838884353637695,10000,10000,1.0,315.9080581606888,315.9080581606888,27300,True,223,111000,0.0,0.0,2,RIGHT,greedy,16959,26487,31081,36669,9878,101318,0.08883413072412677,0,55598,2,2,315.9080581606888,157.9540290803444,2,2,157.9540290803444,315.9080581606888,157.9540290803444,315.9080581606888,71.92297608535154,2301.535234731249,2,RIGHT,False,,
111196,double_dqn,dueling,486,,,1.0,1.0,0.05,0.0036088586784899235,1.5823817253112793,2.844834566116333,0.6336441040039062,1.6089071035385132,2.822036027908325,0.06483657658100128,0.20075881481170654,0.16838884353637695,10000,10000,1.0,315.9073673495747,315.9073673495747,27300,True,223,111000,0.0,0.0,0,NOOP,greedy,16959,26487,31081,36669,9878,101318,0.08883413072412677,1,55598,2,2,315.9073673495747,157.95368367478736,2,2,157.95368367478736,315.9073673495747,157.95368367478736,315.9073673495747,71.92281880797302,2301.5302018551365,0,NOOP,False,,
111267,double_dqn,dueling,487,10.0,519,0.0,0.0,0.05,,,,,,,,,,10000,10000,1.0,315.74160363962073,315.74160363962073,27318,True,223,111000,0.0,0.0,3,LEFT,greedy,16971,26496,31105,36696,9881,101387,0.08880360930366323,0,55634,2,2,315.74160363962073,157.87080181981037,2,2,157.87080181981037,315.74160363962073,157.87080181981037,315.74160363962073,71.93012926365871,2301.764136437079,3,LEFT,False,,
111595,double_dqn,dueling,487,,,4.0,4.0,0.05,0.0017026152927428484,1.4516618251800537,2.3313047885894775,0.44656893610954285,1.4650273323059082,2.2934939861297607,0.04770994931459427,0.11741507053375244,0.17472457885742188,10000,10000,1.0,314.81983391130564,314.81983391130564,27400,True,224,111500,0.0,0.0,2,RIGHT,greedy,17050,26535,31203,36808,9899,101697,0.08870389619699631,0,55798,2,2,314.81983391130564,157.40991695565282,2,2,157.40991695565282,314.81983391130564,157.40991695565282,314.81983391130564,71.91770783296383,2301.3666506548425,2,RIGHT,False,,
111596,double_dqn,dueling,487,,,4.0,4.0,0.05,0.0017026152927428484,1.4516618251800537,2.3313047885894775,0.44656893610954285,1.4650273323059082,2.2934939861297607,0.04770994931459427,0.11741507053375244,0.17472457885742188,10000,10000,1.0,314.8191433123378,314.8191433123378,27400,True,224,111500,0.0,0.0,1,FIRE,fire_reset,17050,26535,31203,36808,9899,101697,0.08870389619699631,1,55798,2,2,314.8191433123378,157.4095716561689,2,2,157.4095716561689,314.8191433123378,157.4095716561689,314.8191433123378,71.91755007195437,2301.3616023025397,2,RIGHT,True,after_life_loss,
111804,double_dqn,dueling,488,6.0,377,0.0,0.0,0.05,,,,,,,,,,10000,10000,1.0,313.9014281703946,313.9014281703946,27452,True,224,111500,0.0,0.0,0,NOOP,greedy,17122,26547,31250,36885,9905,101899,0.08859253693964438,1,55902,2,2,313.9014281703946,156.9507140851973,2,2,156.9507140851973,313.9014281703946,156.9507140851973,313.9014281703946,71.82715668317823,2298.4690138617034,0,NOOP,False,,
111927,double_dqn,dueling,489,6.0,330,0.0,0.0,0.05,,,,,,,,,,10000,10000,1.0,313.70915311117056,313.70915311117056,27483,True,224,111500,0.0,0.0,3,LEFT,greedy,17133,26575,31275,36945,9915,102013,0.08858373239939961,0,55964,2,2,313.70915311117056,156.85457655558528,2,2,156.85457655558528,313.70915311117056,156.85457655558528,313.70915311117056,71.85223057509373,2299.2713784029993,3,LEFT,False,,
111995,double_dqn,dueling,489,,,0.0,0.0,0.05,0.006912411190569401,1.3577803373336792,2.830432653427124,0.4103213846683502,1.399816870689392,2.864177942276001,0.07557271420955658,0.5441642999649048,0.3696937561035156,10000,10000,1.0,313.52096291170955,313.52096291170955,27500,True,224,111500,0.0,0.0,2,RIGHT,greedy,17139,26591,31298,36968,9918,102078,0.08855673416907747,0,55998,2,2,313.52096291170955,156.76048145585477,2,2,156.76048145585477,313.52096291170955,156.76048145585477,313.52096291170955,71.84637604570602,2299.0840334625927,2,RIGHT,False,,
111996,double_dqn,dueling,489,,,1.0,1.0,0.05,0.006912411190569401,1.3577803373336792,2.830432653427124,0.4103213846683502,1.399816870689392,2.864177942276001,0.07557271420955658,0.5441642999649048,0.3696937561035156,10000,10000,1.0,313.5203114887445,313.5203114887445,27500,True,224,111500,0.0,0.0,1,FIRE,greedy,17139,26591,31298,36968,9918,102078,0.08855673416907747,1,55998,2,2,313.5203114887445,156.76015574437224,2,2,156.76015574437224,313.5203114887445,156.76015574437224,313.5203114887445,71.84622676580182,2299.079256505658,1,FIRE,False,,
112292,double_dqn,dueling,490,3.0,244,0.0,0.0,0.05,,,,,,,,,,10000,10000,1.0,311.8816039187445,311.8816039187445,27574,True,225,112000,0.0,0.0,3,LEFT,greedy,17180,26631,31395,37086,9942,102350,0.08853702846151106,1,56146,2,2,311.8816039187445,155.94080195937224,2,2,155.94080195937224,311.8816039187445,155.94080195937224,311.8816039187445,71.62721834222386,2292.0709869511634,3,LEFT,False,,
112395,double_dqn,dueling,490,,,4.0,4.0,0.05,0.002480390015989542,1.7190090417861938,2.5331931114196777,0.7330201864242554,1.7110085487365723,2.49282169342041,0.05397913604974747,0.1725543737411499,0.3397614359855652,10000,10000,1.0,311.28703276039136,311.28703276039136,27600,True,225,112000,0.0,0.0,3,LEFT,greedy,17196,26646,31422,37132,9949,102447,0.08851738496031887,0,56198,2,2,311.28703276039136,155.64351638019568,2,2,155.64351638019568,311.28703276039136,155.64351638019568,311.28703276039136,71.54378479625322,2289.401113480103,3,LEFT,False,,
112396,double_dqn,dueling,490,,,1.0,1.0,0.05,0.002480390015989542,1.7190090417861938,2.5331931114196777,0.7330201864242554,1.7110085487365723,2.49282169342041,0.05397913604974747,0.1725543737411499,0.3397614359855652,10000,10000,1.0,311.28597590570774,311.28597590570774,27600,True,225,112000,0.0,0.0,3,LEFT,greedy,17196,26646,31422,37132,9949,102447,0.08851738496031887,1,56198,2,2,311.28597590570774,155.64298795285387,2,2,155.64298795285387,311.28597590570774,155.64298795285387,311.28597590570774,71.54354189701205,2289.3933407043855,3,LEFT,False,,
112483,double_dqn,dueling,491,4.0,278,0.0,0.0,0.05,,,,,,,,,,10000,10000,1.0,310.9910796701187,310.9910796701187,27622,True,225,112000,0.0,0.0,3,LEFT,greedy,17199,26667,31425,37193,9953,102531,0.08848369545890972,0,56242,2,2,310.9910796701187,155.49553983505936,2,2,155.49553983505936,310.9910796701187,155.49553983505936,310.9910796701187,71.51997674887141,2288.6392559638853,3,LEFT,False,,
112795,double_dqn,dueling,491,,,2.0,2.0,0.05,0.002904796740040183,1.493035078048706,2.637267589569092,0.40408819913864136,1.4953585863113403,2.572458267211914,0.05985531955957413,0.1871042251586914,0.32239285111427307,10000,10000,1.0,310.26431658682253,310.26431658682253,27700,True,226,112500,0.0,0.0,0,NOOP,greedy,17283,26708,31500,37305,9967,102829,0.08836306251994752,0,56398,2,2,310.26431658682253,155.13215829341127,2,2,155.13215829341127,310.26431658682253,155.13215829341127,310.26431658682253,71.50433491829787,2288.138717385532,0,NOOP,False,,
112796,double_dqn,dueling,491,,,4.0,4.0,0.05,0.002904796740040183,1.493035078048706,2.637267589569092,0.40408819913864136,1.4953585863113403,2.572458267211914,0.05985531955957413,0.1871042251586914,0.32239285111427307,10000,10000,1.0,310.263750859576,310.263750859576,27700,True,226,112500,0.0,0.0,3,LEFT,greedy,17283,26708,31500,37305,9967,102829,0.08836306251994752,1,56398,2,2,310.263750859576,155.131875429788,2,2,155.131875429788,310.263750859576,155.131875429788,310.263750859576,71.50420453930055,2288.1345452576174,3,LEFT,False,,
113045,double_dqn,dueling,492,4.0,281,0.0,0.0,0.05,,,,,,,,,,10000,10000,1.0,310.39698222810233,310.39698222810233,27762,False,227,113000,0.0,0.0,3,LEFT,greedy,17319,26718,31590,37419,9981,103065,0.08829149195902553,0,56523,2,2,310.39698222810233,155.19849111405117,2,2,155.19849111405117,310.39698222810233,155.19849111405117,310.39698222810233,71.63922378421096,2292.4551610947506,3,LEFT,False,,
113048,double_dqn,dueling,493,6.0,378,0.0,0.0,0.05,,,,,,,,,,10000,10000,1.0,310.309014839575,310.309014839575,27763,True,227,113000,0.0,0.0,3,LEFT,greedy,17319,26719,31590,37420,9982,103066,0.08829877574127803,1,56524,2,2,310.309014839575,155.1545074197875,2,2,155.1545074197875,310.309014839575,155.1545074197875,310.309014839575,71.63172537529123,2292.215212009319,3,LEFT,False,,
113195,double_dqn,dueling,493,,,1.0,1.0,0.05,0.006785357836633921,1.4868470430374146,2.6970927715301514,0.3906923234462738,1.5396928787231445,2.7225866317749023,0.07718536257743835,0.47859930992126465,0.3890809118747711,10000,10000,1.0,310.47162343055675,310.47162343055675,27800,True,227,113000,0.0,0.0,2,RIGHT,greedy,17335,26757,31625,37479,9986,103210,0.08821866497049366,0,56598,2,2,310.47162343055675,155.23581171527837,2,2,155.23581171527837,310.47162343055675,155.23581171527837,310.47162343055675,71.73597907242859,2295.551330317715,2,RIGHT,False,,
113196,double_dqn,dueling,493,,,1.0,1.0,0.05,0.006785357836633921,1.4868470430374146,2.6970927715301514,0.3906923234462738,1.5396928787231445,2.7225866317749023,0.07718536257743835,0.47859930992126465,0.3890809118747711,10000,10000,1.0,310.47106096991615,310.47106096991615,27800,True,227,113000,0.0,0.0,2,RIGHT,greedy,17335,26757,31625,37479,9986,103210,0.08821866497049366,1,56598,2,2,310.47106096991615,155.23553048495808,2,2,155.23553048495808,310.47106096991615,155.23553048495808,310.47106096991615,71.73584911316114,2295.5471716211564,2,RIGHT,False,,
113508,double_dqn,dueling,494,3.0,230,0.0,0.0,0.05,,,,,,,,,,10000,10000,1.0,310.78346948164653,310.78346948164653,27878,True,228,113500,0.0,0.0,1,FIRE,greedy,17386,26824,31701,37597,10001,103507,0.08810832716636713,1,56754,2,2,310.78346948164653,155.39173474082327,2,2,155.39173474082327,310.78346948164653,155.39173474082327,310.78346948164653,71.94402643389907,2302.20884588477,1,FIRE,False,,
113595,double_dqn,dueling,494,,,5.0,5.0,0.05,0.0018244534730911255,1.5698776245117188,2.745626449584961,0.4761698842048645,1.5720703601837158,2.728006601333618,0.044692061841487885,0.1668320894241333,0.19497647881507874,10000,10000,1.0,310.82828561902727,310.82828561902727,27900,True,228,113500,1.0,1.0,3,LEFT,greedy,17391,26835,31724,37646,10007,103589,0.08809289059473925,0,56798,2,2,310.82828561902727,155.41414280951363,2,2,155.41414280951363,310.82828561902727,155.41414280951363,310.82828561902727,71.99163514374204,2303.7323245997454,3,LEFT,False,,
113596,double_dqn,dueling,494,,,1.0,1.0,0.05,0.0018244534730911255,1.5698776245117188,2.745626449584961,0.4761698842048645,1.5720703601837158,2.728006601333618,0.044692061841487885,0.1668320894241333,0.19497647881507874,10000,10000,1.0,310.8277668756297,310.8277668756297,27900,True,228,113500,0.0,0.0,2,RIGHT,greedy,17391,26835,31724,37646,10007,103589,0.08809289059473925,1,56798,2,2,310.8277668756297,155.41388343781486,2,2,155.41388343781486,310.8277668756297,155.41388343781486,310.8277668756297,71.99151499642234,2303.728479885515,2,RIGHT,False,,
113831,double_dqn,dueling,495,8.0,393,0.0,0.0,0.05,,,,,,,,,,10000,10000,1.0,311.0114125764673,311.0114125764673,27959,True,228,113500,0.0,0.0,0,NOOP,greedy,17484,26846,31786,37716,10015,103817,0.08798053271487806,0,56916,2,2,311.0114125764673,155.50570628823365,2,2,155.50570628823365,311.0114125764673,155.50570628823365,311.0114125764673,72.13162315972434,2308.211941111179,0,NOOP,False,,
113995,double_dqn,dueling,495,,,2.0,2.0,0.05,0.0015261007938534021,1.4433082342147827,2.5837602615356445,0.22071097791194916,1.4624942541122437,2.5654382705688477,0.0441148541867733,0.16638612747192383,0.18602007627487183,10000,10000,1.0,311.1105216107752,311.1105216107752,28000,True,228,113500,0.0,0.0,2,RIGHT,greedy,17537,26860,31827,37772,10021,103975,0.08790659321379697,0,56998,2,2,311.1105216107752,155.5552608053876,2,2,155.5552608053876,311.1105216107752,155.5552608053876,311.1105216107752,72.22049762170681,2311.055923894618,2,RIGHT,False,,
113996,double_dqn,dueling,495,,,4.0,4.0,0.05,0.0015261007938534021,1.4433082342147827,2.5837602615356445,0.22071097791194916,1.4624942541122437,2.5654382705688477,0.0441148541867733,0.16638612747192383,0.18602007627487183,10000,10000,1.0,311.1100375239688,311.1100375239688,28000,True,228,113500,0.0,0.0,2,RIGHT,greedy,17537,26860,31827,37772,10021,103975,0.08790659321379697,1,56998,2,2,311.1100375239688,155.5550187619844,2,2,155.5550187619844,311.1100375239688,155.5550187619844,311.1100375239688,72.22038524688301,2311.0523279002564,2,RIGHT,False,,
114118,double_dqn,dueling,496,5.0,305,0.0,0.0,0.05,,,,,,,,,,10000,10000,1.0,311.18625722172845,311.18625722172845,28030,False,229,114000,0.0,0.0,1,FIRE,greedy,17568,26881,31859,37810,10026,104092,0.08785642931001245,1,57059,2,2,311.18625722172845,155.59312861086423,2,2,155.59312861086423,311.18625722172845,155.59312861086423,311.18625722172845,72.27509119068193,2312.802918101822,1,FIRE,False,,
114395,double_dqn,dueling,496,,,5.0,5.0,0.05,0.003144164802506566,1.4725334644317627,2.4617605209350586,0.4953951835632324,1.4798942804336548,2.4543192386627197,0.05737961828708649,0.20705902576446533,0.2830052673816681,10000,10000,1.0,311.08026882434467,311.08026882434467,28100,True,229,114000,0.0,0.0,3,LEFT,greedy,17593,26913,31968,37922,10038,104358,0.0877478233504668,0,57198,2,2,311.08026882434467,155.54013441217234,2,2,155.54013441217234,311.08026882434467,155.54013441217234,311.08026882434467,72.36786748351837,2315.7717594725877,3,LEFT,False,,
114396,double_dqn,dueling,496,,,2.0,2.0,0.05,0.003144164802506566,1.4725334644317627,2.4617605209350586,0.4953951835632324,1.4798942804336548,2.4543192386627197,0.05737961828708649,0.20705902576446533,0.2830052673816681,10000,10000,1.0,311.07972500952593,311.07972500952593,28100,True,229,114000,0.0,0.0,2,RIGHT,greedy,17593,26913,31968,37922,10038,104358,0.0877478233504668,1,57198,2,2,311.07972500952593,155.53986250476297,2,2,155.53986250476297,311.07972500952593,155.53986250476297,311.07972500952593,72.36774097366646,2315.7677111573266,2,RIGHT,False,,
114747,double_dqn,dueling,497,9.0,458,0.0,0.0,0.05,,,,,,,,,,10000,10000,1.0,311.257804776624,311.257804776624,28188,True,230,114500,0.0,0.0,3,LEFT,greedy,17642,26961,32095,38050,10054,104694,0.08761808484679472,0,57374,2,2,311.257804776624,155.628902388312,2,2,155.628902388312,311.257804776624,155.628902388312,311.257804776624,72.53817975435697,2321.221752139423,3,LEFT,False,,
114795,double_dqn,dueling,497,,,0.0,0.0,0.05,0.0019114743918180466,1.3465428352355957,2.428699254989624,0.2876012623310089,1.3630489110946655,2.444819927215576,0.0475253164768219,0.14339780807495117,0.11101722717285156,10000,10000,1.0,311.3279725387394,311.3279725387394,28200,True,230,114500,0.0,0.0,3,LEFT,greedy,17643,26966,32108,38079,10057,104739,0.08760758214571936,0,57398,2,2,311.3279725387394,155.6639862693697,2,2,155.6639862693697,311.3279725387394,155.6639862693697,311.3279725387394,72.5716529660795,2322.292894914544,3,LEFT,False,,
114796,double_dqn,dueling,497,,,6.0,6.0,0.05,0.0019114743918180466,1.3465428352355957,2.428699254989624,0.2876012623310089,1.3630489110946655,2.444819927215576,0.0475253164768219,0.14339780807495117,0.11101722717285156,10000,10000,1.0,311.3274779568782,311.3274779568782,28200,True,230,114500,0.0,0.0,3,LEFT,greedy,17643,26966,32108,38079,10057,104739,0.08760758214571936,1,57398,2,2,311.3274779568782,155.6637389784391,2,2,155.6637389784391,311.3274779568782,155.6637389784391,311.3274779568782,72.57153767729609,2322.289205673475,3,LEFT,False,,
114940,double_dqn,dueling,498,7.0,411,0.0,0.0,0.05,,,,,,,,,,10000,10000,1.0,311.07877381851006,311.07877381851006,28236,True,230,114500,0.0,0.0,2,RIGHT,greedy,17651,26974,32166,38149,10064,104876,0.08755872629197842,1,57470,2,2,311.07877381851006,155.53938690925503,2,2,155.53938690925503,311.07877381851006,155.53938690925503,311.07877381851006,72.56422535190815,2322.055211261061,2,RIGHT,False,,
115195,double_dqn,dueling,498,,,5.0,5.0,0.05,0.0030393630731850863,1.3661648035049438,2.475301504135132,0.4213833808898926,1.3818573951721191,2.467989921569824,0.05183371528983116,0.2713203430175781,0.20405985414981842,10000,10000,1.0,311.3684642360566,311.3684642360566,28300,True,231,115000,0.0,0.0,2,RIGHT,greedy,17729,27011,32243,38213,10082,105114,0.08752040001388937,0,57598,2,2,311.3684642360566,155.6842321180283,2,2,155.6842321180283,311.3684642360566,155.6842321180283,311.3684642360566,72.71957617621511,2327.0264376388836,2,RIGHT,False,,
115196,double_dqn,dueling,498,,,2.0,2.0,0.05,0.0030393630731850863,1.3661648035049438,2.475301504135132,0.4213833808898926,1.3818573951721191,2.467989921569824,0.05183371528983116,0.2713203430175781,0.20405985414981842,10000,10000,1.0,311.36800168769616,311.36800168769616,28300,True,231,115000,0.0,0.0,2,RIGHT,greedy,17729,27011,32243,38213,10082,105114,0.08752040001388937,1,57598,2,2,311.36800168769616,155.68400084384808,2,2,155.68400084384808,311.36800168769616,155.68400084384808,311.36800168769616,72.71946814883086,2327.0229807625874,2,RIGHT,False,,
115423,double_dqn,dueling,499,6.0,338,0.0,0.0,0.05,,,,,,,,,,10000,10000,1.0,311.49510817755686,311.49510817755686,28357,True,231,115000,0.0,0.0,0,NOOP,greedy,17790,27035,32309,38290,10093,105331,0.08744281951760466,0,57712,2,2,311.49510817755686,155.74755408877843,2,2,155.74755408877843,311.49510817755686,155.74755408877843,311.49510817755686,72.82490664472705,2330.3970126312656,0,NOOP,False,,
115595,double_dqn,dueling,499,,,2.0,2.0,0.05,0.002314762445166707,1.54025137424469,2.1876509189605713,0.5480472445487976,1.5307605266571045,2.2395806312561035,0.05548471957445145,0.1553516387939453,0.29213637113571167,10000,10000,1.0,311.7329134921632,311.7329134921632,28400,True,232,115500,0.0,0.0,2,RIGHT,greedy,17838,27056,32361,38341,10105,105491,0.08741651960275441,0,57798,2,2,311.7329134921632,155.8664567460816,2,2,155.8664567460816,311.7329134921632,155.8664567460816,311.7329134921632,72.93622732321772,2333.959274342967,2,RIGHT,False,,
115596,double_dqn,dueling,499,,,6.0,6.0,0.05,0.002314762445166707,1.54025137424469,2.1876509189605713,0.5480472445487976,1.5307605266571045,2.2395806312561035,0.05548471957445145,0.1553516387939453,0.29213637113571167,10000,10000,1.0,311.73245676663464,311.73245676663464,28400,True,232,115500,0.0,0.0,0,NOOP,greedy,17838,27056,32361,38341,10105,105491,0.08741651960275441,1,57798,2,2,311.73245676663464,155.86622838331732,2,2,155.86622838331732,311.73245676663464,155.86622838331732,311.73245676663464,72.93612046303218,2333.95585481703,0,NOOP,False,,
115818,double_dqn,dueling,500,8.0,439,0.0,0.0,0.05,,,,,,,,,,10000,10000,1.0,312.04343144343824,312.04343144343824,28455,False,232,115500,0.0,0.0,2,RIGHT,greedy,17876,27081,32403,38458,10114,105704,0.08732666770277504,1,57909,2,2,312.04343144343824,156.02171572171912,2,2,156.02171572171912,312.04343144343824,156.02171572171912,312.04343144343824,73.06921671933843,2338.2149350188297,2,RIGHT,False,,
115995,double_dqn,dueling,500,,,6.0,6.0,0.05,0.0019303279696032405,1.4541231393814087,2.2954800128936768,0.29154255986213684,1.4506585597991943,2.3209643363952637,0.0497695654630661,0.16476202011108398,0.2895144820213318,10000,10000,1.0,312.3456333837309,312.3456333837309,28500,True,232,115500,0.0,0.0,0,NOOP,greedy,17934,27098,32450,38514,10119,105877,0.0872357667505776,0,57998,2,2,312.3456333837309,156.17281669186545,2,2,156.17281669186545,312.3456333837309,156.17281669186545,312.3456333837309,73.2047874190802,2342.5531974105666,0,NOOP,False,,
115996,double_dqn,dueling,500,,,2.0,2.0,0.05,0.0019303279696032405,1.4541231393814087,2.2954800128936768,0.29154255986213684,1.4506585597991943,2.3209643363952637,0.0497695654630661,0.16476202011108398,0.2895144820213318,10000,10000,1.0,312.3451838873265,312.3451838873265,28500,True,232,115500,0.0,0.0,2,RIGHT,greedy,17934,27098,32450,38514,10119,105877,0.0872357667505776,1,57998,2,2,312.3451838873265,156.17259194366326,2,2,156.17259194366326,312.3451838873265,156.17259194366326,312.3451838873265,73.20468207011673,2342.5498262437354,2,RIGHT,False,,
116299,double_dqn,dueling,501,8.0,438,0.0,0.0,0.05,,,,,,,,,,10000,10000,1.0,312.2377926870935,312.2377926870935,28576,True,233,116000,0.0,0.0,1,FIRE,greedy,17984,27146,32531,38639,10134,106166,0.08713671539122958,0,58150,2,2,312.2377926870935,156.11889634354674,2,2,156.11889634354674,312.2377926870935,156.11889634354674,312.2377926870935,73.27052497105107,2344.6567990736344,1,FIRE,False,,
116395,double_dqn,dueling,501,,,1.0,1.0,0.05,0.002051854506134987,1.4132145643234253,2.744934320449829,0.25909745693206787,1.4485305547714233,2.734570026397705,0.04743240028619766,0.17915642261505127,0.11378353089094162,10000,10000,1.0,312.31190046282586,312.31190046282586,28600,True,233,116000,0.0,0.0,3,LEFT,greedy,17986,27155,32566,38689,10141,106255,0.08712498711295921,0,58198,2,2,312.31190046282586,156.15595023141293,2,2,156.15595023141293,312.31190046282586,156.15595023141293,312.31190046282586,73.3159615077712,2346.1107682486786,3,LEFT,False,,
116396,double_dqn,dueling,501,,,5.0,5.0,0.05,0.002051854506134987,1.4132145643234253,2.744934320449829,0.25909745693206787,1.4485305547714233,2.734570026397705,0.04743240028619766,0.17915642261505127,0.11378353089094162,10000,10000,1.0,312.31149534131845,312.31149534131845,28600,True,233,116000,0.0,0.0,0,NOOP,greedy,17986,27155,32566,38689,10141,106255,0.08712498711295921,1,58198,2,2,312.31149534131845,156.15574767065922,2,2,156.15574767065922,312.31149534131845,156.15574767065922,312.31149534131845,73.31586640453371,2346.1077249450786,0,NOOP,False,,
116795,double_dqn,dueling,501,,,5.0,5.0,0.05,0.0017733382992446423,1.4842194318771362,2.382838249206543,0.2974872291088104,1.506437063217163,2.4400758743286133,0.04669608175754547,0.13171696662902832,0.1740233600139618,10000,10000,1.0,311.7577771404702,311.7577771404702,28700,True,234,116500,0.0,0.0,2,RIGHT,greedy,18086,27176,32704,38830,10164,106632,0.08702352820302064,0,58398,2,2,311.7577771404702,155.8788885702351,2,2,155.8788885702351,311.7577771404702,155.8788885702351,311.7577771404702,73.29908680207888,2345.570777666524,2,RIGHT,False,,
116796,double_dqn,dueling,501,,,10.0,10.0,0.05,0.0017733382992446423,1.4842194318771362,2.382838249206543,0.2974872291088104,1.506437063217163,2.4400758743286133,0.04669608175754547,0.13171696662902832,0.1740233600139618,10000,10000,1.0,311.75705670228024,311.75705670228024,28700,True,234,116500,0.0,0.0,2,RIGHT,greedy,18086,27176,32704,38830,10164,106632,0.08702352820302064,1,58398,2,2,311.75705670228024,155.87852835114012,2,2,155.87852835114012,311.75705670228024,155.87852835114012,311.75705670228024,73.29891741589095,2345.5653573085106,2,RIGHT,False,,
116884,double_dqn,dueling,502,11.0,533,0.0,0.0,0.05,,,,,,,,,,10000,10000,1.0,311.57423719375066,311.57423719375066,28722,True,234,116500,0.0,0.0,2,RIGHT,greedy,18094,27190,32733,38867,10168,106716,0.08699223161425003,1,58442,2,2,311.57423719375066,155.78711859687533,2,2,155.78711859687533,311.57423719375066,155.78711859687533,311.57423719375066,73.28010518220705,2344.9633658306257,2,RIGHT,False,,
117123,double_dqn,dueling,503,8.0,412,0.0,0.0,0.05,,,,,,,,,,10000,10000,1.0,311.6648044374026,311.6648044374026,28782,True,235,117000,0.0,0.0,1,FIRE,greedy,18142,27244,32786,38952,10180,106944,0.08691643044977972,0,58562,2,2,311.6648044374026,155.8324022187013,2,2,155.8324022187013,311.6648044374026,155.8324022187013,311.6648044374026,73.36608424942595,2347.7146959816305,1,FIRE,False,,
117195,double_dqn,dueling,503,,,0.0,0.0,0.05,0.0026417477056384087,1.4673973321914673,2.90869140625,0.34218326210975647,1.4880613088607788,2.8215231895446777,0.05910395830869675,0.16508066654205322,0.3796975612640381,10000,10000,1.0,311.6418460113904,311.6418460113904,28800,True,235,117000,0.0,0.0,3,LEFT,greedy,18144,27257,32813,38982,10181,107015,0.08687156558244309,0,58598,2,2,311.6418460113904,155.8209230056952,2,2,155.8209230056952,311.6418460113904,155.8209230056952,311.6418460113904,73.37972984997207,2348.151355199106,3,LEFT,False,,
117196,double_dqn,dueling,503,,,2.0,2.0,0.05,0.0026417477056384087,1.4673973321914673,2.90869140625,0.34218326210975647,1.4880613088607788,2.8215231895446777,0.05910395830869675,0.16508066654205322,0.3796975612640381,10000,10000,1.0,311.6414139505207,311.6414139505207,28800,True,235,117000,0.0,0.0,1,FIRE,fire_reset,18144,27257,32813,38982,10181,107015,0.08687156558244309,1,58598,2,2,311.6414139505207,155.82070697526035,2,2,155.82070697526035,311.6414139505207,155.82070697526035,311.6414139505207,73.37962811616994,2348.148099717438,3,LEFT,True,after_life_loss,
117340,double_dqn,dueling,504,3.0,228,0.0,0.0,0.05,,,,,,,,,,10000,10000,1.0,311.3571400725895,311.3571400725895,28836,True,235,117000,0.0,0.0,1,FIRE,greedy,18158,27264,32855,39063,10188,107152,0.08682461223794102,1,58670,2,2,311.3571400725895,155.67857003629476,2,2,155.67857003629476,311.3571400725895,155.67857003629476,311.3571400725895,73.35028357534765,2347.2090744111247,1,FIRE,False,,
117595,double_dqn,dueling,504,,,5.0,5.0,0.05,0.0013282248983159661,1.5010273456573486,2.5856752395629883,0.4974256753921509,1.5120970010757446,2.6321351528167725,0.04070166125893593,0.10709643363952637,0.09446780383586884,10000,10000,1.0,311.5492610672674,311.5492610672674,28900,True,236,117500,0.0,0.0,3,LEFT,greedy,18178,27295,32942,39181,10196,107400,0.08670362937514882,0,58798,2,2,311.5492610672674,155.7746305336337,2,2,155.7746305336337,311.5492610672674,155.7746305336337,311.5492610672674,73.46089362173747,2350.748595895599,3,LEFT,False,,
117596,double_dqn,dueling,504,,,1.0,1.0,0.05,0.0013282248983159661,1.5010273456573486,2.5856752395629883,0.4974256753921509,1.5120970010757446,2.6321351528167725,0.04070166125893593,0.10709643363952637,0.09446780383586884,10000,10000,1.0,311.5488468017375,311.5488468017375,28900,True,236,117500,0.0,0.0,3,LEFT,greedy,18178,27295,32942,39181,10196,107400,0.08670362937514882,1,58798,2,2,311.5488468017375,155.77442340086876,2,2,155.77442340086876,311.5488468017375,155.77442340086876,311.5488468017375,73.46079594114622,2350.745470116679,3,LEFT,False,,
117855,double_dqn,dueling,505,7.0,366,0.0,0.0,0.05,,,,,,,,,,10000,10000,1.0,311.57375579547136,311.57375579547136,28965,True,236,117500,0.0,0.0,2,RIGHT,greedy,18232,27312,33041,39271,10206,107650,0.08659720336682053,0,58928,2,2,311.57375579547136,155.78687789773568,2,2,155.78687789773568,311.57375579547136,155.78687789773568,311.57375579547136,73.53112717977801,2352.9960697528963,2,RIGHT,False,,
117995,double_dqn,dueling,505,,,1.0,1.0,0.05,0.002110398607328534,1.6322327852249146,2.7488455772399902,0.5717663168907166,1.638170599937439,2.7535736560821533,0.04872822389006615,0.1729440689086914,0.2774578928947449,10000,10000,1.0,311.66145732287976,311.66145732287976,29000,True,236,117500,0.0,0.0,2,RIGHT,greedy,18243,27337,33087,39329,10212,107784,0.08654530662056341,0,58998,2,2,311.66145732287976,155.83072866143988,2,2,155.83072866143988,311.66145732287976,155.83072866143988,311.66145732287976,73.58577084712803,2354.744667108097,2,RIGHT,False,,
117996,double_dqn,dueling,505,,,5.0,5.0,0.05,0.002110398607328534,1.6322327852249146,2.7488455772399902,0.5717663168907166,1.638170599937439,2.7535736560821533,0.04872822389006615,0.1729440689086914,0.2774578928947449,10000,10000,1.0,311.6610660069829,311.6610660069829,29000,True,236,117500,0.0,0.0,3,LEFT,greedy,18243,27337,33087,39329,10212,107784,0.08654530662056341,1,58998,2,2,311.6610660069829,155.83053300349144,2,2,155.83053300349144,311.6610660069829,155.83053300349144,311.6610660069829,73.58567845430487,2354.741710537756,3,LEFT,False,,
118102,double_dqn,dueling,506,7.0,381,0.0,0.0,0.05,,,,,,,,,,10000,10000,1.0,311.679609147956,311.679609147956,29026,False,237,118000,0.0,0.0,2,RIGHT,greedy,18260,27360,33129,39353,10219,107883,0.08652690047585986,1,59051,2,2,311.679609147956,155.839804573978,2,2,155.839804573978,311.679609147956,155.839804573978,311.679609147956,73.60680196152424,2355.4176627687757,2,RIGHT,False,,
118395,double_dqn,dueling,506,,,5.0,5.0,0.05,0.002954362891614437,1.561604619026184,2.5302844047546387,0.5066987872123718,1.5886683464050293,2.536506414413452,0.05633530020713806,0.19374489784240723,0.20239664614200592,10000,10000,1.0,311.7598610796277,311.7598610796277,29100,True,237,118000,0.0,0.0,2,RIGHT,greedy,18328,27391,33218,39459,10225,108171,0.08636271495658637,0,59198,2,2,311.7598610796277,155.87993053981384,2,2,155.87993053981384,311.7598610796277,155.87993053981384,311.7598610796277,73.70317655116877,2358.5016496374005,2,RIGHT,False,,
118396,double_dqn,dueling,506,,,3.0,3.0,0.05,0.002954362891614437,1.561604619026184,2.5302844047546387,0.5066987872123718,1.5886683464050293,2.536506414413452,0.05633530020713806,0.19374489784240723,0.20239664614200592,10000,10000,1.0,311.7592635231648,311.7592635231648,29100,True,237,118000,0.0,0.0,1,FIRE,greedy,18328,27391,33218,39459,10225,108171,0.08636271495658637,1,59198,2,2,311.7592635231648,155.8796317615824,2,2,155.8796317615824,311.7592635231648,155.8796317615824,311.7592635231648,73.7030352827921,2358.497129049347,1,FIRE,False,,
118795,double_dqn,dueling,506,,,8.0,8.0,0.05,0.006864990573376417,1.425452709197998,2.624094009399414,0.32789331674575806,1.4435725212097168,2.573528528213501,0.0773121565580368,0.47560417652130127,0.32805147767066956,10000,10000,1.0,311.61892912286567,311.61892912286567,29200,True,238,118500,0.0,0.0,3,LEFT,greedy,18403,27481,33274,39638,10239,108557,0.08618977069935015,0,59398,2,2,311.61892912286567,155.80946456143283,2,2,155.80946456143283,311.61892912286567,155.80946456143283,311.61892912286567,73.75998168055061,2360.3194137776195,3,LEFT,False,,
118796,double_dqn,dueling,506,,,6.0,6.0,0.05,0.006864990573376417,1.425452709197998,2.624094009399414,0.32789331674575806,1.4435725212097168,2.573528528213501,0.0773121565580368,0.47560417652130127,0.32805147767066956,10000,10000,1.0,311.61856179737657,311.61856179737657,29200,True,238,118500,0.0,0.0,2,RIGHT,greedy,18403,27481,33274,39638,10239,108557,0.08618977069935015,1,59398,2,2,311.61856179737657,155.80928089868829,2,2,155.80928089868829,311.61856179737657,155.80928089868829,311.61856179737657,73.75989473486531,2360.31663151569,2,RIGHT,False,,
118804,double_dqn,dueling,507,6.0,351,0.0,0.0,0.05,,,,,,,,,,10000,10000,1.0,311.59938710823445,311.59938710823445,29202,True,238,118500,0.0,0.0,1,FIRE,greedy,18403,27485,33274,39642,10239,108565,0.08618396686980237,1,59402,2,2,311.59938710823445,155.79969355411723,2,2,155.79969355411723,311.59938710823445,155.79969355411723,311.59938710823445,73.75711933730864,2360.2278187938764,1,FIRE,False,,
118809,double_dqn,dueling,508,8.0,477,0.0,0.0,0.05,,,,,,,,,,10000,10000,1.0,311.58495885651973,311.58495885651973,29203,False,238,118500,0.0,0.0,3,LEFT,greedy,18403,27487,33274,39646,10239,108571,0.08617961451056308,0,59405,2,2,311.58495885651973,155.79247942825987,2,2,155.79247942825987,311.58495885651973,155.79247942825987,311.58495885651973,73.74674305312206,2359.895777699906,3,LEFT,False,,
119195,double_dqn,dueling,508,,,4.0,4.0,0.05,0.006339596584439278,1.5081251859664917,2.4088845252990723,0.2677963078022003,1.548741102218628,2.471285343170166,0.07185642421245575,0.3898542821407318,0.41536223888397217,10000,10000,1.0,311.2023531827561,311.2023531827561,29300,True,239,119000,0.0,0.0,2,RIGHT,greedy,18445,27562,33391,39798,10265,108931,0.08611866170005705,0,59598,2,2,311.2023531827561,155.60117659137805,2,2,155.60117659137805,311.2023531827561,155.60117659137805,311.2023531827561,73.74762995563437,2359.9241585802997,2,RIGHT,False,,
119196,double_dqn,dueling,508,,,4.0,4.0,0.05,0.006339596584439278,1.5081251859664917,2.4088845252990723,0.2677963078022003,1.548741102218628,2.471285343170166,0.07185642421245575,0.3898542821407318,0.41536223888397217,10000,10000,1.0,311.20197176969504,311.20197176969504,29300,True,239,119000,0.0,0.0,3,LEFT,greedy,18445,27562,33391,39798,10265,108931,0.08611866170005705,1,59598,2,2,311.20197176969504,155.60098588484752,2,2,155.60098588484752,311.20197176969504,155.60098588484752,311.20197176969504,73.74753956971988,2359.921266231036,3,LEFT,False,,
119342,double_dqn,dueling,509,5.0,269,0.0,0.0,0.05,,,,,,,,,,10000,10000,1.0,311.30581990240614,311.30581990240614,29336,False,239,119000,0.0,0.0,3,LEFT,greedy,18482,27611,33408,39841,10274,109068,0.08608871981364481,1,59671,2,2,311.30581990240614,155.65290995120307,2,2,155.65290995120307,311.30581990240614,155.65290995120307,311.30581990240614,73.79470500736905,2361.4305602358095,3,LEFT,False,,
119475,double_dqn,dueling,510,6.0,333,0.0,0.0,0.05,,,,,,,,,,10000,10000,1.0,311.43850945011985,311.43850945011985,29370,True,239,119000,0.0,0.0,1,FIRE,greedy,18495,27648,33458,39875,10280,109196,0.08604238508152265,0,59738,2,2,311.43850945011985,155.71925472505993,2,2,155.71925472505993,311.43850945011985,155.71925472505993,311.43850945011985,73.86190568649126,2363.58098196772,1,FIRE,False,,
119595,double_dqn,dueling,510,,,1.0,1.0,0.05,0.00304246973246336,1.4144282341003418,2.4236223697662354,0.3097546696662903,1.4404592514038086,2.446526527404785,0.050669826567173004,0.2774084806442261,0.2188524305820465,10000,10000,1.0,311.318175791182,311.318175791182,29400,True,240,119500,0.0,0.0,3,LEFT,greedy,18505,27678,33503,39910,10289,109307,0.08603130539482925,0,59798,2,2,311.318175791182,155.659087895591,2,2,155.659087895591,311.318175791182,155.659087895591,311.318175791182,73.8578382962444,2363.4508254798207,3,LEFT,False,,
119596,double_dqn,dueling,510,,,2.0,2.0,0.05,0.00304246973246336,1.4144282341003418,2.4236223697662354,0.3097546696662903,1.4404592514038086,2.446526527404785,0.050669826567173004,0.2774084806442261,0.2188524305820465,10000,10000,1.0,311.3177865526667,311.3177865526667,29400,True,240,119500,0.0,0.0,1,FIRE,random,18505,27678,33503,39910,10289,109307,0.08603130539482925,1,59798,2,2,311.3177865526667,155.65889327633334,2,2,155.65889327633334,311.3177865526667,155.65889327633334,311.3177865526667,73.85774595240596,2363.447870476991,1,FIRE,False,,
119995,double_dqn,dueling,510,,,5.0,5.0,0.05,0.0014349655248224735,1.4162895679473877,2.4196174144744873,0.36524391174316406,1.4263877868652344,2.3489108085632324,0.04400947690010071,0.11790144443511963,0.11253438889980316,10000,10000,1.0,311.5675629582739,311.5675629582739,29500,True,240,119500,0.0,0.0,1,FIRE,fire_reset,18570,27789,33610,40027,10303,109693,0.0858611953731791,0,59998,2,2,311.5675629582739,155.78378147913696,2,2,155.78378147913696,311.5675629582739,155.78378147913696,311.5675629582739,73.99651712786772,2367.888548091767,3,LEFT,True,after_life_loss,
119996,double_dqn,dueling,510,,,6.0,6.0,0.05,0.0014349655248224735,1.4162895679473877,2.4196174144744873,0.36524391174316406,1.4263877868652344,2.3489108085632324,0.04400947690010071,0.11790144443511963,0.11253438889980316,10000,10000,1.0,311.5671891471413,311.5671891471413,29500,True,240,119500,0.0,0.0,3,LEFT,greedy,18570,27789,33610,40027,10303,109693,0.0858611953731791,1,59998,2,2,311.5671891471413,155.78359457357064,2,2,155.78359457357064,311.5671891471413,155.78359457357064,311.5671891471413,73.99642834865843,2367.8857071570696,3,LEFT,False,,
120110,double_dqn,dueling,511,7.0,384,0.0,0.0,0.05,,,,,,,,,,10000,10000,1.0,311.6249808597632,311.6249808597632,29528,False,241,120000,0.0,0.0,3,LEFT,greedy,18586,27814,33637,40073,10311,109799,0.0858463075514112,1,60055,2,2,311.6249808597632,155.8124904298816,2,2,155.8124904298816,311.6249808597632,155.8124904298816,311.6249808597632,74.02449197250564,2368.7837431201806,3,LEFT,False,,
120289,double_dqn,dueling,512,7.0,407,0.0,0.0,0.05,,,,,,,,,,10000,10000,1.0,311.68821560843793,311.68821560843793,29573,False,241,120000,0.0,0.0,1,FIRE,greedy,18629,27831,33693,40137,10318,109972,0.08577604123368526,0,60145,2,2,311.68821560843793,155.84410780421896,2,2,155.84410780421896,311.68821560843793,155.84410780421896,311.68821560843793,74.07395641517435,2370.366605285579,1,FIRE,False,,
120395,double_dqn,dueling,512,,,1.0,1.0,0.05,0.0013317884877324104,1.399273157119751,2.133728504180908,0.32247960567474365,1.4532469511032104,2.186708450317383,0.04227618873119354,0.10873723030090332,0.2908605933189392,10000,10000,1.0,311.67400267304237,311.67400267304237,29600,True,241,120000,0.0,0.0,3,LEFT,greedy,18647,27859,33721,40169,10325,110071,0.08575866307850759,0,60198,2,2,311.67400267304237,155.83700133652118,2,2,155.83700133652118,311.67400267304237,155.83700133652118,311.67400267304237,74.0982172465965,2371.142951891088,3,LEFT,False,,
120396,double_dqn,dueling,512,,,3.0,3.0,0.05,0.0013317884877324104,1.399273157119751,2.133728504180908,0.32247960567474365,1.4532469511032104,2.186708450317383,0.04227618873119354,0.10873723030090332,0.2908605933189392,10000,10000,1.0,311.6736430872178,311.6736430872178,29600,True,241,120000,0.0,0.0,2,RIGHT,greedy,18647,27859,33721,40169,10325,110071,0.08575866307850759,1,60198,2,2,311.6736430872178,155.8368215436089,2,2,155.8368215436089,311.6736430872178,155.8368215436089,311.6736430872178,74.09813175769362,2371.140216246196,2,RIGHT,False,,
120795,double_dqn,dueling,512,,,5.0,5.0,0.05,0.002531795296818018,1.43216872215271,2.3787930011749268,0.29118114709854126,1.4631258249282837,2.3114116191864014,0.0554831363260746,0.17641663551330566,0.15287531912326813,10000,10000,1.0,311.8823443379996,311.8823443379996,29700,True,242,120500,0.0,0.0,2,RIGHT,greedy,18688,27957,33854,40297,10346,110450,0.08564853140832478,0,60398,2,2,311.8823443379996,155.9411721689998,2,2,155.9411721689998,311.8823443379996,155.9411721689998,311.8823443379996,74.22127919449701,2375.0809342239045,2,RIGHT,False,,
120796,double_dqn,dueling,512,,,6.0,6.0,0.05,0.002531795296818018,1.43216872215271,2.3787930011749268,0.29118114709854126,1.4631258249282837,2.3114116191864014,0.0554831363260746,0.17641663551330566,0.15287531912326813,10000,10000,1.0,311.88199213244013,311.88199213244013,29700,True,242,120500,0.0,0.0,2,RIGHT,greedy,18688,27957,33854,40297,10346,110450,0.08564853140832478,1,60398,2,2,311.88199213244013,155.94099606622007,2,2,155.94099606622007,311.88199213244013,155.94099606622007,311.88199213244013,74.2211953771613,2375.0782520691614,2,RIGHT,False,,
121061,double_dqn,dueling,514,7.0,386,0.0,0.0,0.05,,,,,,,,,,10000,10000,1.0,311.41238168585346,311.41238168585346,29766,False,243,121000,0.0,0.0,2,RIGHT,greedy,18709,27969,33991,40393,10364,110698,0.08560902677966661,0,60531,2,2,311.41238168585346,155.70619084292673,2,2,155.70619084292673,311.41238168585346,155.70619084292673,311.41238168585346,74.14932552248386,2372.7784167194836,2,RIGHT,False,,
121062,double_dqn,dueling,514,9.0,476,0.0,0.0,0.05,,,,,,,,,,10000,10000,1.0,311.41200965086153,311.41200965086153,29766,False,243,121000,0.0,0.0,3,LEFT,greedy,18709,27969,33991,40393,10364,110698,0.08560902677966661,1,60531,2,2,311.41200965086153,155.70600482543077,2,2,155.70600482543077,311.41200965086153,155.70600482543077,311.41200965086153,74.1492369385182,2372.7755820325824,3,LEFT,False,,
121195,double_dqn,dueling,514,,,1.0,1.0,0.05,0.002387512708082795,1.3437994718551636,2.218071222305298,0.0804726630449295,1.3615561723709106,2.264500856399536,0.054246142506599426,0.14333748817443848,0.1308029145002365,10000,10000,1.0,310.93507247924407,310.93507247924407,29800,True,243,121000,0.0,0.0,0,NOOP,random,18716,27990,34032,40458,10374,110822,0.08559688438562328,0,60598,2,2,310.93507247924407,155.46753623962204,2,2,155.46753623962204,310.93507247924407,155.46753623962204,310.93507247924407,74.0663889860211,2370.124447552675,0,NOOP,False,,
121196,double_dqn,dueling,514,,,1.0,1.0,0.05,0.002387512708082795,1.3437994718551636,2.218071222305298,0.0804726630449295,1.3615561723709106,2.264500856399536,0.054246142506599426,0.14333748817443848,0.1308029145002365,10000,10000,1.0,310.934637334836,310.934637334836,29800,True,243,121000,0.0,0.0,2,RIGHT,greedy,18716,27990,34032,40458,10374,110822,0.08559688438562328,1,60598,2,2,310.934637334836,155.467318667418,2,2,155.467318667418,310.934637334836,155.467318667418,310.934637334836,74.06628533230736,2370.1211306338355,2,RIGHT,False,,
121595,double_dqn,dueling,514,,,4.0,4.0,0.05,0.005120424088090658,1.6600849628448486,2.536827802658081,0.6718235611915588,1.6580116748809814,2.6231040954589844,0.06832820177078247,0.3991572856903076,0.375264048576355,10000,10000,1.0,309.28606003320243,309.28606003320243,29900,True,244,121500,0.0,0.0,0,NOOP,greedy,18805,28008,34157,40626,10391,111205,0.08545511365505444,0,60798,2,2,309.28606003320243,154.64303001660122,2,2,154.64303001660122,309.28606003320243,154.64303001660122,309.28606003320243,73.74115220924983,2359.7168706959947,0,NOOP,False,,
121596,double_dqn,dueling,514,,,4.0,4.0,0.05,0.005120424088090658,1.6600849628448486,2.536827802658081,0.6718235611915588,1.6580116748809814,2.6231040954589844,0.06832820177078247,0.3991572856903076,0.375264048576355,10000,10000,1.0,309.2857238402124,309.2857238402124,29900,True,244,121500,0.0,0.0,0,NOOP,random,18805,28008,34157,40626,10391,111205,0.08545511365505444,1,60798,2,2,309.2857238402124,154.6428619201062,2,2,154.6428619201062,309.2857238402124,154.6428619201062,309.2857238402124,73.74107205284561,2359.7143056910595,0,NOOP,False,,
121728,double_dqn,dueling,515,5.0,333,0.0,0.0,0.05,,,,,,,,,,10000,10000,1.0,308.84240890277255,308.84240890277255,29933,True,244,121500,0.0,0.0,1,FIRE,greedy,18852,28024,34184,40668,10403,111325,0.08546102786540484,1,60864,2,2,308.84240890277255,154.42120445138627,2,2,154.42120445138627,308.84240890277255,154.42120445138627,308.84240890277255,73.65709512767707,2357.027044085666,1,FIRE,False,,
121903,double_dqn,dueling,516,6.0,421,0.0,0.0,0.05,,,,,,,,,,10000,10000,1.0,308.69565834450617,308.69565834450617,29977,True,244,121500,0.0,0.0,2,RIGHT,greedy,18893,28037,34228,40746,10412,111492,0.08541147132169576,0,60952,2,2,308.69565834450617,154.34782917225309,2,2,154.34782917225309,308.69565834450617,154.34782917225309,308.69565834450617,73.6506350670375,2356.8203221452,2,RIGHT,False,,
121995,double_dqn,dueling,516,,,0.0,0.0,0.05,0.003718237392604351,1.4731196165084839,2.439176082611084,0.40122073888778687,1.4607083797454834,2.4228479862213135,0.05767799913883209,0.35441625118255615,0.36195090413093567,10000,10000,1.0,308.75603436046185,308.75603436046185,30000,True,244,121500,0.0,0.0,2,RIGHT,greedy,18896,28058,34251,40791,10415,111581,0.08537165152955835,0,60998,2,2,308.75603436046185,154.37801718023093,2,2,154.37801718023093,308.75603436046185,154.37801718023093,308.75603436046185,73.67977924886635,2357.7529359637233,2,RIGHT,False,,
121996,double_dqn,dueling,516,,,2.0,2.0,0.05,0.003718237392604351,1.4731196165084839,2.439176082611084,0.40122073888778687,1.4607083797454834,2.4228479862213135,0.05767799913883209,0.35441625118255615,0.36195090413093567,10000,10000,1.0,308.7557197132433,308.7557197132433,30000,True,244,121500,0.0,0.0,3,LEFT,greedy,18896,28058,34251,40791,10415,111581,0.08537165152955835,1,60998,2,2,308.7557197132433,154.37785985662165,2,2,154.37785985662165,308.7557197132433,154.37785985662165,308.7557197132433,73.67970416324852,2357.7505332239525,3,LEFT,False,,
122395,double_dqn,dueling,516,,,4.0,4.0,0.05,0.005078725516796112,1.5234369039535522,2.630122184753418,0.38473421335220337,1.5302705764770508,2.7060375213623047,0.057688310742378235,0.4264601469039917,0.21471214294433594,10000,10000,1.0,309.0209849965219,309.0209849965219,30100,True,245,122000,0.0,0.0,0,NOOP,greedy,19005,28116,34343,40932,10432,111964,0.08523154351449394,0,61198,2,2,309.0209849965219,154.51049249826096,2,2,154.51049249826096,309.0209849965219,154.51049249826096,309.0209849965219,73.80573534320396,2361.783530982527,0,NOOP,False,,
122396,double_dqn,dueling,516,,,7.0,7.0,0.05,0.005078725516796112,1.5234369039535522,2.630122184753418,0.38473421335220337,1.5302705764770508,2.7060375213623047,0.057688310742378235,0.4264601469039917,0.21471214294433594,10000,10000,1.0,309.0204814321606,309.0204814321606,30100,True,245,122000,0.0,0.0,0,NOOP,greedy,19005,28116,34343,40932,10432,111964,0.08523154351449394,1,61198,2,2,309.0204814321606,154.5102407160803,2,2,154.5102407160803,309.0204814321606,154.5102407160803,309.0204814321606,73.80561507325535,2361.7796823441713,0,NOOP,False,,
122428,double_dqn,dueling,517,7.0,350,0.0,0.0,0.05,,,,,,,,,,10000,10000,1.0,309.0040494035643,309.0040494035643,30108,True,245,122000,0.0,0.0,0,NOOP,greedy,19022,28120,34349,40937,10433,111995,0.08521743392034502,1,61214,2,2,309.0040494035643,154.50202470178215,2,2,154.50202470178215,309.0040494035643,154.50202470178215,309.0040494035643,73.80661194287917,2361.8115821721335,0,NOOP,False,,
122795,double_dqn,dueling,517,,,7.0,7.0,0.05,0.003070551436394453,1.6773741245269775,2.7218737602233887,0.5725233554840088,1.6716655492782593,2.698505163192749,0.058180633932352066,0.243965744972229,0.2831804156303406,10000,10000,1.0,309.34065450824625,309.34065450824625,30200,True,246,122500,0.0,0.0,3,LEFT,greedy,19081,28150,34450,41115,10445,112351,0.08505977393400437,0,61398,2,2,309.34065450824625,154.67032725412312,2,2,154.67032725412312,309.34065450824625,154.67032725412312,309.34065450824625,73.9426753121352,2366.165609988326,3,LEFT,False,,
122796,double_dqn,dueling,517,,,3.0,3.0,0.05,0.003070551436394453,1.6773741245269775,2.7218737602233887,0.5725233554840088,1.6716655492782593,2.698505163192749,0.058180633932352066,0.243965744972229,0.2831804156303406,10000,10000,1.0,309.3403409375746,309.3403409375746,30200,True,246,122500,0.0,0.0,3,LEFT,greedy,19081,28150,34450,41115,10445,112351,0.08505977393400437,1,61398,2,2,309.3403409375746,154.6701704687873,2,2,154.6701704687873,309.3403409375746,154.6701704687873,309.3403409375746,73.94260035834549,2366.1632114670556,3,LEFT,False,,
122893,double_dqn,dueling,518,8.0,495,0.0,0.0,0.05,,,,,,,,,,10000,10000,1.0,309.38989437203804,309.38989437203804,30224,False,246,122500,0.0,0.0,0,NOOP,random,19087,28153,34465,41189,10448,112446,0.08501635555844875,0,61447,2,2,309.38989437203804,154.69494718601902,2,2,154.69494718601902,309.38989437203804,154.69494718601902,309.38989437203804,73.96221245296428,2366.790798494857,0,NOOP,False,,
123180,double_dqn,dueling,519,7.0,376,0.0,0.0,0.05,,,,,,,,,,10000,10000,1.0,309.63171771737433,309.63171771737433,30296,True,247,123000,0.0,0.0,2,RIGHT,greedy,19106,28178,34572,41324,10456,112724,0.0848839097256048,1,61590,2,2,309.63171771737433,154.81585885868716,2,2,154.81585885868716,309.63171771737433,154.81585885868716,309.63171771737433,74.06850193023472,2370.192061767511,2,RIGHT,False,,
123195,double_dqn,dueling,519,,,2.0,2.0,0.05,0.0016185007989406586,1.290500521659851,2.1666879653930664,0.18167077004909515,1.334485650062561,2.1878576278686523,0.046967148780822754,0.13086926937103271,0.211888387799263,10000,10000,1.0,309.63212355952686,309.63212355952686,30300,True,247,123000,0.0,0.0,2,RIGHT,greedy,19107,28180,34578,41331,10457,112739,0.08488100262995552,0,61598,2,2,309.63212355952686,154.81606177976343,2,2,154.81606177976343,309.63212355952686,154.81606177976343,309.63212355952686,74.07090246731396,2370.2688789540466,2,RIGHT,False,,
123196,double_dqn,dueling,519,,,0.0,0.0,0.05,0.0016185007989406586,1.290500521659851,2.1666879653930664,0.18167077004909515,1.334485650062561,2.1878576278686523,0.046967148780822754,0.13086926937103271,0.211888387799263,10000,10000,1.0,309.6316102257413,309.6316102257413,30300,True,247,123000,0.0,0.0,3,LEFT,greedy,19107,28180,34578,41331,10457,112739,0.08488100262995552,1,61598,2,2,309.6316102257413,154.81580511287066,2,2,154.81580511287066,309.6316102257413,154.81580511287066,309.6316102257413,74.07077966643553,2370.264949325937,3,LEFT,False,,
123511,double_dqn,dueling,520,5.0,309,0.0,0.0,0.05,,,,,,,,,,10000,10000,1.0,309.5159021222308,309.5159021222308,30379,True,248,123500,0.0,0.0,1,FIRE,greedy,19137,28199,34693,41483,10477,113035,0.0848257659174817,0,61756,2,2,309.5159021222308,154.7579510611154,2,2,154.7579510611154,309.5159021222308,154.7579510611154,309.5159021222308,74.08793369955406,2370.81387838573,1,FIRE,False,,
123595,double_dqn,dueling,520,,,1.0,1.0,0.05,0.0016299893613904715,1.3952138423919678,2.2993433475494385,0.5372346043586731,1.429291844367981,2.4779858589172363,0.04205580800771713,0.19238805770874023,0.16967135667800903,10000,10000,1.0,308.73104734534456,308.73104734534456,30400,True,248,123500,1.0,1.0,2,RIGHT,random,19151,28203,34718,41524,10483,113113,0.08481666073335707,0,61798,2,2,308.73104734534456,154.36552367267228,2,2,154.36552367267228,308.73104734534456,154.36552367267228,308.73104734534456,73.91175141777637,2365.176045368844,2,RIGHT,False,,
123596,double_dqn,dueling,520,,,4.0,4.0,0.05,0.0016299893613904715,1.3952138423919678,2.2993433475494385,0.5372346043586731,1.429291844367981,2.4779858589172363,0.04205580800771713,0.19238805770874023,0.16967135667800903,10000,10000,1.0,308.73053433591673,308.73053433591673,30400,True,248,123500,0.0,0.0,3,LEFT,greedy,19151,28203,34718,41524,10483,113113,0.08481666073335707,1,61798,2,2,308.73053433591673,154.36526716795836,2,2,154.36526716795836,308.73053433591673,154.36526716795836,308.73053433591673,73.91162860076257,2365.172115224402,3,LEFT,False,,
123972,double_dqn,dueling,521,8.0,396,0.0,0.0,0.05,,,,,,,,,,10000,10000,1.0,308.5914734308331,308.5914734308331,30494,True,248,123500,0.0,0.0,0,NOOP,greedy,19225,28267,34825,41655,10506,113466,0.08474494240634982,1,61986,2,2,308.5914734308331,154.29573671541655,2,2,154.29573671541655,308.5914734308331,154.29573671541655,308.5914734308331,73.92961921880838,2365.7478150018683,0,NOOP,False,,
123995,double_dqn,dueling,521,,,5.0,5.0,0.05,0.002816534601151943,1.3759169578552246,2.3363661766052246,0.4965728521347046,1.4190529584884644,2.3429627418518066,0.05617732182145119,0.2010626196861267,0.2296757698059082,10000,10000,1.0,308.51981546156935,308.51981546156935,30500,True,248,123500,0.0,0.0,3,LEFT,random,19226,28275,34827,41668,10508,113488,0.08474466918287686,0,61998,2,2,308.51981546156935,154.25990773078468,2,2,154.25990773078468,308.51981546156935,154.25990773078468,308.51981546156935,73.91567007370237,2365.301442358476,3,LEFT,False,,
123996,double_dqn,dueling,521,,,0.0,0.0,0.05,0.002816534601151943,1.3759169578552246,2.3363661766052246,0.4965728521347046,1.4190529584884644,2.3429627418518066,0.05617732182145119,0.2010626196861267,0.2296757698059082,10000,10000,1.0,308.51949812684904,308.51949812684904,30500,True,248,123500,0.0,0.0,3,LEFT,random,19226,28275,34827,41668,10508,113488,0.08474466918287686,1,61998,2,2,308.51949812684904,154.25974906342452,2,2,154.25974906342452,308.51949812684904,154.25974906342452,308.51949812684904,73.91559404614333,2365.2990094765864,3,LEFT,False,,
124395,double_dqn,dueling,521,,,11.0,8.0,0.05,0.001983574591577053,1.5857362747192383,2.4729671478271484,0.3406001031398773,1.610716700553894,2.472703695297241,0.0435965433716774,0.23384666442871094,0.13772667944431305,10000,10000,1.0,308.7759622814827,308.7759622814827,30600,True,249,124000,0.0,0.0,0,NOOP,greedy,19320,28355,34923,41798,10532,113864,0.08466510177176115,0,62198,2,2,308.7759622814827,154.38798114074135,2,2,154.38798114074135,308.7759622814827,154.38798114074135,308.7759622814827,74.02978370980458,2368.9530787137464,0,NOOP,False,,
124396,double_dqn,dueling,521,,,4.0,4.0,0.05,0.001983574591577053,1.5857362747192383,2.4729671478271484,0.3406001031398773,1.610716700553894,2.472703695297241,0.0435965433716774,0.23384666442871094,0.13772667944431305,10000,10000,1.0,308.77562501045026,308.77562501045026,30600,True,249,124000,0.0,0.0,2,RIGHT,greedy,19320,28355,34923,41798,10532,113864,0.08466510177176115,1,62198,2,2,308.77562501045026,154.38781250522513,2,2,154.38781250522513,308.77562501045026,154.38781250522513,308.77562501045026,74.02970284825888,2368.950491144284,2,RIGHT,False,,
124552,double_dqn,dueling,522,5.0,290,0.0,0.0,0.05,,,,,,,,,,10000,10000,1.0,308.8245148544695,308.8245148544695,30639,True,250,124500,0.0,0.0,0,NOOP,greedy,19359,28369,34954,41870,10542,114010,0.08463934742115743,1,62276,2,2,308.8245148544695,154.41225742723475,2,2,154.41225742723475,308.8245148544695,154.41225742723475,308.8245148544695,74.06153239911683,2369.9690367717385,0,NOOP,False,,
124605,double_dqn,dueling,523,16.0,547,0.0,0.0,0.05,,,,,,,,,,10000,10000,1.0,308.8445913974115,308.8445913974115,30652,False,250,124500,0.0,0.0,2,RIGHT,greedy,19361,28379,34968,41898,10545,114061,0.08462674349549781,0,62303,2,2,308.8445913974115,154.42229569870574,2,2,154.42229569870574,308.8445913974115,154.42229569870574,308.8445913974115,74.06697284548993,2370.1431310556777,2,RIGHT,False,,
124795,double_dqn,dueling,523,,,1.0,1.0,0.05,0.0024002143181860447,1.4389084577560425,2.407273054122925,0.3041148781776428,1.4422236680984497,2.3549156188964844,0.05465468764305115,0.17108094692230225,0.25100070238113403,10000,10000,1.0,308.93914955829825,308.93914955829825,30700,True,250,124500,0.0,0.0,0,NOOP,greedy,19377,28436,35015,41968,10555,114241,0.08457803134715856,0,62398,2,2,308.93914955829825,154.46957477914913,2,2,154.46957477914913,308.93914955829825,154.46957477914913,308.93914955829825,74.11997905800598,2371.8393298561914,0,NOOP,False,,
124796,double_dqn,dueling,523,,,2.0,2.0,0.05,0.0024002143181860447,1.4389084577560425,2.407273054122925,0.3041148781776428,1.4422236680984497,2.3549156188964844,0.05465468764305115,0.17108094692230225,0.25100070238113403,10000,10000,1.0,308.9388481704884,308.9388481704884,30700,True,250,124500,0.0,0.0,2,RIGHT,greedy,19377,28436,35015,41968,10555,114241,0.08457803134715856,1,62398,2,2,308.9388481704884,154.4694240852442,2,2,154.4694240852442,308.9388481704884,154.4694240852442,308.9388481704884,74.1199067497272,2371.8370159912706,2,RIGHT,False,,
125195,double_dqn,dueling,523,,,5.0,5.0,0.05,0.0028339033015072346,1.3591575622558594,2.306537628173828,0.31047579646110535,1.3810107707977295,2.3159756660461426,0.0612296536564827,0.17392879724502563,0.1830594390630722,10000,10000,1.0,309.22256116900166,309.22256116900166,30800,True,251,125000,0.0,0.0,1,FIRE,greedy,19449,28477,35147,42123,10571,114625,0.08443560497140484,0,62598,2,2,309.22256116900166,154.61128058450083,2,2,154.61128058450083,309.22256116900166,154.61128058450083,309.22256116900166,74.23746914237542,2375.5990125560133,1,FIRE,False,,
125196,double_dqn,dueling,523,,,7.0,7.0,0.05,0.0028339033015072346,1.3591575622558594,2.306537628173828,0.31047579646110535,1.3810107707977295,2.3159756660461426,0.0612296536564827,0.17392879724502563,0.1830594390630722,10000,10000,1.0,309.22224580538176,309.22224580538176,30800,True,251,125000,0.0,0.0,2,RIGHT,greedy,19449,28477,35147,42123,10571,114625,0.08443560497140484,1,62598,2,2,309.22224580538176,154.61112290269088,2,2,154.61112290269088,309.22224580538176,154.61112290269088,309.22224580538176,74.23739343057447,2375.596589778383,2,RIGHT,False,,
125449,double_dqn,dueling,524,7.0,422,0.0,0.0,0.05,,,,,,,,,,10000,10000,1.0,309.227495985787,309.227495985787,30863,False,251,125000,0.0,0.0,0,NOOP,greedy,19541,28505,35193,42211,10583,114867,0.0843603029095257,0,62725,2,2,309.227495985787,154.6137479928935,2,2,154.6137479928935,309.227495985787,154.6137479928935,309.227495985787,74.2632006076672,2376.4224194453504,0,NOOP,False,,
125595,double_dqn,dueling,524,,,1.0,1.0,0.05,0.007300934754312038,1.4281893968582153,2.198918581008911,0.4708661735057831,1.471796989440918,2.51971435546875,0.07113616168498993,0.5699818134307861,0.5967501401901245,10000,10000,1.0,309.2809814090296,309.2809814090296,30900,True,252,125500,0.0,0.0,3,LEFT,greedy,19572,28534,35214,42276,10592,115004,0.08433389598394854,0,62798,2,2,309.2809814090296,154.6404907045148,2,2,154.6404907045148,309.2809814090296,154.6404907045148,309.2809814090296,74.29945126910935,2377.5824406114994,3,LEFT,False,,
125596,double_dqn,dueling,524,,,10.0,10.0,0.05,0.007300934754312038,1.4281893968582153,2.198918581008911,0.4708661735057831,1.471796989440918,2.51971435546875,0.07113616168498993,0.5699818134307861,0.5967501401901245,10000,10000,1.0,309.28069141100485,309.28069141100485,30900,True,252,125500,0.0,0.0,0,NOOP,greedy,19572,28534,35214,42276,10592,115004,0.08433389598394854,1,62798,2,2,309.28069141100485,154.64034570550243,2,2,154.64034570550243,309.28069141100485,154.64034570550243,309.28069141100485,74.2993816020577,2377.580211265846,0,NOOP,False,,
125598,double_dqn,dueling,525,10.0,523,0.0,0.0,0.05,,,,,,,,,,10000,10000,1.0,309.2624323196356,309.2624323196356,30900,False,252,125500,0.0,0.0,0,NOOP,greedy,19573,28534,35214,42277,10592,115006,0.08433255306613163,1,62799,2,2,309.2624323196356,154.6312161598178,2,2,154.6312161598178,309.2624323196356,154.6312161598178,309.2624323196356,74.28919041852643,2377.254093392846,0,NOOP,False,,
125995,double_dqn,dueling,525,,,6.0,6.0,0.05,0.0027878349646925926,1.489403247833252,2.6476640701293945,0.42452317476272583,1.521897554397583,2.572031259536743,0.05308578163385391,0.27520275115966797,0.20516875386238098,10000,10000,1.0,308.730426037505,308.730426037505,31000,True,252,125500,0.0,0.0,1,FIRE,greedy,19606,28649,35318,42423,10616,115380,0.0842566430680339,0,62998,2,2,308.730426037505,154.3652130187525,2,2,154.3652130187525,308.730426037505,154.3652130187525,308.730426037505,74.2135879484678,2374.8348143509697,1,FIRE,False,,
125996,double_dqn,dueling,525,,,3.0,3.0,0.05,0.0027878349646925926,1.489403247833252,2.6476640701293945,0.42452317476272583,1.521897554397583,2.572031259536743,0.05308578163385391,0.27520275115966797,0.20516875386238098,10000,10000,1.0,308.730160582424,308.730160582424,31000,True,252,125500,0.0,0.0,3,LEFT,greedy,19606,28649,35318,42423,10616,115380,0.0842566430680339,1,62998,2,2,308.730160582424,154.365080291212,2,2,154.365080291212,308.730160582424,154.365080291212,308.730160582424,74.21352413754299,2374.8327724013757,3,LEFT,False,,
126311,double_dqn,dueling,526,9.0,431,0.0,0.0,0.05,,,,,,,,,,10000,10000,1.0,308.8250474432005,308.8250474432005,31079,True,253,126000,0.0,0.0,2,RIGHT,greedy,19672,28690,35424,42526,10633,115679,0.08418044207992907,0,63156,2,2,308.8250474432005,154.41252372160025,2,2,154.41252372160025,308.8250474432005,154.41252372160025,308.8250474432005,74.27200137658,2376.70404405056,2,RIGHT,False,,
126395,double_dqn,dueling,526,,,0.0,0.0,0.05,0.0036821248941123486,1.481951117515564,2.2660419940948486,0.6464845538139343,1.5222710371017456,2.3897013664245605,0.06386005878448486,0.1976161003112793,0.30742889642715454,10000,10000,1.0,308.8092914939948,308.8092914939948,31100,True,253,126000,0.0,0.0,1,FIRE,greedy,19703,28718,35431,42544,10635,115761,0.0841403208962309,0,63198,2,2,308.8092914939948,154.4046457469974,2,2,154.4046457469974,308.8092914939948,154.4046457469974,308.8092914939948,74.27754931411475,2376.881578051672,1,FIRE,False,,
126396,double_dqn,dueling,526,,,8.0,8.0,0.05,0.0036821248941123486,1.481951117515564,2.2660419940948486,0.6464845538139343,1.5222710371017456,2.3897013664245605,0.06386005878448486,0.1976161003112793,0.30742889642715454,10000,10000,1.0,308.80885326291786,308.80885326291786,31100,True,253,126000,0.0,0.0,0,NOOP,greedy,19703,28718,35431,42544,10635,115761,0.0841403208962309,1,63198,2,2,308.80885326291786,154.40442663145893,2,2,154.40442663145893,308.80885326291786,154.40442663145893,308.80885326291786,74.27744390688989,2376.8782050204763,0,NOOP,False,,
126476,double_dqn,dueling,527,8.0,439,0.0,0.0,0.05,,,,,,,,,,10000,10000,1.0,308.842024684258,308.842024684258,31120,True,253,126000,0.0,0.0,0,NOOP,greedy,19744,28730,35442,42560,10636,115840,0.08409500616717797,1,63238,2,2,308.842024684258,154.421012342129,2,2,154.421012342129,308.842024684258,154.421012342129,308.842024684258,74.2942610369406,2377.416353182099,0,NOOP,False,,
126795,double_dqn,dueling,527,,,4.0,4.0,0.05,0.002813817234709859,1.4260616302490234,2.386993408203125,0.5455710291862488,1.4481596946716309,2.382291793823242,0.0538521483540535,0.22200745344161987,0.22100169956684113,10000,10000,1.0,309.1038061390932,309.1038061390932,31200,True,254,126500,0.0,0.0,3,LEFT,greedy,19765,28791,35549,42691,10654,116142,0.08402473264140825,0,63398,2,2,309.1038061390932,154.5519030695466,2,2,154.5519030695466,309.1038061390932,154.5519030695466,309.1038061390932,74.39209008027362,2380.546882568756,3,LEFT,False,,
126796,double_dqn,dueling,527,,,3.0,3.0,0.05,0.002813817234709859,1.4260616302490234,2.386993408203125,0.5455710291862488,1.4481596946716309,2.382291793823242,0.0538521483540535,0.22200745344161987,0.22100169956684113,10000,10000,1.0,309.10353479335987,309.10353479335987,31200,True,254,126500,1.0,1.0,3,LEFT,greedy,19765,28791,35549,42691,10654,116142,0.08402473264140825,1,63398,2,2,309.10353479335987,154.55176739667994,2,2,154.55176739667994,309.10353479335987,154.55176739667994,309.10353479335987,74.39202477542834,2380.544792813707,3,LEFT,False,,
127087,double_dqn,dueling,528,10.0,388,0.0,0.0,0.05,,,,,,,,,,10000,10000,1.0,309.30904791482527,309.30904791482527,31273,True,255,127000,0.0,0.0,0,NOOP,greedy,19797,28830,35663,42798,10671,116417,0.08396544126904193,0,63544,2,2,309.30904791482527,154.65452395741264,2,2,154.65452395741264,309.30904791482527,154.65452395741264,309.30904791482527,74.47259341776765,2383.122989368565,0,NOOP,False,,
127195,double_dqn,dueling,528,,,1.0,1.0,0.05,0.005133024416863918,1.4213426113128662,2.4786365032196045,0.5373417139053345,1.484487771987915,2.4796440601348877,0.07047617435455322,0.34394991397857666,0.43978992104530334,10000,10000,1.0,309.3280974709249,309.3280974709249,31300,True,255,127000,0.0,0.0,3,LEFT,greedy,19804,28853,35703,42836,10678,116518,0.08394918079184881,0,63598,2,2,309.3280974709249,154.66404873546244,2,2,154.66404873546244,309.3280974709249,154.66404873546244,309.3280974709249,74.48851707372728,2383.632546359273,3,LEFT,False,,
127196,double_dqn,dueling,528,,,10.0,7.0,0.05,0.005133024416863918,1.4213426113128662,2.4786365032196045,0.5373417139053345,1.484487771987915,2.4796440601348877,0.07047617435455322,0.34394991397857666,0.43978992104530334,10000,10000,1.0,309.32785365182764,309.32785365182764,31300,True,255,127000,0.0,0.0,2,RIGHT,greedy,19804,28853,35703,42836,10678,116518,0.08394918079184881,1,63598,2,2,309.32785365182764,154.66392682591382,2,2,154.66392682591382,309.32785365182764,154.66392682591382,309.32785365182764,74.48845836026692,2383.6306675285414,2,RIGHT,False,,
127258,double_dqn,dueling,529,10.0,391,0.0,0.0,0.05,,,,,,,,,,10000,10000,1.0,309.3715025995798,309.3715025995798,31315,False,255,127000,0.0,0.0,3,LEFT,greedy,19809,28855,35733,42861,10681,116577,0.0839318549717896,1,63629,2,2,309.3715025995798,154.6857512997899,2,2,154.6857512997899,309.3715025995798,154.6857512997899,309.3715025995798,74.49976311775045,2383.9924197680143,3,LEFT,False,,
127595,double_dqn,dueling,529,,,5.0,5.0,0.05,0.006073460448533297,1.517472505569458,2.496558427810669,0.4233381152153015,1.5397677421569824,2.4810683727264404,0.06903749704360962,0.4308803975582123,0.33593177795410156,10000,10000,1.0,309.61494062926334,309.61494062926334,31400,True,256,127500,0.0,0.0,2,RIGHT,greedy,19831,28931,35847,42987,10693,116903,0.08380356750995328,0,63798,2,2,309.61494062926334,154.80747031463167,2,2,154.80747031463167,309.61494062926334,154.80747031463167,309.61494062926334,74.59884549369373,2387.1630557981994,2,RIGHT,False,,
127596,double_dqn,dueling,529,,,4.0,4.0,0.05,0.006073460448533297,1.517472505569458,2.496558427810669,0.4233381152153015,1.5397677421569824,2.4810683727264404,0.06903749704360962,0.4308803975582123,0.33593177795410156,10000,10000,1.0,309.6146814887066,309.6146814887066,31400,True,256,127500,0.0,0.0,1,FIRE,fire_reset,19831,28931,35847,42987,10693,116903,0.08380356750995328,1,63798,2,2,309.6146814887066,154.8073407443533,2,2,154.8073407443533,309.6146814887066,154.8073407443533,309.6146814887066,74.59878305618243,2387.1610577978377,1,FIRE,False,after_life_loss,
127995,double_dqn,dueling,529,,,8.0,8.0,0.05,0.0018329874146729708,1.6245731115341187,2.2332777976989746,0.9062216281890869,1.6382114887237549,2.224545955657959,0.046971291303634644,0.19155704975128174,0.16513055562973022,10000,10000,1.0,309.8142316200162,309.8142316200162,31500,True,256,127500,0.0,0.0,3,LEFT,greedy,19852,28965,36034,43145,10719,117277,0.08374480452514141,0,63998,2,2,309.8142316200162,154.9071158100081,2,2,154.9071158100081,309.8142316200162,154.9071158100081,309.8142316200162,74.68696418072187,2389.9828537831,3,LEFT,False,,
127996,double_dqn,dueling,529,,,7.0,7.0,0.05,0.0018329874146729708,1.6245731115341187,2.2332777976989746,0.9062216281890869,1.6382114887237549,2.224545955657959,0.046971291303634644,0.19155704975128174,0.16513055562973022,10000,10000,1.0,309.8139689951702,309.8139689951702,31500,True,256,127500,0.0,0.0,2,RIGHT,greedy,19852,28965,36034,43145,10719,117277,0.08374480452514141,1,63998,2,2,309.8139689951702,154.9069844975851,2,2,154.9069844975851,309.8139689951702,154.9069844975851,309.8139689951702,74.6869008697101,2389.9808278307232,2,RIGHT,False,,
128081,double_dqn,dueling,530,12.0,497,0.0,0.0,0.05,,,,,,,,,,10000,10000,1.0,309.7096590834545,309.7096590834545,31521,False,257,128000,0.0,0.0,2,RIGHT,greedy,19860,28968,36073,43181,10722,117360,0.08371199700192064,0,64041,2,2,309.7096590834545,154.85482954172724,2,2,154.85482954172724,309.7096590834545,154.85482954172724,309.7096590834545,74.66471020564728,2389.270726580713,2,RIGHT,False,,
128395,double_dqn,dueling,530,,,3.0,3.0,0.05,0.0018707653507590294,1.445543885231018,2.5087978839874268,0.38811832666397095,1.4619255065917969,2.5510990619659424,0.0472848080098629,0.1318526268005371,0.15757568180561066,10000,10000,1.0,309.49474644774637,309.49474644774637,31600,True,257,128000,0.0,0.0,3,LEFT,greedy,19947,29004,36164,43281,10735,117661,0.08360852363001962,0,64198,2,2,309.49474644774637,154.74737322387318,2,2,154.74737322387318,309.49474644774637,154.74737322387318,309.49474644774637,74.64887725104293,2388.764072033374,3,LEFT,False,,
128396,double_dqn,dueling,530,,,11.0,11.0,0.05,0.0018707653507590294,1.445543885231018,2.5087978839874268,0.38811832666397095,1.4619255065917969,2.5510990619659424,0.0472848080098629,0.1318526268005371,0.15757568180561066,10000,10000,1.0,309.4944587089874,309.4944587089874,31600,True,257,128000,0.0,0.0,0,NOOP,greedy,19947,29004,36164,43281,10735,117661,0.08360852363001962,1,64198,2,2,309.4944587089874,154.7472293544937,2,2,154.7472293544937,309.4944587089874,154.7472293544937,309.4944587089874,74.64880784962159,2388.761851187891,0,NOOP,False,,
128470,double_dqn,dueling,531,12.0,606,0.0,0.0,0.05,,,,,,,,,,10000,10000,1.0,309.5401662212045,309.5401662212045,31618,False,257,128000,0.0,0.0,3,LEFT,greedy,19949,29009,36196,43316,10738,117732,0.08358371604265587,1,64235,2,2,309.5401662212045,154.77008311060226,2,2,154.77008311060226,309.5401662212045,154.77008311060226,309.5401662212045,74.66147950266988,2389.167344085436,3,LEFT,False,,
128609,double_dqn,dueling,532,4.0,264,0.0,0.0,0.05,,,,,,,,,,10000,10000,1.0,309.4479265121875,309.4479265121875,31653,False,258,128500,0.0,0.0,2,RIGHT,greedy,19954,29022,36243,43391,10745,117865,0.08354715807479979,0,64305,2,2,309.4479265121875,154.72396325609375,2,2,154.72396325609375,309.4479265121875,154.72396325609375,309.4479265121875,74.65255465875981,2388.881749080314,2,RIGHT,False,,
128795,double_dqn,dueling,532,,,2.0,2.0,0.05,0.0032887239940464497,1.5725736618041992,2.4670662879943848,0.4147535264492035,1.5991687774658203,2.5405590534210205,0.0627107098698616,0.2530614137649536,0.2604590058326721,10000,10000,1.0,309.2897274834195,309.2897274834195,31700,True,258,128500,0.0,0.0,1,FIRE,greedy,19959,29060,36294,43483,10752,118044,0.0834808534426535,0,64398,2,2,309.2897274834195,154.64486374170974,2,2,154.64486374170974,309.2897274834195,154.64486374170974,309.2897274834195,74.63725226706077,2388.3920725459448,1,FIRE,False,,
128796,double_dqn,dueling,532,,,3.0,3.0,0.05,0.0032887239940464497,1.5725736618041992,2.4670662879943848,0.4147535264492035,1.5991687774658203,2.5405590534210205,0.0627107098698616,0.2530614137649536,0.2604590058326721,10000,10000,1.0,309.2894906255679,309.2894906255679,31700,True,258,128500,0.0,0.0,3,LEFT,greedy,19959,29060,36294,43483,10752,118044,0.0834808534426535,1,64398,2,2,309.2894906255679,154.64474531278395,2,2,154.64474531278395,309.2894906255679,154.64474531278395,309.2894906255679,74.63719510894123,2388.3902434861193,3,LEFT,False,,
129195,double_dqn,dueling,532,,,5.0,5.0,0.05,0.00459154462441802,1.4767882823944092,2.4028098583221436,0.2961576282978058,1.4261727333068848,2.3812737464904785,0.08263472467660904,0.18513047695159912,0.7282101511955261,10000,10000,1.0,309.43431589499573,309.43431589499573,31800,True,259,129000,0.0,0.0,1,FIRE,greedy,20044,29150,36399,43603,10765,118431,0.0833230130963807,0,64598,2,2,309.43431589499573,154.71715794749787,2,2,154.71715794749787,309.43431589499573,154.71715794749787,309.43431589499573,74.70894960761147,2390.686387443567,1,FIRE,False,,
129196,double_dqn,dueling,532,,,7.0,7.0,0.05,0.00459154462441802,1.4767882823944092,2.4028098583221436,0.2961576282978058,1.4261727333068848,2.3812737464904785,0.08263472467660904,0.18513047695159912,0.7282101511955261,10000,10000,1.0,309.4340774723513,309.4340774723513,31800,True,259,129000,0.0,0.0,3,LEFT,greedy,20044,29150,36399,43603,10765,118431,0.0833230130963807,1,64598,2,2,309.4340774723513,154.71703873617565,2,2,154.71703873617565,309.4340774723513,154.71703873617565,309.4340774723513,74.70889204351981,2390.684545392634,3,LEFT,False,,
129338,double_dqn,dueling,533,8.0,434,0.0,0.0,0.05,,,,,,,,,,10000,10000,1.0,309.4919461422502,309.4919461422502,31835,False,259,129000,0.0,0.0,2,RIGHT,greedy,20066,29171,36438,43663,10774,118564,0.08330111800089687,1,64669,2,2,309.4919461422502,154.7459730711251,2,2,154.7459730711251,309.4919461422502,154.7459730711251,309.4919461422502,74.73041606352513,2391.373314032804,2,RIGHT,False,,
129481,double_dqn,dueling,534,8.0,436,0.0,0.0,0.05,,,,,,,,,,10000,10000,1.0,309.5851618370425,309.5851618370425,31871,False,259,129000,0.0,0.0,3,LEFT,greedy,20075,29197,36463,43747,10781,118701,0.08326253842232897,0,64741,2,2,309.5851618370425,154.79258091852125,2,2,154.79258091852125,309.5851618370425,154.79258091852125,309.5851618370425,74.76583516314167,2392.5067252205336,3,LEFT,False,,
129595,double_dqn,dueling,534,,,1.0,1.0,0.05,0.0020603183656930923,1.1160480976104736,2.224634885787964,0.1581244021654129,1.1242406368255615,2.06215238571167,0.045464299619197845,0.1730407476425171,0.13781747221946716,10000,10000,1.0,309.63181930011007,309.63181930011007,31900,True,260,129500,1.0,1.0,3,LEFT,greedy,20099,29230,36485,43782,10781,118815,0.08318929596592488,0,64798,2,2,309.63181930011007,154.81590965005503,2,2,154.81590965005503,309.63181930011007,154.81590965005503,309.63181930011007,74.79246777187751,2393.3589687000804,3,LEFT,False,,
129596,double_dqn,dueling,534,,,2.0,2.0,0.05,0.0020603183656930923,1.1160480976104736,2.224634885787964,0.1581244021654129,1.1242406368255615,2.06215238571167,0.045464299619197845,0.1730407476425171,0.13781747221946716,10000,10000,1.0,309.63158412304693,309.63158412304693,31900,True,260,129500,0.0,0.0,2,RIGHT,greedy,20099,29230,36485,43782,10781,118815,0.08318929596592488,1,64798,2,2,309.63158412304693,154.81579206152347,2,2,154.81579206152347,309.63158412304693,154.81579206152347,309.63158412304693,74.79241096417294,2393.357150853534,2,RIGHT,False,,
129995,double_dqn,dueling,534,,,5.0,5.0,0.05,0.0012757088989019394,1.4091100692749023,2.450237989425659,0.39864009618759155,1.4351184368133545,2.4508328437805176,0.039421096444129944,0.13244092464447021,0.09342335164546967,10000,10000,1.0,309.7424249586973,309.7424249586973,32000,True,260,129500,0.0,0.0,3,LEFT,greedy,20137,29257,36601,44001,10796,119200,0.08304870919105203,0,64998,2,2,309.7424249586973,154.87121247934866,2,2,154.87121247934866,309.7424249586973,154.87121247934866,309.7424249586973,74.85407516087467,2395.3304051479895,3,LEFT,False,,
129996,double_dqn,dueling,534,,,5.0,5.0,0.05,0.0012757088989019394,1.4091100692749023,2.450237989425659,0.39864009618759155,1.4351184368133545,2.4508328437805176,0.039421096444129944,0.13244092464447021,0.09342335164546967,10000,10000,1.0,309.74219499123,309.74219499123,32000,True,260,129500,0.0,0.0,3,LEFT,greedy,20137,29257,36601,44001,10796,119200,0.08304870919105203,1,64998,2,2,309.74219499123,154.871097495615,2,2,154.871097495615,309.74219499123,154.871097495615,309.74219499123,74.85401958565896,2395.3286267410867,3,LEFT,False,,
130295,double_dqn,dueling,535,8.0,407,0.0,0.0,0.05,,,,,,,,,,10000,10000,1.0,309.929797678559,309.929797678559,32075,True,261,130000,0.0,0.0,2,RIGHT,greedy,20151,29286,36736,44123,10809,119487,0.08295726653158961,0,65148,2,2,309.929797678559,154.9648988392795,2,2,154.9648988392795,309.929797678559,154.9648988392795,309.929797678559,74.92493524550324,2397.5979278561035,2,RIGHT,False,,
130304,double_dqn,dueling,536,11.0,483,0.0,0.0,0.05,,,,,,,,,,10000,10000,1.0,309.89702991133186,309.89702991133186,32077,True,261,130000,0.0,0.0,2,RIGHT,greedy,20151,29288,36738,44127,10809,119495,0.08295217337917485,1,65152,2,2,309.89702991133186,154.94851495566593,2,2,154.94851495566593,309.89702991133186,154.94851495566593,309.89702991133186,74.91768879126245,2397.3660413203984,2,RIGHT,False,,
130395,double_dqn,dueling,536,,,1.0,1.0,0.05,0.010460816323757172,1.2768018245697021,2.058509588241577,0.21981792151927948,1.3199290037155151,2.137343406677246,0.0778580829501152,0.7187594175338745,0.4465235769748688,10000,10000,1.0,309.7525586995355,309.7525586995355,32100,True,261,130000,0.0,0.0,3,LEFT,greedy,20176,29303,36756,44161,10814,119582,0.08293199177888892,0,65198,2,2,309.7525586995355,154.87627934976774,2,2,154.87627934976774,309.7525586995355,154.87627934976774,309.7525586995355,74.89049723262555,2396.4959114440176,3,LEFT,False,,
130396,double_dqn,dueling,536,,,1.0,1.0,0.05,0.010460816323757172,1.2768018245697021,2.058509588241577,0.21981792151927948,1.3199290037155151,2.137343406677246,0.0778580829501152,0.7187594175338745,0.4465235769748688,10000,10000,1.0,309.75231532931576,309.75231532931576,32100,True,261,130000,0.0,0.0,0,NOOP,greedy,20176,29303,36756,44161,10814,119582,0.08293199177888892,1,65198,2,2,309.75231532931576,154.87615766465788,2,2,154.87615766465788,309.75231532931576,154.87615766465788,309.75231532931576,74.89043839173382,2396.4940285354824,0,NOOP,False,,
130795,double_dqn,dueling,536,,,8.0,5.0,0.05,0.00228192494250834,1.414130687713623,2.371469497680664,0.29140570759773254,1.4346243143081665,2.4288597106933594,0.05366867035627365,0.1607455611228943,0.1214594691991806,10000,10000,1.0,309.74603559853455,309.74603559853455,32200,True,262,130500,0.0,0.0,0,NOOP,greedy,20270,29412,36864,44250,10836,119960,0.08284657023150555,0,65398,2,2,309.74603559853455,154.87301779926727,2,2,154.87301779926727,309.74603559853455,154.87301779926727,309.74603559853455,74.92200997446045,2397.5043191827344,0,NOOP,False,,
130796,double_dqn,dueling,536,,,4.0,4.0,0.05,0.00228192494250834,1.414130687713623,2.371469497680664,0.29140570759773254,1.4346243143081665,2.4288597106933594,0.05366867035627365,0.1607455611228943,0.1214594691991806,10000,10000,1.0,309.7458084843541,309.7458084843541,32200,True,262,130500,0.0,0.0,3,LEFT,greedy,20270,29412,36864,44250,10836,119960,0.08284657023150555,1,65398,2,2,309.7458084843541,154.87290424217704,2,2,154.87290424217704,309.7458084843541,154.87290424217704,309.7458084843541,74.92195503961403,2397.502561267649,3,LEFT,False,,
131195,double_dqn,dueling,536,,,11.0,8.0,0.05,0.000804381794296205,1.4079680442810059,2.5403032302856445,0.6587362885475159,1.411630392074585,2.5151426792144775,0.02891344018280506,0.09987378120422363,0.1598878800868988,10000,10000,1.0,309.4953391280763,309.4953391280763,32300,True,263,131000,0.0,0.0,1,FIRE,greedy,20315,29562,36989,44330,10855,120341,0.08273880301228696,0,65598,2,2,309.4953391280763,154.74766956403815,2,2,154.74766956403815,309.4953391280763,154.74766956403815,309.4953391280763,74.89358619944377,2396.594758382201,1,FIRE,False,,
131196,double_dqn,dueling,536,,,10.0,7.0,0.05,0.000804381794296205,1.4079680442810059,2.5403032302856445,0.6587362885475159,1.411630392074585,2.5151426792144775,0.02891344018280506,0.09987378120422363,0.1598878800868988,10000,10000,1.0,309.495112832345,309.495112832345,32300,True,263,131000,0.0,0.0,1,FIRE,greedy,20315,29562,36989,44330,10855,120341,0.08273880301228696,1,65598,2,2,309.495112832345,154.7475564161725,2,2,154.7475564161725,309.495112832345,154.7475564161725,309.495112832345,74.89353143901053,2396.593006048337,1,FIRE,False,,
131198,double_dqn,dueling,537,10.0,447,0.0,0.0,0.05,,,,,,,,,,10000,10000,1.0,309.48387544339056,309.48387544339056,32300,False,263,131000,0.0,0.0,1,FIRE,greedy,20315,29564,36989,44330,10855,120343,0.08273754173081907,1,65599,2,2,309.48387544339056,154.74193772169528,2,2,154.74193772169528,309.48387544339056,154.74193772169528,309.48387544339056,74.88601114565533,2396.3523566609706,1,FIRE,False,,
131335,double_dqn,dueling,538,12.0,520,0.0,0.0,0.05,,,,,,,,,,10000,10000,1.0,309.5051174760466,309.5051174760466,32335,True,263,131000,0.0,0.0,0,NOOP,greedy,20375,29585,37022,44354,10862,120474,0.08270390448924896,0,65668,2,2,309.5051174760466,154.7525587380233,2,2,154.7525587380233,309.5051174760466,154.7525587380233,309.5051174760466,74.90703379302838,2397.025081376908,0,NOOP,False,,
131595,double_dqn,dueling,538,,,3.0,3.0,0.05,0.0016019457252696157,1.6624507904052734,2.354146718978882,0.8270086050033569,1.6886136531829834,2.3888721466064453,0.0448782816529274,0.12935924530029297,0.09141489118337631,10000,10000,1.0,309.6022266340754,309.6022266340754,32400,True,264,131500,0.0,0.0,3,LEFT,greedy,20406,29650,37076,44464,10874,120722,0.0826316909328551,0,65798,2,2,309.6022266340754,154.8011133170377,2,2,154.8011133170377,309.6022266340754,154.8011133170377,309.6022266340754,74.95086186618695,2398.4275797179826,3,LEFT,False,,
131596,double_dqn,dueling,538,,,4.0,4.0,0.05,0.0016019457252696157,1.6624507904052734,2.354146718978882,0.8270086050033569,1.6886136531829834,2.3888721466064453,0.0448782816529274,0.12935924530029297,0.09141489118337631,10000,10000,1.0,309.60172242968525,309.60172242968525,32400,True,264,131500,0.0,0.0,3,LEFT,greedy,20406,29650,37076,44464,10874,120722,0.0826316909328551,1,65798,2,2,309.60172242968525,154.80086121484263,2,2,154.80086121484263,309.60172242968525,154.80086121484263,309.60172242968525,74.9507398045532,2398.423673745702,3,LEFT,False,,
131995,double_dqn,dueling,538,,,7.0,7.0,0.05,0.005925083067268133,1.454820156097412,2.5820670127868652,0.46102967858314514,1.5112311840057373,2.5223476886749268,0.07925453782081604,0.30765652656555176,0.5240859389305115,10000,10000,1.0,309.85895442339364,309.85895442339364,32500,True,264,131500,0.0,0.0,0,NOOP,greedy,20444,29744,37196,44612,10895,121101,0.08254038001151551,0,65998,2,2,309.85895442339364,154.92947721169682,2,2,154.92947721169682,309.85895442339364,154.92947721169682,309.85895442339364,75.04366288995116,2401.3972124784373,0,NOOP,False,,
131996,double_dqn,dueling,538,,,7.0,7.0,0.05,0.005925083067268133,1.454820156097412,2.5820670127868652,0.46102967858314514,1.5112311840057373,2.5223476886749268,0.07925453782081604,0.30765652656555176,0.5240859389305115,10000,10000,1.0,309.8587470706342,309.8587470706342,32500,True,264,131500,0.0,0.0,2,RIGHT,greedy,20444,29744,37196,44612,10895,121101,0.08254038001151551,1,65998,2,2,309.8587470706342,154.9293735353171,2,2,154.9293735353171,309.8587470706342,154.9293735353171,309.8587470706342,75.04361267190724,2401.3956055010317,2,RIGHT,False,,
132245,double_dqn,dueling,539,9.0,455,0.0,0.0,0.05,,,,,,,,,,10000,10000,1.0,309.9669012138925,309.9669012138925,32562,False,265,132000,0.0,0.0,1,FIRE,greedy,20455,29785,37272,44734,10904,121342,0.08245239931642545,0,66123,2,2,309.9669012138925,154.98345060694626,2,2,154.98345060694626,309.9669012138925,154.98345060694626,309.9669012138925,75.08377675934115,2402.6808562989168,1,FIRE,False,,
132322,double_dqn,dueling,540,11.0,562,0.0,0.0,0.05,,,,,,,,,,10000,10000,1.0,309.9607093781608,309.9607093781608,32581,False,265,132000,0.0,0.0,1,FIRE,greedy,20460,29807,37296,44759,10910,121412,0.082450386179169,1,66161,2,2,309.9607093781608,154.9803546890804,2,2,154.9803546890804,309.9607093781608,154.9803546890804,309.9607093781608,75.08793869287169,2402.814038171894,1,FIRE,False,,
132395,double_dqn,dueling,540,,,1.0,1.0,0.05,0.003224247368052602,1.4592534303665161,2.485262870788574,0.13952548801898956,1.5064072608947754,2.5071299076080322,0.06066173315048218,0.23815691471099854,0.3618364632129669,10000,10000,1.0,309.9837283038913,309.9837283038913,32600,True,265,132000,0.0,0.0,1,FIRE,random,20463,29833,37308,44792,10914,121482,0.08243451463790447,0,66198,2,2,309.9837283038913,154.99186415194566,2,2,154.99186415194566,309.9837283038913,154.99186415194566,309.9837283038913,75.10378699398824,2403.3211838076236,1,FIRE,False,,
132396,double_dqn,dueling,540,,,1.0,1.0,0.05,0.003224247368052602,1.4592534303665161,2.485262870788574,0.13952548801898956,1.5064072608947754,2.5071299076080322,0.06066173315048218,0.23815691471099854,0.3618364632129669,10000,10000,1.0,309.98351296461715,309.98351296461715,32600,True,265,132000,0.0,0.0,1,FIRE,greedy,20463,29833,37308,44792,10914,121482,0.08243451463790447,1,66198,2,2,309.98351296461715,154.99175648230857,2,2,154.99175648230857,309.98351296461715,154.99175648230857,309.98351296461715,75.10373482094333,2403.3195142701866,1,FIRE,False,,
132795,double_dqn,dueling,540,,,4.0,4.0,0.05,0.0024485907051712275,1.5631036758422852,2.5034167766571045,0.43765679001808167,1.6061172485351562,2.492387533187866,0.049257878214120865,0.19738483428955078,0.2391417771577835,10000,10000,1.0,309.88897912689185,309.88897912689185,32700,True,266,132500,0.0,0.0,0,NOOP,greedy,20489,29969,37416,44922,10933,121863,0.08232928702671767,0,66398,2,2,309.88897912689185,154.94448956344593,2,2,154.94448956344593,309.88897912689185,154.94448956344593,309.88897912689185,75.10999802048005,2403.5199366553616,0,NOOP,False,,
132796,double_dqn,dueling,540,,,3.0,3.0,0.05,0.0024485907051712275,1.5631036758422852,2.5034167766571045,0.43765679001808167,1.6061172485351562,2.492387533187866,0.049257878214120865,0.19738483428955078,0.2391417771577835,10000,10000,1.0,309.88871618046005,309.88871618046005,32700,True,266,132500,0.0,0.0,3,LEFT,greedy,20489,29969,37416,44922,10933,121863,0.08232928702671767,1,66398,2,2,309.88871618046005,154.94435809023003,2,2,154.94435809023003,309.88871618046005,154.94435809023003,309.88871618046005,75.1099342882814,2403.5178972250046,3,LEFT,False,,
132870,double_dqn,dueling,541,4.0,274,0.0,0.0,0.05,,,,,,,,,,10000,10000,1.0,309.78533634822924,309.78533634822924,32718,False,266,132500,0.0,0.0,2,RIGHT,greedy,20493,29970,37451,44956,10934,121936,0.08229096108978701,1,66435,2,2,309.78533634822924,154.89266817411462,2,2,154.89266817411462,309.78533634822924,154.89266817411462,309.78533634822924,75.08548143250205,2402.7354058400656,2,RIGHT,False,,
132933,double_dqn,dueling,542,5.0,344,0.0,0.0,0.05,,,,,,,,,,10000,10000,1.0,309.81781382372844,309.81781382372844,32734,False,266,132500,0.0,0.0,3,LEFT,greedy,20503,29978,37474,44979,10940,121994,0.08229647795146464,0,66467,2,2,309.81781382372844,154.90890691186422,2,2,154.90890691186422,309.81781382372844,154.90890691186422,309.81781382372844,75.0979415726855,2403.134130325936,3,LEFT,False,,
133195,double_dqn,dueling,542,,,2.0,2.0,0.05,0.005330228246748447,1.6744388341903687,2.9357833862304688,0.5885061025619507,1.7124571800231934,3.349297523498535,0.06644278764724731,0.4135141372680664,0.3026945888996124,10000,10000,1.0,309.94965198632667,309.94965198632667,32800,True,267,133000,0.0,0.0,3,LEFT,greedy,20536,30065,37534,45061,10953,122243,0.08223219916514009,0,66598,2,2,309.94965198632667,154.97482599316334,2,2,154.97482599316334,309.94965198632667,154.97482599316334,309.94965198632667,75.15317354012362,2404.9015532839558,3,LEFT,False,,
133196,double_dqn,dueling,542,,,4.0,4.0,0.05,0.005330228246748447,1.6744388341903687,2.9357833862304688,0.5885061025619507,1.7124571800231934,3.349297523498535,0.06644278764724731,0.4135141372680664,0.3026945888996124,10000,10000,1.0,309.94944101490853,309.94944101490853,32800,True,267,133000,0.0,0.0,2,RIGHT,greedy,20536,30065,37534,45061,10953,122243,0.08223219916514009,1,66598,2,2,309.94944101490853,154.97472050745426,2,2,154.97472050745426,309.94944101490853,154.97472050745426,309.94944101490853,75.1531223861007,2404.8999163552226,2,RIGHT,False,,
133595,double_dqn,dueling,542,,,5.0,5.0,0.05,0.005001522600650787,1.5931655168533325,2.5223758220672607,0.6977009177207947,1.6048673391342163,2.5591068267822266,0.06660722941160202,0.39898157119750977,0.3451974391937256,10000,10000,1.0,309.94058919738734,309.94058919738734,32900,True,268,133500,0.0,0.0,3,LEFT,greedy,20602,30209,37624,45161,10971,122625,0.0821207221773107,0,66798,2,2,309.94058919738734,154.97029459869367,2,2,154.97029459869367,309.94058919738734,154.97029459869367,309.94058919738734,75.17876715589681,2405.720548988698,3,LEFT,False,,
133596,double_dqn,dueling,542,,,7.0,7.0,0.05,0.005001522600650787,1.5931655168533325,2.5223758220672607,0.6977009177207947,1.6048673391342163,2.5591068267822266,0.06660722941160202,0.39898157119750977,0.3451974391937256,10000,10000,1.0,309.9403864687839,309.9403864687839,32900,True,268,133500,0.0,0.0,1,FIRE,greedy,20602,30209,37624,45161,10971,122625,0.0821207221773107,1,66798,2,2,309.9403864687839,154.97019323439196,2,2,154.97019323439196,309.9403864687839,154.97019323439196,309.9403864687839,75.1787179823229,2405.7189754343326,1,FIRE,False,,
133689,double_dqn,dueling,543,6.0,378,0.0,0.0,0.05,,,,,,,,,,10000,10000,1.0,309.98645632485716,309.98645632485716,32923,False,268,133500,0.0,0.0,3,LEFT,greedy,20608,30240,37652,45190,10978,122712,0.08211534146159025,0,66845,2,2,309.98645632485716,154.99322816242858,2,2,154.99322816242858,309.98645632485716,154.99322816242858,309.98645632485716,75.19172814148806,2406.135300527618,3,LEFT,False,,
133754,double_dqn,dueling,544,8.0,442,0.0,0.0,0.05,,,,,,,,,,10000,10000,1.0,309.8875162756698,309.8875162756698,32939,False,268,133500,0.0,0.0,1,FIRE,greedy,20610,30289,37660,45195,10981,122773,0.0820984792978154,1,66877,2,2,309.8875162756698,154.9437581378349,2,2,154.9437581378349,309.8875162756698,154.9437581378349,309.8875162756698,75.17209762591645,2405.5071240293264,1,FIRE,False,,
133995,double_dqn,dueling,544,,,2.0,2.0,0.05,0.0028293528594076633,1.735443115234375,2.864922285079956,0.4804469048976898,1.7522335052490234,2.91365647315979,0.0569036528468132,0.2294619083404541,0.22025056183338165,10000,10000,1.0,309.95409253154065,309.95409253154065,33000,True,268,133500,0.0,0.0,1,FIRE,greedy,20625,30330,37736,45305,10992,123004,0.08203229947162602,0,66998,2,2,309.95409253154065,154.97704626577033,2,2,154.97704626577033,309.95409253154065,154.97704626577033,309.95409253154065,75.20918076516881,2406.693784485402,1,FIRE,False,,
133996,double_dqn,dueling,544,,,3.0,3.0,0.05,0.0028293528594076633,1.735443115234375,2.864922285079956,0.4804469048976898,1.7522335052490234,2.91365647315979,0.0569036528468132,0.2294619083404541,0.22025056183338165,10000,10000,1.0,309.95388991001437,309.95388991001437,33000,True,268,133500,0.0,0.0,3,LEFT,greedy,20625,30330,37736,45305,10992,123004,0.08203229947162602,1,66998,2,2,309.95388991001437,154.97694495500718,2,2,154.97694495500718,309.95388991001437,154.97694495500718,309.95388991001437,75.2091315998267,2406.6922111944546,3,LEFT,False,,
134347,double_dqn,dueling,545,5.0,329,0.0,0.0,0.05,,,,,,,,,,10000,10000,1.0,310.03906240339376,310.03906240339376,33088,True,269,134000,0.0,0.0,2,RIGHT,greedy,20642,30406,37853,45447,11011,123337,0.08195879358084973,0,67174,2,2,310.03906240339376,155.01953120169688,2,2,155.01953120169688,310.03906240339376,155.01953120169688,310.03906240339376,75.2531635977959,2408.101235129469,2,RIGHT,False,,
134395,double_dqn,dueling,545,,,0.0,0.0,0.05,0.0030109845101833344,1.6331515312194824,2.78873610496521,0.5030005574226379,1.6279655694961548,2.645080089569092,0.05480390042066574,0.27499258518218994,0.44718873500823975,10000,10000,1.0,310.06206031517263,310.06206031517263,33100,True,269,134000,0.0,0.0,2,RIGHT,greedy,20645,30413,37869,45469,11013,123383,0.08194440310723533,0,67198,2,2,310.06206031517263,155.03103015758631,2,2,155.03103015758631,310.06206031517263,155.03103015758631,310.06206031517263,75.26189503347413,2408.3806410711722,2,RIGHT,False,,
134396,double_dqn,dueling,545,,,6.0,6.0,0.05,0.0030109845101833344,1.6331515312194824,2.78873610496521,0.5030005574226379,1.6279655694961548,2.645080089569092,0.05480390042066574,0.27499258518218994,0.44718873500823975,10000,10000,1.0,310.06186018962137,310.06186018962137,33100,True,269,134000,0.0,0.0,2,RIGHT,greedy,20645,30413,37869,45469,11013,123383,0.08194440310723533,1,67198,2,2,310.06186018962137,155.03093009481069,2,2,155.03093009481069,310.06186018962137,155.03093009481069,310.06186018962137,75.26184645665627,2408.3790866130007,2,RIGHT,False,,
134690,double_dqn,dueling,546,8.0,468,0.0,0.0,0.05,,,,,,,,,,10000,10000,1.0,310.1795438924823,310.1795438924823,33173,False,270,134500,0.0,0.0,2,RIGHT,greedy,20677,30487,37990,45536,11024,123666,0.08184720469225629,1,67345,2,2,310.1795438924823,155.08977194624114,2,2,155.08977194624114,310.1795438924823,155.08977194624114,310.1795438924823,75.30504810211836,2409.7615392677876,2,RIGHT,False,,
134795,double_dqn,dueling,546,,,4.0,4.0,0.05,0.0017910376191139221,1.6337603330612183,2.4738550186157227,0.8300607204437256,1.6517584323883057,2.52244234085083,0.04647870361804962,0.13376092910766602,0.1805727779865265,10000,10000,1.0,310.1629001295774,310.1629001295774,33200,True,270,134500,0.0,0.0,2,RIGHT,greedy,20684,30499,38039,45574,11025,123771,0.08179026083860055,0,67398,2,2,310.1629001295774,155.0814500647887,2,2,155.0814500647887,310.1629001295774,155.0814500647887,310.1629001295774,75.31228713630301,2409.9931883616964,2,RIGHT,False,,
134796,double_dqn,dueling,546,,,1.0,1.0,0.05,0.0017910376191139221,1.6337603330612183,2.4738550186157227,0.8300607204437256,1.6517584323883057,2.52244234085083,0.04647870361804962,0.13376092910766602,0.1805727779865265,10000,10000,1.0,310.16269415848444,310.16269415848444,33200,True,270,134500,0.0,0.0,3,LEFT,greedy,20684,30499,38039,45574,11025,123771,0.08179026083860055,1,67398,2,2,310.16269415848444,155.08134707924222,2,2,155.08134707924222,310.16269415848444,155.08134707924222,310.16269415848444,75.31223712337726,2409.9915879480723,3,LEFT,False,,
135195,double_dqn,dueling,546,,,7.0,7.0,0.05,0.001151852309703827,1.6904547214508057,2.4753215312957764,0.6415520310401917,1.6962013244628906,2.5163416862487793,0.03748119994997978,0.11892199516296387,0.15609000623226166,10000,10000,1.0,309.9485773684986,309.9485773684986,33300,True,271,135000,0.0,0.0,1,FIRE,greedy,20703,30635,38144,45714,11036,124160,0.08162963401284061,0,67598,2,2,309.9485773684986,154.9742886842493,2,2,154.9742886842493,309.9485773684986,154.9742886842493,309.9485773684986,75.2855548335974,2409.137754675117,1,FIRE,False,,
135196,double_dqn,dueling,546,,,4.0,4.0,0.05,0.001151852309703827,1.6904547214508057,2.4753215312957764,0.6415520310401917,1.6962013244628906,2.5163416862487793,0.03748119994997978,0.11892199516296387,0.15609000623226166,10000,10000,1.0,309.94826183602623,309.94826183602623,33300,True,271,135000,0.0,0.0,3,LEFT,greedy,20703,30635,38144,45714,11036,124160,0.08162963401284061,1,67598,2,2,309.94826183602623,154.97413091801312,2,2,154.97413091801312,309.94826183602623,154.97413091801312,309.94826183602623,75.28547819173168,2409.135302135414,3,LEFT,False,,
135263,double_dqn,dueling,547,8.0,458,0.0,0.0,0.05,,,,,,,,,,10000,10000,1.0,309.9352242765504,309.9352242765504,33317,True,271,135000,0.0,0.0,1,FIRE,greedy,20707,30665,38151,45741,11037,124227,0.08159599006387509,0,67632,2,2,309.9352242765504,154.9676121382752,2,2,154.9676121382752,309.9352242765504,154.9676121382752,309.9352242765504,75.2865565776126,2409.169810483603,1,FIRE,False,,
135595,double_dqn,dueling,547,,,3.0,3.0,0.05,0.017304757609963417,1.5468049049377441,2.2927815914154053,0.7211471199989319,1.558003306388855,2.6311402320861816,0.08419553935527802,0.765164315700531,0.4476609528064728,10000,10000,1.0,310.0449603254916,310.0449603254916,33400,True,272,135500,0.0,0.0,3,LEFT,greedy,20788,30745,38237,45826,11051,124545,0.08149945426118764,0,67798,2,2,310.0449603254916,155.0224801627458,2,2,155.0224801627458,310.0449603254916,155.0224801627458,310.0449603254916,75.33371339069494,2410.678828502238,3,LEFT,False,,
135596,double_dqn,dueling,547,,,7.0,7.0,0.05,0.017304757609963417,1.5468049049377441,2.2927815914154053,0.7211471199989319,1.558003306388855,2.6311402320861816,0.08419553935527802,0.765164315700531,0.4476609528064728,10000,10000,1.0,310.0447029659418,310.0447029659418,33400,True,272,135500,0.0,0.0,2,RIGHT,greedy,20788,30745,38237,45826,11051,124545,0.08149945426118764,1,67798,2,2,310.0447029659418,155.0223514829709,2,2,155.0223514829709,310.0447029659418,155.0223514829709,310.0447029659418,75.33365085831078,2410.676827465945,2,RIGHT,False,,
135666,double_dqn,dueling,548,8.0,488,0.0,0.0,0.05,,,,,,,,,,10000,10000,1.0,309.946628782668,309.946628782668,33417,False,272,135500,0.0,0.0,2,RIGHT,greedy,20789,30760,38266,45851,11054,124612,0.08147951586985686,1,67833,2,2,309.946628782668,154.973314391334,2,2,154.973314391334,309.946628782668,154.973314391334,309.946628782668,75.30974836064041,2409.911947540493,2,RIGHT,False,,
135779,double_dqn,dueling,549,4.0,258,0.0,0.0,0.05,,,,,,,,,,10000,10000,1.0,309.9728621534254,309.9728621534254,33446,True,272,135500,0.0,0.0,1,FIRE,greedy,20813,30782,38288,45897,11060,124720,0.08145529533068198,0,67890,2,2,309.9728621534254,154.9864310767127,2,2,154.9864310767127,309.9728621534254,154.9864310767127,309.9728621534254,75.32739062113008,2410.4764998761625,1,FIRE,False,,
135995,double_dqn,dueling,549,,,2.0,2.0,0.05,0.0017952029593288898,1.5558443069458008,2.4288456439971924,0.40926021337509155,1.5957540273666382,2.478483200073242,0.04740549623966217,0.16134905815124512,0.21047921478748322,10000,10000,1.0,310.0577562767413,310.0577562767413,33500,True,272,135500,0.0,0.0,3,LEFT,greedy,20841,30828,38351,45976,11070,124926,0.08139945292508603,0,67998,2,2,310.0577562767413,155.02887813837066,2,2,155.02887813837066,310.0577562767413,155.02887813837066,310.0577562767413,75.3610209374711,2411.552669999075,3,LEFT,False,,
135996,double_dqn,dueling,549,,,2.0,2.0,0.05,0.0017952029593288898,1.5558443069458008,2.4288456439971924,0.40926021337509155,1.5957540273666382,2.478483200073242,0.04740549623966217,0.16134905815124512,0.21047921478748322,10000,10000,1.0,310.0575637168853,310.0575637168853,33500,True,272,135500,0.0,0.0,2,RIGHT,greedy,20841,30828,38351,45976,11070,124926,0.08139945292508603,1,67998,2,2,310.0575637168853,155.02878185844264,2,2,155.02878185844264,310.0575637168853,155.02878185844264,310.0575637168853,75.36097413487691,2411.551172316061,2,RIGHT,False,,
136362,double_dqn,dueling,550,5.0,348,0.0,0.0,0.05,,,,,,,,,,10000,10000,1.0,310.12650281974635,310.12650281974635,33591,False,273,136000,0.0,0.0,2,RIGHT,greedy,20878,30934,38461,46089,11083,125279,0.08127630864903712,1,68181,2,2,310.12650281974635,155.06325140987317,2,2,155.06325140987317,310.12650281974635,155.06325140987317,310.12650281974635,75.39514561703311,2412.6446597450595,2,RIGHT,False,,
136395,double_dqn,dueling,550,,,7.0,7.0,0.05,0.0012275364715605974,1.6282893419265747,2.758992910385132,0.3468618094921112,1.643214464187622,2.743075370788574,0.03992201015353203,0.09949922561645508,0.12976951897144318,10000,10000,1.0,310.13912465706596,310.13912465706596,33600,True,273,136000,0.0,0.0,1,FIRE,greedy,20881,30953,38467,46095,11083,125313,0.08125604856447403,0,68198,2,2,310.13912465706596,155.06956232853298,2,2,155.06956232853298,310.13912465706596,155.06956232853298,310.13912465706596,75.4044706585992,2412.9430610751742,1,FIRE,False,,
136396,double_dqn,dueling,550,,,0.0,0.0,0.05,0.0012275364715605974,1.6282893419265747,2.758992910385132,0.3468618094921112,1.643214464187622,2.743075370788574,0.03992201015353203,0.09949922561645508,0.12976951897144318,10000,10000,1.0,310.138800917701,310.138800917701,33600,True,273,136000,0.0,0.0,2,RIGHT,greedy,20881,30953,38467,46095,11083,125313,0.08125604856447403,1,68198,2,2,310.138800917701,155.0694004588505,2,2,155.0694004588505,310.138800917701,155.0694004588505,310.138800917701,75.40439194748699,2412.9405423195835,2,RIGHT,False,,
136721,double_dqn,dueling,551,9.0,471,0.0,0.0,0.05,,,,,,,,,,10000,10000,1.0,310.2689176972708,310.2689176972708,33681,False,274,136500,0.0,0.0,1,FIRE,greedy,20898,31082,38542,46200,11097,125625,0.08116469917057971,0,68361,2,2,310.2689176972708,155.1344588486354,2,2,155.1344588486354,310.2689176972708,155.1344588486354,310.2689176972708,75.45072259235958,2414.4231229555066,1,FIRE,False,,
136795,double_dqn,dueling,551,,,1.0,1.0,0.05,0.002688949927687645,1.7303645610809326,2.8836870193481445,0.8032376766204834,1.7693074941635132,2.87398624420166,0.05426778644323349,0.2319188117980957,0.2587801516056061,10000,10000,1.0,310.29688714680674,310.29688714680674,33700,True,274,136500,0.0,0.0,1,FIRE,greedy,20899,31099,38551,46247,11103,125693,0.08116465393724963,0,68398,2,2,310.29688714680674,155.14844357340337,2,2,155.14844357340337,310.29688714680674,155.14844357340337,310.29688714680674,75.46599747463783,2414.9119191884106,1,FIRE,False,,
136796,double_dqn,dueling,551,,,5.0,5.0,0.05,0.002688949927687645,1.7303645610809326,2.8836870193481445,0.8032376766204834,1.7693074941635132,2.87398624420166,0.05426778644323349,0.2319188117980957,0.2587801516056061,10000,10000,1.0,310.2966984828107,310.2966984828107,33700,True,274,136500,0.0,0.0,1,FIRE,greedy,20899,31099,38551,46247,11103,125693,0.08116465393724963,1,68398,2,2,310.2966984828107,155.14834924140536,2,2,155.14834924140536,310.2966984828107,155.14834924140536,310.2966984828107,75.46595159046291,2414.910450894813,1,FIRE,False,,
137126,double_dqn,dueling,552,8.0,382,0.0,0.0,0.05,,,,,,,,,,10000,10000,1.0,310.4432154458916,310.4432154458916,33782,False,275,137000,0.0,0.0,1,FIRE,random,20919,31235,38611,46361,11113,126013,0.08104225311027814,1,68563,2,2,310.4432154458916,155.2216077229458,2,2,155.2216077229458,310.4432154458916,155.2216077229458,310.4432154458916,75.51615252631167,2416.5168808419735,1,FIRE,False,,
137195,double_dqn,dueling,552,,,5.0,5.0,0.05,0.0012943422188982368,1.4841806888580322,2.4592337608337402,0.4201224744319916,1.5163538455963135,2.4978713989257812,0.03867274150252342,0.138025164604187,0.17258937656879425,10000,10000,1.0,310.4248268076656,310.4248268076656,33800,True,275,137000,0.0,0.0,2,RIGHT,greedy,20925,31270,38618,46383,11119,126077,0.08104463686987959,0,68598,2,2,310.4248268076656,155.2124134038328,2,2,155.2124134038328,310.4248268076656,155.2124134038328,310.4248268076656,75.51979400426299,2416.6334081364157,2,RIGHT,False,,
137196,double_dqn,dueling,552,,,1.0,1.0,0.05,0.0012943422188982368,1.4841806888580322,2.4592337608337402,0.4201224744319916,1.5163538455963135,2.4978713989257812,0.03867274150252342,0.138025164604187,0.17258937656879425,10000,10000,1.0,310.4241949382202,310.4241949382202,33800,True,275,137000,0.0,0.0,1,FIRE,greedy,20925,31270,38618,46383,11119,126077,0.08104463686987959,1,68598,2,2,310.4241949382202,155.2120974691101,2,2,155.2120974691101,310.4241949382202,155.2120974691101,310.4241949382202,75.51964028379274,2416.6284890813677,1,FIRE,False,,
137595,double_dqn,dueling,552,,,10.0,10.0,0.05,0.003150217467918992,1.6999869346618652,2.563877820968628,0.7614266872406006,1.6886305809020996,2.5321717262268066,0.06276816129684448,0.21480059623718262,0.5697340369224548,10000,10000,1.0,310.1163757814107,310.1163757814107,33900,True,276,137500,0.0,0.0,0,NOOP,greedy,20959,31422,38714,46501,11141,126455,0.08096892351521846,0,68798,2,2,310.1163757814107,155.05818789070534,2,2,155.05818789070534,310.1163757814107,155.05818789070534,310.1163757814107,75.46693057836276,2414.9417785076084,0,NOOP,False,,
137596,double_dqn,dueling,552,,,4.0,4.0,0.05,0.003150217467918992,1.6999869346618652,2.563877820968628,0.7614266872406006,1.6886305809020996,2.5321717262268066,0.06276816129684448,0.21480059623718262,0.5697340369224548,10000,10000,1.0,310.1161629519898,310.1161629519898,33900,True,276,137500,0.0,0.0,3,LEFT,greedy,20959,31422,38714,46501,11141,126455,0.08096892351521846,1,68798,2,2,310.1161629519898,155.0580814759949,2,2,155.0580814759949,310.1161629519898,155.0580814759949,310.1161629519898,75.46687878624734,2414.9401211599147,3,LEFT,False,,
137735,double_dqn,dueling,553,11.0,507,0.0,0.0,0.05,,,,,,,,,,10000,10000,1.0,310.1209944094062,310.1209944094062,33935,True,276,137500,0.0,0.0,3,LEFT,greedy,20972,31435,38755,46574,11144,126592,0.0809084044839403,0,68868,2,2,310.1209944094062,155.0604972047031,2,2,155.0604972047031,310.1209944094062,155.0604972047031,310.1209944094062,75.47570523256272,2415.222567442007,3,LEFT,False,,
137826,double_dqn,dueling,554,6.0,350,0.0,0.0,0.05,,,,,,,,,,10000,10000,1.0,310.14380571161416,310.14380571161416,33957,False,276,137500,0.0,0.0,2,RIGHT,greedy,20987,31438,38785,46616,11147,126679,0.08087733809295779,1,68913,2,2,310.14380571161416,155.07190285580708,2,2,155.07190285580708,310.14380571161416,155.07190285580708,310.14380571161416,75.48204608949187,2415.42547486374,2,RIGHT,False,,
137995,double_dqn,dueling,554,,,3.0,3.0,0.05,0.006577843334525824,1.6666042804718018,3.005652904510498,0.4868966042995453,1.6482079029083252,2.8990516662597656,0.06808392703533173,0.4395420551300049,0.6231040358543396,10000,10000,1.0,310.0858476618085,310.0858476618085,34000,True,276,137500,0.0,0.0,1,FIRE,greedy,21027,31470,38823,46676,11156,126840,0.08084292298327488,0,68998,2,2,310.0858476618085,155.04292383090424,2,2,155.04292383090424,310.0858476618085,155.04292383090424,310.0858476618085,75.48120868049443,2415.398677775822,1,FIRE,False,,
137996,double_dqn,dueling,554,,,2.0,2.0,0.05,0.006577843334525824,1.6666042804718018,3.005652904510498,0.4868966042995453,1.6482079029083252,2.8990516662597656,0.06808392703533173,0.4395420551300049,0.6231040358543396,10000,10000,1.0,310.08565406991016,310.08565406991016,34000,True,276,137500,0.0,0.0,1,FIRE,greedy,21027,31470,38823,46676,11156,126840,0.08084292298327488,1,68998,2,2,310.08565406991016,155.04282703495508,2,2,155.04282703495508,310.08565406991016,155.04282703495508,310.08565406991016,75.48116155628486,2415.3971698011155,1,FIRE,False,,
138395,double_dqn,dueling,554,,,6.0,6.0,0.05,0.0013647633604705334,1.5813016891479492,2.6861727237701416,0.5687128901481628,1.6008870601654053,2.677133560180664,0.035763658583164215,0.15870070457458496,0.14113742113113403,10000,10000,1.0,310.1839751194188,310.1839751194188,34100,True,277,138000,0.0,0.0,2,RIGHT,greedy,21116,31588,38877,46815,11176,127220,0.08075377901095407,0,69198,2,2,310.1839751194188,155.0919875597094,2,2,155.0919875597094,310.1839751194188,155.0919875597094,310.1839751194188,75.52635647961887,2416.843407347804,2,RIGHT,False,,
138396,double_dqn,dueling,554,,,7.0,7.0,0.05,0.0013647633604705334,1.5813016891479492,2.6861727237701416,0.5687128901481628,1.6008870601654053,2.677133560180664,0.035763658583164215,0.15870070457458496,0.14113742113113403,10000,10000,1.0,310.18367091118284,310.18367091118284,34100,True,277,138000,0.0,0.0,0,NOOP,greedy,21116,31588,38877,46815,11176,127220,0.08075377901095407,1,69198,2,2,310.18367091118284,155.09183545559142,2,2,155.09183545559142,310.18367091118284,155.09183545559142,310.18367091118284,75.52628240828858,2416.8410370652346,0,NOOP,False,,
138677,double_dqn,dueling,555,13.0,471,0.0,0.0,0.05,,,,,,,,,,10000,10000,1.0,310.3187960563823,310.3187960563823,34170,False,278,138500,0.0,0.0,3,LEFT,greedy,21191,31669,38922,46896,11192,127486,0.08070494238451666,0,69339,2,2,310.3187960563823,155.15939802819116,2,2,155.15939802819116,310.3187960563823,155.15939802819116,310.3187960563823,75.56990382271744,2418.236922326958,3,LEFT,False,,
138746,double_dqn,dueling,556,10.0,460,0.0,0.0,0.05,,,,,,,,,,10000,10000,1.0,310.3606727925244,310.3606727925244,34187,False,278,138500,0.0,0.0,0,NOOP,greedy,21214,31684,38929,46919,11194,127552,0.08067980338171911,1,69373,2,2,310.3606727925244,155.1803363962622,2,2,155.1803363962622,310.3606727925244,155.1803363962622,310.3606727925244,75.58362949647086,2418.6761438870676,0,NOOP,False,,
138795,double_dqn,dueling,556,,,1.0,1.0,0.05,0.0023750411346554756,1.7125797271728516,2.704420566558838,0.5460765361785889,1.7361172437667847,2.6899354457855225,0.05388576537370682,0.21849042177200317,0.32750412821769714,10000,10000,1.0,310.38783924563535,310.38783924563535,34200,True,278,138500,0.0,0.0,2,RIGHT,greedy,21230,31689,38939,46938,11194,127602,0.08065073921438658,0,69398,2,2,310.38783924563535,155.19391962281767,2,2,155.19391962281767,310.38783924563535,155.19391962281767,310.38783924563535,75.59683196803816,2419.098622977221,2,RIGHT,False,,
138796,double_dqn,dueling,556,,,0.0,0.0,0.05,0.0023750411346554756,1.7125797271728516,2.704420566558838,0.5460765361785889,1.7361172437667847,2.6899354457855225,0.05388576537370682,0.21849042177200317,0.32750412821769714,10000,10000,1.0,310.387666411154,310.387666411154,34200,True,278,138500,0.0,0.0,3,LEFT,greedy,21230,31689,38939,46938,11194,127602,0.08065073921438658,1,69398,2,2,310.387666411154,155.193833205577,2,2,155.193833205577,310.387666411154,155.193833205577,310.387666411154,75.59678987315687,2419.0972759410197,3,LEFT,False,,
139195,double_dqn,dueling,556,,,4.0,4.0,0.05,0.0008042607805691659,1.6678602695465088,2.656054735183716,0.7916319370269775,1.6933178901672363,2.6067452430725098,0.03350416570901871,0.09018296003341675,0.12661321461200714,10000,10000,1.0,310.55908568963514,310.55908568963514,34300,True,279,139000,0.0,0.0,3,LEFT,greedy,21358,31770,39033,47035,11213,127983,0.08055547573206126,0,69598,2,2,310.55908568963514,155.27954284481757,2,2,155.27954284481757,310.55908568963514,155.27954284481757,310.55908568963514,75.6589628852517,2421.0868123280543,3,LEFT,False,,
139196,double_dqn,dueling,556,,,4.0,4.0,0.05,0.0008042607805691659,1.6678602695465088,2.656054735183716,0.7916319370269775,1.6933178901672363,2.6067452430725098,0.03350416570901871,0.09018296003341675,0.12661321461200714,10000,10000,1.0,310.55889941989165,310.55889941989165,34300,True,279,139000,0.0,0.0,3,LEFT,greedy,21358,31770,39033,47035,11213,127983,0.08055547573206126,1,69598,2,2,310.55889941989165,155.27944970994582,2,2,155.27944970994582,310.55889941989165,155.27944970994582,310.55889941989165,75.65891750588186,2421.0853601882195,3,LEFT,False,,
139296,double_dqn,dueling,557,5.0,275,0.0,0.0,0.05,,,,,,,,,,10000,10000,1.0,310.55778811253447,310.55778811253447,34325,True,279,139000,0.0,0.0,0,NOOP,greedy,21383,31782,39054,47077,11219,128077,0.08054071904433724,1,69648,2,2,310.55778811253447,155.27889405626723,2,2,155.27889405626723,310.55778811253447,155.27889405626723,310.55778811253447,75.66368748446165,2421.2379995027727,0,NOOP,False,,
139545,double_dqn,dueling,558,8.0,434,0.0,0.0,0.05,,,,,,,,,,10000,10000,1.0,310.66579958348945,310.66579958348945,34387,False,280,139500,0.0,0.0,3,LEFT,greedy,21415,31819,39138,47174,11229,128317,0.08046808937554642,0,69773,2,2,310.66579958348945,155.33289979174472,2,2,155.33289979174472,310.66579958348945,155.33289979174472,310.66579958348945,75.69856988789016,2422.354236412485,3,LEFT,False,,
139595,double_dqn,dueling,558,,,0.0,0.0,0.05,0.0018654518062248826,1.6843748092651367,2.632542848587036,0.48418962955474854,1.7131030559539795,2.648529529571533,0.04563869535923004,0.16069436073303223,0.17297737300395966,10000,10000,1.0,310.68606258013074,310.68606258013074,34400,True,280,139500,0.0,0.0,0,NOOP,random,21421,31836,39147,47192,11233,128363,0.08046792171695465,0,69798,2,2,310.68606258013074,155.34303129006537,2,2,155.34303129006537,310.68606258013074,155.34303129006537,310.68606258013074,75.70991559338523,2422.7172989883275,0,NOOP,False,,
139596,double_dqn,dueling,558,,,3.0,3.0,0.05,0.0018654518062248826,1.6843748092651367,2.632542848587036,0.48418962955474854,1.7131030559539795,2.648529529571533,0.04563869535923004,0.16069436073303223,0.17297737300395966,10000,10000,1.0,310.6858921798518,310.6858921798518,34400,True,280,139500,0.0,0.0,1,FIRE,greedy,21421,31836,39147,47192,11233,128363,0.08046792171695465,1,69798,2,2,310.6858921798518,155.3429460899259,2,2,155.3429460899259,310.6858921798518,155.3429460899259,310.6858921798518,75.7098740691835,2422.715970213872,1,FIRE,False,,
139995,double_dqn,dueling,558,,,4.0,4.0,0.05,0.0011149529600515962,1.5191764831542969,2.755817174911499,0.7578295469284058,1.5687198638916016,2.741311550140381,0.035609930753707886,0.10242605209350586,0.2790529727935791,10000,10000,1.0,310.51082978517786,310.51082978517786,34500,True,280,139500,0.0,0.0,1,FIRE,greedy,21473,31939,39269,47315,11259,128737,0.08042372639218263,0,69998,2,2,310.51082978517786,155.25541489258893,2,2,155.25541489258893,310.51082978517786,155.25541489258893,310.51082978517786,75.68682067145961,2421.9782614867077,1,FIRE,False,,
139996,double_dqn,dueling,558,,,6.0,6.0,0.05,0.0011149529600515962,1.5191764831542969,2.755817174911499,0.7578295469284058,1.5687198638916016,2.741311550140381,0.035609930753707886,0.10242605209350586,0.2790529727935791,10000,10000,1.0,310.51065404783094,310.51065404783094,34500,True,280,139500,0.0,0.0,2,RIGHT,greedy,21473,31939,39269,47315,11259,128737,0.08042372639218263,1,69998,2,2,310.51065404783094,155.25532702391547,2,2,155.25532702391547,310.51065404783094,155.25532702391547,310.51065404783094,75.68677783559114,2421.9768907389166,2,RIGHT,False,,
140395,double_dqn,dueling,559,7.0,425,0.0,0.0,0.05,0.0036019310355186462,1.7097234725952148,2.594374418258667,0.8523763418197632,1.7345327138900757,2.5988824367523193,0.05538661405444145,0.34995532035827637,0.3156285881996155,10000,10000,1.0,310.50575419562995,310.50575419562995,34600,True,281,140000,0.0,0.0,3,LEFT,greedy,21560,31985,39380,47471,11282,129114,0.08035841476965155,0,70198,2,2,310.50575419562995,155.25287709781497,2,2,155.25287709781497,310.50575419562995,155.25287709781497,310.50575419562995,75.70480178910684,2422.553657251419,3,LEFT,False,,
140396,double_dqn,dueling,559,,,10.0,10.0,0.05,0.0036019310355186462,1.7097234725952148,2.594374418258667,0.8523763418197632,1.7345327138900757,2.5988824367523193,0.05538661405444145,0.34995532035827637,0.3156285881996155,10000,10000,1.0,310.5054687440225,310.5054687440225,34600,True,281,140000,0.0,0.0,3,LEFT,greedy,21560,31985,39380,47471,11282,129114,0.08035841476965155,1,70198,2,2,310.5054687440225,155.25273437201125,2,2,155.25273437201125,310.5054687440225,155.25273437201125,310.5054687440225,75.70473219278833,2422.5514301692265,3,LEFT,False,,
140416,double_dqn,dueling,560,10.0,560,0.0,0.0,0.05,,,,,,,,,,10000,10000,1.0,310.50080343945797,310.50080343945797,34605,True,281,140000,0.0,0.0,3,LEFT,greedy,21562,31988,39387,47479,11283,129133,0.08035409070191431,1,70208,2,2,310.50080343945797,155.25040171972898,2,2,155.25040171972898,310.50080343945797,155.25040171972898,310.50080343945797,75.70454565252422,2422.545460880775,3,LEFT,False,,
140795,double_dqn,dueling,560,,,5.0,5.0,0.05,0.001270222943276167,1.5888874530792236,2.544719696044922,0.8729743361473083,1.5939984321594238,2.5443546772003174,0.04073483124375343,0.11554837226867676,0.12246031314134598,10000,10000,1.0,310.6149077637316,310.6149077637316,34700,True,282,140500,0.0,0.0,1,FIRE,greedy,21617,32127,39458,47594,11303,129493,0.08027926929742323,0,70398,2,2,310.6149077637316,155.3074538818658,2,2,155.3074538818658,310.6149077637316,155.3074538818658,310.6149077637316,75.7502627056909,2424.008406582109,1,FIRE,False,,
140796,double_dqn,dueling,560,,,3.0,3.0,0.05,0.001270222943276167,1.5888874530792236,2.544719696044922,0.8729743361473083,1.5939984321594238,2.5443546772003174,0.04073483124375343,0.11554837226867676,0.12246031314134598,10000,10000,1.0,310.614720930853,310.614720930853,34700,True,282,140500,0.0,0.0,2,RIGHT,greedy,21617,32127,39458,47594,11303,129493,0.08027926929742323,1,70398,2,2,310.614720930853,155.3073604654265,2,2,155.3073604654265,310.614720930853,155.3073604654265,310.614720930853,75.7502171423928,2424.0069485565696,2,RIGHT,False,,
141195,double_dqn,dueling,560,,,8.0,8.0,0.05,0.0038527576252818108,1.6688382625579834,2.7951431274414062,0.7058324813842773,1.6326978206634521,2.7061331272125244,0.06941132247447968,0.23564684391021729,0.630121648311615,10000,10000,1.0,310.6956804738608,310.6956804738608,34800,True,283,141000,0.0,0.0,3,LEFT,greedy,21693,32295,39511,47697,11325,129871,0.08020765460777926,0,70598,2,2,310.6956804738608,155.3478402369304,2,2,155.3478402369304,310.6956804738608,155.3478402369304,310.6956804738608,75.78844773963073,2425.2303276681832,3,LEFT,False,,
141196,double_dqn,dueling,560,,,8.0,8.0,0.05,0.0038527576252818108,1.6688382625579834,2.7951431274414062,0.7058324813842773,1.6326978206634521,2.7061331272125244,0.06941132247447968,0.23564684391021729,0.630121648311615,10000,10000,1.0,310.69551597886533,310.69551597886533,34800,True,283,141000,0.0,0.0,1,FIRE,greedy,21693,32295,39511,47697,11325,129871,0.08020765460777926,1,70598,2,2,310.69551597886533,155.34775798943267,2,2,155.34775798943267,310.69551597886533,155.34775798943267,310.69551597886533,75.78840761412802,2425.2290436520966,1,FIRE,False,,
141354,double_dqn,dueling,561,10.0,469,0.0,0.0,0.05,,,,,,,,,,10000,10000,1.0,310.77961209004144,310.77961209004144,34839,False,283,141000,0.0,0.0,1,FIRE,greedy,21716,32388,39524,47726,11332,130022,0.08016752267357131,1,70677,2,2,310.77961209004144,155.38980604502072,2,2,155.38980604502072,310.77961209004144,155.38980604502072,310.77961209004144,75.8123694627929,2425.995822809373,1,FIRE,False,,
141479,double_dqn,dueling,562,11.0,542,0.0,0.0,0.05,,,,,,,,,,10000,10000,1.0,310.7991105637675,310.7991105637675,34871,True,283,141000,0.0,0.0,3,LEFT,greedy,21725,32414,39558,47783,11335,130145,0.08011733107152955,0,70740,2,2,310.7991105637675,155.39955528188375,2,2,155.39955528188375,310.7991105637675,155.39955528188375,310.7991105637675,75.82659110186421,2426.4509152596547,3,LEFT,False,,
141595,double_dqn,dueling,562,,,1.0,1.0,0.05,0.011903490871191025,1.5488771200180054,2.6135027408599854,0.5676170587539673,1.5861259698867798,2.7987260818481445,0.08468987047672272,0.6958519220352173,0.5071170330047607,10000,10000,1.0,310.8141939061968,310.8141939061968,34900,True,284,141500,0.0,0.0,2,RIGHT,greedy,21741,32446,39576,47833,11340,130256,0.08008700810757366,0,70798,2,2,310.8141939061968,155.4070969530984,2,2,155.4070969530984,310.8141939061968,155.4070969530984,310.8141939061968,75.8354950945762,2426.7358430264385,2,RIGHT,False,,
141596,double_dqn,dueling,562,,,3.0,3.0,0.05,0.011903490871191025,1.5488771200180054,2.6135027408599854,0.5676170587539673,1.5861259698867798,2.7987260818481445,0.08468987047672272,0.6958519220352173,0.5071170330047607,10000,10000,1.0,310.8140304042296,310.8140304042296,34900,True,284,141500,0.0,0.0,1,FIRE,greedy,21741,32446,39576,47833,11340,130256,0.08008700810757366,1,70798,2,2,310.8140304042296,155.4070152021148,2,2,155.4070152021148,310.8140304042296,155.4070152021148,310.8140304042296,75.83545520176283,2426.7345664564104,1,FIRE,False,,
141995,double_dqn,dueling,562,,,4.0,4.0,0.05,0.0025090009439736605,1.619985818862915,2.623081922531128,0.6061082482337952,1.6160776615142822,2.5275673866271973,0.05334024131298065,0.22970998287200928,0.3587627112865448,10000,10000,1.0,310.8891932912618,310.8891932912618,35000,True,284,141500,0.0,0.0,3,LEFT,greedy,21784,32609,39645,47958,11368,130628,0.08005859319980844,0,70998,2,2,310.8891932912618,155.4445966456309,2,2,155.4445966456309,310.8891932912618,155.4445966456309,310.8891932912618,75.87159115254171,2427.8909168813348,3,LEFT,False,,
141996,double_dqn,dueling,562,,,7.0,7.0,0.05,0.0025090009439736605,1.619985818862915,2.623081922531128,0.6061082482337952,1.6160776615142822,2.5275673866271973,0.05334024131298065,0.22970998287200928,0.3587627112865448,10000,10000,1.0,310.8890310385603,310.8890310385603,35000,True,284,141500,0.0,0.0,3,LEFT,greedy,21784,32609,39645,47958,11368,130628,0.08005859319980844,1,70998,2,2,310.8890310385603,155.44451551928015,2,2,155.44451551928015,310.8890310385603,155.44451551928015,310.8890310385603,75.87155155524823,2427.8896497679434,3,LEFT,False,,
142220,double_dqn,dueling,563,9.0,433,0.0,0.0,0.05,,,,,,,,,,10000,10000,1.0,310.6983595507909,310.6983595507909,35056,True,285,142000,0.0,0.0,1,FIRE,greedy,21801,32697,39679,48043,11374,130846,0.079974687104486,1,71110,2,2,310.6983595507909,155.34917977539544,2,2,155.34917977539544,310.6983595507909,155.34917977539544,310.6983595507909,75.83483171887494,2426.714615003998,1,FIRE,False,,
142235,double_dqn,dueling,564,6.0,378,0.0,0.0,0.05,,,,,,,,,,10000,10000,1.0,310.67213342338283,310.67213342338283,35060,True,285,142000,0.0,0.0,3,LEFT,random,21802,32705,39681,48048,11377,130859,0.07998678253044236,0,71118,2,2,310.67213342338283,155.33606671169142,2,2,155.33606671169142,310.67213342338283,155.33606671169142,310.67213342338283,75.82912736674054,2426.532075735697,3,LEFT,False,,
142395,double_dqn,dueling,564,,,1.0,1.0,0.05,0.0014353536535054445,1.66188645362854,2.567915439605713,0.4703819453716278,1.673168420791626,2.5435104370117188,0.0427282489836216,0.12177467346191406,0.17919470369815826,10000,10000,1.0,310.6917285761978,310.6917285761978,35100,True,285,142000,0.0,0.0,3,LEFT,greedy,21833,32749,39709,48105,11384,131012,0.07994606590072754,0,71198,2,2,310.6917285761978,155.3458642880989,2,2,155.3458642880989,310.6917285761978,155.3458642880989,310.6917285761978,75.84085052917897,2426.907216933727,3,LEFT,False,,
142396,double_dqn,dueling,564,,,1.0,1.0,0.05,0.0014353536535054445,1.66188645362854,2.567915439605713,0.4703819453716278,1.673168420791626,2.5435104370117188,0.0427282489836216,0.12177467346191406,0.17919470369815826,10000,10000,1.0,310.69156259342253,310.69156259342253,35100,True,285,142000,0.0,0.0,0,NOOP,greedy,21833,32749,39709,48105,11384,131012,0.07994606590072754,1,71198,2,2,310.69156259342253,155.34578129671127,2,2,155.34578129671127,310.69156259342253,155.34578129671127,310.69156259342253,75.8408100122495,2426.905920391984,0,NOOP,False,,
142795,double_dqn,dueling,564,,,5.0,5.0,0.05,0.008513928391039371,1.6186909675598145,2.746241331100464,0.6540703773498535,1.669697880744934,2.7288267612457275,0.06527239084243774,0.6578954458236694,0.39578893780708313,10000,10000,1.0,310.72644112880886,310.72644112880886,35200,True,286,142500,0.0,0.0,1,FIRE,greedy,21847,32818,39838,48293,11403,131393,0.07985517801619094,0,71398,2,2,310.72644112880886,155.36322056440443,2,2,155.36322056440443,310.72644112880886,155.36322056440443,310.72644112880886,75.86644974658668,2427.726391890774,1,FIRE,False,,
142796,double_dqn,dueling,564,,,4.0,4.0,0.05,0.008513928391039371,1.6186909675598145,2.746241331100464,0.6540703773498535,1.669697880744934,2.7288267612457275,0.06527239084243774,0.6578954458236694,0.39578893780708313,10000,10000,1.0,310.7262791426336,310.7262791426336,35200,True,286,142500,0.0,0.0,0,NOOP,greedy,21847,32818,39838,48293,11403,131393,0.07985517801619094,1,71398,2,2,310.7262791426336,155.3631395713168,2,2,155.3631395713168,310.7262791426336,155.3631395713168,310.7262791426336,75.86641019631223,2427.7251262819914,0,NOOP,False,,
142874,double_dqn,dueling,565,5.0,327,0.0,0.0,0.05,,,,,,,,,,10000,10000,1.0,310.7205707220977,310.7205707220977,35219,False,286,142500,0.0,0.0,2,RIGHT,greedy,21847,32820,39866,48341,11403,131471,0.07981158223329647,1,71437,2,2,310.7205707220977,155.36028536104885,2,2,155.36028536104885,310.7205707220977,155.36028536104885,310.7205707220977,75.86469502073328,2427.670240663465,2,RIGHT,False,,
142945,double_dqn,dueling,566,6.0,355,0.0,0.0,0.05,,,,,,,,,,10000,10000,1.0,310.7345774092725,310.7345774092725,35237,False,286,142500,0.0,0.0,1,FIRE,greedy,21851,32838,39882,48375,11405,131541,0.07978537349768444,0,71473,2,2,310.7345774092725,155.36728870463625,2,2,155.36728870463625,310.7345774092725,155.36728870463625,310.7345774092725,75.87115863441603,2427.877076301313,1,FIRE,False,,
143195,double_dqn,dueling,566,,,2.0,2.0,0.05,0.006272745784372091,1.6857085227966309,2.8077540397644043,0.781704306602478,1.6917932033538818,2.802272319793701,0.08999869227409363,0.30872178077697754,0.5878519415855408,10000,10000,1.0,310.79297765553434,310.79297765553434,35300,True,287,143000,0.0,0.0,3,LEFT,greedy,21874,32923,39939,48460,11419,131777,0.0797438475935082,0,71598,2,2,310.79297765553434,155.39648882776717,2,2,155.39648882776717,310.79297765553434,155.39648882776717,310.79297765553434,75.8995073916157,2428.7842365317024,3,LEFT,False,,
143196,double_dqn,dueling,566,,,3.0,3.0,0.05,0.006272745784372091,1.6857085227966309,2.8077540397644043,0.781704306602478,1.6917932033538818,2.802272319793701,0.08999869227409363,0.30872178077697754,0.5878519415855408,10000,10000,1.0,310.79281933730607,310.79281933730607,35300,True,287,143000,0.0,0.0,3,LEFT,greedy,21874,32923,39939,48460,11419,131777,0.0797438475935082,1,71598,2,2,310.79281933730607,155.39640966865304,2,2,155.39640966865304,310.79281933730607,155.39640966865304,310.79281933730607,75.89946872833691,2428.782999306781,3,LEFT,False,,
143595,double_dqn,dueling,566,,,6.0,6.0,0.05,0.004369052592664957,1.7836461067199707,2.6885976791381836,0.067051000893116,1.7749378681182861,2.790891170501709,0.06806711852550507,0.25797319412231445,0.4831371009349823,10000,10000,1.0,310.8910487029312,310.8910487029312,35400,True,288,143500,0.0,0.0,2,RIGHT,greedy,21901,33062,40008,48625,11436,132160,0.07964010139558204,0,71798,2,2,310.8910487029312,155.4455243514656,2,2,155.4455243514656,310.8910487029312,155.4455243514656,310.8910487029312,75.93996645649864,2430.0789266079564,2,RIGHT,False,,
143596,double_dqn,dueling,566,,,7.0,7.0,0.05,0.004369052592664957,1.7836461067199707,2.6885976791381836,0.067051000893116,1.7749378681182861,2.790891170501709,0.06806711852550507,0.25797319412231445,0.4831371009349823,10000,10000,1.0,310.89088575202845,310.89088575202845,35400,True,288,143500,0.0,0.0,1,FIRE,greedy,21901,33062,40008,48625,11436,132160,0.07964010139558204,1,71798,2,2,310.89088575202845,155.44544287601423,2,2,155.44544287601423,310.89088575202845,155.44544287601423,310.89088575202845,75.93992665321018,2430.0776529027257,1,FIRE,False,,
143750,double_dqn,dueling,567,8.0,438,0.0,0.0,0.05,,,,,,,,,,10000,10000,1.0,310.93174224507214,310.93174224507214,35438,False,288,143500,0.0,0.0,3,LEFT,greedy,21906,33094,40028,48722,11444,132306,0.0796104347826087,1,71875,2,2,310.93174224507214,155.46587112253607,2,2,155.46587112253607,310.93174224507214,155.46587112253607,310.93174224507214,75.95262924281339,2430.4841357700284,3,LEFT,False,,
143775,double_dqn,dueling,568,7.0,415,0.0,0.0,0.05,,,,,,,,,,10000,10000,1.0,310.9186180914668,310.9186180914668,35445,True,288,143500,0.0,0.0,2,RIGHT,greedy,21908,33098,40041,48729,11446,132330,0.07960994880925884,0,71888,2,2,310.9186180914668,155.4593090457334,2,2,155.4593090457334,310.9186180914668,155.4593090457334,310.9186180914668,75.95403193234068,2430.529021834902,2,RIGHT,False,,
143995,double_dqn,dueling,568,,,1.0,1.0,0.05,0.012316109612584114,1.8098126649856567,2.769648790359497,0.5501005053520203,1.8586235046386719,2.818176746368408,0.08081626892089844,0.7637945413589478,0.6105502247810364,10000,10000,1.0,311.0120480354679,311.0120480354679,35500,True,288,143500,0.0,0.0,1,FIRE,greedy,21937,33183,40085,48791,11457,132539,0.07956471013083696,0,71998,2,2,311.0120480354679,155.50602401773395,2,2,155.50602401773395,311.0120480354679,155.50602401773395,311.0120480354679,75.98573743824994,2431.543598023998,1,FIRE,False,,
143996,double_dqn,dueling,568,,,3.0,3.0,0.05,0.012316109612584114,1.8098126649856567,2.769648790359497,0.5501005053520203,1.8586235046386719,2.818176746368408,0.08081626892089844,0.7637945413589478,0.6105502247810364,10000,10000,1.0,311.01188797911465,311.01188797911465,35500,True,288,143500,0.0,0.0,1,FIRE,greedy,21937,33183,40085,48791,11457,132539,0.07956471013083696,1,71998,2,2,311.01188797911465,155.50594398955732,2,2,155.50594398955732,311.01188797911465,155.50594398955732,311.01188797911465,75.9856983336554,2431.542346676973,1,FIRE,False,,
144395,double_dqn,dueling,568,,,5.0,5.0,0.05,0.0029914318583905697,1.7756648063659668,2.822202682495117,0.47008731961250305,1.7896721363067627,2.8432605266571045,0.054580602794885635,0.2598697543144226,0.2160029113292694,10000,10000,1.0,310.79111548719686,310.79111548719686,35600,True,289,144000,0.0,0.0,3,LEFT,greedy,22000,33294,40167,48935,11475,132921,0.07946896035901271,0,72198,2,2,310.79111548719686,155.39555774359843,2,2,155.39555774359843,310.79111548719686,155.39555774359843,310.79111548719686,75.94767122985402,2430.3254793553288,3,LEFT,False,,
144396,double_dqn,dueling,568,,,6.0,6.0,0.05,0.0029914318583905697,1.7756648063659668,2.822202682495117,0.47008731961250305,1.7896721363067627,2.8432605266571045,0.054580602794885635,0.2598697543144226,0.2160029113292694,10000,10000,1.0,310.790504342398,310.790504342398,35600,True,289,144000,0.0,0.0,3,LEFT,greedy,22000,33294,40167,48935,11475,132921,0.07946896035901271,1,72198,2,2,310.790504342398,155.395252171199,2,2,155.395252171199,310.790504342398,155.395252171199,310.790504342398,75.94752188509494,2430.320700323038,3,LEFT,False,,
144556,double_dqn,dueling,569,8.0,403,0.0,0.0,0.05,,,,,,,,,,10000,10000,1.0,310.5664706564783,310.5664706564783,35640,True,290,144500,0.0,0.0,3,LEFT,greedy,22016,33322,40224,48994,11483,133073,0.07943634300893772,1,72278,2,2,310.5664706564783,155.28323532823916,2,2,155.28323532823916,310.5664706564783,155.28323532823916,310.5664706564783,75.89905509871605,2428.7697631589135,3,LEFT,False,,
144665,double_dqn,dueling,570,8.0,445,0.0,0.0,0.05,,,,,,,,,,10000,10000,1.0,310.58226027878345,310.58226027878345,35667,False,290,144500,0.0,0.0,2,RIGHT,greedy,22035,33330,40261,49040,11487,133179,0.07940359172162084,0,72333,2,2,310.58226027878345,155.29113013939173,2,2,155.29113013939173,310.58226027878345,155.29113013939173,310.58226027878345,75.90372885871133,2428.9193234787626,2,RIGHT,False,,
144795,double_dqn,dueling,570,,,1.0,1.0,0.05,0.0023610147181898355,1.7193326950073242,2.7890381813049316,1.0412930250167847,1.7443535327911377,2.829163074493408,0.047436460852622986,0.2366858720779419,0.1860932856798172,10000,10000,1.0,310.6048874866629,310.6048874866629,35700,True,290,144500,0.0,0.0,1,FIRE,random,22052,33346,40308,49090,11494,133302,0.07938064587419542,0,72398,2,2,310.6048874866629,155.30244374333145,2,2,155.30244374333145,310.6048874866629,155.30244374333145,310.6048874866629,75.91778089765765,2429.368988725045,1,FIRE,False,,
144796,double_dqn,dueling,570,,,3.0,3.0,0.05,0.0023610147181898355,1.7193326950073242,2.7890381813049316,1.0412930250167847,1.7443535327911377,2.829163074493408,0.047436460852622986,0.2366858720779419,0.1860932856798172,10000,10000,1.0,310.60472746977155,310.60472746977155,35700,True,290,144500,0.0,0.0,3,LEFT,greedy,22052,33346,40308,49090,11494,133302,0.07938064587419542,1,72398,2,2,310.60472746977155,155.30236373488577,2,2,155.30236373488577,310.60472746977155,155.30236373488577,310.60472746977155,75.91774178646595,2429.3677371669105,3,LEFT,False,,
145195,double_dqn,dueling,570,,,6.0,6.0,0.05,0.001707001356408,1.701379656791687,2.7666680812835693,0.47772035002708435,1.7482123374938965,2.7834324836730957,0.049705930054187775,0.11174559593200684,0.23812437057495117,10000,10000,1.0,310.41733857027333,310.41733857027333,35800,True,291,145000,0.0,0.0,2,RIGHT,greedy,22121,33440,40378,49257,11512,133684,0.07928593074189372,0,72598,2,2,310.41733857027333,155.20866928513666,2,2,155.20866928513666,310.41733857027333,155.20866928513666,310.41733857027333,75.88727263171408,2428.3927242148507,2,RIGHT,False,,
145196,double_dqn,dueling,570,,,7.0,7.0,0.05,0.001707001356408,1.701379656791687,2.7666680812835693,0.47772035002708435,1.7482123374938965,2.7834324836730957,0.049705930054187775,0.11174559593200684,0.23812437057495117,10000,10000,1.0,310.4169697308543,310.4169697308543,35800,True,291,145000,0.0,0.0,0,NOOP,greedy,22121,33440,40378,49257,11512,133684,0.07928593074189372,1,72598,2,2,310.4169697308543,155.20848486542715,2,2,155.20848486542715,310.4169697308543,155.20848486542715,310.4169697308543,75.88718246208092,2428.3898387865893,0,NOOP,False,,
145475,double_dqn,dueling,571,8.0,405,0.0,0.0,0.05,,,,,,,,,,10000,10000,1.0,310.44851208416355,310.44851208416355,35870,True,291,145000,0.0,0.0,3,LEFT,greedy,22186,33511,40444,49335,11524,133952,0.07921581566718909,0,72738,2,2,310.44851208416355,155.22425604208178,2,2,155.22425604208178,310.44851208416355,155.22425604208178,310.44851208416355,75.90546674869853,2428.974935958353,3,LEFT,False,,
145595,double_dqn,dueling,571,,,1.0,1.0,0.05,0.001548556494526565,1.7148696184158325,2.7989377975463867,0.665132999420166,1.7317349910736084,2.8073439598083496,0.04241602122783661,0.1223001480102539,0.1586332470178604,10000,10000,1.0,310.47585434972575,310.47585434972575,35900,True,292,145500,0.0,0.0,3,LEFT,greedy,22227,33548,40451,49370,11529,134067,0.07918486771614605,0,72798,2,2,310.47585434972575,155.23792717486288,2,2,155.23792717486288,310.47585434972575,155.23792717486288,310.47585434972575,75.91664400704212,2429.332608225348,3,LEFT,False,,
145596,double_dqn,dueling,571,,,12.0,12.0,0.05,0.001548556494526565,1.7148696184158325,2.7989377975463867,0.665132999420166,1.7317349910736084,2.8073439598083496,0.04241602122783661,0.1223001480102539,0.1586332470178604,10000,10000,1.0,310.47569283106344,310.47569283106344,35900,True,292,145500,0.0,0.0,0,NOOP,greedy,22227,33548,40451,49370,11529,134067,0.07918486771614605,1,72798,2,2,310.47569283106344,155.23784641553172,2,2,155.23784641553172,310.47569283106344,155.23784641553172,310.47569283106344,75.9166045129732,2429.331344415142,0,NOOP,False,,
145738,double_dqn,dueling,572,13.0,591,0.0,0.0,0.05,,,,,,,,,,10000,10000,1.0,310.5069861505696,310.5069861505696,35935,False,292,145500,0.0,0.0,0,NOOP,greedy,22281,33564,40472,49421,11533,134205,0.07913516035625574,1,72869,2,2,310.5069861505696,155.2534930752848,2,2,155.2534930752848,310.5069861505696,155.2534930752848,310.5069861505696,75.92614747273538,2429.636719127532,0,NOOP,False,,
145995,double_dqn,dueling,572,,,5.0,5.0,0.05,0.0038385388907045126,1.7483549118041992,2.7742538452148438,0.6420885920524597,1.7902069091796875,2.757073163986206,0.056844405829906464,0.2997688055038452,0.2453850507736206,10000,10000,1.0,310.5536658255536,310.5536658255536,36000,True,292,145500,0.0,0.0,2,RIGHT,greedy,22328,33602,40542,49524,11552,134444,0.07912545549193128,0,72998,2,2,310.5536658255536,155.2768329127768,2,2,155.2768329127768,310.5536658255536,155.2768329127768,310.5536658255536,75.9504780170374,2430.4152965451967,2,RIGHT,False,,
145996,double_dqn,dueling,572,,,3.0,3.0,0.05,0.0038385388907045126,1.7483549118041992,2.7742538452148438,0.6420885920524597,1.7902069091796875,2.757073163986206,0.056844405829906464,0.2997688055038452,0.2453850507736206,10000,10000,1.0,310.5535161157241,310.5535161157241,36000,True,292,145500,0.0,0.0,1,FIRE,greedy,22328,33602,40542,49524,11552,134444,0.07912545549193128,1,72998,2,2,310.5535161157241,155.27675805786205,2,2,155.27675805786205,310.5535161157241,155.27675805786205,310.5535161157241,75.95044140329117,2430.4141249053173,1,FIRE,False,,
146355,double_dqn,dueling,573,12.0,440,0.0,0.0,0.05,,,,,,,,,,10000,10000,1.0,310.63808321077914,310.63808321077914,36090,True,293,146000,0.0,0.0,3,LEFT,greedy,22382,33699,40603,49672,11569,134787,0.07904698133318756,0,73178,2,2,310.63808321077914,155.31904160538957,2,2,155.31904160538957,310.63808321077914,155.31904160538957,310.63808321077914,75.98423560115248,2431.4955392368793,3,LEFT,False,,
146395,double_dqn,dueling,573,,,0.0,0.0,0.05,0.006195818539708853,1.7493705749511719,2.8379368782043457,0.6261359453201294,1.7383537292480469,2.8766469955444336,0.07606111466884613,0.3483511805534363,0.5789520144462585,10000,10000,1.0,310.6143880291413,310.6143880291413,36100,True,293,146000,0.0,0.0,2,RIGHT,greedy,22385,33704,40620,49687,11569,134827,0.07902538320719145,0,73198,2,2,310.6143880291413,155.30719401457065,2,2,155.30719401457065,310.6143880291413,155.30719401457065,310.6143880291413,75.9798838206467,2431.3562822606946,2,RIGHT,False,,
146396,double_dqn,dueling,573,,,7.0,7.0,0.05,0.006195818539708853,1.7493705749511719,2.8379368782043457,0.6261359453201294,1.7383537292480469,2.8766469955444336,0.07606111466884613,0.3483511805534363,0.5789520144462585,10000,10000,1.0,310.61423227337644,310.61423227337644,36100,True,293,146000,0.0,0.0,3,LEFT,greedy,22385,33704,40620,49687,11569,134827,0.07902538320719145,1,73198,2,2,310.61423227337644,155.30711613668822,2,2,155.30711613668822,310.61423227337644,155.30711613668822,310.61423227337644,75.97984572097916,2431.355063071333,3,LEFT,False,,
146542,double_dqn,dueling,574,8.0,402,0.0,0.0,0.05,,,,,,,,,,10000,10000,1.0,310.28045756036084,310.28045756036084,36136,False,294,146500,0.0,0.0,1,FIRE,greedy,22390,33744,40656,49752,11572,134970,0.07896712205374569,1,73271,2,2,310.28045756036084,155.14022878018042,2,2,155.14022878018042,310.28045756036084,155.14022878018042,310.28045756036084,75.90011192739264,2428.8035816765646,1,FIRE,False,,
146795,double_dqn,dueling,574,,,5.0,5.0,0.05,0.0031369333155453205,1.8620381355285645,2.818718194961548,0.5392417907714844,1.8894679546356201,2.6916003227233887,0.05942580848932266,0.24479389190673828,0.20261603593826294,10000,10000,1.0,309.7684147676012,309.7684147676012,36200,True,294,146500,0.0,0.0,3,LEFT,greedy,22411,33827,40718,49840,11583,135213,0.07890541976620616,0,73398,2,2,309.7684147676012,154.8842073838006,2,2,154.8842073838006,309.7684147676012,154.8842073838006,309.7684147676012,75.78721644316323,2425.1909261812234,3,LEFT,False,,
146796,double_dqn,dueling,574,,,3.0,3.0,0.05,0.0031369333155453205,1.8620381355285645,2.818718194961548,0.5392417907714844,1.8894679546356201,2.6916003227233887,0.05942580848932266,0.24479389190673828,0.20261603593826294,10000,10000,1.0,309.7682669242511,309.7682669242511,36200,True,294,146500,0.0,0.0,0,NOOP,greedy,22411,33827,40718,49840,11583,135213,0.07890541976620616,1,73398,2,2,309.7682669242511,154.88413346212556,2,2,154.88413346212556,309.7682669242511,154.88413346212556,309.7682669242511,75.7871802721547,2425.1897687089504,0,NOOP,False,,
147195,double_dqn,dueling,574,,,9.0,9.0,0.05,0.0013595656491816044,1.6562256813049316,2.5640552043914795,0.6374531388282776,1.6659270524978638,2.552873373031616,0.03904113173484802,0.14591068029403687,0.16059021651744843,10000,10000,1.0,309.7348597347715,309.7348597347715,36300,True,295,147000,0.0,0.0,0,NOOP,greedy,22462,34004,40776,49954,11596,135600,0.07877931465528955,0,73598,2,2,309.7348597347715,154.86742986738574,2,2,154.86742986738574,309.7348597347715,154.86742986738574,309.7348597347715,75.79303108477151,2425.3769947126884,0,NOOP,False,,
147196,double_dqn,dueling,574,,,6.0,6.0,0.05,0.0013595656491816044,1.6562256813049316,2.5640552043914795,0.6374531388282776,1.6659270524978638,2.552873373031616,0.03904113173484802,0.14591068029403687,0.16059021651744843,10000,10000,1.0,309.73466398481446,309.73466398481446,36300,True,295,147000,0.0,0.0,3,LEFT,greedy,22462,34004,40776,49954,11596,135600,0.07877931465528955,1,73598,2,2,309.73466398481446,154.86733199240723,2,2,154.86733199240723,309.73466398481446,154.86733199240723,309.73466398481446,75.79298318418134,2425.375461893803,3,LEFT,False,,
147243,double_dqn,dueling,575,9.0,444,0.0,0.0,0.05,,,,,,,,,,10000,10000,1.0,309.72809490823875,309.72809490823875,36312,True,295,147000,0.0,0.0,0,NOOP,greedy,22478,34008,40792,49966,11599,135645,0.07877400776941675,0,73622,2,2,309.72809490823875,154.86404745411937,2,2,154.86404745411937,309.72809490823875,154.86404745411937,309.72809490823875,75.79304261354136,2425.3773636333235,0,NOOP,False,,
147595,double_dqn,dueling,575,,,4.0,4.0,0.05,0.003614829620346427,1.6356886625289917,2.7387192249298096,0.1521718055009842,1.6952123641967773,2.673866033554077,0.07332190871238708,0.17857909202575684,0.32816314697265625,10000,10000,1.0,309.6620781668603,309.6620781668603,36400,True,296,147500,0.0,0.0,2,RIGHT,greedy,22543,34052,40909,50092,11619,135977,0.07872164557305077,0,73798,2,2,309.6620781668603,154.83103908343014,2,2,154.83103908343014,309.6620781668603,154.83103908343014,309.6620781668603,75.78900639897796,2425.2482047672947,2,RIGHT,False,,
147596,double_dqn,dueling,575,,,11.0,11.0,0.05,0.003614829620346427,1.6356886625289917,2.7387192249298096,0.1521718055009842,1.6952123641967773,2.673866033554077,0.07332190871238708,0.17857909202575684,0.32816314697265625,10000,10000,1.0,309.6619292822844,309.6619292822844,36400,True,296,147500,0.0,0.0,2,RIGHT,greedy,22543,34052,40909,50092,11619,135977,0.07872164557305077,1,73798,2,2,309.6619292822844,154.8309646411422,2,2,154.8309646411422,309.6619292822844,154.8309646411422,309.6619292822844,75.78896995985653,2425.247038715409,2,RIGHT,False,,
147782,double_dqn,dueling,576,13.0,620,0.0,0.0,0.05,,,,,,,,,,10000,10000,1.0,309.65792077461896,309.65792077461896,36446,False,296,147500,0.0,0.0,0,NOOP,greedy,22606,34084,40949,50143,11627,136155,0.07867669946272211,1,73891,2,2,309.65792077461896,154.82896038730948,2,2,154.82896038730948,309.65792077461896,154.82896038730948,309.65792077461896,75.79107997696137,2425.314559262764,0,NOOP,False,,
147995,double_dqn,dueling,576,,,7.0,7.0,0.05,0.0033653625287115574,1.7411775588989258,2.8053157329559326,0.3965015113353729,1.7532039880752563,2.8183376789093018,0.05780851095914841,0.22220313549041748,0.18724115192890167,10000,10000,1.0,309.7032810016274,309.7032810016274,36500,True,296,147500,0.0,0.0,3,LEFT,greedy,22621,34151,41013,50211,11638,136358,0.07863726046649909,0,73998,2,2,309.7032810016274,154.8516405008137,2,2,154.8516405008137,309.7032810016274,154.8516405008137,309.7032810016274,75.81264789749396,2426.0047327198067,3,LEFT,False,,
147996,double_dqn,dueling,576,,,2.0,2.0,0.05,0.0033653625287115574,1.7411775588989258,2.8053157329559326,0.3965015113353729,1.7532039880752563,2.8183376789093018,0.05780851095914841,0.22220313549041748,0.18724115192890167,10000,10000,1.0,309.7031337177875,309.7031337177875,36500,True,296,147500,0.0,0.0,1,FIRE,greedy,22621,34151,41013,50211,11638,136358,0.07863726046649909,1,73998,2,2,309.7031337177875,154.85156685889376,2,2,154.85156685889376,309.7031337177875,154.85156685889376,309.7031337177875,75.81261184370126,2426.0035789984404,1,FIRE,False,,
148191,double_dqn,dueling,577,9.0,474,0.0,0.0,0.05,,,,,,,,,,10000,10000,1.0,309.79074380280895,309.79074380280895,36549,True,297,148000,0.0,0.0,1,FIRE,greedy,22646,34190,41070,50286,11644,136548,0.078573742172317,0,74096,2,2,309.79074380280895,154.89537190140447,2,2,154.89537190140447,309.79074380280895,154.89537190140447,309.79074380280895,75.84062075418201,2426.8998641338244,1,FIRE,False,,
148395,double_dqn,dueling,577,,,2.0,2.0,0.05,0.0038294512778520584,1.7560696601867676,2.496959924697876,0.3928089737892151,1.7277681827545166,2.448603630065918,0.06078642979264259,0.32339417934417725,0.7963085174560547,10000,10000,1.0,309.8711520396375,309.8711520396375,36600,True,297,148000,0.0,0.0,3,LEFT,random,22689,34240,41113,50354,11656,136740,0.07854659155233294,0,74198,2,2,309.8711520396375,154.93557601981874,2,2,154.93557601981874,309.8711520396375,154.93557601981874,309.8711520396375,75.86708158768627,2427.7466108059607,3,LEFT,False,,
148396,double_dqn,dueling,577,,,6.0,6.0,0.05,0.0038294512778520584,1.7560696601867676,2.496959924697876,0.3928089737892151,1.7277681827545166,2.448603630065918,0.06078642979264259,0.32339417934417725,0.7963085174560547,10000,10000,1.0,309.87100085479983,309.87100085479983,36600,True,297,148000,0.0,0.0,0,NOOP,greedy,22689,34240,41113,50354,11656,136740,0.07854659155233294,1,74198,2,2,309.87100085479983,154.93550042739992,2,2,154.93550042739992,309.87100085479983,154.93550042739992,309.87100085479983,75.86704457245482,2427.745426318554,0,NOOP,False,,
148774,double_dqn,dueling,578,12.0,496,0.0,0.0,0.05,,,,,,,,,,10000,10000,1.0,309.8526429984442,309.8526429984442,36694,False,298,148500,0.0,0.0,0,NOOP,greedy,22780,34293,41204,50497,11681,137093,0.07851506311586702,1,74387,2,2,309.8526429984442,154.9263214992221,2,2,154.9263214992221,309.8526429984442,154.9263214992221,309.8526429984442,75.87177831078893,2427.8969059452456,0,NOOP,False,,
148795,double_dqn,dueling,578,,,6.0,6.0,0.05,0.0017225928604602814,1.7137998342514038,2.8262436389923096,0.5060352683067322,1.740295171737671,2.8560848236083984,0.04413492977619171,0.16909098625183105,0.15226322412490845,10000,10000,1.0,309.8301641537712,309.8301641537712,36700,True,298,148500,0.0,0.0,3,LEFT,greedy,22780,34296,41213,50507,11683,137113,0.07851689561547354,0,74398,2,2,309.8301641537712,154.9150820768856,2,2,154.9150820768856,309.8301641537712,154.9150820768856,309.8301641537712,75.87016623234307,2427.845319434978,3,LEFT,False,,
148796,double_dqn,dueling,578,,,0.0,0.0,0.05,0.0017225928604602814,1.7137998342514038,2.8262436389923096,0.5060352683067322,1.740295171737671,2.8560848236083984,0.04413492977619171,0.16909098625183105,0.15226322412490845,10000,10000,1.0,309.8299770665713,309.8299770665713,36700,True,298,148500,0.0,0.0,2,RIGHT,greedy,22780,34296,41213,50507,11683,137113,0.07851689561547354,1,74398,2,2,309.8299770665713,154.91498853328565,2,2,154.91498853328565,309.8299770665713,154.91498853328565,309.8299770665713,75.87012041906017,2427.8438534099255,2,RIGHT,False,,
149109,double_dqn,dueling,579,9.0,459,0.0,0.0,0.05,,,,,,,,,,10000,10000,1.0,309.619090234767,309.619090234767,36778,False,299,149000,0.0,0.0,1,FIRE,greedy,22842,34381,41291,50596,11704,137406,0.07849238816980753,0,74555,2,2,309.619090234767,154.8095451173835,2,2,154.8095451173835,309.619090234767,154.8095451173835,309.619090234767,75.82546931894812,2426.41501820634,1,FIRE,False,,
149195,double_dqn,dueling,579,,,1.0,1.0,0.05,0.0019157881615683436,1.8081966638565063,2.739119052886963,0.6838023662567139,1.804936408996582,2.696239709854126,0.04877258837223053,0.15722864866256714,0.5280047059059143,10000,10000,1.0,309.6483102097348,309.6483102097348,36800,True,299,149000,0.0,0.0,2,RIGHT,greedy,22843,34413,41312,50628,11709,137487,0.07848065631786375,0,74598,2,2,309.6483102097348,154.8241551048674,2,2,154.8241551048674,309.6483102097348,154.8241551048674,309.6483102097348,75.83853341160044,2426.833069171214,2,RIGHT,False,,
149196,double_dqn,dueling,579,,,4.0,4.0,0.05,0.0019157881615683436,1.8081966638565063,2.739119052886963,0.6838023662567139,1.804936408996582,2.696239709854126,0.04877258837223053,0.15722864866256714,0.5280047059059143,10000,10000,1.0,309.6481659850072,309.6481659850072,36800,True,299,149000,0.0,0.0,3,LEFT,greedy,22843,34413,41312,50628,11709,137487,0.07848065631786375,1,74598,2,2,309.6481659850072,154.8240829925036,2,2,154.8240829925036,309.6481659850072,154.8240829925036,309.6481659850072,75.83849808832734,2426.831938826475,3,LEFT,False,,
149595,double_dqn,dueling,579,,,9.0,6.0,0.05,0.006155346054583788,1.8652708530426025,3.115905284881592,0.5421766042709351,1.9178283214569092,2.9120821952819824,0.07650255411863327,0.33545684814453125,0.3903760015964508,10000,10000,1.0,309.55241316893307,309.55241316893307,36900,True,300,149500,0.0,0.0,2,RIGHT,greedy,22905,34458,41437,50796,11725,137871,0.07837776411133987,0,74798,2,2,309.55241316893307,154.77620658446654,2,2,154.77620658446654,309.55241316893307,154.77620658446654,309.55241316893307,75.82773343796612,2426.4874700149157,2,RIGHT,False,,
149596,double_dqn,dueling,579,,,8.0,8.0,0.05,0.006155346054583788,1.8652708530426025,3.115905284881592,0.5421766042709351,1.9178283214569092,2.9120821952819824,0.07650255411863327,0.33545684814453125,0.3903760015964508,10000,10000,1.0,309.55226981003324,309.55226981003324,36900,True,300,149500,0.0,0.0,1,FIRE,greedy,22905,34458,41437,50796,11725,137871,0.07837776411133987,1,74798,2,2,309.55226981003324,154.77613490501662,2,2,154.77613490501662,309.55226981003324,154.77613490501662,309.55226981003324,75.82769832087455,2426.4863462679855,1,FIRE,False,,
149850,double_dqn,dueling,580,11.0,538,0.0,0.0,0.05,,,,,,,,,,10000,10000,1.0,309.4363112749423,309.4363112749423,36963,False,300,149500,0.0,0.0,0,NOOP,random,22976,34554,41462,50858,11736,138114,0.07831831831831831,1,74925,2,2,309.4363112749423,154.71815563747114,2,2,154.71815563747114,309.4363112749423,154.71815563747114,309.4363112749423,75.80413707702297,2425.732386464735,0,NOOP,False,,
149995,double_dqn,dueling,580,,,14.0,11.0,0.05,0.009429714642465115,1.8273448944091797,2.8884119987487793,0.5388365387916565,1.7964422702789307,2.788200855255127,0.07704976946115494,0.6605020761489868,0.6911839842796326,10000,10000,1.0,309.47021346893206,309.47021346893206,37000,True,300,149500,0.0,0.0,1,FIRE,greedy,23005,34592,41494,50905,11742,138254,0.07828208752233393,0,74998,2,2,309.47021346893206,154.73510673446603,2,2,154.73510673446603,309.47021346893206,154.73510673446603,309.47021346893206,75.82007850189912,2426.242512060772,1,FIRE,False,,
149996,double_dqn,dueling,580,,,1.0,1.0,0.05,0.009429714642465115,1.8273448944091797,2.8884119987487793,0.5388365387916565,1.7964422702789307,2.788200855255127,0.07704976946115494,0.6605020761489868,0.6911839842796326,10000,10000,1.0,309.47007382257163,309.47007382257163,37000,True,300,149500,0.0,0.0,2,RIGHT,greedy,23005,34592,41494,50905,11742,138254,0.07828208752233393,1,74998,2,2,309.47007382257163,154.73503691128582,2,2,154.73503691128582,309.47007382257163,154.73503691128582,309.47007382257163,75.82004428859669,2426.241417235094,2,RIGHT,False,,
150189,double_dqn,dueling,581,19.0,540,0.0,0.0,0.05,,,,,,,,,,10000,10000,1.0,309.5248429619463,309.5248429619463,37048,False,301,150000,0.0,0.0,0,NOOP,greedy,23074,34643,41525,50948,11753,138437,0.0782542113323124,0,75095,2,2,309.5248429619463,154.76242148097316,2,2,154.76242148097316,309.5248429619463,154.76242148097316,309.5248429619463,75.83636170358746,2426.7635745147986,0,NOOP,False,,
150395,double_dqn,dueling,581,,,2.0,2.0,0.05,0.002511517144739628,1.9945021867752075,2.799940824508667,1.2799243927001953,2.0074548721313477,2.715245246887207,0.05714273825287819,0.2070021629333496,0.27471205592155457,10000,10000,1.0,309.6031049706398,309.6031049706398,37100,True,301,150000,0.0,0.0,2,RIGHT,random,23094,34702,41575,51025,11760,138636,0.07819356897789835,0,75198,2,2,309.6031049706398,154.8015524853199,2,2,154.8015524853199,309.6031049706398,154.8015524853199,309.6031049706398,75.86492466232302,2427.6775891943366,2,RIGHT,False,,
150396,double_dqn,dueling,581,,,4.0,4.0,0.05,0.002511517144739628,1.9945021867752075,2.799940824508667,1.2799243927001953,2.0074548721313477,2.715245246887207,0.05714273825287819,0.2070021629333496,0.27471205592155457,10000,10000,1.0,309.6029703077075,309.6029703077075,37100,True,301,150000,0.0,0.0,2,RIGHT,greedy,23094,34702,41575,51025,11760,138636,0.07819356897789835,1,75198,2,2,309.6029703077075,154.80148515385375,2,2,154.80148515385375,309.6029703077075,154.80148515385375,309.6029703077075,75.86489166461385,2427.676533267643,2,RIGHT,False,,
150628,double_dqn,dueling,582,8.0,389,0.0,0.0,0.05,,,,,,,,,,10000,10000,1.0,309.6653396861869,309.6653396861869,37158,True,302,150500,0.0,0.0,1,FIRE,greedy,23140,34731,41630,51127,11772,138856,0.07815280027617708,1,75314,2,2,309.6653396861869,154.83266984309344,2,2,154.83266984309344,309.6653396861869,154.83266984309344,309.6653396861869,75.88721398211504,2428.3908474276814,1,FIRE,False,,
150795,double_dqn,dueling,582,,,6.0,6.0,0.05,0.008167816326022148,1.7971328496932983,2.633572816848755,0.38937926292419434,1.8388124704360962,2.972158908843994,0.06447122991085052,0.6291830539703369,0.6688228249549866,10000,10000,1.0,309.7223610674041,309.7223610674041,37200,True,302,150500,0.0,0.0,2,RIGHT,greedy,23153,34791,41656,51196,11778,139018,0.07810552004031937,0,75398,2,2,309.7223610674041,154.86118053370205,2,2,154.86118053370205,309.7223610674041,154.86118053370205,309.7223610674041,75.90624602189372,2428.999872700599,2,RIGHT,False,,
150796,double_dqn,dueling,582,,,2.0,2.0,0.05,0.008167816326022148,1.7971328496932983,2.633572816848755,0.38937926292419434,1.8388124704360962,2.972158908843994,0.06447122991085052,0.6291830539703369,0.6688228249549866,10000,10000,1.0,309.7222124429656,309.7222124429656,37200,True,302,150500,0.0,0.0,1,FIRE,greedy,23153,34791,41656,51196,11778,139018,0.07810552004031937,1,75398,2,2,309.7222124429656,154.8611062214828,2,2,154.8611062214828,309.7222124429656,154.8611062214828,309.7222124429656,75.90620959726118,2428.998707112358,1,FIRE,False,,
151031,double_dqn,dueling,583,8.0,421,0.0,0.0,0.05,,,,,,,,,,10000,10000,1.0,309.7343405914507,309.7343405914507,37259,True,303,151000,0.0,0.0,0,NOOP,greedy,23191,34840,41678,51323,11789,139243,0.07805630594840829,0,75516,2,2,309.7343405914507,154.86717029572534,2,2,154.86717029572534,309.7343405914507,154.86717029572534,309.7343405914507,75.91623162168571,2429.3194118939427,0,NOOP,False,,
151195,double_dqn,dueling,583,,,1.0,1.0,0.05,0.0018106403294950724,1.822596788406372,2.6883609294891357,0.31707486510276794,1.862350583076477,2.7105820178985596,0.04868399724364281,0.1401844024658203,0.2035648077726364,10000,10000,1.0,309.6143485440411,309.6143485440411,37300,True,303,151000,0.0,0.0,1,FIRE,greedy,23200,34911,41719,51366,11796,139400,0.07801793698245986,0,75598,2,2,309.6143485440411,154.80717427202055,2,2,154.80717427202055,309.6143485440411,154.80717427202055,309.6143485440411,75.89168020703126,2428.533766625,1,FIRE,False,,
151196,double_dqn,dueling,583,,,6.0,6.0,0.05,0.0018106403294950724,1.822596788406372,2.6883609294891357,0.31707486510276794,1.862350583076477,2.7105820178985596,0.04868399724364281,0.1401844024658203,0.2035648077726364,10000,10000,1.0,309.61419575378403,309.61419575378403,37300,True,303,151000,0.0,0.0,1,FIRE,greedy,23200,34911,41719,51366,11796,139400,0.07801793698245986,1,75598,2,2,309.61419575378403,154.80709787689202,2,2,154.80709787689202,309.61419575378403,154.80709787689202,309.61419575378403,75.89164275557144,2428.532568178286,1,FIRE,False,,
151595,double_dqn,dueling,583,,,5.0,5.0,0.05,0.0030323839746415615,1.808931589126587,2.7311670780181885,0.5155948996543884,1.8572880029678345,2.790278196334839,0.06109078228473663,0.20770525932312012,0.35320502519607544,10000,10000,1.0,309.62281992458054,309.62281992458054,37400,True,304,151500,0.0,0.0,3,LEFT,greedy,23255,35052,41808,51481,11816,139780,0.07794400907675664,0,75798,2,2,309.62281992458054,154.81140996229027,2,2,154.81140996229027,309.62281992458054,154.81140996229027,309.62281992458054,75.90547812283934,2428.975299930859,3,LEFT,False,,
151596,double_dqn,dueling,583,,,10.0,10.0,0.05,0.0030323839746415615,1.808931589126587,2.7311670780181885,0.5155948996543884,1.8572880029678345,2.790278196334839,0.06109078228473663,0.20770525932312012,0.35320502519607544,10000,10000,1.0,309.6226846607731,309.6226846607731,37400,True,304,151500,0.0,0.0,0,NOOP,greedy,23255,35052,41808,51481,11816,139780,0.07794400907675664,1,75798,2,2,309.6226846607731,154.81134233038654,2,2,154.81134233038654,309.6226846607731,154.81134233038654,309.6226846607731,75.9054449622862,2428.9742387931583,0,NOOP,False,,
151830,double_dqn,dueling,584,15.0,601,0.0,0.0,0.05,,,,,,,,,,10000,10000,1.0,309.60703460161693,309.60703460161693,37458,False,304,151500,0.0,0.0,0,NOOP,greedy,23389,35079,41841,51521,11831,139999,0.0779226766778634,1,75915,2,2,309.60703460161693,154.80351730080847,2,2,154.80351730080847,309.60703460161693,154.80351730080847,309.60703460161693,75.9053943407823,2428.9726189050334,0,NOOP,False,,
151995,double_dqn,dueling,584,,,9.0,9.0,0.05,0.004637605510652065,1.7283272743225098,3.105724334716797,0.11924213916063309,1.7512397766113281,3.2055301666259766,0.07524137943983078,0.31613004207611084,0.41008448600769043,10000,10000,1.0,309.5835326397963,309.5835326397963,37500,True,304,151500,0.0,0.0,0,NOOP,greedy,23393,35135,41893,51575,11839,140157,0.07789020763704307,0,75998,2,2,309.5835326397963,154.79176631989816,2,2,154.79176631989816,309.5835326397963,154.79176631989816,309.5835326397963,75.90738629172944,2429.036361335342,0,NOOP,False,,
151996,double_dqn,dueling,584,,,1.0,1.0,0.05,0.004637605510652065,1.7283272743225098,3.105724334716797,0.11924213916063309,1.7512397766113281,3.2055301666259766,0.07524137943983078,0.31613004207611084,0.41008448600769043,10000,10000,1.0,309.5833905247781,309.5833905247781,37500,True,304,151500,0.0,0.0,3,LEFT,greedy,23393,35135,41893,51575,11839,140157,0.07789020763704307,1,75998,2,2,309.5833905247781,154.79169526238906,2,2,154.79169526238906,309.5833905247781,154.79169526238906,309.5833905247781,75.90735144627271,2429.035246280727,3,LEFT,False,,
152161,double_dqn,dueling,585,14.0,565,0.0,0.0,0.05,,,,,,,,,,10000,10000,1.0,309.60485947101574,309.60485947101574,37541,False,305,152000,0.0,0.0,0,NOOP,greedy,23432,35175,41936,51619,11850,140312,0.07787752526912106,0,76081,2,2,309.60485947101574,154.80242973550787,2,2,154.80242973550787,309.60485947101574,154.80242973550787,309.60485947101574,75.91438504340883,2429.2603213890825,0,NOOP,False,,
152395,double_dqn,dueling,585,,,2.0,2.0,0.05,0.006627692840993404,1.8333077430725098,2.7009928226470947,0.7037269473075867,1.8829176425933838,2.9593582153320312,0.07397571206092834,0.47149205207824707,0.4486927390098572,10000,10000,1.0,309.6368301496332,309.6368301496332,37600,True,305,152000,0.0,0.0,3,LEFT,greedy,23448,35240,41991,51717,11863,140533,0.07784325047901519,0,76198,2,2,309.6368301496332,154.8184150748166,2,2,154.8184150748166,309.6368301496332,154.8184150748166,309.6368301496332,75.93181980671496,2429.8182338148786,3,LEFT,False,,
152396,double_dqn,dueling,585,,,5.0,5.0,0.05,0.006627692840993404,1.8333077430725098,2.7009928226470947,0.7037269473075867,1.8829176425933838,2.9593582153320312,0.07397571206092834,0.47149205207824707,0.4486927390098572,10000,10000,1.0,309.63669382853146,309.63669382853146,37600,True,305,152000,0.0,0.0,2,RIGHT,greedy,23448,35240,41991,51717,11863,140533,0.07784325047901519,1,76198,2,2,309.63669382853146,154.81834691426573,2,2,154.81834691426573,309.63669382853146,154.81834691426573,309.63669382853146,75.9317863768761,2429.8171640600353,2,RIGHT,False,,
152795,double_dqn,dueling,585,,,6.0,6.0,0.05,0.0024759210646152496,1.8575999736785889,2.97587251663208,0.5205530524253845,1.8499667644500732,2.9853360652923584,0.04659807309508324,0.30084288120269775,0.3355851471424103,10000,10000,1.0,309.70673260828875,309.70673260828875,37700,True,306,152500,0.0,0.0,1,FIRE,greedy,23539,35333,42090,51834,11890,140906,0.07781617319825126,0,76398,2,2,309.70673260828875,154.85336630414437,2,2,154.85336630414437,309.70673260828875,154.85336630414437,309.70673260828875,75.9601575980137,2430.725043136438,1,FIRE,False,,
152796,double_dqn,dueling,585,,,9.0,9.0,0.05,0.0024759210646152496,1.8575999736785889,2.97587251663208,0.5205530524253845,1.8499667644500732,2.9853360652923584,0.04659807309508324,0.30084288120269775,0.3355851471424103,10000,10000,1.0,309.70659980240623,309.70659980240623,37700,True,306,152500,0.0,0.0,0,NOOP,greedy,23539,35333,42090,51834,11890,140906,0.07781617319825126,1,76398,2,2,309.70659980240623,154.85329990120312,2,2,154.85329990120312,309.70659980240623,154.85329990120312,309.70659980240623,75.96012502540644,2430.724000813006,0,NOOP,False,,
152803,double_dqn,dueling,586,6.0,321,0.0,0.0,0.05,,,,,,,,,,10000,10000,1.0,309.69070828755827,309.69070828755827,37702,True,306,152500,0.0,0.0,1,FIRE,greedy,23542,35337,42091,51834,11890,140914,0.07781209915970787,0,76402,2,2,309.69070828755827,154.84535414377913,2,2,154.84535414377913,309.69070828755827,154.84535414377913,309.69070828755827,75.9564495688237,2430.6063862023584,1,FIRE,False,,
152858,double_dqn,dueling,587,13.0,514,0.0,0.0,0.05,,,,,,,,,,10000,10000,1.0,309.6835787732519,309.6835787732519,37715,False,306,152500,0.0,0.0,1,FIRE,greedy,23552,35357,42105,51844,11893,140965,0.07780423661175731,1,76429,2,2,309.6835787732519,154.84178938662595,2,2,154.84178938662595,309.6835787732519,154.84178938662595,309.6835787732519,75.95326942405005,2430.5046215696016,1,FIRE,False,,
153195,double_dqn,dueling,587,,,4.0,4.0,0.05,0.001178741455078125,1.4733572006225586,2.198862075805664,0.23646456003189087,1.5036776065826416,2.1739354133605957,0.038882456719875336,0.10245883464813232,0.16346679627895355,10000,10000,1.0,309.7071843105682,309.7071843105682,37800,True,307,153000,0.0,0.0,1,FIRE,greedy,23584,35432,42196,51984,11903,141293,0.07769785111882817,0,76598,2,2,309.7071843105682,154.8535921552841,2,2,154.8535921552841,309.7071843105682,154.8535921552841,309.7071843105682,75.9712957378112,2431.0814636099585,1,FIRE,False,,
153196,double_dqn,dueling,587,,,2.0,2.0,0.05,0.001178741455078125,1.4733572006225586,2.198862075805664,0.23646456003189087,1.5036776065826416,2.1739354133605957,0.038882456719875336,0.10245883464813232,0.16346679627895355,10000,10000,1.0,309.70704168414966,309.70704168414966,37800,True,307,153000,0.0,0.0,2,RIGHT,greedy,23584,35432,42196,51984,11903,141293,0.07769785111882817,1,76598,2,2,309.70704168414966,154.85352084207483,2,2,154.85352084207483,309.70704168414966,154.85352084207483,309.70704168414966,75.97126075149389,2431.0803440478044,2,RIGHT,False,,
153595,double_dqn,dueling,587,,,8.0,8.0,0.05,0.0018405772279947996,1.7503310441970825,2.428115129470825,0.620042622089386,1.7899725437164307,2.434692859649658,0.04387814179062843,0.18645846843719482,0.3149469196796417,10000,10000,1.0,309.5483474066487,309.5483474066487,37900,True,308,153500,0.0,0.0,2,RIGHT,greedy,23608,35559,42300,52129,11919,141677,0.07759967707492382,0,76798,2,2,309.5483474066487,154.77417370332435,2,2,154.77417370332435,309.5483474066487,154.77417370332435,309.5483474066487,75.94319016437838,2430.182085260108,2,RIGHT,False,,
153596,double_dqn,dueling,587,,,6.0,6.0,0.05,0.0018405772279947996,1.7503310441970825,2.428115129470825,0.620042622089386,1.7899725437164307,2.434692859649658,0.04387814179062843,0.18645846843719482,0.3149469196796417,10000,10000,1.0,309.5482065264102,309.5482065264102,37900,True,308,153500,0.0,0.0,3,LEFT,greedy,23608,35559,42300,52129,11919,141677,0.07759967707492382,1,76798,2,2,309.5482065264102,154.7741032632051,2,2,154.7741032632051,309.5482065264102,154.7741032632051,309.5482065264102,75.94315560145846,2430.1809792466706,3,LEFT,False,,
153774,double_dqn,dueling,588,8.0,458,0.0,0.0,0.05,,,,,,,,,,10000,10000,1.0,309.5842896469621,309.5842896469621,37944,False,308,153500,0.0,0.0,3,LEFT,greedy,23626,35591,42331,52226,11925,141849,0.07754887042022708,1,76887,2,2,309.5842896469621,154.79214482348104,2,2,154.79214482348104,309.5842896469621,154.79214482348104,309.5842896469621,75.9539095717702,2430.5251062966463,3,LEFT,False,,
153925,double_dqn,dueling,589,11.0,561,0.0,0.0,0.05,,,,,,,,,,10000,10000,1.0,309.5981547482946,309.5981547482946,37982,False,308,153500,0.0,0.0,0,NOOP,greedy,23665,35621,42367,52273,11932,141994,0.07751776827826358,0,76963,2,2,309.5981547482946,154.7990773741473,2,2,154.7990773741473,309.5981547482946,154.7990773741473,309.5981547482946,75.9613764320492,2430.7640458255746,0,NOOP,False,,
153995,double_dqn,dueling,589,,,0.0,0.0,0.05,0.007322994060814381,1.7106101512908936,2.513401508331299,0.5316970944404602,1.6869397163391113,2.4726920127868652,0.06170147657394409,0.6000412106513977,0.6011345386505127,10000,10000,1.0,309.501623137212,309.501623137212,38000,True,308,153500,0.0,0.0,2,RIGHT,greedy,23669,35629,42392,52306,11933,142063,0.07748902568897893,0,76998,2,2,309.501623137212,154.750811568606,2,2,154.750811568606,309.501623137212,154.750811568606,309.501623137212,75.94242175244317,2430.1574960781813,2,RIGHT,False,,
153996,double_dqn,dueling,589,,,2.0,2.0,0.05,0.007322994060814381,1.7106101512908936,2.513401508331299,0.5316970944404602,1.6869397163391113,2.4726920127868652,0.06170147657394409,0.6000412106513977,0.6011345386505127,10000,10000,1.0,309.50148440683944,309.50148440683944,38000,True,308,153500,0.0,0.0,3,LEFT,greedy,23669,35629,42392,52306,11933,142063,0.07748902568897893,1,76998,2,2,309.50148440683944,154.75074220341972,2,2,154.75074220341972,309.50148440683944,154.75074220341972,309.50148440683944,75.94238771216786,2430.1564067893714,3,LEFT,False,,
154395,double_dqn,dueling,589,,,5.0,5.0,0.05,0.00890469178557396,1.785893201828003,2.966196298599243,0.868256151676178,1.8299577236175537,3.0655038356781006,0.07256411015987396,0.6712814569473267,0.3128318786621094,10000,10000,1.0,309.5642934245758,309.5642934245758,38100,True,309,154000,0.0,0.0,3,LEFT,greedy,23694,35686,42531,52485,11950,142446,0.07739837819632633,0,77198,2,2,309.5642934245758,154.7821467122879,2,2,154.7821467122879,309.5642934245758,154.7821467122879,309.5642934245758,75.96833871837381,2430.986838987962,3,LEFT,False,,
154396,double_dqn,dueling,589,,,6.0,6.0,0.05,0.00890469178557396,1.785893201828003,2.966196298599243,0.868256151676178,1.8299577236175537,3.0655038356781006,0.07256411015987396,0.6712814569473267,0.3128318786621094,10000,10000,1.0,309.56416464357295,309.56416464357295,38100,True,309,154000,0.0,0.0,3,LEFT,greedy,23694,35686,42531,52485,11950,142446,0.07739837819632633,1,77198,2,2,309.56416464357295,154.78208232178648,2,2,154.78208232178648,309.56416464357295,154.78208232178648,309.56416464357295,75.96830711499109,2430.985827679715,3,LEFT,False,,
154795,double_dqn,dueling,589,,,8.0,8.0,0.05,0.0010648174211382866,1.8948652744293213,3.0271143913269043,0.6442172527313232,1.9155640602111816,3.0463407039642334,0.0387682281434536,0.11275792121887207,0.07424527406692505,10000,10000,1.0,309.65295721691757,309.65295721691757,38200,True,310,154500,0.0,0.0,3,LEFT,greedy,23717,35818,42607,52654,11972,142824,0.07734049975451562,0,77398,2,2,309.65295721691757,154.82647860845879,2,2,154.82647860845879,309.65295721691757,154.82647860845879,309.65295721691757,76.00048583127098,2432.0155466006713,3,LEFT,False,,
154796,double_dqn,dueling,589,,,10.0,10.0,0.05,0.0010648174211382866,1.8948652744293213,3.0271143913269043,0.6442172527313232,1.9155640602111816,3.0463407039642334,0.0387682281434536,0.11275792121887207,0.07424527406692505,10000,10000,1.0,309.6528270277205,309.6528270277205,38200,True,310,154500,0.0,0.0,3,LEFT,greedy,23717,35818,42607,52654,11972,142824,0.07734049975451562,1,77398,2,2,309.6528270277205,154.82641351386025,2,2,154.82641351386025,309.6528270277205,154.82641351386025,309.6528270277205,76.00045387794388,2432.0145240942043,3,LEFT,False,,
154842,double_dqn,dueling,590,11.0,534,0.0,0.0,0.05,,,,,,,,,,10000,10000,1.0,309.66296005519274,309.66296005519274,38211,False,310,154500,0.0,0.0,0,NOOP,greedy,23738,35826,42610,52668,11973,142869,0.07732398186538536,1,77421,2,2,309.66296005519274,154.83148002759637,2,2,154.83148002759637,309.66296005519274,154.83148002759637,309.66296005519274,76.0013026939735,2432.041686207152,0,NOOP,False,,
154885,double_dqn,dueling,591,9.0,480,0.0,0.0,0.05,,,,,,,,,,10000,10000,1.0,309.65783881886813,309.65783881886813,38222,False,310,154500,0.0,0.0,0,NOOP,greedy,23750,35828,42623,52685,11974,142912,0.07730847203749855,0,77443,2,2,309.65783881886813,154.82891940943406,2,2,154.82891940943406,309.65783881886813,154.82891940943406,309.65783881886813,76.00117965836411,2432.0377490676515,0,NOOP,False,,
155195,double_dqn,dueling,591,,,3.0,3.0,0.05,0.0025022635236382484,1.7798781394958496,2.782139539718628,0.3848007917404175,1.8033380508422852,2.810222864151001,0.0526554211974144,0.23803067207336426,0.2827650308609009,10000,10000,1.0,309.72908457773786,309.72908457773786,38300,True,311,155000,0.0,0.0,3,LEFT,greedy,23797,35873,42714,52812,11995,143201,0.07728936312791566,0,77598,2,2,309.72908457773786,154.86454228886893,2,2,154.86454228886893,309.72908457773786,154.86454228886893,309.72908457773786,76.02941095267357,2432.9411504855543,3,LEFT,False,,
155196,double_dqn,dueling,591,,,4.0,4.0,0.05,0.0025022635236382484,1.7798781394958496,2.782139539718628,0.3848007917404175,1.8033380508422852,2.810222864151001,0.0526554211974144,0.23803067207336426,0.2827650308609009,10000,10000,1.0,309.72895909254026,309.72895909254026,38300,True,311,155000,0.0,0.0,2,RIGHT,greedy,23797,35873,42714,52812,11995,143201,0.07728936312791566,1,77598,2,2,309.72895909254026,154.86447954627013,2,2,154.86447954627013,309.72895909254026,154.86447954627013,309.72895909254026,76.029380149736,2432.940164791552,2,RIGHT,False,,
155595,double_dqn,dueling,591,,,8.0,8.0,0.05,0.0017054942436516285,1.8818119764328003,2.8660409450531006,0.7488450407981873,1.910830020904541,3.022710084915161,0.04193929582834244,0.2046818733215332,0.16510404646396637,10000,10000,1.0,309.8594574010728,309.8594574010728,38400,True,312,155500,0.0,0.0,2,RIGHT,greedy,23834,35989,42834,52939,12011,143585,0.07719350111828067,0,77798,2,2,309.8594574010728,154.9297287005364,2,2,154.9297287005364,309.8594574010728,154.9297287005364,309.8594574010728,76.07151115309092,2434.2883568989096,2,RIGHT,False,,
155596,double_dqn,dueling,591,,,8.0,8.0,0.05,0.0017054942436516285,1.8818119764328003,2.8660409450531006,0.7488450407981873,1.910830020904541,3.022710084915161,0.04193929582834244,0.2046818733215332,0.16510404646396637,10000,10000,1.0,309.85932597836126,309.85932597836126,38400,True,312,155500,0.0,0.0,3,LEFT,greedy,23834,35989,42834,52939,12011,143585,0.07719350111828067,1,77798,2,2,309.85932597836126,154.92966298918063,2,2,154.92966298918063,309.85932597836126,154.92966298918063,309.85932597836126,76.071478888385,2434.28732442832,3,LEFT,False,,
155887,double_dqn,dueling,592,11.0,501,0.0,0.0,0.05,,,,,,,,,,10000,10000,1.0,309.6058680128836,309.6058680128836,38473,True,312,155500,0.0,0.0,0,NOOP,greedy,23894,36103,42880,53011,12028,143860,0.07715795956071025,0,77944,2,2,309.6058680128836,154.8029340064418,2,2,154.8029340064418,309.6058680128836,154.8029340064418,309.6058680128836,76.01652807172898,2432.5288982953275,0,NOOP,False,,
155918,double_dqn,dueling,593,12.0,538,0.0,0.0,0.05,,,,,,,,,,10000,10000,1.0,309.59237680665865,309.59237680665865,38480,False,312,155500,0.0,0.0,1,FIRE,greedy,23895,36122,42883,53018,12031,143887,0.07716235457099245,1,77959,2,2,309.59237680665865,154.79618840332932,2,2,154.79618840332932,309.59237680665865,154.79618840332932,309.59237680665865,76.01119033546652,2432.3580907349287,1,FIRE,False,,
155995,double_dqn,dueling,593,,,1.0,1.0,0.05,0.0012117665028199553,1.7388888597488403,2.99680233001709,0.2091909945011139,1.7533526420593262,2.9928982257843018,0.03837699815630913,0.13248753547668457,0.21095122396945953,10000,10000,1.0,309.5963361321974,309.5963361321974,38500,True,312,155500,0.0,0.0,3,LEFT,greedy,23913,36132,42901,53050,12034,143962,0.07714300366676069,0,77998,2,2,309.5963361321974,154.7981680660987,2,2,154.7981680660987,309.5963361321974,154.7981680660987,309.5963361321974,76.01685880208554,2432.539481666737,3,LEFT,False,,
155996,double_dqn,dueling,593,,,0.0,0.0,0.05,0.0012117665028199553,1.7388888597488403,2.99680233001709,0.2091909945011139,1.7533526420593262,2.9928982257843018,0.03837699815630913,0.13248753547668457,0.21095122396945953,10000,10000,1.0,309.5962134014483,309.5962134014483,38500,True,312,155500,0.0,0.0,0,NOOP,greedy,23913,36132,42901,53050,12034,143962,0.07714300366676069,1,77998,2,2,309.5962134014483,154.79810670072416,2,2,154.79810670072416,309.5962134014483,154.79810670072416,309.5962134014483,76.01682866734254,2432.538517354961,0,NOOP,False,,
156395,double_dqn,dueling,593,,,5.0,5.0,0.05,0.0016492882277816534,1.753434181213379,2.629864454269409,0.7729477286338806,1.7705621719360352,2.627046585083008,0.044674694538116455,0.14299631118774414,0.11859365552663803,10000,10000,1.0,309.54036348895454,309.54036348895454,38600,True,313,156000,0.0,0.0,1,FIRE,greedy,23950,36199,43037,53210,12056,144340,0.07708637049540909,0,78198,2,2,309.54036348895454,154.77018174447727,2,2,154.77018174447727,309.54036348895454,154.77018174447727,309.54036348895454,76.01291747568145,2432.4133592218063,1,FIRE,False,,
156396,double_dqn,dueling,593,,,5.0,5.0,0.05,0.0016492882277816534,1.753434181213379,2.629864454269409,0.7729477286338806,1.7705621719360352,2.627046585083008,0.044674694538116455,0.14299631118774414,0.11859365552663803,10000,10000,1.0,309.54023079926054,309.54023079926054,38600,True,313,156000,0.0,0.0,0,NOOP,greedy,23950,36199,43037,53210,12056,144340,0.07708637049540909,1,78198,2,2,309.54023079926054,154.77011539963027,2,2,154.77011539963027,309.54023079926054,154.77011539963027,309.54023079926054,76.01288489146322,2432.412316526823,0,NOOP,False,,
156795,double_dqn,dueling,593,,,13.0,10.0,0.05,0.0031525236554443836,1.7719347476959229,2.79758358001709,0.48188817501068115,1.7916022539138794,2.9076316356658936,0.06191667169332504,0.21448135375976562,0.3024531900882721,10000,10000,1.0,309.6361094412273,309.6361094412273,38700,True,314,156500,0.0,0.0,2,RIGHT,greedy,24014,36303,43116,53363,12077,144719,0.07702364856246333,0,78398,2,2,309.6361094412273,154.81805472061365,2,2,154.81805472061365,309.6361094412273,154.81805472061365,309.6361094412273,76.0460963905148,2433.4750844964738,2,RIGHT,False,,
156796,double_dqn,dueling,593,,,13.0,10.0,0.05,0.0031525236554443836,1.7719347476959229,2.79758358001709,0.48188817501068115,1.7916022539138794,2.9076316356658936,0.06191667169332504,0.21448135375976562,0.3024531900882721,10000,10000,1.0,309.63598705765986,309.63598705765986,38700,True,314,156500,0.0,0.0,3,LEFT,greedy,24014,36303,43116,53363,12077,144719,0.07702364856246333,1,78398,2,2,309.63598705765986,154.81799352882993,2,2,154.81799352882993,309.63598705765986,154.81799352882993,309.63598705765986,76.04606633332097,2433.474122666271,3,LEFT,False,,
157037,double_dqn,dueling,594,15.0,575,0.0,0.0,0.05,,,,,,,,,,10000,10000,1.0,309.6375247410437,309.6375247410437,38760,False,315,157000,0.0,0.0,3,LEFT,greedy,24023,36340,43150,53525,12086,144952,0.07696226391064583,0,78519,2,2,309.6375247410437,154.81876237052185,2,2,154.81876237052185,309.6375247410437,154.81876237052185,309.6375247410437,76.04951232682214,2433.5843944583085,3,LEFT,False,,
157070,double_dqn,dueling,595,15.0,576,0.0,0.0,0.05,,,,,,,,,,10000,10000,1.0,309.6292693737849,309.6292693737849,38768,False,315,157000,0.0,0.0,1,FIRE,greedy,24025,36357,43156,53532,12089,144981,0.07696568408989622,1,78535,2,2,309.6292693737849,154.81463468689245,2,2,154.81463468689245,309.6292693737849,154.81463468689245,309.6292693737849,76.04824721942076,2433.5439110214643,1,FIRE,False,,
157195,double_dqn,dueling,595,,,1.0,1.0,0.05,0.002180923242121935,1.8837883472442627,2.6656594276428223,0.9091702103614807,1.8769261837005615,2.5918893814086914,0.0493554025888443,0.17846941947937012,0.387958824634552,10000,10000,1.0,309.62095037890475,309.62095037890475,38800,True,315,157000,0.0,0.0,2,RIGHT,greedy,24060,36379,43189,53568,12096,145100,0.07694852286317717,0,78598,2,2,309.62095037890475,154.81047518945238,2,2,154.81047518945238,309.62095037890475,154.81047518945238,309.62095037890475,76.05190453656257,2433.6609451700024,2,RIGHT,False,,
157196,double_dqn,dueling,595,,,1.0,1.0,0.05,0.002180923242121935,1.8837883472442627,2.6656594276428223,0.9091702103614807,1.8769261837005615,2.5918893814086914,0.0493554025888443,0.17846941947937012,0.387958824634552,10000,10000,1.0,309.62082718703266,309.62082718703266,38800,True,315,157000,0.0,0.0,2,RIGHT,greedy,24060,36379,43189,53568,12096,145100,0.07694852286317717,1,78598,2,2,309.62082718703266,154.81041359351633,2,2,154.81041359351633,309.62082718703266,154.81041359351633,309.62082718703266,76.05187427705822,2433.659976865863,2,RIGHT,False,,
157595,double_dqn,dueling,595,,,5.0,5.0,0.05,0.004112327005714178,1.7623443603515625,2.6848573684692383,0.33263900876045227,1.760044813156128,2.6686625480651855,0.06059587374329567,0.35609424114227295,0.392276793718338,10000,10000,1.0,309.7612098074488,309.7612098074488,38900,True,316,157500,0.0,0.0,1,FIRE,greedy,24099,36502,43296,53699,12110,145486,0.07684205182872662,0,78798,2,2,309.7612098074488,154.8806049037244,2,2,154.8806049037244,309.7612098074488,154.8806049037244,309.7612098074488,76.09575938547108,2435.0643003350747,1,FIRE,False,,
157596,double_dqn,dueling,595,,,4.0,4.0,0.05,0.004112327005714178,1.7623443603515625,2.6848573684692383,0.33263900876045227,1.760044813156128,2.6686625480651855,0.06059587374329567,0.35609424114227295,0.392276793718338,10000,10000,1.0,309.76108636069586,309.76108636069586,38900,True,316,157500,0.0,0.0,2,RIGHT,greedy,24099,36502,43296,53699,12110,145486,0.07684205182872662,1,78798,2,2,309.76108636069586,154.88054318034793,2,2,154.88054318034793,309.76108636069586,154.88054318034793,309.76108636069586,76.09572905961326,2435.0633299076244,2,RIGHT,False,,
157607,double_dqn,dueling,596,5.0,285,0.0,0.0,0.05,,,,,,,,,,10000,10000,1.0,309.74995910418556,309.74995910418556,38903,True,316,157500,0.0,0.0,3,LEFT,random,24099,36511,43296,53702,12111,145497,0.0768425460636516,0,78804,2,2,309.74995910418556,154.87497955209278,2,2,154.87497955209278,309.74995910418556,154.87497955209278,309.74995910418556,76.09327560829111,2434.9848194653155,3,LEFT,False,,
157995,double_dqn,dueling,596,,,4.0,4.0,0.05,0.0037913161795586348,1.9605145454406738,2.8469622135162354,1.0748692750930786,1.9716126918792725,2.816704511642456,0.06509283185005188,0.23870611190795898,0.20185048878192902,10000,10000,1.0,309.8094737123213,309.8094737123213,39000,True,316,157500,0.0,0.0,3,LEFT,greedy,24122,36674,43370,53830,12126,145870,0.07674877845008735,0,78998,2,2,309.8094737123213,154.90473685616064,2,2,154.90473685616064,309.8094737123213,154.90473685616064,309.8094737123213,76.11689066361242,2435.7405012355975,3,LEFT,False,,
157996,double_dqn,dueling,596,,,9.0,9.0,0.05,0.0037913161795586348,1.9605145454406738,2.8469622135162354,1.0748692750930786,1.9716126918792725,2.816704511642456,0.06509283185005188,0.23870611190795898,0.20185048878192902,10000,10000,1.0,309.80935074778034,309.80935074778034,39000,True,316,157500,0.0,0.0,3,LEFT,greedy,24122,36674,43370,53830,12126,145870,0.07674877845008735,1,78998,2,2,309.80935074778034,154.90467537389017,2,2,154.90467537389017,309.80935074778034,154.90467537389017,309.80935074778034,76.11686045253332,2435.739534481066,3,LEFT,False,,
158395,double_dqn,dueling,596,,,7.0,7.0,0.05,0.00169621710665524,1.7737138271331787,2.566237211227417,0.6972871422767639,1.7883771657943726,2.459808349609375,0.04272513836622238,0.16449856758117676,0.17360016703605652,10000,10000,1.0,309.65304351634614,309.65304351634614,39100,True,317,158000,0.0,0.0,3,LEFT,greedy,24134,36760,43486,54016,12152,146244,0.07671910906841081,0,79198,2,2,309.65304351634614,154.82652175817307,2,2,154.82652175817307,309.65304351634614,154.82652175817307,309.65304351634614,76.08760054483271,2434.8032174346467,3,LEFT,False,,
158396,double_dqn,dueling,596,,,16.0,13.0,0.05,0.00169621710665524,1.7737138271331787,2.566237211227417,0.6972871422767639,1.7883771657943726,2.459808349609375,0.04272513836622238,0.16449856758117676,0.17360016703605652,10000,10000,1.0,309.6529259505617,309.6529259505617,39100,True,317,158000,0.0,0.0,3,LEFT,greedy,24134,36760,43486,54016,12152,146244,0.07671910906841081,1,79198,2,2,309.6529259505617,154.82646297528086,2,2,154.82646297528086,309.6529259505617,154.82646297528086,309.6529259505617,76.08757165669927,2434.8022930143766,3,LEFT,False,,
158482,double_dqn,dueling,597,17.0,706,0.0,0.0,0.05,,,,,,,,,,10000,10000,1.0,309.68808906433964,309.68808906433964,39121,False,317,158000,0.0,0.0,3,LEFT,greedy,24135,36785,43507,54055,12156,146326,0.07670271702780126,1,79241,2,2,309.68808906433964,154.84404453216982,2,2,154.84404453216982,309.68808906433964,154.84404453216982,309.68808906433964,76.09551383082932,2435.056442586538,3,LEFT,False,,
158657,double_dqn,dueling,598,10.0,525,0.0,0.0,0.05,,,,,,,,,,10000,10000,1.0,309.69279937299876,309.69279937299876,39165,False,318,158500,0.0,0.0,2,RIGHT,greedy,24150,36849,43531,54128,12167,146491,0.0766869618928765,0,79329,2,2,309.69279937299876,154.84639968649938,2,2,154.84639968649938,309.69279937299876,154.84639968649938,309.69279937299876,76.10065140581685,2435.220844986139,2,RIGHT,False,,
158795,double_dqn,dueling,598,,,1.0,1.0,0.05,0.004066179506480694,1.9543076753616333,2.566638708114624,0.5705866813659668,1.9818034172058105,2.74664568901062,0.0574786514043808,0.25411367416381836,0.2325776219367981,10000,10000,1.0,309.64938768920786,309.64938768920786,39200,True,318,158500,0.0,0.0,2,RIGHT,greedy,24177,36911,43549,54159,12172,146624,0.07665180483135596,0,79398,2,2,309.64938768920786,154.82469384460393,2,2,154.82469384460393,309.64938768920786,154.82469384460393,309.64938768920786,76.095720843618,2435.063066995776,2,RIGHT,False,,
158796,double_dqn,dueling,598,,,2.0,2.0,0.05,0.004066179506480694,1.9543076753616333,2.566638708114624,0.5705866813659668,1.9818034172058105,2.74664568901062,0.0574786514043808,0.25411367416381836,0.2325776219367981,10000,10000,1.0,309.6492564122413,309.6492564122413,39200,True,318,158500,0.0,0.0,0,NOOP,greedy,24177,36911,43549,54159,12172,146624,0.07665180483135596,1,79398,2,2,309.6492564122413,154.82462820612065,2,2,154.82462820612065,309.6492564122413,154.82462820612065,309.6492564122413,76.0956885825647,2435.0620346420706,0,NOOP,False,,
159096,double_dqn,dueling,599,5.0,307,0.0,0.0,0.05,,,,,,,,,,10000,10000,1.0,309.70374159661793,309.70374159661793,39275,True,319,159000,0.0,0.0,2,RIGHT,greedy,24204,37002,43642,54248,12191,146905,0.07662669080303716,1,79548,2,2,309.70374159661793,154.85187079830897,2,2,154.85187079830897,309.70374159661793,154.85187079830897,309.70374159661793,76.1157632149262,2435.7044228776385,2,RIGHT,False,,
159195,double_dqn,dueling,599,,,5.0,5.0,0.05,0.005430202931165695,1.8850035667419434,2.620090961456299,0.5537768006324768,1.9103834629058838,2.881016254425049,0.06459984183311462,0.461669921875,0.24884764850139618,10000,10000,1.0,309.72329833480273,309.72329833480273,39300,True,319,159000,0.0,0.0,3,LEFT,greedy,24217,37024,43671,54284,12196,147000,0.07660996507449935,0,79598,2,2,309.72329833480273,154.86164916740137,2,2,154.86164916740137,309.72329833480273,154.86164916740137,309.72329833480273,76.12278308455039,2435.9290587056125,3,LEFT,False,,
159196,double_dqn,dueling,599,,,1.0,1.0,0.05,0.005430202931165695,1.8850035667419434,2.620090961456299,0.5537768006324768,1.9103834629058838,2.881016254425049,0.06459984183311462,0.461669921875,0.24884764850139618,10000,10000,1.0,309.7231840879967,309.7231840879967,39300,True,319,159000,0.0,0.0,3,LEFT,greedy,24217,37024,43671,54284,12196,147000,0.07660996507449935,1,79598,2,2,309.7231840879967,154.86159204399834,2,2,154.86159204399834,309.7231840879967,154.86159204399834,309.7231840879967,76.12275500534265,2435.928160170965,3,LEFT,False,,
159595,double_dqn,dueling,599,,,11.0,11.0,0.05,0.0024895367678254843,1.731816053390503,2.9067890644073486,1.0574589967727661,1.7088853120803833,2.825760841369629,0.053692758083343506,0.21762585639953613,0.46745291352272034,10000,10000,1.0,309.80241584185615,309.80241584185615,39400,True,320,159500,0.0,0.0,3,LEFT,greedy,24238,37081,43790,54487,12222,147374,0.07658086668838818,0,79798,2,2,309.80241584185615,154.90120792092807,2,2,154.90120792092807,309.80241584185615,154.90120792092807,309.80241584185615,76.15100996153015,2436.832318768965,3,LEFT,False,,
159596,double_dqn,dueling,599,,,5.0,5.0,0.05,0.0024895367678254843,1.731816053390503,2.9067890644073486,1.0574589967727661,1.7088853120803833,2.825760841369629,0.053692758083343506,0.21762585639953613,0.46745291352272034,10000,10000,1.0,309.8023074570378,309.8023074570378,39400,True,320,159500,0.0,0.0,3,LEFT,greedy,24238,37081,43790,54487,12222,147374,0.07658086668838818,1,79798,2,2,309.8023074570378,154.9011537285189,2,2,154.9011537285189,309.8023074570378,154.9011537285189,309.8023074570378,76.15098331999037,2436.831466239692,3,LEFT,False,,
159661,double_dqn,dueling,600,11.0,502,0.0,0.0,0.05,,,,,,,,,,10000,10000,1.0,309.8107355717901,309.8107355717901,39416,False,320,159500,0.0,0.0,3,LEFT,greedy,24238,37095,43799,54530,12222,147440,0.07654921020656136,0,79831,2,2,309.8107355717901,154.90536778589504,2,2,154.90536778589504,309.8107355717901,154.90536778589504,309.8107355717901,76.15189630183872,2436.860681658839,3,LEFT,False,,
159995,double_dqn,dueling,600,,,3.0,3.0,0.05,0.002867218805477023,2.065399169921875,3.1965420246124268,0.517835795879364,2.0507264137268066,3.1414663791656494,0.042097799479961395,0.35127830505371094,0.4044708013534546,10000,10000,1.0,309.92240784949337,309.92240784949337,39500,True,320,159500,1.0,1.0,3,LEFT,greedy,24275,37171,43896,54654,12238,147758,0.07648941223530588,0,79998,2,2,309.92240784949337,154.96120392474668,2,2,154.96120392474668,309.92240784949337,154.96120392474668,309.92240784949337,76.18917250103637,2438.0535200331637,3,LEFT,False,,
159996,double_dqn,dueling,600,,,9.0,9.0,0.05,0.002867218805477023,2.065399169921875,3.1965420246124268,0.517835795879364,2.0507264137268066,3.1414663791656494,0.042097799479961395,0.35127830505371094,0.4044708013534546,10000,10000,1.0,309.9222869761877,309.9222869761877,39500,True,320,159500,0.0,0.0,1,FIRE,fire_reset,24275,37171,43896,54654,12238,147758,0.07648941223530588,1,79998,2,2,309.9222869761877,154.96114348809385,2,2,154.96114348809385,309.9222869761877,154.96114348809385,309.9222869761877,76.1891427863823,2438.052569164234,2,RIGHT,True,after_life_loss,
160143,double_dqn,dueling,601,4.0,241,0.0,0.0,0.05,,,,,,,,,,10000,10000,1.0,309.9450279171811,309.9450279171811,39537,True,321,160000,0.0,0.0,2,RIGHT,greedy,24276,37185,43949,54734,12246,147898,0.07646867818962934,0,80072,2,2,309.9450279171811,154.97251395859055,2,2,154.97251395859055,309.9450279171811,154.97251395859055,309.9450279171811,76.19791139238228,2438.333164556233,2,RIGHT,False,,
160200,double_dqn,dueling,602,11.0,552,0.0,0.0,0.05,,,,,,,,,,10000,10000,1.0,309.9439972079187,309.9439972079187,39551,True,321,160000,0.0,0.0,2,RIGHT,random,24282,37195,43969,54754,12250,147950,0.07646691635455681,1,80100,2,2,309.9439972079187,154.97199860395935,2,2,154.97199860395935,309.9439972079187,154.97199860395935,309.9439972079187,76.19885645643184,2438.363406605819,2,RIGHT,False,,
160395,double_dqn,dueling,602,,,2.0,2.0,0.05,0.0014709355309605598,1.8568861484527588,2.7211856842041016,0.746778130531311,1.8881402015686035,2.6422674655914307,0.044317446649074554,0.14293980598449707,0.16161714494228363,10000,10000,1.0,309.91681768682537,309.91681768682537,39600,True,321,160000,0.0,0.0,1,FIRE,fire_reset,24323,37220,44028,54825,12256,148140,0.07641088306441557,0,80198,2,2,309.91681768682537,154.95840884341268,2,2,154.95840884341268,309.91681768682537,154.95840884341268,309.91681768682537,76.19635117941039,2438.2832377411323,1,FIRE,False,after_life_loss,
160396,double_dqn,dueling,602,,,2.0,2.0,0.05,0.0014709355309605598,1.8568861484527588,2.7211856842041016,0.746778130531311,1.8881402015686035,2.6422674655914307,0.044317446649074554,0.14293980598449707,0.16161714494228363,10000,10000,1.0,309.91668966677935,309.91668966677935,39600,True,321,160000,0.0,0.0,1,FIRE,greedy,24323,37220,44028,54825,12256,148140,0.07641088306441557,1,80198,2,2,309.91668966677935,154.95834483338967,2,2,154.95834483338967,309.91668966677935,154.95834483338967,309.91668966677935,76.19631970431827,2438.2822305381846,1,FIRE,False,,
160795,double_dqn,dueling,602,,,6.0,6.0,0.05,0.002520094159990549,1.7669544219970703,2.5629992485046387,0.6742302775382996,1.8117725849151611,2.5489532947540283,0.04883450269699097,0.2536489963531494,0.2884802222251892,10000,10000,1.0,309.8665246071196,309.8665246071196,39700,True,322,160500,0.0,0.0,2,RIGHT,greedy,24358,37334,44124,54980,12272,148524,0.07632030647528545,0,80398,2,2,309.8665246071196,154.9332623035598,2,2,154.9332623035598,309.8665246071196,154.9332623035598,309.8665246071196,76.19242509954324,2438.157603185384,2,RIGHT,False,,
160796,double_dqn,dueling,602,,,6.0,6.0,0.05,0.002520094159990549,1.7669544219970703,2.5629992485046387,0.6742302775382996,1.8117725849151611,2.5489532947540283,0.04883450269699097,0.2536489963531494,0.2884802222251892,10000,10000,1.0,309.86641247461,309.86641247461,39700,True,322,160500,0.0,0.0,0,NOOP,random,24358,37334,44124,54980,12272,148524,0.07632030647528545,1,80398,2,2,309.86641247461,154.933206237305,2,2,154.933206237305,309.86641247461,154.933206237305,309.86641247461,76.19239752751734,2438.156720880555,0,NOOP,False,,
160983,double_dqn,dueling,603,7.0,420,0.0,0.0,0.05,,,,,,,,,,10000,10000,1.0,309.8324525584432,309.8324525584432,39747,True,322,160500,0.0,0.0,3,LEFT,greedy,24375,37378,44179,55052,12282,148702,0.0762932962281966,0,80492,2,2,309.8324525584432,154.9162262792216,2,2,154.9162262792216,309.8324525584432,154.9162262792216,309.8324525584432,76.18797485514914,2438.0151953647724,3,LEFT,False,,
161195,double_dqn,dueling,603,,,2.0,2.0,0.05,0.005984035320580006,1.8891226053237915,2.749645709991455,0.5852071642875671,1.9105236530303955,2.8043479919433594,0.06974850594997406,0.48800182342529297,0.22550837695598602,10000,10000,1.0,309.8048880143859,309.8048880143859,39800,True,323,161000,1.0,1.0,3,LEFT,greedy,24432,37417,44235,55112,12298,148898,0.07629221568773419,0,80598,2,2,309.8048880143859,154.90244400719294,2,2,154.90244400719294,309.8048880143859,154.90244400719294,309.8048880143859,76.18559643977535,2437.9390860728113,3,LEFT,False,,
161196,double_dqn,dueling,603,,,9.0,9.0,0.05,0.005984035320580006,1.8891226053237915,2.749645709991455,0.5852071642875671,1.9105236530303955,2.8043479919433594,0.06974850594997406,0.48800182342529297,0.22550837695598602,10000,10000,1.0,309.8047716398883,309.8047716398883,39800,True,323,161000,0.0,0.0,3,LEFT,greedy,24432,37417,44235,55112,12298,148898,0.07629221568773419,1,80598,2,2,309.8047716398883,154.90238581994416,2,2,154.90238581994416,309.8047716398883,154.90238581994416,309.8047716398883,76.18556782156807,2437.9381702901783,3,LEFT,False,,
161204,double_dqn,dueling,604,9.0,502,0.0,0.0,0.05,,,,,,,,,,10000,10000,1.0,309.80217900871827,309.80217900871827,39802,True,323,161000,0.0,0.0,2,RIGHT,greedy,24435,37418,44236,55115,12298,148906,0.07628842956750453,1,80602,2,2,309.80217900871827,154.90108950435913,2,2,154.90108950435913,309.80217900871827,154.90108950435913,309.80217900871827,76.18509568427257,2437.923061896722,2,RIGHT,False,,
161595,double_dqn,dueling,604,,,5.0,5.0,0.05,0.001823263126425445,1.8426666259765625,2.848301410675049,0.5609250068664551,1.8949264287948608,2.897439956665039,0.05066458880901337,0.12215268611907959,0.41600966453552246,10000,10000,1.0,309.87374723508384,309.87374723508384,39900,True,324,161500,0.0,0.0,2,RIGHT,greedy,24556,37507,44311,55222,12319,149277,0.07623332260699522,0,80798,2,2,309.87374723508384,154.93687361754192,2,2,154.93687361754192,309.87374723508384,154.93687361754192,309.87374723508384,76.21075064718951,2438.7440207100644,2,RIGHT,False,,
161596,double_dqn,dueling,604,,,5.0,5.0,0.05,0.001823263126425445,1.8426666259765625,2.848301410675049,0.5609250068664551,1.8949264287948608,2.897439956665039,0.05066458880901337,0.12215268611907959,0.41600966453552246,10000,10000,1.0,309.8736257971395,309.8736257971395,39900,True,324,161500,0.0,0.0,3,LEFT,greedy,24556,37507,44311,55222,12319,149277,0.07623332260699522,1,80798,2,2,309.8736257971395,154.93681289856974,2,2,154.93681289856974,309.8736257971395,154.93681289856974,309.8736257971395,76.21072078058423,2438.743064978695,3,LEFT,False,,
161995,double_dqn,dueling,604,,,13.0,10.0,0.05,0.0021745795384049416,1.6040186882019043,2.5494003295898438,0.536399245262146,1.6277159452438354,2.6275672912597656,0.05270911008119583,0.1288316249847412,0.15977826714515686,10000,10000,1.0,309.952087884623,309.952087884623,40000,True,324,161500,0.0,0.0,2,RIGHT,greedy,24595,37637,44422,55342,12336,149660,0.07615002839576286,0,80998,2,2,309.952087884623,154.9760439423115,2,2,154.9760439423115,309.952087884623,154.9760439423115,309.952087884623,76.23813452726976,2439.6203048726325,2,RIGHT,False,,
161996,double_dqn,dueling,604,,,10.0,10.0,0.05,0.0021745795384049416,1.6040186882019043,2.5494003295898438,0.536399245262146,1.6277159452438354,2.6275672912597656,0.05270911008119583,0.1288316249847412,0.15977826714515686,10000,10000,1.0,309.95197739675353,309.95197739675353,40000,True,324,161500,0.0,0.0,0,NOOP,greedy,24595,37637,44422,55342,12336,149660,0.07615002839576286,1,80998,2,2,309.95197739675353,154.97598869837677,2,2,154.97598869837677,309.95197739675353,154.97598869837677,309.95197739675353,76.23810735084673,2439.6194352270954,0,NOOP,False,,
162129,double_dqn,dueling,605,14.0,573,0.0,0.0,0.05,,,,,,,,,,10000,10000,1.0,309.96740110331297,309.96740110331297,40033,False,325,162000,0.0,0.0,1,FIRE,greedy,24604,37673,44455,55398,12344,149786,0.07613643372602233,0,81065,2,2,309.96740110331297,154.98370055165648,2,2,154.98370055165648,309.96740110331297,154.98370055165648,309.96740110331297,76.24210242492883,2439.7472775977226,1,FIRE,False,,
162395,double_dqn,dueling,605,,,2.0,2.0,0.05,0.0019287357572466135,1.8810023069381714,2.8953793048858643,0.866639256477356,1.9004135131835938,2.7979815006256104,0.04414563998579979,0.1723308563232422,0.1994614601135254,10000,10000,1.0,310.0260723054004,310.0260723054004,40100,True,325,162000,0.0,0.0,3,LEFT,greedy,24646,37790,44503,55457,12359,150037,0.07610409123377423,0,81198,2,2,310.0260723054004,155.0130361527002,2,2,155.0130361527002,310.0260723054004,155.0130361527002,310.0260723054004,76.2643468141482,2440.4590980527423,3,LEFT,False,,
162396,double_dqn,dueling,605,,,14.0,14.0,0.05,0.0019287357572466135,1.8810023069381714,2.8953793048858643,0.866639256477356,1.9004135131835938,2.7979815006256104,0.04414563998579979,0.1723308563232422,0.1994614601135254,10000,10000,1.0,310.0259584682929,310.0259584682929,40100,True,325,162000,0.0,0.0,0,NOOP,greedy,24646,37790,44503,55457,12359,150037,0.07610409123377423,1,81198,2,2,310.0259584682929,155.01297923414646,2,2,155.01297923414646,310.0259584682929,155.01297923414646,310.0259584682929,76.26431881097871,2440.4582019513186,0,NOOP,False,,
162492,double_dqn,dueling,606,15.0,644,0.0,0.0,0.05,,,,,,,,,,10000,10000,1.0,310.04669727379184,310.04669727379184,40124,True,325,162000,0.0,0.0,1,FIRE,greedy,24658,37838,44525,55471,12362,150130,0.07607759151219752,1,81246,2,2,310.04669727379184,155.02334863689592,2,2,155.02334863689592,310.04669727379184,155.02334863689592,310.04669727379184,76.27132876512196,2440.682520483903,1,FIRE,False,,
162795,double_dqn,dueling,606,,,6.0,6.0,0.05,0.0030333297327160835,1.880353569984436,2.87576961517334,0.5883601307868958,1.8918458223342896,2.880929470062256,0.052855074405670166,0.29104167222976685,0.2871447205543518,10000,10000,1.0,310.01189471454643,310.01189471454643,40200,True,326,162500,0.0,0.0,2,RIGHT,greedy,24753,37888,44590,55565,12374,150422,0.07600923855622989,0,81398,2,2,310.01189471454643,155.00594735727321,2,2,155.00594735727321,310.01189471454643,155.00594735727321,310.01189471454643,76.26877128232734,2440.6006810344747,2,RIGHT,False,,
162796,double_dqn,dueling,606,,,2.0,2.0,0.05,0.0030333297327160835,1.880353569984436,2.87576961517334,0.5883601307868958,1.8918458223342896,2.880929470062256,0.052855074405670166,0.29104167222976685,0.2871447205543518,10000,10000,1.0,310.01177640927426,310.01177640927426,40200,True,326,162500,0.0,0.0,0,NOOP,greedy,24753,37888,44590,55565,12374,150422,0.07600923855622989,1,81398,2,2,310.01177640927426,155.00588820463713,2,2,155.00588820463713,310.01177640927426,155.00588820463713,310.01177640927426,76.26874217699978,2440.599749663993,0,NOOP,False,,
162813,double_dqn,dueling,607,6.0,342,0.0,0.0,0.05,,,,,,,,,,10000,10000,1.0,309.98737237983,309.98737237983,40204,False,326,162500,0.0,0.0,2,RIGHT,greedy,24758,37889,44594,55573,12376,150438,0.07601311926492808,0,81407,2,2,309.98737237983,154.993686189915,2,2,154.993686189915,309.98737237983,154.993686189915,309.98737237983,76.26062446883677,2440.3399830027765,2,RIGHT,False,,
163195,double_dqn,dueling,607,,,3.0,3.0,0.05,0.007552051916718483,1.924942135810852,2.9422318935394287,0.7869606614112854,1.928938865661621,2.8569178581237793,0.07846545428037643,0.37148332595825195,0.3734317421913147,10000,10000,1.0,310.0047071653287,310.0047071653287,40300,True,327,163000,0.0,0.0,2,RIGHT,greedy,24840,37957,44676,55723,12396,150800,0.07595774406235448,0,81598,2,2,310.0047071653287,155.00235358266434,2,2,155.00235358266434,310.0047071653287,155.00235358266434,310.0047071653287,76.2748147305794,2440.7940713785406,2,RIGHT,False,,
163196,double_dqn,dueling,607,,,7.0,7.0,0.05,0.007552051916718483,1.924942135810852,2.9422318935394287,0.7869606614112854,1.928938865661621,2.8569178581237793,0.07846545428037643,0.37148332595825195,0.3734317421913147,10000,10000,1.0,310.0046008673148,310.0046008673148,40300,True,327,163000,0.0,0.0,3,LEFT,greedy,24840,37957,44676,55723,12396,150800,0.07595774406235448,1,81598,2,2,310.0046008673148,155.0023004336574,2,2,155.0023004336574,310.0046008673148,155.0023004336574,310.0046008673148,76.2747885765852,2440.7932344507262,3,LEFT,False,,
163272,double_dqn,dueling,608,8.0,390,0.0,0.0,0.05,,,,,,,,,,10000,10000,1.0,309.9620581252678,309.9620581252678,40319,True,327,163000,0.0,0.0,0,NOOP,greedy,24862,37976,44689,55745,12400,150872,0.07594688617766672,1,81636,2,2,309.9620581252678,154.9810290626339,2,2,154.9810290626339,309.9620581252678,154.9810290626339,309.9620581252678,76.26579404624745,2440.5054094799184,0,NOOP,False,,
163555,double_dqn,dueling,609,6.0,371,0.0,0.0,0.05,,,,,,,,,,10000,10000,1.0,309.95680734649324,309.95680734649324,40390,True,328,163500,0.0,0.0,3,LEFT,greedy,24887,38053,44783,55833,12415,151141,0.07590672307955684,0,81778,2,2,309.95680734649324,154.97840367324662,2,2,154.97840367324662,309.95680734649324,154.97840367324662,309.95680734649324,76.26997466945383,2440.6391894225226,3,LEFT,False,,
163595,double_dqn,dueling,609,,,0.0,0.0,0.05,0.0027656382881104946,1.7787528038024902,2.946276903152466,0.5958679914474487,1.8106679916381836,2.986598014831543,0.05107036232948303,0.2881288528442383,0.21938927471637726,10000,10000,1.0,309.9691146503679,309.9691146503679,40400,True,328,163500,0.0,0.0,1,FIRE,greedy,24889,38060,44799,55848,12417,151179,0.07590038876256143,0,81798,2,2,309.9691146503679,154.98455732518394,2,2,154.98455732518394,309.9691146503679,154.98455732518394,309.9691146503679,76.27376997238203,2440.760639116225,1,FIRE,False,,
163596,double_dqn,dueling,609,,,3.0,3.0,0.05,0.0027656382881104946,1.7787528038024902,2.946276903152466,0.5958679914474487,1.8106679916381836,2.986598014831543,0.05107036232948303,0.2881288528442383,0.21938927471637726,10000,10000,1.0,309.96900405969126,309.96900405969126,40400,True,328,163500,0.0,0.0,3,LEFT,greedy,24889,38060,44799,55848,12417,151179,0.07590038876256143,1,81798,2,2,309.96900405969126,154.98450202984563,2,2,154.98450202984563,309.96900405969126,154.98450202984563,309.96900405969126,76.27374275945198,2440.7597683024633,3,LEFT,False,,
163995,double_dqn,dueling,609,,,3.0,3.0,0.05,0.0016055441228672862,1.8717305660247803,2.875490427017212,0.9701811671257019,1.8761788606643677,2.7741189002990723,0.04219597578048706,0.17069745063781738,0.1974194347858429,10000,10000,1.0,310.0871609288561,310.0871609288561,40500,True,328,163500,0.0,0.0,3,LEFT,greedy,24912,38124,44918,56042,12430,151566,0.07579453157394082,0,81998,2,2,310.0871609288561,155.04358046442806,2,2,155.04358046442806,310.0871609288561,155.04358046442806,310.0871609288561,76.31043655023056,2441.933969607378,3,LEFT,False,,
163996,double_dqn,dueling,609,,,7.0,7.0,0.05,0.0016055441228672862,1.8717305660247803,2.875490427017212,0.9701811671257019,1.8761788606643677,2.7741189002990723,0.04219597578048706,0.17069745063781738,0.1974194347858429,10000,10000,1.0,310.08704884252575,310.08704884252575,40500,True,328,163500,0.0,0.0,1,FIRE,greedy,24912,38124,44918,56042,12430,151566,0.07579453157394082,1,81998,2,2,310.08704884252575,155.04352442126287,2,2,155.04352442126287,310.08704884252575,155.04352442126287,310.08704884252575,76.31040896651257,2441.933086928402,1,FIRE,False,,
164148,double_dqn,dueling,610,8.0,438,0.0,0.0,0.05,,,,,,,,,,10000,10000,1.0,310.11705847167144,310.11705847167144,40538,True,329,164000,0.0,0.0,3,LEFT,greedy,24929,38138,44948,56133,12436,151712,0.07576089870117211,1,82074,2,2,310.11705847167144,155.05852923583572,2,2,155.05852923583572,310.11705847167144,155.05852923583572,310.11705847167144,76.32066474546794,2442.261271854974,3,LEFT,False,,
164327,double_dqn,dueling,611,7.0,386,0.0,0.0,0.05,,,,,,,,,,10000,10000,1.0,310.129510349824,310.129510349824,40583,True,329,164000,0.0,0.0,1,FIRE,greedy,24947,38171,44999,56211,12447,151881,0.07574485175989484,0,82164,2,2,310.129510349824,155.064755174912,2,2,155.064755174912,310.129510349824,155.064755174912,310.129510349824,76.32711117800046,2442.467557696015,1,FIRE,False,,
164395,double_dqn,dueling,611,,,0.0,0.0,0.05,0.004709471948444843,1.7732630968093872,2.660492181777954,0.5511252880096436,1.7829952239990234,2.6746761798858643,0.07740727812051773,0.256669282913208,0.2205056995153427,10000,10000,1.0,310.13678503552796,310.13678503552796,40600,True,329,164000,0.0,0.0,1,FIRE,greedy,24949,38212,45011,56224,12449,151947,0.07572568675636877,0,82198,2,2,310.13678503552796,155.06839251776398,2,2,155.06839251776398,310.13678503552796,155.06839251776398,310.13678503552796,76.33017432803408,2442.5655784970904,1,FIRE,False,,
164396,double_dqn,dueling,611,,,2.0,2.0,0.05,0.004709471948444843,1.7732630968093872,2.660492181777954,0.5511252880096436,1.7829952239990234,2.6746761798858643,0.07740727812051773,0.256669282913208,0.2205056995153427,10000,10000,1.0,310.1366767462783,310.1366767462783,40600,True,329,164000,0.0,0.0,3,LEFT,greedy,24949,38212,45011,56224,12449,151947,0.07572568675636877,1,82198,2,2,310.1366767462783,155.06833837313914,2,2,155.06833837313914,310.1366767462783,155.06833837313914,310.1366767462783,76.3301476761253,2442.56472563601,3,LEFT,False,,
164795,double_dqn,dueling,611,,,3.0,3.0,0.05,0.003912961110472679,1.9126837253570557,3.062762975692749,0.47626999020576477,1.9154539108276367,3.0309641361236572,0.06543684005737305,0.31604886054992676,0.3303419351577759,10000,10000,1.0,310.19857777321477,310.19857777321477,40700,True,330,164500,0.0,0.0,2,RIGHT,greedy,25003,38319,45098,56376,12470,152326,0.07566931236195053,0,82398,2,2,310.19857777321477,155.09928888660738,2,2,155.09928888660738,310.19857777321477,155.09928888660738,310.19857777321477,76.35281679278046,2443.2901373689747,2,RIGHT,False,,
164796,double_dqn,dueling,611,,,6.0,6.0,0.05,0.003912961110472679,1.9126837253570557,3.062762975692749,0.47626999020576477,1.9154539108276367,3.0309641361236572,0.06543684005737305,0.31604886054992676,0.3303419351577759,10000,10000,1.0,310.19846520880594,310.19846520880594,40700,True,330,164500,0.0,0.0,0,NOOP,greedy,25003,38319,45098,56376,12470,152326,0.07566931236195053,1,82398,2,2,310.19846520880594,155.09923260440297,2,2,155.09923260440297,310.19846520880594,155.09923260440297,310.19846520880594,76.35278908598133,2443.2892507514025,0,NOOP,False,,
164921,double_dqn,dueling,612,4.0,297,0.0,0.0,0.05,,,,,,,,,,10000,10000,1.0,310.18480270843486,310.18480270843486,40731,False,330,164500,0.0,0.0,2,RIGHT,greedy,25018,38348,45132,56424,12475,152447,0.07564181855665102,0,82461,2,2,310.18480270843486,155.09240135421743,2,2,155.09240135421743,310.18480270843486,155.09240135421743,310.18480270843486,76.34935995934798,2443.1795186991353,2,RIGHT,False,,
165195,double_dqn,dueling,612,,,3.0,3.0,0.05,0.0025870867539197206,1.8845350742340088,2.9470388889312744,0.6723330020904541,1.8994240760803223,2.9228763580322266,0.054565705358982086,0.19219470024108887,0.14394259452819824,10000,10000,1.0,310.01943837002204,310.01943837002204,40800,True,331,165000,0.0,0.0,0,NOOP,greedy,25082,38387,45214,56513,12484,152712,0.0755708370662728,0,82598,2,2,310.01943837002204,155.00971918501102,2,2,155.00971918501102,310.01943837002204,155.00971918501102,310.01943837002204,76.31606181975096,2442.1139782320306,0,NOOP,False,,
165196,double_dqn,dueling,612,,,9.0,9.0,0.05,0.0025870867539197206,1.8845350742340088,2.9470388889312744,0.6723330020904541,1.8994240760803223,2.9228763580322266,0.054565705358982086,0.19219470024108887,0.14394259452819824,10000,10000,1.0,310.0193046601713,310.0193046601713,40800,True,331,165000,0.0,0.0,0,NOOP,greedy,25082,38387,45214,56513,12484,152712,0.0755708370662728,1,82598,2,2,310.0193046601713,155.00965233008566,2,2,155.00965233008566,310.0193046601713,155.00965233008566,310.0193046601713,76.31602890501088,2442.112924960348,0,NOOP,False,,
165310,double_dqn,dueling,613,11.0,581,0.0,0.0,0.05,,,,,,,,,,10000,10000,1.0,309.98653636532464,309.98653636532464,40828,False,331,165000,0.0,0.0,3,LEFT,greedy,25108,38417,45231,56554,12494,152816,0.07557921480854153,1,82655,2,2,309.98653636532464,154.99326818266232,2,2,154.99326818266232,309.98653636532464,154.99326818266232,309.98653636532464,76.30766414247931,2441.845252559338,3,LEFT,False,,
165595,double_dqn,dueling,613,,,7.0,7.0,0.05,0.001977263018488884,1.795020341873169,2.4700632095336914,0.9365024566650391,1.8459800481796265,2.564976930618286,0.04630649834871292,0.1827256679534912,0.40993350744247437,10000,10000,1.0,309.9544535407524,309.9544535407524,40900,True,332,165500,0.0,0.0,2,RIGHT,greedy,25146,38505,45283,56662,12505,153091,0.07551510906060532,0,82798,2,2,309.9544535407524,154.9772267703762,2,2,154.9772267703762,309.9544535407524,154.9772267703762,309.9544535407524,76.30731249206676,2441.833999746136,2,RIGHT,False,,
165596,double_dqn,dueling,613,,,4.0,4.0,0.05,0.001977263018488884,1.795020341873169,2.4700632095336914,0.9365024566650391,1.8459800481796265,2.564976930618286,0.04630649834871292,0.1827256679534912,0.40993350744247437,10000,10000,1.0,309.9543296358999,309.9543296358999,40900,True,332,165500,0.0,0.0,1,FIRE,greedy,25146,38505,45283,56662,12505,153091,0.07551510906060532,1,82798,2,2,309.9543296358999,154.97716481794996,2,2,154.97716481794996,309.9543296358999,154.97716481794996,309.9543296358999,76.30728198808079,2441.8330236185852,1,FIRE,False,,
165851,double_dqn,dueling,614,9.0,465,0.0,0.0,0.05,,,,,,,,,,10000,10000,1.0,309.910718262228,309.910718262228,40964,True,332,165500,0.0,0.0,1,FIRE,greedy,25183,38563,45340,56766,12516,153336,0.07546487229578178,0,82926,2,2,309.910718262228,154.955359131114,2,2,154.955359131114,309.910718262228,154.955359131114,309.910718262228,76.30113702219374,2441.6363847101998,1,FIRE,False,,
165995,double_dqn,dueling,614,,,1.0,1.0,0.05,0.0018349885940551758,2.0368893146514893,2.9415578842163086,0.8299526572227478,2.0527329444885254,2.9234516620635986,0.04819425567984581,0.15008509159088135,0.11015879362821579,10000,10000,1.0,309.8757860967621,309.8757860967621,41000,True,332,165500,0.0,0.0,3,LEFT,greedy,25196,38580,45392,56828,12521,153475,0.07542952842237162,0,82998,2,2,309.8757860967621,154.93789304838106,2,2,154.93789304838106,309.8757860967621,154.93789304838106,309.8757860967621,76.29510346515376,2441.4433108849203,3,LEFT,False,,
165996,double_dqn,dueling,614,,,9.0,9.0,0.05,0.0018349885940551758,2.0368893146514893,2.9415578842163086,0.8299526572227478,2.0527329444885254,2.9234516620635986,0.04819425567984581,0.15008509159088135,0.11015879362821579,10000,10000,1.0,309.87568075630355,309.87568075630355,41000,True,332,165500,0.0,0.0,3,LEFT,greedy,25196,38580,45392,56828,12521,153475,0.07542952842237162,1,82998,2,2,309.87568075630355,154.93784037815178,2,2,154.93784037815178,309.87568075630355,154.93784037815178,309.87568075630355,76.29507752908019,2441.442480930566,3,LEFT,False,,
166395,double_dqn,dueling,614,,,4.0,4.0,0.05,0.004178322851657867,1.7437726259231567,3.060854911804199,0.7399691343307495,1.7921950817108154,3.1055715084075928,0.0666346400976181,0.2664420008659363,0.3915475606918335,10000,10000,1.0,309.94204191194,309.94204191194,41100,True,333,166000,0.0,0.0,2,RIGHT,greedy,25270,38654,45498,56974,12549,153847,0.07541647635760475,0,83198,2,2,309.94204191194,154.97102095597,2,2,154.97102095597,309.94204191194,154.97102095597,309.94204191194,76.31848971652369,2442.191670928758,2,RIGHT,False,,
166396,double_dqn,dueling,614,,,13.0,13.0,0.05,0.004178322851657867,1.7437726259231567,3.060854911804199,0.7399691343307495,1.7921950817108154,3.1055715084075928,0.0666346400976181,0.2664420008659363,0.3915475606918335,10000,10000,1.0,309.9419354247694,309.9419354247694,41100,True,333,166000,0.0,0.0,2,RIGHT,greedy,25270,38654,45498,56974,12549,153847,0.07541647635760475,1,83198,2,2,309.9419354247694,154.9709677123847,2,2,154.9709677123847,309.9419354247694,154.9709677123847,309.9419354247694,76.3184634956858,2442.1908318619458,2,RIGHT,False,,
166609,double_dqn,dueling,615,6.0,379,0.0,0.0,0.05,,,,,,,,,,10000,10000,1.0,310.0016778159844,310.0016778159844,41153,False,334,166500,0.0,0.0,2,RIGHT,greedy,25302,38692,45562,57054,12562,154048,0.07539763519596662,0,83305,2,2,310.0016778159844,155.0008389079922,2,2,155.0008389079922,310.0016778159844,155.0008389079922,310.0016778159844,76.33459720068723,2442.7071104219913,2,RIGHT,False,,
166795,double_dqn,dueling,615,,,2.0,2.0,0.05,0.003974784165620804,1.9396519660949707,3.0502426624298096,1.2698750495910645,1.9781054258346558,3.007478952407837,0.06142951175570488,0.3047672510147095,0.21714459359645844,10000,10000,1.0,310.0514539524178,310.0514539524178,41200,True,334,166500,0.0,0.0,1,FIRE,greedy,25356,38733,45590,57117,12570,154226,0.07536151946089835,0,83398,2,2,310.0514539524178,155.0257269762089,2,2,155.0257269762089,310.0514539524178,155.0257269762089,310.0514539524178,76.35242179267202,2443.2774973655046,1,FIRE,False,,
166796,double_dqn,dueling,615,,,22.0,19.0,0.05,0.003974784165620804,1.9396519660949707,3.0502426624298096,1.2698750495910645,1.9781054258346558,3.007478952407837,0.06142951175570488,0.3047672510147095,0.21714459359645844,10000,10000,1.0,310.0513301824876,310.0513301824876,41200,True,334,166500,0.0,0.0,3,LEFT,greedy,25356,38733,45590,57117,12570,154226,0.07536151946089835,1,83398,2,2,310.0513301824876,155.0256650912438,2,2,155.0256650912438,310.0513301824876,155.0256650912438,310.0513301824876,76.35239131342803,2443.276522029697,3,LEFT,False,,
166812,double_dqn,dueling,616,22.0,751,0.0,0.0,0.05,,,,,,,,,,10000,10000,1.0,310.0472939391636,310.0472939391636,41204,True,334,166500,0.0,0.0,3,LEFT,greedy,25356,38741,45590,57125,12570,154242,0.07535429105819726,1,83406,2,2,310.0472939391636,155.0236469695818,2,2,155.0236469695818,310.0472939391636,155.0236469695818,310.0472939391636,76.35167525565855,2443.2536081810736,3,LEFT,False,,
167195,double_dqn,dueling,616,,,5.0,5.0,0.05,0.004084925167262554,1.9111281633377075,2.9837803840637207,0.4408012330532074,1.912191390991211,2.974308967590332,0.04942794889211655,0.4408012330532074,0.3044586777687073,10000,10000,1.0,310.0981999769566,310.0981999769566,41300,True,335,167000,0.0,0.0,3,LEFT,greedy,25380,38862,45684,57270,12587,154609,0.07528290150482068,0,83598,2,2,310.0981999769566,155.0490999884783,2,2,155.0490999884783,310.0981999769566,155.0490999884783,310.0981999769566,76.37084218433618,2443.866949898758,3,LEFT,False,,
167196,double_dqn,dueling,616,,,2.0,2.0,0.05,0.004084925167262554,1.9111281633377075,2.9837803840637207,0.4408012330532074,1.912191390991211,2.974308967590332,0.04942794889211655,0.4408012330532074,0.3044586777687073,10000,10000,1.0,310.09809765690767,310.09809765690767,41300,True,335,167000,0.0,0.0,1,FIRE,greedy,25380,38862,45684,57270,12587,154609,0.07528290150482068,1,83598,2,2,310.09809765690767,155.04904882845383,2,2,155.04904882845383,310.09809765690767,155.04904882845383,310.09809765690767,76.37081698500157,2443.86614352005,1,FIRE,False,,
167355,double_dqn,dueling,617,6.0,373,0.0,0.0,0.05,,,,,,,,,,10000,10000,1.0,310.0671106831993,310.0671106831993,41340,True,335,167000,0.0,0.0,2,RIGHT,greedy,25398,38872,45752,57334,12593,154763,0.07524677932072946,0,83678,2,2,310.0671106831993,155.03355534159965,2,2,155.03355534159965,310.0671106831993,155.03355534159965,310.0671106831993,76.36592581393778,2443.709626046009,2,RIGHT,False,,
167398,double_dqn,dueling,618,4.0,293,0.0,0.0,0.05,,,,,,,,,,10000,10000,1.0,310.02605893271414,310.02605893271414,41350,False,335,167000,0.0,0.0,3,LEFT,greedy,25399,38882,45766,57351,12595,154803,0.07523984754895519,1,83699,2,2,310.02605893271414,155.01302946635707,2,2,155.01302946635707,310.02605893271414,155.01302946635707,310.02605893271414,76.35423235443369,2443.335435341878,3,LEFT,False,,
167595,double_dqn,dueling,618,,,2.0,2.0,0.05,0.0014382380759343505,1.8897414207458496,2.8983347415924072,0.7817469835281372,1.921990156173706,2.816394567489624,0.041733819991350174,0.11601698398590088,0.1808568239212036,10000,10000,1.0,309.96055918359065,309.96055918359065,41400,True,336,167500,0.0,0.0,2,RIGHT,greedy,25411,38939,45826,57420,12601,154995,0.07518675863385761,0,83798,2,2,309.96055918359065,154.98027959179532,2,2,154.98027959179532,309.96055918359065,154.98027959179532,309.96055918359065,76.34376812011953,2443.000579843825,2,RIGHT,False,,
167596,double_dqn,dueling,618,,,2.0,2.0,0.05,0.0014382380759343505,1.8897414207458496,2.8983347415924072,0.7817469835281372,1.921990156173706,2.816394567489624,0.041733819991350174,0.11601698398590088,0.1808568239212036,10000,10000,1.0,309.9604504526464,309.9604504526464,41400,True,336,167500,0.0,0.0,1,FIRE,greedy,25411,38939,45826,57420,12601,154995,0.07518675863385761,1,83798,2,2,309.9604504526464,154.9802252263232,2,2,154.9802252263232,309.9604504526464,154.9802252263232,309.9604504526464,76.34374133951876,2442.9997228646002,1,FIRE,False,,
167995,double_dqn,dueling,618,,,5.0,5.0,0.05,0.004937129095196724,1.8286221027374268,2.8086845874786377,0.5291991233825684,1.9227404594421387,2.9098079204559326,0.08279306441545486,0.24213147163391113,0.8319803476333618,10000,10000,1.0,309.87336610380197,309.87336610380197,41500,True,336,167500,0.0,0.0,3,LEFT,greedy,25455,39050,45932,57559,12632,155364,0.0751922664825353,0,83998,2,2,309.87336610380197,154.93668305190099,2,2,154.93668305190099,309.87336610380197,154.93668305190099,309.87336610380197,76.3290341913139,2442.5290941220446,3,LEFT,False,,
167996,double_dqn,dueling,618,,,6.0,6.0,0.05,0.004937129095196724,1.8286221027374268,2.8086845874786377,0.5291991233825684,1.9227404594421387,2.9098079204559326,0.08279306441545486,0.24213147163391113,0.8319803476333618,10000,10000,1.0,309.87326598146666,309.87326598146666,41500,True,336,167500,0.0,0.0,3,LEFT,greedy,25455,39050,45932,57559,12632,155364,0.0751922664825353,1,83998,2,2,309.87326598146666,154.93663299073333,2,2,154.93663299073333,309.87326598146666,154.93663299073333,309.87326598146666,76.32900952884854,2442.5283049231534,3,LEFT,False,,
168306,double_dqn,dueling,619,8.0,454,0.0,0.0,0.05,,,,,,,,,,10000,10000,1.0,309.9464312277753,309.9464312277753,41577,False,337,168000,0.0,0.0,2,RIGHT,greedy,25472,39072,46068,57694,12651,155655,0.07516666072510785,1,84153,2,2,309.9464312277753,154.97321561388765,2,2,154.97321561388765,309.9464312277753,154.97321561388765,309.9464312277753,76.34993487890591,2443.197916124989,2,RIGHT,False,,
168307,double_dqn,dueling,620,11.0,476,0.0,0.0,0.05,,,,,,,,,,10000,10000,1.0,309.9310812833086,309.9310812833086,41578,True,337,168000,0.0,0.0,2,RIGHT,greedy,25472,39073,46069,57694,12651,155657,0.07516576752144877,0,84154,2,2,309.9310812833086,154.9655406416543,2,2,154.9655406416543,309.9310812833086,154.9655406416543,309.9310812833086,76.34845559457507,2443.1505790264023,2,RIGHT,False,,
168395,double_dqn,dueling,620,,,0.0,0.0,0.05,0.002816889202222228,1.9140732288360596,2.671135663986206,0.10895810276269913,1.910102367401123,2.6918394565582275,0.050601761788129807,0.2580232620239258,0.33730268478393555,10000,10000,1.0,309.9083297994271,309.9083297994271,41600,True,337,168000,0.0,0.0,0,NOOP,greedy,25497,39084,46092,57723,12657,155739,0.07516211786503242,0,84198,2,2,309.9083297994271,154.95416489971356,2,2,154.95416489971356,309.9083297994271,154.95416489971356,309.9083297994271,76.34431032210286,2443.0179303072914,0,NOOP,False,,
168396,double_dqn,dueling,620,,,1.0,1.0,0.05,0.002816889202222228,1.9140732288360596,2.671135663986206,0.10895810276269913,1.910102367401123,2.6918394565582275,0.050601761788129807,0.2580232620239258,0.33730268478393555,10000,10000,1.0,309.9082164787018,309.9082164787018,41600,True,337,168000,0.0,0.0,0,NOOP,greedy,25497,39084,46092,57723,12657,155739,0.07516211786503242,1,84198,2,2,309.9082164787018,154.9541082393509,2,2,154.9541082393509,309.9082164787018,154.9541082393509,309.9082164787018,76.3442824061297,2443.01703699615,0,NOOP,False,,
168795,double_dqn,dueling,620,,,4.0,4.0,0.05,0.004945217631757259,1.9383348226547241,3.1229968070983887,0.6793265342712402,1.9661221504211426,3.058668375015259,0.06844168156385422,0.3731640577316284,0.2583220601081848,10000,10000,1.0,309.6013596053437,309.6013596053437,41700,True,338,168500,0.0,0.0,0,NOOP,greedy,25535,39124,46244,57893,12681,156115,0.07512618782435602,0,84398,2,2,309.6013596053437,154.80067980267185,2,2,154.80067980267185,309.6013596053437,154.80067980267185,309.6013596053437,76.27526954984258,2440.8086255949625,0,NOOP,False,,
168796,double_dqn,dueling,620,,,3.0,3.0,0.05,0.004945217631757259,1.9383348226547241,3.1229968070983887,0.6793265342712402,1.9661221504211426,3.058668375015259,0.06844168156385422,0.3731640577316284,0.2583220601081848,10000,10000,1.0,309.60123950357155,309.60123950357155,41700,True,338,168500,0.0,0.0,2,RIGHT,greedy,25535,39124,46244,57893,12681,156115,0.07512618782435602,1,84398,2,2,309.60123950357155,154.80061975178577,2,2,154.80061975178577,309.60123950357155,154.80061975178577,309.60123950357155,76.27523996084123,2440.8076787469195,2,RIGHT,False,,
168838,double_dqn,dueling,621,3.0,266,0.0,0.0,0.05,,,,,,,,,,10000,10000,1.0,309.52209254744,309.52209254744,41710,False,338,168500,0.0,0.0,0,NOOP,greedy,25548,39124,46258,57908,12681,156157,0.07510749949655883,1,84419,2,2,309.52209254744,154.76104627372,2,2,154.76104627372,309.52209254744,154.76104627372,309.52209254744,76.2541789057212,2440.1337249830785,0,NOOP,False,,
169195,double_dqn,dueling,621,,,10.0,10.0,0.05,0.003088204190135002,1.920141577720642,2.9059319496154785,0.656355082988739,1.9228047132492065,2.835901975631714,0.05659791827201843,0.20171427726745605,0.2963884174823761,10000,10000,1.0,309.0175168094799,309.0175168094799,41800,True,339,169000,1.0,1.0,1,FIRE,greedy,25629,39205,46327,58035,12700,156496,0.07506087614364405,0,84598,2,2,309.0175168094799,154.50875840473995,2,2,154.50875840473995,309.0175168094799,154.50875840473995,309.0175168094799,76.137921904226,2436.413500935232,1,FIRE,False,,
169196,double_dqn,dueling,621,,,5.0,5.0,0.05,0.003088204190135002,1.920141577720642,2.9059319496154785,0.656355082988739,1.9228047132492065,2.835901975631714,0.05659791827201843,0.20171427726745605,0.2963884174823761,10000,10000,1.0,309.017410272168,309.017410272168,41800,True,339,169000,0.0,0.0,1,FIRE,fire_reset,25629,39205,46327,58035,12700,156496,0.07506087614364405,1,84598,2,2,309.017410272168,154.508705136084,2,2,154.508705136084,309.017410272168,154.508705136084,309.017410272168,76.13789565480941,2436.412660953901,3,LEFT,True,after_life_loss,
169383,double_dqn,dueling,622,11.0,538,0.0,0.0,0.05,,,,,,,,,,10000,10000,1.0,308.77444657243933,308.77444657243933,41847,True,339,169000,0.0,0.0,1,FIRE,greedy,25672,39289,46348,58075,12712,156672,0.07504841071175554,0,84692,2,2,308.77444657243933,154.38722328621967,2,2,154.38722328621967,308.77444657243933,154.38722328621967,308.77444657243933,76.08105526637874,2434.5937685241197,1,FIRE,False,,
169446,double_dqn,dueling,623,6.0,304,0.0,0.0,0.05,,,,,,,,,,10000,10000,1.0,308.65523854441693,308.65523854441693,41862,False,339,169000,0.0,0.0,1,FIRE,greedy,25689,39313,46358,58086,12714,156732,0.07503275379767005,1,84723,2,2,308.65523854441693,154.32761927220847,2,2,154.32761927220847,308.65523854441693,154.32761927220847,308.65523854441693,76.05045339880652,2433.614508761809,1,FIRE,False,,
169595,double_dqn,dueling,623,,,2.0,2.0,0.05,0.002336452715098858,1.967069149017334,2.9933483600616455,1.068738341331482,1.9826222658157349,2.9993629455566406,0.05349126085639,0.14448857307434082,0.12146291881799698,10000,10000,1.0,308.543295547639,308.543295547639,41900,True,340,169500,0.0,0.0,0,NOOP,greedy,25726,39337,46390,58143,12719,156877,0.07499587254416377,0,84798,2,2,308.543295547639,154.2716477738195,2,2,154.2716477738195,308.543295547639,154.2716477738195,308.543295547639,76.02748685767087,2432.8795794454677,0,NOOP,False,,
169596,double_dqn,dueling,623,,,0.0,0.0,0.05,0.002336452715098858,1.967069149017334,2.9933483600616455,1.068738341331482,1.9826222658157349,2.9993629455566406,0.05349126085639,0.14448857307434082,0.12146291881799698,10000,10000,1.0,308.54318556993877,308.54318556993877,41900,True,340,169500,0.0,0.0,2,RIGHT,greedy,25726,39337,46390,58143,12719,156877,0.07499587254416377,1,84798,2,2,308.54318556993877,154.27159278496939,2,2,154.27159278496939,308.54318556993877,154.27159278496939,308.54318556993877,76.02745975830335,2432.8787122657072,2,RIGHT,False,,
169995,double_dqn,dueling,623,,,8.0,8.0,0.05,0.0019762867596000433,1.8273277282714844,2.810070753097534,0.7276061773300171,1.8221169710159302,2.689567804336548,0.04709428548812866,0.21643495559692383,0.29746460914611816,10000,10000,1.0,307.73860937533993,307.73860937533993,42000,True,340,169500,0.0,0.0,1,FIRE,greedy,25764,39444,46506,58282,12745,157251,0.07497235229064213,0,84998,2,2,307.73860937533993,153.86930468766997,2,2,153.86930468766997,307.73860937533993,153.86930468766997,307.73860937533993,75.83552307439336,2426.7367383805877,1,FIRE,False,,
169996,double_dqn,dueling,623,,,4.0,4.0,0.05,0.0019762867596000433,1.8273277282714844,2.810070753097534,0.7276061773300171,1.8221169710159302,2.689567804336548,0.04709428548812866,0.21643495559692383,0.29746460914611816,10000,10000,1.0,307.73848368356073,307.73848368356073,42000,True,340,169500,0.0,0.0,3,LEFT,greedy,25764,39444,46506,58282,12745,157251,0.07497235229064213,1,84998,2,2,307.73848368356073,153.86924184178037,2,2,153.86924184178037,307.73848368356073,153.86924184178037,307.73848368356073,75.83549210037343,2426.7357472119497,3,LEFT,False,,
170395,double_dqn,dueling,623,,,12.0,12.0,0.05,0.0019286342430859804,1.9333312511444092,3.233748435974121,0.002141755074262619,1.9393253326416016,3.228438138961792,0.05093105882406235,0.12798726558685303,0.2169099599123001,10000,10000,1.0,307.6837091386055,307.6837091386055,42100,True,341,170000,0.0,0.0,1,FIRE,greedy,25849,39533,46608,58406,12754,157642,0.0748491748632597,0,85198,2,2,307.6837091386055,153.84185456930274,2,2,153.84185456930274,307.6837091386055,153.84185456930274,307.6837091386055,75.82823839203458,2426.5036285451065,1,FIRE,False,,
170396,double_dqn,dueling,623,,,10.0,10.0,0.05,0.0019286342430859804,1.9333312511444092,3.233748435974121,0.002141755074262619,1.9393253326416016,3.228438138961792,0.05093105882406235,0.12798726558685303,0.2169099599123001,10000,10000,1.0,307.68360935358106,307.68360935358106,42100,True,341,170000,0.0,0.0,3,LEFT,greedy,25849,39533,46608,58406,12754,157642,0.0748491748632597,1,85198,2,2,307.68360935358106,153.84180467679053,2,2,153.84180467679053,307.68360935358106,153.84180467679053,307.68360935358106,75.82821380014883,2426.5028416047626,3,LEFT,False,,
170514,double_dqn,dueling,624,11.0,534,0.0,0.0,0.05,,,,,,,,,,10000,10000,1.0,307.67775139925743,307.67775139925743,42129,False,342,170500,0.0,0.0,0,NOOP,greedy,25889,39549,46630,58446,12759,157755,0.07482670044688412,1,85257,2,2,307.67775139925743,153.83887569962872,2,2,153.83887569962872,307.67775139925743,153.83887569962872,307.67775139925743,75.82641693587509,2426.445341948003,0,NOOP,False,,
170549,double_dqn,dueling,625,13.0,583,0.0,0.0,0.05,,,,,,,,,,10000,10000,1.0,307.66768689723233,307.66768689723233,42138,False,342,170500,0.0,0.0,1,FIRE,greedy,25890,39562,46641,58457,12763,157787,0.07483435942538845,0,85275,2,2,307.66768689723233,153.83384344861616,2,2,153.83384344861616,307.66768689723233,153.83384344861616,307.66768689723233,75.82449428890402,2426.3838172449287,1,FIRE,False,,
170795,double_dqn,dueling,625,,,2.0,2.0,0.05,0.0022406289353966713,1.7949063777923584,2.8341856002807617,0.6758722066879272,1.8199410438537598,2.8981006145477295,0.04558635875582695,0.26280760765075684,0.1946847289800644,10000,10000,1.0,307.7135788431002,307.7135788431002,42200,True,342,170500,0.0,0.0,0,NOOP,random,25905,39625,46698,58568,12773,158023,0.07478512377339047,0,85398,2,2,307.7135788431002,153.8567894215501,2,2,153.8567894215501,307.7135788431002,153.8567894215501,307.7135788431002,75.84177407245122,2426.936770318439,0,NOOP,False,,
170796,double_dqn,dueling,625,,,3.0,3.0,0.05,0.0022406289353966713,1.7949063777923584,2.8341856002807617,0.6758722066879272,1.8199410438537598,2.8981006145477295,0.04558635875582695,0.26280760765075684,0.1946847289800644,10000,10000,1.0,307.71347184520937,307.71347184520937,42200,True,342,170500,0.0,0.0,1,FIRE,greedy,25905,39625,46698,58568,12773,158023,0.07478512377339047,1,85398,2,2,307.71347184520937,153.85673592260468,2,2,153.85673592260468,307.71347184520937,153.85673592260468,307.71347184520937,75.84174770081725,2426.935926426152,1,FIRE,False,,
171195,double_dqn,dueling,625,,,7.0,7.0,0.05,0.004041445441544056,2.0257339477539062,2.894428253173828,0.7160295844078064,2.033569097518921,2.844463348388672,0.06240520626306534,0.28773462772369385,0.4665118157863617,10000,10000,1.0,307.7574741441878,307.7574741441878,42300,True,343,171000,0.0,0.0,1,FIRE,greedy,25968,39717,46820,58691,12792,158404,0.07472137199467277,0,85598,2,2,307.7574741441878,153.8787370720939,2,2,153.8787370720939,307.7574741441878,153.8787370720939,307.7574741441878,75.85869871560695,2427.4783588994223,1,FIRE,False,,
171196,double_dqn,dueling,625,,,9.0,9.0,0.05,0.004041445441544056,2.0257339477539062,2.894428253173828,0.7160295844078064,2.033569097518921,2.844463348388672,0.06240520626306534,0.28773462772369385,0.4665118157863617,10000,10000,1.0,307.75737835985404,307.75737835985404,42300,True,343,171000,0.0,0.0,3,LEFT,greedy,25968,39717,46820,58691,12792,158404,0.07472137199467277,1,85598,2,2,307.75737835985404,153.87868917992702,2,2,153.87868917992702,307.75737835985404,153.87868917992702,307.75737835985404,75.8586751058638,2427.4776033876415,3,LEFT,False,,
171373,double_dqn,dueling,626,8.0,412,0.0,0.0,0.05,,,,,,,,,,10000,10000,1.0,307.6881194608699,307.6881194608699,42344,False,343,171000,0.0,0.0,3,LEFT,greedy,26010,39743,46850,58771,12799,158575,0.07468460793352551,0,85687,2,2,307.6881194608699,153.84405973043496,2,2,153.84405973043496,307.6881194608699,153.84405973043496,307.6881194608699,75.84214259639482,2426.9485630846343,3,LEFT,False,,
171595,double_dqn,dueling,626,,,2.0,2.0,0.05,0.0018036080291494727,1.96681809425354,2.9965407848358154,0.870775043964386,1.981900930404663,3.071833848953247,0.0429462231695652,0.17157471179962158,0.14218464493751526,10000,10000,1.0,307.53662638668783,307.53662638668783,42400,True,344,171500,0.0,0.0,0,NOOP,greedy,26099,39817,46876,58804,12807,158789,0.07463460686729294,0,85798,2,2,307.53662638668783,153.76831319334391,2,2,153.76831319334391,307.53662638668783,153.76831319334391,307.53662638668783,75.81029553464793,2425.929457108734,0,NOOP,False,,
171596,double_dqn,dueling,626,,,12.0,12.0,0.05,0.0018036080291494727,1.96681809425354,2.9965407848358154,0.870775043964386,1.981900930404663,3.071833848953247,0.0429462231695652,0.17157471179962158,0.14218464493751526,10000,10000,1.0,307.53652453711896,307.53652453711896,42400,True,344,171500,0.0,0.0,1,FIRE,fire_reset,26099,39817,46876,58804,12807,158789,0.07463460686729294,1,85798,2,2,307.53652453711896,153.76826226855948,2,2,153.76826226855948,307.53652453711896,153.76826226855948,307.53652453711896,75.81027042789559,2425.928653692659,0,NOOP,True,after_life_loss,
171810,double_dqn,dueling,627,17.0,648,0.0,0.0,0.05,,,,,,,,,,10000,10000,1.0,307.549539449139,307.549539449139,42453,False,344,171500,0.0,0.0,1,FIRE,greedy,26164,39859,46923,58864,12814,158996,0.07458238752109889,1,85905,2,2,307.549539449139,153.7747697245695,2,2,153.7747697245695,307.549539449139,153.7747697245695,307.549539449139,75.81453763164822,2426.065204212743,1,FIRE,False,,
171995,double_dqn,dueling,627,,,6.0,6.0,0.05,0.0019112093141302466,1.928609848022461,2.700275182723999,0.9080599546432495,1.9393458366394043,2.623260736465454,0.04852386564016342,0.1736297607421875,0.16058161854743958,10000,10000,1.0,307.4871076486564,307.4871076486564,42500,True,344,171500,0.0,0.0,1,FIRE,greedy,26212,39884,46974,58926,12825,159171,0.07456568757412962,0,85998,2,2,307.4871076486564,153.7435538243282,2,2,153.7435538243282,307.4871076486564,153.7435538243282,307.4871076486564,75.80405402600148,2425.7297288320474,1,FIRE,False,,
171996,double_dqn,dueling,627,,,2.0,2.0,0.05,0.0019112093141302466,1.928609848022461,2.700275182723999,0.9080599546432495,1.9393458366394043,2.623260736465454,0.04852386564016342,0.1736297607421875,0.16058161854743958,10000,10000,1.0,307.48699667979616,307.48699667979616,42500,True,344,171500,0.0,0.0,3,LEFT,greedy,26212,39884,46974,58926,12825,159171,0.07456568757412962,1,85998,2,2,307.48699667979616,153.74349833989808,2,2,153.74349833989808,307.48699667979616,153.74349833989808,307.48699667979616,75.80402666911637,2425.728853411724,3,LEFT,False,,
172395,double_dqn,dueling,627,,,11.0,11.0,0.05,0.0024711545556783676,2.0202796459198,2.7749290466308594,1.176180362701416,2.025676727294922,2.7800636291503906,0.05245456472039223,0.2311856746673584,0.22583867609500885,10000,10000,1.0,307.5285401541042,307.5285401541042,42600,True,345,172000,0.0,0.0,0,NOOP,greedy,26302,39993,47071,59030,12850,159546,0.07453769228984432,0,86198,2,2,307.5285401541042,153.7642700770521,2,2,153.7642700770521,307.5285401541042,153.7642700770521,307.5285401541042,75.8201684238163,2426.2453895621215,0,NOOP,False,,
172396,double_dqn,dueling,627,,,5.0,5.0,0.05,0.0024711545556783676,2.0202796459198,2.7749290466308594,1.176180362701416,2.025676727294922,2.7800636291503906,0.05245456472039223,0.2311856746673584,0.22583867609500885,10000,10000,1.0,307.5284330343443,307.5284330343443,42600,True,345,172000,0.0,0.0,1,FIRE,greedy,26302,39993,47071,59030,12850,159546,0.07453769228984432,1,86198,2,2,307.5284330343443,153.76421651717214,2,2,153.76421651717214,307.5284330343443,153.76421651717214,307.5284330343443,75.82014201378544,2426.244544441134,1,FIRE,False,,
172531,double_dqn,dueling,628,12.0,579,0.0,0.0,0.05,,,,,,,,,,10000,10000,1.0,307.5425875812607,307.5425875812607,42634,True,346,172500,0.0,0.0,3,LEFT,greedy,26358,40009,47100,59065,12856,159676,0.07451371339809426,0,86266,2,2,307.5425875812607,153.77129379063035,2,2,153.77129379063035,307.5425875812607,153.77129379063035,307.5425875812607,75.82562308657813,2426.4199387705003,3,LEFT,False,,
172795,double_dqn,dueling,628,,,3.0,3.0,0.05,0.0040480392053723335,1.9799546003341675,2.9168126583099365,1.1406608819961548,1.9780858755111694,2.720363140106201,0.06984952092170715,0.2670738697052002,0.37605661153793335,10000,10000,1.0,307.58404230099796,307.58404230099796,42700,True,346,172500,0.0,0.0,2,RIGHT,greedy,26434,40058,47152,59152,12867,159929,0.07446352924836223,0,86398,2,2,307.58404230099796,153.79202115049898,2,2,153.79202115049898,307.58404230099796,153.79202115049898,307.58404230099796,75.83968865405534,2426.870036929771,2,RIGHT,False,,
172796,double_dqn,dueling,628,,,10.0,10.0,0.05,0.0040480392053723335,1.9799546003341675,2.9168126583099365,1.1406608819961548,1.9780858755111694,2.720363140106201,0.06984952092170715,0.2670738697052002,0.37605661153793335,10000,10000,1.0,307.5839482076263,307.5839482076263,42700,True,346,172500,0.0,0.0,2,RIGHT,random,26434,40058,47152,59152,12867,159929,0.07446352924836223,1,86398,2,2,307.5839482076263,153.79197410381315,2,2,153.79197410381315,307.5839482076263,153.79197410381315,307.5839482076263,75.83966545385302,2426.8692945232965,2,RIGHT,False,,
172816,double_dqn,dueling,629,10.0,503,0.0,0.0,0.05,,,,,,,,,,10000,10000,1.0,307.57852617469996,307.57852617469996,42705,True,346,172500,0.0,0.0,2,RIGHT,random,26434,40061,47160,59161,12870,159946,0.07447227108601055,1,86408,2,2,307.57852617469996,153.78926308734998,2,2,153.78926308734998,307.57852617469996,153.78926308734998,307.57852617469996,75.83861869562408,2426.8357982599705,2,RIGHT,False,,
173195,double_dqn,dueling,629,,,6.0,6.0,0.05,0.010154307819902897,1.9769874811172485,2.8226089477539062,0.9917385578155518,2.0233898162841797,3.4083786010742188,0.0758441761136055,0.7211682796478271,0.712954580783844,10000,10000,1.0,307.6321597968555,307.6321597968555,42800,True,347,173000,0.0,0.0,3,LEFT,greedy,26488,40135,47267,59306,12894,160302,0.07444744682325227,0,86598,2,2,307.6321597968555,153.81607989842774,2,2,153.81607989842774,307.6321597968555,153.81607989842774,307.6321597968555,75.85732624970552,2427.4344399905767,3,LEFT,False,,
173196,double_dqn,dueling,629,,,3.0,3.0,0.05,0.010154307819902897,1.9769874811172485,2.8226089477539062,0.9917385578155518,2.0233898162841797,3.4083786010742188,0.0758441761136055,0.7211682796478271,0.712954580783844,10000,10000,1.0,307.6320584307485,307.6320584307485,42800,True,347,173000,0.0,0.0,3,LEFT,greedy,26488,40135,47267,59306,12894,160302,0.07444744682325227,1,86598,2,2,307.6320584307485,153.81602921537424,2,2,153.81602921537424,307.6320584307485,153.81602921537424,307.6320584307485,75.8573012543934,2427.433640140589,3,LEFT,False,,
173595,double_dqn,dueling,629,,,10.0,10.0,0.05,0.0016198373632505536,1.9118157625198364,2.9753189086914062,1.1600220203399658,1.912876009941101,2.882263660430908,0.04185115918517113,0.16512489318847656,0.23478615283966064,10000,10000,1.0,307.68668322904216,307.68668322904216,42900,True,348,173500,0.0,0.0,1,FIRE,greedy,26571,40236,47346,59443,12916,160680,0.07440263600543791,0,86798,2,2,307.68668322904216,153.84334161452108,2,2,153.84334161452108,307.68668322904216,153.84334161452108,307.68668322904216,75.87648260671621,2428.0474434149187,1,FIRE,False,,
173596,double_dqn,dueling,629,,,11.0,8.0,0.05,0.0016198373632505536,1.9118157625198364,2.9753189086914062,1.1600220203399658,1.912876009941101,2.882263660430908,0.04185115918517113,0.16512489318847656,0.23478615283966064,10000,10000,1.0,307.6865855942055,307.6865855942055,42900,True,348,173500,0.0,0.0,2,RIGHT,greedy,26571,40236,47346,59443,12916,160680,0.07440263600543791,1,86798,2,2,307.6865855942055,153.84329279710275,2,2,153.84329279710275,307.6865855942055,153.84329279710275,307.6865855942055,75.87645852966513,2428.046672949284,2,RIGHT,False,,
173667,double_dqn,dueling,630,11.0,568,0.0,0.0,0.05,,,,,,,,,,10000,10000,1.0,307.6549774080776,307.6549774080776,42918,True,348,173500,0.0,0.0,0,NOOP,greedy,26610,40253,47353,59452,12922,160746,0.07440633853099017,0,86834,2,2,307.6549774080776,153.8274887040388,2,2,153.8274887040388,307.6549774080776,153.8274887040388,307.6549774080776,75.86968527138711,2427.8299286843876,0,NOOP,False,,
173830,double_dqn,dueling,631,13.0,507,0.0,0.0,0.05,,,,,,,,,,10000,10000,1.0,307.4440690373843,307.4440690373843,42958,False,348,173500,0.0,0.0,2,RIGHT,greedy,26635,40274,47399,59522,12931,160899,0.07438877063797963,1,86915,2,2,307.4440690373843,153.72203451869214,2,2,153.72203451869214,307.4440690373843,153.72203451869214,307.4440690373843,75.81788114538338,2426.172196652268,2,RIGHT,False,,
173995,double_dqn,dueling,631,,,4.0,4.0,0.05,0.0027808682061731815,1.8828473091125488,2.8562071323394775,0.5991596579551697,1.901841163635254,2.981872797012329,0.05719136446714401,0.2030172348022461,0.2381494641304016,10000,10000,1.0,307.4332420022454,307.4332420022454,43000,True,348,173500,0.0,0.0,3,LEFT,greedy,26687,40321,47431,59557,12941,161055,0.07437527299478149,0,86998,2,2,307.4332420022454,153.7166210011227,2,2,153.7166210011227,307.4332420022454,153.7166210011227,307.4332420022454,75.81962853801524,2426.2281132164876,3,LEFT,False,,
173996,double_dqn,dueling,631,,,2.0,2.0,0.05,0.0027808682061731815,1.8828473091125488,2.8562071323394775,0.5991596579551697,1.901841163635254,2.981872797012329,0.05719136446714401,0.2030172348022461,0.2381494641304016,10000,10000,1.0,307.4331477376015,307.4331477376015,43000,True,348,173500,0.0,0.0,1,FIRE,greedy,26687,40321,47431,59557,12941,161055,0.07437527299478149,1,86998,2,2,307.4331477376015,153.71657386880074,2,2,153.71657386880074,307.4331477376015,153.71657386880074,307.4331477376015,75.81960529033312,2426.2273692906597,1,FIRE,False,,
174395,double_dqn,dueling,631,,,7.0,7.0,0.05,0.0023740141186863184,1.8719391822814941,2.5962069034576416,0.41858938336372375,1.9150755405426025,2.7207064628601074,0.04359889402985573,0.3005704879760742,0.2992706298828125,10000,10000,1.0,307.4216449982699,307.4216449982699,43100,True,349,174000,0.0,0.0,3,LEFT,greedy,26784,40448,47501,59663,12962,161434,0.07432509919952293,0,87198,2,2,307.4216449982699,153.71082249913496,2,2,153.71082249913496,307.4216449982699,153.71082249913496,307.4216449982699,75.82235286941845,2426.3152918213905,3,LEFT,False,,
174396,double_dqn,dueling,631,,,5.0,5.0,0.05,0.0023740141186863184,1.8719391822814941,2.5962069034576416,0.41858938336372375,1.9150755405426025,2.7207064628601074,0.04359889402985573,0.3005704879760742,0.2992706298828125,10000,10000,1.0,307.42154896060543,307.42154896060543,43100,True,349,174000,0.0,0.0,2,RIGHT,greedy,26784,40448,47501,59663,12962,161434,0.07432509919952293,1,87198,2,2,307.42154896060543,153.71077448030272,2,2,153.71077448030272,307.42154896060543,153.71077448030272,307.42154896060543,75.82232918272688,2426.31453384726,2,RIGHT,False,,
174560,double_dqn,dueling,632,6.0,365,0.0,0.0,0.05,,,,,,,,,,10000,10000,1.0,307.43726011646714,307.43726011646714,43141,True,350,174500,0.0,0.0,3,LEFT,greedy,26801,40481,47533,59745,12969,161591,0.07429537121906508,1,87280,2,2,307.43726011646714,153.71863005823357,2,2,153.71863005823357,307.43726011646714,153.71863005823357,307.43726011646714,75.82847657647305,2426.5112504471376,3,LEFT,False,,
174577,double_dqn,dueling,633,9.0,455,0.0,0.0,0.05,,,,,,,,,,10000,10000,1.0,307.43297246096716,307.43297246096716,43145,False,350,174500,0.0,0.0,3,LEFT,greedy,26807,40484,47535,59752,12970,161608,0.07429343903584644,0,87289,2,2,307.43297246096716,153.71648623048358,2,2,153.71648623048358,307.43297246096716,153.71648623048358,307.43297246096716,75.82560668624835,2426.419413959947,3,LEFT,False,,
174795,double_dqn,dueling,633,,,2.0,2.0,0.05,0.0024084446486085653,2.0113062858581543,3.090611457824707,0.8213294148445129,2.058751106262207,3.1515872478485107,0.05768273025751114,0.1439673900604248,0.31072208285331726,10000,10000,1.0,307.47936425233996,307.47936425233996,43200,True,350,174500,0.0,0.0,2,RIGHT,greedy,26846,40523,47584,59843,12976,161820,0.07423510835488226,0,87398,2,2,307.47936425233996,153.73968212616998,2,2,153.73968212616998,307.47936425233996,153.73968212616998,307.47936425233996,75.84211443247527,2426.9476618392086,2,RIGHT,False,,
174796,double_dqn,dueling,633,,,2.0,2.0,0.05,0.0024084446486085653,2.0113062858581543,3.090611457824707,0.8213294148445129,2.058751106262207,3.1515872478485107,0.05768273025751114,0.1439673900604248,0.31072208285331726,10000,10000,1.0,307.47926717586097,307.47926717586097,43200,True,350,174500,0.0,0.0,2,RIGHT,greedy,26846,40523,47584,59843,12976,161820,0.07423510835488226,1,87398,2,2,307.47926717586097,153.73963358793048,2,2,153.73963358793048,307.47926717586097,153.73963358793048,307.47926717586097,75.84209048782634,2426.946895610443,2,RIGHT,False,,
175195,double_dqn,dueling,633,,,5.0,5.0,0.05,0.003639233997091651,1.8742334842681885,2.742947816848755,0.929123044013977,1.894711971282959,2.9011685848236084,0.05058596283197403,0.38251256942749023,0.27747485041618347,10000,10000,1.0,307.5591199584919,307.5591199584919,43300,True,351,175000,0.0,0.0,2,RIGHT,random,26964,40605,47670,59957,12990,162206,0.0741455284367223,0,87598,2,2,307.5591199584919,153.77955997924596,2,2,153.77955997924596,307.5591199584919,153.77955997924596,307.5591199584919,75.86725512141692,2427.7521638853414,2,RIGHT,False,,
175196,double_dqn,dueling,633,,,6.0,6.0,0.05,0.003639233997091651,1.8742334842681885,2.742947816848755,0.929123044013977,1.894711971282959,2.9011685848236084,0.05058596283197403,0.38251256942749023,0.27747485041618347,10000,10000,1.0,307.55902347395454,307.55902347395454,43300,True,351,175000,0.0,0.0,2,RIGHT,greedy,26964,40605,47670,59957,12990,162206,0.0741455284367223,1,87598,2,2,307.55902347395454,153.77951173697727,2,2,153.77951173697727,307.55902347395454,153.77951173697727,307.55902347395454,75.8672313210594,2427.751402273901,2,RIGHT,False,,
175279,double_dqn,dueling,634,6.0,351,0.0,0.0,0.05,,,,,,,,,,10000,10000,1.0,307.5650556362892,307.5650556362892,43321,True,351,175000,0.0,0.0,0,NOOP,greedy,26999,40615,47686,59980,12993,162287,0.07412711090826107,0,87640,2,2,307.5650556362892,153.7825278181446,2,2,153.7825278181446,307.5650556362892,153.7825278181446,307.5650556362892,75.86986029710269,2427.835529507286,0,NOOP,False,,
175595,double_dqn,dueling,634,,,3.0,3.0,0.05,0.0016337058041244745,2.027520179748535,2.828197479248047,0.2443869709968567,2.041290283203125,2.7658746242523193,0.04156893864274025,0.17432141304016113,0.1287432610988617,10000,10000,1.0,307.6342702993118,307.6342702993118,43400,True,352,175500,0.0,0.0,0,NOOP,greedy,27058,40703,47757,60078,13009,162587,0.07408483108954646,0,87798,2,2,307.6342702993118,153.8171351496559,2,2,153.8171351496559,307.6342702993118,153.8171351496559,307.6342702993118,75.8912046511967,2428.5185488382945,0,NOOP,False,,
175596,double_dqn,dueling,634,,,9.0,9.0,0.05,0.0016337058041244745,2.027520179748535,2.828197479248047,0.2443869709968567,2.041290283203125,2.7658746242523193,0.04156893864274025,0.17432141304016113,0.1287432610988617,10000,10000,1.0,307.63417377762977,307.63417377762977,43400,True,352,175500,0.0,0.0,2,RIGHT,greedy,27058,40703,47757,60078,13009,162587,0.07408483108954646,1,87798,2,2,307.63417377762977,153.81708688881488,2,2,153.81708688881488,307.63417377762977,153.81708688881488,307.63417377762977,75.89118083997853,2428.517786879313,2,RIGHT,False,,
175772,double_dqn,dueling,635,15.0,606,0.0,0.0,0.05,,,,,,,,,,10000,10000,1.0,307.6724117287189,307.6724117287189,43444,True,352,175500,0.0,0.0,1,FIRE,greedy,27117,40716,47799,60140,13013,162759,0.07403340691350158,1,87886,2,2,307.6724117287189,153.83620586435944,2,2,153.83620586435944,307.6724117287189,153.83620586435944,307.6724117287189,75.90297725340417,2428.8952721089336,1,FIRE,False,,
175921,double_dqn,dueling,636,6.0,321,0.0,0.0,0.05,,,,,,,,,,10000,10000,1.0,307.6471560446024,307.6471560446024,43481,False,352,175500,0.0,0.0,0,NOOP,greedy,27171,40729,47820,60202,13020,162902,0.07401007264583168,0,87961,2,2,307.6471560446024,153.8235780223012,2,2,153.8235780223012,307.6471560446024,153.8235780223012,307.6471560446024,75.89672601769452,2428.6952325662246,0,NOOP,False,,
175995,double_dqn,dueling,636,,,0.0,0.0,0.05,0.003509094938635826,1.9791028499603271,2.9033713340759277,0.43890318274497986,2.0087804794311523,2.9203708171844482,0.05200207605957985,0.3482431173324585,0.2630328834056854,10000,10000,1.0,307.60584086827726,307.60584086827726,43500,True,352,175500,0.0,0.0,3,LEFT,greedy,27192,40735,47841,60228,13024,162972,0.07400168185640582,0,87998,2,2,307.60584086827726,153.80292043413863,2,2,153.80292043413863,307.60584086827726,153.80292043413863,307.60584086827726,75.8895456397617,2428.4654604723746,3,LEFT,False,,
175996,double_dqn,dueling,636,,,2.0,2.0,0.05,0.003509094938635826,1.9791028499603271,2.9033713340759277,0.43890318274497986,2.0087804794311523,2.9203708171844482,0.05200207605957985,0.3482431173324585,0.2630328834056854,10000,10000,1.0,307.605743253901,307.605743253901,43500,True,352,175500,0.0,0.0,3,LEFT,greedy,27192,40735,47841,60228,13024,162972,0.07400168185640582,1,87998,2,2,307.605743253901,153.8028716269505,2,2,153.8028716269505,307.605743253901,153.8028716269505,307.605743253901,75.88952155728445,2428.4646898331025,3,LEFT,False,,
176395,double_dqn,dueling,636,,,4.0,4.0,0.05,0.0012944862246513367,1.847404956817627,2.668921947479248,0.8854480385780334,1.858752965927124,2.6529579162597656,0.04013880342245102,0.120308518409729,0.10458742082118988,10000,10000,1.0,307.5407942402583,307.5407942402583,43600,True,353,176000,0.0,0.0,2,RIGHT,greedy,27222,40801,47993,60380,13047,163349,0.07396426222816845,0,88198,2,2,307.5407942402583,153.77039712012916,2,2,153.77039712012916,307.5407942402583,153.77039712012916,307.5407942402583,75.87879510229106,2428.121443273314,2,RIGHT,False,,
176396,double_dqn,dueling,636,,,5.0,5.0,0.05,0.0012944862246513367,1.847404956817627,2.668921947479248,0.8854480385780334,1.858752965927124,2.6529579162597656,0.04013880342245102,0.120308518409729,0.10458742082118988,10000,10000,1.0,307.54070497760694,307.54070497760694,43600,True,353,176000,0.0,0.0,1,FIRE,greedy,27222,40801,47993,60380,13047,163349,0.07396426222816845,1,88198,2,2,307.54070497760694,153.77035248880347,2,2,153.77035248880347,307.54070497760694,153.77035248880347,307.54070497760694,75.87877307873335,2428.120738519467,1,FIRE,False,,
176618,double_dqn,dueling,637,10.0,423,0.0,0.0,0.05,,,,,,,,,,10000,10000,1.0,307.4927551640214,307.4927551640214,43655,False,354,176500,0.0,0.0,3,LEFT,greedy,27237,40832,48075,60474,13054,163564,0.07391092640614207,1,88309,2,2,307.4927551640214,153.7463775820107,2,2,153.7463775820107,307.4927551640214,153.7463775820107,307.4927551640214,75.86785146598267,2427.7712469114454,3,LEFT,False,,
176661,double_dqn,dueling,638,6.0,370,0.0,0.0,0.05,,,,,,,,,,10000,10000,1.0,307.4959895623606,307.4959895623606,43666,False,354,176500,0.0,0.0,3,LEFT,random,27240,40838,48094,60490,13057,163605,0.0739094994962131,0,88331,2,2,307.4959895623606,153.7479947811803,2,2,153.7479947811803,307.4959895623606,153.7479947811803,307.4959895623606,75.8692265082055,2427.815248262576,3,LEFT,False,,
176795,double_dqn,dueling,638,,,1.0,1.0,0.05,0.0020074332132935524,1.8236274719238281,2.626091480255127,1.0317403078079224,1.8618710041046143,2.682584047317505,0.04459097981452942,0.20808780193328857,0.26122498512268066,10000,10000,1.0,307.5250978588352,307.5250978588352,43700,True,354,176500,0.0,0.0,0,NOOP,greedy,27269,40846,48149,60532,13060,163736,0.0738704495576823,0,88398,2,2,307.5250978588352,153.7625489294176,2,2,153.7625489294176,307.5250978588352,153.7625489294176,307.5250978588352,75.88016406228277,2428.1652499930487,0,NOOP,False,,
176796,double_dqn,dueling,638,,,2.0,2.0,0.05,0.0020074332132935524,1.8236274719238281,2.626091480255127,1.0317403078079224,1.8618710041046143,2.682584047317505,0.04459097981452942,0.20808780193328857,0.26122498512268066,10000,10000,1.0,307.52501128683645,307.52501128683645,43700,True,354,176500,0.0,0.0,3,LEFT,greedy,27269,40846,48149,60532,13060,163736,0.0738704495576823,1,88398,2,2,307.52501128683645,153.76250564341822,2,2,153.76250564341822,307.52501128683645,153.76250564341822,307.52501128683645,75.88014270110766,2428.164566435445,3,LEFT,False,,
177195,double_dqn,dueling,638,,,5.0,5.0,0.05,0.0017932192422449589,1.869581937789917,2.8422484397888184,0.5387057662010193,1.872821569442749,2.8268773555755615,0.04944413900375366,0.12163102626800537,0.2739560902118683,10000,10000,1.0,307.5428315572411,307.5428315572411,43800,True,355,177000,0.0,0.0,1,FIRE,random,27327,40936,48265,60668,13075,164121,0.07378834736675771,0,88598,2,2,307.5428315572411,153.77141577862054,2,2,153.77141577862054,307.5428315572411,153.77141577862054,307.5428315572411,75.88972742543505,2428.4712776139218,1,FIRE,False,,
177196,double_dqn,dueling,638,,,5.0,5.0,0.05,0.0017932192422449589,1.869581937789917,2.8422484397888184,0.5387057662010193,1.872821569442749,2.8268773555755615,0.04944413900375366,0.12163102626800537,0.2739560902118683,10000,10000,1.0,307.54274530122575,307.54274530122575,43800,True,355,177000,0.0,0.0,2,RIGHT,greedy,27327,40936,48265,60668,13075,164121,0.07378834736675771,1,88598,2,2,307.54274530122575,153.77137265061288,2,2,153.77137265061288,307.54274530122575,153.77137265061288,307.54274530122575,75.88970614077219,2428.47059650471,2,RIGHT,False,,
177444,double_dqn,dueling,639,8.0,413,0.0,0.0,0.05,,,,,,,,,,10000,10000,1.0,307.59048752097516,307.59048752097516,43862,True,355,177000,0.0,0.0,2,RIGHT,greedy,27383,40997,48323,60741,13089,164355,0.0737641171299114,1,88722,2,2,307.59048752097516,153.79524376048758,2,2,153.79524376048758,307.59048752097516,153.79524376048758,307.59048752097516,75.904677018405,2428.94966458896,2,RIGHT,False,,
177537,double_dqn,dueling,640,8.0,438,0.0,0.0,0.05,,,,,,,,,,10000,10000,1.0,307.6025746045629,307.6025746045629,43885,False,356,177500,0.0,0.0,3,LEFT,greedy,27404,41009,48349,60776,13091,164447,0.07373632687086708,0,88769,2,2,307.6025746045629,153.80128730228145,2,2,153.80128730228145,307.6025746045629,153.80128730228145,307.6025746045629,75.90688001346058,2429.0201604307385,3,LEFT,False,,
177595,double_dqn,dueling,640,,,0.0,0.0,0.05,0.0024777413345873356,1.9130516052246094,3.079651117324829,0.11723874509334564,1.9380073547363281,3.0443594455718994,0.054236724972724915,0.18241852521896362,0.20134423673152924,10000,10000,1.0,307.5880086378642,307.5880086378642,43900,True,356,177500,0.0,0.0,3,LEFT,greedy,27406,41021,48364,60805,13097,164499,0.0737460303159981,0,88798,2,2,307.5880086378642,153.7940043189321,2,2,153.7940043189321,307.5880086378642,153.7940043189321,307.5880086378642,75.90601032793523,2428.9923304939275,3,LEFT,False,,
177596,double_dqn,dueling,640,,,1.0,1.0,0.05,0.0024777413345873356,1.9130516052246094,3.079651117324829,0.11723874509334564,1.9380073547363281,3.0443594455718994,0.054236724972724915,0.18241852521896362,0.20134423673152924,10000,10000,1.0,307.5879048780426,307.5879048780426,43900,True,356,177500,0.0,0.0,3,LEFT,greedy,27406,41021,48364,60805,13097,164499,0.0737460303159981,1,88798,2,2,307.5879048780426,153.7939524390213,2,2,153.7939524390213,307.5879048780426,153.7939524390213,307.5879048780426,75.90598472227482,2428.9915111127943,3,LEFT,False,,
177995,double_dqn,dueling,640,,,5.0,5.0,0.05,0.009930888190865517,1.9720357656478882,2.830057382583618,0.7088247537612915,1.9408845901489258,2.7727999687194824,0.07204899191856384,0.7129657864570618,0.6522743701934814,10000,10000,1.0,307.64362808576595,307.64362808576595,44000,True,356,177500,0.0,0.0,1,FIRE,greedy,27458,41105,48459,60974,13116,164880,0.07368704914717185,0,88998,2,2,307.64362808576595,153.82181404288298,2,2,153.82181404288298,307.64362808576595,153.82181404288298,307.64362808576595,75.92481918332874,2429.5942138665196,1,FIRE,False,,
177996,double_dqn,dueling,640,,,5.0,5.0,0.05,0.009930888190865517,1.9720357656478882,2.830057382583618,0.7088247537612915,1.9408845901489258,2.7727999687194824,0.07204899191856384,0.7129657864570618,0.6522743701934814,10000,10000,1.0,307.6435403530645,307.6435403530645,44000,True,356,177500,0.0,0.0,3,LEFT,greedy,27458,41105,48459,60974,13116,164880,0.07368704914717185,1,88998,2,2,307.6435403530645,153.82177017653225,2,2,153.82177017653225,307.6435403530645,153.82177017653225,307.6435403530645,75.92479753136236,2429.5935210035955,3,LEFT,False,,
178395,double_dqn,dueling,640,,,9.0,9.0,0.05,0.007815966382622719,1.884637713432312,2.8602983951568604,0.1862814873456955,1.898642897605896,2.8469042778015137,0.07762737572193146,0.5073376893997192,0.3959926962852478,10000,10000,1.0,307.5813951596628,307.5813951596628,44100,True,357,178000,0.0,0.0,3,LEFT,greedy,27544,41173,48565,61114,13135,165261,0.07362833247382228,0,89198,2,2,307.5813951596628,153.7906975798314,2,2,153.7906975798314,307.5813951596628,153.7906975798314,307.5813951596628,75.91449072585738,2429.263703227436,3,LEFT,False,,
178396,double_dqn,dueling,640,,,10.0,10.0,0.05,0.007815966382622719,1.884637713432312,2.8602983951568604,0.1862814873456955,1.898642897605896,2.8469042778015137,0.07762737572193146,0.5073376893997192,0.3959926962852478,10000,10000,1.0,307.5813054963434,307.5813054963434,44100,True,357,178000,0.0,0.0,3,LEFT,greedy,27544,41173,48565,61114,13135,165261,0.07362833247382228,1,89198,2,2,307.5813054963434,153.7906527481717,2,2,153.7906527481717,307.5813054963434,153.7906527481717,307.5813054963434,75.91446859595833,2429.2629950706664,3,LEFT,False,,
178501,double_dqn,dueling,641,13.0,482,0.0,0.0,0.05,,,,,,,,,,10000,10000,1.0,307.5582303066694,307.5582303066694,44126,False,358,178500,0.0,0.0,3,LEFT,greedy,27573,41184,48593,61152,13142,165360,0.07362382494313789,0,89251,2,2,307.5582303066694,153.7791151533347,2,2,153.7791151533347,307.5582303066694,153.7791151533347,307.5582303066694,75.9081388014537,2429.0604416465185,3,LEFT,False,,
178795,double_dqn,dueling,641,,,2.0,2.0,0.05,0.002018675673753023,1.9232780933380127,2.894340991973877,0.5723433494567871,1.9342970848083496,2.913149356842041,0.03956135734915733,0.2607433795928955,0.2298022359609604,10000,10000,1.0,307.5870200310228,307.5870200310228,44200,True,358,178500,0.0,0.0,0,NOOP,greedy,27603,41239,48691,61263,13157,165639,0.07358665741962908,0,89398,2,2,307.5870200310228,153.7935100155114,2,2,153.7935100155114,307.5870200310228,153.7935100155114,307.5870200310228,75.92085832508455,2429.4674664027057,0,NOOP,False,,
178796,double_dqn,dueling,641,,,17.0,14.0,0.05,0.002018675673753023,1.9232780933380127,2.894340991973877,0.5723433494567871,1.9342970848083496,2.913149356842041,0.03956135734915733,0.2607433795928955,0.2298022359609604,10000,10000,1.0,307.58692085364913,307.58692085364913,44200,True,358,178500,0.0,0.0,2,RIGHT,greedy,27603,41239,48691,61263,13157,165639,0.07358665741962908,1,89398,2,2,307.58692085364913,153.79346042682457,2,2,153.79346042682457,307.58692085364913,153.79346042682457,307.58692085364913,75.92083384540614,2429.4666830529964,2,RIGHT,False,,
178832,double_dqn,dueling,642,17.0,694,0.0,0.0,0.05,,,,,,,,,,10000,10000,1.0,307.5523703075762,307.5523703075762,44209,True,358,178500,0.0,0.0,0,NOOP,greedy,27609,41243,48704,61276,13158,165674,0.07357743580567236,1,89416,2,2,307.5523703075762,153.7761851537881,2,2,153.7761851537881,307.5523703075762,153.7761851537881,307.5523703075762,75.91275143907065,2429.2080460502607,0,NOOP,False,,
179195,double_dqn,dueling,642,,,6.0,6.0,0.05,0.003007037565112114,1.7514894008636475,2.4876043796539307,0.2683728337287903,1.7651653289794922,2.5872433185577393,0.056948356330394745,0.2683728337287903,0.1726319044828415,10000,10000,1.0,307.5907228169389,307.5907228169389,44300,True,359,179000,0.0,0.0,1,FIRE,greedy,27653,41330,48827,61386,13175,166021,0.0735228464921092,0,89598,2,2,307.5907228169389,153.79536140846946,2,2,153.79536140846946,307.5907228169389,153.79536140846946,307.5907228169389,75.9267013529514,2429.6544432944447,1,FIRE,False,,
179196,double_dqn,dueling,642,,,4.0,4.0,0.05,0.003007037565112114,1.7514894008636475,2.4876043796539307,0.2683728337287903,1.7651653289794922,2.5872433185577393,0.056948356330394745,0.2683728337287903,0.1726319044828415,10000,10000,1.0,307.5906378766228,307.5906378766228,44300,True,359,179000,0.0,0.0,2,RIGHT,greedy,27653,41330,48827,61386,13175,166021,0.0735228464921092,1,89598,2,2,307.5906378766228,153.7953189383114,2,2,153.7953189383114,307.5906378766228,153.7953189383114,307.5906378766228,75.9266803860056,2429.653772352179,2,RIGHT,False,,
179595,double_dqn,dueling,642,,,11.0,11.0,0.05,0.0033859824761748314,1.9073119163513184,2.8555514812469482,0.7117866277694702,1.9437518119812012,2.7711727619171143,0.061509404331445694,0.23365461826324463,0.26821500062942505,10000,10000,1.0,307.6547884531115,307.6547884531115,44400,True,360,179500,0.0,0.0,0,NOOP,greedy,27689,41406,48952,61549,13196,166400,0.073476023964899,0,89798,2,2,307.6547884531115,153.82739422655575,2,2,153.82739422655575,307.6547884531115,153.82739422655575,307.6547884531115,75.94739607913951,2430.3166745324643,0,NOOP,False,,
179596,double_dqn,dueling,642,,,9.0,9.0,0.05,0.0033859824761748314,1.9073119163513184,2.8555514812469482,0.7117866277694702,1.9437518119812012,2.7711727619171143,0.061509404331445694,0.23365461826324463,0.26821500062942505,10000,10000,1.0,307.6546929644768,307.6546929644768,44400,True,360,179500,0.0,0.0,1,FIRE,fire_reset,27689,41406,48952,61549,13196,166400,0.073476023964899,1,89798,2,2,307.6546929644768,153.8273464822384,2,2,153.8273464822384,307.6546929644768,153.8273464822384,307.6546929644768,75.94737250689738,2430.315920220716,3,LEFT,True,after_life_loss,
179623,double_dqn,dueling,643,11.0,561,0.0,0.0,0.05,,,,,,,,,,10000,10000,1.0,307.6529000448607,307.6529000448607,44407,True,360,179500,0.0,0.0,0,NOOP,greedy,27691,41410,48965,61558,13197,166427,0.07347013762080791,0,89812,2,2,307.6529000448607,153.82645002243035,2,2,153.82645002243035,307.6529000448607,153.82645002243035,307.6529000448607,75.94726970865294,2430.312630676894,0,NOOP,False,,
179995,double_dqn,dueling,643,,,4.0,4.0,0.05,0.001420727465301752,1.9449918270111084,2.78705096244812,1.154985785484314,1.9429603815078735,2.705634832382202,0.04434126242995262,0.12310671806335449,0.25394973158836365,10000,10000,1.0,307.6999738287287,307.6999738287287,44500,True,360,179500,0.0,0.0,1,FIRE,greedy,27736,41492,49049,61719,13218,166778,0.07343496522144936,0,89998,2,2,307.6999738287287,153.84998691436434,2,2,153.84998691436434,307.6999738287287,153.84998691436434,307.6999738287287,75.96338295844245,2430.8282546701585,1,FIRE,False,,
179996,double_dqn,dueling,643,,,13.0,13.0,0.05,0.001420727465301752,1.9449918270111084,2.78705096244812,1.154985785484314,1.9429603815078735,2.705634832382202,0.04434126242995262,0.12310671806335449,0.25394973158836365,10000,10000,1.0,307.69988529935915,307.69988529935915,44500,True,360,179500,0.0,0.0,1,FIRE,greedy,27736,41492,49049,61719,13218,166778,0.07343496522144936,1,89998,2,2,307.69988529935915,153.84994264967958,2,2,153.84994264967958,307.69988529935915,153.84994264967958,307.69988529935915,75.96336110276819,2430.827555288582,1,FIRE,False,,
180100,double_dqn,dueling,644,14.0,634,0.0,0.0,0.05,,,,,,,,,,10000,10000,1.0,307.710738422105,307.710738422105,44526,True,361,180000,0.0,0.0,3,LEFT,greedy,27740,41517,49074,61769,13220,166880,0.07340366463076069,1,90050,2,2,307.710738422105,153.8553692110525,2,2,153.8553692110525,307.710738422105,153.8553692110525,307.710738422105,75.96728904241107,2430.953249357154,3,LEFT,False,,
180395,double_dqn,dueling,644,,,7.0,7.0,0.05,0.0035146563313901424,1.8890413045883179,2.891366481781006,0.6913100481033325,1.8883228302001953,2.871169328689575,0.05037030950188637,0.40307164192199707,0.4957556426525116,10000,10000,1.0,307.7404802482097,307.7404802482097,44600,True,361,180000,0.0,0.0,1,FIRE,greedy,27777,41560,49154,61905,13235,167161,0.07336637175990599,0,90198,2,2,307.7404802482097,153.87024012410484,2,2,153.87024012410484,307.7404802482097,153.87024012410484,307.7404802482097,75.97816797411207,2431.301375171586,1,FIRE,False,,
180396,double_dqn,dueling,644,,,7.0,4.0,0.05,0.0035146563313901424,1.8890413045883179,2.891366481781006,0.6913100481033325,1.8883228302001953,2.871169328689575,0.05037030950188637,0.40307164192199707,0.4957556426525116,10000,10000,1.0,307.74038871983385,307.74038871983385,44600,True,361,180000,0.0,0.0,2,RIGHT,greedy,27777,41560,49154,61905,13235,167161,0.07336637175990599,1,90198,2,2,307.74038871983385,153.87019435991692,2,2,153.87019435991692,307.74038871983385,153.87019435991692,307.74038871983385,75.97814537663542,2431.3006520523336,2,RIGHT,False,,
180759,double_dqn,dueling,645,18.0,568,0.0,0.0,0.05,,,,,,,,,,10000,10000,1.0,307.4531284394825,307.4531284394825,44691,True,362,180500,0.0,0.0,2,RIGHT,greedy,27841,41620,49242,62057,13259,167501,0.07335140517813675,0,90380,2,2,307.4531284394825,153.72656421974125,2,2,153.72656421974125,307.4531284394825,153.72656421974125,307.4531284394825,75.91153270286381,2429.169046491642,2,RIGHT,False,,
180795,double_dqn,dueling,645,,,0.0,0.0,0.05,0.0017561707645654678,1.995328664779663,2.911336898803711,0.7077165842056274,2.0007104873657227,2.8685858249664307,0.04781866818666458,0.16338157653808594,0.19710206985473633,10000,10000,1.0,307.45308587493145,307.45308587493145,44700,True,362,180500,0.0,0.0,2,RIGHT,greedy,27842,41636,49253,62065,13261,167535,0.07334786167835572,0,90398,2,2,307.45308587493145,153.72654293746572,2,2,153.72654293746572,307.45308587493145,153.72654293746572,307.45308587493145,75.91194626118876,2429.1822803580403,2,RIGHT,False,,
180796,double_dqn,dueling,645,,,11.0,8.0,0.05,0.0017561707645654678,1.995328664779663,2.911336898803711,0.7077165842056274,2.0007104873657227,2.8685858249664307,0.04781866818666458,0.16338157653808594,0.19710206985473633,10000,10000,1.0,307.45299929870407,307.45299929870407,44700,True,362,180500,0.0,0.0,1,FIRE,greedy,27842,41636,49253,62065,13261,167535,0.07334786167835572,1,90398,2,2,307.45299929870407,153.72649964935204,2,2,153.72649964935204,307.45299929870407,153.72649964935204,307.45299929870407,75.91192488501717,2429.1815963205495,1,FIRE,False,,
181195,double_dqn,dueling,645,,,5.0,5.0,0.05,0.0015157577581703663,1.9374748468399048,2.9355902671813965,0.5763379335403442,1.9778807163238525,2.944253444671631,0.04061859846115112,0.1872549057006836,0.19711172580718994,10000,10000,1.0,307.3539160240155,307.3539160240155,44800,True,363,181000,0.0,0.0,0,NOOP,greedy,27944,41778,49323,62151,13283,167913,0.0733073577783174,0,90598,2,2,307.3539160240155,153.67695801200776,2,2,153.67695801200776,307.3539160240155,153.67695801200776,307.3539160240155,75.89214570133365,2428.5486624426767,0,NOOP,False,,
181196,double_dqn,dueling,645,,,15.0,12.0,0.05,0.0015157577581703663,1.9374748468399048,2.9355902671813965,0.5763379335403442,1.9778807163238525,2.944253444671631,0.04061859846115112,0.1872549057006836,0.19711172580718994,10000,10000,1.0,307.35383237295906,307.35383237295906,44800,True,363,181000,0.0,0.0,2,RIGHT,greedy,27944,41778,49323,62151,13283,167913,0.0733073577783174,1,90598,2,2,307.35383237295906,153.67691618647953,2,2,153.67691618647953,307.35383237295906,153.67691618647953,307.35383237295906,75.89212504612858,2428.5480014761147,2,RIGHT,False,,
181410,double_dqn,dueling,646,17.0,655,0.0,0.0,0.05,,,,,,,,,,10000,10000,1.0,307.36568948475895,307.36568948475895,44853,False,363,181000,0.0,0.0,1,FIRE,greedy,27989,41840,49370,62211,13288,168122,0.07324844275398269,1,90705,2,2,307.36568948475895,153.68284474237947,2,2,153.68284474237947,307.36568948475895,153.68284474237947,307.36568948475895,75.89565274564087,2428.660887860508,1,FIRE,False,,
181595,double_dqn,dueling,646,,,10.0,10.0,0.05,0.001482546329498291,1.739827275276184,3.0141501426696777,0.8731966018676758,1.7681299448013306,2.9811179637908936,0.04316594451665878,0.1133996844291687,0.1965377777814865,10000,10000,1.0,307.390556730642,307.390556730642,44900,True,364,181500,0.0,0.0,3,LEFT,greedy,28027,41868,49411,62290,13293,168303,0.07320095156280976,0,90798,2,2,307.390556730642,153.695278365321,2,2,153.695278365321,307.390556730642,153.695278365321,307.390556730642,75.90583273157638,2428.986647410444,3,LEFT,False,,
181596,double_dqn,dueling,646,,,2.0,2.0,0.05,0.001482546329498291,1.739827275276184,3.0141501426696777,0.8731966018676758,1.7681299448013306,2.9811179637908936,0.04316594451665878,0.1133996844291687,0.1965377777814865,10000,10000,1.0,307.3904698798217,307.3904698798217,44900,True,364,181500,0.0,0.0,2,RIGHT,greedy,28027,41868,49411,62290,13293,168303,0.07320095156280976,1,90798,2,2,307.3904698798217,153.69523493991085,2,2,153.69523493991085,307.3904698798217,153.69523493991085,307.3904698798217,75.9058112849714,2428.985961119085,2,RIGHT,False,,
181765,double_dqn,dueling,647,11.0,503,0.0,0.0,0.05,,,,,,,,,,10000,10000,1.0,307.44268664533627,307.44268664533627,44942,False,364,181500,0.0,0.0,3,LEFT,greedy,28035,41878,49459,62394,13296,168470,0.07314899376120947,0,90883,2,2,307.44268664533627,153.72134332266813,2,2,153.72134332266813,307.44268664533627,153.72134332266813,307.44268664533627,75.91878392065142,2429.4010854608455,3,LEFT,False,,
181995,double_dqn,dueling,647,,,2.0,2.0,0.05,0.0016418328741565347,1.970918893814087,3.0124640464782715,1.3199288845062256,1.9643816947937012,2.956310749053955,0.039095934480428696,0.1477358341217041,0.314235657453537,10000,10000,1.0,307.4841026461845,307.4841026461845,45000,True,364,181500,0.0,0.0,2,RIGHT,greedy,28059,41943,49514,62480,13306,168690,0.07311149695597706,0,90998,2,2,307.4841026461845,153.74205132309226,2,2,153.74205132309226,307.4841026461845,153.74205132309226,307.4841026461845,75.9335283975144,2429.8729087204606,2,RIGHT,False,,
181996,double_dqn,dueling,647,,,6.0,6.0,0.05,0.0016418328741565347,1.970918893814087,3.0124640464782715,1.3199288845062256,1.9643816947937012,2.956310749053955,0.039095934480428696,0.1477358341217041,0.314235657453537,10000,10000,1.0,307.4840191644182,307.4840191644182,45000,True,364,181500,0.0,0.0,1,FIRE,greedy,28059,41943,49514,62480,13306,168690,0.07311149695597706,1,90998,2,2,307.4840191644182,153.7420095822091,2,2,153.7420095822091,307.4840191644182,153.7420095822091,307.4840191644182,75.93350778160281,2429.87224901129,1,FIRE,False,,
182078,double_dqn,dueling,648,6.0,334,0.0,0.0,0.05,,,,,,,,,,10000,10000,1.0,307.48555343032353,307.48555343032353,45020,False,365,182000,0.0,0.0,1,FIRE,greedy,28061,41984,49523,62510,13309,168769,0.07309504717758324,1,91039,2,2,307.48555343032353,153.74277671516177,2,2,153.74277671516177,307.48555343032353,153.74277671516177,307.48555343032353,75.93295015082273,2429.8544048263275,1,FIRE,False,,
182395,double_dqn,dueling,648,,,6.0,6.0,0.05,0.0012891509104520082,1.9429646730422974,2.918292284011841,1.2274049520492554,1.9947282075881958,2.907177448272705,0.03810295835137367,0.12665867805480957,0.30513980984687805,10000,10000,1.0,307.5376637483064,307.5376637483064,45100,True,365,182000,0.0,0.0,3,LEFT,greedy,28077,42083,49600,62636,13324,169072,0.07304984758437685,0,91198,2,2,307.5376637483064,153.7688318741532,2,2,153.7688318741532,307.5376637483064,153.7688318741532,307.5376637483064,75.95130734033553,2430.441834890737,3,LEFT,False,,
182396,double_dqn,dueling,648,,,3.0,3.0,0.05,0.0012891509104520082,1.9429646730422974,2.918292284011841,1.2274049520492554,1.9947282075881958,2.907177448272705,0.03810295835137367,0.12665867805480957,0.30513980984687805,10000,10000,1.0,307.53757926541925,307.53757926541925,45100,True,365,182000,0.0,0.0,2,RIGHT,greedy,28077,42083,49600,62636,13324,169072,0.07304984758437685,1,91198,2,2,307.53757926541925,153.76878963270963,2,2,153.76878963270963,307.53757926541925,153.76878963270963,307.53757926541925,75.95128647594564,2430.4411672302604,2,RIGHT,False,,
182587,double_dqn,dueling,649,8.0,411,0.0,0.0,0.05,,,,,,,,,,10000,10000,1.0,307.5634732127104,307.5634732127104,45148,True,366,182500,0.0,0.0,2,RIGHT,greedy,28083,42133,49668,62704,13330,169258,0.07300589304883125,0,91294,2,2,307.5634732127104,153.7817366063552,2,2,153.7817366063552,307.5634732127104,153.7817366063552,307.5634732127104,75.95985086355952,2430.7152276339048,2,RIGHT,False,,
182778,double_dqn,dueling,650,6.0,350,0.0,0.0,0.05,,,,,,,,,,10000,10000,1.0,307.60205126141483,307.60205126141483,45195,False,366,182500,0.0,0.0,3,LEFT,random,28104,42200,49712,62762,13340,169438,0.07298471369639672,1,91389,2,2,307.60205126141483,153.80102563070741,2,2,153.80102563070741,307.60205126141483,153.80102563070741,307.60205126141483,75.96965783165051,2431.0290506128163,3,LEFT,False,,
182795,double_dqn,dueling,650,,,2.0,2.0,0.05,0.0019349975045770407,1.8772571086883545,2.8272769451141357,0.9232798218727112,1.8901582956314087,2.896266460418701,0.04111763834953308,0.2573474645614624,0.17678430676460266,10000,10000,1.0,307.5877519527176,307.5877519527176,45200,True,366,182500,0.0,0.0,1,FIRE,greedy,28104,42206,49717,62769,13342,169454,0.07298846801899385,0,91398,2,2,307.5877519527176,153.7938759763588,2,2,153.7938759763588,307.5877519527176,153.7938759763588,307.5877519527176,75.96818614040681,2430.981956493018,1,FIRE,False,,
182796,double_dqn,dueling,650,,,0.0,0.0,0.05,0.0019349975045770407,1.8772571086883545,2.8272769451141357,0.9232798218727112,1.8901582956314087,2.896266460418701,0.04111763834953308,0.2573474645614624,0.17678430676460266,10000,10000,1.0,307.58765185307453,307.58765185307453,45200,True,366,182500,0.0,0.0,3,LEFT,greedy,28104,42206,49717,62769,13342,169454,0.07298846801899385,1,91398,2,2,307.58765185307453,153.79382592653727,2,2,153.79382592653727,307.58765185307453,153.79382592653727,307.58765185307453,75.96816141774387,2430.981165367804,3,LEFT,False,,
183195,double_dqn,dueling,650,,,6.0,6.0,0.05,0.010022057220339775,1.9283720254898071,2.683072328567505,1.2736294269561768,1.9606819152832031,2.666612148284912,0.06924262642860413,0.6618080139160156,0.6851445436477661,10000,10000,1.0,307.49952533384953,307.49952533384953,45300,True,367,183000,0.0,0.0,3,LEFT,greedy,28170,42346,49807,62873,13357,169839,0.07291098058909583,0,91598,2,2,307.49952533384953,153.74976266692477,2,2,153.74976266692477,307.49952533384953,153.74976266692477,307.49952533384953,75.95085997025427,2430.4275190481367,3,LEFT,False,,
183196,double_dqn,dueling,650,,,4.0,4.0,0.05,0.010022057220339775,1.9283720254898071,2.683072328567505,1.2736294269561768,1.9606819152832031,2.666612148284912,0.06924262642860413,0.6618080139160156,0.6851445436477661,10000,10000,1.0,307.49943850200526,307.49943850200526,45300,True,367,183000,0.0,0.0,2,RIGHT,greedy,28170,42346,49807,62873,13357,169839,0.07291098058909583,1,91598,2,2,307.49943850200526,153.74971925100263,2,2,153.74971925100263,307.49943850200526,153.74971925100263,307.49943850200526,75.95083852321874,2430.4268327429995,2,RIGHT,False,,
183595,double_dqn,dueling,650,,,13.0,10.0,0.05,0.0017555684316903353,2.026174783706665,2.8623974323272705,0.7084969282150269,2.0676777362823486,2.814046621322632,0.046463195234537125,0.11285090446472168,0.24956531822681427,10000,10000,1.0,307.4183448981274,307.4183448981274,45400,True,368,183500,0.0,0.0,3,LEFT,greedy,28214,42466,49906,63010,13380,170216,0.07287740473648663,0,91798,2,2,307.4183448981274,153.7091724490637,2,2,153.7091724490637,307.4183448981274,153.7091724490637,307.4183448981274,75.93522900379722,2429.927328121511,3,LEFT,False,,
183596,double_dqn,dueling,650,,,8.0,8.0,0.05,0.0017555684316903353,2.026174783706665,2.8623974323272705,0.7084969282150269,2.0676777362823486,2.814046621322632,0.046463195234537125,0.11285090446472168,0.24956531822681427,10000,10000,1.0,307.4182599969289,307.4182599969289,45400,True,368,183500,0.0,0.0,2,RIGHT,greedy,28214,42466,49906,63010,13380,170216,0.07287740473648663,1,91798,2,2,307.4182599969289,153.70912999846445,2,2,153.70912999846445,307.4182599969289,153.70912999846445,307.4182599969289,75.9352080324009,2429.9266570368286,2,RIGHT,False,,
183723,double_dqn,dueling,651,17.0,568,0.0,0.0,0.05,,,,,,,,,,10000,10000,1.0,307.4384629249167,307.4384629249167,45432,True,368,183500,0.0,0.0,3,LEFT,greedy,28216,42510,49932,63066,13384,170340,0.07284840303934162,0,91862,2,2,307.4384629249167,153.71923146245834,2,2,153.71923146245834,307.4384629249167,153.71923146245834,307.4384629249167,75.94160398153699,2430.1313274091835,3,LEFT,False,,
183730,double_dqn,dueling,652,9.0,476,0.0,0.0,0.05,,,,,,,,,,10000,10000,1.0,307.4376077130086,307.4376077130086,45433,False,368,183500,0.0,0.0,3,LEFT,greedy,28216,42512,49932,63070,13384,170346,0.07284602405704023,1,91865,2,2,307.4376077130086,153.7188038565043,2,2,153.7188038565043,307.4376077130086,153.7188038565043,307.4376077130086,75.93962262893162,2430.0679241258117,3,LEFT,False,,
183995,double_dqn,dueling,652,,,2.0,2.0,0.05,0.0019765859469771385,2.0039138793945312,2.994306802749634,1.1766998767852783,1.992457389831543,2.9323649406433105,0.04736649617552757,0.197587251663208,0.37140801548957825,10000,10000,1.0,307.47306614032783,307.47306614032783,45500,True,368,183500,0.0,0.0,3,LEFT,greedy,28237,42562,50002,63195,13396,170600,0.0728059305637079,0,91998,2,2,307.47306614032783,153.73653307016392,2,2,153.73653307016392,307.47306614032783,153.73653307016392,307.47306614032783,75.95312454576006,2430.499985464322,3,LEFT,False,,
183996,double_dqn,dueling,652,,,2.0,2.0,0.05,0.0019765859469771385,2.0039138793945312,2.994306802749634,1.1766998767852783,1.992457389831543,2.9323649406433105,0.04736649617552757,0.197587251663208,0.37140801548957825,10000,10000,1.0,307.4729797000792,307.4729797000792,45500,True,368,183500,0.0,0.0,2,RIGHT,greedy,28237,42562,50002,63195,13396,170600,0.0728059305637079,1,91998,2,2,307.4729797000792,153.7364898500396,2,2,153.7364898500396,307.4729797000792,153.7364898500396,307.4729797000792,75.95310319297279,2430.4993021751293,2,RIGHT,False,,
184395,double_dqn,dueling,652,,,6.0,6.0,0.05,0.0048871650360524654,1.829890251159668,2.850123882293701,0.41984596848487854,1.8607738018035889,2.8640341758728027,0.06666739284992218,0.29739201068878174,0.31967610120773315,10000,10000,1.0,307.5738332260867,307.5738332260867,45600,True,369,184000,0.0,0.0,0,NOOP,greedy,28272,42636,50140,63348,13411,170985,0.07272934336970434,0,92198,2,2,307.5738332260867,153.78691661304336,2,2,153.78691661304336,307.5738332260867,153.78691661304336,307.5738332260867,75.98235519373763,2431.4353661996042,0,NOOP,False,,
184396,double_dqn,dueling,652,,,6.0,6.0,0.05,0.0048871650360524654,1.829890251159668,2.850123882293701,0.41984596848487854,1.8607738018035889,2.8640341758728027,0.06666739284992218,0.29739201068878174,0.31967610120773315,10000,10000,1.0,307.57362507039795,307.57362507039795,45600,True,369,184000,0.0,0.0,2,RIGHT,greedy,28272,42636,50140,63348,13411,170985,0.07272934336970434,1,92198,2,2,307.57362507039795,153.78681253519898,2,2,153.78681253519898,307.57362507039795,153.78681253519898,307.57362507039795,75.98230377141958,2431.4337206854266,2,RIGHT,False,,
184516,double_dqn,dueling,653,7.0,393,0.0,0.0,0.05,,,,,,,,,,10000,10000,1.0,307.5850324893866,307.5850324893866,45630,True,370,184500,0.0,0.0,0,NOOP,greedy,28283,42644,50187,63402,13419,171097,0.07272540050727308,1,92258,2,2,307.5850324893866,153.7925162446933,2,2,153.7925162446933,307.5850324893866,153.7925162446933,307.5850324893866,75.98641551121567,2431.5652963589014,0,NOOP,False,,
184717,double_dqn,dueling,654,12.0,497,0.0,0.0,0.05,,,,,,,,,,10000,10000,1.0,307.61277304296004,307.61277304296004,45680,False,370,184500,0.0,0.0,1,FIRE,greedy,28307,42700,50248,63463,13432,171286,0.0727162485518466,0,92359,2,2,307.61277304296004,153.80638652148002,2,2,153.80638652148002,307.61277304296004,153.80638652148002,307.61277304296004,75.99362268958322,2431.795926066663,1,FIRE,False,,
184795,double_dqn,dueling,654,,,1.0,1.0,0.05,0.001211920753121376,2.0154366493225098,3.044268846511841,0.7523602843284607,2.0322773456573486,3.0399739742279053,0.038693077862262726,0.11472940444946289,0.10754188150167465,10000,10000,1.0,307.6226527670654,307.6226527670654,45700,True,370,184500,0.0,0.0,3,LEFT,greedy,28331,42714,50259,63492,13433,171363,0.07269096733695535,0,92398,2,2,307.6226527670654,153.8113263835327,2,2,153.8113263835327,307.6226527670654,153.8113263835327,307.6226527670654,75.99871400558108,2431.9588481785945,3,LEFT,False,,
184796,double_dqn,dueling,654,,,3.0,3.0,0.05,0.001211920753121376,2.0154366493225098,3.044268846511841,0.7523602843284607,2.0322773456573486,3.0399739742279053,0.038693077862262726,0.11472940444946289,0.10754188150167465,10000,10000,1.0,307.6225678400657,307.6225678400657,45700,True,370,184500,0.0,0.0,1,FIRE,greedy,28331,42714,50259,63492,13433,171363,0.07269096733695535,1,92398,2,2,307.6225678400657,153.81128392003285,2,2,153.81128392003285,307.6225678400657,153.81128392003285,307.6225678400657,75.99869302421737,2431.958176774956,1,FIRE,False,,
185195,double_dqn,dueling,654,,,4.0,4.0,0.05,0.002131581772118807,2.1358022689819336,2.901224136352539,1.470539927482605,2.1659059524536133,2.901426076889038,0.049018725752830505,0.17156028747558594,0.15917325019836426,10000,10000,1.0,307.3742140625481,307.3742140625481,45800,True,371,185000,0.0,0.0,2,RIGHT,greedy,28388,42796,50371,63641,13457,171739,0.07266355644830341,0,92598,2,2,307.3742140625481,153.68710703127405,2,2,153.68710703127405,307.3742140625481,153.68710703127405,307.3742140625481,75.94159152780148,2430.1309288896473,2,RIGHT,False,,
185196,double_dqn,dueling,654,,,8.0,8.0,0.05,0.002131581772118807,2.1358022689819336,2.901224136352539,1.470539927482605,2.1659059524536133,2.901426076889038,0.049018725752830505,0.17156028747558594,0.15917325019836426,10000,10000,1.0,307.37410327760125,307.37410327760125,45800,True,371,185000,0.0,0.0,3,LEFT,greedy,28388,42796,50371,63641,13457,171739,0.07266355644830341,1,92598,2,2,307.37410327760125,153.68705163880063,2,2,153.68705163880063,307.37410327760125,153.68705163880063,307.37410327760125,75.94156415665323,2430.1300530129033,3,LEFT,False,,
185235,double_dqn,dueling,655,4.0,259,0.0,0.0,0.05,,,,,,,,,,10000,10000,1.0,307.3100091020847,307.3100091020847,45810,True,371,185000,0.0,0.0,2,RIGHT,greedy,28391,42805,50383,63657,13458,171778,0.07265326394437366,0,92618,2,2,307.3100091020847,153.65500455104234,2,2,153.65500455104234,307.3100091020847,153.65500455104234,307.3100091020847,75.92615188043551,2429.6368601739364,2,RIGHT,False,,
185595,double_dqn,dueling,655,,,4.0,4.0,0.05,0.004314867313951254,1.9403668642044067,3.137988805770874,1.2072280645370483,1.9821300506591797,3.041370391845703,0.060572318732738495,0.38155508041381836,0.2669341564178467,10000,10000,1.0,307.04553274046077,307.04553274046077,45900,True,372,185500,0.0,0.0,3,LEFT,greedy,28472,42889,50446,63789,13474,172122,0.0725985473824867,0,92798,2,2,307.04553274046077,153.52276637023039,2,2,153.52276637023039,307.04553274046077,153.52276637023039,307.04553274046077,75.86459614851167,2427.6670767523733,3,LEFT,False,,
185596,double_dqn,dueling,655,,,14.0,14.0,0.05,0.004314867313951254,1.9403668642044067,3.137988805770874,1.2072280645370483,1.9821300506591797,3.041370391845703,0.060572318732738495,0.38155508041381836,0.2669341564178467,10000,10000,1.0,307.0454477108945,307.0454477108945,45900,True,372,185500,0.0,0.0,3,LEFT,greedy,28472,42889,50446,63789,13474,172122,0.0725985473824867,1,92798,2,2,307.0454477108945,153.52272385544725,2,2,153.52272385544725,307.0454477108945,153.52272385544725,307.0454477108945,75.86457513946573,2427.6664044629033,3,LEFT,False,,
185852,double_dqn,dueling,656,16.0,668,0.0,0.0,0.05,,,,,,,,,,10000,10000,1.0,307.0784678294656,307.0784678294656,45964,True,372,185500,0.0,0.0,3,LEFT,greedy,28497,42926,50492,63937,13482,172370,0.07254159223468136,1,92926,2,2,307.0784678294656,153.5392339147328,2,2,153.5392339147328,307.0784678294656,153.5392339147328,307.0784678294656,75.87540812172638,2428.013059895244,3,LEFT,False,,
185905,double_dqn,dueling,657,7.0,335,0.0,0.0,0.05,,,,,,,,,,10000,10000,1.0,307.04846529569846,307.04846529569846,45977,False,372,185500,0.0,0.0,3,LEFT,greedy,28499,42933,50508,63966,13484,172422,0.07253127924865255,0,92953,2,2,307.04846529569846,153.52423264784923,2,2,153.52423264784923,307.04846529569846,153.52423264784923,307.04846529569846,75.86676977587707,2427.7366328280664,3,LEFT,False,,
185995,double_dqn,dueling,657,,,1.0,1.0,0.05,0.008973516523838043,2.02775239944458,3.0424399375915527,0.9502773284912109,1.9825477600097656,2.9951887130737305,0.07901912182569504,0.6046271324157715,0.9445897936820984,10000,10000,1.0,306.9873798194563,306.9873798194563,46000,True,372,185500,0.0,0.0,2,RIGHT,greedy,28523,42953,50522,63998,13487,172509,0.07251231209273318,0,92998,2,2,306.9873798194563,153.49368990972815,2,2,153.49368990972815,306.9873798194563,153.49368990972815,306.9873798194563,75.85439827182226,2427.3407446983124,2,RIGHT,False,,
185996,double_dqn,dueling,657,,,1.0,1.0,0.05,0.008973516523838043,2.02775239944458,3.0424399375915527,0.9502773284912109,1.9825477600097656,2.9951887130737305,0.07901912182569504,0.6046271324157715,0.9445897936820984,10000,10000,1.0,306.9872946696342,306.9872946696342,46000,True,372,185500,0.0,0.0,0,NOOP,greedy,28523,42953,50522,63998,13487,172509,0.07251231209273318,1,92998,2,2,306.9872946696342,153.4936473348171,2,2,153.4936473348171,306.9872946696342,153.4936473348171,306.9872946696342,75.8543772319068,2427.3400714210175,0,NOOP,False,,
186395,double_dqn,dueling,657,,,5.0,5.0,0.05,0.0026148846372962,2.088545322418213,2.9648942947387695,0.6857277750968933,2.1130623817443848,2.9586331844329834,0.0481627993285656,0.2602267265319824,0.3512614965438843,10000,10000,1.0,306.99830916483626,306.99830916483626,46100,True,373,186000,0.0,0.0,3,LEFT,greedy,28602,43060,50597,64137,13504,172892,0.07244790660743793,0,93198,2,2,306.99830916483626,153.49915458241813,2,2,153.49915458241813,306.99830916483626,153.49915458241813,306.99830916483626,75.86123087133768,2427.559387882806,3,LEFT,False,,
186396,double_dqn,dueling,657,,,6.0,6.0,0.05,0.0026148846372962,2.088545322418213,2.9648942947387695,0.6857277750968933,2.1130623817443848,2.9586331844329834,0.0481627993285656,0.2602267265319824,0.3512614965438843,10000,10000,1.0,306.99823291216023,306.99823291216023,46100,True,373,186000,0.0,0.0,1,FIRE,greedy,28602,43060,50597,64137,13504,172892,0.07244790660743793,1,93198,2,2,306.99823291216023,153.49911645608012,2,2,153.49911645608012,306.99823291216023,153.49911645608012,306.99823291216023,75.8612120288174,2427.558784922157,1,FIRE,False,,
186579,double_dqn,dueling,658,6.0,337,0.0,0.0,0.05,,,,,,,,,,10000,10000,1.0,307.0299945055409,307.0299945055409,46146,True,374,186500,0.0,0.0,3,LEFT,greedy,28644,43091,50648,64197,13517,173063,0.07244613570586343,0,93290,2,2,307.0299945055409,153.51499725277046,2,2,153.51499725277046,307.0299945055409,153.51499725277046,307.0299945055409,75.87094863070048,2427.8703561824154,3,LEFT,False,,
186758,double_dqn,dueling,659,10.0,453,0.0,0.0,0.05,,,,,,,,,,10000,10000,1.0,307.0547069682584,307.0547069682584,46190,False,374,186500,0.0,0.0,0,NOOP,greedy,28682,43145,50677,64254,13525,173233,0.07241992310905021,1,93379,2,2,307.0547069682584,153.5273534841292,2,2,153.5273534841292,307.0547069682584,153.5273534841292,307.0547069682584,75.87710485133927,2428.0673552428566,0,NOOP,False,,
186795,double_dqn,dueling,659,,,2.0,2.0,0.05,0.0016461594495922327,2.060757875442505,2.9630603790283203,1.0376158952713013,2.0800740718841553,2.9501166343688965,0.044859629124403,0.15137076377868652,0.11530677229166031,10000,10000,1.0,307.0572093383587,307.0572093383587,46200,True,374,186500,0.0,0.0,1,FIRE,greedy,28682,43153,50692,64269,13528,173268,0.07242125099038524,0,93398,2,2,307.0572093383587,153.52860466917934,2,2,153.52860466917934,307.0572093383587,153.52860466917934,307.0572093383587,75.87988021450822,2428.156166864263,1,FIRE,False,,
186796,double_dqn,dueling,659,,,0.0,0.0,0.05,0.0016461594495922327,2.060757875442505,2.9630603790283203,1.0376158952713013,2.0800740718841553,2.9501166343688965,0.044859629124403,0.15137076377868652,0.11530677229166031,10000,10000,1.0,307.0571303663809,307.0571303663809,46200,True,374,186500,0.0,0.0,3,LEFT,greedy,28682,43153,50692,64269,13528,173268,0.07242125099038524,1,93398,2,2,307.0571303663809,153.52856518319044,2,2,153.52856518319044,307.0571303663809,153.52856518319044,307.0571303663809,75.8798606989781,2428.1555423672994,3,LEFT,False,,
187195,double_dqn,dueling,659,,,5.0,5.0,0.05,0.00512659689411521,1.7953965663909912,2.9294073581695557,0.14913396537303925,1.7891755104064941,2.840477228164673,0.07241740822792053,0.37930572032928467,0.30867913365364075,10000,10000,1.0,307.1549712385455,307.1549712385455,46300,True,375,187000,0.0,0.0,3,LEFT,greedy,28699,43279,50817,64401,13555,173641,0.0724107352721212,0,93598,2,2,307.1549712385455,153.57748561927275,2,2,153.57748561927275,307.1549712385455,153.57748561927275,307.1549712385455,75.90809756433111,2429.0591220585957,3,LEFT,False,,
187196,double_dqn,dueling,659,,,4.0,4.0,0.05,0.00512659689411521,1.7953965663909912,2.9294073581695557,0.14913396537303925,1.7891755104064941,2.840477228164673,0.07241740822792053,0.37930572032928467,0.30867913365364075,10000,10000,1.0,307.15488825083327,307.15488825083327,46300,True,375,187000,0.0,0.0,3,LEFT,greedy,28699,43279,50817,64401,13555,173641,0.0724107352721212,1,93598,2,2,307.15488825083327,153.57744412541663,2,2,153.57744412541663,307.15488825083327,153.57744412541663,307.15488825083327,75.90807705533746,2429.0584657707986,3,LEFT,False,,
187560,double_dqn,dueling,660,7.0,401,0.0,0.0,0.05,,,,,,,,,,10000,10000,1.0,307.01767850122064,307.01767850122064,46391,True,376,187500,0.0,0.0,2,RIGHT,random,28738,43404,50910,64508,13572,173988,0.07236084452975047,1,93780,2,2,307.01767850122064,153.50883925061032,2,2,153.50883925061032,307.01767850122064,153.50883925061032,307.01767850122064,75.87782735000474,2428.0904752001516,2,RIGHT,False,,
187575,double_dqn,dueling,661,9.0,498,0.0,0.0,0.05,,,,,,,,,,10000,10000,1.0,307.01384271763254,307.01384271763254,46395,True,376,187500,0.0,0.0,3,LEFT,greedy,28738,43406,50915,64517,13573,174003,0.07236000341195035,0,93788,2,2,307.01384271763254,153.50692135881627,2,2,153.50692135881627,307.01384271763254,153.50692135881627,307.01384271763254,75.87703950603405,2428.0652641930897,3,LEFT,False,,
187595,double_dqn,dueling,661,,,0.0,0.0,0.05,0.004384389612823725,2.030653953552246,2.9743921756744385,0.4484971761703491,2.0221872329711914,2.9523606300354004,0.06656771898269653,0.25325024127960205,0.46773818135261536,10000,10000,1.0,307.0028270098745,307.0028270098745,46400,True,376,187500,0.0,0.0,2,RIGHT,greedy,28738,43408,50924,64526,13573,174023,0.0723522889613851,0,93798,2,2,307.0028270098745,153.50141350493726,2,2,153.50141350493726,307.0028270098745,153.50141350493726,307.0028270098745,75.8745171233478,2427.9845479471296,2,RIGHT,False,,
187596,double_dqn,dueling,661,,,0.0,0.0,0.05,0.004384389612823725,2.030653953552246,2.9743921756744385,0.4484971761703491,2.0221872329711914,2.9523606300354004,0.06656771898269653,0.25325024127960205,0.46773818135261536,10000,10000,1.0,307.00274448293635,307.00274448293635,46400,True,376,187500,0.0,0.0,3,LEFT,greedy,28738,43408,50924,64526,13573,174023,0.0723522889613851,1,93798,2,2,307.00274448293635,153.50137224146818,2,2,153.50137224146818,307.00274448293635,153.50137224146818,307.00274448293635,75.8744967271461,2427.983895268675,3,LEFT,False,,
187995,double_dqn,dueling,661,,,3.0,3.0,0.05,0.0014595519751310349,1.9008322954177856,2.656859874725342,0.46902382373809814,1.9218597412109375,2.6904091835021973,0.04068251699209213,0.14722830057144165,0.3084748685359955,10000,10000,1.0,306.9727965474712,306.9727965474712,46500,True,376,187500,0.0,0.0,3,LEFT,greedy,28779,43479,51067,64671,13595,174401,0.07231536841209388,0,93998,2,2,306.9727965474712,153.4863982737356,2,2,153.4863982737356,306.9727965474712,153.4863982737356,306.9727965474712,75.8710776866102,2427.8744859715266,3,LEFT,False,,
187996,double_dqn,dueling,661,,,3.0,3.0,0.05,0.0014595519751310349,1.9008322954177856,2.656859874725342,0.46902382373809814,1.9218597412109375,2.6904091835021973,0.04068251699209213,0.14722830057144165,0.3084748685359955,10000,10000,1.0,306.97271205581234,306.97271205581234,46500,True,376,187500,0.0,0.0,0,NOOP,greedy,28779,43479,51067,64671,13595,174401,0.07231536841209388,1,93998,2,2,306.97271205581234,153.48635602790617,2,2,153.48635602790617,306.97271205581234,153.48635602790617,306.97271205581234,75.87105680373952,2427.8738177196647,0,NOOP,False,,
188235,double_dqn,dueling,662,5.0,330,0.0,0.0,0.05,,,,,,,,,,10000,10000,1.0,306.9994995546015,306.9994995546015,46560,True,377,188000,0.0,0.0,3,LEFT,greedy,28807,43506,51164,64759,13613,174623,0.07231879130453261,0,94118,2,2,306.9994995546015,153.49974977730076,2,2,153.49974977730076,306.9994995546015,153.49974977730076,306.9994995546015,75.88004993184533,2428.1615978190507,3,LEFT,False,,
188395,double_dqn,dueling,662,,,2.0,2.0,0.05,0.0054397787898778915,1.9425382614135742,3.0328259468078613,0.32070285081863403,1.9249935150146484,2.8761560916900635,0.07993718981742859,0.32070285081863403,0.5999665856361389,10000,10000,1.0,307.0264374600025,307.0264374600025,46600,True,377,188000,0.0,0.0,3,LEFT,greedy,28814,43543,51232,64807,13618,174778,0.07228391260960955,0,94198,2,2,307.0264374600025,153.51321873000126,2,2,153.51321873000126,307.0264374600025,153.51321873000126,307.0264374600025,75.88828263794284,2428.4250444141708,3,LEFT,False,,
188396,double_dqn,dueling,662,,,11.0,8.0,0.05,0.0054397787898778915,1.9425382614135742,3.0328259468078613,0.32070285081863403,1.9249935150146484,2.8761560916900635,0.07993718981742859,0.32070285081863403,0.5999665856361389,10000,10000,1.0,307.0263136515299,307.0263136515299,46600,True,377,188000,0.0,0.0,3,LEFT,greedy,28814,43543,51232,64807,13618,174778,0.07228391260960955,1,94198,2,2,307.0263136515299,153.51315682576495,2,2,153.51315682576495,307.0263136515299,153.51315682576495,307.0263136515299,75.88825203597762,2428.4240651512837,3,LEFT,False,,
188438,double_dqn,dueling,663,11.0,439,0.0,0.0,0.05,,,,,,,,,,10000,10000,1.0,307.03556957596226,307.03556957596226,46610,False,377,188000,0.0,0.0,3,LEFT,greedy,28814,43554,51240,64830,13620,174818,0.07227841518165126,1,94219,2,2,307.03556957596226,153.51778478798113,2,2,153.51778478798113,307.03556957596226,153.51778478798113,307.03556957596226,75.88921634773467,2428.4549231275096,3,LEFT,False,,
188795,double_dqn,dueling,663,,,5.0,5.0,0.05,0.002686490071937442,2.17311954498291,3.095947742462158,0.6861515641212463,2.2186827659606934,2.9881627559661865,0.05454375967383385,0.21858525276184082,0.3417463004589081,10000,10000,1.0,307.0775000965035,307.0775000965035,46700,True,378,188500,0.0,0.0,3,LEFT,greedy,28852,43661,51335,64948,13630,175166,0.07219432615097778,0,94398,2,2,307.0775000965035,153.53875004825176,2,2,153.53875004825176,307.0775000965035,153.53875004825176,307.0775000965035,75.90481609101937,2428.95411491262,3,LEFT,False,,
188796,double_dqn,dueling,663,,,4.0,4.0,0.05,0.002686490071937442,2.17311954498291,3.095947742462158,0.6861515641212463,2.2186827659606934,2.9881627559661865,0.05454375967383385,0.21858525276184082,0.3417463004589081,10000,10000,1.0,307.07742384868607,307.07742384868607,46700,True,378,188500,0.0,0.0,1,FIRE,greedy,28852,43661,51335,64948,13630,175166,0.07219432615097778,1,94398,2,2,307.07742384868607,153.53871192434303,2,2,153.53871192434303,307.07742384868607,153.53871192434303,307.07742384868607,75.90479724373631,2428.953511799562,1,FIRE,False,,
189195,double_dqn,dueling,663,,,9.0,9.0,0.05,0.005633406341075897,2.0970852375030518,2.735537528991699,1.371565580368042,2.1270077228546143,2.8291919231414795,0.06808331608772278,0.4195384979248047,0.32395729422569275,10000,10000,1.0,307.1418113529918,307.1418113529918,46800,True,379,189000,0.0,0.0,2,RIGHT,greedy,28933,43780,51419,65064,13643,175553,0.07211040402545509,0,94598,2,2,307.1418113529918,153.5709056764959,2,2,153.5709056764959,307.1418113529918,153.5709056764959,307.1418113529918,75.92459077225567,2429.5869047121814,2,RIGHT,False,,
189196,double_dqn,dueling,663,,,10.0,10.0,0.05,0.005633406341075897,2.0970852375030518,2.735537528991699,1.371565580368042,2.1270077228546143,2.8291919231414795,0.06808331608772278,0.4195384979248047,0.32395729422569275,10000,10000,1.0,307.1417177529393,307.1417177529393,46800,True,379,189000,0.0,0.0,1,FIRE,greedy,28933,43780,51419,65064,13643,175553,0.07211040402545509,1,94598,2,2,307.1417177529393,153.57085887646966,2,2,153.57085887646966,307.1417177529393,153.57085887646966,307.1417177529393,75.92456763458628,2429.586164306761,1,FIRE,False,,
189446,double_dqn,dueling,664,12.0,504,0.0,0.0,0.05,,,,,,,,,,10000,10000,1.0,307.1786406149388,307.1786406149388,46862,False,379,189000,0.0,0.0,0,NOOP,greedy,29007,43850,51452,65137,13656,175790,0.07208386558702744,1,94723,2,2,307.1786406149388,153.5893203074694,2,2,153.5893203074694,307.1786406149388,153.5893203074694,307.1786406149388,75.93438412714835,2429.900292068747,0,NOOP,False,,
189495,double_dqn,dueling,665,12.0,630,0.0,0.0,0.05,,,,,,,,,,10000,10000,1.0,307.1709119409566,307.1709119409566,46875,True,379,189000,0.0,0.0,0,NOOP,greedy,29014,43852,51457,65173,13658,175838,0.07207540000844345,0,94748,2,2,307.1709119409566,153.5854559704783,2,2,153.5854559704783,307.1709119409566,153.5854559704783,307.1709119409566,75.934670329196,2429.909450534272,0,NOOP,False,,
189595,double_dqn,dueling,665,,,1.0,1.0,0.05,0.0014803330413997173,2.201134204864502,3.0223569869995117,1.3444440364837646,2.2288804054260254,3.024508237838745,0.040409039705991745,0.13861048221588135,0.1832997351884842,10000,10000,1.0,307.13599459971675,307.13599459971675,46900,True,380,189500,0.0,0.0,2,RIGHT,greedy,29034,43858,51489,65215,13660,175936,0.07204793350070676,0,94798,2,2,307.13599459971675,153.56799729985838,2,2,153.56799729985838,307.13599459971675,153.56799729985838,307.13599459971675,75.92699612024116,2429.663875847717,2,RIGHT,False,,
189596,double_dqn,dueling,665,,,2.0,2.0,0.05,0.0014803330413997173,2.201134204864502,3.0223569869995117,1.3444440364837646,2.2288804054260254,3.024508237838745,0.040409039705991745,0.13861048221588135,0.1832997351884842,10000,10000,1.0,307.13588204845865,307.13588204845865,46900,True,380,189500,0.0,0.0,2,RIGHT,greedy,29034,43858,51489,65215,13660,175936,0.07204793350070676,1,94798,2,2,307.13588204845865,153.56794102422933,2,2,153.56794102422933,307.13588204845865,153.56794102422933,307.13588204845865,75.92696829647876,2429.6629854873204,2,RIGHT,False,,
189995,double_dqn,dueling,665,,,5.0,5.0,0.05,0.0016236507799476385,2.1931262016296387,3.006920337677002,1.3504732847213745,2.204535484313965,2.927145481109619,0.04131760820746422,0.19902253150939941,0.12458790093660355,10000,10000,1.0,307.05937088605,307.05937088605,47000,True,380,189500,0.0,0.0,3,LEFT,greedy,29086,43971,51581,65358,13683,176313,0.0720173056274869,0,94998,2,2,307.05937088605,153.529685443025,2,2,153.529685443025,307.05937088605,153.529685443025,307.05937088605,75.91186211435759,2429.179587659443,3,LEFT,False,,
189996,double_dqn,dueling,665,,,6.0,6.0,0.05,0.0016236507799476385,2.1931262016296387,3.006920337677002,1.3504732847213745,2.204535484313965,2.927145481109619,0.04131760820746422,0.19902253150939941,0.12458790093660355,10000,10000,1.0,307.0592912638268,307.0592912638268,47000,True,380,189500,1.0,1.0,3,LEFT,greedy,29086,43971,51581,65358,13683,176313,0.0720173056274869,1,94998,2,2,307.0592912638268,153.5296456319134,2,2,153.5296456319134,307.0592912638268,153.5296456319134,307.0592912638268,75.91184242998447,2429.178957759503,3,LEFT,False,,
190288,double_dqn,dueling,666,8.0,421,0.0,0.0,0.05,,,,,,,,,,10000,10000,1.0,307.06242830102497,307.06242830102497,47073,True,381,190000,0.0,0.0,0,NOOP,greedy,29126,44084,51645,65433,13699,176589,0.07199087698646263,1,95144,2,2,307.06242830102497,153.53121415051248,2,2,153.53121415051248,307.06242830102497,153.53121415051248,307.06242830102497,75.91537662297847,2429.292051935311,0,NOOP,False,,
190395,double_dqn,dueling,666,,,11.0,11.0,0.05,0.0026946067810058594,2.154611825942993,3.0597102642059326,1.0403045415878296,2.1261825561523438,2.9542813301086426,0.05648420751094818,0.15054166316986084,0.6367042660713196,10000,10000,1.0,307.0765718532618,307.0765718532618,47100,True,381,190000,0.0,0.0,3,LEFT,random,29134,44106,51665,65491,13705,176691,0.07198155423433265,0,95198,2,2,307.0765718532618,153.5382859266309,2,2,153.5382859266309,307.0765718532618,153.5382859266309,307.0765718532618,75.91988920249288,2429.4364544797722,3,LEFT,False,,
190396,double_dqn,dueling,666,,,1.0,1.0,0.05,0.0026946067810058594,2.154611825942993,3.0597102642059326,1.0403045415878296,2.1261825561523438,2.9542813301086426,0.05648420751094818,0.15054166316986084,0.6367042660713196,10000,10000,1.0,307.07649507780326,307.07649507780326,47100,True,381,190000,0.0,0.0,1,FIRE,greedy,29134,44106,51665,65491,13705,176691,0.07198155423433265,1,95198,2,2,307.07649507780326,153.53824753890163,2,2,153.53824753890163,307.07649507780326,153.53824753890163,307.07649507780326,75.91987022095917,2429.4358470706934,1,FIRE,False,,
190795,double_dqn,dueling,666,,,15.0,15.0,0.05,0.0036315573379397392,2.182939052581787,3.2533602714538574,1.4979883432388306,2.1907591819763184,3.208110809326172,0.0585988387465477,0.3115863800048828,0.21639318764209747,10000,10000,1.0,307.13554342617385,307.13554342617385,47200,True,382,190500,0.0,0.0,1,FIRE,greedy,29187,44228,51753,65628,13722,177074,0.07191974674521479,0,95398,2,2,307.13554342617385,153.56777171308693,2,2,153.56777171308693,307.13554342617385,153.56777171308693,307.13554342617385,75.93821109271528,2430.022754966889,1,FIRE,False,,
190796,double_dqn,dueling,666,,,6.0,6.0,0.05,0.0036315573379397392,2.182939052581787,3.2533602714538574,1.4979883432388306,2.1907591819763184,3.208110809326172,0.0585988387465477,0.3115863800048828,0.21639318764209747,10000,10000,1.0,307.13546602464885,307.13546602464885,47200,True,382,190500,0.0,0.0,1,FIRE,greedy,29187,44228,51753,65628,13722,177074,0.07191974674521479,1,95398,2,2,307.13546602464885,153.56773301232442,2,2,153.56773301232442,307.13546602464885,153.56773301232442,307.13546602464885,75.93819195545335,2430.022142574507,1,FIRE,False,,
190933,double_dqn,dueling,667,19.0,719,0.0,0.0,0.05,,,,,,,,,,10000,10000,1.0,307.16080705565736,307.16080705565736,47234,False,382,190500,0.0,0.0,1,FIRE,greedy,29188,44257,51787,65702,13725,177209,0.07188347806048163,0,95467,2,2,307.16080705565736,153.58040352782868,2,2,153.58040352782868,307.16080705565736,153.58040352782868,307.16080705565736,75.94405200510639,2430.2096641634043,1,FIRE,False,,
191195,double_dqn,dueling,667,,,3.0,3.0,0.05,0.004224104806780815,1.9099171161651611,2.9090092182159424,0.11792750656604767,1.9716264009475708,2.98770809173584,0.06532303988933563,0.3299497961997986,0.6217471957206726,10000,10000,1.0,307.19861599769894,307.19861599769894,47300,True,383,191000,0.0,0.0,2,RIGHT,greedy,29202,44352,51834,65808,13736,177460,0.07184250716542187,0,95598,2,2,307.19861599769894,153.59930799884947,2,2,153.59930799884947,307.19861599769894,153.59930799884947,307.19861599769894,75.95751559423783,2430.6404990156107,2,RIGHT,False,,
191196,double_dqn,dueling,667,,,9.0,9.0,0.05,0.004224104806780815,1.9099171161651611,2.9090092182159424,0.11792750656604767,1.9716264009475708,2.98770809173584,0.06532303988933563,0.3299497961997986,0.6217471957206726,10000,10000,1.0,307.1985334195773,307.1985334195773,47300,True,383,191000,0.0,0.0,1,FIRE,greedy,29202,44352,51834,65808,13736,177460,0.07184250716542187,1,95598,2,2,307.1985334195773,153.59926670978865,2,2,153.59926670978865,307.1985334195773,153.59926670978865,307.1985334195773,75.95749517608282,2430.63984563465,1,FIRE,False,,
191348,double_dqn,dueling,668,11.0,530,0.0,0.0,0.05,,,,,,,,,,10000,10000,1.0,307.17873984482384,307.17873984482384,47338,True,383,191000,0.0,0.0,3,LEFT,greedy,29211,44392,51852,65893,13748,177600,0.07184815101281435,1,95674,2,2,307.17873984482384,153.58936992241192,2,2,153.58936992241192,307.17873984482384,153.58936992241192,307.17873984482384,75.95400224279717,2430.5280717695096,3,LEFT,False,,
191595,double_dqn,dueling,668,,,7.0,7.0,0.05,0.0008063288987614214,2.038490056991577,3.0412585735321045,1.1136386394500732,2.0816543102264404,2.9942283630371094,0.03440658375620842,0.08088898658752441,0.21296611428260803,10000,10000,1.0,307.0009870770427,307.0009870770427,47400,True,384,191500,0.0,0.0,2,RIGHT,greedy,29229,44463,51906,65998,13754,177842,0.07178646735839997,0,95798,2,2,307.0009870770427,153.50049353852134,2,2,153.50049353852134,307.0009870770427,153.50049353852134,307.0009870770427,75.91232538874993,2429.194412439998,2,RIGHT,False,,
191596,double_dqn,dueling,668,,,2.0,2.0,0.05,0.0008063288987614214,2.038490056991577,3.0412585735321045,1.1136386394500732,2.0816543102264404,2.9942283630371094,0.03440658375620842,0.08088898658752441,0.21296611428260803,10000,10000,1.0,307.000896733467,307.000896733467,47400,True,384,191500,0.0,0.0,2,RIGHT,greedy,29229,44463,51906,65998,13754,177842,0.07178646735839997,1,95798,2,2,307.000896733467,153.5004483667335,2,2,153.5004483667335,307.000896733467,153.5004483667335,307.000896733467,75.91230304943768,2429.193697582006,2,RIGHT,False,,
191995,double_dqn,dueling,668,,,11.0,11.0,0.05,0.0021281633526086807,1.811570644378662,2.8623147010803223,0.4981366991996765,1.8721048831939697,2.8958659172058105,0.05247695744037628,0.13945448398590088,0.39421969652175903,10000,10000,1.0,306.7417942926338,306.7417942926338,47500,True,384,191500,0.0,0.0,3,LEFT,greedy,29277,44530,52035,66154,13774,178222,0.07174107793912374,0,95998,2,2,306.7417942926338,153.3708971463169,2,2,153.3708971463169,306.7417942926338,153.3708971463169,306.7417942926338,75.85187484633165,2427.259995082613,3,LEFT,False,,
191996,double_dqn,dueling,668,,,7.0,7.0,0.05,0.0021281633526086807,1.811570644378662,2.8623147010803223,0.4981366991996765,1.8721048831939697,2.8958659172058105,0.05247695744037628,0.13945448398590088,0.39421969652175903,10000,10000,1.0,306.7417098121242,306.7417098121242,47500,True,384,191500,0.0,0.0,3,LEFT,greedy,29277,44530,52035,66154,13774,178222,0.07174107793912374,1,95998,2,2,306.7417098121242,153.3708549060621,2,2,153.3708549060621,306.7417098121242,153.3708549060621,306.7417098121242,75.85185395578084,2427.259326584987,3,LEFT,False,,
192065,double_dqn,dueling,669,12.0,566,0.0,0.0,0.05,,,,,,,,,,10000,10000,1.0,306.69648305309994,306.69648305309994,47517,False,385,192000,0.0,0.0,3,LEFT,greedy,29280,44541,52058,66187,13784,178282,0.0717669967615299,0,96033,2,2,306.69648305309994,153.34824152654997,2,2,153.34824152654997,306.69648305309994,153.34824152654997,306.69648305309994,75.83963822895394,2426.868423326526,3,LEFT,False,,
192268,double_dqn,dueling,670,10.0,460,0.0,0.0,0.05,,,,,,,,,,10000,10000,1.0,306.7220561996739,306.7220561996739,47568,True,385,192000,0.0,0.0,3,LEFT,greedy,29315,44562,52109,66282,13795,178473,0.07174880895416814,1,96134,2,2,306.7220561996739,153.36102809983694,2,2,153.36102809983694,306.7220561996739,153.36102809983694,306.7220561996739,75.84945112398621,2427.182435967559,3,LEFT,False,,
192395,double_dqn,dueling,670,,,5.0,5.0,0.05,0.001987271010875702,1.9172863960266113,2.9589428901672363,0.8948846459388733,1.924863338470459,2.9732046127319336,0.05057349056005478,0.19144535064697266,0.29422274231910706,10000,10000,1.0,306.63373026946675,306.63373026946675,47600,True,385,192000,1.0,1.0,1,FIRE,random,29328,44580,52152,66336,13800,178596,0.0717270629327013,0,96198,2,2,306.63373026946675,153.31686513473338,2,2,153.31686513473338,306.63373026946675,153.31686513473338,306.63373026946675,75.82875993470547,2426.520317910575,1,FIRE,False,,
192396,double_dqn,dueling,670,,,1.0,1.0,0.05,0.001987271010875702,1.9172863960266113,2.9589428901672363,0.8948846459388733,1.924863338470459,2.9732046127319336,0.05057349056005478,0.19144535064697266,0.29422274231910706,10000,10000,1.0,306.6336469261679,306.6336469261679,47600,True,385,192000,0.0,0.0,1,FIRE,greedy,29328,44580,52152,66336,13800,178596,0.0717270629327013,1,96198,2,2,306.6336469261679,153.31682346308395,2,2,153.31682346308395,306.6336469261679,153.31682346308395,306.6336469261679,75.82873932438645,2426.5196583803663,1,FIRE,False,,
192795,double_dqn,dueling,670,,,9.0,9.0,0.05,0.0025820606388151646,2.085928440093994,2.9297640323638916,0.9186103940010071,2.0814900398254395,2.860112428665161,0.0545528270304203,0.18102002143859863,0.3756624460220337,10000,10000,1.0,306.6549576438834,306.6549576438834,47700,True,386,192500,0.0,0.0,2,RIGHT,greedy,29372,44670,52257,66497,13824,178972,0.07170273242183448,0,96398,2,2,306.6549576438834,153.3274788219417,2,2,153.3274788219417,306.6549576438834,153.3274788219417,306.6549576438834,75.83758591932282,2426.80274941833,2,RIGHT,False,,
192796,double_dqn,dueling,670,,,6.0,6.0,0.05,0.0025820606388151646,2.085928440093994,2.9297640323638916,0.9186103940010071,2.0814900398254395,2.860112428665161,0.0545528270304203,0.18102002143859863,0.3756624460220337,10000,10000,1.0,306.6548857955665,306.6548857955665,47700,True,386,192500,0.0,0.0,1,FIRE,greedy,29372,44670,52257,66497,13824,178972,0.07170273242183448,1,96398,2,2,306.6548857955665,153.32744289778324,2,2,153.32744289778324,306.6548857955665,153.32744289778324,306.6548857955665,75.83756815080882,2426.8021808258823,1,FIRE,False,,
193113,double_dqn,dueling,671,11.0,524,0.0,0.0,0.05,,,,,,,,,,10000,10000,1.0,306.7217551861918,306.7217551861918,47779,False,387,193000,0.0,0.0,0,NOOP,greedy,29431,44741,52350,66592,13835,179279,0.07164162101142331,0,96557,2,2,306.7217551861918,153.3608775930959,2,2,153.3608775930959,306.7217551861918,153.3608775930959,306.7217551861918,75.85528039207449,2427.3689725463837,0,NOOP,False,,
193162,double_dqn,dueling,672,11.0,447,0.0,0.0,0.05,,,,,,,,,,10000,10000,1.0,306.7274738129002,306.7274738129002,47791,False,387,193000,0.0,0.0,3,LEFT,greedy,29431,44745,52368,66618,13836,179326,0.07162899535105248,1,96581,2,2,306.7274738129002,153.3637369064501,2,2,153.3637369064501,306.7274738129002,153.3637369064501,306.7274738129002,75.85711981976795,2427.4278342325742,3,LEFT,False,,
193195,double_dqn,dueling,672,,,0.0,0.0,0.05,0.0011453975457698107,1.9310119152069092,2.7177202701568604,0.014346081763505936,1.9484068155288696,2.681637763977051,0.03848596662282944,0.1050870418548584,0.11893609166145325,10000,10000,1.0,306.7254330997745,306.7254330997745,47800,True,387,193000,0.0,0.0,2,RIGHT,greedy,29431,44748,52383,66634,13838,179358,0.07162674175448767,0,96598,2,2,306.7254330997745,153.36271654988724,2,2,153.36271654988724,306.7254330997745,153.36271654988724,306.7254330997745,75.85856160690054,2427.473971420817,2,RIGHT,False,,
193196,double_dqn,dueling,672,,,0.0,0.0,0.05,0.0011453975457698107,1.9310119152069092,2.7177202701568604,0.014346081763505936,1.9484068155288696,2.681637763977051,0.03848596662282944,0.1050870418548584,0.11893609166145325,10000,10000,1.0,306.72531034576514,306.72531034576514,47800,True,387,193000,0.0,0.0,2,RIGHT,greedy,29431,44748,52383,66634,13838,179358,0.07162674175448767,1,96598,2,2,306.72531034576514,153.36265517288257,2,2,153.36265517288257,306.72531034576514,153.36265517288257,306.72531034576514,75.8585312476881,2427.4729999260194,2,RIGHT,False,,
193595,double_dqn,dueling,672,,,6.0,6.0,0.05,0.0039926194585859776,2.0535635948181152,3.034508466720581,0.02864247001707554,2.107491970062256,3.0448250770568848,0.05505220219492912,0.33931446075439453,0.4363846778869629,10000,10000,1.0,306.80591066287815,306.80591066287815,47900,True,388,193500,0.0,0.0,1,FIRE,greedy,29465,44789,52540,66802,13861,179735,0.07159755366846422,0,96798,2,2,306.80591066287815,153.40295533143907,2,2,153.40295533143907,306.80591066287815,153.40295533143907,306.80591066287815,75.88198241308353,2428.223437218673,1,FIRE,False,,
193596,double_dqn,dueling,672,,,3.0,3.0,0.05,0.0039926194585859776,2.0535635948181152,3.034508466720581,0.02864247001707554,2.107491970062256,3.0448250770568848,0.05505220219492912,0.33931446075439453,0.4363846778869629,10000,10000,1.0,306.80583483271005,306.80583483271005,47900,True,388,193500,0.0,0.0,2,RIGHT,greedy,29465,44789,52540,66802,13861,179735,0.07159755366846422,1,96798,2,2,306.80583483271005,153.40291741635502,2,2,153.40291741635502,306.80583483271005,153.40291741635502,306.80583483271005,75.88196365808801,2428.2228370588164,2,RIGHT,False,,
193995,double_dqn,dueling,672,,,10.0,10.0,0.05,0.01452217809855938,1.931778907775879,2.8362677097320557,-0.19024041295051575,1.958167314529419,2.893064022064209,0.07736631482839584,0.7423237562179565,0.5570611357688904,10000,10000,1.0,306.88457421658654,306.88457421658654,48000,True,388,193500,0.0,0.0,3,LEFT,greedy,29481,44883,52664,66968,13881,180115,0.07155302171178787,0,96998,2,2,306.88457421658654,153.44228710829327,2,2,153.44228710829327,306.88457421658654,153.44228710829327,306.88457421658654,75.90492644326802,2428.957646184577,3,LEFT,False,,
193996,double_dqn,dueling,672,,,14.0,8.0,0.05,0.01452217809855938,1.931778907775879,2.8362677097320557,-0.19024041295051575,1.958167314529419,2.893064022064209,0.07736631482839584,0.7423237562179565,0.5570611357688904,10000,10000,1.0,306.88449967233413,306.88449967233413,48000,True,388,193500,0.0,0.0,2,RIGHT,greedy,29481,44883,52664,66968,13881,180115,0.07155302171178787,1,96998,2,2,306.88449967233413,153.44224983616706,2,2,153.44224983616706,306.88449967233413,153.44224983616706,306.88449967233413,75.90490800546934,2428.957056175019,2,RIGHT,False,,
194096,double_dqn,dueling,673,15.0,467,0.0,0.0,0.05,,,,,,,,,,10000,10000,1.0,306.76641684515533,306.76641684515533,48025,True,389,194000,0.0,0.0,2,RIGHT,greedy,29488,44899,52697,67012,13886,180210,0.07154191740169813,1,97048,2,2,306.76641684515533,153.38320842257767,2,2,153.38320842257767,306.76641684515533,153.38320842257767,306.76641684515533,75.8765684583207,2428.0501906662626,2,RIGHT,False,,
194285,double_dqn,dueling,674,13.0,586,0.0,0.0,0.05,,,,,,,,,,10000,10000,1.0,306.56836020022934,306.56836020022934,48072,False,389,194000,0.0,0.0,0,NOOP,greedy,29524,44918,52762,67082,13896,180390,0.07152342423025848,0,97143,2,2,306.56836020022934,153.28418010011467,2,2,153.28418010011467,306.56836020022934,153.28418010011467,306.56836020022934,75.8275961248706,2426.483075995859,0,NOOP,False,,
194395,double_dqn,dueling,674,,,1.0,1.0,0.05,0.0027423501014709473,2.0657856464385986,3.069056749343872,0.6883461475372314,2.103574514389038,2.899071216583252,0.05879523232579231,0.17196005582809448,0.24464616179466248,10000,10000,1.0,306.56822875037903,306.56822875037903,48100,True,389,194000,0.0,0.0,2,RIGHT,greedy,29548,44937,52789,67122,13899,180497,0.07149838474042676,0,97198,2,2,306.56822875037903,153.28411437518952,2,2,153.28411437518952,306.56822875037903,153.28411437518952,306.56822875037903,75.83013658515827,2426.5643707250647,2,RIGHT,False,,
194396,double_dqn,dueling,674,,,3.0,3.0,0.05,0.0027423501014709473,2.0657856464385986,3.069056749343872,0.6883461475372314,2.103574514389038,2.899071216583252,0.05879523232579231,0.17196005582809448,0.24464616179466248,10000,10000,1.0,306.56815766189,306.56815766189,48100,True,389,194000,0.0,0.0,0,NOOP,greedy,29548,44937,52789,67122,13899,180497,0.07149838474042676,1,97198,2,2,306.56815766189,153.284078830945,2,2,153.284078830945,306.56815766189,153.284078830945,306.56815766189,75.830119001308,2426.563808041856,0,NOOP,False,,
194795,double_dqn,dueling,674,,,5.0,5.0,0.05,0.0029877102933824062,2.0623581409454346,3.0854203701019287,0.17406806349754333,2.089597463607788,3.065124988555908,0.05679742246866226,0.20639920234680176,0.24243910610675812,10000,10000,1.0,306.56101112158325,306.56101112158325,48200,True,390,194500,0.0,0.0,2,RIGHT,greedy,29591,45031,52907,67267,13909,180887,0.07140290355038091,0,97398,2,2,306.56101112158325,153.28050556079162,2,2,153.28050556079162,306.56101112158325,153.28050556079162,306.56101112158325,75.83177718247612,2426.6168698392357,2,RIGHT,False,,
194796,double_dqn,dueling,674,,,6.0,6.0,0.05,0.0029877102933824062,2.0623581409454346,3.0854203701019287,0.17406806349754333,2.089597463607788,3.065124988555908,0.05679742246866226,0.20639920234680176,0.24243910610675812,10000,10000,1.0,306.5609400390882,306.5609400390882,48200,True,390,194500,0.0,0.0,2,RIGHT,greedy,29591,45031,52907,67267,13909,180887,0.07140290355038091,1,97398,2,2,306.5609400390882,153.2804700195441,2,2,153.2804700195441,306.5609400390882,153.2804700195441,306.5609400390882,75.8317595993141,2426.616307178051,2,RIGHT,False,,
195195,double_dqn,dueling,674,,,12.0,9.0,0.05,0.0022202632389962673,2.066582202911377,2.798549175262451,1.3001176118850708,2.107919692993164,2.8283450603485107,0.05314723774790764,0.16212034225463867,0.2718799114227295,10000,10000,1.0,306.6241558002702,306.6241558002702,48300,True,391,195000,0.0,0.0,2,RIGHT,greedy,29652,45094,52989,67461,13918,181278,0.07130269062890633,0,97598,2,2,306.6241558002702,153.3120779001351,2,2,153.3120779001351,306.6241558002702,153.3120779001351,306.6241558002702,75.85079462309933,2427.2254279391786,2,RIGHT,False,,
195196,double_dqn,dueling,674,,,10.0,10.0,0.05,0.0022202632389962673,2.066582202911377,2.798549175262451,1.3001176118850708,2.107919692993164,2.8283450603485107,0.05314723774790764,0.16212034225463867,0.2718799114227295,10000,10000,1.0,306.62398671806426,306.62398671806426,48300,True,391,195000,0.0,0.0,1,FIRE,fire_reset,29652,45094,52989,67461,13918,181278,0.07130269062890633,1,97598,2,2,306.62398671806426,153.31199335903213,2,2,153.31199335903213,306.62398671806426,153.31199335903213,306.62398671806426,75.8507527965849,2427.224089490717,3,LEFT,True,after_life_loss,
195242,double_dqn,dueling,675,10.0,573,0.0,0.0,0.05,,,,,,,,,,10000,10000,1.0,306.59998391832977,306.59998391832977,48311,False,391,195000,0.0,0.0,0,NOOP,greedy,29657,45095,53007,67483,13919,181323,0.07129101320412616,1,97621,2,2,306.59998391832977,153.29999195916488,2,2,153.29999195916488,306.59998391832977,153.29999195916488,306.59998391832977,75.84359443434461,2426.9950218990275,0,NOOP,False,,
195409,double_dqn,dueling,676,14.0,562,0.0,0.0,0.05,,,,,,,,,,10000,10000,1.0,306.6074293401586,306.6074293401586,48353,False,391,195000,0.0,0.0,3,LEFT,greedy,29664,45120,53061,67565,13930,181480,0.07128601402180032,0,97705,2,2,306.6074293401586,153.3037146700793,2,2,153.3037146700793,306.6074293401586,153.3037146700793,306.6074293401586,75.84685617111857,2427.0993974757944,3,LEFT,False,,
195595,double_dqn,dueling,676,,,2.0,2.0,0.05,0.002185316290706396,2.0130889415740967,2.9841811656951904,0.16107618808746338,2.032456398010254,2.977370023727417,0.05318273603916168,0.16713881492614746,0.14634861052036285,10000,10000,1.0,306.61682642814174,306.61682642814174,48400,True,392,195500,0.0,0.0,2,RIGHT,greedy,29669,45147,53124,67656,13937,181659,0.07125401337450664,0,97798,2,2,306.61682642814174,153.30841321407087,2,2,153.30841321407087,306.61682642814174,153.30841321407087,306.61682642814174,75.8523508117403,2427.2752259756894,2,RIGHT,False,,
195596,double_dqn,dueling,676,,,4.0,4.0,0.05,0.002185316290706396,2.0130889415740967,2.9841811656951904,0.16107618808746338,2.032456398010254,2.977370023727417,0.05318273603916168,0.16713881492614746,0.14634861052036285,10000,10000,1.0,306.61675257108084,306.61675257108084,48400,True,392,195500,0.0,0.0,2,RIGHT,greedy,29669,45147,53124,67656,13937,181659,0.07125401337450664,1,97798,2,2,306.61675257108084,153.30837628554042,2,2,153.30837628554042,306.61675257108084,153.30837628554042,306.61675257108084,75.85233254062399,2427.2746412999677,2,RIGHT,False,,
195995,double_dqn,dueling,676,,,7.0,7.0,0.05,0.001107557094655931,1.935312032699585,2.7723312377929688,0.1841541826725006,1.9705919027328491,2.7412283420562744,0.03517655283212662,0.13908755779266357,0.16527791321277618,10000,10000,1.0,306.64834163739874,306.64834163739874,48500,True,392,195500,0.0,0.0,3,LEFT,greedy,29702,45205,53256,67833,13959,182037,0.07122084124165799,0,97998,2,2,306.64834163739874,153.32417081869937,2,2,153.32417081869937,306.64834163739874,153.32417081869937,306.64834163739874,75.86348874480794,2427.631639833854,3,LEFT,False,,
195996,double_dqn,dueling,676,,,7.0,7.0,0.05,0.001107557094655931,1.935312032699585,2.7723312377929688,0.1841541826725006,1.9705919027328491,2.7412283420562744,0.03517655283212662,0.13908755779266357,0.16527791321277618,10000,10000,1.0,306.6482690525286,306.6482690525286,48500,True,392,195500,0.0,0.0,1,FIRE,fire_reset,29702,45205,53256,67833,13959,182037,0.07122084124165799,1,97998,2,2,306.6482690525286,153.3241345262643,2,2,153.3241345262643,306.6482690525286,153.3241345262643,306.6482690525286,75.86347078762137,2427.6310652038837,3,LEFT,True,after_life_loss,
196354,double_dqn,dueling,677,10.0,556,0.0,0.0,0.05,,,,,,,,,,10000,10000,1.0,306.6761249742097,306.6761249742097,48589,False,393,196000,0.0,0.0,3,LEFT,greedy,29738,45318,53354,67944,13975,182379,0.07117247420475264,1,98177,2,2,306.6761249742097,153.33806248710485,2,2,153.33806248710485,306.6761249742097,153.33806248710485,306.6761249742097,75.87173824786943,2427.895623931822,3,LEFT,False,,
196395,double_dqn,dueling,677,,,14.0,11.0,0.05,0.00554540054872632,2.0096893310546875,2.9158036708831787,-0.09630425274372101,2.050520896911621,2.8946242332458496,0.0685117244720459,0.41464710235595703,0.40810954570770264,10000,10000,1.0,306.66633340877854,306.66633340877854,48600,True,393,196000,0.0,0.0,3,LEFT,greedy,29745,45332,53361,67958,13978,182418,0.07117252897207682,0,98198,2,2,306.66633340877854,153.33316670438927,2,2,153.33316670438927,306.66633340877854,153.33316670438927,306.66633340877854,75.87125384316734,2427.880122981355,3,LEFT,False,,
196396,double_dqn,dueling,677,,,0.0,0.0,0.05,0.00554540054872632,2.0096893310546875,2.9158036708831787,-0.09630425274372101,2.050520896911621,2.8946242332458496,0.0685117244720459,0.41464710235595703,0.40810954570770264,10000,10000,1.0,306.6662542873499,306.6662542873499,48600,True,393,196000,0.0,0.0,0,NOOP,greedy,29745,45332,53361,67958,13978,182418,0.07117252897207682,1,98198,2,2,306.6662542873499,153.33312714367494,2,2,153.33312714367494,306.6662542873499,153.33312714367494,306.6662542873499,75.87123426800913,2427.8794965762922,0,NOOP,False,,
196475,double_dqn,dueling,678,15.0,533,0.0,0.0,0.05,,,,,,,,,,10000,10000,1.0,306.6198789784807,306.6198789784807,48620,True,393,196000,0.0,0.0,1,FIRE,greedy,29756,45354,53379,67987,13981,182495,0.07115881837985301,0,98238,2,2,306.6198789784807,153.30993948924035,2,2,153.30993948924035,306.6198789784807,153.30993948924035,306.6198789784807,75.86042011834401,2427.5334437870083,1,FIRE,False,,
196795,double_dqn,dueling,678,,,3.0,3.0,0.05,0.0032283030450344086,2.115874767303467,2.918984889984131,0.08450353145599365,2.1089224815368652,2.913874387741089,0.05944526940584183,0.24107694625854492,0.4422904849052429,10000,10000,1.0,306.65741108894144,306.65741108894144,48700,True,394,196500,0.0,0.0,0,NOOP,greedy,29798,45394,53493,68111,14000,182796,0.07113965731010793,0,98398,2,2,306.65741108894144,153.32870554447072,2,2,153.32870554447072,306.65741108894144,153.32870554447072,306.65741108894144,75.872332928727,2427.914653719264,0,NOOP,False,,
196796,double_dqn,dueling,678,,,4.0,4.0,0.05,0.0032283030450344086,2.115874767303467,2.918984889984131,0.08450353145599365,2.1089224815368652,2.913874387741089,0.05944526940584183,0.24107694625854492,0.4422904849052429,10000,10000,1.0,306.65733958558684,306.65733958558684,48700,True,394,196500,0.0,0.0,2,RIGHT,greedy,29798,45394,53493,68111,14000,182796,0.07113965731010793,1,98398,2,2,306.65733958558684,153.32866979279342,2,2,153.32866979279342,306.65733958558684,153.32866979279342,306.65733958558684,75.87231523756374,2427.9140876020397,2,RIGHT,False,,
197195,double_dqn,dueling,678,,,7.0,7.0,0.05,0.0031205678824335337,2.0635955333709717,2.921748638153076,0.2669282853603363,2.0824625492095947,2.90513014793396,0.05881975218653679,0.21701061725616455,0.20067863166332245,10000,10000,1.0,306.6142997566415,306.6142997566415,48800,True,395,197000,0.0,0.0,2,RIGHT,greedy,29898,45447,53615,68236,14019,183177,0.07109170571411184,0,98598,2,2,306.6142997566415,153.30714987832076,2,2,153.30714987832076,306.6142997566415,153.30714987832076,306.6142997566415,75.86492545832618,2427.677614666438,2,RIGHT,False,,
197196,double_dqn,dueling,678,,,11.0,8.0,0.05,0.0031205678824335337,2.0635955333709717,2.921748638153076,0.2669282853603363,2.0824625492095947,2.90513014793396,0.05881975218653679,0.21701061725616455,0.20067863166332245,10000,10000,1.0,306.61422663284316,306.61422663284316,48800,True,395,197000,0.0,0.0,2,RIGHT,greedy,29898,45447,53615,68236,14019,183177,0.07109170571411184,1,98598,2,2,306.61422663284316,153.30711331642158,2,2,153.30711331642158,306.61422663284316,153.30711331642158,306.61422663284316,75.86490736545996,2427.6770356947186,2,RIGHT,False,,
197373,double_dqn,dueling,680,9.0,449,0.0,0.0,0.05,,,,,,,,,,10000,10000,1.0,306.64300424659706,306.64300424659706,48844,False,395,197000,0.0,0.0,3,LEFT,greedy,29914,45471,53675,68314,14033,183341,0.07109852361506581,0,98687,2,2,306.64300424659706,153.32150212329853,2,2,153.32150212329853,306.64300424659706,153.32150212329853,306.64300424659706,75.87189497518088,2427.900639205788,3,LEFT,False,,
197374,double_dqn,dueling,680,19.0,510,0.0,0.0,0.05,,,,,,,,,,10000,10000,1.0,306.6429389681175,306.6429389681175,48844,False,395,197000,0.0,0.0,1,FIRE,random,29914,45471,53675,68314,14033,183341,0.07109852361506581,1,98687,2,2,306.6429389681175,153.32146948405875,2,2,153.32146948405875,306.6429389681175,153.32146948405875,306.6429389681175,75.87187882349349,2427.9001223517917,1,FIRE,False,,
197595,double_dqn,dueling,680,,,1.0,1.0,0.05,0.0022616619244217873,1.9252145290374756,2.7992491722106934,0.3445238769054413,1.9381763935089111,2.749181032180786,0.05393455922603607,0.1882709264755249,0.2466016411781311,10000,10000,1.0,306.67614587851915,306.67614587851915,48900,True,396,197500,0.0,0.0,3,LEFT,greedy,29929,45482,53772,68413,14043,183553,0.07106925241401647,0,98798,2,2,306.67614587851915,153.33807293925958,2,2,153.33807293925958,306.67614587851915,153.33807293925958,306.67614587851915,75.88346086745726,2428.2707477586323,3,LEFT,False,,
197596,double_dqn,dueling,680,,,2.0,2.0,0.05,0.0022616619244217873,1.9252145290374756,2.7992491722106934,0.3445238769054413,1.9381763935089111,2.749181032180786,0.05393455922603607,0.1882709264755249,0.2466016411781311,10000,10000,1.0,306.6760724470583,306.6760724470583,48900,True,396,197500,0.0,0.0,1,FIRE,greedy,29929,45482,53772,68413,14043,183553,0.07106925241401647,1,98798,2,2,306.6760724470583,153.33803622352914,2,2,153.33803622352914,306.6760724470583,153.33803622352914,306.6760724470583,75.88344269769264,2428.2701663261646,1,FIRE,False,,
197995,double_dqn,dueling,680,,,5.0,5.0,0.05,0.002007194561883807,1.9779785871505737,2.8307089805603027,0.4911446273326874,2.0168557167053223,2.830665349960327,0.05175928771495819,0.15874159336090088,0.25375261902809143,10000,10000,1.0,306.7121311763671,306.7121311763671,49000,True,396,197500,0.0,0.0,2,RIGHT,greedy,29964,45526,53928,68578,14065,183931,0.07103678862199236,0,98998,2,2,306.7121311763671,153.35606558818355,2,2,153.35606558818355,306.7121311763671,153.35606558818355,306.7121311763671,75.89557195085234,2428.658302427275,2,RIGHT,False,,
197996,double_dqn,dueling,680,,,6.0,6.0,0.05,0.002007194561883807,1.9779785871505737,2.8307089805603027,0.4911446273326874,2.0168557167053223,2.830665349960327,0.05175928771495819,0.15874159336090088,0.25375261902809143,10000,10000,1.0,306.7120616751293,306.7120616751293,49000,True,396,197500,0.0,0.0,2,RIGHT,greedy,29964,45526,53928,68578,14065,183931,0.07103678862199236,1,98998,2,2,306.7120616751293,153.35603083756465,2,2,153.35603083756465,306.7120616751293,153.35603083756465,306.7120616751293,75.8955547528492,2428.657752091174,2,RIGHT,False,,
198358,double_dqn,dueling,681,13.0,492,0.0,0.0,0.05,,,,,,,,,,10000,10000,1.0,306.75374124546533,306.75374124546533,49090,False,397,198000,0.0,0.0,1,FIRE,greedy,29989,45600,54032,68737,14078,184280,0.07097268575000756,1,99179,2,2,306.75374124546533,153.37687062273267,2,2,153.37687062273267,306.75374124546533,153.37687062273267,306.75374124546533,75.90718912720247,2429.030052070479,1,FIRE,False,,
198395,double_dqn,dueling,681,,,11.0,11.0,0.05,0.004155194852501154,2.1557841300964355,3.2483956813812256,0.5140516757965088,2.153601884841919,3.1707355976104736,0.05199337750673294,0.4272797107696533,0.3492032587528229,10000,10000,1.0,306.75272895736947,306.75272895736947,49100,True,397,198000,0.0,0.0,3,LEFT,greedy,29995,45609,54047,68745,14081,184315,0.07097421318978205,0,99198,2,2,306.75272895736947,153.37636447868474,2,2,153.37636447868474,306.75272895736947,153.37636447868474,306.75272895736947,75.90879911157963,2429.081571570548,3,LEFT,False,,
198396,double_dqn,dueling,681,,,0.0,0.0,0.05,0.004155194852501154,2.1557841300964355,3.2483956813812256,0.5140516757965088,2.153601884841919,3.1707355976104736,0.05199337750673294,0.4272797107696533,0.3492032587528229,10000,10000,1.0,306.75264853175145,306.75264853175145,49100,True,397,198000,0.0,0.0,3,LEFT,greedy,29995,45609,54047,68745,14081,184315,0.07097421318978205,1,99198,2,2,306.75264853175145,153.37632426587572,2,2,153.37632426587572,306.75264853175145,153.37632426587572,306.75264853175145,75.90877920951681,2429.080934704538,3,LEFT,False,,
198447,double_dqn,dueling,682,12.0,537,0.0,0.0,0.05,,,,,,,,,,10000,10000,1.0,306.7503633014864,306.7503633014864,49113,True,397,198000,0.0,0.0,1,FIRE,greedy,29999,45616,54059,68774,14085,184363,0.07097577199064742,0,99224,2,2,306.7503633014864,153.3751816507432,2,2,153.3751816507432,306.7503633014864,153.3751816507432,306.7503633014864,75.90862537330176,2429.0760119456563,1,FIRE,False,,
198795,double_dqn,dueling,682,,,2.0,2.0,0.05,0.0010066819377243519,2.0256712436676025,2.765211582183838,0.8311842679977417,2.059434652328491,2.7956066131591797,0.035903219133615494,0.12507665157318115,0.2141886204481125,10000,10000,1.0,306.67577483005755,306.67577483005755,49200,True,398,198500,0.0,0.0,2,RIGHT,greedy,30017,45679,54178,68922,14104,184692,0.07094710155133906,0,99398,2,2,306.67577483005755,153.33788741502877,2,2,153.33788741502877,306.67577483005755,153.33788741502877,306.67577483005755,75.89291083464995,2428.5731467087985,2,RIGHT,False,,
198796,double_dqn,dueling,682,,,3.0,3.0,0.05,0.0010066819377243519,2.0256712436676025,2.765211582183838,0.8311842679977417,2.059434652328491,2.7956066131591797,0.035903219133615494,0.12507665157318115,0.2141886204481125,10000,10000,1.0,306.675704194404,306.675704194404,49200,True,398,198500,0.0,0.0,1,FIRE,greedy,30017,45679,54178,68922,14104,184692,0.07094710155133906,1,99398,2,2,306.675704194404,153.337852097202,2,2,153.337852097202,306.675704194404,153.337852097202,306.675704194404,75.89289335447775,2428.572587343288,1,FIRE,False,,
199006,double_dqn,dueling,683,5.0,324,0.0,0.0,0.05,,,,,,,,,,10000,10000,1.0,306.7090934837394,306.7090934837394,49252,False,399,199000,0.0,0.0,1,FIRE,greedy,30041,45759,54224,68982,14116,184890,0.07093253469744631,1,99503,2,2,306.7090934837394,153.3545467418697,2,2,153.3545467418697,306.7090934837394,153.3545467418697,306.7090934837394,75.90125345378159,2428.840110521011,1,FIRE,False,,
199195,double_dqn,dueling,683,,,6.0,6.0,0.05,0.004027282353490591,2.2147059440612793,2.9808688163757324,0.3640855550765991,2.265791893005371,3.1727049350738525,0.06177529692649841,0.30346012115478516,0.5316584706306458,10000,10000,1.0,306.6783960219317,306.6783960219317,49300,True,399,199000,0.0,0.0,3,LEFT,greedy,30062,45798,54274,69062,14127,185069,0.0709200987971646,0,99598,2,2,306.6783960219317,153.33919801096584,2,2,153.33919801096584,306.6783960219317,153.33919801096584,306.6783960219317,75.89668881751685,2428.694042160539,3,LEFT,False,,
199196,double_dqn,dueling,683,,,1.0,1.0,0.05,0.004027282353490591,2.2147059440612793,2.9808688163757324,0.3640855550765991,2.265791893005371,3.1727049350738525,0.06177529692649841,0.30346012115478516,0.5316584706306458,10000,10000,1.0,306.67826783366246,306.67826783366246,49300,True,399,199000,0.0,0.0,3,LEFT,greedy,30062,45798,54274,69062,14127,185069,0.0709200987971646,1,99598,2,2,306.67826783366246,153.33913391683123,2,2,153.33913391683123,306.67826783366246,153.33913391683123,306.67826783366246,75.89665709351767,2428.6930269925656,3,LEFT,False,,
199289,double_dqn,dueling,684,7.0,421,0.0,0.0,0.05,,,,,,,,,,10000,10000,1.0,306.68110204636196,306.68110204636196,49323,False,399,199000,0.0,0.0,3,LEFT,greedy,30073,45814,54290,69113,14131,185159,0.07090671885192433,0,99645,2,2,306.68110204636196,153.34055102318098,2,2,153.34055102318098,306.68110204636196,153.34055102318098,306.68110204636196,75.8965458705127,2428.6894678564063,3,LEFT,False,,
199595,double_dqn,dueling,684,,,4.0,4.0,0.05,0.0056358277797698975,2.0017759799957275,2.7567920684814453,-0.06817765533924103,1.9998953342437744,2.717426300048828,0.057742707431316376,0.515894889831543,0.41651615500450134,10000,10000,1.0,306.7331086749641,306.7331086749641,49400,True,400,199500,1.0,1.0,3,LEFT,greedy,30119,45865,54378,69234,14150,185446,0.07089320427263071,0,99798,2,2,306.7331086749641,153.36655433748206,2,2,153.36655433748206,306.7331086749641,153.36655433748206,306.7331086749641,75.91333382594874,2429.2266824303597,3,LEFT,False,,
199596,double_dqn,dueling,684,,,5.0,5.0,0.05,0.0056358277797698975,2.0017759799957275,2.7567920684814453,-0.06817765533924103,1.9998953342437744,2.717426300048828,0.057742707431316376,0.515894889831543,0.41651615500450134,10000,10000,1.0,306.73303914729166,306.73303914729166,49400,True,400,199500,0.0,0.0,1,FIRE,random,30119,45865,54378,69234,14150,185446,0.07089320427263071,1,99798,2,2,306.73303914729166,153.36651957364583,2,2,153.36651957364583,306.73303914729166,153.36651957364583,306.73303914729166,75.91331661855489,2429.2261317937564,1,FIRE,False,,
199995,double_dqn,dueling,684,,,8.0,8.0,0.05,0.0026523168198764324,2.0063791275024414,3.026672601699829,0.3797156512737274,1.9976600408554077,2.8424627780914307,0.05599376931786537,0.19605064392089844,0.40212470293045044,10000,10000,1.0,306.80594610979284,306.80594610979284,49500,True,400,199500,0.0,0.0,3,LEFT,greedy,30200,45920,54485,69391,14174,185822,0.07087141742834857,0,99998,2,2,306.80594610979284,153.40297305489642,2,2,153.40297305489642,306.80594610979284,153.40297305489642,306.80594610979284,75.93444098035184,2429.902111371259,3,LEFT,False,,
199996,double_dqn,dueling,684,,,9.0,9.0,0.05,0.0026523168198764324,2.0063791275024414,3.026672601699829,0.3797156512737274,1.9976600408554077,2.8424627780914307,0.05599376931786537,0.19605064392089844,0.40212470293045044,10000,10000,1.0,306.80587871025574,306.80587871025574,49500,True,400,199500,0.0,0.0,3,LEFT,greedy,30200,45920,54485,69391,14174,185822,0.07087141742834857,1,99998,2,2,306.80587871025574,153.40293935512787,2,2,153.40293935512787,306.80587871025574,153.40293935512787,306.80587871025574,75.93442429897314,2429.9015775671405,3,LEFT,False,,
200184,double_dqn,dueling,685,14.0,589,0.0,0.0,0.05,,,,,,,,,,10000,10000,1.0,306.8344066149798,306.8344066149798,49547,True,401,200000,0.0,0.0,3,LEFT,greedy,30230,45930,54545,69479,14183,186001,0.0708498181672861,1,100092,2,2,306.8344066149798,153.4172033074899,2,2,153.4172033074899,306.8344066149798,153.4172033074899,306.8344066149798,75.9429244832013,2430.1735834624415,3,LEFT,False,,
200395,double_dqn,dueling,685,,,11.0,11.0,0.05,0.006217655725777149,2.18074893951416,2.8750622272491455,0.20267708599567413,2.1991894245147705,3.2747135162353516,0.05430728197097778,0.5685794353485107,0.21804288029670715,10000,10000,1.0,306.8436406650633,306.8436406650633,49600,True,401,200000,0.0,0.0,3,LEFT,greedy,30252,45972,54612,69560,14199,186197,0.07085470767879598,0,100198,2,2,306.8436406650633,153.42182033253164,2,2,153.42182033253164,306.8436406650633,153.42182033253164,306.8436406650633,75.94682683459656,2430.29845870709,3,LEFT,False,,
200396,double_dqn,dueling,685,,,1.0,1.0,0.05,0.006217655725777149,2.18074893951416,2.8750622272491455,0.20267708599567413,2.1991894245147705,3.2747135162353516,0.05430728197097778,0.5685794353485107,0.21804288029670715,10000,10000,1.0,306.84357070387637,306.84357070387637,49600,True,401,200000,0.0,0.0,1,FIRE,greedy,30252,45972,54612,69560,14199,186197,0.07085470767879598,1,100198,2,2,306.84357070387637,153.42178535193818,2,2,153.42178535193818,306.84357070387637,153.42178535193818,306.84357070387637,75.94680951851294,2430.297904592414,1,FIRE,False,,
200577,double_dqn,dueling,686,13.0,644,0.0,0.0,0.05,,,,,,,,,,10000,10000,1.0,306.86902711183313,306.86902711183313,49645,False,402,200500,0.0,0.0,3,LEFT,greedy,30266,46012,54660,69640,14207,186371,0.07083030043175223,0,100289,2,2,306.86902711183313,153.43451355591657,2,2,153.43451355591657,306.86902711183313,153.43451355591657,306.86902711183313,75.95296745731646,2430.4949586341268,3,LEFT,False,,
200742,double_dqn,dueling,687,4.0,279,0.0,0.0,0.05,,,,,,,,,,10000,10000,1.0,306.89686177894765,306.89686177894765,49686,False,402,200500,0.0,0.0,3,LEFT,greedy,30279,46037,54711,69715,14212,186530,0.07079734186169312,1,100371,2,2,306.89686177894765,153.44843088947383,2,2,153.44843088947383,306.89686177894765,153.44843088947383,306.89686177894765,75.9611011143124,2430.7552356579968,3,LEFT,False,,
200795,double_dqn,dueling,687,,,2.0,2.0,0.05,0.005405939184129238,1.9285178184509277,3.053554058074951,-0.04371253773570061,1.9854295253753662,3.086212396621704,0.07469455152750015,0.3344203233718872,0.49903830885887146,10000,10000,1.0,306.897705915017,306.897705915017,49700,True,402,200500,0.0,0.0,3,LEFT,greedy,30279,46057,54726,69734,14212,186584,0.07077830235662065,0,100398,2,2,306.897705915017,153.4488529575085,2,2,153.4488529575085,306.897705915017,153.4488529575085,306.897705915017,75.96324124840032,2430.8237199488103,3,LEFT,False,,
200796,double_dqn,dueling,687,,,0.0,0.0,0.05,0.005405939184129238,1.9285178184509277,3.053554058074951,-0.04371253773570061,1.9854295253753662,3.086212396621704,0.07469455152750015,0.3344203233718872,0.49903830885887146,10000,10000,1.0,306.8976360202379,306.8976360202379,49700,True,402,200500,0.0,0.0,1,FIRE,fire_reset,30279,46057,54726,69734,14212,186584,0.07077830235662065,1,100398,2,2,306.8976360202379,153.44881801011894,2,2,153.44881801011894,306.8976360202379,153.44881801011894,306.8976360202379,75.96322394806258,2430.8231663380025,3,LEFT,True,after_life_loss,
201195,double_dqn,dueling,687,,,7.0,7.0,0.05,0.004326928872615099,2.2319912910461426,2.908306360244751,-0.00047930143773555756,2.2204232215881348,2.9543967247009277,0.06675363332033157,0.27463579177856445,0.5683609843254089,10000,10000,1.0,306.8004211523619,306.8004211523619,49800,True,403,201000,0.0,0.0,3,LEFT,greedy,30303,46175,54845,69873,14235,186961,0.07075190361637408,0,100598,2,2,306.8004211523619,153.40021057618094,2,2,153.40021057618094,306.8004211523619,153.40021057618094,306.8004211523619,75.94216915140433,2430.1494128449385,3,LEFT,False,,
201196,double_dqn,dueling,687,,,5.0,5.0,0.05,0.004326928872615099,2.2319912910461426,2.908306360244751,-0.00047930143773555756,2.2204232215881348,2.9543967247009277,0.06675363332033157,0.27463579177856445,0.5683609843254089,10000,10000,1.0,306.80035083387014,306.80035083387014,49800,True,403,201000,0.0,0.0,2,RIGHT,greedy,30303,46175,54845,69873,14235,186961,0.07075190361637408,1,100598,2,2,306.80035083387014,153.40017541693507,2,2,153.40017541693507,306.80035083387014,153.40017541693507,306.80035083387014,75.94215174549996,2430.1488558559986,2,RIGHT,False,,
201423,double_dqn,dueling,688,8.0,423,0.0,0.0,0.05,,,,,,,,,,10000,10000,1.0,306.83414436069614,306.83414436069614,49857,True,403,201000,0.0,0.0,0,NOOP,greedy,30364,46236,54900,69924,14246,187178,0.07072642783382319,0,100712,2,2,306.83414436069614,153.41707218034807,2,2,153.41707218034807,306.83414436069614,153.41707218034807,306.83414436069614,75.95222066098395,2430.4710611514865,0,NOOP,False,,
201595,double_dqn,dueling,688,,,2.0,2.0,0.05,0.0017778940964490175,2.061002731323242,3.1062443256378174,0.2352452427148819,2.085960865020752,3.17240047454834,0.048025257885456085,0.15089201927185059,0.15052494406700134,10000,10000,1.0,306.7918677487098,306.7918677487098,49900,True,404,201500,1.0,1.0,3,LEFT,greedy,30432,46267,54921,69976,14257,187339,0.07072064921923055,0,100798,2,2,306.7918677487098,153.3959338743549,2,2,153.3959338743549,306.7918677487098,153.3959338743549,306.7918677487098,75.94303596610402,2430.1771509153286,3,LEFT,False,,
201596,double_dqn,dueling,688,,,9.0,9.0,0.05,0.0017778940964490175,2.061002731323242,3.1062443256378174,0.2352452427148819,2.085960865020752,3.17240047454834,0.048025257885456085,0.15089201927185059,0.15052494406700134,10000,10000,1.0,306.79179752547645,306.79179752547645,49900,True,404,201500,0.0,0.0,0,NOOP,greedy,30432,46267,54921,69976,14257,187339,0.07072064921923055,1,100798,2,2,306.79179752547645,153.39589876273823,2,2,153.39589876273823,306.79179752547645,153.39589876273823,306.79179752547645,75.94301858309586,2430.1765946590676,0,NOOP,False,,
201610,double_dqn,dueling,689,9.0,434,0.0,0.0,0.05,,,,,,,,,,10000,10000,1.0,306.78708528856436,306.78708528856436,49903,False,404,201500,0.0,0.0,1,FIRE,greedy,30433,46274,54926,69977,14258,187352,0.07072069837805664,1,100805,2,2,306.78708528856436,153.39354264428218,2,2,153.39354264428218,306.78708528856436,153.39354264428218,306.78708528856436,75.94044650308012,2430.094288098564,1,FIRE,False,,
201995,double_dqn,dueling,689,,,6.0,6.0,0.05,0.0020179611165076494,1.884711503982544,2.9449615478515625,0.6888303160667419,1.9227173328399658,3.178079605102539,0.04697929322719574,0.23311805725097656,0.28161633014678955,10000,10000,1.0,306.87118881457457,306.87118881457457,50000,True,404,201500,0.0,0.0,2,RIGHT,greedy,30460,46333,55080,70123,14277,187719,0.0706796174181667,0,100998,2,2,306.87118881457457,153.43559440728728,2,2,153.43559440728728,306.87118881457457,153.43559440728728,306.87118881457457,75.96563244028385,2430.9002380890834,2,RIGHT,False,,
201996,double_dqn,dueling,689,,,4.0,4.0,0.05,0.0020179611165076494,1.884711503982544,2.9449615478515625,0.6888303160667419,1.9227173328399658,3.178079605102539,0.04697929322719574,0.23311805725097656,0.28161633014678955,10000,10000,1.0,306.871122523672,306.871122523672,50000,True,404,201500,0.0,0.0,2,RIGHT,random,30460,46333,55080,70123,14277,187719,0.0706796174181667,1,100998,2,2,306.871122523672,153.435561261836,2,2,153.435561261836,306.871122523672,153.435561261836,306.871122523672,75.9656160300423,2430.8997129613535,2,RIGHT,False,,
202151,double_dqn,dueling,690,6.0,364,0.0,0.0,0.05,,,,,,,,,,10000,10000,1.0,306.8795402885707,306.8795402885707,50039,True,405,202000,0.0,0.0,3,LEFT,greedy,30470,46387,55135,70160,14284,187868,0.0706597016106692,0,101076,2,2,306.8795402885707,153.43977014428535,2,2,153.43977014428535,306.8795402885707,153.43977014428535,306.8795402885707,75.96884852785433,2431.0031528913387,3,LEFT,False,,
202395,double_dqn,dueling,690,,,3.0,3.0,0.05,0.0010489101987332106,2.122868537902832,2.929532051086426,0.8418760895729065,2.128286838531494,2.9642934799194336,0.035714372992515564,0.11642062664031982,0.14386866986751556,10000,10000,1.0,306.91146620111857,306.91146620111857,50100,True,405,202000,0.0,0.0,2,RIGHT,greedy,30494,46430,55208,70264,14296,188100,0.07063380699223305,0,101198,2,2,306.91146620111857,153.45573310055929,2,2,153.45573310055929,306.91146620111857,153.45573310055929,306.91146620111857,75.97854170799792,2431.3133346559334,2,RIGHT,False,,
202396,double_dqn,dueling,690,,,8.0,8.0,0.05,0.0010489101987332106,2.122868537902832,2.929532051086426,0.8418760895729065,2.128286838531494,2.9642934799194336,0.035714372992515564,0.11642062664031982,0.14386866986751556,10000,10000,1.0,306.91139720812134,306.91139720812134,50100,True,405,202000,0.0,0.0,3,LEFT,greedy,30494,46430,55208,70264,14296,188100,0.07063380699223305,1,101198,2,2,306.91139720812134,153.45569860406067,2,2,153.45569860406067,306.91139720812134,153.45569860406067,306.91139720812134,75.97852462819512,2431.3127881022438,3,LEFT,False,,
202795,double_dqn,dueling,690,,,7.0,7.0,0.05,0.001927562989294529,2.117368221282959,2.914513349533081,0.8792625665664673,2.1233205795288086,2.8477094173431396,0.04863404482603073,0.16425752639770508,0.21478581428527832,10000,10000,1.0,306.9830760507625,306.9830760507625,50200,True,406,202500,0.0,0.0,1,FIRE,greedy,30550,46480,55320,70446,14321,188475,0.0706177636639776,0,101398,2,2,306.9830760507625,153.49153802538126,2,2,153.49153802538126,306.9830760507625,153.49153802538126,306.9830760507625,75.99918578948456,2431.973945263506,1,FIRE,False,,
202796,double_dqn,dueling,690,,,14.0,11.0,0.05,0.001927562989294529,2.117368221282959,2.914513349533081,0.8792625665664673,2.1233205795288086,2.8477094173431396,0.04863404482603073,0.16425752639770508,0.21478581428527832,10000,10000,1.0,306.9830050023631,306.9830050023631,50200,True,406,202500,0.0,0.0,3,LEFT,greedy,30550,46480,55320,70446,14321,188475,0.0706177636639776,1,101398,2,2,306.9830050023631,153.49150250118154,2,2,153.49150250118154,306.9830050023631,153.49150250118154,306.9830050023631,75.99916820017451,2431.9733824055843,3,LEFT,False,,
202872,double_dqn,dueling,691,15.0,631,0.0,0.0,0.05,,,,,,,,,,10000,10000,1.0,306.97556692830807,306.97556692830807,50219,True,406,202500,0.0,0.0,3,LEFT,greedy,30560,46492,55346,70474,14324,188548,0.07060609645490752,1,101436,2,2,306.97556692830807,153.48778346415403,2,2,153.48778346415403,306.97556692830807,153.48778346415403,306.97556692830807,75.99787831995248,2431.9321062384793,3,LEFT,False,,
203195,double_dqn,dueling,691,,,12.0,12.0,0.05,0.0017774362349882722,1.9815678596496582,3.028855323791504,0.07665961980819702,1.998246669769287,3.162799596786499,0.04434909671545029,0.14882516860961914,0.3962061107158661,10000,10000,1.0,306.9922913637014,306.9922913637014,50300,True,407,203000,0.0,0.0,3,LEFT,greedy,30645,46552,55409,70590,14340,188856,0.07057225535935746,0,101598,2,2,306.9922913637014,153.4961456818507,2,2,153.4961456818507,306.9922913637014,153.4961456818507,306.9922913637014,76.00436113852481,2432.139556432794,3,LEFT,False,,
203196,double_dqn,dueling,691,,,3.0,3.0,0.05,0.0017774362349882722,1.9815678596496582,3.028855323791504,0.07665961980819702,1.998246669769287,3.162799596786499,0.04434909671545029,0.14882516860961914,0.3962061107158661,10000,10000,1.0,306.992220495225,306.992220495225,50300,True,407,203000,0.0,0.0,1,FIRE,greedy,30645,46552,55409,70590,14340,188856,0.07057225535935746,1,101598,2,2,306.992220495225,153.4961102476125,2,2,153.4961102476125,306.992220495225,153.4961102476125,306.992220495225,76.00434359308989,2432.1389949788763,1,FIRE,False,,
203595,double_dqn,dueling,691,,,19.0,16.0,0.05,0.0031524933874607086,1.988608717918396,2.9745779037475586,0.6387627720832825,2.011817693710327,3.047773599624634,0.04955664277076721,0.27993273735046387,0.24159573018550873,10000,10000,1.0,306.90946745217184,306.90946745217184,50400,True,408,203500,0.0,0.0,0,NOOP,greedy,30788,46616,55485,70707,14359,189237,0.07052692587280693,0,101798,2,2,306.90946745217184,153.45473372608592,2,2,153.45473372608592,306.90946745217184,153.45473372608592,306.90946745217184,75.98672661763732,2431.575251764394,0,NOOP,False,,
203596,double_dqn,dueling,691,,,7.0,7.0,0.05,0.0031524933874607086,1.988608717918396,2.9745779037475586,0.6387627720832825,2.011817693710327,3.047773599624634,0.04955664277076721,0.27993273735046387,0.24159573018550873,10000,10000,1.0,306.90940153245737,306.90940153245737,50400,True,408,203500,1.0,1.0,3,LEFT,greedy,30788,46616,55485,70707,14359,189237,0.07052692587280693,1,101798,2,2,306.90940153245737,153.45470076622868,2,2,153.45470076622868,306.90940153245737,153.45470076622868,306.90940153245737,75.9867102967875,2431.5747294972,3,LEFT,False,,
203609,double_dqn,dueling,692,19.0,729,0.0,0.0,0.05,,,,,,,,,,10000,10000,1.0,306.9077516502311,306.9077516502311,50403,False,408,203500,0.0,0.0,0,NOOP,greedy,30797,46616,55489,70708,14360,189250,0.07052698786896518,0,101805,2,2,306.9077516502311,153.45387582511555,2,2,153.45387582511555,306.9077516502311,153.45387582511555,306.9077516502311,75.98492081200393,2431.517465984126,0,NOOP,False,,
203640,double_dqn,dueling,693,7.0,384,0.0,0.0,0.05,,,,,,,,,,10000,10000,1.0,306.8913185266266,306.8913185266266,50411,True,408,203500,0.0,0.0,0,NOOP,greedy,30800,46622,55500,70718,14361,189279,0.07052150854449028,1,101820,2,2,306.8913185266266,153.4456592633133,2,2,153.4456592633133,306.8913185266266,153.4456592633133,306.8913185266266,75.982547601247,2431.441523239904,0,NOOP,False,,
203995,double_dqn,dueling,693,,,4.0,4.0,0.05,0.002315136604011059,2.0663228034973145,2.9045796394348145,0.8187013268470764,2.098167896270752,2.928391218185425,0.052612192928791046,0.16648948192596436,0.19825974106788635,10000,10000,1.0,306.72908767792467,306.72908767792467,50500,True,408,203500,0.0,0.0,2,RIGHT,greedy,30852,46732,55586,70826,14376,189620,0.0704719700386282,0,101998,2,2,306.72908767792467,153.36454383896233,2,2,153.36454383896233,306.72908767792467,153.36454383896233,306.72908767792467,75.94491402187471,2430.2372486999907,2,RIGHT,False,,
203996,double_dqn,dueling,693,,,4.0,4.0,0.05,0.002315136604011059,2.0663228034973145,2.9045796394348145,0.8187013268470764,2.098167896270752,2.928391218185425,0.052612192928791046,0.16648948192596436,0.19825974106788635,10000,10000,1.0,306.7290099661712,306.7290099661712,50500,True,408,203500,0.0,0.0,2,RIGHT,greedy,30852,46732,55586,70826,14376,189620,0.0704719700386282,1,101998,2,2,306.7290099661712,153.3645049830856,2,2,153.3645049830856,306.7290099661712,153.3645049830856,306.7290099661712,75.94489478075063,2430.23663298402,2,RIGHT,False,,
204395,double_dqn,dueling,693,,,8.0,8.0,0.05,0.0035913665778934956,2.2300124168395996,2.986173391342163,0.6074817180633545,2.218667984008789,2.777416467666626,0.06032748892903328,0.26178669929504395,0.45881888270378113,10000,10000,1.0,306.55750299135985,306.55750299135985,50600,True,409,204000,0.0,0.0,0,NOOP,greedy,30905,46834,55678,70979,14397,189999,0.07043679915458229,0,102198,2,2,306.55750299135985,153.27875149567993,2,2,153.27875149567993,306.55750299135985,153.27875149567993,306.55750299135985,75.90525398313787,2428.968127460412,0,NOOP,False,,
204396,double_dqn,dueling,693,,,8.0,8.0,0.05,0.0035913665778934956,2.2300124168395996,2.986173391342163,0.6074817180633545,2.218667984008789,2.777416467666626,0.06032748892903328,0.26178669929504395,0.45881888270378113,10000,10000,1.0,306.55743412591124,306.55743412591124,50600,True,409,204000,0.0,0.0,3,LEFT,greedy,30905,46834,55678,70979,14397,189999,0.07043679915458229,1,102198,2,2,306.55743412591124,153.27871706295562,2,2,153.27871706295562,306.55743412591124,153.27871706295562,306.55743412591124,75.90523693168971,2428.967581814071,3,LEFT,False,,
204691,double_dqn,dueling,694,14.0,541,0.0,0.0,0.05,,,,,,,,,,10000,10000,1.0,306.5724643421695,306.5724643421695,50674,True,410,204500,0.0,0.0,3,LEFT,greedy,30972,46861,55763,71096,14411,190281,0.07040333769761398,0,102346,2,2,306.5724643421695,153.28623217108475,2,2,153.28623217108475,306.5724643421695,153.28623217108475,306.5724643421695,75.91103420645379,2429.1530946065213,3,LEFT,False,,
204742,double_dqn,dueling,695,11.0,551,0.0,0.0,0.05,,,,,,,,,,10000,10000,1.0,306.5756066653275,306.5756066653275,50686,False,410,204500,0.0,0.0,3,LEFT,greedy,30989,46870,55774,71109,14412,190330,0.07039102870930244,1,102371,2,2,306.5756066653275,153.28780333266374,2,2,153.28780333266374,306.5756066653275,153.28780333266374,306.5756066653275,75.91069827638644,2429.142344844366,3,LEFT,False,,
204795,double_dqn,dueling,695,,,1.0,1.0,0.05,0.0027829150203615427,2.157597541809082,3.269462823867798,0.9094462394714355,2.1593689918518066,3.1655120849609375,0.05653242766857147,0.24293363094329834,0.2477000206708908,10000,10000,1.0,306.54969522533776,306.54969522533776,50700,True,410,204500,0.0,0.0,2,RIGHT,greedy,30991,46892,55786,71127,14412,190384,0.07037246821226976,0,102398,2,2,306.54969522533776,153.27484761266888,2,2,153.27484761266888,306.54969522533776,153.27484761266888,306.54969522533776,75.90612276615796,2428.995928517055,2,RIGHT,False,,
204796,double_dqn,dueling,695,,,0.0,0.0,0.05,0.0027829150203615427,2.157597541809082,3.269462823867798,0.9094462394714355,2.1593689918518066,3.1655120849609375,0.05653242766857147,0.24293363094329834,0.2477000206708908,10000,10000,1.0,306.54962214260445,306.54962214260445,50700,True,410,204500,0.0,0.0,1,FIRE,greedy,30991,46892,55786,71127,14412,190384,0.07037246821226976,1,102398,2,2,306.54962214260445,153.27481107130222,2,2,153.27481107130222,306.54962214260445,153.27481107130222,306.54962214260445,75.90610466981987,2428.995349434236,1,FIRE,False,,
205195,double_dqn,dueling,695,,,5.0,5.0,0.05,0.0019273466896265745,2.031690835952759,3.0551881790161133,0.5136649012565613,2.064535140991211,2.915332317352295,0.04718293994665146,0.185866117477417,0.27196604013442993,10000,10000,1.0,306.5240378543393,306.5240378543393,50800,True,411,205000,1.0,1.0,0,NOOP,greedy,31068,46996,55871,71261,14426,190770,0.07030351468839549,0,102598,2,2,306.5240378543393,153.26201892716966,2,2,153.26201892716966,306.5240378543393,153.26201892716966,306.5240378543393,75.90255011661742,2428.8816037317574,0,NOOP,False,,
205196,double_dqn,dueling,695,,,6.0,6.0,0.05,0.0019273466896265745,2.031690835952759,3.0551881790161133,0.5136649012565613,2.064535140991211,2.915332317352295,0.04718293994665146,0.185866117477417,0.27196604013442993,10000,10000,1.0,306.52393192548266,306.52393192548266,50800,True,411,205000,1.0,1.0,1,FIRE,greedy,31068,46996,55871,71261,14426,190770,0.07030351468839549,1,102598,2,2,306.52393192548266,153.26196596274133,2,2,153.26196596274133,306.52393192548266,153.26196596274133,306.52393192548266,75.90252388614489,2428.8807643566365,1,FIRE,False,,
205595,double_dqn,dueling,695,,,9.0,9.0,0.05,0.010882725939154625,2.143211603164673,2.949519395828247,0.6186376810073853,2.114433765411377,2.8895256519317627,0.08284783363342285,0.6442294120788574,0.628214418888092,10000,10000,1.0,306.5018113486851,306.5018113486851,50900,True,412,205500,0.0,0.0,1,FIRE,greedy,31113,47104,55960,71419,14445,191151,0.07025914901068114,0,102798,2,2,306.5018113486851,153.25090567434256,2,2,153.25090567434256,306.5018113486851,153.25090567434256,306.5018113486851,75.89980553199712,2428.7937770239078,1,FIRE,False,,
205596,double_dqn,dueling,695,,,10.0,10.0,0.05,0.010882725939154625,2.143211603164673,2.949519395828247,0.6186376810073853,2.114433765411377,2.8895256519317627,0.08284783363342285,0.6442294120788574,0.628214418888092,10000,10000,1.0,306.5017455145971,306.5017455145971,50900,True,412,205500,0.0,0.0,3,LEFT,greedy,31113,47104,55960,71419,14445,191151,0.07025914901068114,1,102798,2,2,306.5017455145971,153.25087275729854,2,2,153.25087275729854,306.5017455145971,153.25087275729854,306.5017455145971,75.89978922933823,2428.793255338823,3,LEFT,False,,
205783,double_dqn,dueling,696,11.0,546,0.0,0.0,0.05,,,,,,,,,,10000,10000,1.0,306.5140021713398,306.5140021713398,50947,True,412,205500,0.0,0.0,2,RIGHT,greedy,31126,47115,56041,71502,14452,191332,0.07022897795746996,0,102892,2,2,306.5140021713398,153.2570010856699,2,2,153.2570010856699,306.5140021713398,153.2570010856699,306.5140021713398,75.90411405203452,2428.9316496651045,2,RIGHT,False,,
205898,double_dqn,dueling,697,12.0,578,0.0,0.0,0.05,,,,,,,,,,10000,10000,1.0,306.50705957815694,306.50705957815694,50975,False,412,205500,0.0,0.0,0,NOOP,random,31139,47132,56072,71555,14456,191442,0.07020952121924448,1,102949,2,2,306.50705957815694,153.25352978907847,2,2,153.25352978907847,306.50705957815694,153.25352978907847,306.50705957815694,75.90172742051396,2428.855277456447,0,NOOP,False,,
205995,double_dqn,dueling,697,,,2.0,2.0,0.05,0.0027709670830518007,2.022451877593994,3.1137301921844482,0.6619777083396912,2.0207505226135254,2.772043466567993,0.05188443884253502,0.3041565418243408,0.3120359778404236,10000,10000,1.0,306.4748348163952,306.4748348163952,51000,True,412,205500,0.0,0.0,3,LEFT,greedy,31150,47156,56102,71588,14459,191537,0.07019068331423911,0,102998,2,2,306.4748348163952,153.2374174081976,2,2,153.2374174081976,306.4748348163952,153.2374174081976,306.4748348163952,75.89586342027583,2428.6676294488266,3,LEFT,False,,
205996,double_dqn,dueling,697,,,1.0,1.0,0.05,0.0027709670830518007,2.022451877593994,3.1137301921844482,0.6619777083396912,2.0207505226135254,2.772043466567993,0.05188443884253502,0.3041565418243408,0.3120359778404236,10000,10000,1.0,306.4747718122062,306.4747718122062,51000,True,412,205500,0.0,0.0,1,FIRE,greedy,31150,47156,56102,71588,14459,191537,0.07019068331423911,1,102998,2,2,306.4747718122062,153.2373859061031,2,2,153.2373859061031,306.4747718122062,153.2373859061031,306.4747718122062,75.89584781782898,2428.6671301705273,1,FIRE,False,,
206395,double_dqn,dueling,697,,,5.0,5.0,0.05,0.002517690183594823,2.1722755432128906,3.1160824298858643,0.6232517957687378,2.217158079147339,3.0551493167877197,0.04620032757520676,0.292529821395874,0.3392980098724365,10000,10000,1.0,306.526062397109,306.526062397109,51100,True,413,206000,0.0,0.0,1,FIRE,greedy,31188,47245,56221,71742,14481,191915,0.0701612434349503,0,103198,2,2,306.526062397109,153.2630311985545,2,2,153.2630311985545,306.526062397109,153.2630311985545,306.526062397109,75.91126751101005,2429.1605603523217,1,FIRE,False,,
206396,double_dqn,dueling,697,,,5.0,5.0,0.05,0.002517690183594823,2.1722755432128906,3.1160824298858643,0.6232517957687378,2.217158079147339,3.0551493167877197,0.04620032757520676,0.292529821395874,0.3392980098724365,10000,10000,1.0,306.5259996088017,306.5259996088017,51100,True,413,206000,0.0,0.0,3,LEFT,greedy,31188,47245,56221,71742,14481,191915,0.0701612434349503,1,103198,2,2,306.5259996088017,153.26299980440086,2,2,153.26299980440086,306.5259996088017,153.26299980440086,306.5259996088017,75.9112519614677,2429.1600627669663,3,LEFT,False,,
206795,double_dqn,dueling,697,,,11.0,11.0,0.05,0.002880752319470048,2.058150291442871,3.2457234859466553,0.5824950933456421,2.089411497116089,3.204904079437256,0.05163552612066269,0.288959264755249,0.3103841543197632,10000,10000,1.0,306.6150107939743,306.6150107939743,51200,True,414,206500,0.0,0.0,3,LEFT,greedy,31240,47340,56329,71887,14505,192291,0.07014158881216272,0,103398,2,2,306.6150107939743,153.30750539698715,2,2,153.30750539698715,306.6150107939743,153.30750539698715,306.6150107939743,75.93599404930734,2429.951809577835,3,LEFT,False,,
206796,double_dqn,dueling,697,,,10.0,10.0,0.05,0.002880752319470048,2.058150291442871,3.2457234859466553,0.5824950933456421,2.089411497116089,3.204904079437256,0.05163552612066269,0.288959264755249,0.3103841543197632,10000,10000,1.0,306.6149475002822,306.6149475002822,51200,True,414,206500,0.0,0.0,3,LEFT,greedy,31240,47340,56329,71887,14505,192291,0.07014158881216272,1,103398,2,2,306.6149475002822,153.3074737501411,2,2,153.3074737501411,306.6149475002822,153.3074737501411,306.6149475002822,75.93597837404924,2429.9513079695757,3,LEFT,False,,
206882,double_dqn,dueling,698,10.0,492,0.0,0.0,0.05,,,,,,,,,,10000,10000,1.0,306.6328654172199,306.6328654172199,51221,False,414,206500,0.0,0.0,2,RIGHT,greedy,31256,47361,56352,71913,14511,192371,0.07014143328080742,1,103441,2,2,306.6328654172199,153.31643270860994,2,2,153.31643270860994,306.6328654172199,153.31643270860994,306.6328654172199,75.93955902391244,2430.065888765198,2,RIGHT,False,,
207195,double_dqn,dueling,698,,,20.0,17.0,0.05,0.0038564905989915133,2.040137767791748,3.1721692085266113,0.5066510438919067,2.0745739936828613,3.3074188232421875,0.05743689835071564,0.25298023223876953,0.30390602350234985,10000,10000,1.0,306.68140212115986,306.68140212115986,51300,True,415,207000,0.0,0.0,0,NOOP,greedy,31339,47402,56427,72028,14523,192673,0.07009305198942065,0,103598,2,2,306.68140212115986,153.34070106057993,2,2,153.34070106057993,306.68140212115986,153.34070106057993,306.68140212115986,75.95511534865734,2430.563691157035,0,NOOP,False,,
207196,double_dqn,dueling,698,,,2.0,2.0,0.05,0.0038564905989915133,2.040137767791748,3.1721692085266113,0.5066510438919067,2.0745739936828613,3.3074188232421875,0.05743689835071564,0.25298023223876953,0.30390602350234985,10000,10000,1.0,306.68133649196795,306.68133649196795,51300,True,415,207000,0.0,0.0,0,NOOP,greedy,31339,47402,56427,72028,14523,192673,0.07009305198942065,1,103598,2,2,306.68133649196795,153.34066824598398,2,2,153.34066824598398,306.68133649196795,153.34066824598398,306.68133649196795,75.95509909441824,2430.563171021384,0,NOOP,False,,
207377,double_dqn,dueling,699,21.0,797,0.0,0.0,0.05,,,,,,,,,,10000,10000,1.0,306.7088340918953,306.7088340918953,51345,False,415,207000,0.0,0.0,0,NOOP,random,31411,47446,56456,72065,14532,192846,0.07007493562480109,0,103689,2,2,306.7088340918953,153.35441704594766,2,2,153.35441704594766,306.7088340918953,153.35441704594766,306.7088340918953,75.96169358564943,2430.7741947407817,0,NOOP,False,,
207595,double_dqn,dueling,699,,,2.0,2.0,0.05,0.0034133081790059805,1.9606812000274658,2.9903900623321533,0.11450563371181488,1.9847359657287598,2.875563859939575,0.055757053196430206,0.29036808013916016,0.2952106297016144,10000,10000,1.0,306.71090340800356,306.71090340800356,51400,True,416,207500,0.0,0.0,2,RIGHT,greedy,31500,47497,56483,72116,14541,193055,0.07004470221006186,0,103798,2,2,306.71090340800356,153.35545170400178,2,2,153.35545170400178,306.71090340800356,153.35545170400178,306.71090340800356,75.96508108963053,2430.882594868177,2,RIGHT,False,,
207596,double_dqn,dueling,699,,,7.0,7.0,0.05,0.0034133081790059805,1.9606812000274658,2.9903900623321533,0.11450563371181488,1.9847359657287598,2.875563859939575,0.055757053196430206,0.29036808013916016,0.2952106297016144,10000,10000,1.0,306.7108383599393,306.7108383599393,51400,True,416,207500,0.0,0.0,0,NOOP,greedy,31500,47497,56483,72116,14541,193055,0.07004470221006186,1,103798,2,2,306.7108383599393,153.35541917996966,2,2,153.35541917996966,306.7108383599393,153.35541917996966,306.7108383599393,75.96506497875407,2430.8820793201303,0,NOOP,False,,
207784,double_dqn,dueling,700,8.0,451,0.0,0.0,0.05,,,,,,,,,,10000,10000,1.0,306.66624629905266,306.66624629905266,51447,True,416,207500,0.0,0.0,0,NOOP,random,31545,47527,56535,72177,14548,193236,0.07001501559311593,1,103892,2,2,306.66624629905266,153.33312314952633,2,2,153.33312314952633,306.66624629905266,153.33312314952633,306.66624629905266,75.95526340829353,2430.568429065393,0,NOOP,False,,
207995,double_dqn,dueling,700,,,6.0,6.0,0.05,0.002177610294893384,2.17360782623291,2.9633359909057617,1.1669702529907227,2.195840358734131,2.950500011444092,0.05246954783797264,0.14950203895568848,0.19004064798355103,10000,10000,1.0,306.6204197088797,306.6204197088797,51500,True,416,207500,0.0,0.0,2,RIGHT,greedy,31561,47579,56589,72267,14557,193439,0.06998692282543895,0,103998,2,2,306.6204197088797,153.31020985443985,2,2,153.31020985443985,306.6204197088797,153.31020985443985,306.6204197088797,75.94530914842052,2430.2498927494566,2,RIGHT,False,,
207996,double_dqn,dueling,700,,,2.0,2.0,0.05,0.002177610294893384,2.17360782623291,2.9633359909057617,1.1669702529907227,2.195840358734131,2.950500011444092,0.05246954783797264,0.14950203895568848,0.19004064798355103,10000,10000,1.0,306.6203560715991,306.6203560715991,51500,True,416,207500,0.0,0.0,1,FIRE,greedy,31561,47579,56589,72267,14557,193439,0.06998692282543895,1,103998,2,2,306.6203560715991,153.31017803579954,2,2,153.31017803579954,306.6203560715991,153.31017803579954,306.6203560715991,75.94529338641435,2430.249388365259,1,FIRE,False,,
208379,double_dqn,dueling,701,11.0,501,0.0,0.0,0.05,,,,,,,,,,10000,10000,1.0,306.5986565705754,306.5986565705754,51596,True,417,208000,0.0,0.0,3,LEFT,greedy,31644,47658,56670,72408,14575,193805,0.06994433246952683,0,104190,2,2,306.5986565705754,153.2993282852877,2,2,153.2993282852877,306.5986565705754,153.2993282852877,306.5986565705754,75.94243343455523,2430.1578699057673,3,LEFT,False,,
208395,double_dqn,dueling,701,,,0.0,0.0,0.05,0.002594929188489914,2.044053077697754,2.8754093647003174,1.052066683769226,2.0365147590637207,2.7481510639190674,0.05410248041152954,0.17522144317626953,0.39348793029785156,10000,10000,1.0,306.59943731514574,306.59943731514574,51600,True,417,208000,0.0,0.0,2,RIGHT,random,31644,47663,56676,72413,14577,193819,0.06994855947331043,0,104198,2,2,306.59943731514574,153.29971865757287,2,2,153.29971865757287,306.59943731514574,153.29971865757287,306.59943731514574,75.94273121216972,2430.167398789431,2,RIGHT,False,,
208396,double_dqn,dueling,701,,,5.0,5.0,0.05,0.002594929188489914,2.044053077697754,2.8754093647003174,1.052066683769226,2.0365147590637207,2.7481510639190674,0.05410248041152954,0.17522144317626953,0.39348793029785156,10000,10000,1.0,306.59937669649986,306.59937669649986,51600,True,417,208000,0.0,0.0,2,RIGHT,greedy,31644,47663,56676,72413,14577,193819,0.06994855947331043,1,104198,2,2,306.59937669649986,153.29968834824993,2,2,153.29968834824993,306.59937669649986,153.29968834824993,306.59937669649986,75.94271619731654,2430.1669183141294,2,RIGHT,False,,
208795,double_dqn,dueling,701,,,6.0,6.0,0.05,0.0021542892791330814,1.8470561504364014,2.9707672595977783,0.07161980122327805,1.8800935745239258,3.0187954902648926,0.05136896297335625,0.17381298542022705,0.15255245566368103,10000,10000,1.0,306.5766734374741,306.5766734374741,51700,True,418,208500,0.0,0.0,3,LEFT,greedy,31695,47770,56782,72549,14596,194200,0.06990555374624034,0,104398,2,2,306.5766734374741,153.28833671873704,2,2,153.28833671873704,306.5766734374741,153.28833671873704,306.5766734374741,75.939692382684,2430.070156245888,3,LEFT,False,,
208796,double_dqn,dueling,701,,,10.0,10.0,0.05,0.0021542892791330814,1.8470561504364014,2.9707672595977783,0.07161980122327805,1.8800935745239258,3.0187954902648926,0.05136896297335625,0.17381298542022705,0.15255245566368103,10000,10000,1.0,306.5766110637749,306.5766110637749,51700,True,418,208500,0.0,0.0,3,LEFT,greedy,31695,47770,56782,72549,14596,194200,0.06990555374624034,1,104398,2,2,306.5766110637749,153.28830553188746,2,2,153.28830553188746,306.5766110637749,153.28830553188746,306.5766110637749,75.93967693258641,2430.069661842765,3,LEFT,False,,
208818,double_dqn,dueling,702,10.0,517,0.0,0.0,0.05,,,,,,,,,,10000,10000,1.0,306.5701703778229,306.5701703778229,51705,False,418,208500,0.0,0.0,0,NOOP,greedy,31698,47777,56789,72554,14598,194220,0.06990776657184726,1,104409,2,2,306.5701703778229,153.28508518891144,2,2,153.28508518891144,306.5701703778229,153.28508518891144,306.5701703778229,75.93681534639342,2429.9780910845893,0,NOOP,False,,
209195,double_dqn,dueling,702,,,9.0,9.0,0.05,0.0021315468475222588,1.9655182361602783,2.6834237575531006,0.11320082098245621,1.9790842533111572,2.7825589179992676,0.05148423835635185,0.17333698272705078,0.11351675540208817,10000,10000,1.0,306.627818909715,306.627818909715,51800,True,419,209000,0.0,0.0,1,FIRE,greedy,31745,47920,56864,72667,14618,194578,0.06987705309852961,0,104598,2,2,306.627818909715,153.3139094548575,2,2,153.3139094548575,306.627818909715,153.3139094548575,306.627818909715,75.95494224778271,2430.5581519290467,1,FIRE,False,,
209196,double_dqn,dueling,702,,,3.0,3.0,0.05,0.0021315468475222588,1.9655182361602783,2.6834237575531006,0.11320082098245621,1.9790842533111572,2.7825589179992676,0.05148423835635185,0.17333698272705078,0.11351675540208817,10000,10000,1.0,306.62771550061535,306.62771550061535,51800,True,419,209000,0.0,0.0,2,RIGHT,greedy,31745,47920,56864,72667,14618,194578,0.06987705309852961,1,104598,2,2,306.62771550061535,153.31385775030768,2,2,153.31385775030768,306.62771550061535,153.31385775030768,306.62771550061535,75.95491663225891,2430.5573322322853,2,RIGHT,False,,
209592,double_dqn,dueling,703,7.0,387,0.0,0.0,0.05,,,,,,,,,,10000,10000,1.0,306.70513950054465,306.70513950054465,51899,True,420,209500,0.0,0.0,3,LEFT,greedy,31823,47991,56954,72824,14633,194959,0.06981659605328448,1,104796,2,2,306.70513950054465,153.35256975027232,2,2,153.35256975027232,306.70513950054465,153.35256975027232,306.70513950054465,75.97663266626019,2431.252245320326,3,LEFT,False,,
209595,double_dqn,dueling,703,,,13.0,13.0,0.05,0.002639711368829012,1.9897241592407227,2.815545082092285,0.7709448933601379,1.996397852897644,2.8831677436828613,0.05692309886217117,0.208482027053833,0.23857136070728302,10000,10000,1.0,306.7029410609888,306.7029410609888,51900,True,420,209500,0.0,0.0,0,NOOP,greedy,31825,47993,56954,72824,14633,194963,0.06981526365006965,0,104798,2,2,306.7029410609888,153.3514705304944,2,2,153.3514705304944,306.7029410609888,153.3514705304944,306.7029410609888,75.97611360692713,2431.235635421668,0,NOOP,False,,
209596,double_dqn,dueling,703,,,0.0,0.0,0.05,0.002639711368829012,1.9897241592407227,2.815545082092285,0.7709448933601379,1.996397852897644,2.8831677436828613,0.05692309886217117,0.208482027053833,0.23857136070728302,10000,10000,1.0,306.7028784047263,306.7028784047263,51900,True,420,209500,0.0,0.0,1,FIRE,fire_reset,31825,47993,56954,72824,14633,194963,0.06981526365006965,1,104798,2,2,306.7028784047263,153.35143920236314,2,2,153.35143920236314,306.7028784047263,153.35143920236314,306.7028784047263,75.97609808578702,2431.2351387451845,3,LEFT,True,initial_serve,
209705,double_dqn,dueling,704,14.0,663,0.0,0.0,0.05,,,,,,,,,,10000,10000,1.0,306.72627424029196,306.72627424029196,51927,False,420,209500,0.0,0.0,0,NOOP,greedy,31872,48003,56979,72852,14640,195066,0.06981202254584991,0,104853,2,2,306.72627424029196,153.36313712014598,2,2,153.36313712014598,306.72627424029196,153.36313712014598,306.72627424029196,75.9811972795852,2431.3983129467265,0,NOOP,False,,
209995,double_dqn,dueling,704,,,3.0,3.0,0.05,0.0068402537144720554,2.058712959289551,2.957538604736328,0.5903639793395996,2.062152624130249,2.9065842628479004,0.06674863398075104,0.5282535552978516,0.5567324161529541,10000,10000,1.0,306.7373236578037,306.7373236578037,52000,True,420,209500,0.0,0.0,0,NOOP,greedy,31922,48072,57036,72966,14656,195340,0.06979180555820111,0,104998,2,2,306.7373236578037,153.36866182890185,2,2,153.36866182890185,306.7373236578037,153.36866182890185,306.7373236578037,75.98717528229656,2431.58960903349,0,NOOP,False,,
209996,double_dqn,dueling,704,,,4.0,4.0,0.05,0.0068402537144720554,2.058712959289551,2.957538604736328,0.5903639793395996,2.062152624130249,2.9065842628479004,0.06674863398075104,0.5282535552978516,0.5567324161529541,10000,10000,1.0,306.7372511218998,306.7372511218998,52000,True,420,209500,0.0,0.0,2,RIGHT,greedy,31922,48072,57036,72966,14656,195340,0.06979180555820111,1,104998,2,2,306.7372511218998,153.3686255609499,2,2,153.3686255609499,306.7372511218998,153.3686255609499,306.7372511218998,75.98715731318092,2431.5890340217893,2,RIGHT,False,,
210395,double_dqn,dueling,704,,,7.0,7.0,0.05,0.004467466380447149,1.8999662399291992,3.0919830799102783,0.26506325602531433,1.878474235534668,2.990297317504883,0.06410890817642212,0.39275288581848145,0.48703449964523315,10000,10000,1.0,306.73008218966083,306.73008218966083,52100,True,421,210000,0.0,0.0,3,LEFT,greedy,31969,48163,57149,73115,14677,195719,0.06975893077815168,0,105198,2,2,306.73008218966083,153.36504109483042,2,2,153.36504109483042,306.73008218966083,153.36504109483042,306.73008218966083,75.98790733183299,2431.6130346186555,3,LEFT,False,,
210396,double_dqn,dueling,704,,,8.0,8.0,0.05,0.004467466380447149,1.8999662399291992,3.0919830799102783,0.26506325602531433,1.878474235534668,2.990297317504883,0.06410890817642212,0.39275288581848145,0.48703449964523315,10000,10000,1.0,306.72998656898085,306.72998656898085,52100,True,421,210000,0.0,0.0,1,FIRE,greedy,31969,48163,57149,73115,14677,195719,0.06975893077815168,1,105198,2,2,306.72998656898085,153.36499328449042,2,2,153.36499328449042,306.72998656898085,153.36499328449042,306.72998656898085,75.98788364320316,2431.612276582501,1,FIRE,False,,
210578,double_dqn,dueling,705,10.0,493,0.0,0.0,0.05,,,,,,,,,,10000,10000,1.0,306.66846593933076,306.66846593933076,52145,False,422,210500,0.0,0.0,2,RIGHT,greedy,32004,48175,57203,73196,14688,195890,0.06975087615990275,1,105289,2,2,306.66846593933076,153.33423296966538,2,2,153.33423296966538,306.66846593933076,153.33423296966538,306.66846593933076,75.97239917471853,2431.116773590993,2,RIGHT,False,,
210753,double_dqn,dueling,706,11.0,524,0.0,0.0,0.05,,,,,,,,,,10000,10000,1.0,306.6692348164009,306.6692348164009,52189,False,422,210500,0.0,0.0,0,NOOP,greedy,32024,48195,57246,73289,14696,196058,0.06973058637083994,0,105377,2,2,306.6692348164009,153.33461740820044,2,2,153.33461740820044,306.6692348164009,153.33461740820044,306.6692348164009,75.97369363537577,2431.1581963320245,0,NOOP,False,,
210795,double_dqn,dueling,706,,,0.0,0.0,0.05,0.0017054197378456593,1.863234519958496,3.3147220611572266,0.10722318291664124,1.8970993757247925,3.2552359104156494,0.043022554367780685,0.16525959968566895,0.2616640627384186,10000,10000,1.0,306.6529194477886,306.6529194477886,52200,True,422,210500,0.0,0.0,0,NOOP,greedy,32031,48211,57255,73299,14700,196096,0.06973566860851249,0,105398,2,2,306.6529194477886,153.3264597238943,2,2,153.3264597238943,306.6529194477886,153.3264597238943,306.6529194477886,75.97129847577844,2431.08155122491,0,NOOP,False,,
210796,double_dqn,dueling,706,,,2.0,2.0,0.05,0.0017054197378456593,1.863234519958496,3.3147220611572266,0.10722318291664124,1.8970993757247925,3.2552359104156494,0.043022554367780685,0.16525959968566895,0.2616640627384186,10000,10000,1.0,306.6528551138886,306.6528551138886,52200,True,422,210500,0.0,0.0,2,RIGHT,greedy,32031,48211,57255,73299,14700,196096,0.06973566860851249,1,105398,2,2,306.6528551138886,153.3264275569443,2,2,153.3264275569443,306.6528551138886,153.3264275569443,306.6528551138886,75.97128253746642,2431.0810411989255,2,RIGHT,False,,
211195,double_dqn,dueling,706,,,9.0,6.0,0.05,0.0024922648444771767,1.7894351482391357,2.9805705547332764,0.7006621360778809,1.7876343727111816,2.7696967124938965,0.050660520792007446,0.21087384223937988,0.30735117197036743,10000,10000,1.0,306.72430595903313,306.72430595903313,52300,True,423,211000,0.0,0.0,2,RIGHT,greedy,32085,48343,57348,73420,14722,196474,0.06970775961665941,0,105598,2,2,306.72430595903313,153.36215297951657,2,2,153.36215297951657,306.72430595903313,153.36215297951657,306.72430595903313,75.99147365791399,2431.7271570532475,2,RIGHT,False,,
211196,double_dqn,dueling,706,,,6.0,6.0,0.05,0.0024922648444771767,1.7894351482391357,2.9805705547332764,0.7006621360778809,1.7876343727111816,2.7696967124938965,0.050660520792007446,0.21087384223937988,0.30735117197036743,10000,10000,1.0,306.7242419959253,306.7242419959253,52300,True,423,211000,0.0,0.0,1,FIRE,greedy,32085,48343,57348,73420,14722,196474,0.06970775961665941,1,105598,2,2,306.7242419959253,153.36212099796265,2,2,153.36212099796265,306.7242419959253,153.36212099796265,306.7242419959253,75.99145781094415,2431.726649950213,1,FIRE,False,,
211454,double_dqn,dueling,707,9.0,438,0.0,0.0,0.05,,,,,,,,,,10000,10000,1.0,306.7423031306166,306.7423031306166,52364,False,423,211000,0.0,0.0,3,LEFT,greedy,32124,48411,57399,73520,14739,196715,0.06970310327541687,1,105727,2,2,306.7423031306166,153.3711515653083,2,2,153.3711515653083,306.7423031306166,153.3711515653083,306.7423031306166,75.99615281951044,2431.876890224334,3,LEFT,False,,
211595,double_dqn,dueling,707,,,13.0,10.0,0.05,0.0014733464922755957,2.090880870819092,3.096785306930542,-0.013095228001475334,2.11320424079895,3.1416561603546143,0.040032774209976196,0.16284775733947754,0.19481708109378815,10000,10000,1.0,306.7480543688061,306.7480543688061,52400,True,424,211500,0.0,0.0,2,RIGHT,greedy,32132,48447,57441,73576,14748,196848,0.06969886009187319,0,105798,2,2,306.7480543688061,153.37402718440305,2,2,153.37402718440305,306.7480543688061,153.37402718440305,306.7480543688061,75.99982934193986,2431.9945389420755,2,RIGHT,False,,
211596,double_dqn,dueling,707,,,1.0,1.0,0.05,0.0014733464922755957,2.090880870819092,3.096785306930542,-0.013095228001475334,2.11320424079895,3.1416561603546143,0.040032774209976196,0.16284775733947754,0.19481708109378815,10000,10000,1.0,306.7479896132843,306.7479896132843,52400,True,424,211500,0.0,0.0,1,FIRE,greedy,32132,48447,57441,73576,14748,196848,0.06969886009187319,1,105798,2,2,306.7479896132843,153.37399480664214,2,2,153.37399480664214,306.7479896132843,153.37399480664214,306.7479896132843,75.99981329812626,2431.99402554004,1,FIRE,False,,
211995,double_dqn,dueling,707,,,18.0,15.0,0.05,0.0020197019912302494,2.026498794555664,2.8457818031311035,0.7034139037132263,2.0643599033355713,2.967474937438965,0.04733256250619888,0.17281973361968994,0.2296380251646042,10000,10000,1.0,306.77309115587343,306.77309115587343,52500,True,424,211500,0.0,0.0,1,FIRE,greedy,32211,48551,57524,73710,14767,197229,0.06965697465989924,0,105998,2,2,306.77309115587343,153.38654557793672,2,2,153.38654557793672,306.77309115587343,153.38654557793672,306.77309115587343,76.00848696814468,2432.27158298063,1,FIRE,False,,
211996,double_dqn,dueling,707,,,5.0,5.0,0.05,0.0020197019912302494,2.026498794555664,2.8457818031311035,0.7034139037132263,2.0643599033355713,2.967474937438965,0.04733256250619888,0.17281973361968994,0.2296380251646042,10000,10000,1.0,306.77303216708617,306.77303216708617,52500,True,424,211500,0.0,0.0,3,LEFT,greedy,32211,48551,57524,73710,14767,197229,0.06965697465989924,1,105998,2,2,306.77303216708617,153.38651608354309,2,2,153.38651608354309,306.77303216708617,153.38651608354309,306.77303216708617,76.00847235262397,2432.271115283967,3,LEFT,False,,
212218,double_dqn,dueling,708,7.0,382,0.0,0.0,0.05,,,,,,,,,,10000,10000,1.0,306.80181728619175,306.80181728619175,52555,False,425,212000,0.0,0.0,2,RIGHT,greedy,32286,48597,57566,73769,14777,197441,0.06963122826527439,1,106109,2,2,306.80181728619175,153.40090864309587,2,2,153.40090864309587,306.80181728619175,153.40090864309587,306.80181728619175,76.01559222072463,2432.498951063188,2,RIGHT,False,,
212259,double_dqn,dueling,709,25.0,753,0.0,0.0,0.05,,,,,,,,,,10000,10000,1.0,306.77532153393037,306.77532153393037,52566,True,425,212000,0.0,0.0,0,NOOP,greedy,32305,48601,57578,73776,14778,197482,0.06962216150004712,0,106130,2,2,306.77532153393037,153.38766076696518,2,2,153.38766076696518,306.77532153393037,153.38766076696518,306.77532153393037,76.01064999524561,2432.3407998478597,0,NOOP,False,,
212395,double_dqn,dueling,709,,,1.0,1.0,0.05,0.000930299807805568,2.022355318069458,2.7200071811676025,1.0078980922698975,2.0368924140930176,2.7547647953033447,0.03518695756793022,0.08457887172698975,0.09621093422174454,10000,10000,1.0,306.71792395945295,306.71792395945295,52600,True,425,212000,0.0,0.0,1,FIRE,greedy,32314,48638,57616,73828,14786,197610,0.06961524699146876,0,106198,2,2,306.71792395945295,153.35896197972647,2,2,153.35896197972647,306.71792395945295,153.35896197972647,306.71792395945295,75.99725492318949,2431.9121575420636,1,FIRE,False,,
212396,double_dqn,dueling,709,,,2.0,2.0,0.05,0.000930299807805568,2.022355318069458,2.7200071811676025,1.0078980922698975,2.0368924140930176,2.7547647953033447,0.03518695756793022,0.08457887172698975,0.09621093422174454,10000,10000,1.0,306.71785658063186,306.71785658063186,52600,True,425,212000,0.0,0.0,1,FIRE,random,32314,48638,57616,73828,14786,197610,0.06961524699146876,1,106198,2,2,306.71785658063186,153.35892829031593,2,2,153.35892829031593,306.71785658063186,153.35892829031593,306.71785658063186,75.99723822835347,2431.911623307311,1,FIRE,False,,
212795,double_dqn,dueling,709,,,4.0,4.0,0.05,0.004023758228868246,2.0081167221069336,2.964256525039673,0.6669861078262329,2.026475667953491,2.950200080871582,0.054952435195446014,0.40333807468414307,0.168690487742424,10000,10000,1.0,306.70164982614665,306.70164982614665,52700,True,426,212500,0.0,0.0,2,RIGHT,greedy,32354,48729,57724,73989,14800,197996,0.06955017951465253,0,106398,2,2,306.70164982614665,153.35082491307332,2,2,153.35082491307332,306.70164982614665,153.35082491307332,306.70164982614665,75.99564178686276,2431.8605371796084,2,RIGHT,False,,
212796,double_dqn,dueling,709,,,6.0,6.0,0.05,0.004023758228868246,2.0081167221069336,2.964256525039673,0.6669861078262329,2.026475667953491,2.950200080871582,0.054952435195446014,0.40333807468414307,0.168690487742424,10000,10000,1.0,306.7015804418142,306.7015804418142,52700,True,426,212500,0.0,0.0,1,FIRE,greedy,32354,48729,57724,73989,14800,197996,0.06955017951465253,1,106398,2,2,306.7015804418142,153.3507902209071,2,2,153.3507902209071,306.7015804418142,153.3507902209071,306.7015804418142,75.99562459456244,2431.859987025998,1,FIRE,False,,
213180,double_dqn,dueling,710,9.0,481,0.0,0.0,0.05,,,,,,,,,,10000,10000,1.0,306.68448246093357,306.68448246093357,52796,True,427,213000,0.0,0.0,3,LEFT,greedy,32395,48836,57828,74121,14816,198364,0.06949995309128436,1,106590,2,2,306.68448246093357,153.34224123046678,2,2,153.34224123046678,306.68448246093357,153.34224123046678,306.68448246093357,75.9936942093734,2431.798214699949,3,LEFT,False,,
213195,double_dqn,dueling,710,,,9.0,9.0,0.05,0.0011234503472223878,2.137472152709961,3.0257742404937744,0.6338554620742798,2.1560354232788086,3.030623197555542,0.03719787299633026,0.15683233737945557,0.10229980945587158,10000,10000,1.0,306.6873105478857,306.6873105478857,52800,True,427,213000,0.0,0.0,1,FIRE,fire_reset,32396,48849,57830,74121,14816,198380,0.06949473723709639,0,106598,2,2,306.6873105478857,153.34365527394286,2,2,153.34365527394286,306.6873105478857,153.34365527394286,306.6873105478857,75.99449073781447,2431.823703610063,1,FIRE,False,after_life_loss,
213196,double_dqn,dueling,710,,,0.0,0.0,0.05,0.0011234503472223878,2.137472152709961,3.0257742404937744,0.6338554620742798,2.1560354232788086,3.030623197555542,0.03719787299633026,0.15683233737945557,0.10229980945587158,10000,10000,1.0,306.68719887205566,306.68719887205566,52800,True,427,213000,0.0,0.0,1,FIRE,greedy,32396,48849,57830,74121,14816,198380,0.06949473723709639,1,106598,2,2,306.68719887205566,153.34359943602783,2,2,153.34359943602783,306.68719887205566,153.34359943602783,306.68719887205566,75.99446306549956,2431.822818095986,1,FIRE,False,,
213513,double_dqn,dueling,711,15.0,627,0.0,0.0,0.05,,,,,,,,,,10000,10000,1.0,306.60806477209866,306.60806477209866,52879,False,428,213500,0.0,0.0,3,LEFT,greedy,32427,48948,57913,74226,14831,198683,0.06946148730294033,0,106757,2,2,306.60806477209866,153.30403238604933,2,2,153.30403238604933,306.60806477209866,153.30403238604933,306.60806477209866,75.9754007955811,2431.212825458595,3,LEFT,False,,
213595,double_dqn,dueling,711,,,1.0,1.0,0.05,0.0159454382956028,1.7901935577392578,2.8117525577545166,-0.16902080178260803,1.7929716110229492,2.8797218799591064,0.09353028982877731,0.8282789587974548,0.4517923891544342,10000,10000,1.0,306.56416746605527,306.56416746605527,52900,True,428,213500,0.0,0.0,2,RIGHT,greedy,32438,48979,57930,74249,14834,198762,0.06944886608363453,0,106798,2,2,306.56416746605527,153.28208373302763,2,2,153.28208373302763,306.56416746605527,153.28208373302763,306.56416746605527,75.966361051463,2430.923553646816,2,RIGHT,False,,
213596,double_dqn,dueling,711,,,4.0,4.0,0.05,0.0159454382956028,1.7901935577392578,2.8117525577545166,-0.16902080178260803,1.7929716110229492,2.8797218799591064,0.09353028982877731,0.8282789587974548,0.4517923891544342,10000,10000,1.0,306.56409623273873,306.56409623273873,52900,True,428,213500,0.0,0.0,2,RIGHT,greedy,32438,48979,57930,74249,14834,198762,0.06944886608363453,1,106798,2,2,306.56409623273873,153.28204811636937,2,2,153.28204811636937,306.56409623273873,153.28204811636937,306.56409623273873,75.96634339990284,2430.922988796891,2,RIGHT,False,,
213995,double_dqn,dueling,711,,,4.0,4.0,0.05,0.004184574820101261,1.9280704259872437,2.962386131286621,0.7029176354408264,1.9259865283966064,2.9465365409851074,0.06046491861343384,0.31057870388031006,0.4669565260410309,10000,10000,1.0,306.4768314502719,306.4768314502719,53000,True,428,213500,0.0,0.0,3,LEFT,greedy,32473,49084,58019,74420,14851,199145,0.06939849342978373,0,106998,2,2,306.4768314502719,153.23841572513595,2,2,153.23841572513595,306.4768314502719,153.23841572513595,306.4768314502719,75.94708596475957,2430.306750872306,3,LEFT,False,,
213996,double_dqn,dueling,711,,,8.0,8.0,0.05,0.004184574820101261,1.9280704259872437,2.962386131286621,0.7029176354408264,1.9259865283966064,2.9465365409851074,0.06046491861343384,0.31057870388031006,0.4669565260410309,10000,10000,1.0,306.4767642975835,306.4767642975835,53000,True,428,213500,0.0,0.0,1,FIRE,greedy,32473,49084,58019,74420,14851,199145,0.06939849342978373,1,106998,2,2,306.4767642975835,153.23838214879174,2,2,153.23838214879174,306.4767642975835,153.23838214879174,306.4767642975835,75.94706932385729,2430.3062183634333,1,FIRE,False,,
214231,double_dqn,dueling,712,10.0,359,0.0,0.0,0.05,,,,,,,,,,10000,10000,1.0,306.5112317922912,306.5112317922912,53059,True,429,214000,0.0,0.0,3,LEFT,greedy,32508,49162,58054,74508,14859,199373,0.06935938608611225,0,107116,2,2,306.5112317922912,153.2556158961456,2,2,153.2556158961456,306.5112317922912,153.2556158961456,306.5112317922912,75.95699934848535,2430.6239791515313,3,LEFT,False,,
214300,double_dqn,dueling,713,11.0,560,0.0,0.0,0.05,,,,,,,,,,10000,10000,1.0,306.5073765369836,306.5073765369836,53076,True,429,214000,0.0,0.0,1,FIRE,greedy,32518,49188,58063,74531,14861,199439,0.06934671021931871,1,107150,2,2,306.5073765369836,153.2536882684918,2,2,153.2536882684918,306.5073765369836,153.2536882684918,306.5073765369836,75.95644304820699,2430.6061775426238,1,FIRE,False,,
214395,double_dqn,dueling,713,,,1.0,1.0,0.05,0.0028821115847676992,2.186230421066284,2.8154609203338623,0.7153109312057495,2.191659450531006,2.8065264225006104,0.05402971804141998,0.23782610893249512,0.1954936981201172,10000,10000,1.0,306.4501618329673,306.4501618329673,53100,True,429,214000,0.0,0.0,1,FIRE,random,32528,49209,58093,74566,14870,199526,0.06935763726935204,0,107198,2,2,306.4501618329673,153.22508091648365,2,2,153.22508091648365,306.4501618329673,153.22508091648365,306.4501618329673,75.94282700271678,2430.170464086937,1,FIRE,False,,
214396,double_dqn,dueling,713,,,1.0,1.0,0.05,0.0028821115847676992,2.186230421066284,2.8154609203338623,0.7153109312057495,2.191659450531006,2.8065264225006104,0.05402971804141998,0.23782610893249512,0.1954936981201172,10000,10000,1.0,306.4500928744754,306.4500928744754,53100,True,429,214000,0.0,0.0,1,FIRE,greedy,32528,49209,58093,74566,14870,199526,0.06935763726935204,1,107198,2,2,306.4500928744754,153.2250464372377,2,2,153.2250464372377,306.4500928744754,153.2250464372377,306.4500928744754,75.94280991379509,2430.169917241443,1,FIRE,False,,
214795,double_dqn,dueling,713,,,5.0,5.0,0.05,0.0011488005984574556,1.8943870067596436,3.1152424812316895,0.21515433490276337,1.9308754205703735,3.08050799369812,0.03974455967545509,0.10207939147949219,0.2011016607284546,10000,10000,1.0,306.39879685756154,306.39879685756154,53200,True,430,214500,0.0,0.0,1,FIRE,greedy,32634,49305,58185,74672,14893,199903,0.06933555559693849,0,107398,2,2,306.39879685756154,153.19939842878077,2,2,153.19939842878077,306.39879685756154,153.19939842878077,306.39879685756154,75.93243119795784,2429.837798334651,1,FIRE,False,,
214796,double_dqn,dueling,713,,,6.0,6.0,0.05,0.0011488005984574556,1.8943870067596436,3.1152424812316895,0.21515433490276337,1.9308754205703735,3.08050799369812,0.03974455967545509,0.10207939147949219,0.2011016607284546,10000,10000,1.0,306.3987380577474,306.3987380577474,53200,True,430,214500,0.0,0.0,3,LEFT,greedy,32634,49305,58185,74672,14893,199903,0.06933555559693849,1,107398,2,2,306.3987380577474,153.1993690288737,2,2,153.1993690288737,306.3987380577474,153.1993690288737,306.3987380577474,75.93241662605713,2429.8373320338283,3,LEFT,False,,
215195,double_dqn,dueling,713,,,12.0,9.0,0.05,0.0015075826086103916,1.9683520793914795,3.1349520683288574,-0.09932611882686615,1.9790363311767578,3.1191883087158203,0.04638034850358963,0.12331235408782959,0.11298099905252457,10000,10000,1.0,306.3613103590886,306.3613103590886,53300,True,431,215000,0.0,0.0,2,RIGHT,greedy,32688,49387,58299,74822,14907,200289,0.06927173367534713,0,107598,2,2,306.3613103590886,153.1806551795443,2,2,153.1806551795443,306.3613103590886,153.1806551795443,306.3613103590886,75.92545791035818,2429.6146531314616,2,RIGHT,False,,
215196,double_dqn,dueling,713,,,12.0,9.0,0.05,0.0015075826086103916,1.9683520793914795,3.1349520683288574,-0.09932611882686615,1.9790363311767578,3.1191883087158203,0.04638034850358963,0.12331235408782959,0.11298099905252457,10000,10000,1.0,306.36121959476486,306.36121959476486,53300,True,431,215000,0.0,0.0,3,LEFT,greedy,32688,49387,58299,74822,14907,200289,0.06927173367534713,1,107598,2,2,306.36121959476486,153.18060979738243,2,2,153.18060979738243,306.36121959476486,153.18060979738243,306.36121959476486,75.92543541625528,2429.613933320169,3,LEFT,False,,
215348,double_dqn,dueling,714,14.0,524,0.0,0.0,0.05,,,,,,,,,,10000,10000,1.0,306.3724062884251,306.3724062884251,53338,True,431,215000,0.0,0.0,3,LEFT,greedy,32701,49431,58320,74896,14917,200431,0.06926927577688206,1,107674,2,2,306.3724062884251,153.18620314421256,2,2,153.18620314421256,306.3724062884251,153.18620314421256,306.3724062884251,75.92908397689781,2429.73068726073,3,LEFT,False,,
215469,double_dqn,dueling,715,14.0,619,0.0,0.0,0.05,,,,,,,,,,10000,10000,1.0,306.37348376200845,306.37348376200845,53368,False,431,215000,0.0,0.0,3,LEFT,greedy,32704,49465,58345,74956,14922,200548,0.06925326031466097,0,107735,2,2,306.37348376200845,153.18674188100422,2,2,153.18674188100422,306.37348376200845,153.18674188100422,306.37348376200845,75.9287259445518,2429.7192302256576,3,LEFT,False,,
215595,double_dqn,dueling,715,,,1.0,1.0,0.05,0.002033563330769539,1.9154162406921387,2.880415678024292,0.08898607641458511,1.921221137046814,2.8228113651275635,0.04670222848653793,0.21603822708129883,0.1222095936536789,10000,10000,1.0,306.3956075409396,306.3956075409396,53400,True,432,215500,0.0,0.0,1,FIRE,greedy,32719,49508,58365,75004,14928,200668,0.06924061670902985,0,107798,2,2,306.3956075409396,153.1978037704698,2,2,153.1978037704698,306.3956075409396,153.1978037704698,306.3956075409396,75.9362586978821,2429.960278332227,1,FIRE,False,,
215596,double_dqn,dueling,715,,,2.0,2.0,0.05,0.002033563330769539,1.9154162406921387,2.880415678024292,0.08898607641458511,1.921221137046814,2.8228113651275635,0.04670222848653793,0.21603822708129883,0.1222095936536789,10000,10000,1.0,306.3955501236407,306.3955501236407,53400,True,432,215500,0.0,0.0,0,NOOP,greedy,32719,49508,58365,75004,14928,200668,0.06924061670902985,1,107798,2,2,306.3955501236407,153.19777506182035,2,2,153.19777506182035,306.3955501236407,153.19777506182035,306.3955501236407,75.93624446773403,2429.959822967489,0,NOOP,False,,
215827,double_dqn,dueling,716,2.0,179,0.0,0.0,0.05,,,,,,,,,,10000,10000,1.0,306.43386301143175,306.43386301143175,53458,True,432,215500,0.0,0.0,1,FIRE,greedy,32739,49593,58415,75081,14941,200887,0.06922642103897549,0,107914,2,2,306.43386301143175,153.21693150571588,2,2,153.21693150571588,306.43386301143175,153.21693150571588,306.43386301143175,75.94706725031229,2430.306152009993,1,FIRE,False,,
215995,double_dqn,dueling,716,,,1.0,1.0,0.05,0.0011993551161140203,2.134831190109253,2.8747119903564453,1.0544135570526123,2.1531248092651367,2.8409528732299805,0.03600155562162399,0.1371753215789795,0.17324917018413544,10000,10000,1.0,306.4481440949699,306.4481440949699,53500,True,432,215500,0.0,0.0,0,NOOP,greedy,32759,49632,58459,75146,14950,201046,0.06921424470823534,0,107998,2,2,306.4481440949699,153.22407204748495,2,2,153.22407204748495,306.4481440949699,153.22407204748495,306.4481440949699,75.95156466245638,2430.450069198604,0,NOOP,False,,
215996,double_dqn,dueling,716,,,10.0,7.0,0.05,0.0011993551161140203,2.134831190109253,2.8747119903564453,1.0544135570526123,2.1531248092651367,2.8409528732299805,0.03600155562162399,0.1371753215789795,0.17324917018413544,10000,10000,1.0,306.4480854798072,306.4480854798072,53500,True,432,215500,0.0,0.0,1,FIRE,greedy,32759,49632,58459,75146,14950,201046,0.06921424470823534,1,107998,2,2,306.4480854798072,153.2240427399036,2,2,153.2240427399036,306.4480854798072,153.2240427399036,306.4480854798072,75.95155013499584,2430.449604319867,1,FIRE,False,,
216395,double_dqn,dueling,716,,,9.0,6.0,0.05,0.003860738128423691,1.9572123289108276,2.6866965293884277,1.4340003728866577,1.9683148860931396,2.7153379917144775,0.06048353388905525,0.28790903091430664,0.2764666676521301,10000,10000,1.0,306.48090962553846,306.48090962553846,53600,True,433,216000,0.0,0.0,2,RIGHT,greedy,32829,49719,58563,75285,14965,201431,0.06915562210022366,0,108198,2,2,306.48090962553846,153.24045481276923,2,2,153.24045481276923,306.48090962553846,153.24045481276923,306.48090962553846,75.96195540901027,2430.7825730883287,2,RIGHT,False,,
216396,double_dqn,dueling,716,,,13.0,10.0,0.05,0.003860738128423691,1.9572123289108276,2.6866965293884277,1.4340003728866577,1.9683148860931396,2.7153379917144775,0.06048353388905525,0.28790903091430664,0.2764666676521301,10000,10000,1.0,306.48084885912004,306.48084885912004,53600,True,433,216000,0.0,0.0,2,RIGHT,greedy,32829,49719,58563,75285,14965,201431,0.06915562210022366,1,108198,2,2,306.48084885912004,153.24042442956002,2,2,153.24042442956002,306.48084885912004,153.24042442956002,306.48084885912004,75.96194034792221,2430.7820911335107,2,RIGHT,False,,
216624,double_dqn,dueling,717,19.0,638,0.0,0.0,0.05,,,,,,,,,,10000,10000,1.0,306.5260409978128,306.5260409978128,53657,True,434,216500,0.0,0.0,3,LEFT,greedy,32903,49732,58603,75386,14975,201649,0.06912899771031834,1,108312,2,2,306.5260409978128,153.2630204989064,2,2,153.2630204989064,306.5260409978128,153.2630204989064,306.5260409978128,75.97442842882063,2431.18170972226,3,LEFT,False,,
216795,double_dqn,dueling,717,,,14.0,11.0,0.05,0.007255077362060547,1.8356690406799316,2.913499355316162,0.3001702129840851,1.9017772674560547,2.88490629196167,0.08292170614004135,0.4265635013580322,0.6660168170928955,10000,10000,1.0,306.47410431300153,306.47410431300153,53700,True,434,216500,0.0,0.0,3,LEFT,greedy,32953,49766,58635,75442,14985,201811,0.06912027897193675,0,108398,2,2,306.47410431300153,153.23705215650077,2,2,153.23705215650077,306.47410431300153,153.23705215650077,306.47410431300153,75.96252308090244,2430.800738588878,3,LEFT,False,,
216796,double_dqn,dueling,717,,,2.0,2.0,0.05,0.007255077362060547,1.8356690406799316,2.913499355316162,0.3001702129840851,1.9017772674560547,2.88490629196167,0.08292170614004135,0.4265635013580322,0.6660168170928955,10000,10000,1.0,306.47404070143307,306.47404070143307,53700,True,434,216500,0.0,0.0,0,NOOP,greedy,32953,49766,58635,75442,14985,201811,0.06912027897193675,1,108398,2,2,306.47404070143307,153.23702035071653,2,2,153.23702035071653,306.47404070143307,153.23702035071653,306.47404070143307,75.96250731416988,2430.8002340534363,0,NOOP,False,,
216825,double_dqn,dueling,718,14.0,499,0.0,0.0,0.05,,,,,,,,,,10000,10000,1.0,306.4565578199996,306.4565578199996,53707,False,434,216500,0.0,0.0,0,NOOP,greedy,32962,49769,58642,75453,14986,201840,0.06911532749762482,0,108413,2,2,306.4565578199996,153.2282789099998,2,2,153.2282789099998,306.4565578199996,153.2282789099998,306.4565578199996,75.95703086843604,2430.624987789953,0,NOOP,False,,
217195,double_dqn,dueling,718,,,4.0,4.0,0.05,0.0018734162440523505,2.0037198066711426,2.8899495601654053,1.2161670923233032,2.035717010498047,2.9517574310302734,0.04579761251807213,0.20498132705688477,0.2554995119571686,10000,10000,1.0,306.47065265427665,306.47065265427665,53800,True,435,217000,0.0,0.0,0,NOOP,greedy,33047,49843,58732,75574,15000,202196,0.06906204534153483,0,108598,2,2,306.47065265427665,153.23532632713832,2,2,153.23532632713832,306.47065265427665,153.23532632713832,306.47065265427665,75.96390652372165,2430.8450087590927,0,NOOP,False,,
217196,double_dqn,dueling,718,,,5.0,5.0,0.05,0.0018734162440523505,2.0037198066711426,2.8899495601654053,1.2161670923233032,2.035717010498047,2.9517574310302734,0.04579761251807213,0.20498132705688477,0.2554995119571686,10000,10000,1.0,306.47055271620457,306.47055271620457,53800,True,435,217000,0.0,0.0,2,RIGHT,greedy,33047,49843,58732,75574,15000,202196,0.06906204534153483,1,108598,2,2,306.47055271620457,153.23527635810228,2,2,153.23527635810228,306.47055271620457,153.23527635810228,306.47055271620457,75.96388175238938,2430.8442160764603,2,RIGHT,False,,
217272,double_dqn,dueling,719,9.0,324,0.0,0.0,0.05,,,,,,,,,,10000,10000,1.0,306.4579602800695,306.4579602800695,53819,True,435,217000,0.0,0.0,3,LEFT,greedy,33063,49861,58754,75594,15001,202271,0.06904249051879671,1,108636,2,2,306.4579602800695,153.22898014003476,2,2,153.22898014003476,306.4579602800695,153.22898014003476,306.4579602800695,75.96118416519766,2430.7578932863253,3,LEFT,False,,
217595,double_dqn,dueling,719,,,7.0,7.0,0.05,0.002983954269438982,1.9208810329437256,2.7483410835266113,0.5998207330703735,1.967064380645752,2.7907817363739014,0.06252367794513702,0.16599154472351074,0.33506685495376587,10000,10000,1.0,306.46413958452774,306.46413958452774,53900,True,436,217500,0.0,0.0,1,FIRE,greedy,33102,49907,58857,75730,15014,202582,0.0689994301365834,0,108798,2,2,306.46413958452774,153.23206979226387,2,2,153.23206979226387,306.46413958452774,153.23206979226387,306.46413958452774,75.96451584024456,2430.864506887826,1,FIRE,False,,
217596,double_dqn,dueling,719,,,2.0,2.0,0.05,0.002983954269438982,1.9208810329437256,2.7483410835266113,0.5998207330703735,1.967064380645752,2.7907817363739014,0.06252367794513702,0.16599154472351074,0.33506685495376587,10000,10000,1.0,306.46408176084134,306.46408176084134,53900,True,436,217500,0.0,0.0,3,LEFT,greedy,33102,49907,58857,75730,15014,202582,0.0689994301365834,1,108798,2,2,306.46408176084134,153.23204088042067,2,2,153.23204088042067,306.46408176084134,153.23204088042067,306.46408176084134,75.96450150725165,2430.864048232053,3,LEFT,False,,
217665,double_dqn,dueling,720,8.0,420,0.0,0.0,0.05,,,,,,,,,,10000,10000,1.0,306.47077065574945,306.47077065574945,53917,False,436,217500,0.0,0.0,3,LEFT,greedy,33105,49919,58892,75750,15019,202647,0.06900021133295967,0,108833,2,2,306.47077065574945,153.23538532787472,2,2,153.23538532787472,306.47077065574945,153.23538532787472,306.47077065574945,75.96524481962155,2430.8878342278895,3,LEFT,False,,
217995,double_dqn,dueling,720,,,2.0,2.0,0.05,0.0026238784193992615,1.9159281253814697,2.955308675765991,0.38622015714645386,1.9662282466888428,2.997576951980591,0.05443447083234787,0.19451606273651123,0.3356396555900574,10000,10000,1.0,306.5026476298454,306.5026476298454,54000,True,436,217500,0.0,0.0,1,FIRE,greedy,33135,50003,58980,75878,15035,202961,0.06896915539734674,0,108998,2,2,306.5026476298454,153.2513238149227,2,2,153.2513238149227,306.5026476298454,153.2513238149227,306.5026476298454,75.97626987800729,2431.240636096233,1,FIRE,False,,
217996,double_dqn,dueling,720,,,6.0,6.0,0.05,0.0026238784193992615,1.9159281253814697,2.955308675765991,0.38622015714645386,1.9662282466888428,2.997576951980591,0.05443447083234787,0.19451606273651123,0.3356396555900574,10000,10000,1.0,306.5024648313638,306.5024648313638,54000,True,436,217500,0.0,0.0,3,LEFT,greedy,33135,50003,58980,75878,15035,202961,0.06896915539734674,1,108998,2,2,306.5024648313638,153.2512324156819,2,2,153.2512324156819,306.5024648313638,153.2512324156819,306.5024648313638,75.97622456568494,2431.239186101918,3,LEFT,False,,
218018,double_dqn,dueling,721,6.0,373,0.0,0.0,0.05,,,,,,,,,,10000,10000,1.0,306.50320557265866,306.50320557265866,54005,False,437,218000,0.0,0.0,2,RIGHT,greedy,33135,50006,58993,75884,15036,202982,0.06896678255923823,1,109009,2,2,306.50320557265866,153.25160278632933,2,2,153.25160278632933,306.50320557265866,153.25160278632933,306.50320557265866,75.97523069211947,2431.207382147823,2,RIGHT,False,,
218235,double_dqn,dueling,722,5.0,285,0.0,0.0,0.05,,,,,,,,,,10000,10000,1.0,306.53635284919267,306.53635284919267,54060,True,437,218000,0.0,0.0,2,RIGHT,greedy,33170,50054,59061,75951,15046,203190,0.06894371231144265,0,109118,2,2,306.53635284919267,153.26817642459633,2,2,153.26817642459633,306.53635284919267,153.26817642459633,306.53635284919267,75.98594307704073,2431.5501784653034,2,RIGHT,False,,
218395,double_dqn,dueling,722,,,2.0,2.0,0.05,0.004510120488703251,1.9494664669036865,2.735720157623291,0.40169382095336914,1.949038028717041,2.8027453422546387,0.05008988082408905,0.4510973393917084,0.4461381733417511,10000,10000,1.0,306.56017164984877,306.56017164984877,54100,True,437,218000,0.0,0.0,1,FIRE,greedy,33203,50087,59104,76002,15050,203346,0.06891151852598033,0,109198,2,2,306.56017164984877,153.28008582492438,2,2,153.28008582492438,306.56017164984877,153.28008582492438,306.56017164984877,75.99272338382556,2431.767148282418,1,FIRE,False,,
218396,double_dqn,dueling,722,,,3.0,3.0,0.05,0.004510120488703251,1.9494664669036865,2.735720157623291,0.40169382095336914,1.949038028717041,2.8027453422546387,0.05008988082408905,0.4510973393917084,0.4461381733417511,10000,10000,1.0,306.56011330781627,306.56011330781627,54100,True,437,218000,0.0,0.0,0,NOOP,greedy,33203,50087,59104,76002,15050,203346,0.06891151852598033,1,109198,2,2,306.56011330781627,153.28005665390813,2,2,153.28005665390813,306.56011330781627,153.28005665390813,306.56011330781627,75.99270892151002,2431.7666854883205,0,NOOP,False,,
218795,double_dqn,dueling,722,,,5.0,5.0,0.05,0.0017472240142524242,1.953857421875,3.015375852584839,0.5814598202705383,1.9469408988952637,2.9655213356018066,0.0433141253888607,0.2096947431564331,0.22844162583351135,10000,10000,1.0,306.6140269880516,306.6140269880516,54200,True,438,218500,0.0,0.0,2,RIGHT,greedy,33285,50191,59200,76120,15075,203721,0.06889979707124445,0,109398,2,2,306.6140269880516,153.3070134940258,2,2,153.3070134940258,306.6140269880516,153.3070134940258,306.6140269880516,76.00825348303925,2432.264111457256,2,RIGHT,False,,
218796,double_dqn,dueling,722,,,8.0,8.0,0.05,0.0017472240142524242,1.953857421875,3.015375852584839,0.5814598202705383,1.9469408988952637,2.9655213356018066,0.0433141253888607,0.2096947431564331,0.22844162583351135,10000,10000,1.0,306.6139673975471,306.6139673975471,54200,True,438,218500,0.0,0.0,3,LEFT,greedy,33285,50191,59200,76120,15075,203721,0.06889979707124445,1,109398,2,2,306.6139673975471,153.30698369877356,2,2,153.30698369877356,306.6139673975471,153.30698369877356,306.6139673975471,76.00823871081825,2432.263638746184,3,LEFT,False,,
218798,double_dqn,dueling,723,8.0,390,0.0,0.0,0.05,,,,,,,,,,10000,10000,1.0,306.60880461252094,306.60880461252094,54200,False,438,218500,0.0,0.0,1,FIRE,greedy,33285,50192,59201,76120,15075,203723,0.06889916726843938,1,109399,2,2,306.60880461252094,153.30440230626047,2,2,153.30440230626047,306.60880461252094,153.30440230626047,306.60880461252094,76.00567927939973,2432.1817369407913,1,FIRE,False,,
219195,double_dqn,dueling,723,,,9.0,9.0,0.05,0.0019467966631054878,2.0055692195892334,3.0075812339782715,0.932486355304718,2.0492653846740723,3.077070474624634,0.05232022702693939,0.12429404258728027,0.27062714099884033,10000,10000,1.0,306.57887430439115,306.57887430439115,54300,True,439,219000,0.0,0.0,2,RIGHT,greedy,33351,50259,59311,76275,15097,204099,0.06887443201518276,0,109598,2,2,306.57887430439115,153.28943715219557,2,2,153.28943715219557,306.57887430439115,153.28943715219557,306.57887430439115,76.00170439293646,2432.0545405739667,2,RIGHT,False,,
219196,double_dqn,dueling,723,,,3.0,3.0,0.05,0.0019467966631054878,2.0055692195892334,3.0075812339782715,0.932486355304718,2.0492653846740723,3.077070474624634,0.05232022702693939,0.12429404258728027,0.27062714099884033,10000,10000,1.0,306.5787713214631,306.5787713214631,54300,True,439,219000,0.0,0.0,3,LEFT,greedy,33351,50259,59311,76275,15097,204099,0.06887443201518276,1,109598,2,2,306.5787713214631,153.28938566073154,2,2,153.28938566073154,306.5787713214631,153.28938566073154,306.5787713214631,76.00167886319937,2432.05372362238,3,LEFT,False,,
219253,double_dqn,dueling,724,10.0,509,0.0,0.0,0.05,,,,,,,,,,10000,10000,1.0,306.5597076537271,306.5597076537271,54314,False,439,219000,0.0,0.0,3,LEFT,greedy,33359,50264,59332,76299,15100,204154,0.06886989519005354,0,109627,2,2,306.5597076537271,153.27985382686356,2,2,153.27985382686356,306.5597076537271,153.27985382686356,306.5597076537271,75.99598032239703,2431.871370316705,3,LEFT,False,,
219595,double_dqn,dueling,724,,,3.0,3.0,0.05,0.0009620075579732656,1.8803197145462036,2.8967206478118896,0.07171417772769928,1.882735013961792,2.874478340148926,0.036926113069057465,0.09986162185668945,0.15666887164115906,10000,10000,1.0,306.5692056239591,306.5692056239591,54400,True,440,219500,0.0,0.0,3,LEFT,greedy,33409,50386,59405,76396,15119,204477,0.06884915936538007,0,109798,2,2,306.5692056239591,153.28460281197954,2,2,153.28460281197954,306.5692056239591,153.28460281197954,306.5692056239591,76.00145805499149,2432.0466577597276,3,LEFT,False,,
219596,double_dqn,dueling,724,,,8.0,8.0,0.05,0.0009620075579732656,1.8803197145462036,2.8967206478118896,0.07171417772769928,1.882735013961792,2.874478340148926,0.036926113069057465,0.09986162185668945,0.15666887164115906,10000,10000,1.0,306.5691394553349,306.5691394553349,54400,True,440,219500,1.0,1.0,0,NOOP,greedy,33409,50386,59405,76396,15119,204477,0.06884915936538007,1,109798,2,2,306.5691394553349,153.28456972766745,2,2,153.28456972766745,306.5691394553349,153.28456972766745,306.5691394553349,76.00144165115242,2432.0461328368774,0,NOOP,False,,
219740,double_dqn,dueling,725,9.0,471,0.0,0.0,0.05,,,,,,,,,,10000,10000,1.0,306.55721335021303,306.55721335021303,54436,True,440,219500,0.0,0.0,3,LEFT,greedy,33434,50425,59441,76440,15125,204615,0.06883134613634295,1,109870,2,2,306.55721335021303,153.27860667510652,2,2,153.27860667510652,306.55721335021303,153.27860667510652,306.55721335021303,75.99925570653978,2431.976182609273,3,LEFT,False,,
219777,double_dqn,dueling,726,4.0,262,0.0,0.0,0.05,,,,,,,,,,10000,10000,1.0,306.5600134301939,306.5600134301939,54445,False,440,219500,0.0,0.0,3,LEFT,greedy,33434,50446,59450,76448,15125,204653,0.06881944507639527,0,109889,2,2,306.5600134301939,153.28000671509696,2,2,153.28000671509696,306.5600134301939,153.28000671509696,306.5600134301939,75.99887323879325,2431.963943641384,3,LEFT,False,,
219995,double_dqn,dueling,726,,,1.0,1.0,0.05,0.005394019186496735,1.9409911632537842,2.787834882736206,0.2542687952518463,1.9913721084594727,2.8238911628723145,0.07303762435913086,0.3191509246826172,0.45383214950561523,10000,10000,1.0,306.57399883425785,306.57399883425785,54500,True,440,219500,0.0,0.0,3,LEFT,greedy,33451,50479,59527,76539,15130,204866,0.06877397770868561,0,109998,2,2,306.57399883425785,153.28699941712892,2,2,153.28699941712892,306.57399883425785,153.28699941712892,306.57399883425785,76.00478258708905,2432.1530427868497,3,LEFT,False,,
219996,double_dqn,dueling,726,,,2.0,2.0,0.05,0.005394019186496735,1.9409911632537842,2.787834882736206,0.2542687952518463,1.9913721084594727,2.8238911628723145,0.07303762435913086,0.3191509246826172,0.45383214950561523,10000,10000,1.0,306.5739431447806,306.5739431447806,54500,True,440,219500,0.0,0.0,2,RIGHT,greedy,33451,50479,59527,76539,15130,204866,0.06877397770868561,1,109998,2,2,306.5739431447806,153.2869715723903,2,2,153.2869715723903,306.5739431447806,153.2869715723903,306.5739431447806,76.00476878074335,2432.152600983787,2,RIGHT,False,,
220395,double_dqn,dueling,726,,,4.0,4.0,0.05,0.0023711889516562223,1.9231195449829102,2.917923927307129,0.7997044920921326,1.928177833557129,2.8849904537200928,0.04859378561377525,0.26791810989379883,0.19894661009311676,10000,10000,1.0,306.6310885329215,306.6310885329215,54600,True,441,220000,0.0,0.0,3,LEFT,greedy,33491,50572,59631,76702,15149,205247,0.06873536724804442,0,110198,2,2,306.6310885329215,153.31554426646076,2,2,153.31554426646076,306.6310885329215,153.31554426646076,306.6310885329215,76.02105852037587,2432.673872652028,3,LEFT,False,,
220396,double_dqn,dueling,726,,,6.0,6.0,0.05,0.0023711889516562223,1.9231195449829102,2.917923927307129,0.7997044920921326,1.928177833557129,2.8849904537200928,0.04859378561377525,0.26791810989379883,0.19894661009311676,10000,10000,1.0,306.63103105532446,306.63103105532446,54600,True,441,220000,0.0,0.0,3,LEFT,greedy,33491,50572,59631,76702,15149,205247,0.06873536724804442,1,110198,2,2,306.63103105532446,153.31551552766223,2,2,153.31551552766223,306.63103105532446,153.31551552766223,306.63103105532446,76.02104427032775,2432.673416650488,3,LEFT,False,,
220486,double_dqn,dueling,727,6.0,373,0.0,0.0,0.05,,,,,,,,,,10000,10000,1.0,306.63628131180985,306.63628131180985,54622,False,441,220000,0.0,0.0,0,NOOP,greedy,33499,50603,59656,76728,15150,205336,0.06871184565006395,1,110243,2,2,306.63628131180985,153.31814065590493,2,2,153.31814065590493,306.63628131180985,153.31814065590493,306.63628131180985,76.02154905188213,2432.6895696602282,0,NOOP,False,,
220567,double_dqn,dueling,728,6.0,395,0.0,0.0,0.05,,,,,,,,,,10000,10000,1.0,306.6309019526091,306.6309019526091,54643,True,442,220500,0.0,0.0,0,NOOP,greedy,33515,50617,59680,76756,15156,205412,0.06871350331870443,0,110284,2,2,306.6309019526091,153.31545097630456,2,2,153.31545097630456,306.6309019526091,153.31545097630456,306.6309019526091,76.02192058562298,2432.7014587399353,0,NOOP,False,,
220795,double_dqn,dueling,728,,,2.0,2.0,0.05,0.002288582269102335,2.0148112773895264,2.8260903358459473,1.1084810495376587,2.055171251296997,2.8604929447174072,0.04937802627682686,0.2108902931213379,0.2995600700378418,10000,10000,1.0,306.6452362205818,306.6452362205818,54700,True,442,220500,0.0,0.0,1,FIRE,greedy,33531,50686,59730,76849,15163,205633,0.06867425134513307,0,110398,2,2,306.6452362205818,153.3226181102909,2,2,153.3226181102909,306.6452362205818,153.3226181102909,306.6452362205818,76.02667455520219,2432.85358576647,1,FIRE,False,,
220796,double_dqn,dueling,728,,,3.0,3.0,0.05,0.002288582269102335,2.0148112773895264,2.8260903358459473,1.1084810495376587,2.055171251296997,2.8604929447174072,0.04937802627682686,0.2108902931213379,0.2995600700378418,10000,10000,1.0,306.64514164139035,306.64514164139035,54700,True,442,220500,0.0,0.0,2,RIGHT,random,33531,50686,59730,76849,15163,205633,0.06867425134513307,1,110398,2,2,306.64514164139035,153.32257082069518,2,2,153.32257082069518,306.64514164139035,153.32257082069518,306.64514164139035,76.02665110614589,2432.8528353966685,2,RIGHT,False,,
221195,double_dqn,dueling,728,,,5.0,5.0,0.05,0.0038489680737257004,1.9666547775268555,2.96111798286438,0.2913118302822113,1.9729115962982178,2.9484264850616455,0.05473318696022034,0.3801003098487854,0.2504402995109558,10000,10000,1.0,306.7123083444812,306.7123083444812,54800,True,443,221000,0.0,0.0,3,LEFT,greedy,33582,50772,59827,77015,15171,206025,0.06858623121575436,0,110598,2,2,306.7123083444812,153.3561541722406,2,2,153.3561541722406,306.7123083444812,153.3561541722406,306.7123083444812,76.04539880394827,2433.4527617263448,3,LEFT,False,,
221196,double_dqn,dueling,728,,,7.0,7.0,0.05,0.0038489680737257004,1.9666547775268555,2.96111798286438,0.2913118302822113,1.9729115962982178,2.9484264850616455,0.05473318696022034,0.3801003098487854,0.2504402995109558,10000,10000,1.0,306.7122540105587,306.7122540105587,54800,True,443,221000,0.0,0.0,3,LEFT,greedy,33582,50772,59827,77015,15171,206025,0.06858623121575436,1,110598,2,2,306.7122540105587,153.35612700527935,2,2,153.35612700527935,306.7122540105587,153.35612700527935,306.7122540105587,76.04538533254627,2433.452330641481,3,LEFT,False,,
221345,double_dqn,dueling,729,7.0,389,0.0,0.0,0.05,,,,,,,,,,10000,10000,1.0,306.73239069613305,306.73239069613305,54837,False,443,221000,0.0,0.0,3,LEFT,greedy,33623,50809,59849,77065,15184,206162,0.068598483821709,0,110673,2,2,306.73239069613305,153.36619534806653,2,2,153.36619534806653,306.73239069613305,153.36619534806653,306.73239069613305,76.04989621811892,2433.5966789798053,3,LEFT,False,,
221595,double_dqn,dueling,729,,,2.0,2.0,0.05,0.0029893566388636827,2.0036826133728027,2.9052674770355225,0.5507097244262695,2.0171585083007812,2.9117062091827393,0.057201191782951355,0.2544967234134674,0.5032607316970825,10000,10000,1.0,306.64334646991546,306.64334646991546,54900,True,444,221500,0.0,0.0,1,FIRE,greedy,33672,50873,59905,77146,15195,206401,0.06857073232368815,0,110798,2,2,306.64334646991546,153.32167323495773,2,2,153.32167323495773,306.64334646991546,153.32167323495773,306.64334646991546,76.03038136716242,2432.9722037491974,1,FIRE,False,,
221596,double_dqn,dueling,729,,,11.0,11.0,0.05,0.0029893566388636827,2.0036826133728027,2.9052674770355225,0.5507097244262695,2.0171585083007812,2.9117062091827393,0.057201191782951355,0.2544967234134674,0.5032607316970825,10000,10000,1.0,306.6432840646229,306.6432840646229,54900,True,444,221500,0.0,0.0,0,NOOP,greedy,33672,50873,59905,77146,15195,206401,0.06857073232368815,1,110798,2,2,306.6432840646229,153.32164203231144,2,2,153.32164203231144,306.6432840646229,153.32164203231144,306.6432840646229,76.03036589414384,2432.971708612603,0,NOOP,False,,
221704,double_dqn,dueling,730,19.0,609,0.0,0.0,0.05,,,,,,,,,,10000,10000,1.0,306.6492919194414,306.6492919194414,54927,True,444,221500,0.0,0.0,0,NOOP,greedy,33701,50913,59924,77166,15201,206503,0.068564392162523,1,110852,2,2,306.6492919194414,153.3246459597207,2,2,153.3246459597207,306.6492919194414,153.3246459597207,306.6492919194414,76.03241498193209,2433.037279421827,0,NOOP,False,,
221995,double_dqn,dueling,730,,,8.0,8.0,0.05,0.0026757842861115932,1.9870589971542358,2.802212953567505,0.8411673307418823,2.0044589042663574,2.783782482147217,0.04981745779514313,0.2888856530189514,0.48293331265449524,10000,10000,1.0,306.64772202287764,306.64772202287764,55000,True,444,221500,0.0,0.0,1,FIRE,greedy,33735,51047,59974,77240,15211,206785,0.06851925259914593,0,110998,2,2,306.64772202287764,153.32386101143882,2,2,153.32386101143882,306.64772202287764,153.32386101143882,306.64772202287764,76.0335334229813,2433.0730695354014,1,FIRE,False,,
221996,double_dqn,dueling,730,,,3.0,3.0,0.05,0.0026757842861115932,1.9870589971542358,2.802212953567505,0.8411673307418823,2.0044589042663574,2.783782482147217,0.04981745779514313,0.2888856530189514,0.48293331265449524,10000,10000,1.0,306.64766105369085,306.64766105369085,55000,True,444,221500,0.0,0.0,1,FIRE,greedy,33735,51047,59974,77240,15211,206785,0.06851925259914593,1,110998,2,2,306.64766105369085,153.32383052684543,2,2,153.32383052684543,306.64766105369085,153.32383052684543,306.64766105369085,76.03351830562555,2433.0725857800176,1,FIRE,False,,
222395,double_dqn,dueling,730,,,12.0,12.0,0.05,0.001227912143804133,2.05839204788208,2.9663760662078857,0.19624380767345428,2.0655925273895264,3.034989595413208,0.041144959628582,0.12301933765411377,0.20063364505767822,10000,10000,1.0,306.70061236074156,306.70061236074156,55100,True,445,222000,0.0,0.0,0,NOOP,random,33853,51174,60035,77334,15238,207158,0.06851741937804637,0,111198,2,2,306.70061236074156,153.35030618037078,2,2,153.35030618037078,306.70061236074156,153.35030618037078,306.70061236074156,76.0487016286165,2433.558452115728,0,NOOP,False,,
222396,double_dqn,dueling,730,,,8.0,8.0,0.05,0.001227912143804133,2.05839204788208,2.9663760662078857,0.19624380767345428,2.0655925273895264,3.034989595413208,0.041144959628582,0.12301933765411377,0.20063364505767822,10000,10000,1.0,306.7005567958987,306.7005567958987,55100,True,445,222000,0.0,0.0,1,FIRE,greedy,33853,51174,60035,77334,15238,207158,0.06851741937804637,1,111198,2,2,306.7005567958987,153.35027839794935,2,2,153.35027839794935,306.7005567958987,153.35027839794935,306.7005567958987,76.04868785089978,2433.558011228793,1,FIRE,False,,
222407,double_dqn,dueling,731,12.0,531,0.0,0.0,0.05,,,,,,,,,,10000,10000,1.0,306.69562792615756,306.69562792615756,55103,True,445,222000,0.0,0.0,3,LEFT,greedy,33858,51177,60035,77338,15240,207168,0.06852271501025144,0,111204,2,2,306.69562792615756,153.34781396307878,2,2,153.34781396307878,306.69562792615756,153.34781396307878,306.69562792615756,76.0475271127274,2433.5208676072766,3,LEFT,False,,
222795,double_dqn,dueling,731,,,4.0,4.0,0.05,0.0038645854219794273,1.9732685089111328,2.91375994682312,0.27253884077072144,2.0160369873046875,2.879574775695801,0.06043773889541626,0.27253884077072144,0.39265772700309753,10000,10000,1.0,306.7522840812749,306.7522840812749,55200,True,446,222500,0.0,0.0,1,FIRE,greedy,33905,51289,60104,77498,15255,207541,0.06847070863031653,0,111398,2,2,306.7522840812749,153.37614204063746,2,2,153.37614204063746,306.7522840812749,153.37614204063746,306.7522840812749,76.06355498542901,2434.0337595337282,1,FIRE,False,,
222796,double_dqn,dueling,731,,,12.0,12.0,0.05,0.0038645854219794273,1.9732685089111328,2.91375994682312,0.27253884077072144,2.0160369873046875,2.879574775695801,0.06043773889541626,0.27253884077072144,0.39265772700309753,10000,10000,1.0,306.75223059458796,306.75223059458796,55200,True,446,222500,0.0,0.0,1,FIRE,greedy,33905,51289,60104,77498,15255,207541,0.06847070863031653,1,111398,2,2,306.75223059458796,153.37611529729398,2,2,153.37611529729398,306.75223059458796,153.37611529729398,306.75223059458796,76.06354172265065,2434.033335124821,1,FIRE,False,,
222906,double_dqn,dueling,732,13.0,601,0.0,0.0,0.05,,,,,,,,,,10000,10000,1.0,306.77076943611746,306.77076943611746,55227,False,446,222500,0.0,0.0,0,NOOP,greedy,33943,51313,60119,77531,15260,207646,0.06845935057827066,1,111453,2,2,306.77076943611746,153.38538471805873,2,2,153.38538471805873,306.77076943611746,153.38538471805873,306.77076943611746,76.06744967157923,2434.1583894905352,0,NOOP,False,,
223195,double_dqn,dueling,732,,,7.0,7.0,0.05,0.0010505240643396974,2.1225011348724365,2.8819658756256104,0.38026314973831177,2.1626639366149902,2.8305585384368896,0.03837274760007858,0.09351992607116699,0.20252323150634766,10000,10000,1.0,306.8040985361979,306.8040985361979,55300,True,447,223000,0.0,0.0,3,LEFT,greedy,33978,51383,60175,77660,15278,207918,0.068451047509812,0,111598,2,2,306.8040985361979,153.40204926809895,2,2,153.40204926809895,306.8040985361979,153.40204926809895,306.8040985361979,76.07843116807615,2434.509797378437,3,LEFT,False,,
223196,double_dqn,dueling,732,,,3.0,3.0,0.05,0.0010505240643396974,2.1225011348724365,2.8819658756256104,0.38026314973831177,2.1626639366149902,2.8305585384368896,0.03837274760007858,0.09351992607116699,0.20252323150634766,10000,10000,1.0,306.80404291279734,306.80404291279734,55300,True,447,223000,0.0,0.0,3,LEFT,greedy,33978,51383,60175,77660,15278,207918,0.068451047509812,1,111598,2,2,306.80404291279734,153.40202145639867,2,2,153.40202145639867,306.80404291279734,153.40202145639867,306.80404291279734,76.07841737510184,2434.5093560032587,3,LEFT,False,,
223273,double_dqn,dueling,733,8.0,433,0.0,0.0,0.05,,,,,,,,,,10000,10000,1.0,306.8070819931662,306.8070819931662,55319,False,447,223000,0.0,0.0,2,RIGHT,greedy,33991,51404,60191,77688,15281,207993,0.06844057077850534,0,111637,2,2,306.8070819931662,153.4035409965831,2,2,153.4035409965831,306.8070819931662,153.4035409965831,306.8070819931662,76.07832050851846,2434.5062562725907,2,RIGHT,False,,
223595,double_dqn,dueling,733,,,4.0,4.0,0.05,0.002105612773448229,1.981872320175171,2.8958375453948975,1.4855424165725708,2.00696063041687,2.8984553813934326,0.044760219752788544,0.2051182985305786,0.1712760031223297,10000,10000,1.0,306.8451070584819,306.8451070584819,55400,True,448,223500,0.0,0.0,1,FIRE,greedy,34027,51482,60265,77822,15298,208298,0.06841803967870624,0,111798,2,2,306.8451070584819,153.42255352924096,2,2,153.42255352924096,306.8451070584819,153.42255352924096,306.8451070584819,76.0906152807163,2434.899688982922,1,FIRE,False,,
223596,double_dqn,dueling,733,,,8.0,8.0,0.05,0.002105612773448229,1.981872320175171,2.8958375453948975,1.4855424165725708,2.00696063041687,2.8984553813934326,0.044760219752788544,0.2051182985305786,0.1712760031223297,10000,10000,1.0,306.845051067109,306.845051067109,55400,True,448,223500,0.0,0.0,3,LEFT,greedy,34027,51482,60265,77822,15298,208298,0.06841803967870624,1,111798,2,2,306.845051067109,153.4225255335545,2,2,153.4225255335545,306.845051067109,153.4225255335545,306.845051067109,76.0906013961279,2434.8992446760926,3,LEFT,False,,
223995,double_dqn,dueling,733,,,7.0,7.0,0.05,0.004516386892646551,1.9919456243515015,2.710393190383911,0.5285431146621704,2.0003044605255127,2.7612814903259277,0.06653174757957458,0.34611910581588745,0.32774925231933594,10000,10000,1.0,306.80394632794145,306.80394632794145,55500,True,448,223500,0.0,0.0,0,NOOP,greedy,34066,51580,60374,77976,15321,208675,0.06839854283112198,0,111998,2,2,306.80394632794145,153.40197316397072,2,2,153.40197316397072,306.80394632794145,153.40197316397072,306.80394632794145,76.08241028450814,2434.6371291042606,0,NOOP,False,,
223996,double_dqn,dueling,733,,,12.0,12.0,0.05,0.004516386892646551,1.9919456243515015,2.710393190383911,0.5285431146621704,2.0003044605255127,2.7612814903259277,0.06653174757957458,0.34611910581588745,0.32774925231933594,10000,10000,1.0,306.8038913671207,306.8038913671207,55500,True,448,223500,0.0,0.0,3,LEFT,greedy,34066,51580,60374,77976,15321,208675,0.06839854283112198,1,111998,2,2,306.8038913671207,153.40194568356034,2,2,153.40194568356034,306.8038913671207,153.40194568356034,306.8038913671207,76.08239665511464,2434.6366929636683,3,LEFT,False,,
224109,double_dqn,dueling,734,8.0,418,0.0,0.0,0.05,,,,,,,,,,10000,10000,1.0,306.81095892208475,306.81095892208475,55528,False,449,224000,0.0,0.0,3,LEFT,greedy,34079,51595,60412,78024,15325,208785,0.06838159832225246,0,112055,2,2,306.81095892208475,153.40547946104238,2,2,153.40547946104238,306.81095892208475,153.40547946104238,306.81095892208475,76.0834814498832,2434.6714063962622,3,LEFT,False,,
224188,double_dqn,dueling,735,14.0,641,0.0,0.0,0.05,,,,,,,,,,10000,10000,1.0,306.8023065914409,306.8023065914409,55548,True,449,224000,0.0,0.0,3,LEFT,greedy,34084,51619,60430,78055,15327,208861,0.06836672792477742,1,112094,2,2,306.8023065914409,153.40115329572046,2,2,153.40115329572046,306.8023065914409,153.40115329572046,306.8023065914409,76.08295999691279,2434.6547199012093,3,LEFT,False,,
224395,double_dqn,dueling,735,,,3.0,3.0,0.05,0.003666707780212164,1.9072597026824951,2.837008237838745,0.2665976285934448,1.8932545185089111,2.8908934593200684,0.06359583139419556,0.2479117065668106,0.5939838886260986,10000,10000,1.0,306.7519063065737,306.7519063065737,55600,True,449,224000,0.0,0.0,1,FIRE,greedy,34107,51683,60472,78134,15337,209059,0.06834792064029661,0,112198,2,2,306.7519063065737,153.37595315328684,2,2,153.37595315328684,306.7519063065737,153.37595315328684,306.7519063065737,76.07149391983256,2434.287805434642,1,FIRE,False,,
224396,double_dqn,dueling,735,,,2.0,2.0,0.05,0.003666707780212164,1.9072597026824951,2.837008237838745,0.2665976285934448,1.8932545185089111,2.8908934593200684,0.06359583139419556,0.2479117065668106,0.5939838886260986,10000,10000,1.0,306.75185403738647,306.75185403738647,55600,True,449,224000,0.0,0.0,1,FIRE,fire_reset,34107,51683,60472,78134,15337,209059,0.06834792064029661,1,112198,2,2,306.75185403738647,153.37592701869323,2,2,153.37592701869323,306.75185403738647,153.37592701869323,306.75185403738647,76.07148095758171,2434.287390642615,3,LEFT,True,after_life_loss,
224772,double_dqn,dueling,736,5.0,292,0.0,0.0,0.05,,,,,,,,,,10000,10000,1.0,306.810975462661,306.810975462661,55694,True,450,224500,0.0,0.0,3,LEFT,greedy,34124,51852,60533,78263,15350,209422,0.06829142419874362,1,112386,2,2,306.810975462661,153.4054877313305,2,2,153.4054877313305,306.810975462661,153.4054877313305,306.810975462661,76.08800062306543,2434.8160199380936,3,LEFT,False,,
224795,double_dqn,dueling,736,,,7.0,7.0,0.05,0.005696467589586973,2.099226474761963,2.8429923057556152,1.1515510082244873,2.0746006965637207,2.817317485809326,0.05415556579828262,0.4256970286369324,0.8375386595726013,10000,10000,1.0,306.8122406914588,306.8122406914588,55700,True,450,224500,0.0,0.0,3,LEFT,greedy,34125,51858,60544,78269,15352,209444,0.06829303012509119,0,112398,2,2,306.8122406914588,153.4061203457294,2,2,153.4061203457294,306.8122406914588,153.4061203457294,306.8122406914588,76.08843261931439,2434.8298438180605,3,LEFT,False,,
224796,double_dqn,dueling,736,,,0.0,0.0,0.05,0.005696467589586973,2.099226474761963,2.8429923057556152,1.1515510082244873,2.0746006965637207,2.817317485809326,0.05415556579828262,0.4256970286369324,0.8375386595726013,10000,10000,1.0,306.81218706052016,306.81218706052016,55700,True,450,224500,0.0,0.0,2,RIGHT,greedy,34125,51858,60544,78269,15352,209444,0.06829303012509119,1,112398,2,2,306.81218706052016,153.40609353026008,2,2,153.40609353026008,306.81218706052016,153.40609353026008,306.81218706052016,76.08841931901695,2434.8294182085424,2,RIGHT,False,,
225195,double_dqn,dueling,736,,,11.0,11.0,0.05,0.0016876589506864548,2.0360090732574463,2.9166316986083984,1.2445844411849976,2.0815181732177734,2.8624989986419678,0.046908896416425705,0.13348984718322754,0.37397053837776184,10000,10000,1.0,306.8732754421265,306.8732754421265,55800,True,451,225000,0.0,0.0,3,LEFT,greedy,34150,51939,60673,78434,15374,209822,0.0682694186397627,0,112598,2,2,306.8732754421265,153.43663772106325,2,2,153.43663772106325,306.8732754421265,153.43663772106325,306.8732754421265,76.10553315762952,2435.3770610441447,3,LEFT,False,,
225196,double_dqn,dueling,736,,,3.0,3.0,0.05,0.0016876589506864548,2.0360090732574463,2.9166316986083984,1.2445844411849976,2.0815181732177734,2.8624989986419678,0.046908896416425705,0.13348984718322754,0.37397053837776184,10000,10000,1.0,306.8731037925076,306.8731037925076,55800,True,451,225000,0.0,0.0,3,LEFT,random,34150,51939,60673,78434,15374,209822,0.0682694186397627,1,112598,2,2,306.8731037925076,153.4365518962538,2,2,153.4365518962538,306.8731037925076,153.4365518962538,306.8731037925076,76.10549058798658,2435.3756988155706,3,LEFT,False,,
225255,double_dqn,dueling,737,11.0,573,0.0,0.0,0.05,,,,,,,,,,10000,10000,1.0,306.86842068792976,306.86842068792976,55815,True,451,225000,0.0,0.0,1,FIRE,greedy,34153,51943,60703,78457,15377,209879,0.06826455233156942,0,112628,2,2,306.86842068792976,153.43421034396488,2,2,153.43421034396488,306.86842068792976,153.43421034396488,306.86842068792976,76.10462269472002,2435.3479262310407,1,FIRE,False,,
225595,double_dqn,dueling,737,,,4.0,4.0,0.05,0.0034650731831789017,1.862646222114563,2.850640058517456,0.6166787147521973,1.881171464920044,2.741227388381958,0.05833379179239273,0.2806727886199951,0.3923131227493286,10000,10000,1.0,306.8857608908358,306.8857608908358,55900,True,452,225500,1.0,1.0,3,LEFT,greedy,34186,52001,60826,78583,15393,210203,0.06823259277646766,0,112798,2,2,306.8857608908358,153.4428804454179,2,2,153.4428804454179,306.8857608908358,153.4428804454179,306.8857608908358,76.11058127638336,2435.5386008442674,3,LEFT,False,,
225596,double_dqn,dueling,737,,,7.0,7.0,0.05,0.0034650731831789017,1.862646222114563,2.850640058517456,0.6166787147521973,1.881171464920044,2.741227388381958,0.05833379179239273,0.2806727886199951,0.3923131227493286,10000,10000,1.0,306.88570367686117,306.88570367686117,55900,True,452,225500,0.0,0.0,3,LEFT,greedy,34186,52001,60826,78583,15393,210203,0.06823259277646766,1,112798,2,2,306.88570367686117,153.44285183843058,2,2,153.44285183843058,306.88570367686117,153.44285183843058,306.88570367686117,76.11056708677465,2435.538146776789,3,LEFT,False,,
225698,double_dqn,dueling,738,8.0,463,0.0,0.0,0.05,,,,,,,,,,10000,10000,1.0,306.90222291167345,306.90222291167345,55925,False,452,225500,0.0,0.0,0,NOOP,greedy,34200,52009,60856,78633,15402,210296,0.06824163262412604,1,112849,2,2,306.90222291167345,153.45111145583672,2,2,153.45111145583672,306.90222291167345,153.45111145583672,306.90222291167345,76.11393894133961,2435.6460461228676,0,NOOP,False,,
225995,double_dqn,dueling,738,,,12.0,9.0,0.05,0.0008140602149069309,2.0313148498535156,2.872415065765381,0.027213525027036667,2.0293736457824707,2.881453037261963,0.029409967362880707,0.12042911350727081,0.14949271082878113,10000,10000,1.0,306.9244433529164,306.9244433529164,56000,True,452,225500,0.0,0.0,3,LEFT,random,34221,52082,60951,78742,15413,210583,0.06820032212959522,0,112998,2,2,306.9244433529164,153.4622216764582,2,2,153.4622216764582,306.9244433529164,153.4622216764582,306.9244433529164,76.12211443486527,2435.9076619156885,3,LEFT,False,,
225996,double_dqn,dueling,738,,,2.0,2.0,0.05,0.0008140602149069309,2.0313148498535156,2.872415065765381,0.027213525027036667,2.0293736457824707,2.881453037261963,0.029409967362880707,0.12042911350727081,0.14949271082878113,10000,10000,1.0,306.9243758388357,306.9243758388357,56000,True,452,225500,0.0,0.0,3,LEFT,greedy,34221,52082,60951,78742,15413,210583,0.06820032212959522,1,112998,2,2,306.9243758388357,153.46218791941786,2,2,153.46218791941786,306.9243758388357,153.46218791941786,306.9243758388357,76.12209769030586,2435.9071260897877,3,LEFT,False,,
226119,double_dqn,dueling,739,13.0,432,0.0,0.0,0.05,,,,,,,,,,10000,10000,1.0,306.8876455005785,306.8876455005785,56031,True,453,226000,0.0,0.0,0,NOOP,greedy,34237,52118,60985,78780,15417,210703,0.06818061206439059,0,113060,2,2,306.8876455005785,153.44382275028926,2,2,153.44382275028926,306.8876455005785,153.44382275028926,306.8876455005785,76.11358667347046,2435.634773551055,0,NOOP,False,,
226395,double_dqn,dueling,739,,,3.0,3.0,0.05,0.0010411259718239307,2.1567256450653076,2.8712549209594727,0.34460753202438354,2.1812429428100586,2.937981605529785,0.03772880136966705,0.09728884696960449,0.17948514223098755,10000,10000,1.0,306.8075447961555,306.8075447961555,56100,True,453,226000,0.0,0.0,2,RIGHT,greedy,34274,52191,61046,78885,15426,210970,0.06813724624109967,0,113198,2,2,306.8075447961555,153.40377239807776,2,2,153.40377239807776,306.8075447961555,153.40377239807776,306.8075447961555,76.09504827537802,2435.0415448120966,2,RIGHT,False,,
226396,double_dqn,dueling,739,,,6.0,6.0,0.05,0.0010411259718239307,2.1567256450653076,2.8712549209594727,0.34460753202438354,2.1812429428100586,2.937981605529785,0.03772880136966705,0.09728884696960449,0.17948514223098755,10000,10000,1.0,306.8074887925775,306.8074887925775,56100,True,453,226000,0.0,0.0,1,FIRE,greedy,34274,52191,61046,78885,15426,210970,0.06813724624109967,1,113198,2,2,306.8074887925775,153.40374439628874,2,2,153.40374439628874,306.8074887925775,153.40374439628874,306.8074887925775,76.09503438525358,2435.0411003281147,1,FIRE,False,,
226760,double_dqn,dueling,740,10.0,531,0.0,0.0,0.05,,,,,,,,,,10000,10000,1.0,306.7981838292071,306.7981838292071,56191,True,454,226500,0.0,0.0,2,RIGHT,random,34351,52268,61133,79008,15445,211315,0.0681116599047451,1,113380,2,2,306.7981838292071,153.39909191460356,2,2,153.39909191460356,306.7981838292071,153.39909191460356,306.7981838292071,76.09446907218579,2435.023010309945,2,RIGHT,False,,
226795,double_dqn,dueling,740,,,7.0,7.0,0.05,0.004578667692840099,1.9325706958770752,2.8482213020324707,0.03990628197789192,1.926392674446106,3.008568525314331,0.06267347931861877,0.3844887614250183,0.25548937916755676,10000,10000,1.0,306.8040236542664,306.8040236542664,56200,True,454,226500,0.0,0.0,3,LEFT,greedy,34365,52276,61136,79019,15449,211347,0.06811848533483836,0,113398,2,2,306.8040236542664,153.4020118271332,2,2,153.4020118271332,306.8040236542664,153.4020118271332,306.8040236542664,76.09608930804619,2435.074857857478,3,LEFT,False,,
226796,double_dqn,dueling,740,,,0.0,0.0,0.05,0.004578667692840099,1.9325706958770752,2.8482213020324707,0.03990628197789192,1.926392674446106,3.008568525314331,0.06267347931861877,0.3844887614250183,0.25548937916755676,10000,10000,1.0,306.8039697588016,306.8039697588016,56200,True,454,226500,0.0,0.0,0,NOOP,greedy,34365,52276,61136,79019,15449,211347,0.06811848533483836,1,113398,2,2,306.8039697588016,153.4019848794008,2,2,153.4019848794008,306.8039697588016,153.4019848794008,306.8039697588016,76.09607594044411,2435.0744300942115,0,NOOP,False,,
227195,double_dqn,dueling,740,,,11.0,11.0,0.05,0.0014476955402642488,1.983883023262024,2.8653390407562256,0.3069235682487488,1.977016806602478,2.8253281116485596,0.04069802165031433,0.18325035274028778,0.2709004580974579,10000,10000,1.0,306.8603120380387,306.8603120380387,56300,True,455,227000,0.0,0.0,1,FIRE,greedy,34422,52394,61213,79167,15473,211723,0.06810419197521084,0,113598,2,2,306.8603120380387,153.43015601901936,2,2,153.43015601901936,306.8603120380387,153.43015601901936,306.8603120380387,76.1119530841228,2435.5824986919297,1,FIRE,False,,
227196,double_dqn,dueling,740,,,4.0,4.0,0.05,0.0014476955402642488,1.983883023262024,2.8653390407562256,0.3069235682487488,1.977016806602478,2.8253281116485596,0.04069802165031433,0.18325035274028778,0.2709004580974579,10000,10000,1.0,306.8602590324795,306.8602590324795,56300,True,455,227000,0.0,0.0,0,NOOP,greedy,34422,52394,61213,79167,15473,211723,0.06810419197521084,1,113598,2,2,306.8602590324795,153.43012951623976,2,2,153.43012951623976,306.8602590324795,153.43012951623976,306.8602590324795,76.11193993691387,2435.582077981244,0,NOOP,False,,
227265,double_dqn,dueling,741,12.0,573,0.0,0.0,0.05,,,,,,,,,,10000,10000,1.0,306.8772077823881,306.8772077823881,56317,False,455,227000,0.0,0.0,3,LEFT,greedy,34431,52414,61228,79193,15477,211789,0.06810081578414721,0,113633,2,2,306.8772077823881,153.43860389119405,2,2,153.43860389119405,306.8772077823881,153.43860389119405,306.8772077823881,76.11526991387223,2435.688637243911,3,LEFT,False,,
227420,double_dqn,dueling,742,6.0,330,0.0,0.0,0.05,,,,,,,,,,10000,10000,1.0,306.88764970500716,306.88764970500716,56356,True,455,227000,0.0,0.0,0,NOOP,greedy,34455,52438,61261,79266,15486,211934,0.06809427490985841,1,113710,2,2,306.88764970500716,153.44382485250358,2,2,153.44382485250358,306.88764970500716,153.44382485250358,306.88764970500716,76.11979413692318,2435.8334123815416,0,NOOP,False,,
227595,double_dqn,dueling,742,,,4.0,4.0,0.05,0.002548234537243843,1.934666395187378,2.7932653427124023,-0.22489841282367706,1.9994730949401855,2.964648962020874,0.05435740202665329,0.17679762840270996,0.4834555983543396,10000,10000,1.0,306.8982127944597,306.8982127944597,56400,True,456,227500,0.0,0.0,0,NOOP,greedy,34520,52469,61299,79308,15497,212099,0.06808994885674616,0,113798,2,2,306.8982127944597,153.44910639722985,2,2,153.44910639722985,306.8982127944597,153.44910639722985,306.8982127944597,76.12324474695018,2435.9438319024057,0,NOOP,False,,
227596,double_dqn,dueling,742,,,2.0,2.0,0.05,0.002548234537243843,1.934666395187378,2.7932653427124023,-0.22489841282367706,1.9994730949401855,2.964648962020874,0.05435740202665329,0.17679762840270996,0.4834555983543396,10000,10000,1.0,306.89815521774324,306.89815521774324,56400,True,456,227500,0.0,0.0,3,LEFT,greedy,34520,52469,61299,79308,15497,212099,0.06808994885674616,1,113798,2,2,306.89815521774324,153.44907760887162,2,2,153.44907760887162,306.89815521774324,153.44907760887162,306.89815521774324,76.12323046558164,2435.9433748986125,3,LEFT,False,,
227995,double_dqn,dueling,742,,,9.0,9.0,0.05,0.001931333332322538,1.8845452070236206,2.9634835720062256,0.6780706644058228,1.8883507251739502,2.997044563293457,0.04738673195242882,0.16513550281524658,0.14585083723068237,10000,10000,1.0,306.949307992029,306.949307992029,56500,True,456,227500,0.0,0.0,0,NOOP,greedy,34586,52549,61421,79440,15517,212479,0.06805821154757101,0,113998,2,2,306.949307992029,153.4746539960145,2,2,153.4746539960145,306.949307992029,153.4746539960145,306.949307992029,76.13779789555086,2436.4095326576276,0,NOOP,False,,
227996,double_dqn,dueling,742,,,6.0,6.0,0.05,0.001931333332322538,1.8845452070236206,2.9634835720062256,0.6780706644058228,1.8883507251739502,2.997044563293457,0.04738673195242882,0.16513550281524658,0.14585083723068237,10000,10000,1.0,306.9492490305674,306.9492490305674,56500,True,456,227500,0.0,0.0,2,RIGHT,greedy,34586,52549,61421,79440,15517,212479,0.06805821154757101,1,113998,2,2,306.9492490305674,153.4746245152837,2,2,153.4746245152837,306.9492490305674,153.4746245152837,306.9492490305674,76.13778327034817,2436.4090646511413,2,RIGHT,False,,
228395,double_dqn,dueling,742,,,14.0,14.0,0.05,0.004037702456116676,1.889604091644287,2.6515276432037354,0.7051783800125122,1.9456591606140137,2.6705915927886963,0.054306741803884506,0.38505446910858154,0.3874041736125946,10000,10000,1.0,306.91618258456504,306.91618258456504,56600,True,457,228000,0.0,0.0,3,LEFT,greedy,34777,52579,61504,79536,15537,212859,0.0680265854042978,0,114198,2,2,306.91618258456504,153.45809129228252,2,2,153.45809129228252,306.91618258456504,153.45809129228252,306.91618258456504,76.13144879229736,2436.2063613535156,3,LEFT,False,,
228396,double_dqn,dueling,742,,,10.0,10.0,0.05,0.004037702456116676,1.889604091644287,2.6515276432037354,0.7051783800125122,1.9456591606140137,2.6705915927886963,0.054306741803884506,0.38505446910858154,0.3874041736125946,10000,10000,1.0,306.9161208848599,306.9161208848599,56600,True,457,228000,0.0,0.0,0,NOOP,greedy,34777,52579,61504,79536,15537,212859,0.0680265854042978,1,114198,2,2,306.9161208848599,153.45806044242994,2,2,153.45806044242994,306.9161208848599,153.45806044242994,306.9161208848599,76.13143348750664,2436.2058716002125,0,NOOP,False,,
228585,double_dqn,dueling,743,16.0,660,0.0,0.0,0.05,,,,,,,,,,10000,10000,1.0,306.9292949693683,306.9292949693683,56647,False,458,228500,0.0,0.0,0,NOOP,greedy,34880,52604,61530,79572,15549,213037,0.0680225385631666,0,114293,2,2,306.9292949693683,153.46464748468415,2,2,153.46464748468415,306.9292949693683,153.46464748468415,306.9292949693683,76.1343909316953,2436.3005098142494,0,NOOP,False,,
228648,double_dqn,dueling,744,12.0,614,0.0,0.0,0.05,,,,,,,,,,10000,10000,1.0,306.92506118043576,306.92506118043576,56663,True,458,228500,0.0,0.0,0,NOOP,greedy,34897,52615,61542,79594,15553,213095,0.06802158776809769,1,114324,2,2,306.92506118043576,153.46253059021788,2,2,153.46253059021788,306.92506118043576,153.46253059021788,306.92506118043576,76.1348217802847,2436.3142969691103,0,NOOP,False,,
228795,double_dqn,dueling,744,,,2.0,2.0,0.05,0.0016312114894390106,2.224092960357666,3.190565347671509,0.27277281880378723,2.237555742263794,3.1981608867645264,0.03695433959364891,0.2388927936553955,0.220062255859375,10000,10000,1.0,306.92868939189145,306.92868939189145,56700,True,458,228500,0.0,0.0,2,RIGHT,greedy,34910,52627,61603,79656,15557,213239,0.06799506984387839,0,114398,2,2,306.92868939189145,153.46434469594573,2,2,153.46434469594573,306.92868939189145,153.46434469594573,306.92868939189145,76.1364071662283,2436.3650293193054,2,RIGHT,False,,
228796,double_dqn,dueling,744,,,1.0,1.0,0.05,0.0016312114894390106,2.224092960357666,3.190565347671509,0.27277281880378723,2.237555742263794,3.1981608867645264,0.03695433959364891,0.2388927936553955,0.220062255859375,10000,10000,1.0,306.9286311701655,306.9286311701655,56700,True,458,228500,0.0,0.0,3,LEFT,greedy,34910,52627,61603,79656,15557,213239,0.06799506984387839,1,114398,2,2,306.9286311701655,153.46431558508274,2,2,153.46431558508274,306.9286311701655,153.46431558508274,306.9286311701655,76.13639272380833,2436.3645671618665,3,LEFT,False,,
229195,double_dqn,dueling,744,,,6.0,6.0,0.05,0.002130642533302307,1.9020887613296509,2.898181676864624,0.6853204369544983,1.9186002016067505,2.8974688053131104,0.04621420055627823,0.20130670070648193,0.15372483432292938,10000,10000,1.0,306.9123221945236,306.9123221945236,56800,True,459,229000,0.0,0.0,2,RIGHT,greedy,34954,52738,61697,79807,15578,213618,0.06796802736522452,0,114598,2,2,306.9123221945236,153.4561610972618,2,2,153.4561610972618,306.9123221945236,153.4561610972618,306.9123221945236,76.13419156949354,2436.294130223793,2,RIGHT,False,,
229196,double_dqn,dueling,744,,,6.0,6.0,0.05,0.002130642533302307,1.9020887613296509,2.898181676864624,0.6853204369544983,1.9186002016067505,2.8974688053131104,0.04621420055627823,0.20130670070648193,0.15372483432292938,10000,10000,1.0,306.9122670026228,306.9122670026228,56800,True,459,229000,0.0,0.0,0,NOOP,greedy,34954,52738,61697,79807,15578,213618,0.06796802736522452,1,114598,2,2,306.9122670026228,153.4561335013114,2,2,153.4561335013114,306.9122670026228,153.4561335013114,306.9122670026228,76.1341778783171,2436.2936921061473,0,NOOP,False,,
229251,double_dqn,dueling,745,6.0,333,0.0,0.0,0.05,,,,,,,,,,10000,10000,1.0,306.90475032452593,306.90475032452593,56814,True,459,229000,0.0,0.0,0,NOOP,greedy,34965,52750,61706,79831,15582,213670,0.06796887268159056,0,114626,2,2,306.90475032452593,153.45237516226297,2,2,153.45237516226297,306.90475032452593,153.45237516226297,306.90475032452593,76.13257055716953,2436.242257829425,0,NOOP,False,,
229595,double_dqn,dueling,745,,,4.0,4.0,0.05,0.0016864700010046363,2.099496841430664,3.052449941635132,0.6506163477897644,2.111926794052124,3.2235519886016846,0.04450203478336334,0.18411469459533691,0.10646767914295197,10000,10000,1.0,306.95698615281964,306.95698615281964,56900,True,460,229500,0.0,0.0,0,NOOP,greedy,35030,52802,61801,79963,15602,213994,0.06795414554260527,0,114798,2,2,306.95698615281964,153.47849307640982,2,2,153.47849307640982,306.95698615281964,153.47849307640982,306.95698615281964,76.1471044463332,2436.7073422826625,0,NOOP,False,,
229596,double_dqn,dueling,745,,,10.0,10.0,0.05,0.0016864700010046363,2.099496841430664,3.052449941635132,0.6506163477897644,2.111926794052124,3.2235519886016846,0.04450203478336334,0.18411469459533691,0.10646767914295197,10000,10000,1.0,306.95693213312944,306.95693213312944,56900,True,460,229500,0.0,0.0,1,FIRE,greedy,35030,52802,61801,79963,15602,213994,0.06795414554260527,1,114798,2,2,306.95693213312944,153.47846606656472,2,2,153.47846606656472,306.95693213312944,153.47846606656472,306.95693213312944,76.14709104561852,2436.7069134597928,1,FIRE,False,,
229706,double_dqn,dueling,746,12.0,529,0.0,0.0,0.05,,,,,,,,,,10000,10000,1.0,306.9666255533566,306.9666255533566,56927,False,460,229500,0.0,0.0,0,NOOP,greedy,35070,52814,61827,79995,15607,214099,0.06794337109174337,1,114853,2,2,306.9666255533566,153.4833127766783,2,2,153.4833127766783,306.9666255533566,153.4833127766783,306.9666255533566,76.14881457916212,2436.762066533188,0,NOOP,False,,
229995,double_dqn,dueling,746,,,10.0,10.0,0.05,0.0014321506023406982,2.061131000518799,2.889021635055542,1.127925992012024,2.093057870864868,2.9163191318511963,0.0409720279276371,0.1197824478149414,0.20028896629810333,10000,10000,1.0,307.01444624336347,307.01444624336347,57000,True,460,229500,0.0,0.0,1,FIRE,greedy,35107,52855,61925,80109,15629,214367,0.0679533557105341,0,114998,2,2,307.01444624336347,153.50722312168173,2,2,153.50722312168173,307.01444624336347,153.50722312168173,307.01444624336347,76.16318099712474,2437.2217919079917,1,FIRE,False,,
229996,double_dqn,dueling,746,,,2.0,2.0,0.05,0.0014321506023406982,2.061131000518799,2.889021635055542,1.127925992012024,2.093057870864868,2.9163191318511963,0.0409720279276371,0.1197824478149414,0.20028896629810333,10000,10000,1.0,307.0143891069169,307.0143891069169,57000,True,460,229500,0.0,0.0,0,NOOP,greedy,35107,52855,61925,80109,15629,214367,0.0679533557105341,1,114998,2,2,307.0143891069169,153.50719455345845,2,2,153.50719455345845,307.0143891069169,153.50719455345845,307.0143891069169,76.16316682289427,2437.2213383326166,0,NOOP,False,,
230395,double_dqn,dueling,746,,,16.0,13.0,0.05,0.0030744322575628757,1.9862244129180908,2.9000489711761475,0.4128778874874115,2.0128562450408936,2.956838846206665,0.05746002867817879,0.26738858222961426,0.22741110622882843,10000,10000,1.0,307.07445833526407,307.07445833526407,57100,True,461,230000,0.0,0.0,1,FIRE,greedy,35194,52934,62030,80238,15648,214748,0.06791784579593396,0,115198,2,2,307.07445833526407,153.53722916763203,2,2,153.53722916763203,307.07445833526407,153.53722916763203,307.07445833526407,76.17988015496991,2437.756164959037,1,FIRE,False,,
230396,double_dqn,dueling,746,,,8.0,8.0,0.05,0.0030744322575628757,1.9862244129180908,2.9000489711761475,0.4128778874874115,2.0128562450408936,2.956838846206665,0.05746002867817879,0.26738858222961426,0.22741110622882843,10000,10000,1.0,307.0743996884964,307.0743996884964,57100,True,461,230000,0.0,0.0,3,LEFT,greedy,35194,52934,62030,80238,15648,214748,0.06791784579593396,1,115198,2,2,307.0743996884964,153.5371998442482,2,2,153.5371998442482,307.0743996884964,153.5371998442482,307.0743996884964,76.17986560571774,2437.7556993829676,3,LEFT,False,,
230427,double_dqn,dueling,747,16.0,588,0.0,0.0,0.05,,,,,,,,,,10000,10000,1.0,307.0777442793514,307.0777442793514,57108,True,461,230000,0.0,0.0,0,NOOP,greedy,35205,52938,62036,80249,15649,214779,0.06791275365840957,0,115214,2,2,307.0777442793514,153.5388721396757,2,2,153.5388721396757,307.0777442793514,153.5388721396757,307.0777442793514,76.18083978629568,2437.7868731614617,0,NOOP,False,,
230714,double_dqn,dueling,748,10.0,504,0.0,0.0,0.05,,,,,,,,,,10000,10000,1.0,307.05489530887473,307.05489530887473,57179,False,462,230500,0.0,0.0,0,NOOP,greedy,35330,52975,62084,80325,15666,215048,0.0679022512721378,1,115357,2,2,307.05489530887473,153.52744765443737,2,2,153.52744765443737,307.05489530887473,153.52744765443737,307.05489530887473,76.17528455311741,2437.609105699757,0,NOOP,False,,
230795,double_dqn,dueling,748,,,4.0,4.0,0.05,0.0011964169098064303,1.943178653717041,2.7595202922821045,0.12203573435544968,1.9562103748321533,2.7310526371002197,0.03978818655014038,0.1132735013961792,0.11362437158823013,10000,10000,1.0,307.05697784162334,307.05697784162334,57200,True,462,230500,0.0,0.0,3,LEFT,greedy,35345,52992,62104,80355,15671,215125,0.06789979029099291,0,115398,2,2,307.05697784162334,153.52848892081167,2,2,153.52848892081167,307.05697784162334,153.52848892081167,307.05697784162334,76.17734390946845,2437.6750051029903,3,LEFT,False,,
230796,double_dqn,dueling,748,,,0.0,0.0,0.05,0.0011964169098064303,1.943178653717041,2.7595202922821045,0.12203573435544968,1.9562103748321533,2.7310526371002197,0.03978818655014038,0.1132735013961792,0.11362437158823013,10000,10000,1.0,307.05691894835377,307.05691894835377,57200,True,462,230500,0.0,0.0,3,LEFT,greedy,35345,52992,62104,80355,15671,215125,0.06789979029099291,1,115398,2,2,307.05691894835377,153.52845947417688,2,2,153.52845947417688,307.05691894835377,153.52845947417688,307.05691894835377,76.17732929871809,2437.674537558979,3,LEFT,False,,
231195,double_dqn,dueling,748,,,6.0,6.0,0.05,0.0025072083808481693,2.0089168548583984,3.053173065185547,0.6291850805282593,2.0356290340423584,3.097494602203369,0.050627484917640686,0.231919527053833,0.17746658623218536,10000,10000,1.0,307.0462432570571,307.0462432570571,57300,True,463,231000,0.0,0.0,2,RIGHT,greedy,35408,53049,62223,80516,15703,215493,0.06792072527206353,0,115598,2,2,307.0462432570571,153.52312162852854,2,2,153.52312162852854,307.0462432570571,153.52312162852854,307.0462432570571,76.17647010407293,2437.647043330334,2,RIGHT,False,,
231196,double_dqn,dueling,748,,,5.0,5.0,0.05,0.0025072083808481693,2.0089168548583984,3.053173065185547,0.6291850805282593,2.0356290340423584,3.097494602203369,0.050627484917640686,0.231919527053833,0.17746658623218536,10000,10000,1.0,307.0461448088606,307.0461448088606,57300,True,463,231000,1.0,1.0,3,LEFT,greedy,35408,53049,62223,80516,15703,215493,0.06792072527206353,1,115598,2,2,307.0461448088606,153.5230724044303,2,2,153.5230724044303,307.0461448088606,153.5230724044303,307.0461448088606,76.17644567962135,2437.6462617478833,3,LEFT,False,,
231283,double_dqn,dueling,749,7.0,428,0.0,0.0,0.05,,,,,,,,,,10000,10000,1.0,307.0505315441466,307.0505315441466,57322,True,463,231000,0.0,0.0,3,LEFT,greedy,35425,53056,62251,80552,15707,215577,0.06791217723664413,0,115642,2,2,307.0505315441466,153.5252657720733,2,2,153.5252657720733,307.0505315441466,153.5252657720733,307.0505315441466,76.17792619758995,2437.6936383228785,3,LEFT,False,,
231595,double_dqn,dueling,749,,,4.0,4.0,0.05,0.004601499997079372,1.8871880769729614,2.774754285812378,-0.26789647340774536,1.9099899530410767,2.7935543060302734,0.059110596776008606,0.44026219844818115,0.4966944754123688,10000,10000,1.0,307.09433161825945,307.09433161825945,57400,True,464,231500,0.0,0.0,3,LEFT,greedy,35530,53085,62318,80663,15726,215870,0.067902727162818,0,115798,2,2,307.09433161825945,153.54716580912972,2,2,153.54716580912972,307.09433161825945,153.54716580912972,307.09433161825945,76.19017928359945,2438.0857370751824,3,LEFT,False,,
231596,double_dqn,dueling,749,,,9.0,9.0,0.05,0.004601499997079372,1.8871880769729614,2.774754285812378,-0.26789647340774536,1.9099899530410767,2.7935543060302734,0.059110596776008606,0.44026219844818115,0.4966944754123688,10000,10000,1.0,307.0942776552997,307.0942776552997,57400,True,464,231500,0.0,0.0,2,RIGHT,greedy,35530,53085,62318,80663,15726,215870,0.067902727162818,1,115798,2,2,307.0942776552997,153.54713882764986,2,2,153.54713882764986,307.0942776552997,153.54713882764986,307.0942776552997,76.19016589537586,2438.0853086520274,2,RIGHT,False,,
231824,double_dqn,dueling,750,14.0,555,0.0,0.0,0.05,,,,,,,,,,10000,10000,1.0,307.1164445738248,307.1164445738248,57457,True,464,231500,0.0,0.0,0,NOOP,greedy,35592,53121,62379,80732,15737,216087,0.06788339429912348,1,115912,2,2,307.1164445738248,153.5582222869124,2,2,153.5582222869124,307.1164445738248,153.5582222869124,307.1164445738248,76.19667462853133,2438.2935881130024,0,NOOP,False,,
231995,double_dqn,dueling,750,,,7.0,7.0,0.05,0.0014883200637996197,1.7108427286148071,2.818525552749634,0.24099743366241455,1.7524375915527344,2.842458486557007,0.04388680309057236,0.15011966228485107,0.2826729416847229,10000,10000,1.0,307.14537624844024,307.14537624844024,57500,True,464,231500,0.0,0.0,3,LEFT,greedy,35622,53135,62435,80804,15747,216249,0.06787617027879791,0,115998,2,2,307.14537624844024,153.57268812422012,2,2,153.57268812422012,307.14537624844024,153.57268812422012,307.14537624844024,76.20461170611358,2438.5475745956346,3,LEFT,False,,
231996,double_dqn,dueling,750,,,2.0,2.0,0.05,0.0014883200637996197,1.7108427286148071,2.818525552749634,0.24099743366241455,1.7524375915527344,2.842458486557007,0.04388680309057236,0.15011966228485107,0.2826729416847229,10000,10000,1.0,307.1452846947301,307.1452846947301,57500,True,464,231500,0.0,0.0,3,LEFT,greedy,35622,53135,62435,80804,15747,216249,0.06787617027879791,1,115998,2,2,307.1452846947301,153.57264234736505,2,2,153.57264234736505,307.1452846947301,153.57264234736505,307.1452846947301,76.2045889910885,2438.546847714832,3,LEFT,False,,
232131,double_dqn,dueling,751,8.0,424,0.0,0.0,0.05,,,,,,,,,,10000,10000,1.0,307.15570057713825,307.15570057713825,57534,True,465,232000,0.0,0.0,0,NOOP,greedy,35656,53166,62471,80839,15757,216375,0.06787948236348285,0,116066,2,2,307.15570057713825,153.57785028856912,2,2,153.57785028856912,307.15570057713825,153.57785028856912,307.15570057713825,76.20777201601673,2438.6487045125355,0,NOOP,False,,
232395,double_dqn,dueling,751,,,2.0,2.0,0.05,0.0029595131054520607,1.971321702003479,3.221226930618286,0.4398861527442932,1.9756872653961182,3.154754400253296,0.05590485781431198,0.22349929809570312,0.2623329758644104,10000,10000,1.0,307.1835374883461,307.1835374883461,57600,True,465,232000,0.0,0.0,2,RIGHT,greedy,35707,53205,62543,80941,15773,216623,0.06787121981445464,0,116198,2,2,307.1835374883461,153.59176874417304,2,2,153.59176874417304,307.1835374883461,153.59176874417304,307.1835374883461,76.21583750985438,2438.90680031534,2,RIGHT,False,,
232396,double_dqn,dueling,751,,,6.0,6.0,0.05,0.0029595131054520607,1.971321702003479,3.221226930618286,0.4398861527442932,1.9756872653961182,3.154754400253296,0.05590485781431198,0.22349929809570312,0.2623329758644104,10000,10000,1.0,307.1834847467547,307.1834847467547,57600,True,465,232000,0.0,0.0,3,LEFT,greedy,35707,53205,62543,80941,15773,216623,0.06787121981445464,1,116198,2,2,307.1834847467547,153.59174237337734,2,2,153.59174237337734,307.1834847467547,153.59174237337734,307.1834847467547,76.21582442404714,2438.9063815695085,3,LEFT,False,,
232795,double_dqn,dueling,751,,,6.0,6.0,0.05,0.0036067443434149027,1.8254902362823486,2.8637075424194336,-0.3365231156349182,1.848892092704773,2.9620542526245117,0.05740589275956154,0.2945865988731384,0.22428861260414124,10000,10000,1.0,307.22057558004946,307.22057558004946,57700,True,466,232500,0.0,0.0,3,LEFT,greedy,35762,53246,62679,81109,15795,217001,0.06784910393649375,0,116398,2,2,307.22057558004946,153.61028779002473,2,2,153.61028779002473,307.22057558004946,153.61028779002473,307.22057558004946,76.22677448708583,2439.2567835867467,3,LEFT,False,,
232796,double_dqn,dueling,751,,,10.0,10.0,0.05,0.0036067443434149027,1.8254902362823486,2.8637075424194336,-0.3365231156349182,1.848892092704773,2.9620542526245117,0.05740589275956154,0.2945865988731384,0.22428861260414124,10000,10000,1.0,307.22052284249156,307.22052284249156,57700,True,466,232500,0.0,0.0,2,RIGHT,greedy,35762,53246,62679,81109,15795,217001,0.06784910393649375,1,116398,2,2,307.22052284249156,153.61026142124578,2,2,153.61026142124578,307.22052284249156,153.61026142124578,307.22052284249156,76.22676140197939,2439.2563648633404,2,RIGHT,False,,
232931,double_dqn,dueling,752,10.0,400,0.0,0.0,0.05,,,,,,,,,,10000,10000,1.0,307.196111904556,307.196111904556,57734,True,466,232500,0.0,0.0,2,RIGHT,greedy,35772,53273,62728,81159,15802,217130,0.06783954115364141,0,116466,2,2,307.196111904556,153.598055952278,2,2,153.598055952278,307.196111904556,153.598055952278,307.196111904556,76.22129629395458,2439.0814814065466,2,RIGHT,False,,
233180,double_dqn,dueling,753,17.0,678,0.0,0.0,0.05,,,,,,,,,,10000,10000,1.0,307.1509788492208,307.1509788492208,57796,True,467,233000,0.0,0.0,0,NOOP,greedy,35833,53342,62783,81222,15809,217371,0.06779740972639163,1,116590,2,2,307.1509788492208,153.5754894246104,2,2,153.5754894246104,307.1509788492208,153.5754894246104,307.1509788492208,76.21117357014943,2438.7575542447817,0,NOOP,False,,
233195,double_dqn,dueling,753,,,3.0,3.0,0.05,0.002104797400534153,1.9297460317611694,3.028506278991699,0.07609722018241882,1.9464558362960815,2.988985776901245,0.04745602235198021,0.1859508752822876,0.15406017005443573,10000,10000,1.0,307.1522880242754,307.1522880242754,57800,True,467,233000,0.0,0.0,1,FIRE,greedy,35833,53345,62789,81229,15811,217385,0.06780133449973413,0,116598,2,2,307.1522880242754,153.5761440121377,2,2,153.5761440121377,307.1522880242754,153.5761440121377,307.1522880242754,76.21156766655362,2438.770165329716,1,FIRE,False,,
233196,double_dqn,dueling,753,,,0.0,0.0,0.05,0.002104797400534153,1.9297460317611694,3.028506278991699,0.07609722018241882,1.9464558362960815,2.988985776901245,0.04745602235198021,0.1859508752822876,0.15406017005443573,10000,10000,1.0,307.152235326804,307.152235326804,57800,True,467,233000,0.0,0.0,3,LEFT,greedy,35833,53345,62789,81229,15811,217385,0.06780133449973413,1,116598,2,2,307.152235326804,153.576117663402,2,2,153.576117663402,307.152235326804,153.576117663402,307.152235326804,76.21155459109542,2438.7697469150535,3,LEFT,False,,
233595,double_dqn,dueling,753,,,8.0,8.0,0.05,0.0021177479065954685,1.7549200057983398,3.007798433303833,-0.3428556025028229,1.8111687898635864,2.952716827392578,0.05088487267494202,0.13529205322265625,0.33180052042007446,10000,10000,1.0,307.14318022111615,307.14318022111615,57900,True,468,233500,0.0,0.0,0,NOOP,greedy,35927,53402,62906,81361,15834,217762,0.06778369492628299,0,116798,2,2,307.14318022111615,153.57159011055808,2,2,153.57159011055808,307.14318022111615,153.57159011055808,307.14318022111615,76.21103387189571,2438.7530839006627,0,NOOP,False,,
233596,double_dqn,dueling,753,,,4.0,4.0,0.05,0.0021177479065954685,1.7549200057983398,3.007798433303833,-0.3428556025028229,1.8111687898635864,2.952716827392578,0.05088487267494202,0.13529205322265625,0.33180052042007446,10000,10000,1.0,307.14312577804355,307.14312577804355,57900,True,468,233500,0.0,0.0,3,LEFT,greedy,35927,53402,62906,81361,15834,217762,0.06778369492628299,1,116798,2,2,307.14312577804355,153.57156288902178,2,2,153.57156288902178,307.14312577804355,153.57156288902178,307.14312577804355,76.21102036300762,2438.752651616244,3,LEFT,False,,
233995,double_dqn,dueling,753,,,16.0,13.0,0.05,0.008984141051769257,1.9107450246810913,2.9592959880828857,0.6787086725234985,1.9179465770721436,2.9765007495880127,0.06324592977762222,0.6787086725234985,0.3590894639492035,10000,10000,1.0,307.18701039418886,307.18701039418886,58000,True,468,233500,0.0,0.0,1,FIRE,random,36052,53449,63003,81492,15850,218146,0.067736200618814,0,116998,2,2,307.18701039418886,153.59350519709443,2,2,153.59350519709443,307.18701039418886,153.59350519709443,307.18701039418886,76.22362539625351,2439.1560126801123,1,FIRE,False,,
233996,double_dqn,dueling,753,,,8.0,8.0,0.05,0.008984141051769257,1.9107450246810913,2.9592959880828857,0.6787086725234985,1.9179465770721436,2.9765007495880127,0.06324592977762222,0.6787086725234985,0.3590894639492035,10000,10000,1.0,307.1869592672798,307.1869592672798,58000,True,468,233500,0.0,0.0,0,NOOP,greedy,36052,53449,63003,81492,15850,218146,0.067736200618814,1,116998,2,2,307.1869592672798,153.5934796336399,2,2,153.5934796336399,307.1869592672798,153.5934796336399,307.1869592672798,76.22361270991512,2439.1556067172837,0,NOOP,False,,
234162,double_dqn,dueling,754,10.0,491,0.0,0.0,0.05,,,,,,,,,,10000,10000,1.0,307.19529816275104,307.19529816275104,58041,False,469,234000,0.0,0.0,0,NOOP,greedy,36076,53495,63060,81531,15863,218299,0.06774369880680896,1,117081,2,2,307.19529816275104,153.59764908137552,2,2,153.59764908137552,307.19529816275104,153.59764908137552,307.19529816275104,76.22524616387638,2439.207877244044,0,NOOP,False,,
234243,double_dqn,dueling,755,20.0,656,0.0,0.0,0.05,,,,,,,,,,10000,10000,1.0,307.2046772572693,307.2046772572693,58062,True,469,234000,0.0,0.0,0,NOOP,greedy,36107,53502,63087,81548,15866,218378,0.06773279144823346,0,117122,2,2,307.2046772572693,153.60233862863464,2,2,153.60233862863464,307.2046772572693,153.60233862863464,307.2046772572693,76.2290679964609,2439.3301758867487,0,NOOP,False,,
234395,double_dqn,dueling,755,,,1.0,1.0,0.05,0.002829724457114935,1.7254358530044556,3.0850272178649902,-0.30004429817199707,1.7907202243804932,3.127730131149292,0.05989384651184082,0.17615950107574463,0.5732641220092773,10000,10000,1.0,307.22365479533886,307.22365479533886,58100,True,469,234000,0.0,0.0,2,RIGHT,greedy,36129,53516,63127,81624,15870,218526,0.06770593354835407,0,117198,2,2,307.22365479533886,153.61182739766943,2,2,153.61182739766943,307.22365479533886,153.61182739766943,307.22365479533886,76.23442411805229,2439.5015717776732,2,RIGHT,False,,
234396,double_dqn,dueling,755,,,2.0,2.0,0.05,0.002829724457114935,1.7254358530044556,3.0850272178649902,-0.30004429817199707,1.7907202243804932,3.127730131149292,0.05989384651184082,0.17615950107574463,0.5732641220092773,10000,10000,1.0,307.22360191212863,307.22360191212863,58100,True,469,234000,0.0,0.0,3,LEFT,greedy,36129,53516,63127,81624,15870,218526,0.06770593354835407,1,117198,2,2,307.22360191212863,153.61180095606431,2,2,153.61180095606431,307.22360191212863,153.61180095606431,307.22360191212863,76.23441099562173,2439.5011518598953,3,LEFT,False,,
234795,double_dqn,dueling,755,,,5.0,5.0,0.05,0.00563368946313858,1.7306352853775024,2.701791763305664,0.03407054394483566,1.777259111404419,2.8903770446777344,0.07612670958042145,0.2969553470611572,0.4712190330028534,10000,10000,1.0,307.28867004785036,307.28867004785036,58200,True,470,234500,0.0,0.0,3,LEFT,greedy,36202,53540,63224,81830,15884,218912,0.06765021550622669,0,117398,2,2,307.28867004785036,153.64433502392518,2,2,153.64433502392518,307.28867004785036,153.64433502392518,307.28867004785036,76.25225321545555,2440.0721028945777,3,LEFT,False,,
234796,double_dqn,dueling,755,,,7.0,7.0,0.05,0.00563368946313858,1.7306352853775024,2.701791763305664,0.03407054394483566,1.777259111404419,2.8903770446777344,0.07612670958042145,0.2969553470611572,0.4712190330028534,10000,10000,1.0,307.2886198211143,307.2886198211143,58200,True,470,234500,0.0,0.0,0,NOOP,greedy,36202,53540,63224,81830,15884,218912,0.06765021550622669,1,117398,2,2,307.2886198211143,153.64430991055715,2,2,153.64430991055715,307.2886198211143,153.64430991055715,307.2886198211143,76.25224075192479,2440.071704061593,0,NOOP,False,,
235195,double_dqn,dueling,755,,,9.0,9.0,0.05,0.001951554324477911,1.8419091701507568,2.804602861404419,0.6087868213653564,1.877516508102417,2.887141227722168,0.046003639698028564,0.22760796546936035,0.19835515320301056,10000,10000,1.0,307.28651894314356,307.28651894314356,58300,True,471,235000,0.0,0.0,2,RIGHT,greedy,36263,53591,63346,81996,15910,219286,0.06764570826034456,0,117598,2,2,307.28651894314356,153.64325947157178,2,2,153.64325947157178,307.28651894314356,153.64325947157178,307.28651894314356,76.25340560389007,2440.1089793244823,2,RIGHT,False,,
235196,double_dqn,dueling,755,,,10.0,10.0,0.05,0.001951554324477911,1.8419091701507568,2.804602861404419,0.6087868213653564,1.877516508102417,2.887141227722168,0.046003639698028564,0.22760796546936035,0.19835515320301056,10000,10000,1.0,307.28644183650323,307.28644183650323,58300,True,471,235000,0.0,0.0,3,LEFT,greedy,36263,53591,63346,81996,15910,219286,0.06764570826034456,1,117598,2,2,307.28644183650323,153.64322091825161,2,2,153.64322091825161,307.28644183650323,153.64322091825161,307.28644183650323,76.25338646981307,2440.108367034018,3,LEFT,False,,
235368,double_dqn,dueling,756,15.0,603,0.0,0.0,0.05,,,,,,,,,,10000,10000,1.0,307.21073834884345,307.21073834884345,58343,True,471,235000,0.0,0.0,0,NOOP,greedy,36317,53627,63377,82047,15913,219455,0.06760902076747902,1,117684,2,2,307.21073834884345,153.60536917442172,2,2,153.60536917442172,307.21073834884345,153.60536917442172,307.21073834884345,76.23532239978688,2439.53031679318,0,NOOP,False,,
235493,double_dqn,dueling,757,14.0,625,0.0,0.0,0.05,,,,,,,,,,10000,10000,1.0,307.2050026489292,307.2050026489292,58374,False,471,235000,0.0,0.0,0,NOOP,random,36363,53652,63398,82081,15916,219578,0.06758558604465506,0,117747,2,2,307.2050026489292,153.6025013244646,2,2,153.6025013244646,307.2050026489292,153.6025013244646,307.2050026489292,76.23329301714428,2439.465376548617,0,NOOP,False,,
235595,double_dqn,dueling,757,,,1.0,1.0,0.05,0.010877715423703194,1.9865978956222534,2.961723804473877,0.040221843868494034,2.0262012481689453,2.9794421195983887,0.09057885408401489,0.5652892589569092,0.5329086184501648,10000,10000,1.0,307.20334599733934,307.20334599733934,58400,True,472,235500,0.0,0.0,0,NOOP,greedy,36388,53659,63427,82122,15921,219675,0.06757754800590841,0,117798,2,2,307.20334599733934,153.60167299866967,2,2,153.60167299866967,307.20334599733934,153.60167299866967,307.20334599733934,76.23444194124069,2439.502142119702,0,NOOP,False,,
235596,double_dqn,dueling,757,,,2.0,2.0,0.05,0.010877715423703194,1.9865978956222534,2.961723804473877,0.040221843868494034,2.0262012481689453,2.9794421195983887,0.09057885408401489,0.5652892589569092,0.5329086184501648,10000,10000,1.0,307.20329574674105,307.20329574674105,58400,True,472,235500,0.0,0.0,1,FIRE,greedy,36388,53659,63427,82122,15921,219675,0.06757754800590841,1,117798,2,2,307.20329574674105,153.60164787337052,2,2,153.60164787337052,307.20329574674105,153.60164787337052,307.20329574674105,76.23442947123876,2439.50174307964,1,FIRE,False,,
235995,double_dqn,dueling,757,,,5.0,5.0,0.05,0.0014540210831910372,1.8267238140106201,2.9040703773498535,0.28630122542381287,1.8355367183685303,2.85457706451416,0.04173339158296585,0.130293607711792,0.1490333527326584,10000,10000,1.0,307.1169747260376,307.1169747260376,58500,True,472,235500,0.0,0.0,0,NOOP,greedy,36466,53712,63539,82279,15944,220052,0.06756046712656147,0,117998,2,2,307.1169747260376,153.5584873630188,2,2,153.5584873630188,307.1169747260376,153.5584873630188,307.1169747260376,76.21467381414926,2438.8695620527765,0,NOOP,False,,
235996,double_dqn,dueling,757,,,7.0,7.0,0.05,0.0014540210831910372,1.8267238140106201,2.9040703773498535,0.28630122542381287,1.8355367183685303,2.85457706451416,0.04173339158296585,0.130293607711792,0.1490333527326584,10000,10000,1.0,307.1168835234883,307.1168835234883,58500,True,472,235500,0.0,0.0,0,NOOP,greedy,36466,53712,63539,82279,15944,220052,0.06756046712656147,1,117998,2,2,307.1168835234883,153.55844176174415,2,2,153.55844176174415,307.1168835234883,153.55844176174415,307.1168835234883,76.21465118116862,2438.868837797396,0,NOOP,False,,
236395,double_dqn,dueling,757,,,9.0,9.0,0.05,0.0027056741528213024,1.7685394287109375,2.5243008136749268,0.015107160434126854,1.7809293270111084,2.430191993713379,0.06154720485210419,0.1410846710205078,0.24719274044036865,10000,10000,1.0,306.91353596282505,306.91353596282505,58600,True,473,236000,0.0,0.0,3,LEFT,greedy,36564,53772,63650,82410,15968,220428,0.06754767424152693,0,118198,2,2,306.91353596282505,153.45676798141253,2,2,153.45676798141253,306.91353596282505,153.45676798141253,306.91353596282505,76.16584268457773,2437.306965906487,3,LEFT,False,,
236396,double_dqn,dueling,757,,,14.0,11.0,0.05,0.0027056741528213024,1.7685394287109375,2.5243008136749268,0.015107160434126854,1.7809293270111084,2.430191993713379,0.06154720485210419,0.1410846710205078,0.24719274044036865,10000,10000,1.0,306.91348706786556,306.91348706786556,58600,True,473,236000,0.0,0.0,0,NOOP,greedy,36564,53772,63650,82410,15968,220428,0.06754767424152693,1,118198,2,2,306.91348706786556,153.45674353393278,2,2,153.45674353393278,306.91348706786556,153.45674353393278,306.91348706786556,76.16583055045736,2437.3065776146354,0,NOOP,False,,
236408,double_dqn,dueling,758,14.0,520,0.0,0.0,0.05,,,,,,,,,,10000,10000,1.0,306.901138935798,306.901138935798,58603,True,473,236000,0.0,0.0,0,NOOP,greedy,36569,53772,63653,82414,15971,220437,0.06755693546749687,1,118204,2,2,306.901138935798,153.450569467899,2,2,153.450569467899,306.901138935798,153.450569467899,306.901138935798,76.16281563584711,2437.2101003471075,0,NOOP,False,,
236795,double_dqn,dueling,758,,,18.0,15.0,0.05,0.003918970935046673,1.966038465499878,2.781308889389038,0.8920347094535828,1.9613511562347412,2.80066180229187,0.05413636192679405,0.37675368785858154,0.3973066210746765,10000,10000,1.0,306.94548906849326,306.94548906849326,58700,True,474,236500,0.0,0.0,0,NOOP,greedy,36664,53869,63728,82535,15992,220804,0.06753492457642865,0,118398,2,2,306.94548906849326,153.47274453424663,2,2,153.47274453424663,306.94548906849326,153.47274453424663,306.94548906849326,76.17541747117077,2437.613359077465,0,NOOP,False,,
236796,double_dqn,dueling,758,,,5.0,5.0,0.05,0.003918970935046673,1.966038465499878,2.781308889389038,0.8920347094535828,1.9613511562347412,2.80066180229187,0.05413636192679405,0.37675368785858154,0.3973066210746765,10000,10000,1.0,306.94543369465646,306.94543369465646,58700,True,474,236500,0.0,0.0,3,LEFT,greedy,36664,53869,63728,82535,15992,220804,0.06753492457642865,1,118398,2,2,306.94543369465646,153.47271684732823,2,2,153.47271684732823,306.94543369465646,153.47271684732823,306.94543369465646,76.17540372890942,2437.6129193251013,3,LEFT,False,,
236797,double_dqn,dueling,759,18.0,652,0.0,0.0,0.05,,,,,,,,,,10000,10000,1.0,306.9428685900056,306.9428685900056,58700,False,474,236500,0.0,0.0,0,NOOP,greedy,36665,53869,63728,82536,15992,220806,0.06753435417528865,0,118399,2,2,306.9428685900056,153.4714342950028,2,2,153.4714342950028,306.9428685900056,153.4714342950028,306.9428685900056,76.17365345810684,2437.556910659419,0,NOOP,False,,
237195,double_dqn,dueling,759,,,3.0,3.0,0.05,0.007615173235535622,1.8934440612792969,2.8261826038360596,-0.18020828068256378,1.9355864524841309,3.1987173557281494,0.07453855127096176,0.37253475189208984,0.37042686343193054,10000,10000,1.0,306.98335965908694,306.98335965908694,58800,True,475,237000,0.0,0.0,2,RIGHT,greedy,36784,53922,63815,82675,16012,221184,0.06750535422182499,0,118598,2,2,306.98335965908694,153.49167982954347,2,2,153.49167982954347,306.98335965908694,153.49167982954347,306.98335965908694,76.18645159503376,2437.9664510410803,2,RIGHT,False,,
237196,double_dqn,dueling,759,,,9.0,9.0,0.05,0.007615173235535622,1.8934440612792969,2.8261826038360596,-0.18020828068256378,1.9355864524841309,3.1987173557281494,0.07453855127096176,0.37253475189208984,0.37042686343193054,10000,10000,1.0,306.98326637916233,306.98326637916233,58800,True,475,237000,0.0,0.0,2,RIGHT,greedy,36784,53922,63815,82675,16012,221184,0.06750535422182499,1,118598,2,2,306.98326637916233,153.49163318958117,2,2,153.49163318958117,306.98326637916233,153.49163318958117,306.98326637916233,76.18642844502827,2437.9657102409046,2,RIGHT,False,,
237434,double_dqn,dueling,760,11.0,513,0.0,0.0,0.05,,,,,,,,,,10000,10000,1.0,306.95347324110304,306.95347324110304,58859,False,475,237000,0.0,0.0,0,NOOP,greedy,36839,53953,63893,82749,16030,221404,0.06751349848800088,1,118717,2,2,306.95347324110304,153.47673662055152,2,2,153.47673662055152,306.95347324110304,153.47673662055152,306.95347324110304,76.17888634040733,2437.7243628930346,0,NOOP,False,,
237595,double_dqn,dueling,760,,,6.0,6.0,0.05,0.0025073913857340813,2.0201430320739746,2.9164559841156006,0.7771795392036438,2.026611328125,2.9541871547698975,0.052471987903118134,0.1983269453048706,0.27197718620300293,10000,10000,1.0,306.92508276914344,306.92508276914344,58900,True,476,237500,0.0,0.0,3,LEFT,greedy,36871,53971,63932,82822,16037,221559,0.067496927557703,0,118798,2,2,306.92508276914344,153.46254138457172,2,2,153.46254138457172,306.92508276914344,153.46254138457172,306.92508276914344,76.17361443271228,2437.555661846793,3,LEFT,False,,
237596,double_dqn,dueling,760,,,2.0,2.0,0.05,0.0025073913857340813,2.0201430320739746,2.9164559841156006,0.7771795392036438,2.026611328125,2.9541871547698975,0.052471987903118134,0.1983269453048706,0.27197718620300293,10000,10000,1.0,306.9250338177906,306.9250338177906,58900,True,476,237500,0.0,0.0,3,LEFT,greedy,36871,53971,63932,82822,16037,221559,0.067496927557703,1,118798,2,2,306.9250338177906,153.4625169088953,2,2,153.4625169088953,306.9250338177906,153.4625169088953,306.9250338177906,76.17360228381445,2437.5552730820623,3,LEFT,False,,
237629,double_dqn,dueling,761,7.0,416,0.0,0.0,0.05,,,,,,,,,,10000,10000,1.0,306.92802751805635,306.92802751805635,58908,False,476,237500,0.0,0.0,0,NOOP,greedy,36881,53976,63942,82831,16038,221592,0.06749147834869335,0,118815,2,2,306.92802751805635,153.46401375902818,2,2,153.46401375902818,306.92802751805635,153.46401375902818,306.92802751805635,76.1733679861531,2437.547775556899,0,NOOP,False,,
237995,double_dqn,dueling,761,,,3.0,3.0,0.05,0.003043286269530654,1.9803004264831543,2.780139684677124,0.4756940007209778,2.0434818267822266,2.847735643386841,0.05990811437368393,0.21717548370361328,0.506133496761322,10000,10000,1.0,306.9143884205445,306.9143884205445,59000,True,476,237500,0.0,0.0,0,NOOP,greedy,36953,54028,64029,82986,16056,221940,0.06746331871123884,0,118998,2,2,306.9143884205445,153.45719421027226,2,2,153.45719421027226,306.9143884205445,153.45719421027226,306.9143884205445,76.17257666175273,2437.5224531760873,0,NOOP,False,,
237996,double_dqn,dueling,761,,,6.0,6.0,0.05,0.003043286269530654,1.9803004264831543,2.780139684677124,0.4756940007209778,2.0434818267822266,2.847735643386841,0.05990811437368393,0.21717548370361328,0.506133496761322,10000,10000,1.0,306.91433155971475,306.91433155971475,59000,True,476,237500,0.0,0.0,2,RIGHT,greedy,36953,54028,64029,82986,16056,221940,0.06746331871123884,1,118998,2,2,306.91433155971475,153.45716577985738,2,2,153.45716577985738,306.91433155971475,153.45716577985738,306.91433155971475,76.17256254955703,2437.522001585825,2,RIGHT,False,,
238395,double_dqn,dueling,761,,,6.0,6.0,0.05,0.00265676761046052,1.8508350849151611,2.7487168312072754,-0.3386710286140442,1.8736737966537476,2.8870043754577637,0.04933375120162964,0.2421356439590454,0.13319724798202515,10000,10000,1.0,306.96145631481403,306.96145631481403,59100,True,477,238000,0.0,0.0,3,LEFT,greedy,36995,54091,64136,83174,16080,222316,0.06745079615429789,0,119198,2,2,306.96145631481403,153.48072815740701,2,2,153.48072815740701,306.96145631481403,153.48072815740701,306.96145631481403,76.18586565332487,2437.9477009063958,3,LEFT,False,,
238396,double_dqn,dueling,761,,,11.0,11.0,0.05,0.00265676761046052,1.8508350849151611,2.7487168312072754,-0.3386710286140442,1.8736737966537476,2.8870043754577637,0.04933375120162964,0.2421356439590454,0.13319724798202515,10000,10000,1.0,306.9614065455395,306.9614065455395,59100,True,477,238000,0.0,0.0,0,NOOP,greedy,36995,54091,64136,83174,16080,222316,0.06745079615429789,1,119198,2,2,306.9614065455395,153.48070327276974,2,2,153.48070327276974,306.9614065455395,153.48070327276974,306.9614065455395,76.18585330090997,2437.947305629119,0,NOOP,False,,
238502,double_dqn,dueling,762,15.0,534,0.0,0.0,0.05,,,,,,,,,,10000,10000,1.0,306.9684612466831,306.9684612466831,59126,False,478,238500,0.0,0.0,3,LEFT,greedy,37021,54112,64156,83213,16085,222417,0.0674417824588473,1,119251,2,2,306.9684612466831,153.48423062334155,2,2,153.48423062334155,306.9684612466831,153.48423062334155,306.9684612466831,76.18692044414327,2437.9814542125846,3,LEFT,False,,
238795,double_dqn,dueling,762,,,10.0,10.0,0.05,0.002484463155269623,1.732801914215088,2.723036289215088,-0.12409180402755737,1.717570424079895,2.677600383758545,0.053702738136053085,0.17618930339813232,0.41656118631362915,10000,10000,1.0,307.0086750207507,307.0086750207507,59200,True,478,238500,0.0,0.0,2,RIGHT,greedy,37084,54164,64222,83326,16110,222686,0.06746344159868675,0,119398,2,2,307.0086750207507,153.50433751037534,2,2,153.50433751037534,307.0086750207507,153.50433751037534,307.0086750207507,76.19918330348021,2438.3738657113668,2,RIGHT,False,,
238796,double_dqn,dueling,762,,,3.0,3.0,0.05,0.002484463155269623,1.732801914215088,2.723036289215088,-0.12409180402755737,1.717570424079895,2.677600383758545,0.053702738136053085,0.17618930339813232,0.41656118631362915,10000,10000,1.0,307.0086253118089,307.0086253118089,59200,True,478,238500,0.0,0.0,3,LEFT,greedy,37084,54164,64222,83326,16110,222686,0.06746344159868675,1,119398,2,2,307.0086253118089,153.50431265590444,2,2,153.50431265590444,307.0086253118089,153.50431265590444,307.0086253118089,76.19917096578074,2438.3734709049836,3,LEFT,False,,
238917,double_dqn,dueling,763,11.0,644,0.0,0.0,0.05,,,,,,,,,,10000,10000,1.0,307.02969964915667,307.02969964915667,59230,False,478,238500,0.0,0.0,0,NOOP,greedy,37108,54176,64244,83390,16115,222803,0.06744992005625361,0,119459,2,2,307.02969964915667,153.51484982457833,2,2,153.51484982457833,307.02969964915667,153.51484982457833,307.02969964915667,76.20378218951664,2438.5210300645326,0,NOOP,False,,
239195,double_dqn,dueling,763,,,3.0,3.0,0.05,0.0012193555012345314,2.0981674194335938,3.0022153854370117,0.4586103558540344,2.117124557495117,2.985713481903076,0.03368417173624039,0.13567131757736206,0.15755772590637207,10000,10000,1.0,307.02295960757925,307.02295960757925,59300,True,479,239000,0.0,0.0,1,FIRE,greedy,37150,54276,64302,83468,16128,223068,0.06742587668690112,0,119598,2,2,307.02295960757925,153.51147980378963,2,2,153.51147980378963,307.02295960757925,153.51147980378963,307.02295960757925,76.20431787897824,2438.538172127304,1,FIRE,False,,
239196,double_dqn,dueling,763,,,7.0,7.0,0.05,0.0012193555012345314,2.0981674194335938,3.0022153854370117,0.4586103558540344,2.117124557495117,2.985713481903076,0.03368417173624039,0.13567131757736206,0.15755772590637207,10000,10000,1.0,307.0229114589158,307.0229114589158,59300,True,479,239000,0.0,0.0,2,RIGHT,greedy,37150,54276,64302,83468,16128,223068,0.06742587668690112,1,119598,2,2,307.0229114589158,153.5114557294579,2,2,153.5114557294579,307.0229114589158,153.5114557294579,307.0229114589158,76.20430592828876,2438.5377897052404,2,RIGHT,False,,
239400,double_dqn,dueling,764,9.0,449,0.0,0.0,0.05,,,,,,,,,,10000,10000,1.0,307.044027315137,307.044027315137,59351,True,479,239000,0.0,0.0,0,NOOP,greedy,37188,54323,64346,83543,16137,223263,0.06740601503759398,1,119700,2,2,307.044027315137,153.5220136575685,2,2,153.5220136575685,307.044027315137,153.5220136575685,307.044027315137,76.21035398209283,2438.7313274269704,0,NOOP,False,,
239595,double_dqn,dueling,764,,,8.0,8.0,0.05,0.0013172475155442953,1.8734335899353027,2.7616829872131348,0.2855588495731354,1.910266637802124,2.7571494579315186,0.03989226371049881,0.13095378875732422,0.2672659456729889,10000,10000,1.0,307.05670869088766,307.05670869088766,59400,True,480,239500,0.0,0.0,3,LEFT,greedy,37211,54349,64402,83634,16148,223448,0.06739678458738878,0,119798,2,2,307.05670869088766,153.52835434544383,2,2,153.52835434544383,307.05670869088766,153.52835434544383,307.05670869088766,76.21427476024074,2438.8567923277037,3,LEFT,False,,
239596,double_dqn,dueling,764,,,2.0,2.0,0.05,0.0013172475155442953,1.8734335899353027,2.7616829872131348,0.2855588495731354,1.910266637802124,2.7571494579315186,0.03989226371049881,0.13095378875732422,0.2672659456729889,10000,10000,1.0,307.05666242569987,307.05666242569987,59400,True,480,239500,0.0,0.0,3,LEFT,greedy,37211,54349,64402,83634,16148,223448,0.06739678458738878,1,119798,2,2,307.05666242569987,153.52833121284993,2,2,153.52833121284993,307.05666242569987,153.52833121284993,307.05666242569987,76.21426327679929,2438.856424857577,3,LEFT,False,,
239955,double_dqn,dueling,765,14.0,519,0.0,0.0,0.05,,,,,,,,,,10000,10000,1.0,307.0013513934786,307.0013513934786,59490,True,480,239500,0.0,0.0,3,LEFT,greedy,37262,54409,64494,83791,16173,223783,0.06739985664038407,0,119978,2,2,307.0013513934786,153.5006756967393,2,2,153.5006756967393,307.0013513934786,153.5006756967393,307.0013513934786,76.20194879860851,2438.4623615554724,3,LEFT,False,,
239995,double_dqn,dueling,765,,,0.0,0.0,0.05,0.001448729308322072,1.8262579441070557,2.7483465671539307,0.4652573764324188,1.859954595565796,2.818523645401001,0.039806559681892395,0.17804265022277832,0.2013782262802124,10000,10000,1.0,307.0068249949429,307.0068249949429,59500,True,480,239500,0.0,0.0,0,NOOP,greedy,37280,54414,64502,83800,16176,223820,0.06740112335205586,0,119998,2,2,307.0068249949429,153.50341249747146,2,2,153.50341249747146,307.0068249949429,153.50341249747146,307.0068249949429,76.20346411146942,2438.5108515670213,0,NOOP,False,,
239996,double_dqn,dueling,765,,,8.0,8.0,0.05,0.001448729308322072,1.8262579441070557,2.7483465671539307,0.4652573764324188,1.859954595565796,2.818523645401001,0.039806559681892395,0.17804265022277832,0.2013782262802124,10000,10000,1.0,307.006740905161,307.006740905161,59500,True,480,239500,0.0,0.0,1,FIRE,greedy,37280,54414,64502,83800,16176,223820,0.06740112335205586,1,119998,2,2,307.006740905161,153.5033704525805,2,2,153.5033704525805,307.006740905161,153.5033704525805,307.006740905161,76.20344323918854,2438.5101836540334,1,FIRE,False,,
240395,double_dqn,dueling,765,,,4.0,4.0,0.05,0.0021712081506848335,1.9395668506622314,3.003751277923584,0.13704289495944977,1.990299940109253,2.9773147106170654,0.04466342180967331,0.2050776481628418,0.3539062738418579,10000,10000,1.0,306.8139004910693,306.8139004910693,59600,True,481,240000,0.0,0.0,3,LEFT,greedy,37375,54445,64621,83955,16194,224202,0.06736384964808066,0,120198,2,2,306.8139004910693,153.40695024553466,2,2,153.40695024553466,306.8139004910693,153.40695024553466,306.8139004910693,76.1571385097387,2437.0284323116384,3,LEFT,False,,
240396,double_dqn,dueling,765,,,11.0,11.0,0.05,0.0021712081506848335,1.9395668506622314,3.003751277923584,0.13704289495944977,1.990299940109253,2.9773147106170654,0.04466342180967331,0.2050776481628418,0.3539062738418579,10000,10000,1.0,306.81384785723634,306.81384785723634,59600,True,481,240000,0.0,0.0,1,FIRE,random,37375,54445,64621,83955,16194,224202,0.06736384964808066,1,120198,2,2,306.81384785723634,153.40692392861817,2,2,153.40692392861817,306.81384785723634,153.40692392861817,306.81384785723634,76.15712544500434,2437.028014240139,1,FIRE,False,,
240795,double_dqn,dueling,765,,,9.0,9.0,0.05,0.002134045585989952,2.0290091037750244,2.9661829471588135,0.3542502522468567,2.038350820541382,2.911971092224121,0.04739087074995041,0.1910078525543213,0.22350792586803436,10000,10000,1.0,306.74479991533417,306.74479991533417,59700,True,482,240500,0.0,0.0,2,RIGHT,greedy,37442,54486,64732,84136,16219,224577,0.06735577002940248,0,120398,2,2,306.74479991533417,153.37239995766708,2,2,153.37239995766708,306.74479991533417,153.37239995766708,306.74479991533417,76.14153819881966,2436.529222362229,2,RIGHT,False,,
240796,double_dqn,dueling,765,,,15.0,15.0,0.05,0.002134045585989952,2.0290091037750244,2.9661829471588135,0.3542502522468567,2.038350820541382,2.911971092224121,0.04739087074995041,0.1910078525543213,0.22350792586803436,10000,10000,1.0,306.74474598442595,306.74474598442595,59700,True,482,240500,0.0,0.0,1,FIRE,greedy,37442,54486,64732,84136,16219,224577,0.06735577002940248,1,120398,2,2,306.74474598442595,153.37237299221297,2,2,153.37237299221297,306.74474598442595,153.37237299221297,306.74474598442595,76.14152481185333,2436.5287939793066,1,FIRE,False,,
241008,double_dqn,dueling,766,21.0,804,0.0,0.0,0.05,,,,,,,,,,10000,10000,1.0,306.72442572762975,306.72442572762975,59753,True,483,241000,0.0,0.0,0,NOOP,greedy,37485,54514,64797,84212,16233,224775,0.0673546106353316,1,120504,2,2,306.72442572762975,153.36221286381488,2,2,153.36221286381488,306.72442572762975,153.36221286381488,306.72442572762975,76.13729965192398,2436.3935888615674,0,NOOP,False,,
241195,double_dqn,dueling,766,,,13.0,13.0,0.05,0.0017760491464287043,1.9837310314178467,2.8320484161376953,-0.04932168871164322,2.0007033348083496,2.8578507900238037,0.04525266960263252,0.17302539944648743,0.22771725058555603,10000,10000,1.0,306.6166045663576,306.6166045663576,59800,True,483,241000,0.0,0.0,0,NOOP,greedy,37508,54544,64837,84307,16247,224949,0.06736015522645483,0,120598,2,2,306.6166045663576,153.3083022831788,2,2,153.3083022831788,306.6166045663576,153.3083022831788,306.6166045663576,76.11125933770268,2435.5602988064857,0,NOOP,False,,
241196,double_dqn,dueling,766,,,2.0,2.0,0.05,0.0017760491464287043,1.9837310314178467,2.8320484161376953,-0.04932168871164322,2.0007033348083496,2.8578507900238037,0.04525266960263252,0.17302539944648743,0.22771725058555603,10000,10000,1.0,306.6165553609083,306.6165553609083,59800,True,483,241000,0.0,0.0,2,RIGHT,greedy,37508,54544,64837,84307,16247,224949,0.06736015522645483,1,120598,2,2,306.6165553609083,153.30827768045415,2,2,153.30827768045415,306.6165553609083,153.30827768045415,306.6165553609083,76.11124712346296,2435.5599079508147,2,RIGHT,False,,
241253,double_dqn,dueling,767,17.0,649,0.0,0.0,0.05,,,,,,,,,,10000,10000,1.0,306.62083017441887,306.62083017441887,59814,False,483,241000,0.0,0.0,0,NOOP,greedy,37518,54551,64851,84334,16249,225005,0.067352251154385,0,120627,2,2,306.62083017441887,153.31041508720944,2,2,153.31041508720944,306.62083017441887,153.31041508720944,306.62083017441887,76.11144582387507,2435.5662663640023,0,NOOP,False,,
241595,double_dqn,dueling,767,,,4.0,4.0,0.05,0.0033922744914889336,1.9074585437774658,2.8026576042175293,0.8985512852668762,1.9365358352661133,2.8480722904205322,0.05367375910282135,0.3491218090057373,0.26646482944488525,10000,10000,1.0,306.64298400618185,306.64298400618185,59900,True,484,241500,0.0,0.0,2,RIGHT,greedy,37565,54604,64941,84486,16266,225330,0.06732727363035812,0,120798,2,2,306.64298400618185,153.32149200309092,2,2,153.32149200309092,306.64298400618185,153.32149200309092,306.64298400618185,76.11934125846271,2435.8189202708068,2,RIGHT,False,,
241596,double_dqn,dueling,767,,,5.0,5.0,0.05,0.0033922744914889336,1.9074585437774658,2.8026576042175293,0.8985512852668762,1.9365358352661133,2.8480722904205322,0.05367375910282135,0.3491218090057373,0.26646482944488525,10000,10000,1.0,306.64293632593024,306.64293632593024,59900,True,484,241500,0.0,0.0,1,FIRE,greedy,37565,54604,64941,84486,16266,225330,0.06732727363035812,1,120798,2,2,306.64293632593024,153.32146816296512,2,2,153.32146816296512,306.64293632593024,153.32146816296512,306.64293632593024,76.11932942258342,2435.8185415226694,1,FIRE,False,,
241886,double_dqn,dueling,768,8.0,439,0.0,0.0,0.05,,,,,,,,,,10000,10000,1.0,306.6428130978668,306.6428130978668,59972,False,484,241500,0.0,0.0,2,RIGHT,greedy,37608,54669,65022,84587,16290,225596,0.06734577445573535,1,120943,2,2,306.6428130978668,153.3214065489334,2,2,153.3214065489334,306.6428130978668,153.3214065489334,306.6428130978668,76.11932481090429,2435.8183939489372,2,RIGHT,False,,
241995,double_dqn,dueling,768,,,8.0,8.0,0.05,0.002740101423114538,2.0053505897521973,2.908925771713257,0.7452776432037354,2.0453219413757324,2.8812947273254395,0.050439439713954926,0.2700433135032654,0.34211018681526184,10000,10000,1.0,306.6073693766648,306.6073693766648,60000,True,484,241500,0.0,0.0,2,RIGHT,greedy,37613,54707,65044,84632,16296,225700,0.06733995603233112,0,120998,2,2,306.6073693766648,153.3036846883324,2,2,153.3036846883324,306.6073693766648,153.3036846883324,306.6073693766648,76.11202543140692,2435.5848138050214,2,RIGHT,False,,
241996,double_dqn,dueling,768,,,0.0,0.0,0.05,0.002740101423114538,2.0053505897521973,2.908925771713257,0.7452776432037354,2.0453219413757324,2.8812947273254395,0.050439439713954926,0.2700433135032654,0.34211018681526184,10000,10000,1.0,306.6073075414441,306.6073075414441,60000,True,484,241500,0.0,0.0,3,LEFT,greedy,37613,54707,65044,84632,16296,225700,0.06733995603233112,1,120998,2,2,306.6073075414441,153.30365377072204,2,2,153.30365377072204,306.6073075414441,153.30365377072204,306.6073075414441,76.11201008146963,2435.5843226070283,3,LEFT,False,,
242395,double_dqn,dueling,768,,,16.0,13.0,0.05,0.015377131290733814,1.9069056510925293,2.8929948806762695,0.5529471635818481,1.910286545753479,3.4343485832214355,0.0765409916639328,0.7830589413642883,0.37443068623542786,10000,10000,1.0,306.60653773035057,306.60653773035057,60100,True,485,242000,0.0,0.0,3,LEFT,greedy,37686,54792,65146,84772,16321,226075,0.06733196917440881,0,121198,2,2,306.60653773035057,153.30326886517528,2,2,153.30326886517528,306.60653773035057,153.30326886517528,306.60653773035057,76.11333536216019,2435.626731589126,3,LEFT,False,,
242396,double_dqn,dueling,768,,,3.0,3.0,0.05,0.015377131290733814,1.9069056510925293,2.8929948806762695,0.5529471635818481,1.910286545753479,3.4343485832214355,0.0765409916639328,0.7830589413642883,0.37443068623542786,10000,10000,1.0,306.60648749035374,306.60648749035374,60100,True,485,242000,0.0,0.0,2,RIGHT,greedy,37686,54792,65146,84772,16321,226075,0.06733196917440881,1,121198,2,2,306.60648749035374,153.30324374517687,2,2,153.30324374517687,306.60648749035374,153.30324374517687,306.60648749035374,76.11332289036571,2435.6263324917027,2,RIGHT,False,,
242624,double_dqn,dueling,769,6.0,369,0.0,0.0,0.05,,,,,,,,,,10000,10000,1.0,306.59076319687546,306.59076319687546,60157,True,486,242500,0.0,0.0,0,NOOP,greedy,37763,54819,65186,84856,16326,226298,0.06728930361382221,1,121312,2,2,306.59076319687546,153.29538159843773,2,2,153.29538159843773,306.59076319687546,153.29538159843773,306.59076319687546,76.11027990905157,2435.5289570896502,0,NOOP,False,,
242795,double_dqn,dueling,769,,,23.0,20.0,0.05,0.0020334147848188877,2.058248519897461,2.870386838912964,0.773496687412262,2.058718204498291,2.8111820220947266,0.04306476563215256,0.2637237310409546,0.28464460372924805,10000,10000,1.0,306.605807983323,306.605807983323,60200,True,486,242500,0.0,0.0,0,NOOP,greedy,37827,54852,65215,84902,16332,226464,0.06726634705678841,0,121398,2,2,306.605807983323,153.3029039916615,2,2,153.3029039916615,306.605807983323,153.3029039916615,306.605807983323,76.11466208577843,2435.66918674491,0,NOOP,False,,
242796,double_dqn,dueling,769,,,2.0,2.0,0.05,0.0020334147848188877,2.058248519897461,2.870386838912964,0.773496687412262,2.058718204498291,2.8111820220947266,0.04306476563215256,0.2637237310409546,0.28464460372924805,10000,10000,1.0,306.60574412514313,306.60574412514313,60200,True,486,242500,0.0,0.0,0,NOOP,greedy,37827,54852,65215,84902,16332,226464,0.06726634705678841,1,121398,2,2,306.60574412514313,153.30287206257157,2,2,153.30287206257157,306.60574412514313,153.30287206257157,306.60574412514313,76.11464623303313,2435.66867945706,0,NOOP,False,,
243195,double_dqn,dueling,769,,,29.0,23.0,0.05,0.004274833016097546,1.9168167114257812,2.876399040222168,0.7674760222434998,1.9242750406265259,2.903392791748047,0.06387867033481598,0.35902512073516846,0.3517305552959442,10000,10000,1.0,306.6618309771585,306.6618309771585,60300,True,487,243000,0.0,0.0,0,NOOP,greedy,37961,54970,65274,84991,16351,226845,0.0672338360828303,0,121598,2,2,306.6618309771585,153.33091548857925,2,2,153.33091548857925,306.6618309771585,153.33091548857925,306.6618309771585,76.13006948104002,2436.162223393281,0,NOOP,False,,
243196,double_dqn,dueling,769,,,8.0,8.0,0.05,0.004274833016097546,1.9168167114257812,2.876399040222168,0.7674760222434998,1.9242750406265259,2.903392791748047,0.06387867033481598,0.35902512073516846,0.3517305552959442,10000,10000,1.0,306.6617609694071,306.6617609694071,60300,True,487,243000,0.0,0.0,3,LEFT,greedy,37961,54970,65274,84991,16351,226845,0.0672338360828303,1,121598,2,2,306.6617609694071,153.33088048470356,2,2,153.33088048470356,306.6617609694071,153.33088048470356,306.6617609694071,76.13005210132582,2436.161667242426,3,LEFT,False,,
243209,double_dqn,dueling,770,29.0,978,0.0,0.0,0.05,,,,,,,,,,10000,10000,1.0,306.66087709955633,306.66087709955633,60303,False,487,243000,0.0,0.0,3,LEFT,random,37968,54970,65277,84995,16353,226857,0.06723818921919329,0,121605,2,2,306.66087709955633,153.33043854977817,2,2,153.33043854977817,306.66087709955633,153.33043854977817,306.66087709955633,76.12881434706672,2436.122059106135,3,LEFT,False,,
243595,double_dqn,dueling,770,,,3.0,3.0,0.05,0.002168867737054825,1.9535133838653564,2.8468668460845947,0.29656460881233215,1.9554733037948608,2.807241201400757,0.044415853917598724,0.2651727497577667,0.18772971630096436,10000,10000,1.0,306.6860433459606,306.6860433459606,60400,True,488,243500,0.0,0.0,3,LEFT,greedy,38028,55068,65375,85125,16380,227216,0.06724248345621439,0,121798,2,2,306.6860433459606,153.3430216729803,2,2,153.3430216729803,306.6860433459606,153.3430216729803,306.6860433459606,76.13757179336577,2436.4022973877045,3,LEFT,False,,
243596,double_dqn,dueling,770,,,12.0,12.0,0.05,0.002168867737054825,1.9535133838653564,2.8468668460845947,0.29656460881233215,1.9554733037948608,2.807241201400757,0.044415853917598724,0.2651727497577667,0.18772971630096436,10000,10000,1.0,306.68598642584465,306.68598642584465,60400,True,488,243500,0.0,0.0,3,LEFT,random,38028,55068,65375,85125,16380,227216,0.06724248345621439,1,121798,2,2,306.68598642584465,153.34299321292232,2,2,153.34299321292232,306.68598642584465,153.34299321292232,306.68598642584465,76.13755766243443,2436.401845197902,3,LEFT,False,,
243795,double_dqn,dueling,771,5.0,293,0.0,0.0,0.05,,,,,,,,,,10000,10000,1.0,306.72153613404305,306.72153613404305,60450,True,488,243500,0.0,0.0,0,NOOP,greedy,38040,55100,65450,85206,16390,227406,0.06722833844689823,0,121898,2,2,306.72153613404305,153.36076806702152,2,2,153.36076806702152,306.72153613404305,153.36076806702152,306.72153613404305,76.14712591761386,2436.7080293636436,0,NOOP,False,,
243995,double_dqn,dueling,771,,,2.0,2.0,0.05,0.0011804079404100776,1.9658266305923462,2.7373709678649902,0.03846525028347969,1.9798305034637451,2.7338411808013916,0.04053982347249985,0.10511134564876556,0.11497823148965836,10000,10000,1.0,306.7368363456896,306.7368363456896,60500,True,488,243500,0.0,0.0,0,NOOP,greedy,38054,55154,65509,85279,16396,227600,0.06719782291512975,0,121998,2,2,306.7368363456896,153.3684181728448,2,2,153.3684181728448,306.7368363456896,153.3684181728448,306.7368363456896,76.15166506376605,2436.8532820405135,0,NOOP,False,,
243996,double_dqn,dueling,771,,,15.0,15.0,0.05,0.0011804079404100776,1.9658266305923462,2.7373709678649902,0.03846525028347969,1.9798305034637451,2.7338411808013916,0.04053982347249985,0.10511134564876556,0.11497823148965836,10000,10000,1.0,306.7367877978297,306.7367877978297,60500,True,488,243500,0.0,0.0,1,FIRE,fire_reset,38054,55154,65509,85279,16396,227600,0.06719782291512975,1,121998,2,2,306.7367877978297,153.36839389891486,2,2,153.36839389891486,306.7367877978297,153.36839389891486,306.7367877978297,76.15165301108792,2436.8528963548133,2,RIGHT,True,after_life_loss,
244246,double_dqn,dueling,772,20.0,811,0.0,0.0,0.05,,,,,,,,,,10000,10000,1.0,306.725178879588,306.725178879588,60562,False,489,244000,0.0,0.0,3,LEFT,greedy,38086,55196,65589,85375,16409,227837,0.06718226705862122,1,122123,2,2,306.725178879588,153.362589439794,2,2,153.362589439794,306.725178879588,153.362589439794,306.725178879588,76.14863067854169,2436.756181713334,3,LEFT,False,,
244395,double_dqn,dueling,772,,,7.0,7.0,0.05,0.002290901029482484,2.1367859840393066,3.0499308109283447,0.8972406983375549,2.14268159866333,3.0245182514190674,0.050288811326026917,0.2392728328704834,0.20035438239574432,10000,10000,1.0,306.7107226654793,306.7107226654793,60600,True,489,244000,0.0,0.0,1,FIRE,greedy,38109,55254,65611,85422,16413,227983,0.06715740028478372,0,122198,2,2,306.7107226654793,153.35536133273965,2,2,153.35536133273965,306.7107226654793,153.35536133273965,306.7107226654793,76.14665708769472,2436.693026806231,1,FIRE,False,,
244396,double_dqn,dueling,772,,,1.0,1.0,0.05,0.002290901029482484,2.1367859840393066,3.0499308109283447,0.8972406983375549,2.14268159866333,3.0245182514190674,0.050288811326026917,0.2392728328704834,0.20035438239574432,10000,10000,1.0,306.71067386945526,306.71067386945526,60600,True,489,244000,0.0,0.0,1,FIRE,greedy,38109,55254,65611,85422,16413,227983,0.06715740028478372,1,122198,2,2,306.71067386945526,153.35533693472763,2,2,153.35533693472763,306.71067386945526,153.35533693472763,306.71067386945526,76.1466449731717,2436.6926391414945,1,FIRE,False,,
244795,double_dqn,dueling,772,,,13.0,10.0,0.05,0.0033724308013916016,1.8792150020599365,2.882106065750122,-0.16968746483325958,1.9104259014129639,2.9221973419189453,0.05380953848361969,0.3270993232727051,0.2487010955810547,10000,10000,1.0,306.6787446955797,306.6787446955797,60700,True,490,244500,0.0,0.0,3,LEFT,greedy,38168,55299,65708,85621,16431,228365,0.06712119479076456,0,122398,2,2,306.6787446955797,153.33937234778986,2,2,153.33937234778986,306.6787446955797,153.33937234778986,306.6787446955797,76.14018476381527,2436.4859124420886,3,LEFT,False,,
244796,double_dqn,dueling,772,,,4.0,4.0,0.05,0.0033724308013916016,1.8792150020599365,2.882106065750122,-0.16968746483325958,1.9104259014129639,2.9221973419189453,0.05380953848361969,0.3270993232727051,0.2487010955810547,10000,10000,1.0,306.67869370611413,306.67869370611413,60700,True,490,244500,0.0,0.0,3,LEFT,greedy,38168,55299,65708,85621,16431,228365,0.06712119479076456,1,122398,2,2,306.67869370611413,153.33934685305707,2,2,153.33934685305707,306.67869370611413,153.33934685305707,306.67869370611413,76.1401721044856,2436.485507343539,3,LEFT,False,,
244917,double_dqn,dueling,773,18.0,561,0.0,0.0,0.05,,,,,,,,,,10000,10000,1.0,306.69713744643246,306.69713744643246,60730,False,490,244500,0.0,0.0,3,LEFT,greedy,38173,55300,65745,85700,16437,228481,0.06711225798022195,0,122459,2,2,306.69713744643246,153.34856872321623,2,2,153.34856872321623,306.69713744643246,153.34856872321623,306.69713744643246,76.14413881081158,2436.6124419459707,3,LEFT,False,,
245048,double_dqn,dueling,774,7.0,401,0.0,0.0,0.05,,,,,,,,,,10000,10000,1.0,306.7018290844653,306.7018290844653,60763,True,491,245000,0.0,0.0,0,NOOP,greedy,38200,55312,65767,85769,16445,228603,0.06710930103489929,1,122524,2,2,306.7018290844653,153.35091454223266,2,2,153.35091454223266,306.7018290844653,153.35091454223266,306.7018290844653,76.14683600594124,2436.6987521901196,0,NOOP,False,,
245195,double_dqn,dueling,774,,,3.0,3.0,0.05,0.0016179099911823869,1.871698021888733,3.0462114810943604,0.14745096862316132,1.8903597593307495,2.876890182495117,0.039641983807086945,0.19852662086486816,0.13606339693069458,10000,10000,1.0,306.6986800639526,306.6986800639526,60800,True,491,245000,0.0,0.0,1,FIRE,greedy,38237,55356,65784,85819,16454,228742,0.06710549927405014,0,122598,2,2,306.6986800639526,153.3493400319763,2,2,153.3493400319763,306.6986800639526,153.3493400319763,306.6986800639526,76.14659300273718,2436.6909760875897,1,FIRE,False,,
245196,double_dqn,dueling,774,,,1.0,1.0,0.05,0.0016179099911823869,1.871698021888733,3.0462114810943604,0.14745096862316132,1.8903597593307495,2.876890182495117,0.039641983807086945,0.19852662086486816,0.13606339693069458,10000,10000,1.0,306.6986348446894,306.6986348446894,60800,True,491,245000,0.0,0.0,3,LEFT,greedy,38237,55356,65784,85819,16454,228742,0.06710549927405014,1,122598,2,2,306.6986348446894,153.3493174223447,2,2,153.3493174223447,306.6986348446894,153.3493174223447,306.6986348446894,76.14658177578039,2436.6906168249725,3,LEFT,False,,
245581,double_dqn,dueling,775,6.0,332,0.0,0.0,0.05,,,,,,,,,,10000,10000,1.0,306.762617298368,306.762617298368,60896,False,492,245500,0.0,0.0,2,RIGHT,random,38285,55442,65870,85985,16478,229104,0.0670977514638695,0,122791,2,2,306.762617298368,153.381308649184,2,2,153.381308649184,306.762617298368,153.381308649184,306.762617298368,76.16281409961061,2437.2100511875396,2,RIGHT,False,,
245595,double_dqn,dueling,775,,,0.0,0.0,0.05,0.002120985183864832,1.9072129726409912,2.994112730026245,0.7231881022453308,1.9206781387329102,2.95512056350708,0.054443467408418655,0.1530294418334961,0.2835955321788788,10000,10000,1.0,306.7591878975394,306.7591878975394,60900,True,492,245500,0.0,0.0,3,LEFT,greedy,38286,55446,65873,85991,16479,229117,0.06709799833873516,0,122798,2,2,306.7591878975394,153.3795939487697,2,2,153.3795939487697,306.7591878975394,153.3795939487697,306.7591878975394,76.16306686521712,2437.218139686948,3,LEFT,False,,
245596,double_dqn,dueling,775,,,4.0,4.0,0.05,0.002120985183864832,1.9072129726409912,2.994112730026245,0.7231881022453308,1.9206781387329102,2.95512056350708,0.054443467408418655,0.1530294418334961,0.2835955321788788,10000,10000,1.0,306.75914078104,306.75914078104,60900,True,492,245500,0.0,0.0,3,LEFT,random,38286,55446,65873,85991,16479,229117,0.06709799833873516,1,122798,2,2,306.75914078104,153.37957039052,2,2,153.37957039052,306.75914078104,153.37957039052,306.75914078104,76.16305516699508,2437.2177653438425,3,LEFT,False,,
245995,double_dqn,dueling,775,,,4.0,4.0,0.05,0.0012490011285990477,1.995974063873291,2.826355457305908,1.0650238990783691,1.9975664615631104,2.8025569915771484,0.037791404873132706,0.15552997589111328,0.21925750374794006,10000,10000,1.0,306.8072825466781,306.8072825466781,61000,True,492,245500,0.0,0.0,0,NOOP,greedy,38363,55554,65948,86131,16504,229492,0.0670905217971024,0,122998,2,2,306.8072825466781,153.40364127333905,2,2,153.40364127333905,306.8072825466781,153.40364127333905,306.8072825466781,76.17645130712167,2437.6464418278933,0,NOOP,False,,
245996,double_dqn,dueling,775,,,11.0,8.0,0.05,0.0012490011285990477,1.995974063873291,2.826355457305908,1.0650238990783691,1.9975664615631104,2.8025569915771484,0.037791404873132706,0.15552997589111328,0.21925750374794006,10000,10000,1.0,306.80723715634184,306.80723715634184,61000,True,492,245500,0.0,0.0,3,LEFT,greedy,38363,55554,65948,86131,16504,229492,0.0670905217971024,1,122998,2,2,306.80723715634184,153.40361857817092,2,2,153.40361857817092,306.80723715634184,153.40361857817092,306.80723715634184,76.1764400372629,2437.646081192413,3,LEFT,False,,
246044,double_dqn,dueling,776,11.0,498,0.0,0.0,0.05,,,,,,,,,,10000,10000,1.0,306.810742588633,306.810742588633,61012,True,493,246000,0.0,0.0,3,LEFT,greedy,38367,55560,65961,86156,16507,229537,0.06708962624571214,1,123022,2,2,306.810742588633,153.4053712943165,2,2,153.4053712943165,306.810742588633,153.4053712943165,306.810742588633,76.17748306679097,2437.679458137311,3,LEFT,False,,
246395,double_dqn,dueling,776,,,9.0,9.0,0.05,0.001601076452061534,1.967000961303711,3.0908150672912598,1.027034044265747,2.006575107574463,3.069262742996216,0.042101942002773285,0.14314913749694824,0.25960463285446167,10000,10000,1.0,306.85275978754436,306.85275978754436,61100,True,493,246000,0.0,0.0,0,NOOP,greedy,38452,55592,66048,86304,16530,229866,0.06708712803779282,0,123198,2,2,306.85275978754436,153.42637989377218,2,2,153.42637989377218,306.85275978754436,153.42637989377218,306.85275978754436,76.18917843054079,2438.0537097773054,0,NOOP,False,,
246396,double_dqn,dueling,776,,,3.0,3.0,0.05,0.001601076452061534,1.967000961303711,3.0908150672912598,1.027034044265747,2.006575107574463,3.069262742996216,0.042101942002773285,0.14314913749694824,0.25960463285446167,10000,10000,1.0,306.8527055034072,306.8527055034072,61100,True,493,246000,0.0,0.0,3,LEFT,greedy,38452,55592,66048,86304,16530,229866,0.06708712803779282,1,123198,2,2,306.8527055034072,153.4263527517036,2,2,153.4263527517036,306.8527055034072,153.4263527517036,306.8527055034072,76.18916495220736,2438.0532784706356,3,LEFT,False,,
246577,double_dqn,dueling,777,11.0,498,0.0,0.0,0.05,,,,,,,,,,10000,10000,1.0,306.79731641004713,306.79731641004713,61145,False,494,246500,0.0,0.0,0,NOOP,greedy,38489,55613,66101,86375,16542,230036,0.06708627695901499,0,123289,2,2,306.79731641004713,153.39865820502357,2,2,153.39865820502357,306.79731641004713,153.39865820502357,306.79731641004713,76.17501626047057,2437.6005203350583,0,NOOP,False,,
246795,double_dqn,dueling,777,,,3.0,3.0,0.05,0.003362487070262432,1.912757396697998,2.938882827758789,0.4022458493709564,1.9303251504898071,3.008193254470825,0.057276640087366104,0.26477766036987305,0.21030260622501373,10000,10000,1.0,306.80835856501966,306.80835856501966,61200,True,494,246500,0.0,0.0,1,FIRE,greedy,38531,55632,66167,86466,16556,230240,0.0670837452795021,0,123398,2,2,306.80835856501966,153.40417928250983,2,2,153.40417928250983,306.80835856501966,153.40417928250983,306.80835856501966,76.17958160533259,2437.7466113706428,1,FIRE,False,,
246796,double_dqn,dueling,777,,,8.0,8.0,0.05,0.003362487070262432,1.912757396697998,2.938882827758789,0.4022458493709564,1.9303251504898071,3.008193254470825,0.057276640087366104,0.26477766036987305,0.21030260622501373,10000,10000,1.0,306.8083122034433,306.8083122034433,61200,True,494,246500,0.0,0.0,3,LEFT,greedy,38531,55632,66167,86466,16556,230240,0.0670837452795021,1,123398,2,2,306.8083122034433,153.40415610172164,2,2,153.40415610172164,306.8083122034433,153.40415610172164,306.8083122034433,76.17957009389427,2437.7462430046166,3,LEFT,False,,
246976,double_dqn,dueling,778,9.0,466,0.0,0.0,0.05,,,,,,,,,,10000,10000,1.0,306.8205639587341,306.8205639587341,61245,True,494,246500,0.0,0.0,2,RIGHT,greedy,38557,55659,66222,86538,16567,230409,0.06707939232961907,1,123488,2,2,306.8205639587341,153.41028197936706,2,2,153.41028197936706,306.8205639587341,153.41028197936706,306.8205639587341,76.18325210313277,2437.8640673002487,2,RIGHT,False,,
247195,double_dqn,dueling,778,,,8.0,8.0,0.05,0.0024630019906908274,2.155447483062744,2.8199362754821777,1.0517319440841675,2.15649151802063,2.78680682182312,0.043150149285793304,0.30403846502304077,0.2166348099708557,10000,10000,1.0,306.7963273812243,306.7963273812243,61300,True,495,247000,0.0,0.0,3,LEFT,greedy,38621,55699,66270,86606,16576,230620,0.06705610123141151,0,123598,2,2,306.7963273812243,153.39816369061214,2,2,153.39816369061214,306.7963273812243,153.39816369061214,306.7963273812243,76.17801414071283,2437.6964525028106,3,LEFT,False,,
247196,double_dqn,dueling,778,,,2.0,2.0,0.05,0.0024630019906908274,2.155447483062744,2.8199362754821777,1.0517319440841675,2.15649151802063,2.78680682182312,0.043150149285793304,0.30403846502304077,0.2166348099708557,10000,10000,1.0,306.7962805738282,306.7962805738282,61300,True,495,247000,0.0,0.0,1,FIRE,fire_reset,38621,55699,66270,86606,16576,230620,0.06705610123141151,1,123598,2,2,306.7962805738282,153.3981402869141,2,2,153.3981402869141,306.7962805738282,153.3981402869141,306.7962805738282,76.17800251836223,2437.6960805875915,0,NOOP,True,after_life_loss,
247581,double_dqn,dueling,779,12.0,502,0.0,0.0,0.05,,,,,,,,,,10000,10000,1.0,306.78312971801193,306.78312971801193,61396,False,496,247500,0.0,0.0,0,NOOP,greedy,38725,55745,66363,86749,16594,230988,0.06702425862946418,0,123791,2,2,306.78312971801193,153.39156485900597,2,2,153.39156485900597,306.78312971801193,153.39156485900597,306.78312971801193,76.17506056644135,2437.601938126123,0,NOOP,False,,
247595,double_dqn,dueling,779,,,0.0,0.0,0.05,0.004415393806993961,1.8564703464508057,2.578390598297119,0.443076491355896,1.8540244102478027,2.5915775299072266,0.06872759759426117,0.31797242164611816,0.3172943592071533,10000,10000,1.0,306.776757498355,306.776757498355,61400,True,496,247500,0.0,0.0,3,LEFT,greedy,38725,55747,66365,86759,16595,231001,0.0670245076657135,0,123798,2,2,306.776757498355,153.3883787491775,2,2,153.3883787491775,306.776757498355,153.3883787491775,306.776757498355,76.17456696358447,2437.586142834703,3,LEFT,False,,
247596,double_dqn,dueling,779,,,6.0,6.0,0.05,0.004415393806993961,1.8564703464508057,2.578390598297119,0.443076491355896,1.8540244102478027,2.5915775299072266,0.06872759759426117,0.31797242164611816,0.3172943592071533,10000,10000,1.0,306.77669998393856,306.77669998393856,61400,True,496,247500,0.0,0.0,3,LEFT,greedy,38725,55747,66365,86759,16595,231001,0.0670245076657135,1,123798,2,2,306.77669998393856,153.38834999196928,2,2,153.38834999196928,306.77669998393856,153.38834999196928,306.77669998393856,76.17455268239901,2437.5856858367683,3,LEFT,False,,
247798,double_dqn,dueling,780,8.0,411,0.0,0.0,0.05,,,,,,,,,,10000,10000,1.0,306.79316188924,306.79316188924,61450,False,496,247500,0.0,0.0,3,LEFT,greedy,38775,55786,66413,86824,16600,231198,0.06699004834583007,1,123899,2,2,306.79316188924,153.39658094462,2,2,153.39658094462,306.79316188924,153.39658094462,306.79316188924,76.17831261703961,2437.7060037452675,3,LEFT,False,,
247995,double_dqn,dueling,780,,,4.0,4.0,0.05,0.0031868836376816034,1.731315016746521,2.6391944885253906,0.10535107553005219,1.7467750310897827,2.5726113319396973,0.04792585223913193,0.295678973197937,0.13328315317630768,10000,10000,1.0,306.8163001971269,306.8163001971269,61500,True,496,247500,0.0,0.0,1,FIRE,greedy,38801,55828,66463,86904,16611,231385,0.06698091904708141,0,123998,2,2,306.8163001971269,153.40815009856345,2,2,153.40815009856345,306.8163001971269,153.40815009856345,306.8163001971269,76.18579026422482,2437.9452884551943,1,FIRE,False,,
247996,double_dqn,dueling,780,,,3.0,3.0,0.05,0.0031868836376816034,1.731315016746521,2.6391944885253906,0.10535107553005219,1.7467750310897827,2.5726113319396973,0.04792585223913193,0.295678973197937,0.13328315317630768,10000,10000,1.0,306.8162229142212,306.8162229142212,61500,True,496,247500,0.0,0.0,1,FIRE,greedy,38801,55828,66463,86904,16611,231385,0.06698091904708141,1,123998,2,2,306.8162229142212,153.4081114571106,2,2,153.4081114571106,306.8162229142212,153.4081114571106,306.8162229142212,76.18577107404737,2437.9446743695157,1,FIRE,False,,
248395,double_dqn,dueling,780,,,9.0,9.0,0.05,0.0019465502118691802,2.161530017852783,2.9591455459594727,1.0954283475875854,2.157860279083252,3.068613290786743,0.04721822589635849,0.20435380935668945,0.2681959867477417,10000,10000,1.0,306.8499090747497,306.8499090747497,61600,True,497,248000,0.0,0.0,0,NOOP,greedy,38888,55918,66568,87022,16624,231772,0.06692539332356398,0,124198,2,2,306.8499090747497,153.42495453737484,2,2,153.42495453737484,306.8499090747497,153.42495453737484,306.8499090747497,76.19553289506086,2438.2570526419477,0,NOOP,False,,
248396,double_dqn,dueling,780,,,11.0,8.0,0.05,0.0019465502118691802,2.161530017852783,2.9591455459594727,1.0954283475875854,2.157860279083252,3.068613290786743,0.04721822589635849,0.20435380935668945,0.2681959867477417,10000,10000,1.0,306.84982849358653,306.84982849358653,61600,True,497,248000,0.0,0.0,0,NOOP,random,38888,55918,66568,87022,16624,231772,0.06692539332356398,1,124198,2,2,306.84982849358653,153.42491424679326,2,2,153.42491424679326,306.84982849358653,153.42491424679326,306.84982849358653,76.19551288552366,2438.256412336757,0,NOOP,False,,
248765,double_dqn,dueling,781,16.0,592,0.0,0.0,0.05,,,,,,,,,,10000,10000,1.0,306.7585069681606,306.7585069681606,61692,False,498,248500,0.0,0.0,2,RIGHT,greedy,38930,55974,66710,87152,16647,232119,0.06691830877209907,0,124383,2,2,306.7585069681606,153.3792534840803,2,2,153.3792534840803,306.7585069681606,153.3792534840803,306.7585069681606,76.1730906652785,2437.538901288912,2,RIGHT,False,,
248795,double_dqn,dueling,781,,,0.0,0.0,0.05,0.003884372767060995,2.101937770843506,2.9187238216400146,1.286391019821167,2.0899300575256348,2.859825849533081,0.052416253834962845,0.3352818489074707,0.34920015931129456,10000,10000,1.0,306.74193334805926,306.74193334805926,61700,True,498,248500,0.0,0.0,2,RIGHT,greedy,38933,55983,66717,87163,16649,232147,0.06691827842891365,0,124398,2,2,306.74193334805926,153.37096667402963,2,2,153.37096667402963,306.74193334805926,153.37096667402963,306.74193334805926,76.17011005186592,2437.4435216597094,2,RIGHT,False,,
248796,double_dqn,dueling,781,,,14.0,11.0,0.05,0.003884372767060995,2.101937770843506,2.9187238216400146,1.286391019821167,2.0899300575256348,2.859825849533081,0.052416253834962845,0.3352818489074707,0.34920015931129456,10000,10000,1.0,306.7418794088789,306.7418794088789,61700,True,498,248500,0.0,0.0,3,LEFT,greedy,38933,55983,66717,87163,16649,232147,0.06691827842891365,1,124398,2,2,306.7418794088789,153.37093970443945,2,2,153.37093970443945,306.7418794088789,153.37093970443945,306.7418794088789,76.17009665769689,2437.4430930463004,3,LEFT,False,,
248826,double_dqn,dueling,782,14.0,514,0.0,0.0,0.05,,,,,,,,,,10000,10000,1.0,306.7235428751546,306.7235428751546,61707,False,498,248500,0.0,0.0,3,LEFT,greedy,38935,55993,66726,87172,16651,232175,0.06691824809304493,1,124413,2,2,306.7235428751546,153.3617714375773,2,2,153.3617714375773,306.7235428751546,153.3617714375773,306.7235428751546,76.16461673695599,2437.2677355825917,3,LEFT,False,,
249195,double_dqn,dueling,782,,,4.0,4.0,0.05,0.004277488216757774,1.9007961750030518,2.6773769855499268,0.522333025932312,1.9683582782745361,2.7256014347076416,0.06264939904212952,0.2933332920074463,0.4314999580383301,10000,10000,1.0,306.758493859764,306.758493859764,61800,True,499,249000,0.0,0.0,3,LEFT,greedy,39026,56071,66796,87303,16673,232523,0.06690717346987914,0,124598,2,2,306.758493859764,153.379246929882,2,2,153.379246929882,306.758493859764,153.379246929882,306.758493859764,76.1756041650607,2437.6193332819425,3,LEFT,False,,
249196,double_dqn,dueling,782,,,2.0,2.0,0.05,0.004277488216757774,1.9007961750030518,2.6773769855499268,0.522333025932312,1.9683582782745361,2.7256014347076416,0.06264939904212952,0.2933332920074463,0.4314999580383301,10000,10000,1.0,306.75844478974244,306.75844478974244,61800,True,499,249000,0.0,0.0,3,LEFT,greedy,39026,56071,66796,87303,16673,232523,0.06690717346987914,1,124598,2,2,306.75844478974244,153.37922239487122,2,2,153.37922239487122,306.75844478974244,153.37922239487122,306.75844478974244,76.1755919797794,2437.6189433529407,3,LEFT,False,,
249576,double_dqn,dueling,783,6.0,375,0.0,0.0,0.05,,,,,,,,,,10000,10000,1.0,306.7325723523137,306.7325723523137,61895,True,500,249500,0.0,0.0,3,LEFT,greedy,39057,56101,66926,87492,16691,232885,0.06687742411129276,1,124788,2,2,306.7325723523137,153.36628617615685,2,2,153.36628617615685,306.7325723523137,153.36628617615685,306.7325723523137,76.17047298667126,2437.45513557348,3,LEFT,False,,
249595,double_dqn,dueling,783,,,9.0,9.0,0.05,0.0024328078143298626,1.8942183256149292,2.741605758666992,0.6969181895256042,1.9301249980926514,2.7481162548065186,0.05000751465559006,0.2091672420501709,0.26325392723083496,10000,10000,1.0,306.7339818950306,306.7339818950306,61900,True,500,249500,0.0,0.0,3,LEFT,greedy,39059,56104,66933,87500,16692,232904,0.06687607173191878,0,124798,2,2,306.7339818950306,153.3669909475153,2,2,153.3669909475153,306.7339818950306,153.3669909475153,306.7339818950306,76.1708915573845,2437.468529836304,3,LEFT,False,,
249596,double_dqn,dueling,783,,,0.0,0.0,0.05,0.0024328078143298626,1.8942183256149292,2.741605758666992,0.6969181895256042,1.9301249980926514,2.7481162548065186,0.05000751465559006,0.2091672420501709,0.26325392723083496,10000,10000,1.0,306.7339376811354,306.7339376811354,61900,True,500,249500,0.0,0.0,2,RIGHT,greedy,39059,56104,66933,87500,16692,232904,0.06687607173191878,1,124798,2,2,306.7339376811354,153.3669688405677,2,2,153.3669688405677,306.7339376811354,153.3669688405677,306.7339376811354,76.17088057779954,2437.468178489585,2,RIGHT,False,,
249745,double_dqn,dueling,784,10.0,490,0.0,0.0,0.05,,,,,,,,,,10000,10000,1.0,306.7576905676932,306.7576905676932,61937,False,500,249500,0.0,0.0,0,NOOP,random,39080,56136,66982,87548,16700,233046,0.06686793782483003,0,124873,2,2,306.7576905676932,153.3788452838466,2,2,153.3788452838466,306.7576905676932,153.3788452838466,306.7576905676932,76.17626835742016,2437.640587437445,0,NOOP,False,,
249995,double_dqn,dueling,784,,,2.0,2.0,0.05,0.0019769947975873947,1.921133279800415,2.979578971862793,0.632585883140564,1.9377739429473877,2.9672842025756836,0.0371602326631546,0.2965857982635498,0.24216043949127197,10000,10000,1.0,306.79430562358203,306.79430562358203,62000,True,500,249500,0.0,0.0,3,LEFT,greedy,39141,56169,67031,87655,16706,233290,0.06682506920110722,0,124998,2,2,306.79430562358203,153.39715281179102,2,2,153.39715281179102,306.79430562358203,153.39715281179102,306.79430562358203,76.18723892752345,2437.9916456807505,3,LEFT,False,,
249996,double_dqn,dueling,784,,,4.0,4.0,0.05,0.0019769947975873947,1.921133279800415,2.979578971862793,0.632585883140564,1.9377739429473877,2.9672842025756836,0.0371602326631546,0.2965857982635498,0.24216043949127197,10000,10000,1.0,306.79426019241146,306.79426019241146,62000,True,500,249500,0.0,0.0,3,LEFT,greedy,39141,56169,67031,87655,16706,233290,0.06682506920110722,1,124998,2,2,306.79426019241146,153.39713009620573,2,2,153.39713009620573,306.79426019241146,153.39713009620573,306.79426019241146,76.18722764545144,2437.991284654446,3,LEFT,False,,
249999,double_dqn,dueling,784,,,2.0,2.0,0.05,0.0012806466547772288,1.8982417583465576,2.955059766769409,0.7626881003379822,1.9320205450057983,2.9555766582489014,0.03839810937643051,0.1561642289161682,0.19513650238513947,10000,10000,1.0,306.18706463568,306.18706463568,62001,True,501,250000,0.0,0.0,3,LEFT,greedy,39141,56169,67032,87658,16706,233294,0.066824,0,125000,2,2,306.18706463568,153.09353231784,2,2,153.09353231784,306.18706463568,153.09353231784,306.18706463568,76.0364543845272,2433.1665403048705,3,LEFT,False,,
250000,double_dqn,dueling,784,,,4.0,4.0,0.05,0.0012806466547772288,1.8982417583465576,2.955059766769409,0.7626881003379822,1.9320205450057983,2.9555766582489014,0.03839810937643051,0.1561642289161682,0.19513650238513947,10000,10000,1.0,306.18701432289066,306.18701432289066,62001,True,501,250000,0.0,0.0,2,RIGHT,greedy,39141,56169,67032,87658,16706,233294,0.066824,1,125000,2,2,306.18701432289066,153.09350716144533,2,2,153.09350716144533,306.18701432289066,153.09350716144533,306.18701432289066,76.03644189018452,2433.1661404859046,2,RIGHT,False,,
