global_step,algorithm,architecture,episode,raw_episode_return,episode_length,current_raw_episode_return,current_training_episode_return,epsilon,loss,q_mean,q_max,q_min,target_mean,target_max,td_error_mean_abs,td_error_max_abs,gradient_norm,replay_size,replay_capacity,replay_occupancy,steps_per_second,sps,optimizer_updates,optimizer_updated,target_sync_count,last_target_sync_step,raw_reward,training_reward,action,action_name,action_source,noop_count,fire_count,right_count,left_count,random_decision_count,greedy_decision_count,random_decision_ratio,environment_index,vector_iteration,num_envs,transition_batch_size,environment_transitions_per_second,vector_iterations_per_second,action_inference_batch_size,replay_insert_batch_size,action_inference_batches_per_second,action_inference_transitions_per_second,replay_insertion_calls_per_second,replay_insertion_transitions_per_second,optimizer_updates_per_second,training_samples_per_second,requested_action,requested_action_name,action_overridden,fire_reset_reason,fire_reset_auto_count
341,double_dqn,dueling,1,1.0,171,0.0,0.0,0.8711,,,,,,,,,,342,10000,0.0342,227.81079554970316,227.81079554970316,0,False,1,0,0.0,0.0,3,LEFT,greedy,87,86,73,96,306,36,0.8947368421052632,0,171,2,2,227.81079554970316,113.90539777485158,2,2,113.90539777485158,227.81079554970316,113.90539777485158,227.81079554970316,0.0,0.0,3,LEFT,False,,
362,double_dqn,dueling,2,2.0,181,0.0,0.0,0.8693150000000001,,,,,,,,,,362,10000,0.0362,235.32530570904103,235.32530570904103,0,False,1,0,0.0,0.0,3,LEFT,greedy,91,91,75,105,321,41,0.8867403314917127,1,181,2,2,235.32530570904103,117.66265285452052,2,2,117.66265285452052,235.32530570904103,117.66265285452052,235.32530570904103,0.0,0.0,3,LEFT,False,,
687,double_dqn,dueling,3,1.0,173,0.0,0.0,0.84169,,,,,,,,,,688,10000,0.0688,335.5556743437926,335.5556743437926,0,False,2,500,0.0,0.0,0,NOOP,random,174,172,139,203,604,84,0.877906976744186,0,344,2,2,335.5556743437926,167.7778371718963,2,2,167.7778371718963,335.5556743437926,167.7778371718963,335.5556743437926,0.0,0.0,0,NOOP,False,,
790,double_dqn,dueling,4,3.0,214,0.0,0.0,0.832935,,,,,,,,,,790,10000,0.079,353.0523340498276,353.0523340498276,0,False,2,500,0.0,0.0,1,FIRE,random,186,198,162,244,689,101,0.8721518987341772,1,395,2,2,353.0523340498276,176.5261670249138,2,2,176.5261670249138,353.0523340498276,176.5261670249138,353.0523340498276,0.0,0.0,1,FIRE,False,,
991,double_dqn,dueling,5,1.0,152,0.0,0.0,0.81585,,,,,,,,,,992,10000,0.0992,387.8082772939541,387.8082772939541,0,False,2,500,0.0,0.0,3,LEFT,greedy,224,247,196,325,857,135,0.8639112903225806,0,496,2,2,387.8082772939541,193.90413864697706,2,2,193.90413864697706,387.8082772939541,193.90413864697706,387.8082772939541,0.0,0.0,3,LEFT,False,,
1036,double_dqn,dueling,6,0.0,123,0.0,0.0,0.812025,,,,,,,,,,1036,10000,0.1036,346.4206090551481,346.4206090551481,10,True,3,1000,0.0,0.0,3,LEFT,random,237,265,199,335,889,147,0.8581081081081081,1,518,2,2,346.4206090551481,173.21030452757404,2,2,173.21030452757404,346.4206090551481,173.21030452757404,346.4206090551481,3.3438282727330892,107.00250472745886,3,LEFT,False,,
1284,double_dqn,dueling,7,0.0,124,0.0,0.0,0.790945,,,,,,,,,,1284,10000,0.1284,347.36640400202526,347.36640400202526,72,True,3,1000,0.0,0.0,1,FIRE,random,291,331,248,414,1083,201,0.8434579439252337,1,642,2,2,347.36640400202526,173.68320200101263,2,2,173.68320200101263,347.36640400202526,173.68320200101263,347.36640400202526,19.4784899440388,623.3116782092416,1,FIRE,False,,
1301,double_dqn,dueling,8,1.0,155,0.0,0.0,0.7895,,,,,,,,,,1302,10000,0.1302,346.5444672448086,346.5444672448086,76,False,3,1000,0.0,0.0,1,FIRE,random,293,340,252,417,1097,205,0.8425499231950845,0,651,2,2,346.5444672448086,173.2722336224043,2,2,173.2722336224043,346.5444672448086,173.2722336224043,346.5444672448086,20.228402081878226,647.3088666201032,1,FIRE,False,,
1395,double_dqn,dueling,8,,,0.0,0.0,0.78151,0.00032184208976104856,0.009158944711089134,0.018676917999982834,0.00043922383338212967,-0.013018207624554634,-0.012511531822383404,0.0240999273955822,0.031840912997722626,0.030043626204133034,1396,10000,0.1396,344.1985252208075,344.1985252208075,100,True,3,1000,0.0,0.0,2,RIGHT,random,318,371,270,437,1176,220,0.8424068767908309,0,698,2,2,344.1985252208075,172.09926261040374,2,2,172.09926261040374,344.1985252208075,172.09926261040374,344.1985252208075,24.65605481524409,788.9937540878109,2,RIGHT,False,,
1396,double_dqn,dueling,8,,,0.0,0.0,0.781425,0.00032184208976104856,0.009158944711089134,0.018676917999982834,0.00043922383338212967,-0.013018207624554634,-0.012511531822383404,0.0240999273955822,0.031840912997722626,0.030043626204133034,1396,10000,0.1396,344.19177852180246,344.19177852180246,100,True,3,1000,0.0,0.0,2,RIGHT,random,318,371,270,437,1176,220,0.8424068767908309,1,698,2,2,344.19177852180246,172.09588926090123,2,2,172.09588926090123,344.19177852180246,172.09588926090123,344.19177852180246,24.65557152734975,788.978288875192,2,RIGHT,False,,
1592,double_dqn,dueling,9,1.0,154,0.0,0.0,0.764765,,,,,,,,,,1592,10000,0.1592,343.7746980049511,343.7746980049511,149,True,4,1500,0.0,0.0,3,LEFT,greedy,378,416,316,482,1329,263,0.8347989949748744,1,796,2,2,343.7746980049511,171.88734900247556,2,2,171.88734900247556,343.7746980049511,171.88734900247556,343.7746980049511,32.174893217800076,1029.5965829696024,3,LEFT,False,,
1707,double_dqn,dueling,10,2.0,203,0.0,0.0,0.75499,,,,,,,,,,1708,10000,0.1708,341.91925000657517,341.91925000657517,178,True,4,1500,0.0,0.0,0,NOOP,random,410,447,334,517,1419,289,0.8307962529274004,0,854,2,2,341.91925000657517,170.95962500328758,2,2,170.95962500328758,341.91925000657517,170.95962500328758,341.91925000657517,35.63327078522856,1140.264665127314,0,NOOP,False,,
1795,double_dqn,dueling,10,,,0.0,0.0,0.74751,2.5786692276597023e-05,-0.004413194488734007,-0.002472910564392805,-0.008930245414376259,-0.011640777811408043,-0.009411261416971684,0.006694787181913853,0.00919284112751484,0.007534717209637165,1796,10000,0.1796,342.4271576298425,342.4271576298425,200,True,4,1500,0.0,0.0,0,NOOP,random,430,472,351,543,1494,302,0.8318485523385301,0,898,2,2,342.4271576298425,171.21357881492125,2,2,171.21357881492125,342.4271576298425,171.21357881492125,342.4271576298425,38.13220018149694,1220.2304058079021,0,NOOP,False,,
1796,double_dqn,dueling,10,,,0.0,0.0,0.747425,2.5786692276597023e-05,-0.004413194488734007,-0.002472910564392805,-0.008930245414376259,-0.011640777811408043,-0.009411261416971684,0.006694787181913853,0.00919284112751484,0.007534717209637165,1796,10000,0.1796,342.42233947351104,342.42233947351104,200,True,4,1500,0.0,0.0,1,FIRE,fire_reset,430,472,351,543,1494,302,0.8318485523385301,1,898,2,2,342.42233947351104,171.21116973675552,2,2,171.21116973675552,342.42233947351104,171.21116973675552,342.42233947351104,38.13166363847562,1220.21323643122,1,FIRE,False,after_life_loss,
1842,double_dqn,dueling,11,0.0,125,0.0,0.0,0.743515,,,,,,,,,,1842,10000,0.1842,342.3048803687138,342.3048803687138,211,False,4,1500,0.0,0.0,0,NOOP,greedy,450,483,357,552,1528,314,0.8295331161780674,1,921,2,2,342.3048803687138,171.1524401843569,2,2,171.1524401843569,342.3048803687138,171.1524401843569,342.3048803687138,39.21081962964094,1254.74622814851,0,NOOP,False,,
1955,double_dqn,dueling,12,0.0,124,0.0,0.0,0.7339100000000001,,,,,,,,,,1956,10000,0.1956,342.8205653187883,342.8205653187883,240,True,4,1500,0.0,0.0,0,NOOP,random,478,516,379,583,1610,346,0.8231083844580777,0,978,2,2,342.8205653187883,171.41028265939414,2,2,171.41028265939414,342.8205653187883,171.41028265939414,342.8205653187883,42.0638730452501,1346.0439374480031,0,NOOP,False,,
2195,double_dqn,dueling,12,,,0.0,0.0,0.71351,0.015752390027046204,-0.0037695332430303097,0.004489905200898647,-0.0105365552008152,0.024475717917084694,0.9931109547615051,0.03801710531115532,1.0031439065933228,0.04439336061477661,2196,10000,0.2196,341.71031927663853,341.71031927663853,300,True,5,2000,0.0,0.0,3,LEFT,greedy,548,570,421,657,1778,418,0.8096539162112932,0,1098,2,2,341.71031927663853,170.85515963831926,2,2,170.85515963831926,341.71031927663853,170.85515963831926,341.71031927663853,46.68173760609816,1493.8156033951411,3,LEFT,False,,
2196,double_dqn,dueling,12,,,2.0,2.0,0.713425,0.015752390027046204,-0.0037695332430303097,0.004489905200898647,-0.0105365552008152,0.024475717917084694,0.9931109547615051,0.03801710531115532,1.0031439065933228,0.04439336061477661,2196,10000,0.2196,341.706118737145,341.706118737145,300,True,5,2000,0.0,0.0,3,LEFT,greedy,548,570,421,657,1778,418,0.8096539162112932,1,1098,2,2,341.706118737145,170.8530593685725,2,2,170.8530593685725,341.706118737145,170.8530593685725,341.706118737145,46.681163761905054,1493.7972403809617,3,LEFT,False,,
2259,double_dqn,dueling,13,1.0,152,0.0,0.0,0.70807,,,,,,,,,,2260,10000,0.226,341.30929356057345,341.30929356057345,316,True,5,2000,0.0,0.0,0,NOOP,random,560,583,444,673,1825,435,0.8075221238938053,0,1130,2,2,341.30929356057345,170.65464678028673,2,2,170.65464678028673,341.30929356057345,170.65464678028673,341.30929356057345,47.722892373956284,1527.132555966601,0,NOOP,False,,
2288,double_dqn,dueling,14,2.0,223,0.0,0.0,0.705605,,,,,,,,,,2288,10000,0.2288,341.06464880777065,341.06464880777065,323,True,5,2000,0.0,0.0,0,NOOP,greedy,572,590,449,677,1847,441,0.8072552447552448,1,1144,2,2,341.06464880777065,170.53232440388533,2,2,170.53232440388533,341.06464880777065,170.53232440388533,341.06464880777065,48.148549635013076,1540.7535883204184,0,NOOP,False,,
2595,double_dqn,dueling,14,,,2.0,2.0,0.6795100000000001,0.015330572612583637,0.0001031296415021643,0.0071876998990774155,-0.004932999610900879,0.020147161558270454,0.9890157580375671,0.04157937690615654,0.9883677363395691,0.03887670859694481,2596,10000,0.2596,338.02233858289566,338.02233858289566,400,True,6,2500,0.0,0.0,1,FIRE,random,691,666,501,738,2063,533,0.7946841294298922,0,1298,2,2,338.02233858289566,169.01116929144783,2,2,169.01116929144783,338.02233858289566,169.01116929144783,338.02233858289566,52.083565267010115,1666.6740885443237,1,FIRE,False,,
2596,double_dqn,dueling,14,,,1.0,1.0,0.6794250000000001,0.015330572612583637,0.0001031296415021643,0.0071876998990774155,-0.004932999610900879,0.020147161558270454,0.9890157580375671,0.04157937690615654,0.9883677363395691,0.03887670859694481,2596,10000,0.2596,338.01840382067326,338.01840382067326,400,True,6,2500,0.0,0.0,1,FIRE,random,691,666,501,738,2063,533,0.7946841294298922,1,1298,2,2,338.01840382067326,169.00920191033663,2,2,169.00920191033663,338.01840382067326,169.00920191033663,338.01840382067326,52.08295898623625,1666.65468755956,1,FIRE,False,,
2655,double_dqn,dueling,15,2.0,198,0.0,0.0,0.67441,,,,,,,,,,2656,10000,0.2656,336.8772840516094,336.8772840516094,415,True,6,2500,0.0,0.0,1,FIRE,random,705,680,510,761,2107,549,0.7932981927710844,0,1328,2,2,336.8772840516094,168.4386420258047,2,2,168.4386420258047,336.8772840516094,168.4386420258047,336.8772840516094,52.63707563306398,1684.3864202580473,1,FIRE,False,,
2726,double_dqn,dueling,16,2.0,219,0.0,0.0,0.668375,,,,,,,,,,2726,10000,0.2726,336.46604699497243,336.46604699497243,432,False,6,2500,0.0,0.0,3,LEFT,greedy,717,699,518,792,2153,573,0.7898019075568599,1,1363,2,2,336.46604699497243,168.23302349748622,2,2,168.23302349748622,336.46604699497243,168.23302349748622,336.46604699497243,53.321105026349265,1706.2753608431765,3,LEFT,False,,
2961,double_dqn,dueling,17,1.0,153,0.0,0.0,0.6484000000000001,,,,,,,,,,2962,10000,0.2962,336.8929106134201,336.8929106134201,491,False,6,2500,0.0,0.0,1,FIRE,random,803,748,561,850,2303,659,0.7775151924375422,0,1481,2,2,336.8929106134201,168.44645530671005,2,2,168.44645530671005,336.8929106134201,168.44645530671005,336.8929106134201,55.84551624280529,1787.0565197697692,1,FIRE,False,,
2995,double_dqn,dueling,17,,,0.0,0.0,0.64551,8.062746019277256e-06,-0.007555664051324129,-0.00044263806194067,-0.012268522754311562,-0.007490617223083973,-0.007190334144979715,0.0033168443478643894,0.0069759744219481945,0.0022052633576095104,2996,10000,0.2996,336.80654402204647,336.80654402204647,500,True,6,2500,0.0,0.0,0,NOOP,greedy,819,757,567,853,2322,674,0.7750333778371161,0,1498,2,2,336.80654402204647,168.40327201102323,2,2,168.40327201102323,336.80654402204647,168.40327201102323,336.80654402204647,56.20936983011456,1798.699834563666,0,NOOP,False,,
2996,double_dqn,dueling,17,,,1.0,1.0,0.645425,8.062746019277256e-06,-0.007555664051324129,-0.00044263806194067,-0.012268522754311562,-0.007490617223083973,-0.007190334144979715,0.0033168443478643894,0.0069759744219481945,0.0022052633576095104,2996,10000,0.2996,336.8036020637514,336.8036020637514,500,True,6,2500,0.0,0.0,2,RIGHT,random,819,757,567,853,2322,674,0.7750333778371161,1,1498,2,2,336.8036020637514,168.4018010318757,2,2,168.4018010318757,336.8036020637514,168.4018010318757,336.8036020637514,56.20887884909069,1798.684123170902,2,RIGHT,False,,
3209,double_dqn,dueling,18,0.0,124,0.0,0.0,0.6273200000000001,,,,,,,,,,3210,10000,0.321,336.1312824455739,336.1312824455739,553,False,7,3000,0.0,0.0,1,FIRE,random,928,801,609,872,2458,752,0.7657320872274144,0,1605,2,2,336.1312824455739,168.06564122278695,2,2,168.06564122278695,336.1312824455739,168.06564122278695,336.1312824455739,57.906728720374566,1853.0153190519861,1,FIRE,False,,
3256,double_dqn,dueling,19,3.0,265,0.0,0.0,0.623325,,,,,,,,,,3256,10000,0.3256,335.4833737357099,335.4833737357099,565,True,7,3000,0.0,0.0,0,NOOP,random,935,813,616,892,2489,767,0.7644348894348895,1,1628,2,2,335.4833737357099,167.74168686785495,2,2,167.74168686785495,335.4833737357099,167.74168686785495,335.4833737357099,58.21502031961796,1862.8806502277748,0,NOOP,False,,
3395,double_dqn,dueling,19,,,0.0,0.0,0.61151,3.4708202292677015e-05,-0.002145328326150775,0.0019802111200988293,-0.007005753461271524,-0.009080329909920692,-0.008887025527656078,0.007614390924572945,0.011063656769692898,0.008684884756803513,3396,10000,0.3396,336.4398140982153,336.4398140982153,600,True,7,3000,0.0,0.0,3,LEFT,greedy,956,848,632,960,2568,828,0.7561837455830389,0,1698,2,2,336.4398140982153,168.21990704910766,2,2,168.21990704910766,336.4398140982153,168.21990704910766,336.4398140982153,59.44166326823592,1902.1332245835495,3,LEFT,False,,
3396,double_dqn,dueling,19,,,0.0,0.0,0.611425,3.4708202292677015e-05,-0.002145328326150775,0.0019802111200988293,-0.007005753461271524,-0.009080329909920692,-0.008887025527656078,0.007614390924572945,0.011063656769692898,0.008684884756803513,3396,10000,0.3396,336.4374442890204,336.4374442890204,600,True,7,3000,0.0,0.0,0,NOOP,random,956,848,632,960,2568,828,0.7561837455830389,1,1698,2,2,336.4374442890204,168.2187221445102,2,2,168.2187221445102,336.4374442890204,168.2187221445102,336.4374442890204,59.44124457403187,1902.1198263690198,0,NOOP,False,,
3455,double_dqn,dueling,20,0.0,123,0.0,0.0,0.6064100000000001,,,,,,,,,,3456,10000,0.3456,336.6396424400235,336.6396424400235,615,True,7,3000,0.0,0.0,3,LEFT,greedy,960,862,648,986,2601,855,0.7526041666666666,0,1728,2,2,336.6396424400235,168.31982122001176,2,2,168.31982122001176,336.6396424400235,168.31982122001176,336.6396424400235,59.90549192726113,1916.9757416723562,3,LEFT,False,,
3506,double_dqn,dueling,21,0.0,125,0.0,0.0,0.602075,,,,,,,,,,3506,10000,0.3506,336.54546751769186,336.54546751769186,627,False,8,3500,0.0,0.0,3,LEFT,greedy,969,874,657,1006,2631,875,0.7504278379920137,1,1753,2,2,336.54546751769186,168.27273375884593,2,2,168.27273375884593,336.54546751769186,168.27273375884593,336.54546751769186,60.186539684424645,1925.9692699015886,3,LEFT,False,,
3703,double_dqn,dueling,22,0.0,124,0.0,0.0,0.5853300000000001,,,,,,,,,,3704,10000,0.3704,336.6355303639941,336.6355303639941,677,True,8,3500,0.0,0.0,2,RIGHT,greedy,1024,923,713,1044,2755,949,0.7437904967602592,0,1852,2,2,336.6355303639941,168.31776518199706,2,2,168.31776518199706,336.6355303639941,168.31776518199706,336.6355303639941,61.52868630033046,1968.9179616105748,2,RIGHT,False,,
3795,double_dqn,dueling,22,,,1.0,1.0,0.57751,8.645298294140957e-06,0.005993771366775036,0.010199988260865211,0.0025851670652627945,0.0027343062683939934,0.0031057174783200026,0.003022649558261037,0.00761116947978735,0.0036189593374729156,3796,10000,0.3796,336.6906308882415,336.6906308882415,700,True,8,3500,0.0,0.0,1,FIRE,random,1037,945,747,1067,2807,989,0.7394625922023182,0,1898,2,2,336.6906308882415,168.34531544412076,2,2,168.34531544412076,336.6906308882415,168.34531544412076,336.6906308882415,62.08731338824264,1986.7940284237645,1,FIRE,False,,
3796,double_dqn,dueling,22,,,1.0,1.0,0.5774250000000001,8.645298294140957e-06,0.005993771366775036,0.010199988260865211,0.0025851670652627945,0.0027343062683939934,0.0031057174783200026,0.003022649558261037,0.00761116947978735,0.0036189593374729156,3796,10000,0.3796,336.68842998786397,336.68842998786397,700,True,8,3500,0.0,0.0,3,LEFT,greedy,1037,945,747,1067,2807,989,0.7394625922023182,1,1898,2,2,336.68842998786397,168.34421499393198,2,2,168.34421499393198,336.68842998786397,168.34421499393198,336.68842998786397,62.08690753200864,1986.7810410242764,3,LEFT,False,,
3848,double_dqn,dueling,23,1.0,171,0.0,0.0,0.573005,,,,,,,,,,3848,10000,0.3848,336.60520355776396,336.60520355776396,713,True,8,3500,0.0,0.0,3,LEFT,greedy,1043,952,758,1095,2835,1013,0.7367463617463618,1,1924,2,2,336.60520355776396,168.30260177888198,2,2,168.30260177888198,336.60520355776396,168.30260177888198,336.60520355776396,62.36993506670627,1995.8379221346006,3,LEFT,False,,
4041,double_dqn,dueling,24,1.0,169,0.0,0.0,0.5566,,,,,,,,,,4042,10000,0.4042,337.45892312168525,337.45892312168525,761,False,9,4000,0.0,0.0,3,LEFT,greedy,1076,1043,775,1148,2944,1098,0.7283523008411678,0,2021,2,2,337.45892312168525,168.72946156084262,2,2,168.72946156084262,337.45892312168525,168.72946156084262,337.45892312168525,63.534448415537476,2033.1023492971992,3,LEFT,False,,
4096,double_dqn,dueling,25,0.0,124,0.0,0.0,0.551925,,,,,,,,,,4096,10000,0.4096,337.4198090453215,337.4198090453215,775,True,9,4000,0.0,0.0,2,RIGHT,greedy,1089,1053,784,1170,2972,1124,0.7255859375,1,2048,2,2,337.4198090453215,168.70990452266074,2,2,168.70990452266074,337.4198090453215,168.70990452266074,337.4198090453215,63.84285937747171,2042.9715000790948,2,RIGHT,False,,
4195,double_dqn,dueling,25,,,0.0,0.0,0.54351,1.733015596983023e-05,0.0007624411955475807,0.007498518563807011,-0.0046990797854959965,-0.0032867873087525368,-0.0029038924258202314,0.004503070376813412,0.010884338058531284,0.0050900280475616455,4196,10000,0.4196,337.7803914313812,337.7803914313812,800,True,9,4000,0.0,0.0,1,FIRE,fire_reset,1126,1073,797,1200,3032,1164,0.7225929456625357,0,2098,2,2,337.7803914313812,168.8901957156906,2,2,168.8901957156906,337.7803914313812,168.8901957156906,337.7803914313812,64.40045594497259,2060.814590239123,2,RIGHT,True,after_life_loss,
4196,double_dqn,dueling,25,,,1.0,1.0,0.543425,1.733015596983023e-05,0.0007624411955475807,0.007498518563807011,-0.0046990797854959965,-0.0032867873087525368,-0.0029038924258202314,0.004503070376813412,0.010884338058531284,0.0050900280475616455,4196,10000,0.4196,337.77838199097573,337.77838199097573,800,True,9,4000,0.0,0.0,0,NOOP,random,1126,1073,797,1200,3032,1164,0.7225929456625357,1,2098,2,2,337.77838199097573,168.88919099548787,2,2,168.88919099548787,337.77838199097573,168.88919099548787,337.77838199097573,64.40007282954733,2060.8023305455145,0,NOOP,False,,
4291,double_dqn,dueling,26,0.0,125,0.0,0.0,0.53535,,,,,,,,,,4292,10000,0.4292,337.7514533807878,337.7514533807878,824,True,9,4000,0.0,0.0,3,LEFT,greedy,1153,1087,809,1243,3089,1203,0.7197110904007455,0,2146,2,2,337.7514533807878,168.8757266903939,2,2,168.8757266903939,337.7514533807878,168.8757266903939,337.7514533807878,64.8432426807477,2074.983765783926,3,LEFT,False,,
4440,double_dqn,dueling,27,1.0,172,0.0,0.0,0.5226850000000001,,,,,,,,,,4440,10000,0.444,338.1901861854706,338.1901861854706,861,True,9,4000,0.0,0.0,3,LEFT,greedy,1160,1139,825,1316,3159,1281,0.7114864864864865,1,2220,2,2,338.1901861854706,169.0950930927353,2,2,169.0950930927353,338.1901861854706,169.0950930927353,338.1901861854706,65.58147529407437,2098.6072094103797,3,LEFT,False,,
4595,double_dqn,dueling,28,1.0,152,0.0,0.0,0.5095100000000001,1.9972430891357362e-05,0.0022366982884705067,0.010105130262672901,-0.0025776331312954426,-0.001244836486876011,0.0,0.004814930260181427,0.011009564623236656,0.005844094790518284,4596,10000,0.4596,338.0491409158353,338.0491409158353,900,True,10,4500,0.0,0.0,1,FIRE,random,1177,1171,843,1405,3235,1361,0.7038729329852045,0,2298,2,2,338.0491409158353,169.02457045791766,2,2,169.02457045791766,338.0491409158353,169.02457045791766,338.0491409158353,66.19761245088159,2118.323598428211,1,FIRE,False,,
4596,double_dqn,dueling,28,,,0.0,0.0,0.509425,1.9972430891357362e-05,0.0022366982884705067,0.010105130262672901,-0.0025776331312954426,-0.001244836486876011,0.0,0.004814930260181427,0.011009564623236656,0.005844094790518284,4596,10000,0.4596,338.04725619480564,338.04725619480564,900,True,10,4500,0.0,0.0,3,LEFT,greedy,1177,1171,843,1405,3235,1361,0.7038729329852045,1,2298,2,2,338.04725619480564,169.02362809740282,2,2,169.02362809740282,338.04725619480564,169.02362809740282,338.04725619480564,66.19724338018388,2118.311788165884,3,LEFT,False,,
4688,double_dqn,dueling,29,0.0,124,0.0,0.0,0.5016050000000001,,,,,,,,,,4688,10000,0.4688,338.1966438734377,338.1966438734377,923,True,10,4500,0.0,0.0,3,LEFT,greedy,1187,1189,854,1458,3283,1405,0.7002986348122867,1,2344,2,2,338.1966438734377,169.09832193671886,2,2,169.09832193671886,338.1966438734377,169.09832193671886,338.1966438734377,66.58607130869946,2130.7542818783827,3,LEFT,False,,
4899,double_dqn,dueling,30,1.0,152,0.0,0.0,0.48367000000000004,,,,,,,,,,4900,10000,0.49,338.61677080729305,338.61677080729305,976,True,10,4500,0.0,0.0,1,FIRE,greedy,1210,1271,881,1538,3386,1514,0.6910204081632653,0,2450,2,2,338.61677080729305,169.30838540364653,2,2,169.30838540364653,338.61677080729305,169.30838540364653,338.61677080729305,67.44693230773836,2158.3018338476277,1,FIRE,False,,
4992,double_dqn,dueling,31,1.0,152,0.0,0.0,0.47576500000000005,,,,,,,,,,4992,10000,0.4992,338.65098367121925,338.65098367121925,999,True,10,4500,0.0,0.0,0,NOOP,random,1219,1315,897,1561,3445,1547,0.6901041666666666,1,2496,2,2,338.65098367121925,169.32549183560963,2,2,169.32549183560963,338.65098367121925,169.32549183560963,338.65098367121925,67.77089997747356,2168.668799279154,0,NOOP,False,,
4995,double_dqn,dueling,31,,,0.0,0.0,0.47551000000000004,7.961880328366533e-06,0.0012577022425830364,0.0046218447387218475,-0.003744353773072362,-0.0014569490449503064,-0.0010110930306836963,0.0036743497475981712,0.009265389293432236,0.0035358918830752373,4996,10000,0.4996,338.4352904999753,338.4352904999753,1000,True,10,4500,0.0,0.0,3,LEFT,random,1219,1317,897,1563,3448,1548,0.6901521216973578,0,2498,2,2,338.4352904999753,169.21764524998764,2,2,169.21764524998764,338.4352904999753,169.21764524998764,338.4352904999753,67.74125110087576,2167.7200352280242,3,LEFT,False,,
4996,double_dqn,dueling,31,,,0.0,0.0,0.47542500000000004,7.961880328366533e-06,0.0012577022425830364,0.0046218447387218475,-0.003744353773072362,-0.0014569490449503064,-0.0010110930306836963,0.0036743497475981712,0.009265389293432236,0.0035358918830752373,4996,10000,0.4996,338.4323559925872,338.4323559925872,1000,True,10,4500,0.0,0.0,1,FIRE,fire_reset,1219,1317,897,1563,3448,1548,0.6901521216973578,1,2498,2,2,338.4323559925872,169.2161779962936,2,2,169.2161779962936,338.4323559925872,169.2161779962936,338.4323559925872,67.74066372950104,2167.701239344033,0,NOOP,True,initial_serve,
5242,double_dqn,dueling,32,0.0,125,0.0,0.0,0.454515,,,,,,,,,,5242,10000,0.5242,336.3220226531724,336.3220226531724,1061,False,11,5000,0.0,0.0,1,FIRE,random,1244,1410,920,1668,3568,1674,0.6806562380770699,1,2621,2,2,336.3220226531724,168.1610113265862,2,2,168.1610113265862,336.3220226531724,168.1610113265862,336.3220226531724,68.07280923979701,2178.3298956735043,1,FIRE,False,,
5319,double_dqn,dueling,33,3.0,210,0.0,0.0,0.44797,,,,,,,,,,5320,10000,0.532,336.3632496487175,336.3632496487175,1081,True,11,5000,0.0,0.0,1,FIRE,random,1254,1452,929,1685,3613,1707,0.6791353383458647,0,2660,2,2,336.3632496487175,168.18162482435875,2,2,168.18162482435875,336.3632496487175,168.18162482435875,336.3632496487175,68.34749490042549,2187.1198368136156,1,FIRE,False,,
5395,double_dqn,dueling,33,,,0.0,0.0,0.44151000000000007,0.015422256663441658,0.007111084647476673,0.011851844377815723,0.0031864321790635586,0.03446913883090019,1.0033502578735352,0.03547004982829094,0.9930908679962158,0.03970903903245926,5396,10000,0.5396,336.4687804746275,336.4687804746275,1100,True,11,5000,0.0,0.0,1,FIRE,random,1260,1469,934,1733,3643,1753,0.6751297257227576,0,2698,2,2,336.4687804746275,168.23439023731376,2,2,168.23439023731376,336.4687804746275,168.23439023731376,336.4687804746275,68.59074472240368,2194.903831116918,1,FIRE,False,,
5396,double_dqn,dueling,33,,,0.0,0.0,0.44142500000000007,0.015422256663441658,0.007111084647476673,0.011851844377815723,0.0031864321790635586,0.03446913883090019,1.0033502578735352,0.03547004982829094,0.9930908679962158,0.03970903903245926,5396,10000,0.5396,336.46609917626995,336.46609917626995,1100,True,11,5000,0.0,0.0,3,LEFT,greedy,1260,1469,934,1733,3643,1753,0.6751297257227576,1,2698,2,2,336.46609917626995,168.23304958813497,2,2,168.23304958813497,336.46609917626995,168.23304958813497,336.46609917626995,68.59019812711212,2194.8863400675878,3,LEFT,False,,
5488,double_dqn,dueling,34,0.0,123,0.0,0.0,0.4336050000000001,,,,,,,,,,5488,10000,0.5488,336.39728244212165,336.39728244212165,1123,True,11,5000,0.0,0.0,3,LEFT,greedy,1270,1479,946,1793,3681,1807,0.6707361516034985,1,2744,2,2,336.39728244212165,168.19864122106083,2,2,168.19864122106083,336.39728244212165,168.19864122106083,336.39728244212165,68.83639726357555,2202.7647124344176,3,LEFT,False,,
5569,double_dqn,dueling,35,0.0,125,0.0,0.0,0.42672000000000004,,,,,,,,,,5570,10000,0.557,336.36887827153305,336.36887827153305,1143,False,12,5500,0.0,0.0,0,NOOP,greedy,1304,1493,956,1817,3717,1853,0.6673249551166965,0,2785,2,2,336.36887827153305,168.18443913576652,2,2,168.18443913576652,336.36887827153305,168.18443913576652,336.36887827153305,69.02506783920327,2208.8021708545048,0,NOOP,False,,
5738,double_dqn,dueling,36,0.0,125,0.0,0.0,0.412355,,,,,,,,,,5738,10000,0.5738,335.22152592998196,335.22152592998196,1185,False,12,5500,0.0,0.0,1,FIRE,greedy,1403,1530,973,1832,3788,1950,0.6601603346113628,1,2869,2,2,335.22152592998196,167.61076296499098,2,2,167.61076296499098,335.22152592998196,167.61076296499098,335.22152592998196,69.22926250035354,2215.3364000113133,1,FIRE,False,,
5795,double_dqn,dueling,36,,,0.0,0.0,0.40751000000000004,2.023442903009709e-05,0.010461528785526752,0.017029831185936928,0.005682367831468582,0.005120033398270607,0.011240431107580662,0.005851659458130598,0.009381087496876717,0.006757545750588179,5796,10000,0.5796,335.0999526102067,335.0999526102067,1200,True,12,5500,0.0,0.0,2,RIGHT,random,1409,1566,984,1837,3817,1979,0.6585576259489303,0,2898,2,2,335.0999526102067,167.54997630510334,2,2,167.54997630510334,335.0999526102067,167.54997630510334,335.0999526102067,69.37887217602622,2220.123909632839,2,RIGHT,False,,
5796,double_dqn,dueling,36,,,0.0,0.0,0.40742500000000004,2.023442903009709e-05,0.010461528785526752,0.017029831185936928,0.005682367831468582,0.005120033398270607,0.011240431107580662,0.005851659458130598,0.009381087496876717,0.006757545750588179,5796,10000,0.5796,335.0984181900233,335.0984181900233,1200,True,12,5500,0.0,0.0,1,FIRE,random,1409,1566,984,1837,3817,1979,0.6585576259489303,1,2898,2,2,335.0984181900233,167.54920909501166,2,2,167.54920909501166,335.0984181900233,167.54920909501166,335.0984181900233,69.37855449068806,2220.113743702018,1,FIRE,False,,
5817,double_dqn,dueling,37,0.0,124,0.0,0.0,0.40564000000000006,,,,,,,,,,5818,10000,0.5818,335.13028950164545,335.13028950164545,1205,False,12,5500,0.0,0.0,0,NOOP,random,1413,1582,985,1838,3825,1993,0.6574424200756274,0,2909,2,2,335.13028950164545,167.56514475082272,2,2,167.56514475082272,335.13028950164545,167.56514475082272,335.13028950164545,69.4107938895639,2221.145404466045,0,NOOP,False,,
6121,double_dqn,dueling,38,1.0,152,0.0,0.0,0.3798,,,,,,,,,,6122,10000,0.6122,335.37035122678407,335.37035122678407,1281,False,13,6000,0.0,0.0,0,NOOP,random,1534,1665,1020,1903,3961,2161,0.6470107807905913,0,3061,2,2,335.37035122678407,167.68517561339203,2,2,167.68517561339203,335.37035122678407,167.68517561339203,335.37035122678407,70.17468473072695,2245.5899113832625,0,NOOP,False,,
6132,double_dqn,dueling,39,2.0,197,0.0,0.0,0.378865,,,,,,,,,,6132,10000,0.6132,335.20220772305794,335.20220772305794,1284,True,13,6000,0.0,0.0,0,NOOP,greedy,1538,1668,1021,1905,3968,2164,0.6470971950424005,1,3066,2,2,335.20220772305794,167.60110386152897,2,2,167.60110386152897,335.20220772305794,167.60110386152897,335.20220772305794,70.1891119889769,2246.051583647261,0,NOOP,False,,
6195,double_dqn,dueling,39,,,0.0,0.0,0.3735100000000001,1.3044226761849131e-05,0.012968797236680984,0.029616625979542732,0.005658905953168869,0.010889320634305477,0.021579090505838394,0.004019393585622311,0.014830699190497398,0.003365391632542014,6196,10000,0.6196,335.10107261604975,335.10107261604975,1300,True,13,6000,0.0,0.0,2,RIGHT,random,1575,1680,1030,1911,3994,2202,0.644609425435765,0,3098,2,2,335.10107261604975,167.55053630802487,2,2,167.55053630802487,335.10107261604975,167.55053630802487,335.10107261604975,70.30848844429707,2249.871630217506,2,RIGHT,False,,
6196,double_dqn,dueling,39,,,0.0,0.0,0.373425,1.3044226761849131e-05,0.012968797236680984,0.029616625979542732,0.005658905953168869,0.010889320634305477,0.021579090505838394,0.004019393585622311,0.014830699190497398,0.003365391632542014,6196,10000,0.6196,335.0996118760602,335.0996118760602,1300,True,13,6000,0.0,0.0,0,NOOP,random,1575,1680,1030,1911,3994,2202,0.644609425435765,1,3098,2,2,335.0996118760602,167.5498059380301,2,2,167.5498059380301,335.0996118760602,167.5498059380301,335.0996118760602,70.30818196237544,2249.861822796014,0,NOOP,False,,
6371,double_dqn,dueling,40,0.0,125,0.0,0.0,0.35855000000000004,,,,,,,,,,6372,10000,0.6372,334.95054380488597,334.95054380488597,1344,True,13,6000,0.0,0.0,2,RIGHT,random,1653,1731,1040,1948,4050,2322,0.635593220338983,0,3186,2,2,334.95054380488597,167.47527190244298,2,2,167.47527190244298,334.95054380488597,167.47527190244298,334.95054380488597,70.6487022714637,2260.7584726868386,2,RIGHT,False,,
6382,double_dqn,dueling,41,0.0,125,0.0,0.0,0.357615,,,,,,,,,,6382,10000,0.6382,334.93610387754524,334.93610387754524,1346,False,13,6000,0.0,0.0,1,FIRE,random,1656,1738,1040,1948,4054,2328,0.6352240676903792,1,3191,2,2,334.93610387754524,167.46805193877262,2,2,167.46805193877262,334.93610387754524,167.46805193877262,334.93610387754524,70.63992413337134,2260.477572267883,1,FIRE,False,,
6595,double_dqn,dueling,41,,,0.0,0.0,0.3395100000000001,0.015592368319630623,0.014929929748177528,0.03101934678852558,0.011334159411489964,0.047575414180755615,1.0265979766845703,0.03316206857562065,0.9988558292388916,0.04704246670007706,6596,10000,0.6596,335.23205837033515,335.23205837033515,1400,True,14,6500,0.0,0.0,2,RIGHT,random,1727,1809,1067,1993,4134,2462,0.6267434808975136,0,3298,2,2,335.23205837033515,167.61602918516758,2,2,167.61602918516758,335.23205837033515,167.61602918516758,335.23205837033515,71.15295356556537,2276.894514098092,2,RIGHT,False,,
6596,double_dqn,dueling,41,,,1.0,1.0,0.3394250000000001,0.015592368319630623,0.014929929748177528,0.03101934678852558,0.011334159411489964,0.047575414180755615,1.0265979766845703,0.03316206857562065,0.9988558292388916,0.04704246670007706,6596,10000,0.6596,335.2308929961792,335.2308929961792,1400,True,14,6500,0.0,0.0,1,FIRE,random,1727,1809,1067,1993,4134,2462,0.6267434808975136,1,3298,2,2,335.2308929961792,167.6154464980896,2,2,167.6154464980896,335.2308929961792,167.6154464980896,335.2308929961792,71.15270621507746,2276.8865988824787,1,FIRE,False,,
6621,double_dqn,dueling,42,0.0,125,0.0,0.0,0.33730000000000004,,,,,,,,,,6622,10000,0.6622,335.223176346555,335.223176346555,1406,False,14,6500,0.0,0.0,0,NOOP,greedy,1748,1811,1068,1995,4142,2480,0.625490788281486,0,3311,2,2,335.223176346555,167.6115881732775,2,2,167.6115881732775,335.223176346555,167.6115881732775,335.223176346555,71.17544336201395,2277.6141875844464,0,NOOP,False,,
6746,double_dqn,dueling,43,2.0,182,0.0,0.0,0.32667500000000005,,,,,,,,,,6746,10000,0.6746,335.51224647963323,335.51224647963323,1437,False,14,6500,0.0,0.0,2,RIGHT,greedy,1838,1827,1076,2005,4179,2567,0.6194782093092203,1,3373,2,2,335.51224647963323,167.75612323981662,2,2,167.75612323981662,335.51224647963323,167.75612323981662,335.51224647963323,71.46918146920144,2287.0138070144462,2,RIGHT,False,,
6995,double_dqn,dueling,43,,,3.0,3.0,0.30551000000000006,0.015136292204260826,0.020785493776202202,0.03889467939734459,0.009552001953125,0.04711148142814636,1.0100070238113403,0.03519074618816376,0.9836143851280212,0.04221561551094055,6996,10000,0.6996,335.7040504500415,335.7040504500415,1500,True,14,6500,0.0,0.0,1,FIRE,greedy,1909,1956,1105,2026,4270,2726,0.6103487707261293,0,3498,2,2,335.7040504500415,167.85202522502075,2,2,167.85202522502075,335.7040504500415,167.85202522502075,335.7040504500415,71.97771236064355,2303.2867955405936,1,FIRE,False,,
6996,double_dqn,dueling,43,,,1.0,1.0,0.30542500000000006,0.015136292204260826,0.020785493776202202,0.03889467939734459,0.009552001953125,0.04711148142814636,1.0100070238113403,0.03519074618816376,0.9836143851280212,0.04221561551094055,6996,10000,0.6996,335.70273436507443,335.70273436507443,1500,True,14,6500,0.0,0.0,2,RIGHT,random,1909,1956,1105,2026,4270,2726,0.6103487707261293,1,3498,2,2,335.70273436507443,167.85136718253722,2,2,167.85136718253722,335.70273436507443,167.85136718253722,335.70273436507443,71.97743018119091,2303.277765798109,2,RIGHT,False,,
7075,double_dqn,dueling,44,3.0,227,0.0,0.0,0.29871000000000003,,,,,,,,,,7076,10000,0.7076,335.7255757484867,335.7255757484867,1520,True,15,7000,0.0,0.0,0,NOOP,greedy,1915,1996,1113,2052,4296,2780,0.6071226681741096,0,3538,2,2,335.7255757484867,167.86278787424334,2,2,167.86278787424334,335.7255757484867,167.86278787424334,335.7255757484867,72.11742158531654,2307.757490730129,0,NOOP,False,,
7150,double_dqn,dueling,45,2.0,202,0.0,0.0,0.292335,,,,,,,,,,7150,10000,0.715,335.75913280123916,335.75913280123916,1538,False,15,7000,0.0,0.0,3,LEFT,random,1921,2002,1142,2085,4315,2835,0.6034965034965035,1,3575,2,2,335.75913280123916,167.87956640061958,2,2,167.87956640061958,335.75913280123916,167.87956640061958,335.75913280123916,72.2234330417211,2311.149857335075,3,LEFT,False,,
7395,double_dqn,dueling,45,,,1.0,1.0,0.27151000000000003,1.3450944607029669e-05,0.025182683020830154,0.040640946477651596,0.012671058066189289,0.022956056520342827,0.03109111450612545,0.0043062129989266396,0.009598512202501297,0.004470642656087875,7396,10000,0.7396,336.12916202175546,336.12916202175546,1600,True,15,7000,0.0,0.0,3,LEFT,greedy,1994,2048,1175,2179,4391,3005,0.5936992969172525,0,3698,2,2,336.12916202175546,168.06458101087773,2,2,168.06458101087773,336.12916202175546,168.06458101087773,336.12916202175546,72.71588145413855,2326.9082065324337,3,LEFT,False,,
7396,double_dqn,dueling,45,,,0.0,0.0,0.271425,1.3450944607029669e-05,0.025182683020830154,0.040640946477651596,0.012671058066189289,0.022956056520342827,0.03109111450612545,0.0043062129989266396,0.009598512202501297,0.004470642656087875,7396,10000,0.7396,336.12796436953016,336.12796436953016,1600,True,15,7000,0.0,0.0,3,LEFT,greedy,1994,2048,1175,2179,4391,3005,0.5936992969172525,1,3698,2,2,336.12796436953016,168.06398218476508,2,2,168.06398218476508,336.12796436953016,168.06398218476508,336.12796436953016,72.7156223622564,2326.8999155922047,3,LEFT,False,,
7417,double_dqn,dueling,46,1.0,171,0.0,0.0,0.26964,,,,,,,,,,7418,10000,0.7418,336.1011491003124,336.1011491003124,1605,False,15,7000,0.0,0.0,3,LEFT,greedy,1996,2048,1175,2199,4398,3020,0.5928821784847668,0,3709,2,2,336.1011491003124,168.0505745501562,2,2,168.0505745501562,336.1011491003124,168.0505745501562,336.1011491003124,72.7207258433542,2327.0632269873345,3,LEFT,False,,
7454,double_dqn,dueling,47,1.0,152,0.0,0.0,0.26649500000000004,,,,,,,,,,7454,10000,0.7454,335.7996013566209,335.7996013566209,1614,False,15,7000,0.0,0.0,3,LEFT,greedy,2010,2052,1178,2214,4406,3048,0.5910920311242286,1,3727,2,2,335.7996013566209,167.89980067831044,2,2,167.89980067831044,335.7996013566209,167.89980067831044,335.7996013566209,72.71002905682668,2326.720929818454,3,LEFT,False,,
7667,double_dqn,dueling,48,0.0,125,0.0,0.0,0.2483900000000001,,,,,,,,,,7668,10000,0.7668,334.37599804818063,334.37599804818063,1668,True,16,7500,0.0,0.0,1,FIRE,random,2072,2100,1197,2299,4475,3193,0.5835941575378195,0,3834,2,2,334.37599804818063,167.18799902409032,2,2,167.18799902409032,334.37599804818063,167.18799902409032,334.37599804818063,72.73593697761676,2327.5499832837363,1,FIRE,False,,
7702,double_dqn,dueling,49,0.0,124,0.0,0.0,0.24541500000000005,,,,,,,,,,7702,10000,0.7702,334.46840526742164,334.46840526742164,1676,False,16,7500,0.0,0.0,0,NOOP,random,2093,2106,1200,2303,4488,3214,0.5827057907037133,1,3851,2,2,334.46840526742164,167.23420263371082,2,2,167.23420263371082,334.46840526742164,167.23420263371082,334.46840526742164,72.78227047886246,2329.0326553235986,0,NOOP,False,,
7795,double_dqn,dueling,49,,,1.0,1.0,0.2375100000000001,0.01549563929438591,0.025674691423773766,0.05749380961060524,0.01218672189861536,0.056698475033044815,1.0228551626205444,0.035393450409173965,0.9953101873397827,0.04654974117875099,7796,10000,0.7796,334.6928031797639,334.6928031797639,1700,True,16,7500,0.0,0.0,1,FIRE,greedy,2103,2168,1208,2317,4514,3282,0.5790148794253464,0,3898,2,2,334.6928031797639,167.34640158988196,2,2,167.34640158988196,334.6928031797639,167.34640158988196,334.6928031797639,72.98329469030254,2335.4654300896814,1,FIRE,False,,
7796,double_dqn,dueling,49,,,0.0,0.0,0.2374250000000001,0.01549563929438591,0.025674691423773766,0.05749380961060524,0.01218672189861536,0.056698475033044815,1.0228551626205444,0.035393450409173965,0.9953101873397827,0.04654974117875099,7796,10000,0.7796,334.69174851415903,334.69174851415903,1700,True,16,7500,0.0,0.0,0,NOOP,random,2103,2168,1208,2317,4514,3282,0.5790148794253464,1,3898,2,2,334.69174851415903,167.34587425707952,2,2,167.34587425707952,334.69174851415903,167.34587425707952,334.69174851415903,72.98306470934715,2335.4580706991087,0,NOOP,False,,
7950,double_dqn,dueling,50,0.0,124,0.0,0.0,0.22433499999999995,,,,,,,,,,7950,10000,0.795,334.18351862356184,334.18351862356184,1738,False,16,7500,0.0,0.0,1,FIRE,random,2136,2208,1282,2324,4549,3401,0.5722012578616352,1,3975,2,2,334.18351862356184,167.09175931178092,2,2,167.09175931178092,334.18351862356184,167.09175931178092,334.18351862356184,73.05798180726421,2337.855417832455,1,FIRE,False,,
7973,double_dqn,dueling,51,1.0,153,0.0,0.0,0.22238000000000002,,,,,,,,,,7974,10000,0.7974,334.11713145100805,334.11713145100805,1744,False,16,7500,0.0,0.0,2,RIGHT,greedy,2144,2211,1295,2324,4553,3421,0.5709806872335089,0,3987,2,2,334.11713145100805,167.05856572550402,2,2,167.05856572550402,334.11713145100805,167.05856572550402,334.11713145100805,73.07502849894131,2338.400911966122,2,RIGHT,False,,
8195,double_dqn,dueling,51,,,2.0,2.0,0.20351000000000008,6.196602043928578e-05,0.03710399195551872,0.058493100106716156,0.02893025614321232,0.027958150953054428,0.04878493398427963,0.01003262959420681,0.019574547186493874,0.010825766250491142,8196,10000,0.8196,333.35830537847846,333.35830537847846,1800,True,17,8000,0.0,0.0,1,FIRE,greedy,2189,2258,1395,2354,4599,3597,0.5611273792093704,0,4098,2,2,333.35830537847846,166.67915268923923,2,2,166.67915268923923,333.35830537847846,166.67915268923923,333.35830537847846,73.2119265106468,2342.7816483406978,1,FIRE,False,,
8196,double_dqn,dueling,51,,,1.0,1.0,0.20342500000000008,6.196602043928578e-05,0.03710399195551872,0.058493100106716156,0.02893025614321232,0.027958150953054428,0.04878493398427963,0.01003262959420681,0.019574547186493874,0.010825766250491142,8196,10000,0.8196,333.35656579705966,333.35656579705966,1800,True,17,8000,0.0,0.0,1,FIRE,greedy,2189,2258,1395,2354,4599,3597,0.5611273792093704,1,4098,2,2,333.35656579705966,166.67828289852983,2,2,166.67828289852983,333.35656579705966,166.67828289852983,333.35656579705966,73.21154446494721,2342.7694228783107,1,FIRE,False,,
8294,double_dqn,dueling,52,1.0,172,0.0,0.0,0.19509500000000002,,,,,,,,,,8294,10000,0.8294,333.4747498388824,333.4747498388824,1824,False,17,8000,0.0,0.0,2,RIGHT,greedy,2193,2341,1400,2360,4615,3679,0.5564263322884012,1,4147,2,2,333.4747498388824,166.7373749194412,2,2,166.7373749194412,333.4747498388824,166.7373749194412,333.4747498388824,73.33710437739589,2346.7873400766684,2,RIGHT,False,,
8367,double_dqn,dueling,53,2.0,197,0.0,0.0,0.18889,,,,,,,,,,8368,10000,0.8368,333.58656758047846,333.58656758047846,1843,True,17,8000,0.0,0.0,1,FIRE,random,2206,2397,1403,2362,4630,3738,0.5532982791586998,0,4184,2,2,333.58656758047846,166.79328379023923,2,2,166.79328379023923,333.58656758047846,166.79328379023923,333.58656758047846,73.47036855291847,2351.051793693391,1,FIRE,False,,
8595,double_dqn,dueling,53,,,1.0,1.0,0.16951000000000005,7.299597200471908e-05,0.05092877894639969,0.08985257148742676,0.03548447787761688,0.043364278972148895,0.08239541202783585,0.010842795483767986,0.020391177386045456,0.009304903447628021,8596,10000,0.8596,333.92601575331224,333.92601575331224,1900,True,18,8500,0.0,0.0,3,LEFT,greedy,2221,2496,1415,2464,4673,3923,0.5436249418334109,0,4298,2,2,333.92601575331224,166.96300787665612,2,2,166.96300787665612,333.92601575331224,166.96300787665612,333.92601575331224,73.80868193709787,2361.877821987132,3,LEFT,False,,
8596,double_dqn,dueling,53,,,1.0,1.0,0.16942500000000005,7.299597200471908e-05,0.05092877894639969,0.08985257148742676,0.03548447787761688,0.043364278972148895,0.08239541202783585,0.010842795483767986,0.020391177386045456,0.009304903447628021,8596,10000,0.8596,333.92502210905093,333.92502210905093,1900,True,18,8500,0.0,0.0,3,LEFT,greedy,2221,2496,1415,2464,4673,3923,0.5436249418334109,1,4298,2,2,333.92502210905093,166.96251105452546,2,2,166.96251105452546,333.92502210905093,166.96251105452546,333.92502210905093,73.80846230888748,2361.8707938843995,3,LEFT,False,,
8634,double_dqn,dueling,54,1.0,170,0.0,0.0,0.1661950000000001,,,,,,,,,,8634,10000,0.8634,333.9688282296447,333.9688282296447,1909,False,18,8500,0.0,0.0,1,FIRE,greedy,2222,2502,1415,2495,4677,3957,0.5416956219596942,1,4317,2,2,333.9688282296447,166.98441411482236,2,2,166.98441411482236,333.9688282296447,166.98441411482236,333.9688282296447,73.84138210451607,2362.9242273445143,1,FIRE,False,,
8673,double_dqn,dueling,55,1.0,153,0.0,0.0,0.16288000000000002,,,,,,,,,,8674,10000,0.8674,333.89924263498153,333.89924263498153,1919,False,18,8500,0.0,0.0,1,FIRE,greedy,2241,2521,1415,2497,4681,3993,0.5396587502882176,0,4337,2,2,333.89924263498153,166.94962131749077,2,2,166.94962131749077,333.89924263498153,166.94962131749077,333.89924263498153,73.87049188569628,2363.855740342281,1,FIRE,False,,
8880,double_dqn,dueling,56,0.0,123,0.0,0.0,0.145285,,,,,,,,,,8880,10000,0.888,333.3670779892551,333.3670779892551,1971,True,18,8500,0.0,0.0,1,FIRE,greedy,2289,2640,1428,2523,4707,4173,0.5300675675675676,1,4440,2,2,333.3670779892551,166.68353899462755,2,2,166.68353899462755,333.3670779892551,166.68353899462755,333.3670779892551,73.99397643207453,2367.807245826385,1,FIRE,False,,
8995,double_dqn,dueling,56,,,3.0,3.0,0.13551000000000002,0.00016196313663385808,0.0521479956805706,0.08168818801641464,0.035678762942552567,0.03727218508720398,0.06029446795582771,0.0165217537432909,0.02742687612771988,0.018967194482684135,8996,10000,0.8996,333.38896486746734,333.38896486746734,2000,True,18,8500,0.0,0.0,1,FIRE,greedy,2299,2713,1433,2551,4725,4271,0.5252334370831481,0,4498,2,2,333.38896486746734,166.69448243373367,2,2,166.69448243373367,333.38896486746734,166.69448243373367,333.38896486746734,74.11937858325196,2371.8201146640627,1,FIRE,False,,
8996,double_dqn,dueling,56,,,0.0,0.0,0.13542500000000002,0.00016196313663385808,0.0521479956805706,0.08168818801641464,0.035678762942552567,0.03727218508720398,0.06029446795582771,0.0165217537432909,0.02742687612771988,0.018967194482684135,8996,10000,0.8996,333.3880691116148,333.3880691116148,2000,True,18,8500,0.0,0.0,1,FIRE,greedy,2299,2713,1433,2551,4725,4271,0.5252334370831481,1,4498,2,2,333.3880691116148,166.6940345558074,2,2,166.6940345558074,333.3880691116148,166.6940345558074,333.3880691116148,74.1191794378868,2371.8137420123776,1,FIRE,False,,
9235,double_dqn,dueling,57,4.0,281,0.0,0.0,0.11511000000000005,,,,,,,,,,9236,10000,0.9236,333.5341014099073,333.5341014099073,2060,True,19,9000,0.0,0.0,1,FIRE,greedy,2329,2866,1468,2573,4755,4481,0.5148332611520139,0,4618,2,2,333.5341014099073,166.76705070495365,2,2,166.76705070495365,333.5341014099073,166.76705070495365,333.5341014099073,74.3915384262028,2380.5292296384896,1,FIRE,False,,
9334,double_dqn,dueling,58,3.0,227,0.0,0.0,0.10669499999999998,,,,,,,,,,9334,10000,0.9334,333.6661057541932,333.6661057541932,2084,False,19,9000,0.0,0.0,0,NOOP,random,2353,2900,1476,2605,4769,4565,0.5109277908720805,1,4667,2,2,333.6661057541932,166.8330528770966,2,2,166.8330528770966,333.6661057541932,166.8330528770966,333.6661057541932,74.49755350243612,2383.921712077956,0,NOOP,False,,
9395,double_dqn,dueling,58,,,1.0,1.0,0.10150999999999999,4.267213444109075e-05,0.05783258005976677,0.09012704342603683,0.03597664088010788,0.05182449519634247,0.0769197940826416,0.00820290669798851,0.015565793961286545,0.008163564838469028,9396,10000,0.9396,333.54570899103936,333.54570899103936,2100,True,19,9000,0.0,0.0,3,LEFT,greedy,2380,2911,1476,2629,4774,4622,0.5080885483184334,0,4698,2,2,333.54570899103936,166.77285449551968,2,2,166.77285449551968,333.54570899103936,166.77285449551968,333.54570899103936,74.54725296734597,2385.512094955071,3,LEFT,False,,
9396,double_dqn,dueling,58,,,0.0,0.0,0.10142499999999999,4.267213444109075e-05,0.05783258005976677,0.09012704342603683,0.03597664088010788,0.05182449519634247,0.0769197940826416,0.00820290669798851,0.015565793961286545,0.008163564838469028,9396,10000,0.9396,333.5443899698724,333.5443899698724,2100,True,19,9000,0.0,0.0,0,NOOP,greedy,2380,2911,1476,2629,4774,4622,0.5080885483184334,1,4698,2,2,333.5443899698724,166.7721949849362,2,2,166.7721949849362,333.5443899698724,166.7721949849362,333.5443899698724,74.54695816695744,2385.502661342638,0,NOOP,False,,
9539,double_dqn,dueling,59,1.0,152,0.0,0.0,0.08927000000000007,,,,,,,,,,9540,10000,0.954,333.7506907864248,333.7506907864248,2136,True,20,9500,0.0,0.0,1,FIRE,greedy,2400,2965,1482,2693,4793,4747,0.5024109014675052,0,4770,2,2,333.7506907864248,166.8753453932124,2,2,166.8753453932124,333.7506907864248,166.8753453932124,333.7506907864248,74.72656976098568,2391.250232351542,1,FIRE,False,,
9638,double_dqn,dueling,60,1.0,152,0.0,0.0,0.08085500000000001,,,,,,,,,,9638,10000,0.9638,333.75995483234976,333.75995483234976,2160,False,20,9500,0.0,0.0,3,LEFT,greedy,2478,2973,1484,2703,4800,4838,0.4980286366466072,1,4819,2,2,333.75995483234976,166.87997741617488,2,2,166.87997741617488,333.75995483234976,166.87997741617488,333.75995483234976,74.79990687257475,2393.597019922392,3,LEFT,False,,
9789,double_dqn,dueling,61,0.0,125,0.0,0.0,0.06802000000000008,,,,,,,,,,9790,10000,0.979,333.937810798217,333.937810798217,2198,False,20,9500,0.0,0.0,1,FIRE,greedy,2558,3036,1490,2706,4813,4977,0.4916241062308478,0,4895,2,2,333.937810798217,166.9689053991085,2,2,166.9689053991085,333.937810798217,166.9689053991085,333.937810798217,74.97398448768958,2399.1675036060665,1,FIRE,False,,
9795,double_dqn,dueling,61,,,0.0,0.0,0.06750999999999996,4.819419700652361e-05,0.0743405669927597,0.09114973992109299,0.044240765273571014,0.06795386970043182,0.09047200530767441,0.00817179400473833,0.021547026932239532,0.008282332681119442,9796,10000,0.9796,333.8332642080813,333.8332642080813,2200,True,20,9500,0.0,0.0,0,NOOP,greedy,2559,3041,1490,2706,4813,4983,0.49132298897509186,0,4898,2,2,333.8332642080813,166.91663210404064,2,2,166.91663210404064,333.8332642080813,166.91663210404064,333.8332642080813,74.9727624803776,2399.128399372083,0,NOOP,False,,
9796,double_dqn,dueling,61,,,0.0,0.0,0.06742499999999996,4.819419700652361e-05,0.0743405669927597,0.09114973992109299,0.044240765273571014,0.06795386970043182,0.09047200530767441,0.00817179400473833,0.021547026932239532,0.008282332681119442,9796,10000,0.9796,333.83226421430675,333.83226421430675,2200,True,20,9500,0.0,0.0,1,FIRE,greedy,2559,3041,1490,2706,4813,4983,0.49132298897509186,1,4898,2,2,333.83226421430675,166.91613210715337,2,2,166.91613210715337,333.83226421430675,166.91613210715337,333.83226421430675,74.9725379003139,2399.1212128100447,1,FIRE,False,,
9882,double_dqn,dueling,62,0.0,122,0.0,0.0,0.06011500000000003,,,,,,,,,,9882,10000,0.9882,333.8296727223852,333.8296727223852,2221,False,20,9500,0.0,0.0,0,NOOP,greedy,2603,3083,1490,2706,4815,5067,0.4872495446265938,1,4941,2,2,333.8296727223852,166.9148363611926,2,2,166.9148363611926,333.8296727223852,166.9148363611926,333.8296727223852,75.02891146695178,2400.925166942457,0,NOOP,False,,
10039,double_dqn,dueling,63,0.0,125,0.0,0.0,0.05,,,,,,,,,,10000,10000,1.0,333.29821640532487,333.29821640532487,2261,True,21,10000,0.0,0.0,1,FIRE,greedy,2699,3136,1496,2709,4825,5215,0.4805776892430279,0,5020,2,2,333.29821640532487,166.64910820266243,2,2,166.64910820266243,333.29821640532487,166.64910820266243,333.29821640532487,75.05849275821112,2401.8717682627557,1,FIRE,False,,
10128,double_dqn,dueling,64,0.0,123,0.0,0.0,0.05,,,,,,,,,,10000,10000,1.0,333.0705842268874,333.0705842268874,2283,True,21,10000,0.0,0.0,2,RIGHT,greedy,2725,3194,1500,2709,4831,5297,0.47699447077409163,1,5064,2,2,333.0705842268874,166.5352921134437,2,2,166.5352921134437,333.0705842268874,166.5352921134437,333.0705842268874,75.07900313882148,2402.5281004422873,2,RIGHT,False,,
10195,double_dqn,dueling,64,,,0.0,0.0,0.05,0.015526839531958103,0.06375876814126968,0.0912540853023529,0.024067804217338562,0.09764404594898224,1.0642423629760742,0.03578539192676544,0.99616539478302,0.047892335802316666,10000,10000,1.0,333.13865937725376,333.13865937725376,2300,True,21,10000,0.0,0.0,2,RIGHT,random,2784,3200,1503,2709,4833,5363,0.474009415457042,0,5098,2,2,333.13865937725376,166.56932968862688,2,2,166.56932968862688,333.13865937725376,166.56932968862688,333.13865937725376,75.14897180930596,2404.767097897791,2,RIGHT,False,,
10196,double_dqn,dueling,64,,,0.0,0.0,0.05,0.015526839531958103,0.06375876814126968,0.0912540853023529,0.024067804217338562,0.09764404594898224,1.0642423629760742,0.03578539192676544,0.99616539478302,0.047892335802316666,10000,10000,1.0,333.13774614486704,333.13774614486704,2300,True,21,10000,0.0,0.0,0,NOOP,greedy,2784,3200,1503,2709,4833,5363,0.474009415457042,1,5098,2,2,333.13774614486704,166.56887307243352,2,2,166.56887307243352,333.13774614486704,166.56887307243352,333.13774614486704,75.14876580356946,2404.7605057142227,0,NOOP,False,,
10435,double_dqn,dueling,65,2.0,198,0.0,0.0,0.05,,,,,,,,,,10000,10000,1.0,333.4658004589077,333.4658004589077,2360,True,21,10000,0.0,0.0,1,FIRE,greedy,2793,3424,1507,2712,4845,5591,0.4642583365274051,0,5218,2,2,333.4658004589077,166.73290022945386,2,2,166.73290022945386,333.4658004589077,166.73290022945386,333.4658004589077,75.41005069787488,2413.121622331996,1,FIRE,False,,
10522,double_dqn,dueling,66,2.0,197,0.0,0.0,0.05,,,,,,,,,,10000,10000,1.0,333.19499713743016,333.19499713743016,2381,False,22,10500,0.0,0.0,1,FIRE,greedy,2794,3507,1509,2712,4850,5672,0.4609389849838434,1,5261,2,2,333.19499713743016,166.59749856871508,2,2,166.59749856871508,333.19499713743016,166.59749856871508,333.19499713743016,75.39795553927212,2412.734577256708,1,FIRE,False,,
10595,double_dqn,dueling,66,,,0.0,0.0,0.05,0.00013042823411524296,0.08005745708942413,0.13516733050346375,0.051390983164310455,0.06800799071788788,0.09449011832475662,0.012379944324493408,0.061467245221138,0.014786903746426105,10000,10000,1.0,332.68227846875226,332.68227846875226,2400,True,22,10500,0.0,0.0,0,NOOP,greedy,2803,3567,1513,2713,4854,5742,0.4580973952434881,0,5298,2,2,332.68227846875226,166.34113923437613,2,2,166.34113923437613,332.68227846875226,166.34113923437613,332.68227846875226,75.35272445498353,2411.287182559473,0,NOOP,False,,
10596,double_dqn,dueling,66,,,0.0,0.0,0.05,0.00013042823411524296,0.08005745708942413,0.13516733050346375,0.051390983164310455,0.06800799071788788,0.09449011832475662,0.012379944324493408,0.061467245221138,0.014786903746426105,10000,10000,1.0,332.68148881122175,332.68148881122175,2400,True,22,10500,0.0,0.0,0,NOOP,greedy,2803,3567,1513,2713,4854,5742,0.4580973952434881,1,5298,2,2,332.68148881122175,166.34074440561088,2,2,166.34074440561088,332.68148881122175,166.34074440561088,332.68148881122175,75.35254559710573,2411.2814591073834,0,NOOP,False,,
10681,double_dqn,dueling,67,0.0,123,0.0,0.0,0.05,,,,,,,,,,10000,10000,1.0,332.7221497597763,332.7221497597763,2421,False,22,10500,0.0,0.0,3,LEFT,greedy,2849,3573,1524,2736,4861,5821,0.45506459464519755,0,5341,2,2,332.7221497597763,166.36107487988815,2,2,166.36107487988815,332.7221497597763,166.36107487988815,332.7221497597763,75.4091298041957,2413.0921537342624,3,LEFT,False,,
10824,double_dqn,dueling,68,1.0,151,0.0,0.0,0.05,,,,,,,,,,10000,10000,1.0,332.92191967673534,332.92191967673534,2457,True,22,10500,0.0,0.0,1,FIRE,greedy,2852,3691,1526,2755,4867,5957,0.4496489283074649,1,5412,2,2,332.92191967673534,166.46095983836767,2,2,166.46095983836767,332.92191967673534,166.46095983836767,332.92191967673534,75.57179939446958,2418.2975806230265,1,FIRE,False,,
10981,double_dqn,dueling,69,1.0,150,0.0,0.0,0.05,,,,,,,,,,10000,10000,1.0,332.4144172340207,332.4144172340207,2496,False,22,10500,0.0,0.0,0,NOOP,greedy,2858,3782,1528,2814,4873,6109,0.4437260972500455,0,5491,2,2,332.4144172340207,166.20720861701034,2,2,166.20720861701034,332.4144172340207,166.20720861701034,332.4144172340207,75.55148291896882,2417.647453407002,0,NOOP,False,,
10995,double_dqn,dueling,69,,,0.0,0.0,0.05,0.015330956317484379,0.07462773472070694,0.09554705768823624,0.052463434636592865,0.09503265470266342,1.0660152435302734,0.044025421142578125,0.9853678345680237,0.03562513366341591,10000,10000,1.0,332.3554167106055,332.3554167106055,2500,True,22,10500,0.0,0.0,0,NOOP,greedy,2863,3791,1528,2814,4873,6123,0.44316114950891233,0,5498,2,2,332.3554167106055,166.17770835530274,2,2,166.17770835530274,332.3554167106055,166.17770835530274,332.3554167106055,75.56279936126899,2418.0095795606076,0,NOOP,False,,
10996,double_dqn,dueling,69,,,0.0,0.0,0.05,0.015330956317484379,0.07462773472070694,0.09554705768823624,0.052463434636592865,0.09503265470266342,1.0660152435302734,0.044025421142578125,0.9853678345680237,0.03562513366341591,10000,10000,1.0,332.3546673206285,332.3546673206285,2500,True,22,10500,0.0,0.0,1,FIRE,greedy,2863,3791,1528,2814,4873,6123,0.44316114950891233,1,5498,2,2,332.3546673206285,166.17733366031425,2,2,166.17733366031425,332.3546673206285,166.17733366031425,332.3546673206285,75.56262898340952,2418.004127469105,1,FIRE,False,,
11068,double_dqn,dueling,70,0.0,122,0.0,0.0,0.05,,,,,,,,,,10000,10000,1.0,332.435542114069,332.435542114069,2518,True,23,11000,0.0,0.0,0,NOOP,random,2873,3844,1533,2818,4879,6189,0.4408203830863751,1,5534,2,2,332.435542114069,166.2177710570345,2,2,166.2177710570345,332.435542114069,166.2177710570345,332.435542114069,75.62998690307424,2420.1595808983757,0,NOOP,False,,
11229,double_dqn,dueling,71,0.0,124,0.0,0.0,0.05,,,,,,,,,,10000,10000,1.0,332.55534532269496,332.55534532269496,2558,False,23,11000,0.0,0.0,3,LEFT,greedy,2873,3859,1539,2959,4888,6342,0.4352626892252894,0,5615,2,2,332.55534532269496,166.27767266134748,2,2,166.27767266134748,332.55534532269496,166.27767266134748,332.55534532269496,75.7503627190965,2424.011607011088,3,LEFT,False,,
11318,double_dqn,dueling,72,0.0,125,0.0,0.0,0.05,,,,,,,,,,10000,10000,1.0,332.6321010931195,332.6321010931195,2580,False,23,11000,0.0,0.0,0,NOOP,greedy,2925,3875,1543,2975,4890,6428,0.4320551334157978,1,5659,2,2,332.6321010931195,166.31605054655975,2,2,166.31605054655975,332.6321010931195,166.31605054655975,332.6321010931195,75.82530666374345,2426.4098132397903,0,NOOP,False,,
11395,double_dqn,dueling,72,,,0.0,0.0,0.05,0.015883702784776688,0.07721221446990967,0.11581234633922577,0.03688144311308861,0.10873863846063614,1.0707811117172241,0.03930545970797539,1.004598617553711,0.0484670028090477,10000,10000,1.0,332.63672268353514,332.63672268353514,2600,True,23,11000,0.0,0.0,1,FIRE,greedy,2933,3942,1545,2976,4896,6500,0.42962442962442965,0,5698,2,2,332.63672268353514,166.31836134176757,2,2,166.31836134176757,332.63672268353514,166.31836134176757,332.63672268353514,75.89114417139271,2428.5166134845667,1,FIRE,False,,
11396,double_dqn,dueling,72,,,0.0,0.0,0.05,0.015883702784776688,0.07721221446990967,0.11581234633922577,0.03688144311308861,0.10873863846063614,1.0707811117172241,0.03930545970797539,1.004598617553711,0.0484670028090477,10000,10000,1.0,332.6360003121623,332.6360003121623,2600,True,23,11000,0.0,0.0,1,FIRE,greedy,2933,3942,1545,2976,4896,6500,0.42962442962442965,1,5698,2,2,332.6360003121623,166.31800015608115,2,2,166.31800015608115,332.6360003121623,166.31800015608115,332.6360003121623,75.89097936219919,2428.511339590374,1,FIRE,False,,
11475,double_dqn,dueling,73,0.0,123,0.0,0.0,0.05,,,,,,,,,,10000,10000,1.0,332.75149953305873,332.75149953305873,2620,True,23,11000,0.0,0.0,1,FIRE,greedy,2935,3996,1569,2976,4900,6576,0.42697804112931337,0,5738,2,2,332.75149953305873,166.37574976652937,2,2,166.37574976652937,332.75149953305873,166.37574976652937,332.75149953305873,75.96801400981299,2430.9764483140157,1,FIRE,False,,
11562,double_dqn,dueling,74,0.0,122,0.0,0.0,0.05,,,,,,,,,,10000,10000,1.0,332.68327638697974,332.68327638697974,2641,False,24,11500,0.0,0.0,1,FIRE,random,2935,4074,1573,2980,4901,6661,0.42388860058813355,1,5781,2,2,332.68327638697974,166.34163819348987,2,2,166.34163819348987,332.68327638697974,166.34163819348987,332.68327638697974,75.99174303217553,2431.735777029617,1,FIRE,False,,
11795,double_dqn,dueling,74,,,2.0,2.0,0.05,2.499568108760286e-05,0.07803121954202652,0.10009539872407913,0.055671483278274536,0.08417609333992004,0.10978257656097412,0.005724658723920584,0.015478387475013733,0.006144688930362463,10000,10000,1.0,332.98918146822217,332.98918146822217,2700,True,24,11500,0.0,0.0,1,FIRE,greedy,2957,4224,1634,2981,4912,6884,0.4164123431671753,0,5898,2,2,332.98918146822217,166.49459073411109,2,2,166.49459073411109,332.98918146822217,166.49459073411109,332.98918146822217,76.21827653138351,2438.9848490042723,1,FIRE,False,,
11796,double_dqn,dueling,74,,,2.0,2.0,0.05,2.499568108760286e-05,0.07803121954202652,0.10009539872407913,0.055671483278274536,0.08417609333992004,0.10978257656097412,0.005724658723920584,0.015478387475013733,0.006144688930362463,10000,10000,1.0,332.9884727125784,332.9884727125784,2700,True,24,11500,0.0,0.0,1,FIRE,greedy,2957,4224,1634,2981,4912,6884,0.4164123431671753,1,5898,2,2,332.9884727125784,166.4942363562892,2,2,166.4942363562892,332.9884727125784,166.4942363562892,332.9884727125784,76.21811430348946,2438.9796577116626,1,FIRE,False,,
11869,double_dqn,dueling,75,2.0,197,0.0,0.0,0.05,,,,,,,,,,10000,10000,1.0,333.1409956277574,333.1409956277574,2718,False,24,11500,0.0,0.0,1,FIRE,greedy,2957,4297,1635,2981,4915,6955,0.4140690817186184,0,5935,2,2,333.1409956277574,166.5704978138787,2,2,166.5704978138787,333.1409956277574,166.5704978138787,333.1409956277574,76.28283286573249,2441.0506517034396,1,FIRE,False,,
12052,double_dqn,dueling,76,3.0,245,0.0,0.0,0.05,,,,,,,,,,10000,10000,1.0,333.34560837263825,333.34560837263825,2764,True,25,12000,0.0,0.0,1,FIRE,greedy,2963,4433,1661,2995,4920,7132,0.40823099900431464,1,6026,2,2,333.34560837263825,166.67280418631913,2,2,166.67280418631913,333.34560837263825,166.67280418631913,333.34560837263825,76.44932472137174,2446.3783910838956,1,FIRE,False,,
12115,double_dqn,dueling,77,0.0,123,0.0,0.0,0.05,,,,,,,,,,10000,10000,1.0,333.2606830909289,333.2606830909289,2780,True,25,12000,0.0,0.0,2,RIGHT,greedy,2966,4487,1666,2997,4924,7192,0.40640475404423904,0,6058,2,2,333.2606830909289,166.63034154546446,2,2,166.63034154546446,333.2606830909289,166.63034154546446,333.2606830909289,76.46621814070505,2446.9189805025617,2,RIGHT,False,,
12195,double_dqn,dueling,77,,,0.0,0.0,0.05,0.015509160235524178,0.09266389161348343,0.13591596484184265,0.07046915590763092,0.12178131192922592,1.0858978033065796,0.03872421011328697,0.994857668876648,0.04749473184347153,10000,10000,1.0,333.20982403216846,333.20982403216846,2800,True,25,12000,0.0,0.0,2,RIGHT,greedy,2966,4500,1732,2998,4932,7264,0.4043948835683831,0,6098,2,2,333.20982403216846,166.60491201608423,2,2,166.60491201608423,333.20982403216846,166.60491201608423,333.20982403216846,76.49946763611608,2447.9829643557146,2,RIGHT,False,,
12196,double_dqn,dueling,77,,,0.0,0.0,0.05,0.015509160235524178,0.09266389161348343,0.13591596484184265,0.07046915590763092,0.12178131192922592,1.0858978033065796,0.03872421011328697,0.994857668876648,0.04749473184347153,10000,10000,1.0,333.2091203171947,333.2091203171947,2800,True,25,12000,0.0,0.0,2,RIGHT,greedy,2966,4500,1732,2998,4932,7264,0.4043948835683831,1,6098,2,2,333.2091203171947,166.60456015859734,2,2,166.60456015859734,333.2091203171947,166.60456015859734,333.2091203171947,76.49930607479051,2447.9777943932963,2,RIGHT,False,,
12354,double_dqn,dueling,78,1.0,151,0.0,0.0,0.05,,,,,,,,,,10000,10000,1.0,332.4525037346184,332.4525037346184,2839,False,25,12000,0.0,0.0,1,FIRE,greedy,2967,4594,1765,3028,4940,7414,0.3998704872915655,1,6177,2,2,332.4525037346184,166.2262518673092,2,2,166.2262518673092,332.4525037346184,166.2262518673092,332.4525037346184,76.39895241238317,2444.7664771962613,1,FIRE,False,,
12363,double_dqn,dueling,79,0.0,124,0.0,0.0,0.05,,,,,,,,,,10000,10000,1.0,332.2580282198997,332.2580282198997,2842,True,25,12000,0.0,0.0,1,FIRE,greedy,2967,4603,1766,3028,4940,7424,0.3995470721449369,0,6182,2,2,332.2580282198997,166.12901410994985,2,2,166.12901410994985,332.2580282198997,166.12901410994985,332.2580282198997,76.37312489493327,2443.9399966378646,1,FIRE,False,,
12595,double_dqn,dueling,79,,,0.0,0.0,0.05,0.015478633344173431,0.09420578926801682,0.12002404779195786,0.05502277985215187,0.11707384884357452,1.098885416984558,0.04082630202174187,0.9933854341506958,0.04074949771165848,10000,10000,1.0,332.0037622904447,332.0037622904447,2900,True,26,12500,0.0,0.0,1,FIRE,greedy,2977,4793,1782,3044,4955,7641,0.3933788504287075,0,6298,2,2,332.0037622904447,166.00188114522234,2,2,166.00188114522234,332.0037622904447,166.00188114522234,332.0037622904447,76.43783031456728,2446.010570066153,1,FIRE,False,,
12596,double_dqn,dueling,79,,,0.0,0.0,0.05,0.015478633344173431,0.09420578926801682,0.12002404779195786,0.05502277985215187,0.11707384884357452,1.098885416984558,0.04082630202174187,0.9933854341506958,0.04074949771165848,10000,10000,1.0,332.0031261005495,332.0031261005495,2900,True,26,12500,0.0,0.0,1,FIRE,greedy,2977,4793,1782,3044,4955,7641,0.3933788504287075,1,6298,2,2,332.0031261005495,166.00156305027474,2,2,166.00156305027474,332.0031261005495,166.00156305027474,332.0031261005495,76.43768384341008,2446.0058829891227,1,FIRE,False,,
12600,double_dqn,dueling,80,0.0,123,0.0,0.0,0.05,,,,,,,,,,10000,10000,1.0,331.9520824743781,331.9520824743781,2901,True,26,12500,0.0,0.0,1,FIRE,greedy,2977,4797,1782,3044,4955,7645,0.39325396825396824,1,6300,2,2,331.9520824743781,165.97604123718904,2,2,165.97604123718904,331.9520824743781,165.97604123718904,331.9520824743781,76.42801517921991,2445.696485735037,1,FIRE,False,,
12609,double_dqn,dueling,81,0.0,123,0.0,0.0,0.05,,,,,,,,,,10000,10000,1.0,331.9184997988147,331.9184997988147,2903,False,26,12500,0.0,0.0,1,FIRE,greedy,2977,4807,1782,3044,4955,7655,0.3929421094369548,0,6305,2,2,331.9184997988147,165.95924989940735,2,2,165.95924989940735,331.9184997988147,165.95924989940735,331.9184997988147,76.412323942582,2445.194366162624,1,FIRE,False,,
12942,double_dqn,dueling,82,1.0,171,0.0,0.0,0.05,,,,,,,,,,10000,10000,1.0,332.00172900542697,332.00172900542697,2986,False,26,12500,0.0,0.0,0,NOOP,greedy,3013,4874,1805,3250,4977,7965,0.38456189151599446,1,6471,2,2,332.00172900542697,166.00086450271348,2,2,166.00086450271348,332.00172900542697,166.00086450271348,332.00172900542697,76.59999712642598,2451.199908045631,0,NOOP,False,,
12951,double_dqn,dueling,83,1.0,171,0.0,0.0,0.05,,,,,,,,,,10000,10000,1.0,331.83844112389113,331.83844112389113,2989,True,26,12500,0.0,0.0,0,NOOP,greedy,3020,4876,1806,3250,4978,7974,0.3843421865348981,0,6476,2,2,331.83844112389113,165.91922056194556,2,2,165.91922056194556,331.83844112389113,165.91922056194556,331.83844112389113,76.58007261575901,2450.5623237042882,0,NOOP,False,,
12995,double_dqn,dueling,83,,,0.0,0.0,0.05,0.00011236795398872346,0.086560919880867,0.12018781900405884,0.06419532001018524,0.07841067016124725,0.09393833577632904,0.008825498633086681,0.05242396146059036,0.01087541040033102,10000,10000,1.0,331.76777203498415,331.76777203498415,3000,True,26,12500,0.0,0.0,2,RIGHT,greedy,3023,4879,1844,3250,4978,8018,0.3830409356725146,0,6498,2,2,331.76777203498415,165.88388601749207,2,2,165.88388601749207,331.76777203498415,165.88388601749207,331.76777203498415,76.58535827215701,2450.7314647090243,2,RIGHT,False,,
12996,double_dqn,dueling,83,,,0.0,0.0,0.05,0.00011236795398872346,0.086560919880867,0.12018781900405884,0.06419532001018524,0.07841067016124725,0.09393833577632904,0.008825498633086681,0.05242396146059036,0.01087541040033102,10000,10000,1.0,331.7670199436891,331.7670199436891,3000,True,26,12500,0.0,0.0,2,RIGHT,greedy,3023,4879,1844,3250,4978,8018,0.3830409356725146,1,6498,2,2,331.7670199436891,165.88350997184455,2,2,165.88350997184455,331.7670199436891,165.88350997184455,331.7670199436891,76.58518465920801,2450.7259090946563,2,RIGHT,False,,
13197,double_dqn,dueling,84,0.0,123,0.0,0.0,0.05,,,,,,,,,,10000,10000,1.0,331.9033023789797,331.9033023789797,3050,False,27,13000,0.0,0.0,1,FIRE,greedy,3025,4985,1883,3305,4986,8212,0.37778451280497044,0,6599,2,2,331.9033023789797,165.95165118948984,2,2,165.95165118948984,331.9033023789797,165.95165118948984,331.9033023789797,76.7013996253893,2454.4447880124576,1,FIRE,False,,
13340,double_dqn,dueling,85,2.0,199,0.0,0.0,0.05,,,,,,,,,,10000,10000,1.0,332.07120800547926,332.07120800547926,3086,True,27,13000,0.0,0.0,3,LEFT,greedy,3028,5018,1915,3379,4997,8343,0.37458770614692655,1,6670,2,2,332.07120800547926,166.03560400273963,2,2,166.03560400273963,332.07120800547926,166.03560400273963,332.07120800547926,76.81947135718958,2458.2230834300667,3,LEFT,False,,
13395,double_dqn,dueling,85,,,0.0,0.0,0.05,0.015199308283627033,0.09379926323890686,0.13039371371269226,0.07447007298469543,0.11948861181735992,1.1019068956375122,0.03740603104233742,0.9852962493896484,0.04305962845683098,10000,10000,1.0,332.0463579052414,332.0463579052414,3100,True,27,13000,0.0,0.0,1,FIRE,greedy,3030,5054,1925,3387,5001,8395,0.37332039414750673,0,6698,2,2,332.0463579052414,166.0231789526207,2,2,166.0231789526207,332.0463579052414,166.0231789526207,332.0463579052414,76.83963194283729,2458.868222170793,1,FIRE,False,,
13396,double_dqn,dueling,85,,,0.0,0.0,0.05,0.015199308283627033,0.09379926323890686,0.13039371371269226,0.07447007298469543,0.11948861181735992,1.1019068956375122,0.03740603104233742,0.9852962493896484,0.04305962845683098,10000,10000,1.0,332.0457694311506,332.0457694311506,3100,True,27,13000,0.0,0.0,1,FIRE,greedy,3030,5054,1925,3387,5001,8395,0.37332039414750673,1,6698,2,2,332.0457694311506,166.0228847155753,2,2,166.0228847155753,332.0457694311506,166.0228847155753,332.0457694311506,76.83949576265802,2458.8638644050566,1,FIRE,False,,
13445,double_dqn,dueling,86,0.0,124,0.0,0.0,0.05,,,,,,,,,,10000,10000,1.0,332.07876088287605,332.07876088287605,3112,False,27,13000,0.0,0.0,2,RIGHT,greedy,3030,5078,1936,3402,5001,8445,0.3719321731369924,0,6723,2,2,332.07876088287605,166.03938044143803,2,2,166.03938044143803,332.07876088287605,166.03938044143803,332.07876088287605,76.85773492990558,2459.4475177569784,2,RIGHT,False,,
13688,double_dqn,dueling,87,1.0,174,0.0,0.0,0.05,,,,,,,,,,10000,10000,1.0,332.08783170898863,332.08783170898863,3173,True,28,13500,0.0,0.0,1,FIRE,greedy,3042,5208,1949,3489,5011,8677,0.36608708357685565,1,6844,2,2,332.08783170898863,166.04391585449432,2,2,166.04391585449432,332.08783170898863,166.04391585449432,332.08783170898863,76.98090955673734,2463.389105815595,1,FIRE,False,,
13795,double_dqn,dueling,87,,,2.0,2.0,0.05,9.072813554666936e-05,0.09694302082061768,0.1498471349477768,0.06769806146621704,0.08927775174379349,0.12093280255794525,0.010666167363524437,0.03567982465028763,0.006791974883526564,10000,10000,1.0,332.1735853914697,332.1735853914697,3200,True,28,13500,0.0,0.0,2,RIGHT,greedy,3045,5243,1963,3545,5019,8777,0.36380110176862857,0,6898,2,2,332.1735853914697,166.08679269573486,2,2,166.08679269573486,332.1735853914697,166.08679269573486,332.1735853914697,77.04809171156154,2465.5389347699693,2,RIGHT,False,,
13796,double_dqn,dueling,87,,,0.0,0.0,0.05,9.072813554666936e-05,0.09694302082061768,0.1498471349477768,0.06769806146621704,0.08927775174379349,0.12093280255794525,0.010666167363524437,0.03567982465028763,0.006791974883526564,10000,10000,1.0,332.1730055435929,332.1730055435929,3200,True,28,13500,0.0,0.0,2,RIGHT,greedy,3045,5243,1963,3545,5019,8777,0.36380110176862857,1,6898,2,2,332.1730055435929,166.08650277179646,2,2,166.08650277179646,332.1730055435929,166.08650277179646,332.1730055435929,77.04795721509839,2465.5346308831486,2,RIGHT,False,,
13897,double_dqn,dueling,88,3.0,226,0.0,0.0,0.05,,,,,,,,,,10000,10000,1.0,332.04728998440805,332.04728998440805,3225,False,28,13500,0.0,0.0,1,FIRE,greedy,3047,5261,2029,3561,5021,8877,0.3612750035976399,0,6949,2,2,332.04728998440805,166.02364499220403,2,2,166.02364499220403,332.04728998440805,166.02364499220403,332.04728998440805,77.05083538636609,2465.626732363715,1,FIRE,False,,
14028,double_dqn,dueling,89,1.0,170,0.0,0.0,0.05,,,,,,,,,,10000,10000,1.0,332.167403960687,332.167403960687,3258,True,29,14000,0.0,0.0,3,LEFT,greedy,3048,5352,2029,3599,5024,9004,0.3581408611348731,1,7014,2,2,332.167403960687,166.0837019803435,2,2,166.0837019803435,332.167403960687,166.0837019803435,332.167403960687,77.14580853321344,2468.66587306283,3,LEFT,False,,
14195,double_dqn,dueling,89,,,2.0,2.0,0.05,0.0001452334108762443,0.08536733686923981,0.13131871819496155,0.057805418968200684,0.08115649223327637,0.11635120958089828,0.008420167490839958,0.08217478543519974,0.0024051321670413017,10000,10000,1.0,332.2274320883703,332.2274320883703,3300,True,29,14000,0.0,0.0,2,RIGHT,greedy,3049,5366,2107,3674,5030,9166,0.3543251620174697,0,7098,2,2,332.2274320883703,166.11371604418514,2,2,166.11371604418514,332.2274320883703,166.11371604418514,332.2274320883703,77.22953831301929,2471.3452260166173,2,RIGHT,False,,
14196,double_dqn,dueling,89,,,0.0,0.0,0.05,0.0001452334108762443,0.08536733686923981,0.13131871819496155,0.057805418968200684,0.08115649223327637,0.11635120958089828,0.008420167490839958,0.08217478543519974,0.0024051321670413017,10000,10000,1.0,332.22679219999253,332.22679219999253,3300,True,29,14000,0.0,0.0,2,RIGHT,greedy,3049,5366,2107,3674,5030,9166,0.3543251620174697,1,7098,2,2,332.22679219999253,166.11339609999627,2,2,166.11339609999627,332.22679219999253,166.11339609999627,332.22679219999253,77.22938956466437,2471.34046606926,2,RIGHT,False,,
14278,double_dqn,dueling,90,0.0,125,0.0,0.0,0.05,,,,,,,,,,10000,10000,1.0,332.24576018357357,332.24576018357357,3320,False,29,14000,0.0,0.0,1,FIRE,random,3049,5369,2186,3674,5031,9247,0.3523602745482561,1,7139,2,2,332.24576018357357,166.12288009178678,2,2,166.12288009178678,332.24576018357357,166.12288009178678,332.24576018357357,77.25563270832498,2472.1802466663994,1,FIRE,False,,
14351,double_dqn,dueling,91,3.0,227,0.0,0.0,0.05,,,,,,,,,,10000,10000,1.0,332.2181771583018,332.2181771583018,3339,True,29,14000,0.0,0.0,3,LEFT,greedy,3049,5375,2228,3700,5031,9321,0.35054347826086957,0,7176,2,2,332.2181771583018,166.1090885791509,2,2,166.1090885791509,332.2181771583018,166.1090885791509,332.2181771583018,77.29072558051628,2473.303218576521,3,LEFT,False,,
14595,double_dqn,dueling,91,,,1.0,1.0,0.05,0.0001897436159197241,0.10340450704097748,0.14848560094833374,0.06666881591081619,0.08507544547319412,0.11490549147129059,0.01707877218723297,0.0384884849190712,0.02448485791683197,10000,10000,1.0,332.21412497673,332.21412497673,3400,True,30,14500,0.0,0.0,0,NOOP,greedy,3061,5445,2377,3713,5047,9549,0.34577966566182516,0,7298,2,2,332.21412497673,166.107062488365,2,2,166.107062488365,332.21412497673,166.107062488365,332.21412497673,77.38613489455207,2476.3563166256663,0,NOOP,False,,
14596,double_dqn,dueling,91,,,2.0,2.0,0.05,0.0001897436159197241,0.10340450704097748,0.14848560094833374,0.06666881591081619,0.08507544547319412,0.11490549147129059,0.01707877218723297,0.0384884849190712,0.02448485791683197,10000,10000,1.0,332.213547287498,332.213547287498,3400,True,30,14500,0.0,0.0,0,NOOP,greedy,3061,5445,2377,3713,5047,9549,0.34577966566182516,1,7298,2,2,332.213547287498,166.106773643749,2,2,166.106773643749,332.213547287498,166.106773643749,332.213547287498,77.38600032731523,2476.3520104740874,0,NOOP,False,,
14678,double_dqn,dueling,92,2.0,200,0.0,0.0,0.05,,,,,,,,,,10000,10000,1.0,331.89797446336195,331.89797446336195,3420,False,30,14500,0.0,0.0,1,FIRE,greedy,3092,5489,2380,3717,5053,9625,0.3442567107235318,1,7339,2,2,331.89797446336195,165.94898723168097,2,2,165.94898723168097,331.89797446336195,165.94898723168097,331.89797446336195,77.3328159602601,2474.6501107283234,1,FIRE,False,,
14747,double_dqn,dueling,93,2.0,198,0.0,0.0,0.05,,,,,,,,,,10000,10000,1.0,331.6938731650512,331.6938731650512,3438,True,30,14500,0.0,0.0,0,NOOP,greedy,3100,5543,2386,3719,5060,9688,0.34309736913479794,0,7374,2,2,331.6938731650512,165.8469365825256,2,2,165.8469365825256,331.6938731650512,165.8469365825256,331.6938731650512,77.32326660845172,2474.344531470455,0,NOOP,False,,
14995,double_dqn,dueling,93,,,1.0,1.0,0.05,0.0003082596231251955,0.08434459567070007,0.17903994023799896,0.04646188020706177,0.08589416742324829,0.1716006100177765,0.014945225790143013,0.0954536497592926,0.007652916945517063,10000,10000,1.0,330.76626274963,330.76626274963,3500,True,30,14500,0.0,0.0,2,RIGHT,greedy,3104,5626,2493,3773,5069,9927,0.3380234729261136,0,7498,2,2,330.76626274963,165.383131374815,2,2,165.383131374815,330.76626274963,165.383131374815,330.76626274963,77.19938114321853,2470.380196582993,2,RIGHT,False,,
14996,double_dqn,dueling,93,,,3.0,3.0,0.05,0.0003082596231251955,0.08434459567070007,0.17903994023799896,0.04646188020706177,0.08589416742324829,0.1716006100177765,0.014945225790143013,0.0954536497592926,0.007652916945517063,10000,10000,1.0,330.7657235984035,330.7657235984035,3500,True,30,14500,0.0,0.0,3,LEFT,greedy,3104,5626,2493,3773,5069,9927,0.3380234729261136,1,7498,2,2,330.7657235984035,165.38286179920175,2,2,165.38286179920175,330.7657235984035,165.38286179920175,330.7657235984035,77.19925530770955,2470.3761698467056,3,LEFT,False,,
15053,double_dqn,dueling,94,1.0,153,0.0,0.0,0.05,,,,,,,,,,10000,10000,1.0,330.7969785194455,330.7969785194455,3514,False,31,15000,0.0,0.0,3,LEFT,greedy,3105,5630,2512,3807,5071,9983,0.3368539922944068,0,7527,2,2,330.7969785194455,165.39848925972274,2,2,165.39848925972274,330.7969785194455,165.39848925972274,330.7969785194455,77.21672529011103,2470.935209283553,3,LEFT,False,,
15172,double_dqn,dueling,95,3.0,247,0.0,0.0,0.05,,,,,,,,,,10000,10000,1.0,330.77020795554637,330.77020795554637,3544,True,31,15000,0.0,0.0,2,RIGHT,greedy,3106,5690,2564,3812,5076,10096,0.3345636699182705,1,7586,2,2,330.77020795554637,165.38510397777318,2,2,165.38510397777318,330.77020795554637,165.38510397777318,330.77020795554637,77.2640137750103,2472.4484408003295,2,RIGHT,False,,
15301,double_dqn,dueling,96,0.0,124,0.0,0.0,0.05,,,,,,,,,,10000,10000,1.0,330.7990326978345,330.7990326978345,3576,False,31,15000,0.0,0.0,2,RIGHT,greedy,3108,5701,2614,3879,5082,10220,0.3321134492223239,0,7651,2,2,330.7990326978345,165.39951634891725,2,2,165.39951634891725,330.7990326978345,165.39951634891725,330.7990326978345,77.30606070627736,2473.7939426008757,2,RIGHT,False,,
15395,double_dqn,dueling,96,,,0.0,0.0,0.05,0.021868199110031128,0.10616537183523178,0.4304463565349579,0.040669165551662445,0.14292830228805542,1.1263370513916016,0.06411253660917282,0.9525728225708008,0.09999030083417892,10000,10000,1.0,330.43993776608283,330.43993776608283,3600,True,31,15000,0.0,0.0,3,LEFT,greedy,3130,5725,2641,3900,5088,10308,0.3304754481683554,0,7698,2,2,330.43993776608283,165.21996888304142,2,2,165.21996888304142,330.43993776608283,165.21996888304142,330.43993776608283,77.26576876837478,2472.504600587993,3,LEFT,False,,
15396,double_dqn,dueling,96,,,0.0,0.0,0.05,0.021868199110031128,0.10616537183523178,0.4304463565349579,0.040669165551662445,0.14292830228805542,1.1263370513916016,0.06411253660917282,0.9525728225708008,0.09999030083417892,10000,10000,1.0,330.4393682681964,330.4393682681964,3600,True,31,15000,0.0,0.0,3,LEFT,greedy,3130,5725,2641,3900,5088,10308,0.3304754481683554,1,7698,2,2,330.4393682681964,165.2196841340982,2,2,165.2196841340982,330.4393682681964,165.2196841340982,330.4393682681964,77.2656356044107,2472.5003393411425,3,LEFT,False,,
15476,double_dqn,dueling,97,1.0,152,0.0,0.0,0.05,,,,,,,,,,10000,10000,1.0,330.38675216995154,330.38675216995154,3620,True,31,15000,0.0,0.0,3,LEFT,greedy,3130,5736,2642,3968,5092,10384,0.329025588007237,1,7738,2,2,330.38675216995154,165.19337608497577,2,2,165.19337608497577,330.38675216995154,165.19337608497577,330.38675216995154,77.2809539193089,2472.990525417885,3,LEFT,False,,
15607,double_dqn,dueling,98,1.0,153,0.0,0.0,0.05,,,,,,,,,,10000,10000,1.0,330.5016784667391,330.5016784667391,3653,True,32,15500,0.0,0.0,3,LEFT,greedy,3133,5836,2658,3981,5098,10510,0.32662737057919017,0,7804,2,2,330.5016784667391,165.25083923336956,2,2,165.25083923336956,330.5016784667391,165.25083923336956,330.5016784667391,77.3528082674909,2475.289864559709,3,LEFT,False,,
15795,double_dqn,dueling,98,,,1.0,1.0,0.05,8.789297135081142e-05,0.0862898975610733,0.2182677537202835,0.012937800958752632,0.08596812188625336,0.21685682237148285,0.010987194254994392,0.03149472177028656,0.005205150227993727,10000,10000,1.0,330.37738645380966,330.37738645380966,3700,True,32,15500,0.0,0.0,0,NOOP,greedy,3200,5875,2661,4060,5109,10687,0.3234363129906305,0,7898,2,2,330.37738645380966,165.18869322690483,2,2,165.18869322690483,330.37738645380966,165.18869322690483,330.37738645380966,77.38644782724081,2476.366330471706,0,NOOP,False,,
15796,double_dqn,dueling,98,,,2.0,2.0,0.05,8.789297135081142e-05,0.0862898975610733,0.2182677537202835,0.012937800958752632,0.08596812188625336,0.21685682237148285,0.010987194254994392,0.03149472177028656,0.005205150227993727,10000,10000,1.0,330.37687995705335,330.37687995705335,3700,True,32,15500,0.0,0.0,0,NOOP,greedy,3200,5875,2661,4060,5109,10687,0.3234363129906305,1,7898,2,2,330.37687995705335,165.18843997852667,2,2,165.18843997852667,330.37687995705335,165.18843997852667,330.37687995705335,77.38632918720545,2476.3625339905743,0,NOOP,False,,
15872,double_dqn,dueling,99,2.0,198,0.0,0.0,0.05,,,,,,,,,,10000,10000,1.0,330.4447337879337,330.4447337879337,3719,True,32,15500,0.0,0.0,1,FIRE,greedy,3203,5882,2704,4083,5112,10760,0.3220766129032258,1,7936,2,2,330.4447337879337,165.22236689396686,2,2,165.22236689396686,330.4447337879337,165.22236689396686,330.4447337879337,77.42716513087989,2477.6692841881563,1,FIRE,False,,
15911,double_dqn,dueling,100,1.0,152,0.0,0.0,0.05,,,,,,,,,,10000,10000,1.0,330.427659674165,330.427659674165,3729,True,32,15500,0.0,0.0,0,NOOP,greedy,3210,5914,2704,4084,5116,10796,0.32151835093011566,0,7956,2,2,330.427659674165,165.2138298370825,2,2,165.2138298370825,330.427659674165,165.2138298370825,330.427659674165,77.43619550810466,2477.958256259349,0,NOOP,False,,
16161,double_dqn,dueling,101,0.0,125,0.0,0.0,0.05,,,,,,,,,,10000,10000,1.0,330.51056884964936,330.51056884964936,3791,False,33,16000,0.0,0.0,2,RIGHT,random,3259,5957,2750,4196,5126,11036,0.31716371736171267,0,8081,2,2,330.51056884964936,165.25528442482468,2,2,165.25528442482468,330.51056884964936,165.25528442482468,330.51056884964936,77.52540319941967,2480.8129023814295,2,RIGHT,False,,
16178,double_dqn,dueling,102,1.0,153,0.0,0.0,0.05,,,,,,,,,,10000,10000,1.0,330.3771993762759,330.3771993762759,3795,False,33,16000,0.0,0.0,2,RIGHT,greedy,3259,5959,2764,4196,5126,11052,0.3168500432686364,1,8089,2,2,330.3771993762759,165.18859968813794,2,2,165.18859968813794,330.3771993762759,165.18859968813794,330.3771993762759,77.49916378000785,2479.973240960251,2,RIGHT,False,,
16195,double_dqn,dueling,102,,,0.0,0.0,0.05,0.0008034475613385439,0.12121453881263733,0.2833963930606842,0.0257786363363266,0.08426313102245331,0.20381005108356476,0.03581291437149048,0.07536797225475311,0.17361070215702057,10000,10000,1.0,330.2305984203859,330.2305984203859,3800,True,33,16000,0.0,0.0,0,NOOP,random,3260,5961,2779,4196,5127,11069,0.31655964435663125,0,8098,2,2,330.2305984203859,165.11529921019294,2,2,165.11529921019294,330.2305984203859,165.11529921019294,330.2305984203859,77.48062941451386,2479.3801412644434,0,NOOP,False,,
16196,double_dqn,dueling,102,,,0.0,0.0,0.05,0.0008034475613385439,0.12121453881263733,0.2833963930606842,0.0257786363363266,0.08426313102245331,0.20381005108356476,0.03581291437149048,0.07536797225475311,0.17361070215702057,10000,10000,1.0,330.22972982884704,330.22972982884704,3800,True,33,16000,0.0,0.0,2,RIGHT,greedy,3260,5961,2779,4196,5127,11069,0.31655964435663125,1,8098,2,2,330.22972982884704,165.11486491442352,2,2,165.11486491442352,330.22972982884704,165.11486491442352,330.22972982884704,77.48042562050004,2479.3736198560014,2,RIGHT,False,,
16411,double_dqn,dueling,103,0.0,125,0.0,0.0,0.05,,,,,,,,,,10000,10000,1.0,328.08564751346574,328.08564751346574,3854,True,33,16000,0.0,0.0,3,LEFT,greedy,3286,6016,2851,4259,5139,11273,0.3131245430173044,0,8206,2,2,328.08564751346574,164.04282375673287,2,2,164.04282375673287,328.08564751346574,164.04282375673287,328.08564751346574,77.04375368735663,2465.400117995412,3,LEFT,False,,
16542,double_dqn,dueling,104,2.0,182,0.0,0.0,0.05,,,,,,,,,,10000,10000,1.0,328.1993370164039,328.1993370164039,3886,False,34,16500,0.0,0.0,0,NOOP,greedy,3299,6059,2862,4322,5144,11398,0.31096602587353406,1,8271,2,2,328.1993370164039,164.09966850820194,2,2,164.09966850820194,328.1993370164039,164.09966850820194,328.1993370164039,77.09966289721591,2467.189212710909,0,NOOP,False,,
16595,double_dqn,dueling,104,,,1.0,1.0,0.05,0.0006550029502250254,0.12191558629274368,0.7012590169906616,-0.0004265587776899338,0.1274983435869217,0.6168735027313232,0.027884501963853836,0.10825052857398987,0.06304722279310226,10000,10000,1.0,328.1483228992981,328.1483228992981,3900,True,34,16500,0.0,0.0,0,NOOP,greedy,3316,6063,2863,4354,5149,11447,0.31025548324897567,0,8298,2,2,328.1483228992981,164.07416144964904,2,2,164.07416144964904,328.1483228992981,164.07416144964904,328.1483228992981,77.11366951718863,2467.637424550036,0,NOOP,False,,
16596,double_dqn,dueling,104,,,0.0,0.0,0.05,0.0006550029502250254,0.12191558629274368,0.7012590169906616,-0.0004265587776899338,0.1274983435869217,0.6168735027313232,0.027884501963853836,0.10825052857398987,0.06304722279310226,10000,10000,1.0,328.14776814243635,328.14776814243635,3900,True,34,16500,0.0,0.0,3,LEFT,random,3316,6063,2863,4354,5149,11447,0.31025548324897567,1,8298,2,2,328.14776814243635,164.07388407121817,2,2,164.07388407121817,328.14776814243635,164.07388407121817,328.14776814243635,77.11353915133175,2467.633252842616,3,LEFT,False,,
16907,double_dqn,dueling,105,3.0,248,0.0,0.0,0.05,,,,,,,,,,10000,10000,1.0,328.42158471148826,328.42158471148826,3978,True,34,16500,0.0,0.0,2,RIGHT,greedy,3446,6092,2976,4394,5171,11737,0.30583155902531345,0,8454,2,2,328.42158471148826,164.21079235574413,2,2,164.21079235574413,328.42158471148826,164.21079235574413,328.42158471148826,77.26881144915426,2472.601966372936,2,RIGHT,False,,
16995,double_dqn,dueling,105,,,0.0,0.0,0.05,0.0007346650236286223,0.12517684698104858,0.5310670733451843,0.043883439153432846,0.10515810549259186,0.43524906039237976,0.030452344566583633,0.09581801295280457,0.13234791159629822,10000,10000,1.0,328.2866294892685,328.2866294892685,4000,True,34,16500,0.0,0.0,1,FIRE,greedy,3454,6100,3035,4407,5174,11822,0.3044245704871735,0,8498,2,2,328.2866294892685,164.14331474463424,2,2,164.14331474463424,328.2866294892685,164.14331474463424,328.2866294892685,77.26209213680124,2472.38694837764,1,FIRE,False,,
16996,double_dqn,dueling,105,,,3.0,3.0,0.05,0.0007346650236286223,0.12517684698104858,0.5310670733451843,0.043883439153432846,0.10515810549259186,0.43524906039237976,0.030452344566583633,0.09581801295280457,0.13234791159629822,10000,10000,1.0,328.2858990048169,328.2858990048169,4000,True,34,16500,0.0,0.0,2,RIGHT,greedy,3454,6100,3035,4407,5174,11822,0.3044245704871735,1,8498,2,2,328.2858990048169,164.14294950240844,2,2,164.14294950240844,328.2858990048169,164.14294950240844,328.2858990048169,77.26192021765519,2472.381446964966,2,RIGHT,False,,
17058,double_dqn,dueling,106,4.0,258,0.0,0.0,0.05,,,,,,,,,,10000,10000,1.0,328.23677651778,328.23677651778,4015,False,35,17000,0.0,0.0,3,LEFT,greedy,3454,6132,3056,4416,5176,11882,0.303435338257709,1,8529,2,2,328.23677651778,164.11838825889,2,2,164.11838825889,328.23677651778,164.11838825889,328.23677651778,77.25821653880213,2472.262929241668,3,LEFT,False,,
17211,double_dqn,dueling,107,1.0,152,0.0,0.0,0.05,,,,,,,,,,10000,10000,1.0,328.05261381451896,328.05261381451896,4054,True,35,17000,0.0,0.0,2,RIGHT,greedy,3466,6165,3114,4467,5185,12027,0.3012433186149198,0,8606,2,2,328.05261381451896,164.02630690725948,2,2,164.02630690725948,328.05261381451896,164.02630690725948,328.05261381451896,77.26733072298744,2472.554583135598,2,RIGHT,False,,
17308,double_dqn,dueling,108,0.0,125,0.0,0.0,0.05,,,,,,,,,,10000,10000,1.0,327.94490063392766,327.94490063392766,4078,True,35,17000,0.0,0.0,2,RIGHT,greedy,3466,6173,3200,4469,5191,12117,0.29991911254911024,1,8654,2,2,327.94490063392766,163.97245031696383,2,2,163.97245031696383,327.94490063392766,163.97245031696383,327.94490063392766,77.26827506269684,2472.584802006299,2,RIGHT,False,,
17395,double_dqn,dueling,108,,,0.0,0.0,0.05,0.006027705036103725,0.12512098252773285,0.8631753921508789,0.03228241205215454,0.12825536727905273,1.4252445697784424,0.04047074541449547,0.59681636095047,0.10862641036510468,10000,10000,1.0,328.05042470642553,328.05042470642553,4100,True,35,17000,0.0,0.0,3,LEFT,greedy,3478,6182,3220,4516,5197,12199,0.2987468383536445,0,8698,2,2,328.05042470642553,164.02521235321277,2,2,164.02521235321277,328.05042470642553,164.02521235321277,328.05042470642553,77.31701203129137,2474.144385001324,3,LEFT,False,,
17396,double_dqn,dueling,108,,,0.0,0.0,0.05,0.006027705036103725,0.12512098252773285,0.8631753921508789,0.03228241205215454,0.12825536727905273,1.4252445697784424,0.04047074541449547,0.59681636095047,0.10862641036510468,10000,10000,1.0,328.0499842425795,328.0499842425795,4100,True,35,17000,0.0,0.0,3,LEFT,greedy,3478,6182,3220,4516,5197,12199,0.2987468383536445,1,8698,2,2,328.0499842425795,164.02499212128976,2,2,164.02499212128976,328.0499842425795,164.02499212128976,328.0499842425795,77.31690821996874,2474.1410630389996,3,LEFT,False,,
17461,double_dqn,dueling,109,0.0,125,0.0,0.0,0.05,,,,,,,,,,10000,10000,1.0,328.1062554542355,328.1062554542355,4116,False,35,17000,0.0,0.0,1,FIRE,random,3509,6190,3227,4536,5205,12257,0.29807582178444625,0,8731,2,2,328.1062554542355,164.05312772711775,2,2,164.05312772711775,328.1062554542355,164.05312772711775,328.1062554542355,77.33852636866528,2474.832843797289,1,FIRE,False,,
17558,double_dqn,dueling,110,0.0,125,0.0,0.0,0.05,,,,,,,,,,10000,10000,1.0,328.1126912777114,328.1126912777114,4140,False,36,17500,0.0,0.0,1,FIRE,greedy,3528,6222,3229,4579,5209,12349,0.2966738808520333,1,8779,2,2,328.1126912777114,164.0563456388557,2,2,164.0563456388557,328.1126912777114,164.0563456388557,328.1126912777114,77.36567615273523,2475.7016368875275,1,FIRE,False,,
17795,double_dqn,dueling,110,,,2.0,2.0,0.05,0.0012475834228098392,0.13280940055847168,1.4898910522460938,0.009078757837414742,0.10726585984230042,1.2575100660324097,0.030850885435938835,0.23238098621368408,0.14161434769630432,10000,10000,1.0,327.95966616447066,327.95966616447066,4200,True,36,17500,0.0,0.0,2,RIGHT,greedy,3543,6255,3337,4661,5216,12580,0.2930995729377388,0,8898,2,2,327.95966616447066,163.97983308223533,2,2,163.97983308223533,327.95966616447066,163.97983308223533,327.95966616447066,77.40113496801399,2476.8363189764477,2,RIGHT,False,,
17796,double_dqn,dueling,110,,,1.0,1.0,0.05,0.0012475834228098392,0.13280940055847168,1.4898910522460938,0.009078757837414742,0.10726585984230042,1.2575100660324097,0.030850885435938835,0.23238098621368408,0.14161434769630432,10000,10000,1.0,327.9592249600029,327.9592249600029,4200,True,36,17500,0.0,0.0,2,RIGHT,greedy,3543,6255,3337,4661,5216,12580,0.2930995729377388,1,8898,2,2,327.9592249600029,163.97961248000146,2,2,163.97961248000146,327.9592249600029,163.97961248000146,327.9592249600029,77.4010308401895,2476.832986886064,2,RIGHT,False,,
17827,double_dqn,dueling,111,2.0,183,0.0,0.0,0.05,,,,,,,,,,10000,10000,1.0,327.94127764453,327.94127764453,4208,True,36,17500,0.0,0.0,2,RIGHT,greedy,3543,6259,3365,4661,5217,12611,0.29262957146062374,0,8914,2,2,327.94127764453,163.970638822265,2,2,163.970638822265,327.94127764453,163.970638822265,327.94127764453,77.40503120530525,2476.960998569768,2,RIGHT,False,,
17866,double_dqn,dueling,112,1.0,154,0.0,0.0,0.05,,,,,,,,,,10000,10000,1.0,327.953298568343,327.953298568343,4217,False,36,17500,0.0,0.0,2,RIGHT,greedy,3543,6261,3401,4661,5219,12647,0.2921191089219747,1,8933,2,2,327.953298568343,163.9766492841715,2,2,163.9766492841715,327.953298568343,163.9766492841715,327.953298568343,77.40843278085202,2477.069848987265,2,RIGHT,False,,
18169,double_dqn,dueling,113,1.0,171,0.0,0.0,0.05,,,,,,,,,,10000,10000,1.0,328.17710390089377,328.17710390089377,4293,False,37,18000,0.0,0.0,2,RIGHT,greedy,3550,6298,3514,4808,5232,12938,0.2879471656576775,0,9085,2,2,328.17710390089377,164.08855195044688,2,2,164.08855195044688,328.17710390089377,164.08855195044688,328.17710390089377,77.53793654631463,2481.213969482068,2,RIGHT,False,,
18172,double_dqn,dueling,114,1.0,153,0.0,0.0,0.05,,,,,,,,,,10000,10000,1.0,328.1141604854947,328.1141604854947,4294,True,37,18000,0.0,0.0,2,RIGHT,greedy,3550,6299,3515,4808,5232,12940,0.28791547435615233,1,9086,2,2,328.1141604854947,164.05708024274736,2,2,164.05708024274736,328.1141604854947,164.05708024274736,328.1141604854947,77.53258887985442,2481.0428441553413,2,RIGHT,False,,
18195,double_dqn,dueling,114,,,0.0,0.0,0.05,0.007557509932667017,0.1483973264694214,0.62631756067276,0.04859796538949013,0.12720337510108948,1.08406400680542,0.06348935514688492,0.6339397430419922,0.12372943013906479,10000,10000,1.0,328.1088461023431,328.1088461023431,4300,True,37,18000,0.0,0.0,3,LEFT,greedy,3551,6304,3530,4811,5233,12963,0.2875906792701693,0,9098,2,2,328.1088461023431,164.05442305117154,2,2,164.05442305117154,328.1088461023431,164.05442305117154,328.1088461023431,77.53726303803447,2481.192417217103,3,LEFT,False,,
18196,double_dqn,dueling,114,,,0.0,0.0,0.05,0.007557509932667017,0.1483973264694214,0.62631756067276,0.04859796538949013,0.12720337510108948,1.08406400680542,0.06348935514688492,0.6339397430419922,0.12372943013906479,10000,10000,1.0,328.1083846218367,328.1083846218367,4300,True,37,18000,0.0,0.0,1,FIRE,greedy,3551,6304,3530,4811,5233,12963,0.2875906792701693,1,9098,2,2,328.1083846218367,164.05419231091835,2,2,164.05419231091835,328.1083846218367,164.05419231091835,328.1083846218367,77.53715398295766,2481.188927454645,1,FIRE,False,,
18419,double_dqn,dueling,115,0.0,125,0.0,0.0,0.05,,,,,,,,,,10000,10000,1.0,328.10461052249605,328.10461052249605,4356,True,37,18000,0.0,0.0,0,NOOP,greedy,3583,6336,3615,4886,5247,13173,0.28485342019543974,0,9210,2,2,328.10461052249605,164.05230526124802,2,2,164.05230526124802,328.10461052249605,164.05230526124802,328.10461052249605,77.59086229294205,2482.9075933741456,0,NOOP,False,,
18422,double_dqn,dueling,116,0.0,125,0.0,0.0,0.05,,,,,,,,,,10000,10000,1.0,328.08623905780445,328.08623905780445,4356,False,37,18000,0.0,0.0,0,NOOP,greedy,3584,6337,3615,4886,5247,13175,0.28482249484312233,1,9211,2,2,328.08623905780445,164.04311952890222,2,2,164.04311952890222,328.08623905780445,164.04311952890222,328.08623905780445,77.57809452479623,2482.4990247934793,0,NOOP,False,,
18595,double_dqn,dueling,116,,,2.0,2.0,0.05,0.015360617078840733,0.16683214902877808,1.1834830045700073,0.027728237211704254,0.21899570524692535,1.196980595588684,0.06568806618452072,0.8611922264099121,0.4053264856338501,10000,10000,1.0,328.1793324483375,328.1793324483375,4400,True,38,18500,0.0,0.0,3,LEFT,greedy,3591,6357,3684,4964,5255,13341,0.28258765325876534,0,9298,2,2,328.1793324483375,164.08966622416875,2,2,164.08966622416875,328.1793324483375,164.08966622416875,328.1793324483375,77.6505196156531,2484.816627700899,3,LEFT,False,,
18596,double_dqn,dueling,116,,,0.0,0.0,0.05,0.015360617078840733,0.16683214902877808,1.1834830045700073,0.027728237211704254,0.21899570524692535,1.196980595588684,0.06568806618452072,0.8611922264099121,0.4053264856338501,10000,10000,1.0,328.17867509752125,328.17867509752125,4400,True,38,18500,0.0,0.0,1,FIRE,greedy,3591,6357,3684,4964,5255,13341,0.28258765325876534,1,9298,2,2,328.17867509752125,164.08933754876062,2,2,164.08933754876062,328.17867509752125,164.08933754876062,328.17867509752125,77.6503640798609,2484.811650555549,1,FIRE,False,,
18670,double_dqn,dueling,117,0.0,124,0.0,0.0,0.05,,,,,,,,,,10000,10000,1.0,328.08954278069587,328.08954278069587,4418,False,38,18500,0.0,0.0,3,LEFT,greedy,3592,6371,3718,4989,5260,13410,0.28173540439207284,1,9335,2,2,328.08954278069587,164.04477139034793,2,2,164.04477139034793,328.08954278069587,164.04477139034793,328.08954278069587,77.63790037520698,2484.4128120066234,3,LEFT,False,,
18977,double_dqn,dueling,118,4.0,279,0.0,0.0,0.05,,,,,,,,,,10000,10000,1.0,327.670272597499,327.670272597499,4495,False,38,18500,0.0,0.0,2,RIGHT,greedy,3601,6439,3917,5021,5280,13698,0.27821688270629147,0,9489,2,2,327.670272597499,163.8351362987495,2,2,163.8351362987495,327.670272597499,163.8351362987495,327.670272597499,77.60975209852239,2483.5120671527166,2,RIGHT,False,,
18995,double_dqn,dueling,118,,,0.0,0.0,0.05,0.003400413552299142,0.18969807028770447,1.056147813796997,0.06676969677209854,0.1822860836982727,1.1733427047729492,0.049755945801734924,0.27351096272468567,0.07870297878980637,10000,10000,1.0,327.6450189826949,327.6450189826949,4500,True,38,18500,0.0,0.0,2,RIGHT,greedy,3602,6441,3931,5022,5282,13714,0.27805853863971364,0,9498,2,2,327.6450189826949,163.82250949134746,2,2,163.82250949134746,327.6450189826949,163.82250949134746,327.6450189826949,77.61647638566683,2483.7272443413385,2,RIGHT,False,,
18996,double_dqn,dueling,118,,,2.0,2.0,0.05,0.003400413552299142,0.18969807028770447,1.056147813796997,0.06676969677209854,0.1822860836982727,1.1733427047729492,0.049755945801734924,0.27351096272468567,0.07870297878980637,10000,10000,1.0,327.6446103962601,327.6446103962601,4500,True,38,18500,0.0,0.0,2,RIGHT,greedy,3602,6441,3931,5022,5282,13714,0.27805853863971364,1,9498,2,2,327.6446103962601,163.82230519813004,2,2,163.82230519813004,327.6446103962601,163.82230519813004,327.6446103962601,77.6163795948184,2483.7241470341887,2,RIGHT,False,,
19070,double_dqn,dueling,119,2.0,200,0.0,0.0,0.05,,,,,,,,,,10000,10000,1.0,327.66516470288053,327.66516470288053,4518,False,39,19000,0.0,0.0,0,NOOP,greedy,3606,6451,3989,5024,5286,13784,0.2771893025694809,1,9535,2,2,327.66516470288053,163.83258235144027,2,2,163.83258235144027,327.66516470288053,163.83258235144027,327.66516470288053,77.6293242856641,2484.138377141251,0,NOOP,False,,
19225,double_dqn,dueling,120,0.0,124,0.0,0.0,0.05,,,,,,,,,,10000,10000,1.0,327.7790475298229,327.7790475298229,4557,False,39,19000,0.0,0.0,2,RIGHT,greedy,3656,6498,4022,5050,5290,13936,0.27514823676271716,0,9613,2,2,327.7790475298229,163.88952376491144,2,2,163.88952376491144,327.7790475298229,163.88952376491144,327.7790475298229,77.69110161205674,2486.1152515858157,2,RIGHT,False,,
19395,double_dqn,dueling,120,,,0.0,0.0,0.05,0.0007445203373208642,0.22819027304649353,1.6642296314239502,0.04487980157136917,0.21974259614944458,1.5588427782058716,0.023519564419984818,0.17336803674697876,0.06530515104532242,10000,10000,1.0,327.4743358324571,327.4743358324571,4600,True,39,19000,0.0,0.0,3,LEFT,greedy,3686,6514,4078,5118,5300,14096,0.27325221695194885,0,9698,2,2,327.4743358324571,163.73716791622854,2,2,163.73716791622854,327.4743358324571,163.73716791622854,327.4743358324571,77.6645671699991,2485.2661494399713,3,LEFT,False,,
19396,double_dqn,dueling,120,,,2.0,2.0,0.05,0.0007445203373208642,0.22819027304649353,1.6642296314239502,0.04487980157136917,0.21974259614944458,1.5588427782058716,0.023519564419984818,0.17336803674697876,0.06530515104532242,10000,10000,1.0,327.47385536729644,327.47385536729644,4600,True,39,19000,0.0,0.0,2,RIGHT,greedy,3686,6514,4078,5118,5300,14096,0.27325221695194885,1,9698,2,2,327.47385536729644,163.73692768364822,2,2,163.73692768364822,327.47385536729644,163.73692768364822,327.47385536729644,77.6644532217758,2485.2625030968256,2,RIGHT,False,,
19475,double_dqn,dueling,121,0.0,125,0.0,0.0,0.05,,,,,,,,,,10000,10000,1.0,327.35686695355867,327.35686695355867,4620,True,39,19000,0.0,0.0,3,LEFT,greedy,3687,6530,4111,5148,5305,14171,0.2723865270075991,0,9738,2,2,327.35686695355867,163.67843347677933,2,2,163.67843347677933,327.35686695355867,163.67843347677933,327.35686695355867,77.65397028781275,2484.927049210008,3,LEFT,False,,
19604,double_dqn,dueling,122,3.0,267,0.0,0.0,0.05,,,,,,,,,,10000,10000,1.0,327.0579525232267,327.0579525232267,4652,True,40,19500,0.0,0.0,2,RIGHT,greedy,3689,6576,4151,5188,5309,14295,0.2708120791675168,1,9802,2,2,327.0579525232267,163.52897626161334,2,2,163.52897626161334,327.0579525232267,163.52897626161334,327.0579525232267,77.61036498357736,2483.5316794744754,2,RIGHT,False,,
19723,double_dqn,dueling,123,0.0,124,0.0,0.0,0.05,,,,,,,,,,10000,10000,1.0,327.1694215114374,327.1694215114374,4682,True,40,19500,0.0,0.0,3,LEFT,greedy,3692,6587,4226,5219,5312,14412,0.2693165686473332,0,9862,2,2,327.1694215114374,163.5847107557187,2,2,163.5847107557187,327.1694215114374,163.5847107557187,327.1694215114374,77.66209853561904,2485.187153139809,3,LEFT,False,,
19795,double_dqn,dueling,123,,,1.0,1.0,0.05,0.003479351056739688,0.23053474724292755,1.4374573230743408,0.053662292659282684,0.23179951310157776,1.1755279302597046,0.044305719435214996,0.30741238594055176,0.14744697511196136,10000,10000,1.0,327.1960212355057,327.1960212355057,4700,True,40,19500,0.0,0.0,3,LEFT,greedy,3695,6613,4234,5254,5314,14482,0.2684380682966256,0,9898,2,2,327.1960212355057,163.59801061775286,2,2,163.59801061775286,327.1960212355057,163.59801061775286,327.1960212355057,77.68343603793073,2485.8699532137834,3,LEFT,False,,
19796,double_dqn,dueling,123,,,1.0,1.0,0.05,0.003479351056739688,0.23053474724292755,1.4374573230743408,0.053662292659282684,0.23179951310157776,1.1755279302597046,0.044305719435214996,0.30741238594055176,0.14744697511196136,10000,10000,1.0,327.19561130722303,327.19561130722303,4700,True,40,19500,0.0,0.0,1,FIRE,greedy,3695,6613,4234,5254,5314,14482,0.2684380682966256,1,9898,2,2,327.19561130722303,163.59780565361152,2,2,163.59780565361152,327.19561130722303,163.59780565361152,327.19561130722303,77.68333871206042,2485.8668387859334,1,FIRE,False,,
20029,double_dqn,dueling,124,1.0,153,0.0,0.0,0.05,,,,,,,,,,10000,10000,1.0,327.1092371459523,327.1092371459523,4758,False,41,20000,0.0,0.0,2,RIGHT,greedy,3702,6649,4387,5292,5327,14703,0.26595107338991514,0,10015,2,2,327.1092371459523,163.55461857297615,2,2,163.55461857297615,327.1092371459523,163.55461857297615,327.1092371459523,77.7027334168967,2486.4874693406946,2,RIGHT,False,,
20060,double_dqn,dueling,125,3.0,228,0.0,0.0,0.05,,,,,,,,,,10000,10000,1.0,327.05804379930265,327.05804379930265,4766,True,41,20000,0.0,0.0,2,RIGHT,greedy,3707,6652,4406,5295,5329,14731,0.2656530408773679,1,10030,2,2,327.05804379930265,163.52902189965133,2,2,163.52902189965133,327.05804379930265,163.52902189965133,327.05804379930265,77.70481738521818,2486.5541563269817,2,RIGHT,False,,
20195,double_dqn,dueling,125,,,0.0,0.0,0.05,0.001474736025556922,0.17531773447990417,0.7231674790382385,0.06990240514278412,0.18583667278289795,0.8288540840148926,0.03198030963540077,0.21402424573898315,0.08895118534564972,10000,10000,1.0,327.12158077569194,327.12158077569194,4800,True,41,20000,0.0,0.0,3,LEFT,greedy,3711,6681,4442,5362,5331,14865,0.2639631610219845,0,10098,2,2,327.12158077569194,163.56079038784597,2,2,163.56079038784597,327.12158077569194,163.56079038784597,327.12158077569194,77.74725627467426,2487.912200789576,3,LEFT,False,,
20196,double_dqn,dueling,125,,,0.0,0.0,0.05,0.001474736025556922,0.17531773447990417,0.7231674790382385,0.06990240514278412,0.18583667278289795,0.8288540840148926,0.03198030963540077,0.21402424573898315,0.08895118534564972,10000,10000,1.0,327.1212157084429,327.1212157084429,4800,True,41,20000,0.0,0.0,1,FIRE,greedy,3711,6681,4442,5362,5331,14865,0.2639631610219845,1,10098,2,2,327.1212157084429,163.56060785422144,2,2,163.56060785422144,327.1212157084429,163.56060785422144,327.1212157084429,77.74716950883966,2487.909424282869,1,FIRE,False,,
20335,double_dqn,dueling,126,1.0,153,0.0,0.0,0.05,,,,,,,,,,10000,10000,1.0,327.2829441837739,327.2829441837739,4835,True,41,20000,0.0,0.0,1,FIRE,greedy,3714,6711,4474,5437,5341,14995,0.26263768686073957,0,10168,2,2,327.2829441837739,163.64147209188695,2,2,163.64147209188695,327.2829441837739,163.64147209188695,327.2829441837739,77.81338685722595,2490.0283794312304,1,FIRE,False,,
20518,double_dqn,dueling,127,3.0,229,0.0,0.0,0.05,,,,,,,,,,10000,10000,1.0,327.4870912819969,327.4870912819969,4880,False,42,20500,0.0,0.0,2,RIGHT,greedy,3717,6745,4588,5468,5352,15166,0.260844136855444,1,10259,2,2,327.4870912819969,163.74354564099846,2,2,163.74354564099846,327.4870912819969,163.74354564099846,327.4870912819969,77.88951191422872,2492.464381255319,2,RIGHT,False,,
20595,double_dqn,dueling,127,,,2.0,2.0,0.05,0.000683481979649514,0.18739423155784607,0.49261730909347534,0.08149648457765579,0.18491610884666443,0.49518871307373047,0.019853591918945312,0.17559608817100525,0.030929239466786385,10000,10000,1.0,327.3783462235445,327.3783462235445,4900,True,42,20500,0.0,0.0,3,LEFT,greedy,3726,6752,4615,5503,5358,15238,0.26014760147601473,0,10298,2,2,327.3783462235445,163.68917311177225,2,2,163.68917311177225,327.3783462235445,163.68917311177225,327.3783462235445,77.88667199919247,2492.373503974159,3,LEFT,False,,
20596,double_dqn,dueling,127,,,1.0,1.0,0.05,0.000683481979649514,0.18739423155784607,0.49261730909347534,0.08149648457765579,0.18491610884666443,0.49518871307373047,0.019853591918945312,0.17559608817100525,0.030929239466786385,10000,10000,1.0,327.377955942889,327.377955942889,4900,True,42,20500,0.0,0.0,2,RIGHT,greedy,3726,6752,4615,5503,5358,15238,0.26014760147601473,1,10298,2,2,327.377955942889,163.6889779714445,2,2,163.6889779714445,327.377955942889,163.6889779714445,327.377955942889,77.88657914741485,2492.370532717275,2,RIGHT,False,,
20737,double_dqn,dueling,128,2.0,201,0.0,0.0,0.05,,,,,,,,,,10000,10000,1.0,327.57401207636764,327.57401207636764,4935,False,42,20500,0.0,0.0,3,LEFT,greedy,3750,6764,4648,5576,5366,15372,0.25875204937795354,0,10369,2,2,327.57401207636764,163.78700603818382,2,2,163.78700603818382,327.57401207636764,163.78700603818382,327.57401207636764,77.95244235687503,2494.478155420001,3,LEFT,False,,
20995,double_dqn,dueling,128,,,1.0,1.0,0.05,0.0006384090520441532,0.23156049847602844,1.1606413125991821,0.09952031821012497,0.21289312839508057,1.0595042705535889,0.02858700603246689,0.0944594144821167,0.08599260449409485,10000,10000,1.0,327.848216868033,327.848216868033,5000,True,42,20500,0.0,0.0,1,FIRE,fire_reset,3777,6802,4769,5648,5384,15612,0.25642979615164796,0,10498,2,2,327.848216868033,163.9241084340165,2,2,163.9241084340165,327.848216868033,163.9241084340165,327.848216868033,78.07397048676724,2498.3670555765516,0,NOOP,True,after_life_loss,
20996,double_dqn,dueling,128,,,4.0,4.0,0.05,0.0006384090520441532,0.23156049847602844,1.1606413125991821,0.09952031821012497,0.21289312839508057,1.0595042705535889,0.02858700603246689,0.0944594144821167,0.08599260449409485,10000,10000,1.0,327.8478472570216,327.8478472570216,5000,True,42,20500,0.0,0.0,0,NOOP,greedy,3777,6802,4769,5648,5384,15612,0.25642979615164796,1,10498,2,2,327.8478472570216,163.9239236285108,2,2,163.9239236285108,327.8478472570216,163.9239236285108,327.8478472570216,78.07388246737989,2498.3642389561564,0,NOOP,False,,
21034,double_dqn,dueling,129,4.0,258,0.0,0.0,0.05,,,,,,,,,,10000,10000,1.0,327.85463363836243,327.85463363836243,5009,False,43,21000,0.0,0.0,1,FIRE,random,3803,6806,4774,5651,5390,15644,0.2562517828278026,1,10517,2,2,327.85463363836243,163.92731681918121,2,2,163.92731681918121,327.85463363836243,163.92731681918121,327.85463363836243,78.0747294805818,2498.3913433786174,1,FIRE,False,,
21043,double_dqn,dueling,130,1.0,153,0.0,0.0,0.05,,,,,,,,,,10000,10000,1.0,327.7964554481142,327.7964554481142,5012,True,43,21000,0.0,0.0,0,NOOP,greedy,3810,6808,4774,5652,5391,15653,0.25617753278844324,0,10522,2,2,327.7964554481142,163.8982277240571,2,2,163.8982277240571,327.7964554481142,163.8982277240571,327.7964554481142,78.07051105806636,2498.2563538581235,0,NOOP,False,,
21395,double_dqn,dueling,131,,,4.0,4.0,0.05,0.002197516616433859,0.22734183073043823,1.6494005918502808,0.09203553944826126,0.26652252674102783,1.7145378589630127,0.041475020349025726,0.29718151688575745,0.272177517414093,10000,10000,1.0,327.99157399511523,327.99157399511523,5100,True,43,21000,0.0,0.0,2,RIGHT,greedy,3849,6863,4892,5792,5402,15994,0.2524770985230884,0,10698,2,2,327.99157399511523,163.99578699755762,2,2,163.99578699755762,327.99157399511523,163.99578699755762,327.99157399511523,78.18082947163431,2501.786543092298,2,RIGHT,False,,
21396,double_dqn,dueling,131,2.0,181,0.0,0.0,0.05,0.002197516616433859,0.22734183073043823,1.6494005918502808,0.09203553944826126,0.26652252674102783,1.7145378589630127,0.041475020349025726,0.29718151688575745,0.272177517414093,10000,10000,1.0,327.9912044397583,327.9912044397583,5100,True,43,21000,0.0,0.0,0,NOOP,greedy,3849,6863,4892,5792,5402,15994,0.2524770985230884,1,10698,2,2,327.9912044397583,163.99560221987915,2,2,163.99560221987915,327.9912044397583,163.99560221987915,327.9912044397583,78.18074138356549,2501.7837242740957,0,NOOP,False,,
21585,double_dqn,dueling,132,4.0,271,0.0,0.0,0.05,,,,,,,,,,10000,10000,1.0,328.20011686658336,328.20011686658336,5147,False,44,21500,0.0,0.0,3,LEFT,greedy,3886,6890,4916,5894,5411,16175,0.2506717316779394,0,10793,2,2,328.20011686658336,164.10005843329168,2,2,164.10005843329168,328.20011686658336,164.10005843329168,328.20011686658336,78.25655524470974,2504.209767830712,3,LEFT,False,,
21646,double_dqn,dueling,133,0.0,125,0.0,0.0,0.05,,,,,,,,,,10000,10000,1.0,328.21074588211803,328.21074588211803,5162,False,44,21500,0.0,0.0,2,RIGHT,greedy,3886,6896,4954,5910,5413,16233,0.25006929686778157,1,10823,2,2,328.21074588211803,164.10537294105902,2,2,164.10537294105902,328.21074588211803,164.10537294105902,328.21074588211803,78.26960501910253,2504.627360611281,2,RIGHT,False,,
21795,double_dqn,dueling,133,,,0.0,0.0,0.05,0.019613763317465782,0.3433265686035156,1.3037539720535278,0.143869087100029,0.3261171579360962,1.2003220319747925,0.09532417356967926,0.9608032703399658,0.6487494111061096,10000,10000,1.0,328.35930650452735,328.35930650452735,5200,True,44,21500,0.0,0.0,3,LEFT,greedy,3890,6924,5030,5952,5425,16371,0.24889888052853734,0,10898,2,2,328.35930650452735,164.17965325226368,2,2,164.17965325226368,328.35930650452735,164.17965325226368,328.35930650452735,78.33861230609021,2506.835593794887,3,LEFT,False,,
21796,double_dqn,dueling,133,,,0.0,0.0,0.05,0.019613763317465782,0.3433265686035156,1.3037539720535278,0.143869087100029,0.3261171579360962,1.2003220319747925,0.09532417356967926,0.9608032703399658,0.6487494111061096,10000,10000,1.0,328.358939949248,328.358939949248,5200,True,44,21500,0.0,0.0,1,FIRE,greedy,3890,6924,5030,5952,5425,16371,0.24889888052853734,1,10898,2,2,328.358939949248,164.179469974624,2,2,164.179469974624,328.358939949248,164.179469974624,328.358939949248,78.33852485483986,2506.8327953548755,1,FIRE,False,,
21891,double_dqn,dueling,134,1.0,153,0.0,0.0,0.05,,,,,,,,,,10000,10000,1.0,328.2470287700159,328.2470287700159,5224,True,44,21500,0.0,0.0,2,RIGHT,greedy,3895,6956,5049,5992,5434,16458,0.24821852731591448,0,10946,2,2,328.2470287700159,164.12351438500795,2,2,164.12351438500795,328.2470287700159,164.12351438500795,328.2470287700159,78.32826960965481,2506.504627508954,2,RIGHT,False,,
21894,double_dqn,dueling,135,0.0,124,0.0,0.0,0.05,,,,,,,,,,10000,10000,1.0,328.2217397236305,328.2217397236305,5224,False,44,21500,0.0,0.0,1,FIRE,greedy,3895,6958,5049,5992,5434,16460,0.2481958527450443,1,10947,2,2,328.2217397236305,164.11086986181525,2,2,164.11086986181525,328.2217397236305,164.11086986181525,328.2217397236305,78.31508031041591,2506.082569933309,1,FIRE,False,,
22139,double_dqn,dueling,136,0.0,124,0.0,0.0,0.05,,,,,,,,,,10000,10000,1.0,327.42215616203356,327.42215616203356,5286,True,45,22000,0.0,0.0,1,FIRE,greedy,3903,7040,5116,6081,5446,16694,0.24598012646793135,0,11070,2,2,327.42215616203356,163.71107808101678,2,2,163.71107808101678,327.42215616203356,163.71107808101678,327.42215616203356,78.17314893733105,2501.5407659945936,1,FIRE,False,,
22195,double_dqn,dueling,137,,,0.0,0.0,0.05,0.001815449446439743,0.2532837986946106,1.2282030582427979,0.07526817917823792,0.26559609174728394,1.2813968658447266,0.027253076434135437,0.2916725277900696,0.20976318418979645,10000,10000,1.0,327.3226516585536,327.3226516585536,5300,True,45,22000,0.0,0.0,2,RIGHT,greedy,3903,7087,5121,6085,5449,16747,0.2454946837267976,0,11098,2,2,327.3226516585536,163.6613258292768,2,2,163.6613258292768,327.3226516585536,163.6613258292768,327.3226516585536,78.15867966256685,2501.0777492021393,2,RIGHT,False,,
22196,double_dqn,dueling,137,1.0,151,0.0,0.0,0.05,0.001815449446439743,0.2532837986946106,1.2282030582427979,0.07526817917823792,0.26559609174728394,1.2813968658447266,0.027253076434135437,0.2916725277900696,0.20976318418979645,10000,10000,1.0,327.32229108202637,327.32229108202637,5300,True,45,22000,0.0,0.0,1,FIRE,greedy,3903,7087,5121,6085,5449,16747,0.2454946837267976,1,11098,2,2,327.32229108202637,163.66114554101318,2,2,163.66114554101318,327.32229108202637,163.66114554101318,327.32229108202637,78.15859356346819,2501.074994030982,1,FIRE,False,,
22383,double_dqn,dueling,138,0.0,122,0.0,0.0,0.05,,,,,,,,,,10000,10000,1.0,327.45894073885114,327.45894073885114,5347,True,45,22000,0.0,0.0,1,FIRE,greedy,3911,7170,5156,6147,5458,16926,0.24383488205861328,0,11192,2,2,327.45894073885114,163.72947036942557,2,2,163.72947036942557,327.45894073885114,163.72947036942557,327.45894073885114,78.2220763103394,2503.106441930861,1,FIRE,False,,
22595,double_dqn,dueling,138,,,0.0,0.0,0.05,0.0013234626967459917,0.20450088381767273,0.9688724279403687,0.06341532617807388,0.21650341153144836,1.0178518295288086,0.03541320934891701,0.1898970603942871,0.045362189412117004,10000,10000,1.0,327.11115113519946,327.11115113519946,5400,True,46,22500,0.0,0.0,0,NOOP,random,3923,7290,5175,6208,5467,17129,0.2419454770755886,0,11298,2,2,327.11115113519946,163.55557556759973,2,2,163.55557556759973,327.11115113519946,163.55557556759973,327.11115113519946,78.17313755222504,2501.5404016712014,0,NOOP,False,,
22596,double_dqn,dueling,138,,,3.0,3.0,0.05,0.0013234626967459917,0.20450088381767273,0.9688724279403687,0.06341532617807388,0.21650341153144836,1.0178518295288086,0.03541320934891701,0.1898970603942871,0.045362189412117004,10000,10000,1.0,327.1108082913516,327.1108082913516,5400,True,46,22500,0.0,0.0,1,FIRE,greedy,3923,7290,5175,6208,5467,17129,0.2419454770755886,1,11298,2,2,327.1108082913516,163.5554041456758,2,2,163.5554041456758,327.1108082913516,163.5554041456758,327.1108082913516,78.17305561928211,2501.5377798170275,1,FIRE,False,,
22627,double_dqn,dueling,139,0.0,122,0.0,0.0,0.05,,,,,,,,,,10000,10000,1.0,327.09934096754745,327.09934096754745,5408,True,46,22500,0.0,0.0,3,LEFT,greedy,3923,7293,5181,6231,5468,17160,0.241647516351423,0,11314,2,2,327.09934096754745,163.54967048377372,2,2,163.54967048377372,327.09934096754745,163.54967048377372,327.09934096754745,78.17541258407711,2501.6132026904675,3,LEFT,False,,
22652,double_dqn,dueling,140,3.0,228,0.0,0.0,0.05,,,,,,,,,,10000,10000,1.0,327.10394776873363,327.10394776873363,5414,True,46,22500,0.0,0.0,3,LEFT,greedy,3925,7295,5181,6251,5471,17181,0.2415239272470422,1,11326,2,2,327.10394776873363,163.55197388436682,2,2,163.55197388436682,327.10394776873363,163.55197388436682,327.10394776873363,78.18032726558025,2501.770472498568,3,LEFT,False,,
22898,double_dqn,dueling,141,0.0,123,0.0,0.0,0.05,,,,,,,,,,10000,10000,1.0,327.2996308188416,327.2996308188416,5475,False,46,22500,0.0,0.0,1,FIRE,greedy,3936,7408,5197,6357,5487,17411,0.2396279151017556,1,11449,2,2,327.2996308188416,163.6498154094208,2,2,163.6498154094208,327.2996308188416,163.6498154094208,327.2996308188416,78.2586024427093,2504.2752781666977,1,FIRE,False,,
22995,double_dqn,dueling,141,,,3.0,3.0,0.05,0.004105656407773495,0.33886680006980896,1.1754693984985352,0.05619679391384125,0.3153797388076782,1.2199108600616455,0.0618349090218544,0.3241894245147705,0.4742637872695923,10000,10000,1.0,327.3401949963739,327.3401949963739,5500,True,46,22500,0.0,0.0,2,RIGHT,greedy,3941,7417,5259,6379,5490,17506,0.23873717168203165,0,11498,2,2,327.3401949963739,163.67009749818695,2,2,163.67009749818695,327.3401949963739,163.67009749818695,327.3401949963739,78.29061891111743,2505.299805155758,2,RIGHT,False,,
22996,double_dqn,dueling,141,,,0.0,0.0,0.05,0.004105656407773495,0.33886680006980896,1.1754693984985352,0.05619679391384125,0.3153797388076782,1.2199108600616455,0.0618349090218544,0.3241894245147705,0.4742637872695923,10000,10000,1.0,327.3398674287465,327.3398674287465,5500,True,46,22500,0.0,0.0,3,LEFT,greedy,3941,7417,5259,6379,5490,17506,0.23873717168203165,1,11498,2,2,327.3398674287465,163.66993371437326,2,2,163.66993371437326,327.3398674287465,163.66993371437326,327.3398674287465,78.29054056610306,2505.297298115298,3,LEFT,False,,
23089,double_dqn,dueling,142,3.0,231,0.0,0.0,0.05,,,,,,,,,,10000,10000,1.0,327.40977815164933,327.40977815164933,5523,False,47,23000,0.0,0.0,2,RIGHT,greedy,3944,7428,5273,6445,5493,17597,0.237895192724123,0,11545,2,2,327.40977815164933,163.70488907582467,2,2,163.70488907582467,327.40977815164933,163.70488907582467,327.40977815164933,78.3146039294742,2506.0673257431745,2,RIGHT,False,,
23264,double_dqn,dueling,143,2.0,183,0.0,0.0,0.05,,,,,,,,,,10000,10000,1.0,327.40473131659024,327.40473131659024,5567,True,47,23000,0.0,0.0,3,LEFT,greedy,3948,7509,5308,6499,5507,17757,0.23671767537826685,1,11632,2,2,327.40473131659024,163.70236565829512,2,2,163.70236565829512,327.40473131659024,163.70236565829512,327.40473131659024,78.3468938806507,2507.1006041808223,3,LEFT,False,,
23395,double_dqn,dueling,143,,,1.0,1.0,0.05,0.004558933898806572,0.2614326477050781,1.092147946357727,0.0938320979475975,0.24376913905143738,0.9602804780006409,0.0537007600069046,0.34664836525917053,0.22985658049583435,10000,10000,1.0,327.35339488530167,327.35339488530167,5600,True,47,23000,0.0,0.0,1,FIRE,greedy,3954,7529,5331,6582,5510,17886,0.23551034364848691,0,11698,2,2,327.35339488530167,163.67669744265083,2,2,163.67669744265083,327.35339488530167,163.67669744265083,327.35339488530167,78.35437730200417,2507.3400736641333,1,FIRE,False,,
23396,double_dqn,dueling,143,,,0.0,0.0,0.05,0.004558933898806572,0.2614326477050781,1.092147946357727,0.0938320979475975,0.24376913905143738,0.9602804780006409,0.0537007600069046,0.34664836525917053,0.22985658049583435,10000,10000,1.0,327.3530193019956,327.3530193019956,5600,True,47,23000,0.0,0.0,3,LEFT,greedy,3954,7529,5331,6582,5510,17886,0.23551034364848691,1,11698,2,2,327.3530193019956,163.6765096509978,2,2,163.6765096509978,327.3530193019956,163.6765096509978,327.3530193019956,78.35428740345253,2507.337196910481,3,LEFT,False,,
23451,double_dqn,dueling,144,2.0,181,0.0,0.0,0.05,,,,,,,,,,10000,10000,1.0,327.4198651187138,327.4198651187138,5614,True,47,23000,0.0,0.0,2,RIGHT,greedy,3961,7536,5354,6601,5512,17940,0.23503325942350334,0,11726,2,2,327.4198651187138,163.7099325593569,2,2,163.7099325593569,327.4198651187138,163.7099325593569,327.4198651187138,78.37860833943625,2508.11546686196,2,RIGHT,False,,
23512,double_dqn,dueling,145,0.0,124,0.0,0.0,0.05,,,,,,,,,,10000,10000,1.0,327.3786883379609,327.3786883379609,5629,True,48,23500,0.0,0.0,1,FIRE,greedy,3961,7572,5378,6601,5512,18000,0.23443348077577408,1,11756,2,2,327.3786883379609,163.68934416898045,2,2,163.68934416898045,327.3786883379609,163.68934416898045,327.3786883379609,78.37762149771955,2508.0838879270254,1,FIRE,False,,
23795,double_dqn,dueling,145,,,3.0,3.0,0.05,0.00491203460842371,0.24867311120033264,1.4466683864593506,0.05908031389117241,0.27715975046157837,1.7613632678985596,0.046673502773046494,0.3548172116279602,0.16177912056446075,10000,10000,1.0,327.65348576782054,327.65348576782054,5700,True,48,23500,0.0,0.0,1,FIRE,greedy,3975,7614,5571,6636,5525,18271,0.23218187930744663,0,11898,2,2,327.65348576782054,163.82674288391027,2,2,163.82674288391027,327.65348576782054,163.82674288391027,327.65348576782054,78.48482387277598,2511.5143639288312,1,FIRE,False,,
23796,double_dqn,dueling,145,,,3.0,3.0,0.05,0.00491203460842371,0.24867311120033264,1.4466683864593506,0.05908031389117241,0.27715975046157837,1.7613632678985596,0.046673502773046494,0.3548172116279602,0.16177912056446075,10000,10000,1.0,327.6531663512213,327.6531663512213,5700,True,48,23500,0.0,0.0,1,FIRE,greedy,3975,7614,5571,6636,5525,18271,0.23218187930744663,1,11898,2,2,327.6531663512213,163.82658317561064,2,2,163.82658317561064,327.6531663512213,163.82658317561064,327.6531663512213,78.48474736098342,2511.5119155514694,1,FIRE,False,,
24145,double_dqn,dueling,146,5.0,347,0.0,0.0,0.05,,,,,,,,,,10000,10000,1.0,327.92313087452226,327.92313087452226,5787,False,49,24000,0.0,0.0,2,RIGHT,greedy,3980,7641,5879,6646,5540,18606,0.22943758800629505,0,12073,2,2,327.92313087452226,163.96156543726113,2,2,163.96156543726113,327.92313087452226,163.96156543726113,327.92313087452226,78.59236140026755,2514.9555648085616,2,RIGHT,False,,
24195,double_dqn,dueling,146,,,0.0,0.0,0.05,0.0005173478275537491,0.22163540124893188,1.1236939430236816,0.08230850100517273,0.22535818815231323,1.0200355052947998,0.0243633221834898,0.08761823177337646,0.041963834315538406,10000,10000,1.0,327.91627465361756,327.91627465361756,5800,True,49,24000,0.0,0.0,2,RIGHT,greedy,3980,7643,5925,6648,5543,18653,0.22908745247148288,0,12098,2,2,327.91627465361756,163.95813732680878,2,2,163.95813732680878,327.91627465361756,163.95813732680878,327.91627465361756,78.60449632133336,2515.3438822826674,2,RIGHT,False,,
24196,double_dqn,dueling,146,,,5.0,5.0,0.05,0.0005173478275537491,0.22163540124893188,1.1236939430236816,0.08230850100517273,0.22535818815231323,1.0200355052947998,0.0243633221834898,0.08761823177337646,0.041963834315538406,10000,10000,1.0,327.9159546794353,327.9159546794353,5800,True,49,24000,0.0,0.0,2,RIGHT,greedy,3980,7643,5925,6648,5543,18653,0.22908745247148288,1,12098,2,2,327.9159546794353,163.95797733971764,2,2,163.95797733971764,327.9159546794353,163.95797733971764,327.9159546794353,78.60441962062839,2515.3414278601085,2,RIGHT,False,,
24208,double_dqn,dueling,147,5.0,348,0.0,0.0,0.05,,,,,,,,,,10000,10000,1.0,327.89775441469993,327.89775441469993,5803,True,49,24000,0.0,0.0,2,RIGHT,greedy,3980,7646,5933,6649,5546,18662,0.22909781890284203,1,12104,2,2,327.89775441469993,163.94887720734997,2,2,163.94887720734997,327.89775441469993,163.94887720734997,327.89775441469993,78.60172954678221,2515.2553454970307,2,RIGHT,False,,
24395,double_dqn,dueling,148,0.0,125,0.0,0.0,0.05,,,,,,,,,,10000,10000,1.0,327.7515587720627,327.7515587720627,5850,True,49,24000,0.0,0.0,2,RIGHT,greedy,3983,7675,6056,6682,5559,18837,0.2278652238071815,0,12198,2,2,327.7515587720627,163.87577938603135,2,2,163.87577938603135,327.7515587720627,163.87577938603135,327.7515587720627,78.59266350289256,2514.965232092562,2,RIGHT,False,,
24595,double_dqn,dueling,148,,,1.0,1.0,0.05,0.002075623022392392,0.2592613101005554,1.2461833953857422,0.07923507690429688,0.26089370250701904,1.225745677947998,0.03796260803937912,0.29028648138046265,0.13822892308235168,10000,10000,1.0,327.5353128831519,327.5353128831519,5900,True,50,24500,0.0,0.0,1,FIRE,fire_reset,3997,7703,6130,6766,5565,19031,0.22625630183769718,0,12298,2,2,327.5353128831519,163.76765644157595,2,2,163.76765644157595,327.5353128831519,163.76765644157595,327.5353128831519,78.56799260085364,2514.1757632273166,2,RIGHT,True,after_life_loss,
24596,double_dqn,dueling,148,,,4.0,4.0,0.05,0.002075623022392392,0.2592613101005554,1.2461833953857422,0.07923507690429688,0.26089370250701904,1.225745677947998,0.03796260803937912,0.29028648138046265,0.13822892308235168,10000,10000,1.0,327.53498008886214,327.53498008886214,5900,True,50,24500,0.0,0.0,3,LEFT,greedy,3997,7703,6130,6766,5565,19031,0.22625630183769718,1,12298,2,2,327.53498008886214,163.76749004443107,2,2,163.76749004443107,327.53498008886214,163.76749004443107,327.53498008886214,78.56791277135659,2514.173208683411,3,LEFT,False,,
24743,double_dqn,dueling,149,1.0,174,0.0,0.0,0.05,,,,,,,,,,10000,10000,1.0,327.5426205436684,327.5426205436684,5937,True,50,24500,0.0,0.0,2,RIGHT,greedy,3998,7717,6192,6837,5573,19171,0.22522631749110897,0,12372,2,2,327.5426205436684,163.7713102718342,2,2,163.7713102718342,327.5426205436684,163.7713102718342,327.5426205436684,78.58957881376331,2514.866522040426,2,RIGHT,False,,
24822,double_dqn,dueling,150,5.0,307,0.0,0.0,0.05,,,,,,,,,,10000,10000,1.0,327.59159403244456,327.59159403244456,5956,False,50,24500,0.0,0.0,2,RIGHT,greedy,3999,7730,6209,6884,5579,19243,0.22476029328821207,1,12411,2,2,327.59159403244456,163.79579701622228,2,2,163.79579701622228,327.59159403244456,163.79579701622228,327.59159403244456,78.60508960024333,2515.3628672077866,2,RIGHT,False,,
24995,double_dqn,dueling,150,,,2.0,2.0,0.05,0.006283271592110395,0.320751428604126,1.2865325212478638,0.08091670274734497,0.32931673526763916,1.5351476669311523,0.052125003188848495,0.5245352983474731,0.2663503885269165,10000,10000,1.0,327.4232905430228,327.4232905430228,6000,True,50,24500,0.0,0.0,0,NOOP,greedy,4011,7753,6225,7007,5593,19403,0.2237558009281485,0,12498,2,2,327.4232905430228,163.7116452715114,2,2,163.7116452715114,327.4232905430228,163.7116452715114,327.4232905430228,78.59416479669294,2515.013273494174,0,NOOP,False,,
24996,double_dqn,dueling,150,,,0.0,0.0,0.05,0.006283271592110395,0.320751428604126,1.2865325212478638,0.08091670274734497,0.32931673526763916,1.5351476669311523,0.052125003188848495,0.5245352983474731,0.2663503885269165,10000,10000,1.0,327.42292212432704,327.42292212432704,6000,True,50,24500,0.0,0.0,0,NOOP,greedy,4011,7753,6225,7007,5593,19403,0.2237558009281485,1,12498,2,2,327.42292212432704,163.71146106216352,2,2,163.71146106216352,327.42292212432704,163.71146106216352,327.42292212432704,78.59407636205643,2515.0104435858057,0,NOOP,False,,
25128,double_dqn,dueling,151,1.0,153,0.0,0.0,0.05,,,,,,,,,,10000,10000,1.0,327.3947118640034,327.3947118640034,6033,True,51,25000,0.0,0.0,2,RIGHT,random,4044,7796,6236,7052,5601,19527,0.22289875835721107,1,12564,2,2,327.3947118640034,163.6973559320017,2,2,163.6973559320017,327.3947118640034,163.6973559320017,327.3947118640034,78.60443714881936,2515.3419887622194,2,RIGHT,False,,
25169,double_dqn,dueling,152,3.0,213,0.0,0.0,0.05,,,,,,,,,,10000,10000,1.0,327.40979252727533,327.40979252727533,6043,False,51,25000,0.0,0.0,1,FIRE,greedy,4048,7824,6238,7060,5604,19566,0.22264600715137067,0,12585,2,2,327.40979252727533,163.70489626363766,2,2,163.70489626363766,327.40979252727533,163.70489626363766,327.40979252727533,78.60696766954013,2515.422965425284,1,FIRE,False,,
25395,double_dqn,dueling,152,,,1.0,1.0,0.05,0.0008461211109533906,0.35407769680023193,1.3003779649734497,0.11953514814376831,0.37638330459594727,1.285252332687378,0.026448719203472137,0.12877577543258667,0.09670946002006531,10000,10000,1.0,327.56850091124363,327.56850091124363,6100,True,51,25000,0.0,0.0,0,NOOP,greedy,4064,7890,6310,7132,5617,19779,0.22117656323830526,0,12698,2,2,327.56850091124363,163.78425045562182,2,2,163.78425045562182,327.56850091124363,163.78425045562182,327.56850091124363,78.68041642615317,2517.7733256369015,0,NOOP,False,,
25396,double_dqn,dueling,152,,,1.0,1.0,0.05,0.0008461211109533906,0.35407769680023193,1.3003779649734497,0.11953514814376831,0.37638330459594727,1.285252332687378,0.026448719203472137,0.12877577543258667,0.09670946002006531,10000,10000,1.0,327.56796347781165,327.56796347781165,6100,True,51,25000,0.0,0.0,2,RIGHT,greedy,4064,7890,6310,7132,5617,19779,0.22117656323830526,1,12698,2,2,327.56796347781165,163.78398173890582,2,2,163.78398173890582,327.56796347781165,163.78398173890582,327.56796347781165,78.68028733716534,2517.769194789291,2,RIGHT,False,,
25535,double_dqn,dueling,153,2.0,183,0.0,0.0,0.05,,,,,,,,,,10000,10000,1.0,327.32660094049123,327.32660094049123,6135,True,52,25500,0.0,0.0,1,FIRE,greedy,4083,7935,6370,7148,5620,19916,0.2200814536340852,0,12768,2,2,327.32660094049123,163.66330047024562,2,2,163.66330047024562,327.32660094049123,163.66330047024562,327.32660094049123,78.63990823817018,2516.4770636214457,1,FIRE,False,,
25718,double_dqn,dueling,154,4.0,295,0.0,0.0,0.05,,,,,,,,,,10000,10000,1.0,327.4672407624558,327.4672407624558,6180,False,52,25500,0.0,0.0,1,FIRE,greedy,4092,8002,6430,7194,5625,20093,0.21871840734116182,1,12859,2,2,327.4672407624558,163.7336203812279,2,2,163.7336203812279,327.4672407624558,163.7336203812279,327.4672407624558,78.6899272070914,2518.077670626925,1,FIRE,False,,
25795,double_dqn,dueling,154,,,1.0,1.0,0.05,0.0014644423499703407,0.3923877775669098,1.3745461702346802,0.10855807363986969,0.40180712938308716,1.4181184768676758,0.0399417020380497,0.13489890098571777,0.09805978089570999,10000,10000,1.0,327.41226894219744,327.41226894219744,6200,True,52,25500,0.0,0.0,1,FIRE,fire_reset,4114,8010,6441,7231,5629,20167,0.21821212591099395,0,12898,2,2,327.41226894219744,163.70613447109872,2,2,163.70613447109872,327.41226894219744,163.70613447109872,327.41226894219744,78.69266814396124,2518.1653806067598,2,RIGHT,True,after_life_loss,
25796,double_dqn,dueling,154,,,0.0,0.0,0.05,0.0014644423499703407,0.3923877775669098,1.3745461702346802,0.10855807363986969,0.40180712938308716,1.4181184768676758,0.0399417020380497,0.13489890098571777,0.09805978089570999,10000,10000,1.0,327.411933998607,327.411933998607,6200,True,52,25500,0.0,0.0,2,RIGHT,greedy,4114,8010,6441,7231,5629,20167,0.21821212591099395,1,12898,2,2,327.411933998607,163.7059669993035,2,2,163.7059669993035,327.411933998607,163.7059669993035,327.411933998607,78.69258764116,2518.16280451712,2,RIGHT,False,,
25841,double_dqn,dueling,155,1.0,153,0.0,0.0,0.05,,,,,,,,,,10000,10000,1.0,327.37930310080867,327.37930310080867,6211,False,52,25500,0.0,0.0,3,LEFT,greedy,4122,8013,6453,7254,5631,20211,0.2179010912468075,0,12921,2,2,327.37930310080867,163.68965155040434,2,2,163.68965155040434,327.37930310080867,163.68965155040434,327.37930310080867,78.68403573868596,2517.889143637951,3,LEFT,False,,
26024,double_dqn,dueling,156,1.0,153,0.0,0.0,0.05,,,,,,,,,,10000,10000,1.0,327.41278199449977,327.41278199449977,6257,True,53,26000,0.0,0.0,3,LEFT,greedy,4130,8031,6463,7400,5643,20381,0.21683830310482632,1,13012,2,2,327.41278199449977,163.70639099724988,2,2,163.70639099724988,327.41278199449977,163.70639099724988,327.41278199449977,78.72048020825335,2519.055366664107,3,LEFT,False,,
26147,double_dqn,dueling,157,1.0,153,0.0,0.0,0.05,,,,,,,,,,10000,10000,1.0,327.3388482448715,327.3388482448715,6288,True,53,26000,0.0,0.0,0,NOOP,greedy,4201,8045,6467,7435,5649,20499,0.21603946764570905,0,13074,2,2,327.3388482448715,163.66942412243574,2,2,163.66942412243574,327.3388482448715,163.66942412243574,327.3388482448715,78.71755689780296,2518.961820729695,0,NOOP,False,,
26195,double_dqn,dueling,157,,,0.0,0.0,0.05,0.0020764130167663097,0.18243063986301422,0.4448384642601013,0.08683611452579498,0.20234784483909607,0.6408481597900391,0.0369674488902092,0.2906095087528229,0.19644059240818024,10000,10000,1.0,327.1694076557693,327.1694076557693,6300,True,53,26000,0.0,0.0,1,FIRE,greedy,4224,8069,6467,7436,5650,20546,0.21568178347839365,0,13098,2,2,327.1694076557693,163.58470382788465,2,2,163.58470382788465,327.1694076557693,163.58470382788465,327.1694076557693,78.68251901936733,2517.8406086197547,1,FIRE,False,,
26196,double_dqn,dueling,157,,,0.0,0.0,0.05,0.0020764130167663097,0.18243063986301422,0.4448384642601013,0.08683611452579498,0.20234784483909607,0.6408481597900391,0.0369674488902092,0.2906095087528229,0.19644059240818024,10000,10000,1.0,327.1691150909524,327.1691150909524,6300,True,53,26000,0.0,0.0,0,NOOP,greedy,4224,8069,6467,7436,5650,20546,0.21568178347839365,1,13098,2,2,327.1691150909524,163.5845575454762,2,2,163.5845575454762,327.1691150909524,163.5845575454762,327.1691150909524,78.68244865907009,2517.838357090243,0,NOOP,False,,
26274,double_dqn,dueling,158,0.0,125,0.0,0.0,0.05,,,,,,,,,,10000,10000,1.0,327.21951268007354,327.21951268007354,6319,False,53,26000,0.0,0.0,0,NOOP,greedy,4287,8080,6469,7438,5654,20620,0.21519372763949152,1,13137,2,2,327.21951268007354,163.60975634003677,2,2,163.60975634003677,327.21951268007354,163.60975634003677,327.21951268007354,78.69757557377577,2518.3224183608245,0,NOOP,False,,
26513,double_dqn,dueling,159,2.0,183,0.0,0.0,0.05,,,,,,,,,,10000,10000,1.0,327.1923295963603,327.1923295963603,6379,False,54,26500,0.0,0.0,1,FIRE,greedy,4334,8128,6581,7471,5663,20851,0.21358527570340197,0,13257,2,2,327.1923295963603,163.59616479818015,2,2,163.59616479818015,327.1923295963603,163.59616479818015,327.1923295963603,78.71916234801171,2519.0131951363746,1,FIRE,False,,
26595,double_dqn,dueling,159,,,0.0,0.0,0.05,0.0013688221806660295,0.2799113988876343,0.9814009666442871,0.08168887346982956,0.2690112888813019,0.9637144207954407,0.0381658710539341,0.1610223650932312,0.10867786407470703,10000,10000,1.0,327.23529371011165,327.23529371011165,6400,True,54,26500,0.0,0.0,3,LEFT,greedy,4335,8152,6616,7493,5668,20928,0.21311475409836064,0,13298,2,2,327.23529371011165,163.61764685505582,2,2,163.61764685505582,327.23529371011165,163.61764685505582,327.23529371011165,78.74514512500808,2519.8446440002585,3,LEFT,False,,
26596,double_dqn,dueling,159,,,2.0,2.0,0.05,0.0013688221806660295,0.2799113988876343,0.9814009666442871,0.08168887346982956,0.2690112888813019,0.9637144207954407,0.0381658710539341,0.1610223650932312,0.10867786407470703,10000,10000,1.0,327.23499496002364,327.23499496002364,6400,True,54,26500,0.0,0.0,0,NOOP,random,4335,8152,6616,7493,5668,20928,0.21311475409836064,1,13298,2,2,327.23499496002364,163.61749748001182,2,2,163.61749748001182,327.23499496002364,163.61749748001182,327.23499496002364,78.74507323447703,2519.842343503265,0,NOOP,False,,
26868,double_dqn,dueling,160,4.0,297,0.0,0.0,0.05,,,,,,,,,,10000,10000,1.0,326.9846232701273,326.9846232701273,6468,True,54,26500,0.0,0.0,2,RIGHT,greedy,4355,8172,6743,7598,5678,21190,0.21132946255768945,1,13434,2,2,326.9846232701273,163.49231163506366,2,2,163.49231163506366,326.9846232701273,163.49231163506366,326.9846232701273,78.71581596364386,2518.9061108366036,2,RIGHT,False,,
26877,double_dqn,dueling,161,2.0,182,0.0,0.0,0.05,,,,,,,,,,10000,10000,1.0,326.9607760068161,326.9607760068161,6470,False,54,26500,0.0,0.0,3,LEFT,greedy,4355,8176,6743,7604,5679,21199,0.2112880422650495,0,13439,2,2,326.9607760068161,163.48038800340805,2,2,163.48038800340805,326.9607760068161,163.48038800340805,326.9607760068161,78.70512020106035,2518.5638464339313,3,LEFT,False,,
26995,double_dqn,dueling,161,,,1.0,1.0,0.05,0.0012378310784697533,0.3268393278121948,1.3012666702270508,0.13433566689491272,0.3221539258956909,1.300070881843567,0.0317816436290741,0.20532697439193726,0.06018698215484619,10000,10000,1.0,326.9228243349019,326.9228243349019,6500,True,54,26500,0.0,0.0,0,NOOP,greedy,4410,8191,6747,7648,5682,21314,0.21047562601866943,0,13498,2,2,326.9228243349019,163.46141216745096,2,2,163.46141216745096,326.9228243349019,163.46141216745096,326.9228243349019,78.71530442202038,2518.889741504652,0,NOOP,False,,
26996,double_dqn,dueling,161,,,0.0,0.0,0.05,0.0012378310784697533,0.3268393278121948,1.3012666702270508,0.13433566689491272,0.3221539258956909,1.300070881843567,0.0317816436290741,0.20532697439193726,0.06018698215484619,10000,10000,1.0,326.9224886079551,326.9224886079551,6500,True,54,26500,0.0,0.0,0,NOOP,greedy,4410,8191,6747,7648,5682,21314,0.21047562601866943,1,13498,2,2,326.9224886079551,163.46124430397754,2,2,163.46124430397754,326.9224886079551,163.46124430397754,326.9224886079551,78.71522358689096,2518.8871547805106,0,NOOP,False,,
27118,double_dqn,dueling,162,0.0,125,0.0,0.0,0.05,,,,,,,,,,10000,10000,1.0,326.8759526090489,326.8759526090489,6530,False,55,27000,0.0,0.0,3,LEFT,greedy,4440,8207,6763,7708,5687,21431,0.20971310568626006,1,13559,2,2,326.8759526090489,163.43797630452445,2,2,163.43797630452445,326.8759526090489,163.43797630452445,326.8759526090489,78.71155581300573,2518.7697860161834,3,LEFT,False,,
27305,double_dqn,dueling,163,3.0,214,0.0,0.0,0.05,,,,,,,,,,10000,10000,1.0,326.75568139533505,326.75568139533505,6577,False,55,27000,0.0,0.0,3,LEFT,greedy,4469,8235,6814,7788,5697,21609,0.20863546473302572,0,13653,2,2,326.75568139533505,163.37784069766752,2,2,163.37784069766752,326.75568139533505,163.37784069766752,326.75568139533505,78.7032929223291,2518.505373514531,3,LEFT,False,,
27368,double_dqn,dueling,164,0.0,125,0.0,0.0,0.05,,,,,,,,,,10000,10000,1.0,326.63063044134043,326.63063044134043,6593,True,55,27000,0.0,0.0,3,LEFT,greedy,4493,8241,6818,7816,5699,21669,0.20823589593686057,1,13684,2,2,326.63063044134043,163.31531522067021,2,2,163.31531522067021,326.63063044134043,163.31531522067021,326.63063044134043,78.68590128981867,2517.9488412741975,3,LEFT,False,,
27395,double_dqn,dueling,164,,,0.0,0.0,0.05,0.0014994994271546602,0.32235416769981384,1.0416227579116821,0.07356984913349152,0.3206387162208557,1.1392742395401,0.03936503827571869,0.13501718640327454,0.05843315273523331,10000,10000,1.0,326.5933678099623,326.5933678099623,6600,True,55,27000,0.0,0.0,2,RIGHT,greedy,4497,8245,6825,7829,5700,21696,0.20805957074025405,0,13698,2,2,326.5933678099623,163.29668390498114,2,2,163.29668390498114,326.5933678099623,163.29668390498114,326.5933678099623,78.67996158365277,2517.7587706768886,2,RIGHT,False,,
27396,double_dqn,dueling,164,,,0.0,0.0,0.05,0.0014994994271546602,0.32235416769981384,1.0416227579116821,0.07356984913349152,0.3206387162208557,1.1392742395401,0.03936503827571869,0.13501718640327454,0.05843315273523331,10000,10000,1.0,326.59306763008766,326.59306763008766,6600,True,55,27000,0.0,0.0,3,LEFT,greedy,4497,8245,6825,7829,5700,21696,0.20805957074025405,1,13698,2,2,326.59306763008766,163.29653381504383,2,2,163.29653381504383,326.59306763008766,163.29653381504383,326.59306763008766,78.6798892669944,2517.7564565438206,3,LEFT,False,,
27557,double_dqn,dueling,165,0.0,126,0.0,0.0,0.05,,,,,,,,,,10000,10000,1.0,326.67439579561994,326.67439579561994,6640,False,56,27500,0.0,0.0,0,NOOP,greedy,4558,8256,6899,7845,5709,21849,0.2071630742434139,0,13779,2,2,326.67439579561994,163.33719789780997,2,2,163.33719789780997,326.67439579561994,163.33719789780997,326.67439579561994,78.7110090747847,2518.7522903931103,0,NOOP,False,,
27795,double_dqn,dueling,165,,,1.0,1.0,0.05,0.0003971278201788664,0.3935309648513794,1.3269965648651123,0.06577158719301224,0.38725191354751587,1.2491141557693481,0.02088722586631775,0.09311151504516602,0.11948152631521225,10000,10000,1.0,326.7096278698026,326.7096278698026,6700,True,56,27500,0.0,0.0,3,LEFT,greedy,4599,8338,6988,7871,5720,22076,0.20578500503669592,0,13898,2,2,326.7096278698026,163.3548139349013,2,2,163.3548139349013,326.7096278698026,163.3548139349013,326.7096278698026,78.7507017818275,2520.02245701848,3,LEFT,False,,
27796,double_dqn,dueling,165,,,3.0,3.0,0.05,0.0003971278201788664,0.3935309648513794,1.3269965648651123,0.06577158719301224,0.38725191354751587,1.2491141557693481,0.02088722586631775,0.09311151504516602,0.11948152631521225,10000,10000,1.0,326.7093321834621,326.7093321834621,6700,True,56,27500,0.0,0.0,2,RIGHT,greedy,4599,8338,6988,7871,5720,22076,0.20578500503669592,1,13898,2,2,326.7093321834621,163.35466609173105,2,2,163.35466609173105,326.7093321834621,163.35466609173105,326.7093321834621,78.75063050903712,2520.020176289188,2,RIGHT,False,,
28112,double_dqn,dueling,166,8.0,372,0.0,0.0,0.05,,,,,,,,,,10000,10000,1.0,326.99606232882087,326.99606232882087,6779,True,57,28000,0.0,0.0,1,FIRE,greedy,4631,8411,7148,7922,5731,22381,0.20386311895276038,1,14056,2,2,326.99606232882087,163.49803116441043,2,2,163.49803116441043,326.99606232882087,163.49803116441043,326.99606232882087,78.85267168921018,2523.285494054726,1,FIRE,False,,
28149,double_dqn,dueling,167,4.0,296,0.0,0.0,0.05,,,,,,,,,,10000,10000,1.0,326.9839170407935,326.9839170407935,6788,False,57,28000,0.0,0.0,2,RIGHT,greedy,4631,8414,7166,7939,5734,22416,0.20369449378330373,0,14075,2,2,326.9839170407935,163.49195852039674,2,2,163.49195852039674,326.9839170407935,163.49195852039674,326.9839170407935,78.8478447201743,2523.1310310455774,2,RIGHT,False,,
28195,double_dqn,dueling,167,,,0.0,0.0,0.05,0.0016334743704646826,0.36694464087486267,1.2229187488555908,0.08611749112606049,0.3518286943435669,1.0472710132598877,0.03740363568067551,0.24078303575515747,0.15549920499324799,10000,10000,1.0,326.8833514833949,326.8833514833949,6800,True,57,28000,0.0,0.0,3,LEFT,random,4634,8418,7187,7957,5737,22459,0.2034685771031352,0,14098,2,2,326.8833514833949,163.44167574169745,2,2,163.44167574169745,326.8833514833949,163.44167574169745,326.8833514833949,78.8341179630829,2522.691774818653,3,LEFT,False,,
28196,double_dqn,dueling,167,,,0.0,0.0,0.05,0.0016334743704646826,0.36694464087486267,1.2229187488555908,0.08611749112606049,0.3518286943435669,1.0472710132598877,0.03740363568067551,0.24078303575515747,0.15549920499324799,10000,10000,1.0,326.88289748507276,326.88289748507276,6800,True,57,28000,0.0,0.0,2,RIGHT,greedy,4634,8418,7187,7957,5737,22459,0.2034685771031352,1,14098,2,2,326.88289748507276,163.44144874253638,2,2,163.44144874253638,326.88289748507276,163.44144874253638,326.88289748507276,78.83400847277964,2522.6882711289486,2,RIGHT,False,,
28399,double_dqn,dueling,168,0.0,125,0.0,0.0,0.05,,,,,,,,,,10000,10000,1.0,326.85331219935864,326.85331219935864,6851,True,57,28000,0.0,0.0,3,LEFT,greedy,4700,8443,7250,8007,5751,22649,0.2025,0,14200,2,2,326.85331219935864,163.42665609967932,2,2,163.42665609967932,326.85331219935864,163.42665609967932,326.85331219935864,78.84760710837345,2523.1234274679505,3,LEFT,False,,
28418,double_dqn,dueling,169,1.0,153,0.0,0.0,0.05,,,,,,,,,,10000,10000,1.0,326.83888287183834,326.83888287183834,6855,False,57,28000,0.0,0.0,2,RIGHT,greedy,4705,8445,7259,8009,5753,22665,0.20244211415300162,1,14209,2,2,326.83888287183834,163.41944143591917,2,2,163.41944143591917,326.83888287183834,163.41944143591917,326.83888287183834,78.84019079760897,2522.886105523487,2,RIGHT,False,,
28595,double_dqn,dueling,169,,,0.0,0.0,0.05,0.0029291831888258457,0.3502574563026428,1.272752285003662,0.15513597428798676,0.34131792187690735,1.289098858833313,0.053467147052288055,0.22109293937683105,0.1541862040758133,10000,10000,1.0,326.9356932785631,326.9356932785631,6900,True,58,28500,0.0,0.0,3,LEFT,greedy,4760,8461,7294,8081,5763,22833,0.20153168275283256,0,14298,2,2,326.9356932785631,163.46784663928156,2,2,163.46784663928156,326.9356932785631,163.46784663928156,326.9356932785631,78.8871269975551,2524.388063921763,3,LEFT,False,,
28596,double_dqn,dueling,169,,,0.0,0.0,0.05,0.0029291831888258457,0.3502574563026428,1.272752285003662,0.15513597428798676,0.34131792187690735,1.289098858833313,0.053467147052288055,0.22109293937683105,0.1541862040758133,10000,10000,1.0,326.9354237814646,326.9354237814646,6900,True,58,28500,0.0,0.0,3,LEFT,greedy,4760,8461,7294,8081,5763,22833,0.20153168275283256,1,14298,2,2,326.9354237814646,163.4677118907323,2,2,163.4677118907323,326.9354237814646,163.4677118907323,326.9354237814646,78.88706196992956,2524.385983037746,3,LEFT,False,,
28649,double_dqn,dueling,170,0.0,125,0.0,0.0,0.05,,,,,,,,,,10000,10000,1.0,326.9480937408648,326.9480937408648,6913,False,58,28500,0.0,0.0,3,LEFT,greedy,4761,8467,7305,8117,5763,22887,0.20115183246073298,0,14325,2,2,326.9480937408648,163.4740468704324,2,2,163.4740468704324,326.9480937408648,163.4740468704324,326.9480937408648,78.88977912846765,2524.472932110965,3,LEFT,False,,
28668,double_dqn,dueling,171,0.0,125,0.0,0.0,0.05,,,,,,,,,,10000,10000,1.0,326.9098408039193,326.9098408039193,6918,True,58,28500,0.0,0.0,3,LEFT,greedy,4761,8469,7309,8129,5764,22904,0.2010604157946142,1,14334,2,2,326.9098408039193,163.45492040195964,2,2,163.45492040195964,326.9098408039193,163.45492040195964,326.9098408039193,78.88803818478839,2524.4172219132283,3,LEFT,False,,
28974,double_dqn,dueling,172,1.0,153,0.0,0.0,0.05,,,,,,,,,,10000,10000,1.0,327.1311728798002,327.1311728798002,6994,False,58,28500,0.0,0.0,2,RIGHT,greedy,4807,8501,7483,8183,5786,23188,0.19969627942293092,1,14487,2,2,327.1311728798002,163.5655864399001,2,2,163.5655864399001,327.1311728798002,163.5655864399001,327.1311728798002,78.965811524861,2526.905968795552,2,RIGHT,False,,
28995,double_dqn,dueling,172,,,3.0,3.0,0.05,0.0004658654797822237,0.3246946334838867,1.4596002101898193,0.12991268932819366,0.30413949489593506,1.3704116344451904,0.024662770330905914,0.06873813271522522,0.12380363047122955,10000,10000,1.0,327.11836825438655,327.11836825438655,7000,True,58,28500,0.0,0.0,0,NOOP,greedy,4817,8507,7485,8187,5787,23209,0.19957925231066354,0,14498,2,2,327.11836825438655,163.55918412719328,2,2,163.55918412719328,327.11836825438655,163.55918412719328,327.11836825438655,78.97049861293647,2527.055955613967,0,NOOP,False,,
28996,double_dqn,dueling,172,,,0.0,0.0,0.05,0.0004658654797822237,0.3246946334838867,1.4596002101898193,0.12991268932819366,0.30413949489593506,1.3704116344451904,0.024662770330905914,0.06873813271522522,0.12380363047122955,10000,10000,1.0,327.11809295145923,327.11809295145923,7000,True,58,28500,0.0,0.0,3,LEFT,greedy,4817,8507,7485,8187,5787,23209,0.19957925231066354,1,14498,2,2,327.11809295145923,163.55904647572962,2,2,163.55904647572962,327.11809295145923,163.55904647572962,327.11809295145923,78.97043215133863,2527.053828842836,3,LEFT,False,,
29336,double_dqn,dueling,173,2.0,181,0.0,0.0,0.05,,,,,,,,,,10000,10000,1.0,325.8185716534948,325.8185716534948,7085,True,59,29000,0.0,0.0,3,LEFT,greedy,4892,8596,7553,8295,5800,23536,0.19770929915462232,1,14668,2,2,325.8185716534948,162.9092858267474,2,2,162.9092858267474,325.8185716534948,162.9092858267474,325.8185716534948,78.68913894753922,2518.052446321255,3,LEFT,False,,
29395,double_dqn,dueling,173,,,8.0,5.0,0.05,0.0022338044364005327,0.37738192081451416,1.368294358253479,0.07650002092123032,0.3718675374984741,1.4189941883087158,0.04935475066304207,0.16903620958328247,0.15444670617580414,10000,10000,1.0,325.8452290669132,325.8452290669132,7100,True,59,29000,0.0,0.0,1,FIRE,greedy,4892,8640,7564,8300,5800,23596,0.19730575588515445,0,14698,2,2,325.8452290669132,162.9226145334566,2,2,162.9226145334566,325.8452290669132,162.9226145334566,325.8452290669132,78.70122215182622,2518.439108858439,1,FIRE,False,,
29396,double_dqn,dueling,173,,,0.0,0.0,0.05,0.0022338044364005327,0.37738192081451416,1.368294358253479,0.07650002092123032,0.3718675374984741,1.4189941883087158,0.04935475066304207,0.16903620958328247,0.15444670617580414,10000,10000,1.0,325.84495311918585,325.84495311918585,7100,True,59,29000,0.0,0.0,3,LEFT,greedy,4892,8640,7564,8300,5800,23596,0.19730575588515445,1,14698,2,2,325.84495311918585,162.92247655959292,2,2,162.92247655959292,325.84495311918585,162.92247655959292,325.84495311918585,78.70115550232072,2518.436976074263,3,LEFT,False,,
29397,double_dqn,dueling,174,8.0,374,0.0,0.0,0.05,,,,,,,,,,10000,10000,1.0,325.82309438324836,325.82309438324836,7100,False,59,29000,0.0,0.0,1,FIRE,greedy,4892,8641,7565,8300,5800,23598,0.1972923328117559,0,14699,2,2,325.82309438324836,162.91154719162418,2,2,162.91154719162418,325.82309438324836,162.91154719162418,325.82309438324836,78.69052214848163,2518.0967087514123,1,FIRE,False,,
29795,double_dqn,dueling,175,2.0,199,0.0,0.0,0.05,0.0018580241594463587,0.4413965344429016,1.2230544090270996,0.11696339398622513,0.4398203492164612,1.244459867477417,0.04001300036907196,0.22870951890945435,0.1773957759141922,10000,10000,1.0,325.44930427669425,325.44930427669425,7200,True,60,29500,0.0,0.0,2,RIGHT,greedy,4933,8784,7731,8348,5822,23974,0.19539535508121897,0,14898,2,2,325.44930427669425,162.72465213834712,2,2,162.72465213834712,325.44930427669425,162.72465213834712,325.44930427669425,78.64260272493618,2516.563287197958,2,RIGHT,False,,
29796,double_dqn,dueling,175,,,3.0,3.0,0.05,0.0018580241594463587,0.4413965344429016,1.2230544090270996,0.11696339398622513,0.4398203492164612,1.244459867477417,0.04001300036907196,0.22870951890945435,0.1773957759141922,10000,10000,1.0,325.44903838144637,325.44903838144637,7200,True,60,29500,0.0,0.0,0,NOOP,greedy,4933,8784,7731,8348,5822,23974,0.19539535508121897,1,14898,2,2,325.44903838144637,162.72451919072319,2,2,162.72451919072319,325.44903838144637,162.72451919072319,325.44903838144637,78.64253847316465,2516.5612311412688,0,NOOP,False,,
29978,double_dqn,dueling,176,7.0,321,0.0,0.0,0.05,,,,,,,,,,10000,10000,1.0,325.5552485231122,325.5552485231122,7245,False,60,29500,0.0,0.0,2,RIGHT,greedy,4966,8828,7805,8379,5831,24147,0.194509306825005,1,14989,2,2,325.5552485231122,162.7776242615561,2,2,162.7776242615561,325.5552485231122,162.7776242615561,325.5552485231122,78.67929066481913,2517.7373012742123,2,RIGHT,False,,
30139,double_dqn,dueling,177,1.0,172,0.0,0.0,0.05,,,,,,,,,,10000,10000,1.0,325.6759265546414,325.6759265546414,7286,True,61,30000,0.0,0.0,3,LEFT,greedy,4970,8843,7896,8431,5840,24300,0.19376244193762443,0,15070,2,2,325.6759265546414,162.8379632773207,2,2,162.8379632773207,325.6759265546414,162.8379632773207,325.6759265546414,78.72842736818572,2519.309675781943,3,LEFT,False,,
30195,double_dqn,dueling,177,,,0.0,0.0,0.05,0.0042133452370762825,0.39658862352371216,1.2337689399719238,0.18519677221775055,0.39418113231658936,1.598789095878601,0.054090652614831924,0.3746769428253174,0.17646877467632294,10000,10000,1.0,325.65689099044374,325.65689099044374,7300,True,61,30000,0.0,0.0,2,RIGHT,greedy,4973,8855,7920,8448,5846,24350,0.19360180156312096,0,15098,2,2,325.65689099044374,162.82844549522187,2,2,162.82844549522187,325.65689099044374,162.82844549522187,325.65689099044374,78.72881521493706,2519.322086877986,2,RIGHT,False,,
30196,double_dqn,dueling,177,,,1.0,1.0,0.05,0.0042133452370762825,0.39658862352371216,1.2337689399719238,0.18519677221775055,0.39418113231658936,1.598789095878601,0.054090652614831924,0.3746769428253174,0.17646877467632294,10000,10000,1.0,325.6566184494195,325.6566184494195,7300,True,61,30000,0.0,0.0,2,RIGHT,greedy,4973,8855,7920,8448,5846,24350,0.19360180156312096,1,15098,2,2,325.6566184494195,162.82830922470976,2,2,162.82830922470976,325.6566184494195,162.82830922470976,325.6566184494195,78.72874932708844,2519.31997846683,2,RIGHT,False,,
30389,double_dqn,dueling,178,0.0,125,0.0,0.0,0.05,,,,,,,,,,10000,10000,1.0,325.7180140116593,325.7180140116593,7348,False,61,30000,0.0,0.0,2,RIGHT,greedy,5017,8878,8017,8478,5855,24535,0.1926620598881211,0,15195,2,2,325.7180140116593,162.85900700582965,2,2,162.85900700582965,325.7180140116593,162.85900700582965,325.7180140116593,78.75537897195369,2520.172127102518,2,RIGHT,False,,
30434,double_dqn,dueling,179,3.0,228,0.0,0.0,0.05,,,,,,,,,,10000,10000,1.0,325.74115966112225,325.74115966112225,7359,False,61,30000,0.0,0.0,2,RIGHT,greedy,5019,8881,8049,8485,5858,24576,0.19248209239666164,1,15217,2,2,325.74115966112225,162.87057983056113,2,2,162.87057983056113,325.74115966112225,162.87057983056113,325.74115966112225,78.76484175416306,2520.474936133218,2,RIGHT,False,,
30595,double_dqn,dueling,179,,,2.0,2.0,0.05,0.0025379175785928965,0.5544323921203613,1.4473397731781006,0.24540968239307404,0.5322279334068298,1.3891030550003052,0.05394408479332924,0.2590373158454895,0.1875002235174179,10000,10000,1.0,325.79291023476685,325.79291023476685,7400,True,62,30500,0.0,0.0,3,LEFT,greedy,5031,8892,8159,8514,5865,24731,0.1916917244084194,0,15298,2,2,325.79291023476685,162.89645511738343,2,2,162.89645511738343,325.79291023476685,162.89645511738343,325.79291023476685,78.79682101376895,2521.4982724406063,3,LEFT,False,,
30596,double_dqn,dueling,179,,,1.0,1.0,0.05,0.0025379175785928965,0.5544323921203613,1.4473397731781006,0.24540968239307404,0.5322279334068298,1.3891030550003052,0.05394408479332924,0.2590373158454895,0.1875002235174179,10000,10000,1.0,325.79265282715414,325.79265282715414,7400,True,62,30500,0.0,0.0,3,LEFT,greedy,5031,8892,8159,8514,5865,24731,0.1916917244084194,1,15298,2,2,325.79265282715414,162.89632641357707,2,2,162.89632641357707,325.79265282715414,162.89632641357707,325.79265282715414,78.79675875673097,2521.496280215391,3,LEFT,False,,
30870,double_dqn,dueling,180,2.0,218,0.0,0.0,0.05,,,,,,,,,,10000,10000,1.0,325.90720699913993,325.90720699913993,7468,False,62,30500,0.0,0.0,0,NOOP,greedy,5070,8933,8297,8570,5874,24996,0.19028182701652088,1,15435,2,2,325.90720699913993,162.95360349956997,2,2,162.95360349956997,325.90720699913993,162.95360349956997,325.90720699913993,78.84272827565847,2522.967304821071,0,NOOP,False,,
30995,double_dqn,dueling,180,,,5.0,5.0,0.05,0.0017437748610973358,0.5056353807449341,1.504569172859192,0.14918269217014313,0.5070432424545288,1.4534804821014404,0.04273372143507004,0.18050885200500488,0.14400027692317963,10000,10000,1.0,325.8538630116722,325.8538630116722,7500,True,62,30500,0.0,0.0,2,RIGHT,greedy,5139,8965,8316,8576,5883,25113,0.18979868370112274,0,15498,2,2,325.8538630116722,162.9269315058361,2,2,162.9269315058361,325.8538630116722,162.9269315058361,325.8538630116722,78.84578566871666,2523.065141398933,2,RIGHT,False,,
30996,double_dqn,dueling,180,,,1.0,1.0,0.05,0.0017437748610973358,0.5056353807449341,1.504569172859192,0.14918269217014313,0.5070432424545288,1.4534804821014404,0.04273372143507004,0.18050885200500488,0.14400027692317963,10000,10000,1.0,325.85360848782756,325.85360848782756,7500,True,62,30500,0.0,0.0,0,NOOP,greedy,5139,8965,8316,8576,5883,25113,0.18979868370112274,1,15498,2,2,325.85360848782756,162.92680424391378,2,2,162.92680424391378,325.85360848782756,162.92680424391378,325.85360848782756,78.84572408242052,2523.0631706374566,0,NOOP,False,,
31191,double_dqn,dueling,181,9.0,401,0.0,0.0,0.05,,,,,,,,,,10000,10000,1.0,325.69148433270294,325.69148433270294,7549,True,63,31000,0.0,0.0,2,RIGHT,greedy,5159,9024,8430,8579,5896,25296,0.1890228263657348,0,15596,2,2,325.69148433270294,162.84574216635147,2,2,162.84574216635147,325.69148433270294,162.84574216635147,325.69148433270294,78.82293585623155,2522.3339473994097,2,RIGHT,False,,
31395,double_dqn,dueling,181,,,0.0,0.0,0.05,0.0018774644704535604,0.4839799106121063,1.542319893836975,0.10125952214002609,0.4780304431915283,1.5942940711975098,0.03844110667705536,0.24789097905158997,0.11157220602035522,10000,10000,1.0,324.31990342949047,324.31990342949047,7600,True,63,31000,0.0,0.0,2,RIGHT,greedy,5193,9062,8525,8616,5906,25490,0.18811313543126512,0,15698,2,2,324.31990342949047,162.15995171474523,2,2,162.15995171474523,324.31990342949047,162.15995171474523,324.31990342949047,78.50781201631187,2512.24998452198,2,RIGHT,False,,
31396,double_dqn,dueling,181,,,5.0,5.0,0.05,0.0018774644704535604,0.4839799106121063,1.542319893836975,0.10125952214002609,0.4780304431915283,1.5942940711975098,0.03844110667705536,0.24789097905158997,0.11157220602035522,10000,10000,1.0,324.3196163167276,324.3196163167276,7600,True,63,31000,0.0,0.0,0,NOOP,greedy,5193,9062,8525,8616,5906,25490,0.18811313543126512,1,15698,2,2,324.3196163167276,162.1598081583638,2,2,162.1598081583638,324.3196163167276,162.1598081583638,324.3196163167276,78.50774251519715,2512.247760486309,0,NOOP,False,,
31533,double_dqn,dueling,182,1.0,171,0.0,0.0,0.05,,,,,,,,,,10000,10000,1.0,323.3046534606322,323.3046534606322,7634,False,64,31500,0.0,0.0,2,RIGHT,greedy,5205,9075,8601,8653,5919,25615,0.18770216274497367,0,15767,2,2,323.3046534606322,161.6523267303161,2,2,161.6523267303161,323.3046534606322,161.6523267303161,323.3046534606322,78.26814627127754,2504.5806806808814,2,RIGHT,False,,
31590,double_dqn,dueling,183,9.0,360,0.0,0.0,0.05,,,,,,,,,,10000,10000,1.0,323.1360895330327,323.1360895330327,7648,False,64,31500,0.0,0.0,2,RIGHT,greedy,5208,9079,8642,8661,5922,25668,0.18746438746438746,1,15795,2,2,323.1360895330327,161.56804476651635,2,2,161.56804476651635,323.1360895330327,161.56804476651635,323.1360895330327,78.23187124876968,2503.4198799606297,2,RIGHT,False,,
31795,double_dqn,dueling,183,,,2.0,2.0,0.05,0.0033450124319642782,0.3829903304576874,1.2710683345794678,0.11684174835681915,0.4329003691673279,1.3553324937820435,0.053598567843437195,0.2670615613460541,0.2669563293457031,10000,10000,1.0,322.6866973169485,322.6866973169485,7700,True,64,31500,0.0,0.0,3,LEFT,greedy,5210,9104,8800,8682,5934,25862,0.18662724871052963,0,15898,2,2,322.6866973169485,161.34334865847424,2,2,161.34334865847424,322.6866973169485,161.34334865847424,322.6866973169485,78.14465874136694,2500.629079723742,3,LEFT,False,,
31796,double_dqn,dueling,183,,,0.0,0.0,0.05,0.0033450124319642782,0.3829903304576874,1.2710683345794678,0.11684174835681915,0.4329003691673279,1.3553324937820435,0.053598567843437195,0.2670615613460541,0.2669563293457031,10000,10000,1.0,322.68610719255327,322.68610719255327,7700,True,64,31500,0.0,0.0,2,RIGHT,greedy,5210,9104,8800,8682,5934,25862,0.18662724871052963,1,15898,2,2,322.68610719255327,161.34305359627663,2,2,161.34305359627663,322.68610719255327,161.34305359627663,322.68610719255327,78.14451583163479,2500.6245066123133,2,RIGHT,False,,
31840,double_dqn,dueling,184,0.0,125,0.0,0.0,0.05,,,,,,,,,,10000,10000,1.0,322.41277356080366,322.41277356080366,7711,True,64,31500,0.0,0.0,2,RIGHT,greedy,5210,9106,8830,8694,5936,25904,0.18643216080402011,1,15920,2,2,322.41277356080366,161.20638678040183,2,2,161.20638678040183,322.41277356080366,161.20638678040183,322.41277356080366,78.08181208942703,2498.617986861665,2,RIGHT,False,,
32027,double_dqn,dueling,185,3.0,247,0.0,0.0,0.05,,,,,,,,,,10000,10000,1.0,322.1366976737649,322.1366976737649,7758,True,65,32000,0.0,0.0,2,RIGHT,greedy,5227,9127,8944,8730,5945,26083,0.1856188335206694,0,16014,2,2,322.1366976737649,161.06834883688245,2,2,161.06834883688245,322.1366976737649,161.06834883688245,322.1366976737649,78.02973962011578,2496.951667843705,2,RIGHT,False,,
32195,double_dqn,dueling,185,,,0.0,0.0,0.05,0.0011625452898442745,0.4308651387691498,1.1056714057922363,0.1891244798898697,0.44290703535079956,1.2253910303115845,0.03635161370038986,0.1382836103439331,0.07747776806354523,10000,10000,1.0,322.19922196765805,322.19922196765805,7800,True,65,32000,0.0,0.0,2,RIGHT,greedy,5257,9141,9031,8767,5964,26232,0.18524040253447632,0,16098,2,2,322.19922196765805,161.09961098382902,2,2,161.09961098382902,322.19922196765805,161.09961098382902,322.19922196765805,78.05795537792686,2497.8545720936595,2,RIGHT,False,,
32196,double_dqn,dueling,185,,,2.0,2.0,0.05,0.0011625452898442745,0.4308651387691498,1.1056714057922363,0.1891244798898697,0.44290703535079956,1.2253910303115845,0.03635161370038986,0.1382836103439331,0.07747776806354523,10000,10000,1.0,322.1989833629394,322.1989833629394,7800,True,65,32000,0.0,0.0,0,NOOP,random,5257,9141,9031,8767,5964,26232,0.18524040253447632,1,16098,2,2,322.1989833629394,161.0994916814697,2,2,161.0994916814697,322.1989833629394,161.0994916814697,322.1989833629394,78.05789757208743,2497.8527223067977,0,NOOP,False,,
32204,double_dqn,dueling,186,2.0,182,0.0,0.0,0.05,,,,,,,,,,10000,10000,1.0,322.1607754974829,322.1607754974829,7802,True,65,32000,0.0,0.0,2,RIGHT,greedy,5257,9145,9035,8767,5964,26240,0.18519438579058503,1,16102,2,2,322.1607754974829,161.08038774874146,2,2,161.08038774874146,322.1607754974829,161.08038774874146,322.1607754974829,78.04926004320463,2497.576321382548,2,RIGHT,False,,
32277,double_dqn,dueling,187,0.0,125,0.0,0.0,0.05,,,,,,,,,,10000,10000,1.0,322.19366487998127,322.19366487998127,7820,False,65,32000,0.0,0.0,0,NOOP,greedy,5291,9161,9056,8770,5966,26312,0.18483177396369044,0,16139,2,2,322.19366487998127,161.09683243999064,2,2,161.09683243999064,322.19366487998127,161.09683243999064,322.19366487998127,78.05794842807651,2497.8543496984485,0,NOOP,False,,
32454,double_dqn,dueling,188,0.0,125,0.0,0.0,0.05,,,,,,,,,,10000,10000,1.0,322.31164045722915,322.31164045722915,7864,False,65,32000,0.0,0.0,2,RIGHT,greedy,5340,9194,9144,8776,5973,26481,0.18404511000184878,1,16227,2,2,322.31164045722915,161.15582022861457,2,2,161.15582022861457,322.31164045722915,161.15582022861457,322.31164045722915,78.1000413063305,2499.201321802576,2,RIGHT,False,,
32595,double_dqn,dueling,188,,,1.0,1.0,0.05,0.0017847651615738869,0.48271748423576355,1.4824271202087402,0.13203319907188416,0.5105632543563843,1.4818124771118164,0.040268223732709885,0.18632274866104126,0.20405267179012299,10000,10000,1.0,322.2790231031747,322.2790231031747,7900,True,66,32500,0.0,0.0,2,RIGHT,random,5349,9209,9209,8829,5979,26617,0.18342741440667568,0,16298,2,2,322.2790231031747,161.13951155158736,2,2,161.13951155158736,322.2790231031747,161.13951155158736,322.2790231031747,78.10787466299792,2499.4519892159333,2,RIGHT,False,,
32596,double_dqn,dueling,188,,,1.0,1.0,0.05,0.0017847651615738869,0.48271748423576355,1.4824271202087402,0.13203319907188416,0.5105632543563843,1.4818124771118164,0.040268223732709885,0.18632274866104126,0.20405267179012299,10000,10000,1.0,322.2787933642818,322.2787933642818,7900,True,66,32500,0.0,0.0,3,LEFT,greedy,5349,9209,9209,8829,5979,26617,0.18342741440667568,1,16298,2,2,322.2787933642818,161.1393966821409,2,2,161.1393966821409,322.2787933642818,161.1393966821409,322.2787933642818,78.10781898324416,2499.450207463813,3,LEFT,False,,
32721,double_dqn,dueling,189,2.0,222,0.0,0.0,0.05,,,,,,,,,,10000,10000,1.0,322.1439694200432,322.1439694200432,7931,False,66,32500,0.0,0.0,2,RIGHT,greedy,5353,9240,9244,8885,5982,26740,0.1828127865044924,0,16361,2,2,322.1439694200432,161.0719847100216,2,2,161.0719847100216,322.1439694200432,161.0719847100216,322.1439694200432,78.07969627377186,2498.5502807606995,2,RIGHT,False,,
32802,double_dqn,dueling,190,1.0,174,0.0,0.0,0.05,,,,,,,,,,10000,10000,1.0,322.16177200080443,322.16177200080443,7951,False,66,32500,0.0,0.0,3,LEFT,greedy,5356,9249,9271,8926,5988,26814,0.1825498445216755,1,16401,2,2,322.16177200080443,161.08088600040222,2,2,161.08088600040222,322.16177200080443,161.08088600040222,322.16177200080443,78.09000210896885,2498.880067487003,3,LEFT,False,,
32969,double_dqn,dueling,191,0.0,124,0.0,0.0,0.05,,,,,,,,,,10000,10000,1.0,322.24985028434685,322.24985028434685,7993,False,66,32500,0.0,0.0,0,NOOP,greedy,5389,9306,9301,8974,5994,26976,0.18180163785259326,0,16485,2,2,322.24985028434685,161.12492514217342,2,2,161.12492514217342,322.24985028434685,161.12492514217342,322.24985028434685,78.12384147172534,2499.962927095211,0,NOOP,False,,
32995,double_dqn,dueling,191,,,0.0,0.0,0.05,0.0014548309845849872,0.4468511641025543,1.262351632118225,0.16965270042419434,0.43173956871032715,1.1906126737594604,0.040232397615909576,0.14337697625160217,0.24920450150966644,10000,10000,1.0,322.2307486671914,322.2307486671914,8000,True,66,32500,0.0,0.0,1,FIRE,greedy,5404,9311,9301,8980,5996,27000,0.18171899624196872,0,16498,2,2,322.2307486671914,161.1153743335957,2,2,161.1153743335957,322.2307486671914,161.1153743335957,322.2307486671914,78.12601495143444,2500.032478445902,1,FIRE,False,,
32996,double_dqn,dueling,191,,,2.0,2.0,0.05,0.0014548309845849872,0.4468511641025543,1.262351632118225,0.16965270042419434,0.43173956871032715,1.1906126737594604,0.040232397615909576,0.14337697625160217,0.24920450150966644,10000,10000,1.0,322.2305129701681,322.2305129701681,8000,True,66,32500,0.0,0.0,0,NOOP,greedy,5404,9311,9301,8980,5996,27000,0.18171899624196872,1,16498,2,2,322.2305129701681,161.11525648508405,2,2,161.11525648508405,322.2305129701681,161.11525648508405,322.2305129701681,78.1259578058354,2500.0306497867327,0,NOOP,False,,
33294,double_dqn,dueling,192,7.0,246,0.0,0.0,0.05,,,,,,,,,,10000,10000,1.0,322.47122170225657,322.47122170225657,8074,False,67,33000,0.0,0.0,0,NOOP,greedy,5525,9366,9325,9078,6015,27279,0.18066318255541539,1,16647,2,2,322.47122170225657,161.23561085112829,2,2,161.23561085112829,322.47122170225657,161.23561085112829,322.47122170225657,78.201256803749,2502.440217719968,0,NOOP,False,,
33317,double_dqn,dueling,193,1.0,174,0.0,0.0,0.05,,,,,,,,,,10000,10000,1.0,322.46456724562955,322.46456724562955,8080,False,67,33000,0.0,0.0,3,LEFT,greedy,5529,9370,9325,9094,6017,27301,0.1805930728134942,0,16659,2,2,322.46456724562955,161.23228362281478,2,2,161.23228362281478,322.46456724562955,161.23228362281478,322.46456724562955,78.20138373685957,2502.444279579506,3,LEFT,False,,
33395,double_dqn,dueling,193,,,0.0,0.0,0.05,0.012864610180258751,0.44550323486328125,1.380336046218872,0.05967801809310913,0.4878727197647095,1.478783369064331,0.07034418731927872,0.8401305675506592,0.23087799549102783,10000,10000,1.0,322.48289566023715,322.48289566023715,8100,True,67,33000,0.0,0.0,2,RIGHT,greedy,5547,9394,9344,9111,6021,27375,0.1802910528206971,0,16698,2,2,322.48289566023715,161.24144783011857,2,2,161.24144783011857,322.48289566023715,161.24144783011857,322.48289566023715,78.21629700706434,2502.921504226059,2,RIGHT,False,,
33396,double_dqn,dueling,193,,,0.0,0.0,0.05,0.012864610180258751,0.44550323486328125,1.380336046218872,0.05967801809310913,0.4878727197647095,1.478783369064331,0.07034418731927872,0.8401305675506592,0.23087799549102783,10000,10000,1.0,322.4826387551154,322.4826387551154,8100,True,67,33000,0.0,0.0,2,RIGHT,greedy,5547,9394,9344,9111,6021,27375,0.1802910528206971,1,16698,2,2,322.4826387551154,161.2413193775577,2,2,161.2413193775577,322.4826387551154,161.2413193775577,322.4826387551154,78.21623469626407,2502.91951028045,2,RIGHT,False,,
33600,double_dqn,dueling,194,1.0,153,0.0,0.0,0.05,,,,,,,,,,10000,10000,1.0,322.57728652925437,322.57728652925437,8151,True,68,33500,0.0,0.0,0,NOOP,greedy,5609,9408,9418,9165,6031,27569,0.1794940476190476,1,16800,2,2,322.57728652925437,161.28864326462718,2,2,161.28864326462718,322.57728652925437,161.28864326462718,322.57728652925437,78.25379352678429,2504.1213928570974,0,NOOP,False,,
33719,double_dqn,dueling,195,2.0,201,0.0,0.0,0.05,,,,,,,,,,10000,10000,1.0,322.44634433992206,322.44634433992206,8181,True,68,33500,0.0,0.0,3,LEFT,greedy,5658,9417,9421,9224,6035,27685,0.17897390272835112,0,16860,2,2,322.44634433992206,161.22317216996103,2,2,161.22317216996103,322.44634433992206,161.22317216996103,322.44634433992206,78.23053211876935,2503.377027800619,3,LEFT,False,,
33795,double_dqn,dueling,195,,,0.0,0.0,0.05,0.004204904194921255,0.37186673283576965,1.0601625442504883,0.10250100493431091,0.3935345411300659,1.128067970275879,0.05242135375738144,0.41931188106536865,0.23904263973236084,10000,10000,1.0,322.3496191552806,322.3496191552806,8200,True,68,33500,0.0,0.0,3,LEFT,greedy,5676,9426,9428,9266,6040,27756,0.17871937507397326,0,16898,2,2,322.3496191552806,161.1748095776403,2,2,161.1748095776403,322.3496191552806,161.1748095776403,322.3496191552806,78.21241795103862,2502.7973744332357,3,LEFT,False,,
33796,double_dqn,dueling,195,,,2.0,2.0,0.05,0.004204904194921255,0.37186673283576965,1.0601625442504883,0.10250100493431091,0.3935345411300659,1.128067970275879,0.05242135375738144,0.41931188106536865,0.23904263973236084,10000,10000,1.0,322.34937841401603,322.34937841401603,8200,True,68,33500,0.0,0.0,0,NOOP,greedy,5676,9426,9428,9266,6040,27756,0.17871937507397326,1,16898,2,2,322.34937841401603,161.17468920700802,2,2,161.17468920700802,322.34937841401603,161.17468920700802,322.34937841401603,78.2123595394405,2502.795505262096,0,NOOP,False,,
34027,double_dqn,dueling,196,1.0,154,0.0,0.0,0.05,,,,,,,,,,10000,10000,1.0,322.25158054365363,322.25158054365363,8258,True,69,34000,0.0,0.0,0,NOOP,greedy,5775,9449,9452,9352,6048,27980,0.17773598213236158,0,17014,2,2,322.25158054365363,161.12579027182682,2,2,161.12579027182682,322.25158054365363,161.12579027182682,322.25158054365363,78.20481815356446,2502.5541809140627,0,NOOP,False,,
34092,double_dqn,dueling,197,7.0,246,0.0,0.0,0.05,,,,,,,,,,10000,10000,1.0,322.2533393282753,322.2533393282753,8274,True,69,34000,0.0,0.0,3,LEFT,random,5803,9458,9476,9355,6051,28041,0.1774903203097501,1,17046,2,2,322.2533393282753,161.12666966413764,2,2,161.12666966413764,322.2533393282753,161.12666966413764,322.2533393282753,78.20967175883344,2502.70949628267,3,LEFT,False,,
34195,double_dqn,dueling,197,,,2.0,2.0,0.05,0.0017188367201015353,0.4935183525085449,1.2896887063980103,0.13844716548919678,0.4956623315811157,1.3580129146575928,0.0481269508600235,0.1310606598854065,0.1609259843826294,10000,10000,1.0,321.916344009211,321.916344009211,8300,True,69,34000,0.0,0.0,2,RIGHT,greedy,5811,9476,9542,9367,6056,28140,0.17709673646040472,0,17098,2,2,321.916344009211,160.9581720046055,2,2,160.9581720046055,321.916344009211,160.9581720046055,321.916344009211,78.13503495369199,2500.3211185181435,2,RIGHT,False,,
34196,double_dqn,dueling,197,,,1.0,1.0,0.05,0.0017188367201015353,0.4935183525085449,1.2896887063980103,0.13844716548919678,0.4956623315811157,1.3580129146575928,0.0481269508600235,0.1310606598854065,0.1609259843826294,10000,10000,1.0,321.9159433806498,321.9159433806498,8300,True,69,34000,0.0,0.0,0,NOOP,greedy,5811,9476,9542,9367,6056,28140,0.17709673646040472,1,17098,2,2,321.9159433806498,160.9579716903249,2,2,160.9579716903249,321.9159433806498,160.9579716903249,321.9159433806498,78.13493771374996,2500.318006839999,0,NOOP,False,,
34595,double_dqn,dueling,197,,,4.0,4.0,0.05,0.0022001173347234726,0.46420884132385254,1.5299667119979858,0.06363668292760849,0.4650144577026367,1.304080605506897,0.04681864008307457,0.22588610649108887,0.15679751336574554,10000,10000,1.0,321.03544528363864,321.03544528363864,8400,True,70,34500,0.0,0.0,2,RIGHT,greedy,5836,9532,9773,9455,6083,28513,0.17582957567348825,0,17298,2,2,321.03544528363864,160.51772264181932,2,2,160.51772264181932,321.03544528363864,160.51772264181932,321.03544528363864,77.94825241017935,2494.344077125739,2,RIGHT,False,,
34596,double_dqn,dueling,197,,,4.0,4.0,0.05,0.0022001173347234726,0.46420884132385254,1.5299667119979858,0.06363668292760849,0.4650144577026367,1.304080605506897,0.04681864008307457,0.22588610649108887,0.15679751336574554,10000,10000,1.0,321.03518759443386,321.03518759443386,8400,True,70,34500,0.0,0.0,3,LEFT,greedy,5836,9532,9773,9455,6083,28513,0.17582957567348825,1,17298,2,2,321.03518759443386,160.51759379721693,2,2,160.51759379721693,321.03518759443386,160.51759379721693,321.03518759443386,77.94818984256112,2494.342074961956,3,LEFT,False,,
34723,double_dqn,dueling,198,5.0,348,0.0,0.0,0.05,,,,,,,,,,10000,10000,1.0,320.8870229593833,320.8870229593833,8432,True,70,34500,0.0,0.0,2,RIGHT,greedy,5845,9533,9833,9513,6086,28638,0.1752678262872941,0,17362,2,2,320.8870229593833,160.44351147969164,2,2,160.44351147969164,320.8870229593833,160.44351147969164,320.8870229593833,77.92072853339246,2493.463313068559,2,RIGHT,False,,
34788,double_dqn,dueling,199,5.0,348,0.0,0.0,0.05,,,,,,,,,,10000,10000,1.0,320.91216158386493,320.91216158386493,8448,True,70,34500,0.0,0.0,3,LEFT,greedy,5845,9544,9859,9540,6090,28698,0.17506036564332528,1,17394,2,2,320.91216158386493,160.45608079193246,2,2,160.45608079193246,320.91216158386493,160.45608079193246,320.91216158386493,77.93106649018314,2493.7941276858605,3,LEFT,False,,
34995,double_dqn,dueling,199,,,2.0,2.0,0.05,0.0037915906868875027,0.5031857490539551,1.4088950157165527,0.0932285264134407,0.47163307666778564,1.2414050102233887,0.05666959658265114,0.240482360124588,0.5277773141860962,10000,10000,1.0,321.00501802286374,321.00501802286374,8500,True,70,34500,0.0,0.0,0,NOOP,greedy,5874,9635,9877,9610,6100,28896,0.17430563492970624,0,17498,2,2,321.00501802286374,160.50250901143187,2,2,160.50250901143187,321.00501802286374,160.50250901143187,321.00501802286374,77.96727206521723,2494.9527060869514,0,NOOP,False,,
34996,double_dqn,dueling,199,,,0.0,0.0,0.05,0.0037915906868875027,0.5031857490539551,1.4088950157165527,0.0932285264134407,0.47163307666778564,1.2414050102233887,0.05666959658265114,0.240482360124588,0.5277773141860962,10000,10000,1.0,321.00480396105735,321.00480396105735,8500,True,70,34500,0.0,0.0,0,NOOP,random,5874,9635,9877,9610,6100,28896,0.17430563492970624,1,17498,2,2,321.00480396105735,160.50240198052867,2,2,160.50240198052867,321.00480396105735,160.50240198052867,321.00480396105735,77.96722007283654,2494.9510423307693,0,NOOP,False,,
35032,double_dqn,dueling,200,0.0,122,0.0,0.0,0.05,,,,,,,,,,10000,10000,1.0,321.0165564363438,321.0165564363438,8509,True,71,35000,0.0,0.0,0,NOOP,greedy,5887,9645,9878,9622,6104,28928,0.17424069422242522,1,17516,2,2,321.0165564363438,160.5082782181719,2,2,160.5082782181719,321.0165564363438,160.5082782181719,321.0165564363438,77.97242174916789,2495.1174959733726,0,NOOP,False,,
35215,double_dqn,dueling,201,7.0,246,0.0,0.0,0.05,,,,,,,,,,10000,10000,1.0,321.0808778561775,321.0808778561775,8555,True,71,35000,0.0,0.0,0,NOOP,greedy,5935,9661,9956,9664,6109,29107,0.17347228532485234,0,17608,2,2,321.0808778561775,160.54043892808875,2,2,160.54043892808875,321.0808778561775,160.54043892808875,321.0808778561775,77.9999690498523,2495.9990095952735,0,NOOP,False,,
35395,double_dqn,dueling,201,,,1.0,1.0,0.05,0.0012544975616037846,0.49301889538764954,1.3240123987197876,0.12020743638277054,0.5081366896629333,1.374721884727478,0.03446580469608307,0.1746509075164795,0.1432870328426361,10000,10000,1.0,321.17782809303134,321.17782809303134,8600,True,71,35000,0.0,0.0,2,RIGHT,greedy,5971,9680,10065,9680,6117,29279,0.17281613741665725,0,17698,2,2,321.17782809303134,160.58891404651567,2,2,160.58891404651567,321.17782809303134,160.58891404651567,321.17782809303134,78.03506954458327,2497.1222254266645,2,RIGHT,False,,
35396,double_dqn,dueling,201,,,3.0,3.0,0.05,0.0012544975616037846,0.49301889538764954,1.3240123987197876,0.12020743638277054,0.5081366896629333,1.374721884727478,0.03446580469608307,0.1746509075164795,0.1432870328426361,10000,10000,1.0,321.17761476483366,321.17761476483366,8600,True,71,35000,0.0,0.0,2,RIGHT,greedy,5971,9680,10065,9680,6117,29279,0.17281613741665725,1,17698,2,2,321.17761476483366,160.58880738241683,2,2,160.58880738241683,321.17761476483366,160.58880738241683,321.17761476483366,78.03501771323226,2497.1205668234325,2,RIGHT,False,,
35682,double_dqn,dueling,202,5.0,325,0.0,0.0,0.05,,,,,,,,,,10000,10000,1.0,321.31360508271234,321.31360508271234,8671,False,72,35500,0.0,0.0,3,LEFT,greedy,6061,9724,10167,9730,6128,29554,0.1717392522840648,1,17841,2,2,321.31360508271234,160.65680254135617,2,2,160.65680254135617,321.31360508271234,160.65680254135617,321.31360508271234,78.0816733835603,2498.6135482739296,3,LEFT,False,,
35795,double_dqn,dueling,202,,,4.0,4.0,0.05,0.002245222683995962,0.6442862749099731,1.5169676542282104,0.2094070315361023,0.6504332423210144,1.6107274293899536,0.046588100492954254,0.18516188859939575,0.09557107836008072,10000,10000,1.0,321.3684332578343,321.3684332578343,8700,True,72,35500,0.0,0.0,2,RIGHT,greedy,6086,9746,10217,9747,6136,29660,0.1714158006481171,0,17898,2,2,321.3684332578343,160.68421662891714,2,2,160.68421662891714,321.3684332578343,160.68421662891714,321.3684332578343,78.10664234392553,2499.412555005617,2,RIGHT,False,,
35796,double_dqn,dueling,202,,,0.0,0.0,0.05,0.002245222683995962,0.6442862749099731,1.5169676542282104,0.2094070315361023,0.6504332423210144,1.6107274293899536,0.046588100492954254,0.18516188859939575,0.09557107836008072,10000,10000,1.0,321.36820100144786,321.36820100144786,8700,True,72,35500,0.0,0.0,2,RIGHT,greedy,6086,9746,10217,9747,6136,29660,0.1714158006481171,1,17898,2,2,321.36820100144786,160.68410050072393,2,2,160.68410050072393,321.36820100144786,160.68410050072393,321.36820100144786,78.10658589542398,2499.410748653567,2,RIGHT,False,,
35911,double_dqn,dueling,203,5.0,348,0.0,0.0,0.05,,,,,,,,,,10000,10000,1.0,321.41012423433176,321.41012423433176,8729,True,72,35500,0.0,0.0,0,NOOP,greedy,6143,9758,10245,9766,6138,29774,0.1709177990643796,0,17956,2,2,321.41012423433176,160.70506211716588,2,2,160.70506211716588,321.41012423433176,160.70506211716588,321.41012423433176,78.12399683786705,2499.9678988117457,0,NOOP,False,,
35932,double_dqn,dueling,204,0.0,125,0.0,0.0,0.05,,,,,,,,,,10000,10000,1.0,321.3773652150543,321.3773652150543,8734,True,72,35500,0.0,0.0,3,LEFT,greedy,6143,9764,10250,9775,6138,29794,0.17082266503395302,1,17966,2,2,321.3773652150543,160.68868260752714,2,2,160.68868260752714,321.3773652150543,160.68868260752714,321.3773652150543,78.11727451264288,2499.752784404572,3,LEFT,False,,
36161,double_dqn,dueling,205,0.0,125,0.0,0.0,0.05,,,,,,,,,,10000,10000,1.0,321.1823155707522,321.1823155707522,8791,False,73,36000,0.0,0.0,0,NOOP,greedy,6156,9791,10358,9857,6151,30011,0.17009568054864221,0,18081,2,2,321.1823155707522,160.5911577853761,2,2,160.5911577853761,321.1823155707522,160.5911577853761,321.1823155707522,78.07957901063223,2498.5465283402314,0,NOOP,False,,
36195,double_dqn,dueling,205,,,0.0,0.0,0.05,0.001565406215377152,0.430156946182251,0.7825548052787781,0.2127816528081894,0.412375807762146,0.9457302093505859,0.045055873692035675,0.16317540407180786,0.1444733589887619,10000,10000,1.0,321.15298813329264,321.15298813329264,8800,True,73,36000,0.0,0.0,2,RIGHT,greedy,6158,9795,10370,9873,6152,30044,0.1699635318819759,0,18098,2,2,321.15298813329264,160.57649406664632,2,2,160.57649406664632,321.15298813329264,160.57649406664632,321.15298813329264,78.0789671668962,2498.5269493406786,2,RIGHT,False,,
36196,double_dqn,dueling,205,,,3.0,3.0,0.05,0.001565406215377152,0.430156946182251,0.7825548052787781,0.2127816528081894,0.412375807762146,0.9457302093505859,0.045055873692035675,0.16317540407180786,0.1444733589887619,10000,10000,1.0,321.1527672998698,321.1527672998698,8800,True,73,36000,0.0,0.0,3,LEFT,greedy,6158,9795,10370,9873,6152,30044,0.1699635318819759,1,18098,2,2,321.1527672998698,160.5763836499349,2,2,160.5763836499349,321.1527672998698,160.5763836499349,321.1527672998698,78.0789134777007,2498.5252312864222,3,LEFT,False,,
36494,double_dqn,dueling,206,4.0,281,0.0,0.0,0.05,,,,,,,,,,10000,10000,1.0,321.28879420757386,321.28879420757386,8874,False,73,36000,0.0,0.0,3,LEFT,greedy,6172,9832,10500,9990,6162,30332,0.16884967391900038,1,18247,2,2,321.28879420757386,160.64439710378693,2,2,160.64439710378693,321.28879420757386,160.64439710378693,321.28879420757386,78.12563050907026,2500.0201762902484,3,LEFT,False,,
36595,double_dqn,dueling,206,,,3.0,3.0,0.05,0.009327718056738377,0.5082154273986816,1.4655817747116089,0.052777912467718124,0.5619663596153259,1.4252842664718628,0.06079474091529846,0.6961202025413513,0.4990464150905609,10000,10000,1.0,321.1474837937969,321.1474837937969,8900,True,74,36500,0.0,0.0,3,LEFT,greedy,6173,9846,10504,10073,6169,30427,0.16857033555579845,0,18298,2,2,321.1474837937969,160.57374189689844,2,2,160.57374189689844,321.1474837937969,160.57374189689844,321.1474837937969,78.10177630792415,2499.256841853573,3,LEFT,False,,
36596,double_dqn,dueling,206,,,1.0,1.0,0.05,0.009327718056738377,0.5082154273986816,1.4655817747116089,0.052777912467718124,0.5619663596153259,1.4252842664718628,0.06079474091529846,0.6961202025413513,0.4990464150905609,10000,10000,1.0,321.1472715817339,321.1472715817339,8900,True,74,36500,0.0,0.0,3,LEFT,greedy,6173,9846,10504,10073,6169,30427,0.16857033555579845,1,18298,2,2,321.1472715817339,160.57363579086694,2,2,160.57363579086694,321.1472715817339,160.57363579086694,321.1472715817339,78.101724698804,2499.255190361728,3,LEFT,False,,
36773,double_dqn,dueling,207,5.0,306,0.0,0.0,0.05,,,,,,,,,,10000,10000,1.0,321.2452812392689,321.2452812392689,8944,False,74,36500,0.0,0.0,3,LEFT,greedy,6201,9872,10512,10189,6180,30594,0.16805351607113722,0,18387,2,2,321.2452812392689,160.62264061963444,2,2,160.62264061963444,321.2452812392689,160.62264061963444,321.2452812392689,78.13177232294613,2500.2167143342763,3,LEFT,False,,
36918,double_dqn,dueling,208,3.0,212,0.0,0.0,0.05,,,,,,,,,,10000,10000,1.0,321.34626491805426,321.34626491805426,8980,False,74,36500,0.0,0.0,3,LEFT,greedy,6203,9886,10516,10313,6184,30734,0.16750636545858388,1,18459,2,2,321.34626491805426,160.67313245902713,2,2,160.67313245902713,321.34626491805426,160.67313245902713,321.34626491805426,78.16483717872384,2501.274789719163,3,LEFT,False,,
36995,double_dqn,dueling,208,,,2.0,2.0,0.05,0.003888397477567196,0.49411630630493164,1.4058406352996826,0.09322118759155273,0.4942573010921478,1.8538507223129272,0.04116417467594147,0.44801008701324463,0.33208149671554565,10000,10000,1.0,321.3624623184938,321.3624623184938,9000,True,74,36500,0.0,0.0,3,LEFT,greedy,6206,9906,10537,10347,6189,30807,0.16728835549789167,0,18498,2,2,321.3624623184938,160.6812311592469,2,2,160.6812311592469,321.3624623184938,160.6812311592469,321.3624623184938,78.17769923414542,2501.6863754926535,3,LEFT,False,,
36996,double_dqn,dueling,208,,,0.0,0.0,0.05,0.003888397477567196,0.49411630630493164,1.4058406352996826,0.09322118759155273,0.4942573010921478,1.8538507223129272,0.04116417467594147,0.44801008701324463,0.33208149671554565,10000,10000,1.0,321.3622641228698,321.3622641228698,9000,True,74,36500,0.0,0.0,2,RIGHT,greedy,6206,9906,10537,10347,6189,30807,0.16728835549789167,1,18498,2,2,321.3622641228698,160.6811320614349,2,2,160.6811320614349,321.3622641228698,160.6811320614349,321.3622641228698,78.17765101918661,2501.6848326139716,2,RIGHT,False,,
37307,double_dqn,dueling,209,11.0,267,0.0,0.0,0.05,,,,,,,,,,10000,10000,1.0,321.4541556189762,321.4541556189762,9078,True,75,37000,0.0,0.0,3,LEFT,greedy,6241,9950,10566,10551,6200,31108,0.16618419641899862,0,18654,2,2,321.4541556189762,160.7270778094881,2,2,160.7270778094881,321.4541556189762,160.7270778094881,321.4541556189762,78.21809865736748,2502.9791570357593,3,LEFT,False,,
37395,double_dqn,dueling,209,,,1.0,1.0,0.05,0.001819155178964138,0.47345811128616333,1.2253819704055786,0.0529199093580246,0.4866892099380493,1.231284260749817,0.04179015010595322,0.2114740014076233,0.16132009029388428,10000,10000,1.0,321.49652467817964,321.49652467817964,9100,True,75,37000,0.0,0.0,3,LEFT,greedy,6247,9959,10567,10623,6205,31191,0.16592683709487646,0,18698,2,2,321.49652467817964,160.74826233908982,2,2,160.74826233908982,321.49652467817964,160.74826233908982,321.49652467817964,78.23345744388263,2503.470638204244,3,LEFT,False,,
37396,double_dqn,dueling,209,,,5.0,5.0,0.05,0.001819155178964138,0.47345811128616333,1.2253819704055786,0.0529199093580246,0.4866892099380493,1.231284260749817,0.04179015010595322,0.2114740014076233,0.16132009029388428,10000,10000,1.0,321.4963179358832,321.4963179358832,9100,True,75,37000,0.0,0.0,3,LEFT,greedy,6247,9959,10567,10623,6205,31191,0.16592683709487646,1,18698,2,2,321.4963179358832,160.7481589679416,2,2,160.7481589679416,321.4963179358832,160.7481589679416,321.4963179358832,78.23340713489509,2503.469028316643,3,LEFT,False,,
37572,double_dqn,dueling,210,6.0,327,0.0,0.0,0.05,,,,,,,,,,10000,10000,1.0,321.5634693175513,321.5634693175513,9144,True,76,37500,0.0,0.0,3,LEFT,greedy,6266,10014,10572,10720,6218,31354,0.16549558181624613,1,18786,2,2,321.5634693175513,160.78173465877566,2,2,160.78173465877566,321.5634693175513,160.78173465877566,321.5634693175513,78.25977758542768,2504.312882733686,3,LEFT,False,,
37671,double_dqn,dueling,211,2.0,182,0.0,0.0,0.05,,,,,,,,,,10000,10000,1.0,321.5027199623779,321.5027199623779,9169,True,76,37500,0.0,0.0,3,LEFT,greedy,6269,10048,10577,10778,6223,31449,0.16518899978764068,0,18836,2,2,321.5027199623779,160.75135998118895,2,2,160.75135998118895,321.5027199623779,160.75135998118895,321.5027199623779,78.2506487400468,2504.0207596814976,3,LEFT,False,,
37795,double_dqn,dueling,211,,,1.0,1.0,0.05,0.0018650554120540619,0.546190083026886,1.5573921203613281,-0.08137562870979309,0.5792175531387329,1.515529751777649,0.04585370048880577,0.16506361961364746,0.1895134001970291,10000,10000,1.0,321.22935961538093,321.22935961538093,9200,True,76,37500,0.0,0.0,3,LEFT,greedy,6271,10061,10582,10882,6228,31568,0.16477934172928352,0,18898,2,2,321.22935961538093,160.61467980769046,2,2,160.61467980769046,321.22935961538093,160.61467980769046,321.22935961538093,78.19108129065258,2502.1146013008824,3,LEFT,False,,
37796,double_dqn,dueling,211,,,1.0,1.0,0.05,0.0018650554120540619,0.546190083026886,1.5573921203613281,-0.08137562870979309,0.5792175531387329,1.515529751777649,0.04585370048880577,0.16506361961364746,0.1895134001970291,10000,10000,1.0,321.2291417507525,321.2291417507525,9200,True,76,37500,0.0,0.0,3,LEFT,greedy,6271,10061,10582,10882,6228,31568,0.16477934172928352,1,18898,2,2,321.2291417507525,160.61457087537624,2,2,160.61457087537624,321.2291417507525,160.61457087537624,321.2291417507525,78.19102825978734,2502.112904313195,3,LEFT,False,,
37876,double_dqn,dueling,212,1.0,152,0.0,0.0,0.05,,,,,,,,,,10000,10000,1.0,321.1080729147112,321.1080729147112,9220,True,76,37500,0.0,0.0,3,LEFT,greedy,6283,10065,10584,10944,6229,31647,0.16445770408702082,1,18938,2,2,321.1080729147112,160.5540364573556,2,2,160.5540364573556,321.1080729147112,160.5540364573556,321.1080729147112,78.16602683159883,2501.3128586111625,3,LEFT,False,,
38093,double_dqn,dueling,213,3.0,211,0.0,0.0,0.05,,,,,,,,,,10000,10000,1.0,321.1954380548608,321.1954380548608,9274,False,77,38000,0.0,0.0,3,LEFT,greedy,6332,10121,10626,11015,6245,31849,0.16393657793878302,0,19047,2,2,321.1954380548608,160.5977190274304,2,2,160.5977190274304,321.1954380548608,160.5977190274304,321.1954380548608,78.19516177142803,2502.245176685697,3,LEFT,False,,
38195,double_dqn,dueling,213,,,1.0,1.0,0.05,0.002397318137809634,0.5195271968841553,1.7506606578826904,0.12289875745773315,0.5229778289794922,1.499207854270935,0.04947952181100845,0.20990049839019775,0.14274175465106964,10000,10000,1.0,321.1902778229023,321.1902778229023,9300,True,77,38000,0.0,0.0,3,LEFT,greedy,6337,10148,10649,11062,6250,31946,0.16362969944496805,0,19098,2,2,321.1902778229023,160.59513891145116,2,2,160.59513891145116,321.1902778229023,160.59513891145116,321.1902778229023,78.20372771371326,2502.5192868388244,3,LEFT,False,,
38196,double_dqn,dueling,213,,,3.0,3.0,0.05,0.002397318137809634,0.5195271968841553,1.7506606578826904,0.12289875745773315,0.5229778289794922,1.499207854270935,0.04947952181100845,0.20990049839019775,0.14274175465106964,10000,10000,1.0,321.19006256204636,321.19006256204636,9300,True,77,38000,0.0,0.0,1,FIRE,greedy,6337,10148,10649,11062,6250,31946,0.16362969944496805,1,19098,2,2,321.19006256204636,160.59503128102318,2,2,160.59503128102318,321.19006256204636,160.59503128102318,321.19006256204636,78.20367530178635,2502.517609657163,1,FIRE,False,,
38332,double_dqn,dueling,214,3.0,228,0.0,0.0,0.05,,,,,,,,,,10000,10000,1.0,321.0663353093988,321.0663353093988,9334,True,77,38000,0.0,0.0,3,LEFT,greedy,6341,10170,10677,11144,6255,32077,0.16317958885526454,1,19166,2,2,321.0663353093988,160.5331676546994,2,2,160.5331676546994,321.0663353093988,160.5331676546994,321.0663353093988,78.18097604554755,2501.7912334575217,3,LEFT,False,,
38595,double_dqn,dueling,214,,,3.0,3.0,0.05,0.0013671474298462272,0.6044637560844421,1.5280120372772217,0.2939947247505188,0.602253794670105,1.491830587387085,0.03941689059138298,0.16860449314117432,0.10655193775892258,10000,10000,1.0,320.9711810208383,320.9711810208383,9400,True,78,38500,0.0,0.0,0,NOOP,greedy,6386,10247,10701,11262,6268,32328,0.1624002487304384,0,19298,2,2,320.9711810208383,160.48559051041914,2,2,160.48559051041914,320.9711810208383,160.48559051041914,320.9711810208383,78.172067094929,2501.506147037728,0,NOOP,False,,
38596,double_dqn,dueling,214,,,2.0,2.0,0.05,0.0013671474298462272,0.6044637560844421,1.5280120372772217,0.2939947247505188,0.602253794670105,1.491830587387085,0.03941689059138298,0.16860449314117432,0.10655193775892258,10000,10000,1.0,320.9709557361698,320.9709557361698,9400,True,78,38500,0.0,0.0,0,NOOP,greedy,6386,10247,10701,11262,6268,32328,0.1624002487304384,1,19298,2,2,320.9709557361698,160.4854778680849,2,2,160.4854778680849,320.9709557361698,160.4854778680849,320.9709557361698,78.1720122271737,2501.5043912695583,0,NOOP,False,,
38698,double_dqn,dueling,215,2.0,183,0.0,0.0,0.05,,,,,,,,,,10000,10000,1.0,320.97644601482654,320.97644601482654,9425,False,78,38500,0.0,0.0,3,LEFT,greedy,6410,10261,10715,11312,6274,32424,0.16212724171791823,1,19349,2,2,320.97644601482654,160.48822300741327,2,2,160.48822300741327,320.97644601482654,160.48822300741327,320.97644601482654,78.17466028450411,2501.5891291041316,3,LEFT,False,,
38737,double_dqn,dueling,216,7.0,322,0.0,0.0,0.05,,,,,,,,,,10000,10000,1.0,320.9668914085429,320.9668914085429,9435,False,78,38500,0.0,0.0,1,FIRE,greedy,6412,10288,10719,11319,6276,32462,0.16201146161391916,0,19369,2,2,320.9668914085429,160.48344570427145,2,2,160.48344570427145,320.9668914085429,160.48344570427145,320.9668914085429,78.17447004077655,2501.5830413048498,1,FIRE,False,,
38995,double_dqn,dueling,216,,,1.0,1.0,0.05,0.004011556506156921,0.5724014639854431,1.576670527458191,0.1747063398361206,0.5751743316650391,1.504950761795044,0.04562828317284584,0.45059895515441895,0.3837919235229492,10000,10000,1.0,320.8879819993659,320.8879819993659,9500,True,78,38500,0.0,0.0,1,FIRE,fire_reset,6418,10369,10777,11432,6289,32707,0.1612729510719048,0,19498,2,2,320.8879819993659,160.44399099968294,2,2,160.44399099968294,320.8879819993659,160.44399099968294,320.8879819993659,78.17303900384593,2501.5372481230697,3,LEFT,True,after_life_loss,
38996,double_dqn,dueling,216,,,2.0,2.0,0.05,0.004011556506156921,0.5724014639854431,1.576670527458191,0.1747063398361206,0.5751743316650391,1.504950761795044,0.04562828317284584,0.45059895515441895,0.3837919235229492,10000,10000,1.0,320.8877652146287,320.8877652146287,9500,True,78,38500,0.0,0.0,1,FIRE,random,6418,10369,10777,11432,6289,32707,0.1612729510719048,1,19498,2,2,320.8877652146287,160.44388260731435,2,2,160.44388260731435,320.8877652146287,160.44388260731435,320.8877652146287,78.17298619189077,2501.5355581405047,1,FIRE,False,,
39043,double_dqn,dueling,217,1.0,153,0.0,0.0,0.05,,,,,,,,,,10000,10000,1.0,320.88946127146386,320.88946127146386,9512,True,79,39000,0.0,0.0,3,LEFT,greedy,6418,10377,10791,11458,6290,32754,0.1611002971007069,0,19522,2,2,320.88946127146386,160.44473063573193,2,2,160.44473063573193,320.88946127146386,160.44473063573193,320.88946127146386,78.17591833864779,2501.6293868367293,3,LEFT,False,,
39098,double_dqn,dueling,218,2.0,200,0.0,0.0,0.05,,,,,,,,,,10000,10000,1.0,320.93519711985505,320.93519711985505,9525,False,79,39000,0.0,0.0,2,RIGHT,greedy,6418,10398,10809,11473,6292,32806,0.16092894777226457,1,19549,2,2,320.93519711985505,160.46759855992752,2,2,160.46759855992752,320.93519711985505,160.46759855992752,320.93519711985505,78.18578322590974,2501.945063229112,2,RIGHT,False,,
39395,double_dqn,dueling,218,,,2.0,2.0,0.05,0.002571418881416321,0.5855177044868469,1.30420982837677,0.1513054221868515,0.5839669704437256,1.3275994062423706,0.0430820994079113,0.3149770498275757,0.1398993730545044,10000,10000,1.0,321.0955151716147,321.0955151716147,9600,True,79,39000,0.0,0.0,0,NOOP,greedy,6435,10482,10834,11645,6308,33088,0.16011777845466546,0,19698,2,2,321.0955151716147,160.54775758580735,2,2,160.54775758580735,321.0955151716147,160.54775758580735,321.0955151716147,78.24441429707333,2503.8212575063467,0,NOOP,False,,
39396,double_dqn,dueling,218,,,1.0,1.0,0.05,0.002571418881416321,0.5855177044868469,1.30420982837677,0.1513054221868515,0.5839669704437256,1.3275994062423706,0.0430820994079113,0.3149770498275757,0.1398993730545044,10000,10000,1.0,321.0953277894768,321.0953277894768,9600,True,79,39000,0.0,0.0,1,FIRE,greedy,6435,10482,10834,11645,6308,33088,0.16011777845466546,1,19698,2,2,321.0953277894768,160.5476638947384,2,2,160.5476638947384,321.0953277894768,160.5476638947384,321.0953277894768,78.24436863587616,2503.819796348037,1,FIRE,False,,
39406,double_dqn,dueling,219,1.0,154,0.0,0.0,0.05,,,,,,,,,,10000,10000,1.0,321.08040003692133,321.08040003692133,9602,False,79,39000,0.0,0.0,1,FIRE,greedy,6438,10488,10834,11646,6308,33098,0.1600771456123433,1,19703,2,2,321.08040003692133,160.54020001846067,2,2,160.54020001846067,321.08040003692133,160.54020001846067,321.08040003692133,78.23717203356135,2503.589505073963,1,FIRE,False,,
39407,double_dqn,dueling,220,2.0,182,0.0,0.0,0.05,,,,,,,,,,10000,10000,1.0,321.04730636716675,321.04730636716675,9603,True,79,39000,0.0,0.0,3,LEFT,greedy,6438,10489,10834,11647,6308,33100,0.1600690215184734,0,19704,2,2,321.04730636716675,160.52365318358338,2,2,160.52365318358338,321.04730636716675,160.52365318358338,321.04730636716675,78.23328468950218,2503.46511006407,3,LEFT,False,,
39710,double_dqn,dueling,221,1.0,152,0.0,0.0,0.05,,,,,,,,,,10000,10000,1.0,321.1423401326523,321.1423401326523,9678,False,80,39500,0.0,0.0,1,FIRE,greedy,6442,10655,10838,11775,6324,33386,0.15925459581969278,1,19855,2,2,321.1423401326523,160.57117006632615,2,2,160.57117006632615,321.1423401326523,160.57117006632615,321.1423401326523,78.26783096962501,2504.5705910280003,1,FIRE,False,,
39769,double_dqn,dueling,222,2.0,181,0.0,0.0,0.05,,,,,,,,,,10000,10000,1.0,321.1573637313089,321.1573637313089,9693,False,80,39500,0.0,0.0,1,FIRE,greedy,6442,10707,10838,11783,6325,33445,0.15903947699270807,0,19885,2,2,321.1573637313089,160.57868186565446,2,2,160.57868186565446,321.1573637313089,160.57868186565446,321.1573637313089,78.27453675251641,2504.785176080525,1,FIRE,False,,
39795,double_dqn,dueling,222,,,0.0,0.0,0.05,0.002970646834000945,0.5187582969665527,1.5309853553771973,0.11280237883329391,0.5216276049613953,1.593137502670288,0.045758262276649475,0.3342938721179962,0.13113437592983246,10000,10000,1.0,321.14685470181655,321.14685470181655,9700,True,80,39500,0.0,0.0,1,FIRE,greedy,6442,10714,10842,11798,6326,33470,0.15896069956779577,0,19898,2,2,321.14685470181655,160.57342735090828,2,2,160.57342735090828,321.14685470181655,160.57342735090828,321.14685470181655,78.27732663100866,2504.874452192277,1,FIRE,False,,
39796,double_dqn,dueling,222,,,0.0,0.0,0.05,0.002970646834000945,0.5187582969665527,1.5309853553771973,0.11280237883329391,0.5216276049613953,1.593137502670288,0.045758262276649475,0.3342938721179962,0.13113437592983246,10000,10000,1.0,321.1466655155184,321.1466655155184,9700,True,80,39500,0.0,0.0,3,LEFT,greedy,6442,10714,10842,11798,6326,33470,0.15896069956779577,1,19898,2,2,321.1466655155184,160.5733327577592,2,2,160.5733327577592,321.1466655155184,160.5733327577592,321.1466655155184,78.2772805181558,2504.872976580986,3,LEFT,False,,
40072,double_dqn,dueling,223,2.0,181,0.0,0.0,0.05,,,,,,,,,,10000,10000,1.0,321.2998984383324,321.2998984383324,9769,True,81,40000,0.0,0.0,1,FIRE,greedy,6455,10819,10890,11908,6341,33731,0.15824016769814334,1,20036,2,2,321.2998984383324,160.6499492191662,2,2,160.6499492191662,321.2998984383324,160.6499492191662,321.2998984383324,78.3284764385124,2506.5112460323967,1,FIRE,False,,
40195,double_dqn,dueling,223,,,2.0,2.0,0.05,0.0016773861134424806,0.6239380836486816,1.5077320337295532,0.1462492048740387,0.6157150268554688,1.5702638626098633,0.047152139246463776,0.15989312529563904,0.23986399173736572,10000,10000,1.0,321.35152963995006,321.35152963995006,9800,True,81,40000,0.0,0.0,1,FIRE,greedy,6456,10894,10895,11951,6345,33851,0.15785152751517564,0,20098,2,2,321.35152963995006,160.67576481997503,2,2,160.67576481997503,321.35152963995006,160.67576481997503,321.35152963995006,78.34722336728807,2507.111147753218,1,FIRE,False,,
40196,double_dqn,dueling,223,,,1.0,1.0,0.05,0.0016773861134424806,0.6239380836486816,1.5077320337295532,0.1462492048740387,0.6157150268554688,1.5702638626098633,0.047152139246463776,0.15989312529563904,0.23986399173736572,10000,10000,1.0,321.3513433817163,321.3513433817163,9800,True,81,40000,0.0,0.0,1,FIRE,greedy,6456,10894,10895,11951,6345,33851,0.15785152751517564,1,20098,2,2,321.3513433817163,160.67567169085814,2,2,160.67567169085814,321.3513433817163,160.67567169085814,321.3513433817163,78.34717795653347,2507.109694609071,1,FIRE,False,,
40261,double_dqn,dueling,224,3.0,246,0.0,0.0,0.05,,,,,,,,,,10000,10000,1.0,321.35558259779054,321.35558259779054,9816,False,81,40000,0.0,0.0,1,FIRE,greedy,6456,10954,10896,11956,6347,33915,0.15764244200486813,0,20131,2,2,321.35558259779054,160.67779129889527,2,2,160.67779129889527,321.35558259779054,160.67779129889527,321.35558259779054,78.34748394962774,2507.119486388088,1,FIRE,False,,
40496,double_dqn,dueling,225,3.0,212,0.0,0.0,0.05,,,,,,,,,,10000,10000,1.0,321.48590965259825,321.48590965259825,9875,True,81,40000,0.0,0.0,1,FIRE,greedy,6473,11078,10907,12038,6358,34138,0.15700316080600554,1,20248,2,2,321.48590965259825,160.74295482629913,2,2,160.74295482629913,321.48590965259825,160.74295482629913,321.48590965259825,78.39473917965745,2508.6316537490384,1,FIRE,False,,
40595,double_dqn,dueling,225,,,2.0,2.0,0.05,0.001635884866118431,0.5799099206924438,1.4164572954177856,0.0737527385354042,0.5864438414573669,1.3237404823303223,0.04053116589784622,0.16182255744934082,0.131784126162529,10000,10000,1.0,321.4343730024191,321.4343730024191,9900,True,82,40500,0.0,0.0,3,LEFT,greedy,6475,11122,10910,12089,6364,34232,0.15676421322297762,0,20298,2,2,321.4343730024191,160.71718650120954,2,2,160.71718650120954,321.4343730024191,160.71718650120954,321.4343730024191,78.38704041590178,2508.385293308857,3,LEFT,False,,
40596,double_dqn,dueling,225,,,0.0,0.0,0.05,0.001635884866118431,0.5799099206924438,1.4164572954177856,0.0737527385354042,0.5864438414573669,1.3237404823303223,0.04053116589784622,0.16182255744934082,0.131784126162529,10000,10000,1.0,321.43415819797667,321.43415819797667,9900,True,82,40500,0.0,0.0,3,LEFT,greedy,6475,11122,10910,12089,6364,34232,0.15676421322297762,1,20298,2,2,321.43415819797667,160.71707909898834,2,2,160.71707909898834,321.43415819797667,160.71707909898834,321.43415819797667,78.38698803231769,2508.383617034166,3,LEFT,False,,
40623,double_dqn,dueling,226,2.0,181,0.0,0.0,0.05,,,,,,,,,,10000,10000,1.0,321.43080892483005,321.43080892483005,9907,True,82,40500,0.0,0.0,3,LEFT,greedy,6476,11125,10910,12113,6366,34258,0.156705395825128,0,20312,2,2,321.43080892483005,160.71540446241502,2,2,160.71540446241502,321.43080892483005,160.71540446241502,321.43080892483005,78.38753013042269,2508.400964173526,3,LEFT,False,,
40800,double_dqn,dueling,227,1.0,152,0.0,0.0,0.05,,,,,,,,,,10000,10000,1.0,321.3171472821974,321.3171472821974,9951,True,82,40500,0.0,0.0,1,FIRE,greedy,6478,11218,10912,12192,6374,34426,0.15622549019607843,1,20400,2,2,321.3171472821974,160.6585736410987,2,2,160.6585736410987,321.3171472821974,160.6585736410987,321.3171472821974,78.36830717169477,2507.7858294942325,1,FIRE,False,,
40927,double_dqn,dueling,228,1.0,152,0.0,0.0,0.05,,,,,,,,,,10000,10000,1.0,321.1359419397722,321.1359419397722,9983,True,82,40500,0.0,0.0,3,LEFT,greedy,6479,11250,10912,12287,6375,34553,0.1557613369820172,0,20464,2,2,321.1359419397722,160.5679709698861,2,2,160.5679709698861,321.1359419397722,160.5679709698861,321.1359419397722,78.33024111573363,2506.567715703476,3,LEFT,False,,
40995,double_dqn,dueling,228,,,0.0,0.0,0.05,0.0017257339786738157,0.6701266765594482,1.4937610626220703,0.24721714854240417,0.6529179215431213,1.4143645763397217,0.04245641455054283,0.21661508083343506,0.19482102990150452,10000,10000,1.0,321.17311637957965,321.17311637957965,10000,True,82,40500,0.0,0.0,2,RIGHT,greedy,6483,11270,10937,12306,6382,34614,0.15567372426578202,0,20498,2,2,321.17311637957965,160.58655818978983,2,2,160.58655818978983,321.17311637957965,160.58655818978983,321.17311637957965,78.34254960961549,2506.9615875076956,2,RIGHT,False,,
40996,double_dqn,dueling,228,,,2.0,2.0,0.05,0.0017257339786738157,0.6701266765594482,1.4937610626220703,0.24721714854240417,0.6529179215431213,1.4143645763397217,0.04245641455054283,0.21661508083343506,0.19482102990150452,10000,10000,1.0,321.172932449032,321.172932449032,10000,True,82,40500,0.0,0.0,3,LEFT,random,6483,11270,10937,12306,6382,34614,0.15567372426578202,1,20498,2,2,321.172932449032,160.586466224516,2,2,160.586466224516,321.172932449032,160.586466224516,321.172932449032,78.34250474412919,2506.960151812134,3,LEFT,False,,
41226,double_dqn,dueling,229,3.0,213,0.0,0.0,0.05,,,,,,,,,,10000,10000,1.0,321.30981399338185,321.30981399338185,10057,False,83,41000,0.0,0.0,3,LEFT,greedy,6539,11340,10996,12351,6390,34836,0.1549992723038859,1,20613,2,2,321.30981399338185,160.65490699669093,2,2,160.65490699669093,321.30981399338185,160.65490699669093,321.30981399338185,78.38288457117939,2508.2523062777404,3,LEFT,False,,
41395,double_dqn,dueling,229,,,4.0,4.0,0.05,0.002836399944499135,0.5049660205841064,1.6056932210922241,0.16523751616477966,0.4835866093635559,1.574878454208374,0.045912254601716995,0.34391000866889954,0.23873089253902435,10000,10000,1.0,321.16873641435495,321.16873641435495,10100,True,83,41000,0.0,0.0,0,NOOP,greedy,6597,11397,11023,12379,6397,34999,0.15453183882500723,0,20698,2,2,321.16873641435495,160.58436820717748,2,2,160.58436820717748,321.16873641435495,160.58436820717748,321.16873641435495,78.36033041320381,2507.530573222522,0,NOOP,False,,
41396,double_dqn,dueling,229,,,1.0,1.0,0.05,0.002836399944499135,0.5049660205841064,1.6056932210922241,0.16523751616477966,0.4835866093635559,1.574878454208374,0.045912254601716995,0.34391000866889954,0.23873089253902435,10000,10000,1.0,321.16842668775587,321.16842668775587,10100,True,83,41000,0.0,0.0,1,FIRE,greedy,6597,11397,11023,12379,6397,34999,0.15453183882500723,1,20698,2,2,321.16842668775587,160.58421334387793,2,2,160.58421334387793,321.16842668775587,160.58421334387793,321.16842668775587,78.36025484458243,2507.5281550266377,1,FIRE,False,,
41588,double_dqn,dueling,230,2.0,181,0.0,0.0,0.05,,,,,,,,,,10000,10000,1.0,321.28908635032855,321.28908635032855,10148,True,84,41500,0.0,0.0,1,FIRE,greedy,6620,11469,11066,12433,6408,35180,0.1540829085313071,1,20794,2,2,321.28908635032855,160.64454317516427,2,2,160.64454317516427,321.28908635032855,160.64454317516427,321.28908635032855,78.39861614607901,2508.7557166745282,1,FIRE,False,,
41623,double_dqn,dueling,231,5.0,348,0.0,0.0,0.05,,,,,,,,,,10000,10000,1.0,321.28219841365524,321.28219841365524,10157,True,84,41500,0.0,0.0,3,LEFT,greedy,6621,11479,11075,12449,6408,35216,0.15394964443590237,0,20812,2,2,321.28219841365524,160.64109920682762,2,2,160.64109920682762,321.28219841365524,160.64109920682762,321.28219841365524,78.3985991083869,2508.755171468381,3,LEFT,False,,
41795,double_dqn,dueling,231,,,1.0,1.0,0.05,0.0023893755860626698,0.7084150314331055,1.566669225692749,0.15657977759838104,0.7019075155258179,1.541579008102417,0.04931112378835678,0.18237578868865967,0.17426592111587524,10000,10000,1.0,321.3871736007445,321.3871736007445,10200,True,84,41500,0.0,0.0,1,FIRE,greedy,6632,11562,11086,12516,6417,35379,0.15353143841515934,0,20898,2,2,321.3871736007445,160.69358680037226,2,2,160.69358680037226,321.3871736007445,160.69358680037226,321.3871736007445,78.43212677594971,2509.828056830391,1,FIRE,False,,
41796,double_dqn,dueling,231,,,1.0,1.0,0.05,0.0023893755860626698,0.7084150314331055,1.566669225692749,0.15657977759838104,0.7019075155258179,1.541579008102417,0.04931112378835678,0.18237578868865967,0.17426592111587524,10000,10000,1.0,321.38689459310353,321.38689459310353,10200,True,84,41500,0.0,0.0,1,FIRE,fire_reset,6632,11562,11086,12516,6417,35379,0.15353143841515934,1,20898,2,2,321.38689459310353,160.69344729655177,2,2,160.69344729655177,321.38689459310353,160.69344729655177,321.38689459310353,78.43205868622968,2509.82587795935,3,LEFT,True,after_life_loss,
41950,double_dqn,dueling,232,2.0,181,0.0,0.0,0.05,,,,,,,,,,10000,10000,1.0,321.4732494774335,321.4732494774335,10238,False,84,41500,0.0,0.0,3,LEFT,greedy,6639,11615,11089,12607,6427,35523,0.1532061978545888,1,20975,2,2,321.4732494774335,160.73662473871676,2,2,160.73662473871676,321.4732494774335,160.73662473871676,321.4732494774335,78.45633201787757,2510.6026245720823,3,LEFT,False,,
41985,double_dqn,dueling,233,2.0,181,0.0,0.0,0.05,,,,,,,,,,10000,10000,1.0,321.4702360775744,321.4702360775744,10247,False,84,41500,0.0,0.0,3,LEFT,greedy,6641,11631,11094,12620,6430,35556,0.15314628685752393,0,20993,2,2,321.4702360775744,160.7351180387872,2,2,160.7351180387872,321.4702360775744,160.7351180387872,321.4702360775744,78.45723596167542,2510.6315507736135,3,LEFT,False,,
42195,double_dqn,dueling,233,,,1.0,1.0,0.05,0.004254084546118975,0.5051522850990295,1.206281304359436,0.12482788413763046,0.4902711510658264,1.1281681060791016,0.053839534521102905,0.3492583930492401,0.3566340506076813,10000,10000,1.0,321.54907928671764,321.54907928671764,10300,True,85,42000,0.0,0.0,1,FIRE,greedy,6648,11785,11096,12667,6437,35759,0.15255000473978575,0,21098,2,2,321.54907928671764,160.77453964335882,2,2,160.77453964335882,321.54907928671764,160.77453964335882,321.54907928671764,78.48979800581078,2511.673536185945,1,FIRE,False,,
42196,double_dqn,dueling,233,,,1.0,1.0,0.05,0.004254084546118975,0.5051522850990295,1.206281304359436,0.12482788413763046,0.4902711510658264,1.1281681060791016,0.053839534521102905,0.3492583930492401,0.3566340506076813,10000,10000,1.0,321.54890531372695,321.54890531372695,10300,True,85,42000,0.0,0.0,1,FIRE,greedy,6648,11785,11096,12667,6437,35759,0.15255000473978575,1,21098,2,2,321.54890531372695,160.77445265686347,2,2,160.77445265686347,321.54890531372695,160.77445265686347,321.54890531372695,78.4897555391835,2511.672177253872,1,FIRE,False,,
42285,double_dqn,dueling,234,1.0,150,0.0,0.0,0.05,,,,,,,,,,10000,10000,1.0,321.59019966920647,321.59019966920647,10322,False,85,42000,0.0,0.0,1,FIRE,greedy,6655,11828,11099,12704,6444,35842,0.15239086222390388,0,21143,2,2,321.59019966920647,160.79509983460323,2,2,160.79509983460323,321.59019966920647,160.79509983460323,321.59019966920647,78.50007191471289,2512.0023012708125,1,FIRE,False,,
42312,double_dqn,dueling,235,2.0,181,0.0,0.0,0.05,,,,,,,,,,10000,10000,1.0,321.5807474619015,321.5807474619015,10329,True,85,42000,0.0,0.0,3,LEFT,greedy,6656,11831,11099,12726,6447,35865,0.15236812251843448,1,21156,2,2,321.5807474619015,160.79037373095076,2,2,160.79037373095076,321.5807474619015,160.79037373095076,321.5807474619015,78.50273068004303,2512.087381761377,3,LEFT,False,,
42595,double_dqn,dueling,235,,,2.0,2.0,0.05,0.001137594343163073,0.6218869090080261,1.1861311197280884,0.19573451578617096,0.6307083368301392,1.2066682577133179,0.035635173320770264,0.15692168474197388,0.06995230168104172,10000,10000,1.0,321.7614256820895,321.7614256820895,10400,True,86,42500,0.0,0.0,1,FIRE,greedy,6665,12005,11102,12824,6464,36132,0.15175133815381725,0,21298,2,2,321.7614256820895,160.88071284104475,2,2,160.88071284104475,321.7614256820895,160.88071284104475,321.7614256820895,78.55946161831464,2513.9027717860686,1,FIRE,False,,
42596,double_dqn,dueling,235,,,2.0,2.0,0.05,0.001137594343163073,0.6218869090080261,1.1861311197280884,0.19573451578617096,0.6307083368301392,1.2066682577133179,0.035635173320770264,0.15692168474197388,0.06995230168104172,10000,10000,1.0,321.7612470390488,321.7612470390488,10400,True,86,42500,0.0,0.0,3,LEFT,greedy,6665,12005,11102,12824,6464,36132,0.15175133815381725,1,21298,2,2,321.7612470390488,160.8806235195244,2,2,160.8806235195244,321.7612470390488,160.8806235195244,321.7612470390488,78.55941800183368,2513.9013760586777,3,LEFT,False,,
42647,double_dqn,dueling,236,2.0,181,0.0,0.0,0.05,,,,,,,,,,10000,10000,1.0,321.76576820826966,321.76576820826966,10413,True,86,42500,0.0,0.0,1,FIRE,greedy,6672,12015,11102,12859,6466,36182,0.15161320577752768,0,21324,2,2,321.76576820826966,160.88288410413483,2,2,160.88288410413483,321.76576820826966,160.88288410413483,321.76576820826966,78.56281523993415,2514.010087677893,1,FIRE,False,,
42676,double_dqn,dueling,237,2.0,182,0.0,0.0,0.05,,,,,,,,,,10000,10000,1.0,321.76526461994865,321.76526461994865,10420,True,86,42500,0.0,0.0,1,FIRE,greedy,6680,12023,11103,12870,6468,36208,0.15156059611959885,1,21338,2,2,321.76526461994865,160.88263230997433,2,2,160.88263230997433,321.76526461994865,160.88263230997433,321.76526461994865,78.5639248603399,2514.0455955308767,1,FIRE,False,,
42995,double_dqn,dueling,237,,,2.0,2.0,0.05,0.0010557936038821936,0.6216126084327698,1.2315211296081543,0.19531653821468353,0.6194214820861816,1.2445355653762817,0.030939068645238876,0.182073712348938,0.12891785800457,10000,10000,1.0,321.9112603152867,321.9112603152867,10500,True,86,42500,0.0,0.0,3,LEFT,greedy,6692,12173,11165,12966,6487,36509,0.15087449995348404,0,21498,2,2,321.9112603152867,160.95563015764336,2,2,160.95563015764336,321.9112603152867,160.95563015764336,321.9112603152867,78.6135508724186,2515.633627917395,3,LEFT,False,,
42996,double_dqn,dueling,237,,,2.0,2.0,0.05,0.0010557936038821936,0.6216126084327698,1.2315211296081543,0.19531653821468353,0.6194214820861816,1.2445355653762817,0.030939068645238876,0.182073712348938,0.12891785800457,10000,10000,1.0,321.91108582079164,321.91108582079164,10500,True,86,42500,0.0,0.0,3,LEFT,random,6692,12173,11165,12966,6487,36509,0.15087449995348404,1,21498,2,2,321.91108582079164,160.95554291039582,2,2,160.95554291039582,321.91108582079164,160.95554291039582,321.91108582079164,78.61350825933371,2515.632264298679,3,LEFT,False,,
43071,double_dqn,dueling,238,3.0,212,0.0,0.0,0.05,,,,,,,,,,10000,10000,1.0,321.9245058333662,321.9245058333662,10519,True,87,43000,0.0,0.0,1,FIRE,greedy,6692,12226,11165,12989,6492,36580,0.15072436849925705,0,21536,2,2,321.9245058333662,160.9622529166831,2,2,160.9622529166831,321.9245058333662,160.9622529166831,321.9245058333662,78.62007515000879,2515.842404800281,1,FIRE,False,,
43164,double_dqn,dueling,239,3.0,244,0.0,0.0,0.05,,,,,,,,,,10000,10000,1.0,321.8919802957149,321.8919802957149,10542,True,87,43000,0.0,0.0,1,FIRE,greedy,6693,12292,11165,13014,6494,36670,0.15044944861458623,1,21582,2,2,321.8919802957149,160.94599014785746,2,2,160.94599014785746,321.8919802957149,160.94599014785746,321.8919802957149,78.61609805109411,2515.7151376350116,1,FIRE,False,,
43395,double_dqn,dueling,239,,,2.0,2.0,0.05,0.0006293990882113576,0.5579016208648682,1.7501437664031982,0.15508323907852173,0.5841949582099915,1.709999442100525,0.029011335223913193,0.08217906951904297,0.1327027529478073,10000,10000,1.0,321.80403084585714,321.80403084585714,10600,True,87,43000,0.0,0.0,1,FIRE,greedy,6712,12439,11182,13063,6509,36887,0.14999078256060466,0,21698,2,2,321.80403084585714,160.90201542292857,2,2,160.90201542292857,321.80403084585714,160.90201542292857,321.80403084585714,78.60454251465771,2515.3453604690467,1,FIRE,False,,
43396,double_dqn,dueling,239,,,0.0,0.0,0.05,0.0006293990882113576,0.5579016208648682,1.7501437664031982,0.15508323907852173,0.5841949582099915,1.709999442100525,0.029011335223913193,0.08217906951904297,0.1327027529478073,10000,10000,1.0,321.8037301665817,321.8037301665817,10600,True,87,43000,0.0,0.0,1,FIRE,greedy,6712,12439,11182,13063,6509,36887,0.14999078256060466,1,21698,2,2,321.8037301665817,160.90186508329086,2,2,160.90186508329086,321.8037301665817,160.90186508329086,321.8037301665817,78.60446907009323,2515.3430102429834,1,FIRE,False,,
43410,double_dqn,dueling,240,0.0,123,0.0,0.0,0.05,,,,,,,,,,10000,10000,1.0,321.7965470826663,321.7965470826663,10603,False,87,43000,0.0,0.0,1,FIRE,greedy,6713,12448,11182,13067,6510,36900,0.14996544574982723,1,21705,2,2,321.7965470826663,160.89827354133314,2,2,160.89827354133314,321.7965470826663,160.89827354133314,321.7965470826663,78.59960351802604,2515.1873125768334,1,FIRE,False,,
43433,double_dqn,dueling,241,2.0,181,0.0,0.0,0.05,,,,,,,,,,10000,10000,1.0,321.75168676474084,321.75168676474084,10609,False,87,43000,0.0,0.0,1,FIRE,greedy,6715,12461,11184,13074,6514,36920,0.14997467421835428,0,21717,2,2,321.75168676474084,160.87584338237042,2,2,160.87584338237042,321.75168676474084,160.87584338237042,321.75168676474084,78.58966811454474,2514.8693796654316,1,FIRE,False,,
43735,double_dqn,dueling,242,1.0,151,0.0,0.0,0.05,,,,,,,,,,10000,10000,1.0,321.8185909119018,321.8185909119018,10685,True,88,43500,0.0,0.0,1,FIRE,greedy,6722,12664,11194,13156,6529,37207,0.14928205597219682,0,21868,2,2,321.8185909119018,160.9092954559509,2,2,160.9092954559509,321.8185909119018,160.9092954559509,321.8185909119018,78.62245390281853,2515.918524890193,1,FIRE,False,,
43795,double_dqn,dueling,242,,,0.0,0.0,0.05,0.0017999695846810937,0.736700713634491,1.5710875988006592,0.2098255306482315,0.7302906513214111,1.4740275144577026,0.0474606491625309,0.16316857933998108,0.3780595660209656,10000,10000,1.0,321.790432680137,321.790432680137,10700,True,88,43500,0.0,0.0,3,LEFT,greedy,6722,12699,11194,13181,6529,37267,0.14907754132797515,0,21898,2,2,321.790432680137,160.8952163400685,2,2,160.8952163400685,321.790432680137,160.8952163400685,321.790432680137,78.61808452090295,2515.7787046688945,3,LEFT,False,,
43796,double_dqn,dueling,242,,,3.0,3.0,0.05,0.0017999695846810937,0.736700713634491,1.5710875988006592,0.2098255306482315,0.7302906513214111,1.4740275144577026,0.0474606491625309,0.16316857933998108,0.3780595660209656,10000,10000,1.0,321.79023194677563,321.79023194677563,10700,True,88,43500,0.0,0.0,3,LEFT,greedy,6722,12699,11194,13181,6529,37267,0.14907754132797515,1,21898,2,2,321.79023194677563,160.89511597338782,2,2,160.89511597338782,321.79023194677563,160.89511597338782,321.79023194677563,78.61803547882225,2515.777135322312,3,LEFT,False,,
43834,double_dqn,dueling,243,3.0,212,0.0,0.0,0.05,,,,,,,,,,10000,10000,1.0,321.7580933865362,321.7580933865362,10709,False,88,43500,0.0,0.0,1,FIRE,greedy,6725,12717,11198,13194,6532,37302,0.14901674499247158,1,21917,2,2,321.7580933865362,160.8790466932681,2,2,160.8790466932681,321.7580933865362,160.8790466932681,321.7580933865362,78.60809923977772,2515.459175672887,1,FIRE,False,,
44037,double_dqn,dueling,244,1.0,151,0.0,0.0,0.05,,,,,,,,,,10000,10000,1.0,321.84468728374594,321.84468728374594,10760,False,89,44000,0.0,0.0,2,RIGHT,greedy,6742,12793,11249,13254,6537,37501,0.14843998365048366,0,22019,2,2,321.84468728374594,160.92234364187297,2,2,160.92234364187297,321.84468728374594,160.92234364187297,321.84468728374594,78.63774093222004,2516.4077098310413,2,RIGHT,False,,
44195,double_dqn,dueling,244,,,2.0,2.0,0.05,0.004289478994905949,0.714309573173523,1.4121310710906982,0.2259942591190338,0.7632191777229309,1.6329882144927979,0.06630116701126099,0.2689632177352905,0.28555601835250854,10000,10000,1.0,321.8801691592297,321.8801691592297,10800,True,89,44000,0.0,0.0,3,LEFT,greedy,6756,12823,11325,13292,6544,37652,0.14806769843424744,0,22098,2,2,321.8801691592297,160.94008457961485,2,2,160.94008457961485,321.8801691592297,160.94008457961485,321.8801691592297,78.65657133948051,2517.0102828633762,3,LEFT,False,,
44196,double_dqn,dueling,244,,,2.0,2.0,0.05,0.004289478994905949,0.714309573173523,1.4121310710906982,0.2259942591190338,0.7632191777229309,1.6329882144927979,0.06630116701126099,0.2689632177352905,0.28555601835250854,10000,10000,1.0,321.8799860727249,321.8799860727249,10800,True,89,44000,0.0,0.0,2,RIGHT,greedy,6756,12823,11325,13292,6544,37652,0.14806769843424744,1,22098,2,2,321.8799860727249,160.93999303636244,2,2,160.93999303636244,321.8799860727249,160.93999303636244,321.8799860727249,78.65652659936259,2517.008851179603,2,RIGHT,False,,
44390,double_dqn,dueling,245,4.0,278,0.0,0.0,0.05,,,,,,,,,,10000,10000,1.0,321.9124699309707,321.9124699309707,10848,False,89,44000,0.0,0.0,0,NOOP,greedy,6788,12841,11346,13415,6555,37835,0.14766839378238342,1,22195,2,2,321.9124699309707,160.95623496548535,2,2,160.95623496548535,321.9124699309707,160.95623496548535,321.9124699309707,78.66876489775107,2517.4004767280344,0,NOOP,False,,
44467,double_dqn,dueling,246,3.0,215,0.0,0.0,0.05,,,,,,,,,,10000,10000,1.0,321.9203113850713,321.9203113850713,10868,True,89,44000,0.0,0.0,3,LEFT,greedy,6796,12859,11347,13466,6557,37911,0.1474543491949267,0,22234,2,2,321.9203113850713,160.96015569253564,2,2,160.96015569253564,321.9203113850713,160.96015569253564,321.9203113850713,78.67747468141033,2517.6791898051306,3,LEFT,False,,
44595,double_dqn,dueling,246,,,1.0,1.0,0.05,0.002316446974873543,0.7373046875,1.606716513633728,0.26501381397247314,0.7379988431930542,1.6651690006256104,0.047288600355386734,0.25736483931541443,0.17003828287124634,10000,10000,1.0,321.9480106461682,321.9480106461682,10900,True,90,44500,0.0,0.0,0,NOOP,greedy,6812,12904,11362,13518,6568,38028,0.1472777827607857,0,22298,2,2,321.9480106461682,160.9740053230841,2,2,160.9740053230841,321.9480106461682,160.9740053230841,321.9480106461682,78.68941869322884,2518.061398183323,0,NOOP,False,,
44596,double_dqn,dueling,246,,,1.0,1.0,0.05,0.002316446974873543,0.7373046875,1.606716513633728,0.26501381397247314,0.7379988431930542,1.6651690006256104,0.047288600355386734,0.25736483931541443,0.17003828287124634,10000,10000,1.0,321.9478419083228,321.9478419083228,10900,True,90,44500,0.0,0.0,1,FIRE,greedy,6812,12904,11362,13518,6568,38028,0.1472777827607857,1,22298,2,2,321.9478419083228,160.9739209541614,2,2,160.9739209541614,321.9478419083228,160.9739209541614,321.9478419083228,78.68937745090857,2518.060078429074,1,FIRE,False,,
44773,double_dqn,dueling,247,1.0,153,0.0,0.0,0.05,,,,,,,,,,10000,10000,1.0,322.0137620746483,322.0137620746483,10944,False,90,44500,0.0,0.0,1,FIRE,greedy,6828,12946,11371,13629,6580,38194,0.14696028945370082,0,22387,2,2,322.0137620746483,161.00688103732415,2,2,161.00688103732415,322.0137620746483,161.00688103732415,322.0137620746483,78.70904123252224,2518.6893194407116,1,FIRE,False,,
44816,double_dqn,dueling,248,3.0,213,0.0,0.0,0.05,,,,,,,,,,10000,10000,1.0,321.9934796809174,321.9934796809174,10955,True,90,44500,0.0,0.0,3,LEFT,greedy,6830,12950,11398,13638,6582,38234,0.14686719028918244,1,22408,2,2,321.9934796809174,160.9967398404587,2,2,160.9967398404587,321.9934796809174,160.9967398404587,321.9934796809174,78.70935759336955,2518.6994429878255,3,LEFT,False,,
44995,double_dqn,dueling,248,,,2.0,2.0,0.05,0.0025222916156053543,0.5950274467468262,1.3995589017868042,0.16268005967140198,0.5731806755065918,1.3268276453018188,0.041157279163599014,0.31704866886138916,0.14628629386425018,10000,10000,1.0,322.0702756337507,322.0702756337507,11000,True,90,44500,0.0,0.0,2,RIGHT,greedy,6845,12964,11469,13718,6591,38405,0.14647968708329628,0,22498,2,2,322.0702756337507,161.03513781687536,2,2,161.03513781687536,322.0702756337507,161.03513781687536,322.0702756337507,78.73528829165387,2519.529225332924,2,RIGHT,False,,
44996,double_dqn,dueling,248,,,1.0,1.0,0.05,0.0025222916156053543,0.5950274467468262,1.3995589017868042,0.16268005967140198,0.5731806755065918,1.3268276453018188,0.041157279163599014,0.31704866886138916,0.14628629386425018,10000,10000,1.0,322.0700985870981,322.0700985870981,11000,True,90,44500,0.0,0.0,3,LEFT,greedy,6845,12964,11469,13718,6591,38405,0.14647968708329628,1,22498,2,2,322.0700985870981,161.03504929354904,2,2,161.03504929354904,322.0700985870981,161.03504929354904,322.0700985870981,78.73524500973595,2519.5278403115503,3,LEFT,False,,
45162,double_dqn,dueling,249,1.0,173,0.0,0.0,0.05,,,,,,,,,,10000,10000,1.0,322.15428733506513,322.15428733506513,11041,False,91,45000,0.0,0.0,3,LEFT,greedy,6866,12973,11494,13829,6598,38564,0.1460962756299544,1,22581,2,2,322.15428733506513,161.07714366753257,2,2,161.07714366753257,322.15428733506513,161.07714366753257,322.15428733506513,78.75881241899062,2520.2819974076997,3,LEFT,False,,
45269,double_dqn,dueling,250,3.0,248,0.0,0.0,0.05,,,,,,,,,,10000,10000,1.0,322.219058238444,322.219058238444,11068,False,91,45000,0.0,0.0,2,RIGHT,greedy,6869,12992,11530,13879,6604,38666,0.14588027391208305,0,22635,2,2,322.219058238444,161.109529119222,2,2,161.109529119222,322.219058238444,161.109529119222,322.219058238444,78.7788941149348,2520.9246116779136,2,RIGHT,False,,
45395,double_dqn,dueling,250,,,1.0,1.0,0.05,0.0005085648153908551,0.672217845916748,1.5985264778137207,0.05806894600391388,0.6809239983558655,1.6326009035110474,0.025861330330371857,0.0684891939163208,0.03990277647972107,10000,10000,1.0,322.2646836727385,322.2646836727385,11100,True,91,45000,0.0,0.0,2,RIGHT,greedy,6887,13002,11593,13914,6609,38787,0.14558551414221518,0,22698,2,2,322.2646836727385,161.13234183636925,2,2,161.13234183636925,322.2646836727385,161.13234183636925,322.2646836727385,78.79852825727811,2521.5529042328994,2,RIGHT,False,,
45396,double_dqn,dueling,250,,,2.0,2.0,0.05,0.0005085648153908551,0.672217845916748,1.5985264778137207,0.05806894600391388,0.6809239983558655,1.6326009035110474,0.025861330330371857,0.0684891939163208,0.03990277647972107,10000,10000,1.0,322.26440777081314,322.26440777081314,11100,True,91,45000,0.0,0.0,3,LEFT,greedy,6887,13002,11593,13914,6609,38787,0.14558551414221518,1,22698,2,2,322.26440777081314,161.13220388540657,2,2,161.13220388540657,322.26440777081314,161.13220388540657,322.26440777081314,78.7984607951367,2521.5507454443746,3,LEFT,False,,
45752,double_dqn,dueling,251,8.0,295,0.0,0.0,0.05,,,,,,,,,,10000,10000,1.0,322.198581031827,322.198581031827,11189,True,92,45500,0.0,0.0,2,RIGHT,greedy,6956,13031,11736,14029,6625,39127,0.14480241300926736,1,22876,2,2,322.198581031827,161.0992905159135,2,2,161.0992905159135,322.198581031827,161.0992905159135,322.198581031827,78.79611652310527,2521.4757287393686,2,RIGHT,False,,
45795,double_dqn,dueling,251,,,4.0,4.0,0.05,0.0008517640526406467,0.5377405881881714,1.8272895812988281,0.14502383768558502,0.5726741552352905,1.9165652990341187,0.033013224601745605,0.1016695499420166,0.1897503137588501,10000,10000,1.0,322.160312679195,322.160312679195,11200,True,92,45500,0.0,0.0,2,RIGHT,greedy,6960,13043,11755,14038,6631,39165,0.14479430517949166,0,22898,2,2,322.160312679195,161.0801563395975,2,2,161.0801563395975,322.160312679195,161.0801563395975,322.160312679195,78.78844226585257,2521.230152507282,2,RIGHT,False,,
45796,double_dqn,dueling,251,,,0.0,0.0,0.05,0.0008517640526406467,0.5377405881881714,1.8272895812988281,0.14502383768558502,0.5726741552352905,1.9165652990341187,0.033013224601745605,0.1016695499420166,0.1897503137588501,10000,10000,1.0,322.1601374951638,322.1601374951638,11200,True,92,45500,0.0,0.0,1,FIRE,greedy,6960,13043,11755,14038,6631,39165,0.14479430517949166,1,22898,2,2,322.1601374951638,161.0800687475819,2,2,161.0800687475819,322.1601374951638,161.0800687475819,322.1601374951638,78.78839942234768,2521.228781515126,1,FIRE,False,,
46069,double_dqn,dueling,252,9.0,400,0.0,0.0,0.05,,,,,,,,,,10000,10000,1.0,322.23973309106356,322.23973309106356,11268,False,93,46000,0.0,0.0,3,LEFT,greedy,6981,13086,11834,14169,6642,39428,0.14417191230735837,0,23035,2,2,322.23973309106356,161.11986654553178,2,2,161.11986654553178,322.23973309106356,161.11986654553178,322.23973309106356,78.81478863620804,2522.073236358657,3,LEFT,False,,
46195,double_dqn,dueling,252,,,0.0,0.0,0.05,0.001699585234746337,0.6289046406745911,1.6073485612869263,0.13704004883766174,0.6153777837753296,1.5987458229064941,0.04035569727420807,0.15260785818099976,0.2017345130443573,10000,10000,1.0,322.29401563198104,322.29401563198104,11300,True,93,46000,0.0,0.0,2,RIGHT,greedy,6981,13102,11928,14185,6646,39550,0.1438652697203221,0,23098,2,2,322.29401563198104,161.14700781599052,2,2,161.14700781599052,322.29401563198104,161.14700781599052,322.29401563198104,78.83631432681153,2522.762058457969,2,RIGHT,False,,
46196,double_dqn,dueling,252,,,3.0,3.0,0.05,0.001699585234746337,0.6289046406745911,1.6073485612869263,0.13704004883766174,0.6153777837753296,1.5987458229064941,0.04035569727420807,0.15260785818099976,0.2017345130443573,10000,10000,1.0,322.29383957156904,322.29383957156904,11300,True,93,46000,0.0,0.0,3,LEFT,greedy,6981,13102,11928,14185,6646,39550,0.1438652697203221,1,23098,2,2,322.29383957156904,161.14691978578452,2,2,161.14691978578452,322.29383957156904,161.14691978578452,322.29383957156904,78.83627126068772,2522.760680342007,3,LEFT,False,,
46319,double_dqn,dueling,253,0.0,125,0.0,0.0,0.05,,,,,,,,,,10000,10000,1.0,322.1847841000763,322.1847841000763,11331,True,93,46000,0.0,0.0,2,RIGHT,greedy,7000,13109,12010,14201,6656,39664,0.14369602763385148,0,23160,2,2,322.1847841000763,161.09239205003814,2,2,161.09239205003814,322.1847841000763,161.09239205003814,322.1847841000763,78.81424414157954,2522.055812530545,2,RIGHT,False,,
46330,double_dqn,dueling,254,5.0,289,0.0,0.0,0.05,,,,,,,,,,10000,10000,1.0,322.1818799462362,322.1818799462362,11333,False,93,46000,0.0,0.0,0,NOOP,greedy,7005,13111,12010,14204,6656,39674,0.14366501187135766,1,23165,2,2,322.1818799462362,161.0909399731181,2,2,161.0909399731181,322.1818799462362,161.0909399731181,322.1818799462362,78.81043050789327,2521.9337762525847,0,NOOP,False,,
46595,double_dqn,dueling,254,,,1.0,1.0,0.05,0.0027023744769394398,0.8099223375320435,1.3183376789093018,0.2512989342212677,0.8329453468322754,1.4076141119003296,0.04589713737368584,0.2578566074371338,0.12968453764915466,10000,10000,1.0,322.2987947006773,322.2987947006773,11400,True,94,46500,0.0,0.0,2,RIGHT,greedy,7021,13187,12083,14305,6670,39926,0.1431453343634647,0,23298,2,2,322.2987947006773,161.14939735033866,2,2,161.14939735033866,322.2987947006773,161.14939735033866,322.2987947006773,78.8523963341858,2523.2766826939455,2,RIGHT,False,,
46596,double_dqn,dueling,254,,,2.0,2.0,0.05,0.0027023744769394398,0.8099223375320435,1.3183376789093018,0.2512989342212677,0.8329453468322754,1.4076141119003296,0.04589713737368584,0.2578566074371338,0.12968453764915466,10000,10000,1.0,322.298632853306,322.298632853306,11400,True,94,46500,0.0,0.0,1,FIRE,fire_reset,7021,13187,12083,14305,6670,39926,0.1431453343634647,1,23298,2,2,322.298632853306,161.149316426653,2,2,161.149316426653,322.298632853306,161.149316426653,322.298632853306,78.85235673722399,2523.2754155911675,3,LEFT,True,after_life_loss,
46751,double_dqn,dueling,255,2.0,216,0.0,0.0,0.05,,,,,,,,,,10000,10000,1.0,322.3610019858906,322.3610019858906,11439,True,94,46500,0.0,0.0,3,LEFT,greedy,7034,13205,12136,14377,6679,40073,0.14286019849418208,0,23376,2,2,322.3610019858906,161.1805009929453,2,2,161.1805009929453,322.3610019858906,161.1805009929453,322.3610019858906,78.8733637430827,2523.9476397786466,3,LEFT,False,,
46754,double_dqn,dueling,256,3.0,212,0.0,0.0,0.05,,,,,,,,,,10000,10000,1.0,322.3499546385488,322.3499546385488,11439,False,94,46500,0.0,0.0,3,LEFT,greedy,7034,13206,12136,14378,6679,40075,0.1428540873508149,1,23377,2,2,322.3499546385488,161.1749773192744,2,2,161.1749773192744,322.3499546385488,161.1749773192744,322.3499546385488,78.86728688690506,2523.753180380962,3,LEFT,False,,
46995,double_dqn,dueling,256,,,1.0,1.0,0.05,0.002027439419180155,0.7084306478500366,1.3625907897949219,0.2591443657875061,0.6845325827598572,1.2670460939407349,0.04594172164797783,0.24267148971557617,0.22820909321308136,10000,10000,1.0,322.4343395803435,322.4343395803435,11500,True,94,46500,0.0,0.0,2,RIGHT,greedy,7064,13244,12258,14430,6697,40299,0.1425014894884671,0,23498,2,2,322.4343395803435,161.21716979017174,2,2,161.21716979017174,322.4343395803435,161.21716979017174,322.4343395803435,78.90022353336349,2524.8071530676316,2,RIGHT,False,,
46996,double_dqn,dueling,256,,,2.0,2.0,0.05,0.002027439419180155,0.7084306478500366,1.3625907897949219,0.2591443657875061,0.6845325827598572,1.2670460939407349,0.04594172164797783,0.24267148971557617,0.22820909321308136,10000,10000,1.0,322.4341747725875,322.4341747725875,11500,True,94,46500,0.0,0.0,2,RIGHT,greedy,7064,13244,12258,14430,6697,40299,0.1425014894884671,1,23498,2,2,322.4341747725875,161.21708738629374,2,2,161.21708738629374,322.4341747725875,161.21708738629374,322.4341747725875,78.90018320462924,2524.805862548136,2,RIGHT,False,,
47057,double_dqn,dueling,257,1.0,153,0.0,0.0,0.05,,,,,,,,,,10000,10000,1.0,322.45838600608687,322.45838600608687,11515,False,95,47000,0.0,0.0,2,RIGHT,greedy,7072,13246,12299,14441,6699,40359,0.1423562412342216,0,23529,2,2,322.45838600608687,161.22919300304343,2,2,161.22919300304343,322.45838600608687,161.22919300304343,322.45838600608687,78.90493252709615,2524.957840867077,2,RIGHT,False,,
47350,double_dqn,dueling,258,4.0,298,0.0,0.0,0.05,,,,,,,,,,10000,10000,1.0,322.4959742865024,322.4959742865024,11588,False,95,47000,0.0,0.0,3,LEFT,greedy,7086,13339,12357,14568,6713,40637,0.1417740232312566,1,23675,2,2,322.4959742865024,161.2479871432512,2,2,161.2479871432512,322.4959742865024,161.2479871432512,322.4959742865024,78.9246747630832,2525.5895924186625,3,LEFT,False,,
47395,double_dqn,dueling,258,,,2.0,2.0,0.05,0.0015012659132480621,0.6383832693099976,1.488330364227295,0.19444245100021362,0.6201599836349487,1.5209459066390991,0.04542984440922737,0.11340740323066711,0.16206462681293488,10000,10000,1.0,322.514797113525,322.514797113525,11600,True,95,47000,0.0,0.0,2,RIGHT,greedy,7091,13345,12378,14582,6714,40682,0.1416575238416744,0,23698,2,2,322.514797113525,161.2573985567625,2,2,161.2573985567625,322.514797113525,161.2573985567625,322.514797113525,78.93433299259199,2525.8986557629437,2,RIGHT,False,,
47396,double_dqn,dueling,258,,,0.0,0.0,0.05,0.0015012659132480621,0.6383832693099976,1.488330364227295,0.19444245100021362,0.6201599836349487,1.5209459066390991,0.04542984440922737,0.11340740323066711,0.16206462681293488,10000,10000,1.0,322.51452981010596,322.51452981010596,11600,True,95,47000,0.0,0.0,3,LEFT,greedy,7091,13345,12378,14582,6714,40682,0.1416575238416744,1,23698,2,2,322.51452981010596,161.25726490505298,2,2,161.25726490505298,322.51452981010596,161.25726490505298,322.51452981010596,78.93426757104459,2525.8965622734268,3,LEFT,False,,
47455,double_dqn,dueling,259,2.0,199,0.0,0.0,0.05,,,,,,,,,,10000,10000,1.0,322.5047096670588,322.5047096670588,11615,True,95,47000,0.0,0.0,2,RIGHT,greedy,7091,13359,12414,14592,6716,40740,0.1415205664194201,0,23728,2,2,322.5047096670588,161.2523548335294,2,2,161.2523548335294,322.5047096670588,161.2523548335294,322.5047096670588,78.93400629599816,2525.888201471941,2,RIGHT,False,,
47784,double_dqn,dueling,260,2.0,217,0.0,0.0,0.05,,,,,,,,,,10000,10000,1.0,322.61786797110943,322.61786797110943,11697,True,96,47500,0.0,0.0,2,RIGHT,greedy,7104,13417,12610,14653,6727,41057,0.14077934036497572,1,23892,2,2,322.61786797110943,161.30893398555472,2,2,161.30893398555472,322.61786797110943,161.30893398555472,322.61786797110943,78.97332164862856,2527.146292756114,2,RIGHT,False,,
47795,double_dqn,dueling,260,,,2.0,2.0,0.05,0.0010565553093329072,0.7292295694351196,1.5388323068618774,0.2514856159687042,0.7389402389526367,1.5452723503112793,0.034674666821956635,0.11162984371185303,0.09315342456102371,10000,10000,1.0,322.60327478580274,322.60327478580274,11700,True,96,47500,0.0,0.0,2,RIGHT,greedy,7105,13420,12616,14655,6728,41068,0.14076491756632353,0,23898,2,2,322.60327478580274,161.30163739290137,2,2,161.30163739290137,322.60327478580274,161.30163739290137,322.60327478580274,78.97017145773479,2527.0454866475134,2,RIGHT,False,,
47796,double_dqn,dueling,260,,,0.0,0.0,0.05,0.0010565553093329072,0.7292295694351196,1.5388323068618774,0.2514856159687042,0.7389402389526367,1.5452723503112793,0.034674666821956635,0.11162984371185303,0.09315342456102371,10000,10000,1.0,322.60309971948567,322.60309971948567,11700,True,96,47500,0.0,0.0,2,RIGHT,greedy,7105,13420,12616,14655,6728,41068,0.14076491756632353,1,23898,2,2,322.60309971948567,161.30154985974283,2,2,161.30154985974283,322.60309971948567,161.30154985974283,322.60309971948567,78.97012860318817,2527.0441153020215,2,RIGHT,False,,
47851,double_dqn,dueling,261,2.0,198,0.0,0.0,0.05,,,,,,,,,,10000,10000,1.0,322.57750552517325,322.57750552517325,11714,True,96,47500,0.0,0.0,2,RIGHT,greedy,7114,13427,12644,14667,6732,41120,0.1406837749728329,0,23926,2,2,322.57750552517325,161.28875276258663,2,2,161.28875276258663,322.57750552517325,161.28875276258663,322.57750552517325,78.96583005353756,2526.906561713202,2,RIGHT,False,,
48084,double_dqn,dueling,262,1.0,150,0.0,0.0,0.05,,,,,,,,,,10000,10000,1.0,322.5638022515061,322.5638022515061,11772,True,97,48000,0.0,0.0,0,NOOP,greedy,7143,13468,12770,14703,6745,41339,0.14027535146826386,1,24042,2,2,322.5638022515061,161.28190112575305,2,2,161.28190112575305,322.5638022515061,161.28190112575305,322.5638022515061,78.97057399768592,2527.0583679259494,0,NOOP,False,,
48195,double_dqn,dueling,262,,,3.0,3.0,0.05,0.0008887891308404505,0.6471866965293884,1.4640053510665894,0.19352151453495026,0.6523615717887878,1.4816921949386597,0.03345537930727005,0.12364280223846436,0.06372303515672684,10000,10000,1.0,322.4697701971378,322.4697701971378,11800,True,97,48000,0.0,0.0,2,RIGHT,greedy,7175,13480,12823,14718,6752,41444,0.14009461366088471,0,24098,2,2,322.4697701971378,161.2348850985689,2,2,161.2348850985689,322.4697701971378,161.2348850985689,322.4697701971378,78.95143348672558,2526.4458715752185,2,RIGHT,False,,
48196,double_dqn,dueling,262,,,1.0,1.0,0.05,0.0008887891308404505,0.6471866965293884,1.4640053510665894,0.19352151453495026,0.6523615717887878,1.4816921949386597,0.03345537930727005,0.12364280223846436,0.06372303515672684,10000,10000,1.0,322.4695238012569,322.4695238012569,11800,True,97,48000,0.0,0.0,1,FIRE,fire_reset,7175,13480,12823,14718,6752,41444,0.14009461366088471,1,24098,2,2,322.4695238012569,161.23476190062846,2,2,161.23476190062846,322.4695238012569,161.23476190062846,322.4695238012569,78.95137316073598,2526.4439411435515,3,LEFT,True,after_life_loss,
48546,double_dqn,dueling,263,3.0,231,0.0,0.0,0.05,,,,,,,,,,10000,10000,1.0,322.3652307649628,322.3652307649628,11887,False,98,48500,0.0,0.0,0,NOOP,greedy,7244,13543,12921,14838,6762,41784,0.139290569768879,1,24273,2,2,322.3652307649628,161.1826153824814,2,2,161.1826153824814,322.3652307649628,161.1826153824814,322.3652307649628,78.9345259774876,2525.904831279603,0,NOOP,False,,
48547,double_dqn,dueling,264,5.0,348,0.0,0.0,0.05,,,,,,,,,,10000,10000,1.0,322.34420818988696,322.34420818988696,11888,True,98,48500,0.0,0.0,0,NOOP,greedy,7245,13544,12921,14838,6762,41786,0.1392848315069622,0,24274,2,2,322.34420818988696,161.17210409494348,2,2,161.17210409494348,322.34420818988696,161.17210409494348,322.34420818988696,78.93276647774113,2525.848527287716,0,NOOP,False,,
48595,double_dqn,dueling,264,,,0.0,0.0,0.05,0.0008200170705094934,0.6682162284851074,1.5884287357330322,0.2710088789463043,0.6651197671890259,1.5959943532943726,0.0277034193277359,0.10727047920227051,0.13134044408798218,10000,10000,1.0,322.30196237766387,322.30196237766387,11900,True,98,48500,0.0,0.0,1,FIRE,greedy,7256,13548,12929,14863,6764,41832,0.1391884105687711,0,24298,2,2,322.30196237766387,161.15098118883193,2,2,161.15098118883193,322.30196237766387,161.15098118883193,322.30196237766387,78.9240544961355,2525.569743876336,1,FIRE,False,,
48596,double_dqn,dueling,264,,,0.0,0.0,0.05,0.0008200170705094934,0.6682162284851074,1.5884287357330322,0.2710088789463043,0.6651197671890259,1.5959943532943726,0.0277034193277359,0.10727047920227051,0.13134044408798218,10000,10000,1.0,322.30178559907006,322.30178559907006,11900,True,98,48500,0.0,0.0,3,LEFT,greedy,7256,13548,12929,14863,6764,41832,0.1391884105687711,1,24298,2,2,322.30178559907006,161.15089279953503,2,2,161.15089279953503,322.30178559907006,161.15089279953503,322.30178559907006,78.92401120727908,2525.5683586329305,3,LEFT,False,,
48888,double_dqn,dueling,265,1.0,171,0.0,0.0,0.05,,,,,,,,,,10000,10000,1.0,322.31727013413814,322.31727013413814,11973,True,98,48500,0.0,0.0,2,RIGHT,greedy,7260,13594,13124,14910,6777,42111,0.13862297496318116,1,24444,2,2,322.31727013413814,161.15863506706907,2,2,161.15863506706907,322.31727013413814,161.15863506706907,322.31727013413814,78.93766722541393,2526.005351213246,2,RIGHT,False,,
48911,double_dqn,dueling,266,2.0,182,0.0,0.0,0.05,,,,,,,,,,10000,10000,1.0,322.3109029616162,322.3109029616162,11979,True,98,48500,0.0,0.0,2,RIGHT,greedy,7260,13596,13145,14911,6778,42134,0.1385754007196598,0,24456,2,2,322.3109029616162,161.1554514808081,2,2,161.1554514808081,322.3109029616162,161.1554514808081,322.3109029616162,78.93691336639681,2525.981227724698,2,RIGHT,False,,
48995,double_dqn,dueling,266,,,1.0,1.0,0.05,0.0010957899503409863,0.7322273254394531,1.638731837272644,0.2529759407043457,0.7393549680709839,1.5896841287612915,0.03583214432001114,0.12322038412094116,0.11085641384124756,10000,10000,1.0,322.3362287767564,322.3362287767564,12000,True,98,48500,0.0,0.0,2,RIGHT,greedy,7268,13603,13186,14939,6785,42211,0.13848069230141236,0,24498,2,2,322.3362287767564,161.1681143883782,2,2,161.1681143883782,322.3362287767564,161.1681143883782,322.3362287767564,78.94592916403538,2526.269733249132,2,RIGHT,False,,
48996,double_dqn,dueling,266,,,1.0,1.0,0.05,0.0010957899503409863,0.7322273254394531,1.638731837272644,0.2529759407043457,0.7393549680709839,1.5896841287612915,0.03583214432001114,0.12322038412094116,0.11085641384124756,10000,10000,1.0,322.3360684596645,322.3360684596645,12000,True,98,48500,0.0,0.0,2,RIGHT,greedy,7268,13603,13186,14939,6785,42211,0.13848069230141236,1,24498,2,2,322.3360684596645,161.16803422983224,2,2,161.16803422983224,322.3360684596645,161.16803422983224,322.3360684596645,78.94588989950147,2526.268476784047,2,RIGHT,False,,
49273,double_dqn,dueling,267,2.0,181,0.0,0.0,0.05,,,,,,,,,,10000,10000,1.0,322.37624621079493,322.37624621079493,12069,False,99,49000,0.0,0.0,0,NOOP,greedy,7302,13655,13336,14981,6803,42471,0.13806469943580793,0,24637,2,2,322.37624621079493,161.18812310539747,2,2,161.18812310539747,322.37624621079493,161.18812310539747,322.37624621079493,78.96170222669326,2526.7744712541844,0,NOOP,False,,
49395,double_dqn,dueling,267,,,1.0,1.0,0.05,0.0020142619032412767,0.8525432348251343,1.7747725248336792,0.21328149735927582,0.8457626104354858,1.7925279140472412,0.04657270014286041,0.15261483192443848,0.18669022619724274,10000,10000,1.0,322.36125313341466,322.36125313341466,12100,True,99,49000,0.0,0.0,2,RIGHT,greedy,7315,13675,13396,15010,6807,42589,0.13780468054093448,0,24698,2,2,322.36125313341466,161.18062656670733,2,2,161.18062656670733,322.36125313341466,161.18062656670733,322.36125313341466,78.96532437675758,2526.8903800562425,2,RIGHT,False,,
49396,double_dqn,dueling,267,,,4.0,4.0,0.05,0.0020142619032412767,0.8525432348251343,1.7747725248336792,0.21328149735927582,0.8457626104354858,1.7925279140472412,0.04657270014286041,0.15261483192443848,0.18669022619724274,10000,10000,1.0,322.3610886200666,322.3610886200666,12100,True,99,49000,0.0,0.0,1,FIRE,greedy,7315,13675,13396,15010,6807,42589,0.13780468054093448,1,24698,2,2,322.3610886200666,161.1805443100333,2,2,161.1805443100333,322.3610886200666,161.1805443100333,322.3610886200666,78.96528407771491,2526.889090486877,1,FIRE,False,,
49644,double_dqn,dueling,268,6.0,378,0.0,0.0,0.05,,,,,,,,,,10000,10000,1.0,322.40370758522937,322.40370758522937,12162,True,100,49500,0.0,0.0,0,NOOP,greedy,7369,13691,13504,15080,6820,42824,0.13737813230199017,1,24822,2,2,322.40370758522937,161.20185379261468,2,2,161.20185379261468,322.40370758522937,161.20185379261468,322.40370758522937,78.98384279372249,2527.4829693991196,0,NOOP,False,,
49795,double_dqn,dueling,268,,,3.0,3.0,0.05,0.003193376585841179,0.6903786659240723,1.6357008218765259,0.21233661472797394,0.6621755361557007,1.6013696193695068,0.05827493965625763,0.2028525471687317,0.2433352917432785,10000,10000,1.0,322.3974726395796,322.3974726395796,12200,True,100,49500,0.0,0.0,3,LEFT,greedy,7386,13754,13538,15118,6826,42970,0.13707928347658446,0,24898,2,2,322.3974726395796,161.1987363197898,2,2,161.1987363197898,322.3974726395796,161.1987363197898,322.3974726395796,78.98725130939977,2527.5920419007925,3,LEFT,False,,
49796,double_dqn,dueling,268,,,1.0,1.0,0.05,0.003193376585841179,0.6903786659240723,1.6357008218765259,0.21233661472797394,0.6621755361557007,1.6013696193695068,0.05827493965625763,0.2028525471687317,0.2433352917432785,10000,10000,1.0,322.39731191585497,322.39731191585497,12200,True,100,49500,0.0,0.0,1,FIRE,greedy,7386,13754,13538,15118,6826,42970,0.13707928347658446,1,24898,2,2,322.39731191585497,161.19865595792749,2,2,161.19865595792749,322.39731191585497,161.19865595792749,322.39731191585497,78.9872119321518,2527.5907818288574,1,FIRE,False,,
49865,double_dqn,dueling,269,4.0,296,0.0,0.0,0.05,,,,,,,,,,10000,10000,1.0,322.42220849888366,322.42220849888366,12217,False,100,49500,0.0,0.0,3,LEFT,greedy,7389,13762,13541,15174,6831,43035,0.13698712549633016,0,24933,2,2,322.42220849888366,161.21110424944183,2,2,161.21110424944183,322.42220849888366,161.21110424944183,322.42220849888366,78.99234190091168,2527.754940829174,3,LEFT,False,,
50068,double_dqn,dueling,270,3.0,212,0.0,0.0,0.05,,,,,,,,,,10000,10000,1.0,322.2578404338966,322.2578404338966,12268,True,101,50000,0.0,0.0,1,FIRE,greedy,7396,13822,13575,15275,6843,43225,0.13667412319245825,1,25034,2,2,322.2578404338966,161.1289202169483,2,2,161.1289202169483,322.2578404338966,161.1289202169483,322.2578404338966,78.96179568672692,2526.7774619752613,1,FIRE,False,,
50195,double_dqn,dueling,270,,,2.0,2.0,0.05,0.0017080538673326373,0.6912522315979004,1.710605263710022,0.21889954805374146,0.6852867603302002,1.6947964429855347,0.03627489507198334,0.22750699520111084,0.18870998919010162,10000,10000,1.0,322.29178061364155,322.29178061364155,12300,True,101,50000,0.0,0.0,3,LEFT,greedy,7402,13837,13664,15293,6851,43345,0.1364849788827795,0,25098,2,2,322.29178061364155,161.14589030682077,2,2,161.14589030682077,322.29178061364155,161.14589030682077,322.29178061364155,78.9741991702086,2527.1743734466754,3,LEFT,False,,
50196,double_dqn,dueling,270,,,1.0,1.0,0.05,0.0017080538673326373,0.6912522315979004,1.710605263710022,0.21889954805374146,0.6852867603302002,1.6947964429855347,0.03627489507198334,0.22750699520111084,0.18870998919010162,10000,10000,1.0,322.2916293458832,322.2916293458832,12300,True,101,50000,0.0,0.0,2,RIGHT,greedy,7402,13837,13664,15293,6851,43345,0.1364849788827795,1,25098,2,2,322.2916293458832,161.1458146729416,2,2,161.1458146729416,322.2916293458832,161.1458146729416,322.2916293458832,78.974162103641,2527.173187316512,2,RIGHT,False,,
50421,double_dqn,dueling,271,4.0,278,0.0,0.0,0.05,,,,,,,,,,10000,10000,1.0,322.2814352269796,322.2814352269796,12356,False,101,50000,0.0,0.0,3,LEFT,greedy,7413,13849,13785,15375,6865,43557,0.13615088651778987,0,25211,2,2,322.2814352269796,161.1407176134898,2,2,161.1407176134898,322.2814352269796,161.1407176134898,322.2814352269796,78.97563392298125,2527.2202855354,3,LEFT,False,,
50595,double_dqn,dueling,271,,,0.0,0.0,0.05,0.0033408482559025288,0.735605001449585,1.3286540508270264,0.34477439522743225,0.7078927755355835,1.360221266746521,0.057091742753982544,0.31016573309898376,0.29252007603645325,10000,10000,1.0,321.9154392628185,321.9154392628185,12400,True,102,50500,0.0,0.0,2,RIGHT,greedy,7423,13866,13881,15426,6877,43719,0.13591983556012333,0,25298,2,2,321.9154392628185,160.95771963140925,2,2,160.95771963140925,321.9154392628185,160.95771963140925,321.9154392628185,78.89460524268617,2524.6273677659574,2,RIGHT,False,,
50596,double_dqn,dueling,271,,,4.0,4.0,0.05,0.0033408482559025288,0.735605001449585,1.3286540508270264,0.34477439522743225,0.7078927755355835,1.360221266746521,0.057091742753982544,0.31016573309898376,0.29252007603645325,10000,10000,1.0,321.9152293249106,321.9152293249106,12400,True,102,50500,0.0,0.0,3,LEFT,greedy,7423,13866,13881,15426,6877,43719,0.13591983556012333,1,25298,2,2,321.9152293249106,160.9576146624553,2,2,160.9576146624553,321.9152293249106,160.9576146624553,321.9152293249106,78.89455379138454,2524.6257213243052,3,LEFT,False,,
50669,double_dqn,dueling,272,0.0,124,0.0,0.0,0.05,,,,,,,,,,10000,10000,1.0,321.5405029736481,321.5405029736481,12418,False,102,50500,0.0,0.0,2,RIGHT,greedy,7430,13879,13920,15441,6883,43787,0.13583974738504045,0,25335,2,2,321.5405029736481,160.77025148682404,2,2,160.77025148682404,321.5405029736481,160.77025148682404,321.5405029736481,78.80185446865525,2521.659342996968,2,RIGHT,False,,
50764,double_dqn,dueling,273,5.0,348,0.0,0.0,0.05,,,,,,,,,,10000,10000,1.0,321.3918719963041,321.3918719963041,12442,True,102,50500,0.0,0.0,2,RIGHT,greedy,7440,13883,13976,15465,6887,43877,0.1356670081159877,1,25382,2,2,321.3918719963041,160.69593599815204,2,2,160.69593599815204,321.3918719963041,160.69593599815204,321.3918719963041,78.77152453270064,2520.6887850464204,2,RIGHT,False,,
50919,double_dqn,dueling,274,0.0,125,0.0,0.0,0.05,,,,,,,,,,10000,10000,1.0,321.1346783525806,321.1346783525806,12481,True,102,50500,0.0,0.0,2,RIGHT,greedy,7441,13898,14115,15466,6892,44028,0.13534956794972505,0,25460,2,2,321.1346783525806,160.5673391762903,2,2,160.5673391762903,321.1346783525806,160.5673391762903,321.1346783525806,78.7133134430196,2518.8260301766272,2,RIGHT,False,,
50995,double_dqn,dueling,274,,,1.0,1.0,0.05,0.006984066218137741,0.7518333196640015,1.692399263381958,0.21284815669059753,0.7733275890350342,1.8628345727920532,0.07536685466766357,0.4006996750831604,0.19017329812049866,10000,10000,1.0,321.1326157180479,321.1326157180479,12500,True,102,50500,0.0,0.0,2,RIGHT,greedy,7445,13916,14147,15488,6898,44098,0.13526551102047218,0,25498,2,2,321.1326157180479,160.56630785902394,2,2,160.56630785902394,321.1326157180479,160.56630785902394,321.1326157180479,78.71514817781,2518.88474168992,2,RIGHT,False,,
50996,double_dqn,dueling,274,,,0.0,0.0,0.05,0.006984066218137741,0.7518333196640015,1.692399263381958,0.21284815669059753,0.7733275890350342,1.8628345727920532,0.07536685466766357,0.4006996750831604,0.19017329812049866,10000,10000,1.0,321.1324616231934,321.1324616231934,12500,True,102,50500,0.0,0.0,2,RIGHT,greedy,7445,13916,14147,15488,6898,44098,0.13526551102047218,1,25498,2,2,321.1324616231934,160.5662308115967,2,2,160.5662308115967,321.1324616231934,160.5662308115967,321.1324616231934,78.71511040650086,2518.8835330080274,2,RIGHT,False,,
51012,double_dqn,dueling,275,0.0,124,0.0,0.0,0.05,,,,,,,,,,10000,10000,1.0,321.1218105034643,321.1218105034643,12504,True,103,51000,0.0,0.0,2,RIGHT,greedy,7448,13918,14157,15489,6900,44112,0.13526229122559397,1,25506,2,2,321.1218105034643,160.56090525173215,2,2,160.56090525173215,321.1218105034643,160.56090525173215,321.1218105034643,78.71299142427895,2518.8157255769265,2,RIGHT,False,,
51373,double_dqn,dueling,276,3.0,227,0.0,0.0,0.05,,,,,,,,,,10000,10000,1.0,321.2213469125185,321.2213469125185,12594,False,103,51000,0.0,0.0,2,RIGHT,greedy,7489,14001,14358,15526,6913,44461,0.1345622299217503,0,25687,2,2,321.2213469125185,160.61067345625926,2,2,160.61067345625926,321.2213469125185,160.61067345625926,321.2213469125185,78.74531169494799,2519.8499742383356,2,RIGHT,False,,
51395,double_dqn,dueling,276,,,0.0,0.0,0.05,0.0042534987442195415,0.6639307141304016,1.924032211303711,-0.006396898068487644,0.6791062951087952,1.6783541440963745,0.05168560892343521,0.43663716316223145,0.2532801628112793,10000,10000,1.0,321.21461432839607,321.21461432839607,12600,True,103,51000,0.0,0.0,2,RIGHT,greedy,7494,14003,14373,15526,6913,44483,0.13450463071056112,0,25698,2,2,321.21461432839607,160.60730716419803,2,2,160.60730716419803,321.21461432839607,160.60730716419803,321.21461432839607,78.74745389792572,2519.918524733623,2,RIGHT,False,,
51396,double_dqn,dueling,276,,,2.0,2.0,0.05,0.0042534987442195415,0.6639307141304016,1.924032211303711,-0.006396898068487644,0.6791062951087952,1.6783541440963745,0.05168560892343521,0.43663716316223145,0.2532801628112793,10000,10000,1.0,321.21424313739965,321.21424313739965,12600,True,103,51000,0.0,0.0,0,NOOP,greedy,7494,14003,14373,15526,6913,44483,0.13450463071056112,1,25698,2,2,321.21424313739965,160.60712156869982,2,2,160.60712156869982,321.21424313739965,160.60712156869982,321.21424313739965,78.74736289849862,2519.915612751956,0,NOOP,False,,
51406,double_dqn,dueling,277,2.0,197,0.0,0.0,0.05,,,,,,,,,,10000,10000,1.0,321.2064903177725,321.2064903177725,12602,False,103,51000,0.0,0.0,2,RIGHT,greedy,7494,14004,14382,15526,6914,44492,0.13449791853091078,1,25703,2,2,321.2064903177725,160.60324515888624,2,2,160.60324515888624,321.2064903177725,160.60324515888624,321.2064903177725,78.7426407614786,2519.764504367315,2,RIGHT,False,,
51623,double_dqn,dueling,278,0.0,125,0.0,0.0,0.05,,,,,,,,,,10000,10000,1.0,321.30571772437,321.30571772437,12657,True,104,51500,0.0,0.0,3,LEFT,greedy,7516,14052,14492,15564,6918,44706,0.13400743840074383,0,25812,2,2,321.30571772437,160.652858862185,2,2,160.652858862185,321.30571772437,160.652858862185,321.30571772437,78.77666335885154,2520.853227483249,3,LEFT,False,,
51795,double_dqn,dueling,278,,,2.0,2.0,0.05,0.003633105428889394,0.70753014087677,1.5840758085250854,0.1264241635799408,0.6831947565078735,1.5650458335876465,0.05266879126429558,0.3882538378238678,0.21736972033977509,10000,10000,1.0,321.27964364605646,321.27964364605646,12700,True,104,51500,0.0,0.0,1,FIRE,greedy,7542,14086,14553,15615,6927,44869,0.13373619584523902,0,25898,2,2,321.27964364605646,160.63982182302823,2,2,160.63982182302823,321.27964364605646,160.63982182302823,321.27964364605646,78.77541652453698,2520.8133287851833,1,FIRE,False,,
51796,double_dqn,dueling,278,,,2.0,2.0,0.05,0.003633105428889394,0.70753014087677,1.5840758085250854,0.1264241635799408,0.6831947565078735,1.5650458335876465,0.05266879126429558,0.3882538378238678,0.21736972033977509,10000,10000,1.0,321.27950036126674,321.27950036126674,12700,True,104,51500,0.0,0.0,2,RIGHT,greedy,7542,14086,14553,15615,6927,44869,0.13373619584523902,1,25898,2,2,321.27950036126674,160.63975018063337,2,2,160.63975018063337,321.27950036126674,160.63975018063337,321.27950036126674,78.77538139215552,2520.8122045489768,2,RIGHT,False,,
51804,double_dqn,dueling,279,2.0,199,0.0,0.0,0.05,,,,,,,,,,10000,10000,1.0,321.26863339867236,321.26863339867236,12702,True,104,51500,0.0,0.0,2,RIGHT,greedy,7542,14090,14555,15617,6927,44877,0.1337155432012972,1,25902,2,2,321.26863339867236,160.63431669933618,2,2,160.63431669933618,321.26863339867236,160.63431669933618,321.26863339867236,78.7729553978445,2520.734572731024,2,RIGHT,False,,
52177,double_dqn,dueling,280,4.0,277,0.0,0.0,0.05,,,,,,,,,,10000,10000,1.0,321.43441464674294,321.43441464674294,12795,False,105,52000,0.0,0.0,3,LEFT,greedy,7559,14263,14655,15701,6946,45232,0.13312123883629115,0,26089,2,2,321.43441464674294,160.71720732337147,2,2,160.71720732337147,321.43441464674294,160.71720732337147,321.43441464674294,78.82159790342818,2522.291132909702,3,LEFT,False,,
52195,double_dqn,dueling,280,,,0.0,0.0,0.05,0.003507968271151185,0.7918798923492432,1.8248438835144043,0.25921210646629333,0.7953166365623474,1.6150505542755127,0.05598347634077072,0.2097933292388916,0.21363607048988342,10000,10000,1.0,321.42800088091775,321.42800088091775,12800,True,105,52000,0.0,0.0,3,LEFT,greedy,7570,14268,14655,15703,6946,45250,0.13307533144302244,0,26098,2,2,321.42800088091775,160.71400044045888,2,2,160.71400044045888,321.42800088091775,160.71400044045888,321.42800088091775,78.82363421096917,2522.3562947510136,3,LEFT,False,,
52196,double_dqn,dueling,280,,,3.0,3.0,0.05,0.003507968271151185,0.7918798923492432,1.8248438835144043,0.25921210646629333,0.7953166365623474,1.6150505542755127,0.05598347634077072,0.2097933292388916,0.21363607048988342,10000,10000,1.0,321.4278573756561,321.4278573756561,12800,True,105,52000,0.0,0.0,0,NOOP,greedy,7570,14268,14655,15703,6946,45250,0.13307533144302244,1,26098,2,2,321.4278573756561,160.71392868782806,2,2,160.71392868782806,321.4278573756561,160.71392868782806,321.4278573756561,78.82359901924282,2522.3551686157703,0,NOOP,False,,
52416,double_dqn,dueling,281,5.0,306,0.0,0.0,0.05,,,,,,,,,,10000,10000,1.0,321.5333870303065,321.5333870303065,12855,True,105,52000,0.0,0.0,1,FIRE,greedy,7600,14337,14675,15804,6956,45460,0.1327075702075702,1,26208,2,2,321.5333870303065,160.76669351515326,2,2,160.76669351515326,321.5333870303065,160.76669351515326,321.5333870303065,78.85591594693587,2523.3893103019477,1,FIRE,False,,
52595,double_dqn,dueling,281,,,3.0,3.0,0.05,0.0007304574828594923,0.7064384818077087,1.7745435237884521,0.2721330523490906,0.7014153003692627,1.718839406967163,0.03050452098250389,0.09538036584854126,0.16415372490882874,10000,10000,1.0,321.58910793612597,321.58910793612597,12900,True,106,52500,0.0,0.0,3,LEFT,greedy,7619,14373,14695,15909,6963,45633,0.13238649326945015,0,26298,2,2,321.58910793612597,160.79455396806298,2,2,160.79455396806298,321.58910793612597,160.79455396806298,321.58910793612597,78.8748097265196,2523.9939112486272,3,LEFT,False,,
52596,double_dqn,dueling,281,,,2.0,2.0,0.05,0.0007304574828594923,0.7064384818077087,1.7745435237884521,0.2721330523490906,0.7014153003692627,1.718839406967163,0.03050452098250389,0.09538036584854126,0.16415372490882874,10000,10000,1.0,321.5889634131297,321.5889634131297,12900,True,106,52500,0.0,0.0,1,FIRE,greedy,7619,14373,14695,15909,6963,45633,0.13238649326945015,1,26298,2,2,321.5889634131297,160.79448170656485,2,2,160.79448170656485,321.5889634131297,160.79448170656485,321.5889634131297,78.87477427997136,2523.9927769590836,1,FIRE,False,,
52703,double_dqn,dueling,282,4.0,263,0.0,0.0,0.05,,,,,,,,,,10000,10000,1.0,321.5488469111741,321.5488469111741,12927,True,106,52500,0.0,0.0,3,LEFT,greedy,7621,14418,14705,15960,6967,45737,0.13219110503946568,0,26352,2,2,321.5488469111741,160.77442345558705,2,2,160.77442345558705,321.5488469111741,160.77442345558705,321.5488469111741,78.86805449341128,2523.777743789161,3,LEFT,False,,
52836,double_dqn,dueling,283,3.0,210,0.0,0.0,0.05,,,,,,,,,,10000,10000,1.0,321.49089901489725,321.49089901489725,12960,True,106,52500,0.0,0.0,1,FIRE,greedy,7637,14495,14719,15985,6973,45863,0.1319744113861761,1,26418,2,2,321.49089901489725,160.74544950744863,2,2,160.74544950744863,321.49089901489725,160.74544950744863,321.49089901489725,78.85763591553237,2523.444349297036,1,FIRE,False,,
52995,double_dqn,dueling,283,,,2.0,2.0,0.05,0.007588645443320274,0.8153120875358582,2.0138351917266846,0.27167078852653503,0.8591430187225342,2.0624496936798096,0.04878832772374153,0.6592316031455994,0.28472551703453064,10000,10000,1.0,321.49973255410526,321.49973255410526,13000,True,106,52500,0.0,0.0,3,LEFT,greedy,7685,14505,14785,16021,6980,46016,0.13170805343799533,0,26498,2,2,321.49973255410526,160.74986627705263,2,2,160.74986627705263,321.49973255410526,160.74986627705263,321.49973255410526,78.86437699455371,2523.6600638257187,3,LEFT,False,,
52996,double_dqn,dueling,283,,,2.0,2.0,0.05,0.007588645443320274,0.8153120875358582,2.0138351917266846,0.27167078852653503,0.8591430187225342,2.0624496936798096,0.04878832772374153,0.6592316031455994,0.28472551703453064,10000,10000,1.0,321.4995868611783,321.4995868611783,13000,True,106,52500,0.0,0.0,2,RIGHT,greedy,7685,14505,14785,16021,6980,46016,0.13170805343799533,1,26498,2,2,321.4995868611783,160.74979343058914,2,2,160.74979343058914,321.4995868611783,160.74979343058914,321.4995868611783,78.86434125585549,2523.6589201873758,2,RIGHT,False,,
53293,double_dqn,dueling,284,8.0,295,0.0,0.0,0.05,,,,,,,,,,10000,10000,1.0,321.54650190812544,321.54650190812544,13074,False,107,53000,0.0,0.0,1,FIRE,greedy,7703,14555,14877,16159,6990,46304,0.1311592299320749,0,26647,2,2,321.54650190812544,160.77325095406272,2,2,160.77325095406272,321.54650190812544,160.77325095406272,321.54650190812544,78.88128055591308,2524.2009777892185,1,FIRE,False,,
53395,double_dqn,dueling,284,,,1.0,1.0,0.05,0.002008417621254921,0.8616342544555664,2.0343775749206543,0.32862788438796997,0.8677784204483032,2.026322841644287,0.04710106551647186,0.1818993091583252,0.16800667345523834,10000,10000,1.0,321.4471659772126,321.4471659772126,13100,True,107,53000,0.0,0.0,2,RIGHT,greedy,7711,14566,14947,16172,6995,46401,0.13100232227133118,0,26698,2,2,321.4471659772126,160.7235829886063,2,2,160.7235829886063,321.4471659772126,160.7235829886063,321.4471659772126,78.86279635743286,2523.6094834378514,2,RIGHT,False,,
53396,double_dqn,dueling,284,,,4.0,4.0,0.05,0.002008417621254921,0.8616342544555664,2.0343775749206543,0.32862788438796997,0.8677784204483032,2.026322841644287,0.04710106551647186,0.1818993091583252,0.16800667345523834,10000,10000,1.0,321.44689196299487,321.44689196299487,13100,True,107,53000,0.0,0.0,2,RIGHT,greedy,7711,14566,14947,16172,6995,46401,0.13100232227133118,1,26698,2,2,321.44689196299487,160.72344598149743,2,2,160.72344598149743,321.44689196299487,160.72344598149743,321.44689196299487,78.8627291316809,2523.6073322137886,2,RIGHT,False,,
53532,double_dqn,dueling,285,5.0,348,0.0,0.0,0.05,,,,,,,,,,10000,10000,1.0,321.3587126088216,321.3587126088216,13134,True,108,53500,0.0,0.0,2,RIGHT,greedy,7718,14581,15033,16200,7005,46527,0.13085631024433983,1,26766,2,2,321.3587126088216,160.6793563044108,2,2,160.6793563044108,321.3587126088216,160.6793563044108,321.3587126088216,78.8449027012677,2523.0368864405664,2,RIGHT,False,,
53693,double_dqn,dueling,286,2.0,200,0.0,0.0,0.05,,,,,,,,,,10000,10000,1.0,321.327299892494,321.327299892494,13174,False,108,53500,0.0,0.0,3,LEFT,greedy,7728,14601,15140,16225,7012,46682,0.13059187246247253,0,26847,2,2,321.327299892494,160.663649946247,2,2,160.663649946247,321.327299892494,160.663649946247,321.327299892494,78.8387128689186,2522.8388118053954,3,LEFT,False,,
53795,double_dqn,dueling,286,,,1.0,1.0,0.05,0.003671773709356785,0.8874971270561218,2.376389980316162,0.2669382393360138,0.9265316128730774,2.7810091972351074,0.046129725873470306,0.4046192169189453,0.3804217278957367,10000,10000,1.0,321.233489018129,321.233489018129,13200,True,108,53500,0.0,0.0,0,NOOP,greedy,7745,14615,15188,16248,7019,46777,0.13047438471261805,0,26898,2,2,321.233489018129,160.6167445090645,2,2,160.6167445090645,321.233489018129,160.6167445090645,321.233489018129,78.82151191611462,2522.2883813156677,0,NOOP,False,,
53796,double_dqn,dueling,286,,,2.0,2.0,0.05,0.003671773709356785,0.8874971270561218,2.376389980316162,0.2669382393360138,0.9265316128730774,2.7810091972351074,0.046129725873470306,0.4046192169189453,0.3804217278957367,10000,10000,1.0,321.2333476476211,321.2333476476211,13200,True,108,53500,0.0,0.0,2,RIGHT,greedy,7745,14615,15188,16248,7019,46777,0.13047438471261805,1,26898,2,2,321.2333476476211,160.61667382381054,2,2,160.61667382381054,321.2333476476211,160.61667382381054,321.2333476476211,78.82147722783475,2522.287271290712,2,RIGHT,False,,
54026,double_dqn,dueling,287,3.0,247,0.0,0.0,0.05,,,,,,,,,,10000,10000,1.0,321.2913114689843,321.2913114689843,13257,False,109,54000,0.0,0.0,3,LEFT,greedy,7815,14689,15244,16278,7029,46997,0.13010402398845,1,27013,2,2,321.2913114689843,160.64565573449215,2,2,160.64565573449215,321.2913114689843,160.64565573449215,321.2913114689843,78.83905741947072,2522.849837423063,3,LEFT,False,,
54187,double_dqn,dueling,288,3.0,247,0.0,0.0,0.05,,,,,,,,,,10000,10000,1.0,321.36443153471413,321.36443153471413,13298,True,109,54000,0.0,0.0,0,NOOP,greedy,7891,14720,15267,16310,7034,47154,0.1298073374178785,0,27094,2,2,321.36443153471413,160.68221576735706,2,2,160.68221576735706,321.36443153471413,160.68221576735706,321.36443153471413,78.86440190722352,2523.6608610311528,0,NOOP,False,,
54195,double_dqn,dueling,288,,,0.0,0.0,0.05,0.008625605143606663,0.9583023190498352,1.9928714036941528,0.2873561978340149,0.9182889461517334,1.8998582363128662,0.06885149329900742,0.6238554120063782,0.5582757592201233,10000,10000,1.0,321.3483706480399,321.3483706480399,13300,True,109,54000,0.0,0.0,2,RIGHT,random,7892,14722,15268,16314,7035,47161,0.12980662779540925,0,27098,2,2,321.3483706480399,160.67418532401996,2,2,160.67418532401996,321.3483706480399,160.67418532401996,321.3483706480399,78.86067845632392,2523.5417106023656,2,RIGHT,False,,
54196,double_dqn,dueling,288,,,1.0,1.0,0.05,0.008625605143606663,0.9583023190498352,1.9928714036941528,0.2873561978340149,0.9182889461517334,1.8998582363128662,0.06885149329900742,0.6238554120063782,0.5582757592201233,10000,10000,1.0,321.34823345951725,321.34823345951725,13300,True,109,54000,0.0,0.0,3,LEFT,greedy,7892,14722,15268,16314,7035,47161,0.12980662779540925,1,27098,2,2,321.34823345951725,160.67411672975862,2,2,160.67411672975862,321.34823345951725,160.67411672975862,321.34823345951725,78.860644789497,2523.540633263904,3,LEFT,False,,
54390,double_dqn,dueling,289,2.0,182,0.0,0.0,0.05,,,,,,,,,,10000,10000,1.0,321.41271163226713,321.41271163226713,13348,False,109,54000,0.0,0.0,2,RIGHT,greedy,7959,14737,15350,16344,7038,47352,0.1293987865416437,1,27195,2,2,321.41271163226713,160.70635581613357,2,2,160.70635581613357,321.41271163226713,160.70635581613357,321.41271163226713,78.87878056384449,2524.1209780430236,2,RIGHT,False,,
54437,double_dqn,dueling,290,0.0,125,0.0,0.0,0.05,,,,,,,,,,10000,10000,1.0,321.3951269487208,321.3951269487208,13360,False,109,54000,0.0,0.0,0,NOOP,random,7964,14741,15389,16344,7042,47396,0.1293581689261178,0,27219,2,2,321.3951269487208,160.6975634743604,2,2,160.6975634743604,321.3951269487208,160.6975634743604,321.3951269487208,78.87576501772493,2524.0244805671978,0,NOOP,False,,
54595,double_dqn,dueling,290,,,0.0,0.0,0.05,0.003849669126793742,0.8042911887168884,1.9803591966629028,0.08048591017723083,0.8062325716018677,1.8631749153137207,0.05913683772087097,0.30146127939224243,0.5374173521995544,10000,10000,1.0,321.44764683706893,321.44764683706893,13400,True,110,54500,0.0,0.0,2,RIGHT,greedy,7974,14753,15503,16366,7051,47545,0.1291486555791633,0,27298,2,2,321.44764683706893,160.72382341853447,2,2,160.72382341853447,321.44764683706893,160.72382341853447,321.44764683706893,78.89586174109319,2524.667575714982,2,RIGHT,False,,
54596,double_dqn,dueling,290,,,2.0,2.0,0.05,0.003849669126793742,0.8042911887168884,1.9803591966629028,0.08048591017723083,0.8062325716018677,1.8631749153137207,0.05913683772087097,0.30146127939224243,0.5374173521995544,10000,10000,1.0,321.44750981290065,321.44750981290065,13400,True,110,54500,0.0,0.0,3,LEFT,greedy,7974,14753,15503,16366,7051,47545,0.1291486555791633,1,27298,2,2,321.44750981290065,160.72375490645032,2,2,160.72375490645032,321.44750981290065,160.72375490645032,321.44750981290065,78.89582810998733,2524.6664995195947,3,LEFT,False,,
54687,double_dqn,dueling,291,0.0,125,0.0,0.0,0.05,,,,,,,,,,10000,10000,1.0,321.4840580725515,321.4840580725515,13423,True,110,54500,0.0,0.0,2,RIGHT,greedy,7974,14760,15553,16401,7053,47635,0.12896796372147454,0,27344,2,2,321.4840580725515,160.74202903627574,2,2,160.74202903627574,321.4840580725515,160.74202903627574,321.4840580725515,78.90726505829173,2525.0324818653353,2,RIGHT,False,,
54942,double_dqn,dueling,292,4.0,276,0.0,0.0,0.05,,,,,,,,,,10000,10000,1.0,321.56804496482346,321.56804496482346,13486,False,110,54500,0.0,0.0,0,NOOP,greedy,8007,14830,15593,16512,7065,47877,0.12859014961231843,1,27471,2,2,321.56804496482346,160.78402248241173,2,2,160.78402248241173,321.56804496482346,160.78402248241173,321.56804496482346,78.93172171372737,2525.815094839276,0,NOOP,False,,
54989,double_dqn,dueling,293,1.0,151,0.0,0.0,0.05,,,,,,,,,,10000,10000,1.0,321.56521239659486,321.56521239659486,13498,False,110,54500,0.0,0.0,3,LEFT,greedy,8007,14835,15597,16551,7068,47922,0.12853246044735406,0,27495,2,2,321.56521239659486,160.78260619829743,2,2,160.78260619829743,321.56521239659486,160.78260619829743,321.56521239659486,78.93230108982064,2525.8336348742605,3,LEFT,False,,
54995,double_dqn,dueling,293,,,0.0,0.0,0.05,0.004824112635105848,0.9192443490028381,2.201491355895996,0.25952669978141785,0.9110457897186279,2.131042718887329,0.05272110924124718,0.3916705846786499,0.4408092796802521,10000,10000,1.0,321.54496986063833,321.54496986063833,13500,True,110,54500,0.0,0.0,2,RIGHT,random,8007,14840,15598,16551,7069,47927,0.12853662084515238,0,27498,2,2,321.54496986063833,160.77248493031917,2,2,160.77248493031917,321.54496986063833,160.77248493031917,321.54496986063833,78.93041481414316,2525.773274052581,2,RIGHT,False,,
54996,double_dqn,dueling,293,,,0.0,0.0,0.05,0.004824112635105848,0.9192443490028381,2.201491355895996,0.25952669978141785,0.9110457897186279,2.131042718887329,0.05272110924124718,0.3916705846786499,0.4408092796802521,10000,10000,1.0,321.5447734032881,321.5447734032881,13500,True,110,54500,0.0,0.0,1,FIRE,greedy,8007,14840,15598,16551,7069,47927,0.12853662084515238,1,27498,2,2,321.5447734032881,160.77238670164405,2,2,160.77238670164405,321.5447734032881,160.77238670164405,321.5447734032881,78.93036658928631,2525.771730857162,1,FIRE,False,,
55395,double_dqn,dueling,294,,,3.0,3.0,0.05,0.0010672729695215821,0.7993195056915283,1.8286688327789307,0.23357367515563965,0.8379168510437012,1.8576081991195679,0.03535550832748413,0.10819971561431885,0.17734088003635406,10000,10000,1.0,321.346147855487,321.346147855487,13600,True,111,55000,0.0,0.0,0,NOOP,greedy,8043,14942,15757,16654,7088,48308,0.1279514766409127,0,27698,2,2,321.346147855487,160.6730739277435,2,2,160.6730739277435,321.346147855487,160.6730739277435,321.346147855487,78.89211514973324,2524.547684791464,0,NOOP,False,,
55396,double_dqn,dueling,294,3.0,227,0.0,0.0,0.05,0.0010672729695215821,0.7993195056915283,1.8286688327789307,0.23357367515563965,0.8379168510437012,1.8576081991195679,0.03535550832748413,0.10819971561431885,0.17734088003635406,10000,10000,1.0,321.345910742846,321.345910742846,13600,True,111,55000,0.0,0.0,0,NOOP,greedy,8043,14942,15757,16654,7088,48308,0.1279514766409127,1,27698,2,2,321.345910742846,160.672955371423,2,2,160.672955371423,321.345910742846,160.672955371423,321.345910742846,78.89205693737284,2524.545821995931,0,NOOP,False,,
55583,double_dqn,dueling,295,4.0,297,0.0,0.0,0.05,,,,,,,,,,10000,10000,1.0,321.4245363358644,321.4245363358644,13647,True,112,55500,0.0,0.0,0,NOOP,greedy,8148,14968,15798,16670,7101,48483,0.12775259067357514,0,27792,2,2,321.4245363358644,160.7122681679322,2,2,160.7122681679322,321.4245363358644,160.7122681679322,321.4245363358644,78.91624653453405,2525.3198891050897,0,NOOP,False,,
55644,double_dqn,dueling,296,0.0,124,0.0,0.0,0.05,,,,,,,,,,10000,10000,1.0,321.38423041258955,321.38423041258955,13662,True,112,55500,0.0,0.0,0,NOOP,greedy,8187,14979,15798,16680,7103,48541,0.12765077995830637,1,27822,2,2,321.38423041258955,160.69211520629477,2,2,160.69211520629477,321.38423041258955,160.69211520629477,321.38423041258955,78.90790302452731,2525.052896784874,0,NOOP,False,,
55795,double_dqn,dueling,296,,,1.0,1.0,0.05,0.001852286048233509,0.7994393110275269,1.7804391384124756,0.2656366229057312,0.8282718062400818,1.767280101776123,0.041882507503032684,0.2257680892944336,0.15623119473457336,10000,10000,1.0,321.33246309787415,321.33246309787415,13700,True,112,55500,0.0,0.0,3,LEFT,greedy,8205,15023,15859,16709,7108,48688,0.12739264463402394,0,27898,2,2,321.33246309787415,160.66623154893708,2,2,160.66623154893708,321.33246309787415,160.66623154893708,321.33246309787415,78.89911005163229,2524.7715216522333,3,LEFT,False,,
55796,double_dqn,dueling,296,,,1.0,1.0,0.05,0.001852286048233509,0.7994393110275269,1.7804391384124756,0.2656366229057312,0.8282718062400818,1.767280101776123,0.041882507503032684,0.2257680892944336,0.15623119473457336,10000,10000,1.0,321.33233096732744,321.33233096732744,13700,True,112,55500,0.0,0.0,2,RIGHT,greedy,8205,15023,15859,16709,7108,48688,0.12739264463402394,1,27898,2,2,321.33233096732744,160.66616548366372,2,2,160.66616548366372,321.33233096732744,160.66616548366372,321.33233096732744,78.89907760865269,2524.770483476886,2,RIGHT,False,,
55945,double_dqn,dueling,297,2.0,181,0.0,0.0,0.05,,,,,,,,,,10000,10000,1.0,321.4237091419691,321.4237091419691,13737,False,112,55500,0.0,0.0,2,RIGHT,greedy,8238,15060,15919,16729,7115,48831,0.12717620562685447,0,27973,2,2,321.4237091419691,160.71185457098454,2,2,160.71185457098454,321.4237091419691,160.71185457098454,321.4237091419691,78.92248762169287,2525.5196038941717,2,RIGHT,False,,
56195,double_dqn,dueling,297,,,3.0,3.0,0.05,0.001899517374113202,0.8098214268684387,1.6468106508255005,0.22607119381427765,0.8225821256637573,1.6316697597503662,0.03529490530490875,0.2965580224990845,0.09675903618335724,10000,10000,1.0,321.5259332886087,321.5259332886087,13800,True,113,56000,0.0,0.0,2,RIGHT,greedy,8292,15142,15977,16785,7124,49072,0.12677058865399674,0,28098,2,2,321.5259332886087,160.76296664430436,2,2,160.76296664430436,321.5259332886087,160.76296664430436,321.5259332886087,78.95682752122572,2526.618480679223,2,RIGHT,False,,
56196,double_dqn,dueling,297,,,4.0,4.0,0.05,0.001899517374113202,0.8098214268684387,1.6468106508255005,0.22607119381427765,0.8225821256637573,1.6316697597503662,0.03529490530490875,0.2965580224990845,0.09675903618335724,10000,10000,1.0,321.52580249220995,321.52580249220995,13800,True,113,56000,0.0,0.0,0,NOOP,greedy,8292,15142,15977,16785,7124,49072,0.12677058865399674,1,28098,2,2,321.52580249220995,160.76290124610497,2,2,160.76290124610497,321.52580249220995,160.76290124610497,321.52580249220995,78.95679540167444,2526.617452853582,0,NOOP,False,,
56236,double_dqn,dueling,298,4.0,296,0.0,0.0,0.05,,,,,,,,,,10000,10000,1.0,321.4714098793006,321.4714098793006,13810,True,113,56000,0.0,0.0,1,FIRE,random,8311,15149,15989,16787,7127,49109,0.12673376484813997,1,28118,2,2,321.4714098793006,160.7357049396503,2,2,160.7357049396503,321.4714098793006,160.7357049396503,321.4714098793006,78.94445142672205,2526.2224456551057,1,FIRE,False,,
56429,double_dqn,dueling,299,4.0,242,0.0,0.0,0.05,,,,,,,,,,10000,10000,1.0,321.1598850368029,321.1598850368029,13858,False,113,56000,0.0,0.0,3,LEFT,random,8322,15199,16095,16814,7138,49292,0.1264930001772107,0,28215,2,2,321.1598850368029,160.57994251840145,2,2,160.57994251840145,321.1598850368029,160.57994251840145,321.1598850368029,78.86999267836283,2523.8397657076107,3,LEFT,False,,
56595,double_dqn,dueling,299,,,2.0,2.0,0.05,0.013469572179019451,0.8578233122825623,1.9895249605178833,0.06946132332086563,0.9302158355712891,2.0773775577545166,0.07647164165973663,0.6784812211990356,0.5199031829833984,10000,10000,1.0,321.0892757039909,321.0892757039909,13900,True,114,56500,0.0,0.0,2,RIGHT,greedy,8355,15249,16152,16840,7141,49455,0.12617499469927204,0,28298,2,2,321.0892757039909,160.54463785199545,2,2,160.54463785199545,321.0892757039909,160.54463785199545,321.0892757039909,78.85965319608229,2523.5089022746333,2,RIGHT,False,,
56596,double_dqn,dueling,299,,,3.0,3.0,0.05,0.013469572179019451,0.8578233122825623,1.9895249605178833,0.06946132332086563,0.9302158355712891,2.0773775577545166,0.07647164165973663,0.6784812211990356,0.5199031829833984,10000,10000,1.0,321.089140537149,321.089140537149,13900,True,114,56500,0.0,0.0,2,RIGHT,greedy,8355,15249,16152,16840,7141,49455,0.12617499469927204,1,28298,2,2,321.089140537149,160.5445702685745,2,2,160.5445702685745,321.089140537149,160.5445702685745,321.089140537149,78.85961999905241,2523.507839969677,2,RIGHT,False,,
56887,double_dqn,dueling,301,3.0,229,0.0,0.0,0.05,,,,,,,,,,10000,10000,1.0,321.10975785169114,321.10975785169114,13973,True,114,56500,0.0,0.0,0,NOOP,greedy,8531,15275,16209,16873,7158,49730,0.12582618478413726,0,28444,2,2,321.10975785169114,160.55487892584557,2,2,160.55487892584557,321.10975785169114,160.55487892584557,321.10975785169114,78.87193514382085,2523.901924602267,0,NOOP,False,,
56888,double_dqn,dueling,301,5.0,326,0.0,0.0,0.05,,,,,,,,,,10000,10000,1.0,321.10964039985436,321.10964039985436,13973,True,114,56500,0.0,0.0,2,RIGHT,greedy,8531,15275,16209,16873,7158,49730,0.12582618478413726,1,28444,2,2,321.10964039985436,160.55482019992718,2,2,160.55482019992718,321.10964039985436,160.55482019992718,321.10964039985436,78.87190629495086,2523.9010014384276,2,RIGHT,False,,
56995,double_dqn,dueling,301,,,0.0,0.0,0.05,0.004639808554202318,0.8130992650985718,1.5226646661758423,0.22001470625400543,0.8009695410728455,1.557294487953186,0.05767430365085602,0.3412668704986572,0.21483846008777618,10000,10000,1.0,321.11876162948164,321.11876162948164,14000,True,114,56500,0.0,0.0,2,RIGHT,random,8595,15285,16232,16884,7163,49833,0.12567548599901748,0,28498,2,2,321.11876162948164,160.55938081474082,2,2,160.55938081474082,321.11876162948164,160.55938081474082,321.11876162948164,78.87681000092539,2524.0579200296124,2,RIGHT,False,,
56996,double_dqn,dueling,301,,,0.0,0.0,0.05,0.004639808554202318,0.8130992650985718,1.5226646661758423,0.22001470625400543,0.8009695410728455,1.557294487953186,0.05767430365085602,0.3412668704986572,0.21483846008777618,10000,10000,1.0,321.1186261203541,321.1186261203541,14000,True,114,56500,0.0,0.0,0,NOOP,greedy,8595,15285,16232,16884,7163,49833,0.12567548599901748,1,28498,2,2,321.1186261203541,160.55931306017706,2,2,160.55931306017706,321.1186261203541,160.55931306017706,321.1186261203541,78.87677671564596,2524.0568549006707,0,NOOP,False,,
57137,double_dqn,dueling,302,0.0,125,0.0,0.0,0.05,,,,,,,,,,10000,10000,1.0,321.1436212005154,321.1436212005154,14035,False,115,57000,0.0,0.0,2,RIGHT,greedy,8652,15293,16303,16890,7169,49969,0.1254681647940075,0,28569,2,2,321.1436212005154,160.5718106002577,2,2,160.5718106002577,321.1436212005154,160.5718106002577,321.1436212005154,78.88359276749682,2524.2749685598983,2,RIGHT,False,,
57194,double_dqn,dueling,303,1.0,153,0.0,0.0,0.05,,,,,,,,,,10000,10000,1.0,321.1498074548326,321.1498074548326,14049,False,115,57000,0.0,0.0,2,RIGHT,greedy,8657,15299,16346,16892,7175,50019,0.12545022205126413,1,28597,2,2,321.1498074548326,160.5749037274163,2,2,160.5749037274163,321.1498074548326,160.5749037274163,321.1498074548326,78.88648538190971,2524.3675322211107,2,RIGHT,False,,
57395,double_dqn,dueling,303,,,2.0,2.0,0.05,0.001112831523641944,0.8263428807258606,1.6515746116638184,0.3310445249080658,0.8272559642791748,1.594391107559204,0.03847841918468475,0.09538596868515015,0.1532762497663498,10000,10000,1.0,321.1795076012742,321.1795076012742,14100,True,115,57000,0.0,0.0,3,LEFT,greedy,8692,15329,16472,16903,7182,50214,0.1251306711269078,0,28698,2,2,321.1795076012742,160.5897538006371,2,2,160.5897538006371,321.1795076012742,160.5897538006371,321.1795076012742,78.9015098121466,2524.848313988691,3,LEFT,False,,
57396,double_dqn,dueling,303,,,2.0,2.0,0.05,0.001112831523641944,0.8263428807258606,1.6515746116638184,0.3310445249080658,0.8272559642791748,1.594391107559204,0.03847841918468475,0.09538596868515015,0.1532762497663498,10000,10000,1.0,321.1792624532432,321.1792624532432,14100,True,115,57000,0.0,0.0,1,FIRE,fire_reset,8692,15329,16472,16903,7182,50214,0.1251306711269078,1,28698,2,2,321.1792624532432,160.5896312266216,2,2,160.5896312266216,321.1792624532432,160.5896312266216,321.1792624532432,78.90144958865999,2524.8463868371196,1,FIRE,False,after_life_loss,
57684,double_dqn,dueling,304,3.0,245,0.0,0.0,0.05,,,,,,,,,,10000,10000,1.0,320.95799558526454,320.95799558526454,14172,True,116,57500,0.0,0.0,0,NOOP,greedy,8728,15468,16561,16927,7203,50481,0.12486998127730393,1,28842,2,2,320.95799558526454,160.47899779263227,2,2,160.47899779263227,320.95799558526454,160.47899779263227,320.95799558526454,78.85404468196326,2523.3294298228243,0,NOOP,False,,
57727,double_dqn,dueling,305,4.0,295,0.0,0.0,0.05,,,,,,,,,,10000,10000,1.0,320.9652435451169,320.9652435451169,14183,True,116,57500,0.0,0.0,0,NOOP,greedy,8745,15472,16572,16939,7205,50523,0.1248094512195122,0,28864,2,2,320.9652435451169,160.48262177255845,2,2,160.48262177255845,320.9652435451169,160.48262177255845,320.9652435451169,78.85688139551678,2523.420204656537,0,NOOP,False,,
57795,double_dqn,dueling,305,,,0.0,0.0,0.05,0.010615776292979717,0.9815859794616699,2.0933010578155518,0.28578630089759827,0.9541981220245361,1.9762581586837769,0.0890253335237503,0.5648686289787292,0.7588194608688354,10000,10000,1.0,320.98434482283915,320.98434482283915,14200,True,116,57500,0.0,0.0,2,RIGHT,greedy,8749,15474,16625,16948,7205,50591,0.12466260640874802,0,28898,2,2,320.98434482283915,160.49217241141957,2,2,160.49217241141957,320.98434482283915,160.49217241141957,320.98434482283915,78.8632032750418,2523.6225048013375,2,RIGHT,False,,
57796,double_dqn,dueling,305,,,1.0,1.0,0.05,0.010615776292979717,0.9815859794616699,2.0933010578155518,0.28578630089759827,0.9541981220245361,1.9762581586837769,0.0890253335237503,0.5648686289787292,0.7588194608688354,10000,10000,1.0,320.98421486660675,320.98421486660675,14200,True,116,57500,0.0,0.0,2,RIGHT,greedy,8749,15474,16625,16948,7205,50591,0.12466260640874802,1,28898,2,2,320.98421486660675,160.49210743330337,2,2,160.49210743330337,320.98421486660675,160.49210743330337,320.98421486660675,78.86317134586851,2523.6214830677923,2,RIGHT,False,,
58195,double_dqn,dueling,305,,,4.0,4.0,0.05,0.0022804890759289265,0.7810040712356567,1.9635281562805176,0.2650752365589142,0.8172338008880615,1.9680075645446777,0.05490460991859436,0.1816357970237732,0.3092409074306488,10000,10000,1.0,321.0318045604909,321.0318045604909,14300,True,117,58000,0.0,0.0,0,NOOP,greedy,8818,15539,16798,17041,7220,50976,0.12406350951955461,0,29098,2,2,321.0318045604909,160.51590228024546,2,2,160.51590228024546,321.0318045604909,160.51590228024546,321.0318045604909,78.88437014940924,2524.2998447810955,0,NOOP,False,,
58196,double_dqn,dueling,305,,,4.0,4.0,0.05,0.0022804890759289265,0.7810040712356567,1.9635281562805176,0.2650752365589142,0.8172338008880615,1.9680075645446777,0.05490460991859436,0.1816357970237732,0.3092409074306488,10000,10000,1.0,321.0316632399827,321.0316632399827,14300,True,117,58000,0.0,0.0,0,NOOP,greedy,8818,15539,16798,17041,7220,50976,0.12406350951955461,1,29098,2,2,321.0316632399827,160.51583161999136,2,2,160.51583161999136,321.0316632399827,160.51583161999136,321.0316632399827,78.88433542394242,2524.2987335661574,0,NOOP,False,,
58248,double_dqn,dueling,306,4.0,282,0.0,0.0,0.05,,,,,,,,,,10000,10000,1.0,321.04189342579696,321.04189342579696,14313,True,117,58000,0.0,0.0,0,NOOP,greedy,8852,15554,16799,17043,7223,51025,0.12400425765691526,1,29124,2,2,321.04189342579696,160.52094671289848,2,2,160.52094671289848,321.04189342579696,160.52094671289848,321.04189342579696,78.88807548076211,2524.4184153843876,0,NOOP,False,,
58275,double_dqn,dueling,307,4.0,274,0.0,0.0,0.05,,,,,,,,,,10000,10000,1.0,321.04130860143334,321.04130860143334,14320,True,117,58000,0.0,0.0,0,NOOP,greedy,8866,15559,16802,17049,7223,51053,0.1239446770540188,0,29138,2,2,321.04130860143334,160.52065430071667,2,2,160.52065430071667,321.04130860143334,160.52065430071667,321.04130860143334,78.88859117256719,2524.43491752215,0,NOOP,False,,
58595,double_dqn,dueling,307,,,1.0,1.0,0.05,0.0014104351866990328,0.8165023326873779,1.9304792881011963,0.22252655029296875,0.8376179933547974,1.919487714767456,0.03703347593545914,0.17099088430404663,0.10451079905033112,10000,10000,1.0,321.19094700159195,321.19094700159195,14400,True,118,58500,0.0,0.0,3,LEFT,greedy,8900,15659,16864,17173,7252,51344,0.12376271417844222,0,29298,2,2,321.19094700159195,160.59547350079598,2,2,160.59547350079598,321.19094700159195,160.59547350079598,321.19094700159195,78.93285611343647,2525.851395629967,3,LEFT,False,,
58596,double_dqn,dueling,307,,,3.0,3.0,0.05,0.0014104351866990328,0.8165023326873779,1.9304792881011963,0.22252655029296875,0.8376179933547974,1.919487714767456,0.03703347593545914,0.17099088430404663,0.10451079905033112,10000,10000,1.0,321.1908207672886,321.1908207672886,14400,True,118,58500,0.0,0.0,1,FIRE,greedy,8900,15659,16864,17173,7252,51344,0.12376271417844222,1,29298,2,2,321.1908207672886,160.5954103836443,2,2,160.5954103836443,321.1908207672886,160.5954103836443,321.1908207672886,78.93282509128534,2525.850402921131,1,FIRE,False,,
58641,double_dqn,dueling,308,2.0,183,0.0,0.0,0.05,,,,,,,,,,10000,10000,1.0,321.2091167828776,321.2091167828776,14411,False,118,58500,0.0,0.0,3,LEFT,greedy,8902,15673,16877,17190,7253,51389,0.12368268476518536,0,29321,2,2,321.2091167828776,160.6045583914388,2,2,160.6045583914388,321.2091167828776,160.6045583914388,321.2091167828776,78.9356533194306,2525.940906221779,3,LEFT,False,,
58900,double_dqn,dueling,309,5.0,326,0.0,0.0,0.05,,,,,,,,,,10000,10000,1.0,321.0245012641756,321.0245012641756,14476,True,118,58500,0.0,0.0,2,RIGHT,greedy,8923,15699,17005,17273,7266,51634,0.1233616298811545,1,29450,2,2,321.0245012641756,160.5122506320878,2,2,160.5122506320878,321.0245012641756,160.5122506320878,321.0245012641756,78.89899287436683,2524.7677719797384,2,RIGHT,False,,
58995,double_dqn,dueling,309,,,3.0,3.0,0.05,0.003477555699646473,0.8246277570724487,1.8134393692016602,0.0870097205042839,0.8199111819267273,1.8240333795547485,0.04846790432929993,0.3453301787376404,0.20867814123630524,10000,10000,1.0,321.0484347847923,321.0484347847923,14500,True,118,58500,0.0,0.0,3,LEFT,greedy,8935,15717,17031,17313,7273,51723,0.1232795443758899,0,29498,2,2,321.0484347847923,160.52421739239614,2,2,160.52421739239614,321.0484347847923,160.52421739239614,321.0484347847923,78.9070836053205,2525.026675370256,3,LEFT,False,,
58996,double_dqn,dueling,309,,,1.0,1.0,0.05,0.003477555699646473,0.8246277570724487,1.8134393692016602,0.0870097205042839,0.8199111819267273,1.8240333795547485,0.04846790432929993,0.3453301787376404,0.20867814123630524,10000,10000,1.0,321.0483023542333,321.0483023542333,14500,True,118,58500,0.0,0.0,2,RIGHT,greedy,8935,15717,17031,17313,7273,51723,0.1232795443758899,1,29498,2,2,321.0483023542333,160.52415117711664,2,2,160.52415117711664,321.0483023542333,160.52415117711664,321.0483023542333,78.90705105662049,2525.0256338118556,2,RIGHT,False,,
59229,double_dqn,dueling,310,8.0,294,0.0,0.0,0.05,,,,,,,,,,10000,10000,1.0,321.133777227723,321.133777227723,14558,False,119,59000,0.0,0.0,1,FIRE,random,8991,15808,17079,17352,7291,51939,0.12309640384940064,0,29615,2,2,321.133777227723,160.5668886138615,2,2,160.5668886138615,321.133777227723,160.5668886138615,321.133777227723,78.93070283439458,2525.7824907006266,1,FIRE,False,,
59395,double_dqn,dueling,310,,,1.0,1.0,0.05,0.0037980210036039352,0.811336874961853,1.6869555711746216,0.22154609858989716,0.8333941102027893,1.7326767444610596,0.05894024670124054,0.25376570224761963,0.23340670764446259,10000,10000,1.0,321.06939195790443,321.06939195790443,14600,True,119,59000,0.0,0.0,2,RIGHT,greedy,9019,15831,17161,17385,7297,52099,0.12285339080072732,0,29698,2,2,321.06939195790443,160.53469597895221,2,2,160.53469597895221,321.06939195790443,160.53469597895221,321.06939195790443,78.92136040449533,2525.4835329438506,2,RIGHT,False,,
59396,double_dqn,dueling,310,,,4.0,4.0,0.05,0.0037980210036039352,0.811336874961853,1.6869555711746216,0.22154609858989716,0.8333941102027893,1.7326767444610596,0.05894024670124054,0.25376570224761963,0.23340670764446259,10000,10000,1.0,321.0691677231118,321.0691677231118,14600,True,119,59000,0.0,0.0,0,NOOP,greedy,9019,15831,17161,17385,7297,52099,0.12285339080072732,1,29698,2,2,321.0691677231118,160.5345838615559,2,2,160.5345838615559,321.0691677231118,160.5345838615559,321.0691677231118,78.9213052858346,2525.4817691467074,0,NOOP,False,,
59454,double_dqn,dueling,311,4.0,277,0.0,0.0,0.05,,,,,,,,,,10000,10000,1.0,320.9851193659558,320.9851193659558,14614,False,119,59000,0.0,0.0,2,RIGHT,greedy,9027,15841,17193,17393,7298,52156,0.12275036162411276,1,29727,2,2,320.9851193659558,160.4925596829779,2,2,160.4925596829779,320.9851193659558,160.4925596829779,320.9851193659558,78.89925882891107,2524.7762825251543,2,RIGHT,False,,
59721,double_dqn,dueling,312,3.0,246,0.0,0.0,0.05,,,,,,,,,,10000,10000,1.0,320.8248476561657,320.8248476561657,14681,False,120,59500,0.0,0.0,3,LEFT,greedy,9075,15878,17286,17483,7311,52411,0.12241719969190583,0,29861,2,2,320.8248476561657,160.41242382808284,2,2,160.41242382808284,320.8248476561657,160.41242382808284,320.8248476561657,78.86590516794762,2523.7089653743237,3,LEFT,False,,
59766,double_dqn,dueling,313,1.0,156,0.0,0.0,0.05,,,,,,,,,,10000,10000,1.0,320.75202280808617,320.75202280808617,14692,False,120,59500,0.0,0.0,2,RIGHT,greedy,9085,15884,17305,17492,7315,52451,0.12239400327945654,1,29883,2,2,320.75202280808617,160.37601140404308,2,2,160.37601140404308,320.75202280808617,160.37601140404308,320.75202280808617,78.84898971148147,2523.167670767407,2,RIGHT,False,,
59795,double_dqn,dueling,313,,,0.0,0.0,0.05,0.0038921404629945755,0.941806972026825,1.7721521854400635,0.26033928990364075,0.9884145855903625,1.8414160013198853,0.05847937986254692,0.3353010416030884,0.3023199737071991,10000,10000,1.0,320.680290812629,320.680290812629,14700,True,120,59500,0.0,0.0,3,LEFT,greedy,9092,15892,17310,17502,7318,52478,0.12238276807813232,0,29898,2,2,320.680290812629,160.3401454063145,2,2,160.3401454063145,320.680290812629,160.3401454063145,320.680290812629,78.83470926058007,2522.7106963385622,3,LEFT,False,,
59796,double_dqn,dueling,313,,,0.0,0.0,0.05,0.0038921404629945755,0.941806972026825,1.7721521854400635,0.26033928990364075,0.9884145855903625,1.8414160013198853,0.05847937986254692,0.3353010416030884,0.3023199737071991,10000,10000,1.0,320.6801417082065,320.6801417082065,14700,True,120,59500,0.0,0.0,0,NOOP,random,9092,15892,17310,17502,7318,52478,0.12238276807813232,1,29898,2,2,320.6801417082065,160.34007085410326,2,2,160.34007085410326,320.6801417082065,160.34007085410326,320.6801417082065,78.83467260536885,2522.7095233718032,0,NOOP,False,,
60085,double_dqn,dueling,314,2.0,182,0.0,0.0,0.05,,,,,,,,,,10000,10000,1.0,320.47433025557535,320.47433025557535,14772,False,121,60000,0.0,0.0,1,FIRE,greedy,9140,15968,17376,17602,7336,52750,0.12209166860832807,0,30043,2,2,320.47433025557535,160.23716512778768,2,2,160.23716512778768,320.47433025557535,160.23716512778768,320.47433025557535,78.78785085602901,2521.2112273929283,1,FIRE,False,,
60166,double_dqn,dueling,315,2.0,200,0.0,0.0,0.05,,,,,,,,,,10000,10000,1.0,320.48734974933757,320.48734974933757,14792,False,121,60000,0.0,0.0,2,RIGHT,greedy,9151,15990,17407,17618,7340,52826,0.12199581158794003,1,30083,2,2,320.48734974933757,160.24367487466878,2,2,160.24367487466878,320.48734974933757,160.24367487466878,320.48734974933757,78.79282115301335,2521.370276896427,2,RIGHT,False,,
60195,double_dqn,dueling,315,,,1.0,1.0,0.05,0.001431867596693337,0.8355706930160522,2.131756067276001,0.1752416342496872,0.8266323804855347,2.039391040802002,0.04025989770889282,0.14584863185882568,0.3208896815776825,10000,10000,1.0,320.4738123008,320.4738123008,14800,True,121,60000,0.0,0.0,2,RIGHT,greedy,9153,15993,17426,17624,7342,52854,0.12196823709216559,0,30098,2,2,320.4738123008,160.2369061504,2,2,160.2369061504,320.4738123008,160.2369061504,320.4738123008,78.79281716479234,2521.370149273355,2,RIGHT,False,,
60196,double_dqn,dueling,315,,,0.0,0.0,0.05,0.001431867596693337,0.8355706930160522,2.131756067276001,0.1752416342496872,0.8266323804855347,2.039391040802002,0.04025989770889282,0.14584863185882568,0.3208896815776825,10000,10000,1.0,320.4736923585108,320.4736923585108,14800,True,121,60000,0.0,0.0,3,LEFT,greedy,9153,15993,17426,17624,7342,52854,0.12196823709216559,1,30098,2,2,320.4736923585108,160.2368461792554,2,2,160.2368461792554,320.4736923585108,160.2368461792554,320.4736923585108,78.79278767535982,2521.369205611514,3,LEFT,False,,
60485,double_dqn,dueling,316,2.0,200,0.0,0.0,0.05,,,,,,,,,,10000,10000,1.0,319.9366674558952,319.9366674558952,14872,False,121,60000,0.0,0.0,3,LEFT,greedy,9170,16084,17507,17725,7352,53134,0.12154878814932381,0,30243,2,2,319.9366674558952,159.9683337279476,2,2,159.9683337279476,319.9366674558952,159.9683337279476,319.9366674558952,78.66445323552679,2517.2625035368574,3,LEFT,False,,
60595,double_dqn,dueling,316,,,0.0,0.0,0.05,0.0037527219392359257,1.0360699892044067,1.9581170082092285,0.12096506357192993,1.0613834857940674,1.9611839056015015,0.06651533395051956,0.2794015407562256,0.26165252923965454,10000,10000,1.0,319.95164833408785,319.95164833408785,14900,True,122,60500,0.0,0.0,2,RIGHT,greedy,9190,16103,17555,17748,7360,53236,0.12146016238695624,0,30298,2,2,319.95164833408785,159.97582416704392,2,2,159.97582416704392,319.95164833408785,159.97582416704392,319.95164833408785,78.67317248956877,2517.5415196662007,2,RIGHT,False,,
60596,double_dqn,dueling,316,,,3.0,3.0,0.05,0.0037527219392359257,1.0360699892044067,1.9581170082092285,0.12096506357192993,1.0613834857940674,1.9611839056015015,0.06651533395051956,0.2794015407562256,0.26165252923965454,10000,10000,1.0,319.95152974024984,319.95152974024984,14900,True,122,60500,0.0,0.0,3,LEFT,greedy,9190,16103,17555,17748,7360,53236,0.12146016238695624,1,30298,2,2,319.95152974024984,159.97576487012492,2,2,159.97576487012492,319.95152974024984,159.97576487012492,319.95152974024984,78.67314332843294,2517.540586509854,3,LEFT,False,,
60722,double_dqn,dueling,317,4.0,278,0.0,0.0,0.05,,,,,,,,,,10000,10000,1.0,319.97803328303183,319.97803328303183,14931,False,122,60500,0.0,0.0,2,RIGHT,greedy,9198,16129,17597,17798,7364,53358,0.12127400283258127,1,30361,2,2,319.97803328303183,159.98901664151592,2,2,159.98901664151592,319.97803328303183,159.98901664151592,319.97803328303183,78.67975387749001,2517.7521240796805,2,RIGHT,False,,
60995,double_dqn,dueling,317,,,4.0,4.0,0.05,0.002082830760627985,0.8388106822967529,1.9923365116119385,0.26196038722991943,0.8757154941558838,2.0533363819122314,0.04793631285429001,0.19312646985054016,0.19318021833896637,10000,10000,1.0,320.08019968450816,320.08019968450816,15000,True,122,60500,0.0,0.0,3,LEFT,random,9246,16168,17699,17883,7377,53619,0.12094235687586072,0,30498,2,2,320.08019968450816,160.04009984225408,2,2,160.04009984225408,320.08019968450816,160.04009984225408,320.08019968450816,78.71340735896817,2518.8290354869814,3,LEFT,False,,
60996,double_dqn,dueling,317,,,2.0,2.0,0.05,0.002082830760627985,0.8388106822967529,1.9923365116119385,0.26196038722991943,0.8757154941558838,2.0533363819122314,0.04793631285429001,0.19312646985054016,0.19318021833896637,10000,10000,1.0,320.080066656828,320.080066656828,15000,True,122,60500,0.0,0.0,2,RIGHT,greedy,9246,16168,17699,17883,7377,53619,0.12094235687586072,1,30498,2,2,320.080066656828,160.040033328414,2,2,160.040033328414,320.080066656828,160.040033328414,320.080066656828,78.71337464509837,2518.827988643148,2,RIGHT,False,,
61107,double_dqn,dueling,318,5.0,311,0.0,0.0,0.05,,,,,,,,,,10000,10000,1.0,320.10558836941806,320.10558836941806,15028,True,123,61000,0.0,0.0,3,LEFT,greedy,9253,16179,17731,17945,7380,53728,0.12076978464358186,0,30554,2,2,320.10558836941806,160.05279418470903,2,2,160.05279418470903,320.10558836941806,160.05279418470903,320.10558836941806,78.72204591895684,2519.105469406619,3,LEFT,False,,
61238,double_dqn,dueling,319,4.0,258,0.0,0.0,0.05,,,,,,,,,,10000,10000,1.0,320.1236457846802,320.1236457846802,15060,False,123,61000,0.0,0.0,3,LEFT,greedy,9272,16208,17750,18008,7386,53852,0.12061138508769065,1,30619,2,2,320.1236457846802,160.0618228923401,2,2,160.0618228923401,320.1236457846802,160.0618228923401,320.1236457846802,78.72664204443782,2519.2525454220104,3,LEFT,False,,
61395,double_dqn,dueling,319,,,2.0,2.0,0.05,0.0034782683942466974,0.8504906892776489,2.2551419734954834,0.17210282385349274,0.8470232486724854,2.1419732570648193,0.06064082309603691,0.2366345077753067,0.15953944623470306,10000,10000,1.0,320.09808711316754,320.09808711316754,15100,True,123,61000,0.0,0.0,2,RIGHT,greedy,9292,16272,17774,18058,7392,54004,0.12039872304384651,0,30698,2,2,320.09808711316754,160.04904355658377,2,2,160.04904355658377,320.09808711316754,160.04904355658377,320.09808711316754,78.7263195551637,2519.2422257652383,2,RIGHT,False,,
61396,double_dqn,dueling,319,,,1.0,1.0,0.05,0.0034782683942466974,0.8504906892776489,2.2551419734954834,0.17210282385349274,0.8470232486724854,2.1419732570648193,0.06064082309603691,0.2366345077753067,0.15953944623470306,10000,10000,1.0,320.09788250814955,320.09788250814955,15100,True,123,61000,0.0,0.0,3,LEFT,greedy,9292,16272,17774,18058,7392,54004,0.12039872304384651,1,30698,2,2,320.09788250814955,160.04894125407478,2,2,160.04894125407478,320.09788250814955,160.04894125407478,320.09788250814955,78.72626923371325,2519.240615478824,3,LEFT,False,,
61471,double_dqn,dueling,320,2.0,182,0.0,0.0,0.05,,,,,,,,,,10000,10000,1.0,320.12283634817163,320.12283634817163,15119,True,123,61000,0.0,0.0,2,RIGHT,greedy,9296,16284,17800,18092,7393,54079,0.1202661374284227,0,30736,2,2,320.12283634817163,160.06141817408582,2,2,160.06141817408582,320.12283634817163,160.06141817408582,320.12283634817163,78.7340116272125,2519.4883720708,2,RIGHT,False,,
61634,double_dqn,dueling,321,2.0,198,0.0,0.0,0.05,,,,,,,,,,10000,10000,1.0,320.10629660503287,320.10629660503287,15159,False,124,61500,0.0,0.0,3,LEFT,greedy,9324,16341,17833,18136,7398,54236,0.12003115163708343,1,30817,2,2,320.10629660503287,160.05314830251643,2,2,160.05314830251643,320.10629660503287,160.05314830251643,320.10629660503287,78.73075494427901,2519.3841582169284,3,LEFT,False,,
61795,double_dqn,dueling,321,,,2.0,2.0,0.05,0.0015825259033590555,0.912826418876648,2.0381205081939697,0.13987144827842712,0.9346062541007996,2.013896942138672,0.04329496622085571,0.15470001101493835,0.1273772269487381,10000,10000,1.0,320.09188329822,320.09188329822,15200,True,124,61500,0.0,0.0,0,NOOP,greedy,9354,16404,17851,18187,7408,54388,0.11987830927568127,0,30898,2,2,320.09188329822,160.04594164911,2,2,160.04594164911,320.09188329822,160.04594164911,320.09188329822,78.73319674627717,2519.4622958808695,0,NOOP,False,,
61796,double_dqn,dueling,321,,,1.0,1.0,0.05,0.0015825259033590555,0.912826418876648,2.0381205081939697,0.13987144827842712,0.9346062541007996,2.013896942138672,0.04329496622085571,0.15470001101493835,0.1273772269487381,10000,10000,1.0,320.09176358930347,320.09176358930347,15200,True,124,61500,1.0,1.0,3,LEFT,greedy,9354,16404,17851,18187,7408,54388,0.11987830927568127,1,30898,2,2,320.09176358930347,160.04588179465173,2,2,160.04588179465173,320.09176358930347,160.04588179465173,320.09176358930347,78.7331673014016,2519.461353644851,3,LEFT,False,,
61835,double_dqn,dueling,322,2.0,182,0.0,0.0,0.05,,,,,,,,,,10000,10000,1.0,320.0969062686849,320.0969062686849,15210,True,124,61500,0.0,0.0,3,LEFT,greedy,9376,16405,17862,18193,7408,54428,0.11980076330939905,0,30918,2,2,320.0969062686849,160.04845313434245,2,2,160.04845313434245,320.0969062686849,160.04845313434245,320.0969062686849,78.73526658171126,2519.5285306147603,3,LEFT,False,,
61936,double_dqn,dueling,323,1.0,151,0.0,0.0,0.05,,,,,,,,,,10000,10000,1.0,320.09335728228615,320.09335728228615,15235,True,124,61500,0.0,0.0,3,LEFT,greedy,9405,16412,17907,18212,7413,54523,0.11968806509945751,1,30968,2,2,320.09335728228615,160.04667864114307,2,2,160.04667864114307,320.09335728228615,160.04667864114307,320.09335728228615,78.73647471899429,2519.567191007817,3,LEFT,False,,
62195,double_dqn,dueling,323,,,3.0,3.0,0.05,0.003931137733161449,0.9861329793930054,2.0073230266571045,0.2622615098953247,1.0185588598251343,2.058328151702881,0.060770727694034576,0.300256609916687,0.30399787425994873,10000,10000,1.0,319.9620049181261,319.9620049181261,15300,True,125,62000,0.0,0.0,3,LEFT,greedy,9439,16508,17972,18277,7424,54772,0.11936458936265998,0,31098,2,2,319.9620049181261,159.98100245906306,2,2,159.98100245906306,319.9620049181261,159.98100245906306,319.9620049181261,78.70954201632468,2518.7053445223896,3,LEFT,False,,
62196,double_dqn,dueling,323,,,2.0,2.0,0.05,0.003931137733161449,0.9861329793930054,2.0073230266571045,0.2622615098953247,1.0185588598251343,2.058328151702881,0.060770727694034576,0.300256609916687,0.30399787425994873,10000,10000,1.0,319.96186862807355,319.96186862807355,15300,True,125,62000,0.0,0.0,2,RIGHT,greedy,9439,16508,17972,18277,7424,54772,0.11936458936265998,1,31098,2,2,319.96186862807355,159.98093431403677,2,2,159.98093431403677,319.96186862807355,159.98093431403677,319.96186862807355,78.70950848944506,2518.704271662242,2,RIGHT,False,,
62533,double_dqn,dueling,324,5.0,349,0.0,0.0,0.05,,,,,,,,,,10000,10000,1.0,320.0429024330678,320.0429024330678,15384,False,126,62500,0.0,0.0,3,LEFT,greedy,9529,16569,18065,18371,7444,55090,0.1190392426519973,0,31267,2,2,320.0429024330678,160.0214512165339,2,2,160.0214512165339,320.0429024330678,160.0214512165339,320.0429024330678,78.73380898439753,2519.481887500721,3,LEFT,False,,
62595,double_dqn,dueling,324,,,0.0,0.0,0.05,0.002630693605169654,0.8727494478225708,2.148850917816162,-0.02953844517469406,0.9103795886039734,2.2901453971862793,0.05127493292093277,0.2545328140258789,0.2628907561302185,10000,10000,1.0,320.01875851018326,320.01875851018326,15400,True,126,62500,0.0,0.0,1,FIRE,greedy,9533,16598,18078,18387,7448,55148,0.11898523867339766,0,31298,2,2,320.01875851018326,160.00937925509163,2,2,160.00937925509163,320.01875851018326,160.00937925509163,320.01875851018326,78.73169022073012,2519.4140870633637,1,FIRE,False,,
62596,double_dqn,dueling,324,,,6.0,6.0,0.05,0.002630693605169654,0.8727494478225708,2.148850917816162,-0.02953844517469406,0.9103795886039734,2.2901453971862793,0.05127493292093277,0.2545328140258789,0.2628907561302185,10000,10000,1.0,320.01863105965595,320.01863105965595,15400,True,126,62500,0.0,0.0,3,LEFT,greedy,9533,16598,18078,18387,7448,55148,0.11898523867339766,1,31298,2,2,320.01863105965595,160.00931552982797,2,2,160.00931552982797,320.01863105965595,160.00931552982797,320.01863105965595,78.73165886508245,2519.4130836826384,3,LEFT,False,,
62708,double_dqn,dueling,325,8.0,386,0.0,0.0,0.05,,,,,,,,,,10000,10000,1.0,319.94402781592305,319.94402781592305,15428,True,126,62500,0.0,0.0,2,RIGHT,greedy,9557,16627,18096,18428,7453,55255,0.11885245901639344,1,31354,2,2,319.94402781592305,159.97201390796153,2,2,159.97201390796153,319.94402781592305,159.97201390796153,319.94402781592305,78.7155779349375,2518.898493918,2,RIGHT,False,,
62993,double_dqn,dueling,326,3.0,230,0.0,0.0,0.05,,,,,,,,,,10000,10000,1.0,320.0642911270551,320.0642911270551,15499,False,126,62500,0.0,0.0,0,NOOP,greedy,9602,16745,18143,18504,7463,55531,0.11847160046988602,0,31497,2,2,320.0642911270551,160.03214556352756,2,2,160.03214556352756,320.0642911270551,160.03214556352756,320.0642911270551,78.74839585005283,2519.9486672016906,0,NOOP,False,,
62995,double_dqn,dueling,326,,,0.0,0.0,0.05,0.002174778375774622,0.8643813133239746,1.6568360328674316,0.22198757529258728,0.8701928853988647,1.7116000652313232,0.050679899752140045,0.1641443371772766,0.1573643684387207,10000,10000,1.0,320.05199340052525,320.05199340052525,15500,True,126,62500,0.0,0.0,1,FIRE,fire_reset,9602,16747,18143,18504,7463,55533,0.11846783922788748,0,31498,2,2,320.05199340052525,160.02599670026262,2,2,160.02599670026262,320.05199340052525,160.02599670026262,320.05199340052525,78.74795062715317,2519.9344200689015,1,FIRE,False,initial_serve,
62996,double_dqn,dueling,326,,,2.0,2.0,0.05,0.002174778375774622,0.8643813133239746,1.6568360328674316,0.22198757529258728,0.8701928853988647,1.7116000652313232,0.050679899752140045,0.1641443371772766,0.1573643684387207,10000,10000,1.0,320.0518755135661,320.0518755135661,15500,True,126,62500,0.0,0.0,1,FIRE,greedy,9602,16747,18143,18504,7463,55533,0.11846783922788748,1,31498,2,2,320.0518755135661,160.02593775678304,2,2,160.02593775678304,320.0518755135661,160.02593775678304,320.0518755135661,78.74792162137713,2519.933491884068,1,FIRE,False,,
63194,double_dqn,dueling,327,4.0,243,0.0,0.0,0.05,,,,,,,,,,10000,10000,1.0,320.0914436532063,320.0914436532063,15549,False,127,63000,0.0,0.0,3,LEFT,greedy,9647,16799,18166,18582,7476,55718,0.11830237047820996,1,31597,2,2,320.0914436532063,160.04572182660314,2,2,160.04572182660314,320.0914436532063,160.04572182660314,320.0914436532063,78.75908879583038,2520.290841466572,3,LEFT,False,,
63395,double_dqn,dueling,327,,,4.0,4.0,0.05,0.0034439051523804665,0.970273494720459,1.9903903007507324,0.19895586371421814,0.9875743985176086,1.9210814237594604,0.056389570236206055,0.3184741735458374,0.19650903344154358,10000,10000,1.0,320.10568153041373,320.10568153041373,15600,True,127,63000,0.0,0.0,0,NOOP,greedy,9700,16848,18216,18632,7484,55912,0.11805161208909079,0,31698,2,2,320.10568153041373,160.05284076520687,2,2,160.05284076520687,320.10568153041373,160.05284076520687,320.10568153041373,78.76914366638991,2520.612597324477,0,NOOP,False,,
63396,double_dqn,dueling,327,,,2.0,2.0,0.05,0.0034439051523804665,0.970273494720459,1.9903903007507324,0.19895586371421814,0.9875743985176086,1.9210814237594604,0.056389570236206055,0.3184741735458374,0.19650903344154358,10000,10000,1.0,320.10547739061326,320.10547739061326,15600,True,127,63000,0.0,0.0,1,FIRE,fire_reset,9700,16848,18216,18632,7484,55912,0.11805161208909079,1,31698,2,2,320.10547739061326,160.05273869530663,2,2,160.05273869530663,320.10547739061326,160.05273869530663,320.10547739061326,78.76909343323817,2520.6109898636214,3,LEFT,True,after_life_loss,
63641,double_dqn,dueling,328,9.0,324,0.0,0.0,0.05,,,,,,,,,,10000,10000,1.0,320.1733205713811,320.1733205713811,15661,False,128,63500,0.0,0.0,0,NOOP,greedy,9734,16892,18230,18786,7498,56144,0.1178152792181264,0,31821,2,2,320.1733205713811,160.08666028569056,2,2,160.08666028569056,320.1733205713811,160.08666028569056,320.1733205713811,78.78813320556236,2521.2202625779955,0,NOOP,False,,
63648,double_dqn,dueling,329,3.0,227,0.0,0.0,0.05,,,,,,,,,,10000,10000,1.0,320.16039005347767,320.16039005347767,15663,True,128,63500,0.0,0.0,3,LEFT,greedy,9734,16895,18230,18789,7498,56150,0.11780417295123177,1,31824,2,2,320.16039005347767,160.08019502673883,2,2,160.08019502673883,320.16039005347767,160.08019502673883,320.16039005347767,78.78758467520771,2521.2027096066467,3,LEFT,False,,
63795,double_dqn,dueling,329,,,1.0,1.0,0.05,0.004537829663604498,0.8900080323219299,1.938463568687439,0.13302940130233765,0.9229286909103394,1.8661999702453613,0.06274744868278503,0.3490029573440552,0.309741735458374,10000,10000,1.0,319.93692430174656,319.93692430174656,15700,True,128,63500,0.0,0.0,3,LEFT,greedy,9742,16936,18274,18844,7506,56290,0.11765627939055741,0,31898,2,2,319.93692430174656,159.96846215087328,2,2,159.96846215087328,319.93692430174656,159.96846215087328,319.93692430174656,78.73549613670797,2519.535876374655,3,LEFT,False,,
63796,double_dqn,dueling,329,,,1.0,1.0,0.05,0.004537829663604498,0.8900080323219299,1.938463568687439,0.13302940130233765,0.9229286909103394,1.8661999702453613,0.06274744868278503,0.3490029573440552,0.309741735458374,10000,10000,1.0,319.9367932157998,319.9367932157998,15700,True,128,63500,0.0,0.0,3,LEFT,greedy,9742,16936,18274,18844,7506,56290,0.11765627939055741,1,31898,2,2,319.9367932157998,159.9683966078999,2,2,159.9683966078999,319.9367932157998,159.9683966078999,319.9367932157998,78.73546387685838,2519.534844059468,3,LEFT,False,,
63952,double_dqn,dueling,330,1.0,152,0.0,0.0,0.05,,,,,,,,,,10000,10000,1.0,319.7982491499052,319.7982491499052,15739,True,128,63500,0.0,0.0,3,LEFT,greedy,9755,16961,18284,18952,7511,56441,0.11744746059544658,1,31976,2,2,319.7982491499052,159.8991245749526,2,2,159.8991245749526,319.7982491499052,159.8991245749526,319.7982491499052,78.70441336268385,2518.5412276058833,3,LEFT,False,,
64177,double_dqn,dueling,331,4.0,268,0.0,0.0,0.05,,,,,,,,,,10000,10000,1.0,319.7987684112669,319.7987684112669,15795,False,129,64000,0.0,0.0,3,LEFT,greedy,9776,17011,18290,19101,7519,56659,0.11715852784443267,0,32089,2,2,319.7987684112669,159.89938420563345,2,2,159.89938420563345,319.7987684112669,159.89938420563345,319.7987684112669,78.70643440206864,2518.6059008661964,3,LEFT,False,,
64195,double_dqn,dueling,331,,,0.0,0.0,0.05,0.0013448646059259772,0.8400425910949707,1.9063918590545654,0.26730090379714966,0.8383774757385254,1.863255500793457,0.041810378432273865,0.13848072290420532,0.1652243286371231,10000,10000,1.0,319.77619069836584,319.77619069836584,15800,True,129,64000,0.0,0.0,2,RIGHT,greedy,9786,17013,18292,19105,7519,56677,0.1171256776123123,0,32098,2,2,319.77619069836584,159.88809534918292,2,2,159.88809534918292,319.77619069836584,159.88809534918292,319.77619069836584,78.70371694551342,2518.5189422564295,2,RIGHT,False,,
64196,double_dqn,dueling,331,,,2.0,2.0,0.05,0.0013448646059259772,0.8400425910949707,1.9063918590545654,0.26730090379714966,0.8383774757385254,1.863255500793457,0.041810378432273865,0.13848072290420532,0.1652243286371231,10000,10000,1.0,319.7760702761692,319.7760702761692,15800,True,129,64000,0.0,0.0,0,NOOP,greedy,9786,17013,18292,19105,7519,56677,0.1171256776123123,1,32098,2,2,319.7760702761692,159.8880351380846,2,2,159.8880351380846,319.7760702761692,159.8880351380846,319.7760702761692,78.70368730705142,2518.5179938256456,0,NOOP,False,,
64414,double_dqn,dueling,332,3.0,231,0.0,0.0,0.05,,,,,,,,,,10000,10000,1.0,319.7385904169461,319.7385904169461,15854,False,129,64000,0.0,0.0,3,LEFT,greedy,9822,17055,18332,19205,7528,56886,0.11686900363275064,1,32207,2,2,319.7385904169461,159.86929520847306,2,2,159.86929520847306,319.7385904169461,159.86929520847306,319.7385904169461,78.69617804313137,2518.277697380204,3,LEFT,False,,
64595,double_dqn,dueling,332,,,3.0,3.0,0.05,0.0047774966806173325,0.8152267336845398,1.4915283918380737,0.016017362475395203,0.8912909030914307,1.586707592010498,0.0696922093629837,0.29624223709106445,0.4048294723033905,10000,10000,1.0,319.73447193531223,319.73447193531223,15900,True,130,64500,0.0,0.0,0,NOOP,greedy,9874,17116,18374,19232,7538,57058,0.11669453216917457,0,32298,2,2,319.73447193531223,159.86723596765611,2,2,159.86723596765611,319.73447193531223,159.86723596765611,319.73447193531223,78.701128611237,2518.436115559584,0,NOOP,False,,
64596,double_dqn,dueling,332,,,2.0,2.0,0.05,0.0047774966806173325,0.8152267336845398,1.4915283918380737,0.016017362475395203,0.8912909030914307,1.586707592010498,0.0696922093629837,0.29624223709106445,0.4048294723033905,10000,10000,1.0,319.73436241879403,319.73436241879403,15900,True,130,64500,0.0,0.0,1,FIRE,greedy,9874,17116,18374,19232,7538,57058,0.11669453216917457,1,32298,2,2,319.73436241879403,159.86718120939702,2,2,159.86718120939702,319.73436241879403,159.86718120939702,319.73436241879403,78.70110165426381,2518.435252936442,1,FIRE,False,,
64769,double_dqn,dueling,333,4.0,296,0.0,0.0,0.05,,,,,,,,,,10000,10000,1.0,319.77226345674535,319.77226345674535,15943,False,130,64500,0.0,0.0,1,FIRE,greedy,9887,17196,18413,19274,7546,57224,0.1165045545777366,0,32385,2,2,319.77226345674535,159.88613172837267,2,2,159.88613172837267,319.77226345674535,159.88613172837267,319.77226345674535,78.71127368057574,2518.760757778424,1,FIRE,False,,
64995,double_dqn,dueling,333,,,2.0,2.0,0.05,0.0029493083711713552,0.796016275882721,1.9691444635391235,-0.015390314161777496,0.7877966165542603,1.9515712261199951,0.054418712854385376,0.25574541091918945,0.18648084998130798,10000,10000,1.0,319.74017491086533,319.74017491086533,16000,True,130,64500,0.0,0.0,1,FIRE,greedy,9893,17265,18524,19314,7554,57442,0.11622253677149363,0,32498,2,2,319.74017491086533,159.87008745543267,2,2,159.87008745543267,319.74017491086533,159.87008745543267,319.74017491086533,78.71011752375293,2518.7237607600937,1,FIRE,False,,
64996,double_dqn,dueling,333,,,5.0,5.0,0.05,0.0029493083711713552,0.796016275882721,1.9691444635391235,-0.015390314161777496,0.7877966165542603,1.9515712261199951,0.054418712854385376,0.25574541091918945,0.18648084998130798,10000,10000,1.0,319.73999292390454,319.73999292390454,16000,True,130,64500,0.0,0.0,2,RIGHT,greedy,9893,17265,18524,19314,7554,57442,0.11622253677149363,1,32498,2,2,319.73999292390454,159.86999646195227,2,2,159.86999646195227,319.73999292390454,159.86999646195227,319.73999292390454,78.71007272420569,2518.722327174582,2,RIGHT,False,,
65206,double_dqn,dueling,334,6.0,396,0.0,0.0,0.05,,,,,,,,,,10000,10000,1.0,319.7534141070513,319.7534141070513,16052,False,131,65000,0.0,0.0,0,NOOP,greedy,9920,17347,18571,19368,7564,57642,0.11600159494525043,1,32603,2,2,319.7534141070513,159.87670705352565,2,2,159.87670705352565,319.7534141070513,159.87670705352565,319.7534141070513,78.71486984704455,2518.8758351054257,0,NOOP,False,,
65221,double_dqn,dueling,335,3.0,226,0.0,0.0,0.05,,,,,,,,,,10000,10000,1.0,319.74840280556094,319.74840280556094,16056,False,131,65000,0.0,0.0,3,LEFT,greedy,9920,17355,18571,19376,7564,57658,0.1159731378982552,0,32611,2,2,319.74840280556094,159.87420140278047,2,2,159.87420140278047,319.74840280556094,159.87420140278047,319.74840280556094,78.71393633200586,2518.8459626241875,3,LEFT,False,,
65395,double_dqn,dueling,335,,,2.0,2.0,0.05,0.0030834537465125322,0.9986016154289246,2.1708824634552,0.3163401186466217,1.0601385831832886,2.192821502685547,0.05634929984807968,0.2100386619567871,0.31441912055015564,10000,10000,1.0,319.78708318196453,319.78708318196453,16100,True,131,65000,0.0,0.0,3,LEFT,greedy,9936,17386,18672,19402,7572,57824,0.11578689828124045,0,32698,2,2,319.78708318196453,159.89354159098227,2,2,159.89354159098227,319.78708318196453,159.89354159098227,319.78708318196453,78.72915834652929,2519.3330670889372,3,LEFT,False,,
65396,double_dqn,dueling,335,,,0.0,0.0,0.05,0.0030834537465125322,0.9986016154289246,2.1708824634552,0.3163401186466217,1.0601385831832886,2.192821502685547,0.05634929984807968,0.2100386619567871,0.31441912055015564,10000,10000,1.0,319.7868805184533,319.7868805184533,16100,True,131,65000,0.0,0.0,2,RIGHT,greedy,9936,17386,18672,19402,7572,57824,0.11578689828124045,1,32698,2,2,319.7868805184533,159.89344025922665,2,2,159.89344025922665,319.7868805184533,159.89344025922665,319.7868805184533,78.72910845230746,2519.3314704738386,2,RIGHT,False,,
65606,double_dqn,dueling,336,2.0,200,0.0,0.0,0.05,,,,,,,,,,10000,10000,1.0,319.8703814967282,319.8703814967282,16152,False,132,65500,0.0,0.0,3,LEFT,greedy,9944,17408,18697,19557,7590,58016,0.11569063805139773,1,32803,2,2,319.8703814967282,159.9351907483641,2,2,159.9351907483641,319.8703814967282,159.9351907483641,319.8703814967282,78.7511264508605,2520.036046427536,3,LEFT,False,,
65795,double_dqn,dueling,336,,,6.0,6.0,0.05,0.002202080562710762,0.9936257004737854,1.912276268005371,0.19727863371372223,1.001392126083374,1.897702932357788,0.04699946567416191,0.20287322998046875,0.15318959951400757,10000,10000,1.0,319.9011394429764,319.9011394429764,16200,True,132,65500,0.0,0.0,0,NOOP,greedy,9948,17470,18746,19632,7599,58197,0.11549334306036842,0,32898,2,2,319.9011394429764,159.9505697214882,2,2,159.9505697214882,319.9011394429764,159.9505697214882,319.9011394429764,78.76464312384063,2520.4685799629,0,NOOP,False,,
65796,double_dqn,dueling,336,,,2.0,2.0,0.05,0.002202080562710762,0.9936257004737854,1.912276268005371,0.19727863371372223,1.001392126083374,1.897702932357788,0.04699946567416191,0.20287322998046875,0.15318959951400757,10000,10000,1.0,319.9010255905813,319.9010255905813,16200,True,132,65500,0.0,0.0,3,LEFT,greedy,9948,17470,18746,19632,7599,58197,0.11549334306036842,1,32898,2,2,319.9010255905813,159.95051279529065,2,2,159.95051279529065,319.9010255905813,159.95051279529065,319.9010255905813,78.76461509160765,2520.467682931445,3,LEFT,False,,
65973,double_dqn,dueling,337,7.0,376,0.0,0.0,0.05,,,,,,,,,,10000,10000,1.0,319.92546468924235,319.92546468924235,16244,False,132,65500,0.0,0.0,2,RIGHT,greedy,9975,17543,18795,19661,7607,58367,0.11530299815078668,0,32987,2,2,319.92546468924235,159.96273234462117,2,2,159.96273234462117,319.92546468924235,159.96273234462117,319.92546468924235,78.77147434462141,2520.687179027885,2,RIGHT,False,,
66195,double_dqn,dueling,337,,,2.0,2.0,0.05,0.00991525873541832,1.1832976341247559,2.172454357147217,0.3057505190372467,1.1734373569488525,2.184004306793213,0.07360678911209106,0.6331437230110168,0.3057892620563507,10000,10000,1.0,319.9085073652236,319.9085073652236,16300,True,133,66000,0.0,0.0,2,RIGHT,greedy,9981,17636,18882,19697,7619,58577,0.11509758897818599,0,33098,2,2,319.9085073652236,159.9542536826118,2,2,159.9542536826118,319.9085073652236,159.9542536826118,319.9085073652236,78.7737728873821,2520.760732396227,2,RIGHT,False,,
66196,double_dqn,dueling,337,,,5.0,5.0,0.05,0.00991525873541832,1.1832976341247559,2.172454357147217,0.3057505190372467,1.1734373569488525,2.184004306793213,0.07360678911209106,0.6331437230110168,0.3057892620563507,10000,10000,1.0,319.9083929587489,319.9083929587489,16300,True,133,66000,0.0,0.0,1,FIRE,greedy,9981,17636,18882,19697,7619,58577,0.11509758897818599,1,33098,2,2,319.9083929587489,159.95419647937445,2,2,159.95419647937445,319.9083929587489,159.95419647937445,319.9083929587489,78.77374471610985,2520.759830915515,1,FIRE,False,,
66406,double_dqn,dueling,338,7.0,400,0.0,0.0,0.05,,,,,,,,,,10000,10000,1.0,319.932964914164,319.932964914164,16352,False,133,66000,0.0,0.0,0,NOOP,greedy,10023,17664,18959,19760,7630,58776,0.11489925609131706,1,33203,2,2,319.932964914164,159.966482457082,2,2,159.966482457082,319.932964914164,159.966482457082,319.932964914164,78.78119209523854,2520.998147047633,0,NOOP,False,,
66595,double_dqn,dueling,338,,,5.0,5.0,0.05,0.0013852131087332964,0.8311276435852051,2.017411708831787,0.35690051317214966,0.8265599012374878,1.9578964710235596,0.043477222323417664,0.10306441783905029,0.17268523573875427,10000,10000,1.0,319.98096927167586,319.98096927167586,16400,True,134,66500,0.0,0.0,2,RIGHT,greedy,10034,17693,19073,19796,7639,58957,0.11470658898432338,0,33298,2,2,319.98096927167586,159.99048463583793,2,2,159.99048463583793,319.98096927167586,159.99048463583793,319.98096927167586,78.79884521676203,2521.563046936385,2,RIGHT,False,,
66596,double_dqn,dueling,338,,,2.0,2.0,0.05,0.0013852131087332964,0.8311276435852051,2.017411708831787,0.35690051317214966,0.8265599012374878,1.9578964710235596,0.043477222323417664,0.10306441783905029,0.17268523573875427,10000,10000,1.0,319.98085888289444,319.98085888289444,16400,True,134,66500,0.0,0.0,1,FIRE,greedy,10034,17693,19073,19796,7639,58957,0.11470658898432338,1,33298,2,2,319.98085888289444,159.99042944144722,2,2,159.99042944144722,319.98085888289444,159.99042944144722,319.98085888289444,78.79881803230627,2521.5621770338007,1,FIRE,False,,
66667,double_dqn,dueling,339,5.0,347,0.0,0.0,0.05,,,,,,,,,,10000,10000,1.0,320.0121965215706,320.0121965215706,16418,True,134,66500,0.0,0.0,0,NOOP,greedy,10056,17728,19083,19801,7642,59026,0.11462770744585109,0,33334,2,2,320.0121965215706,160.0060982607853,2,2,160.0060982607853,320.0121965215706,160.0060982607853,320.0121965215706,78.80782748081758,2521.8504793861625,0,NOOP,False,,
66995,double_dqn,dueling,339,,,3.0,3.0,0.05,0.0072952439077198505,0.9930091500282288,1.956044316291809,0.22364573180675507,1.0108591318130493,1.889271855354309,0.06872805953025818,0.5785632133483887,0.1904171258211136,10000,10000,1.0,319.8509772876734,319.8509772876734,16500,True,134,66500,0.0,0.0,1,FIRE,fire_reset,10106,17817,19199,19874,7660,59336,0.1143351841901009,0,33498,2,2,319.8509772876734,159.9254886438367,2,2,159.9254886438367,319.8509772876734,159.9254886438367,319.8509772876734,78.77397344985687,2520.76715039542,0,NOOP,True,after_life_loss,
66996,double_dqn,dueling,339,,,8.0,5.0,0.05,0.0072952439077198505,0.9930091500282288,1.956044316291809,0.22364573180675507,1.0108591318130493,1.889271855354309,0.06872805953025818,0.5785632133483887,0.1904171258211136,10000,10000,1.0,319.8508662729503,319.8508662729503,16500,True,134,66500,0.0,0.0,0,NOOP,greedy,10106,17817,19199,19874,7660,59336,0.1143351841901009,1,33498,2,2,319.8508662729503,159.92543313647516,2,2,159.92543313647516,319.8508662729503,159.92543313647516,319.8508662729503,78.77394610877784,2520.7662754808907,0,NOOP,False,,
67062,double_dqn,dueling,340,8.0,328,0.0,0.0,0.05,,,,,,,,,,10000,10000,1.0,319.8710318464016,319.8710318464016,16516,False,135,67000,0.0,0.0,3,LEFT,greedy,10112,17830,19202,19918,7665,59397,0.11429721750022367,1,33531,2,2,319.8710318464016,159.9355159232008,2,2,159.9355159232008,319.8710318464016,159.9355159232008,319.8710318464016,78.77769768237107,2520.8863258358742,3,LEFT,False,,
67153,double_dqn,dueling,341,4.0,243,0.0,0.0,0.05,,,,,,,,,,10000,10000,1.0,319.9136911220507,319.9136911220507,16539,False,135,67000,0.0,0.0,0,NOOP,greedy,10134,17847,19207,19966,7669,59485,0.11420019656312357,0,33577,2,2,319.9136911220507,159.95684556102535,2,2,159.95684556102535,319.9136911220507,159.95684556102535,319.9136911220507,78.78983437274916,2521.274699927973,0,NOOP,False,,
67395,double_dqn,dueling,341,,,2.0,2.0,0.05,0.002756888046860695,1.1857081651687622,2.075000047683716,0.06627002358436584,1.2184224128723145,2.0933399200439453,0.04757070541381836,0.3054002523422241,0.25972214341163635,10000,10000,1.0,319.8152790680788,319.8152790680788,16600,True,135,67000,0.0,0.0,2,RIGHT,greedy,10174,17884,19279,20059,7685,59711,0.11402753872633391,0,33698,2,2,319.8152790680788,159.9076395340394,2,2,159.9076395340394,319.8152790680788,159.9076395340394,319.8152790680788,78.77223622366472,2520.711559157271,2,RIGHT,False,,
67396,double_dqn,dueling,341,,,2.0,2.0,0.05,0.002756888046860695,1.1857081651687622,2.075000047683716,0.06627002358436584,1.2184224128723145,2.0933399200439453,0.04757070541381836,0.3054002523422241,0.25972214341163635,10000,10000,1.0,319.8150980154508,319.8150980154508,16600,True,135,67000,0.0,0.0,3,LEFT,greedy,10174,17884,19279,20059,7685,59711,0.11402753872633391,1,33698,2,2,319.8150980154508,159.9075490077254,2,2,159.9075490077254,319.8150980154508,159.9075490077254,319.8150980154508,78.77219162942139,2520.7101321414843,3,LEFT,False,,
67550,double_dqn,dueling,342,4.0,244,0.0,0.0,0.05,,,,,,,,,,10000,10000,1.0,319.88134763120337,319.88134763120337,16638,False,136,67500,0.0,0.0,1,FIRE,greedy,10183,17902,19356,20109,7693,59857,0.1138860103626943,1,33775,2,2,319.88134763120337,159.94067381560168,2,2,159.94067381560168,319.88134763120337,159.94067381560168,319.88134763120337,78.78883585326368,2521.2427473044377,1,FIRE,False,,
67795,double_dqn,dueling,342,,,6.0,6.0,0.05,0.003700762987136841,1.104159951210022,2.1844568252563477,0.2848314046859741,1.1135622262954712,2.28857684135437,0.06557498127222061,0.2565063238143921,0.1700078397989273,10000,10000,1.0,319.9054582261671,319.9054582261671,16700,True,136,67500,0.0,0.0,3,LEFT,greedy,10190,17944,19417,20245,7707,60089,0.11367927311345802,0,33898,2,2,319.9054582261671,159.95272911308356,2,2,159.95272911308356,319.9054582261671,159.95272911308356,319.9054582261671,78.80142121035152,2521.6454787312487,3,LEFT,False,,
67796,double_dqn,dueling,342,,,3.0,3.0,0.05,0.003700762987136841,1.104159951210022,2.1844568252563477,0.2848314046859741,1.1135622262954712,2.28857684135437,0.06557498127222061,0.2565063238143921,0.1700078397989273,10000,10000,1.0,319.90535210692957,319.90535210692957,16700,True,136,67500,0.0,0.0,3,LEFT,greedy,10190,17944,19417,20245,7707,60089,0.11367927311345802,1,33898,2,2,319.90535210692957,159.95267605346478,2,2,159.95267605346478,319.90535210692957,159.95267605346478,319.90535210692957,78.80139507029506,2521.644642249442,3,LEFT,False,,
67951,double_dqn,dueling,343,7.0,399,0.0,0.0,0.05,,,,,,,,,,10000,10000,1.0,319.9549421776822,319.9549421776822,16739,True,136,67500,0.0,0.0,0,NOOP,greedy,10210,17995,19438,20309,7717,60235,0.113565457970332,0,33976,2,2,319.9549421776822,159.9774710888411,2,2,159.9774710888411,319.9549421776822,159.9774710888411,319.9549421776822,78.8163082339331,2522.121863485859,0,NOOP,False,,
68195,double_dqn,dueling,343,,,3.0,3.0,0.05,0.003935938235372305,1.178257942199707,2.24112868309021,0.256916344165802,1.1881757974624634,2.2243874073028564,0.056659337133169174,0.3077593445777893,0.23469048738479614,10000,10000,1.0,320.019251685472,320.019251685472,16800,True,137,68000,0.0,0.0,3,LEFT,greedy,10238,18037,19536,20385,7730,60466,0.11334975658396387,0,34098,2,2,320.019251685472,160.009625842736,2,2,160.009625842736,320.019251685472,160.009625842736,320.019251685472,78.83634565540397,2522.763060972927,3,LEFT,False,,
68196,double_dqn,dueling,343,,,6.0,6.0,0.05,0.003935938235372305,1.178257942199707,2.24112868309021,0.256916344165802,1.1881757974624634,2.2243874073028564,0.056659337133169174,0.3077593445777893,0.23469048738479614,10000,10000,1.0,320.01914431151056,320.01914431151056,16800,True,137,68000,0.0,0.0,2,RIGHT,greedy,10238,18037,19536,20385,7730,60466,0.11334975658396387,1,34098,2,2,320.01914431151056,160.00957215575528,2,2,160.00957215575528,320.01914431151056,160.00957215575528,320.01914431151056,78.83631920396178,2522.762214526777,2,RIGHT,False,,
68298,double_dqn,dueling,344,7.0,374,0.0,0.0,0.05,,,,,,,,,,10000,10000,1.0,320.047105115595,320.047105115595,16825,False,137,68000,0.0,0.0,2,RIGHT,greedy,10250,18046,19566,20436,7736,60562,0.11326832410905151,1,34149,2,2,320.047105115595,160.0235525577975,2,2,160.0235525577975,320.047105115595,160.0235525577975,320.047105115595,78.8426094991052,2522.963503971366,2,RIGHT,False,,
68583,double_dqn,dueling,345,5.0,316,0.0,0.0,0.05,,,,,,,,,,10000,10000,1.0,320.141027854882,320.141027854882,16897,True,138,68500,0.0,0.0,2,RIGHT,greedy,10276,18096,19653,20559,7754,60830,0.11305843928613088,0,34292,2,2,320.141027854882,160.070513927441,2,2,160.070513927441,320.141027854882,160.070513927441,320.141027854882,78.872957944476,2523.934654223232,2,RIGHT,False,,
68595,double_dqn,dueling,345,,,0.0,0.0,0.05,0.0028209718875586987,1.063034176826477,1.9910212755203247,0.24127411842346191,1.105862021446228,2.0093960762023926,0.06085696443915367,0.18594026565551758,0.2588008642196655,10000,10000,1.0,320.13873811178894,320.13873811178894,16900,True,138,68500,0.0,0.0,3,LEFT,greedy,10276,18106,19653,20561,7754,60842,0.11303866114642253,0,34298,2,2,320.13873811178894,160.06936905589447,2,2,160.06936905589447,320.13873811178894,160.06936905589447,320.13873811178894,78.87259714982262,2523.923108794324,3,LEFT,False,,
68596,double_dqn,dueling,345,,,2.0,2.0,0.05,0.0028209718875586987,1.063034176826477,1.9910212755203247,0.24127411842346191,1.105862021446228,2.0093960762023926,0.06085696443915367,0.18594026565551758,0.2588008642196655,10000,10000,1.0,320.13863023817635,320.13863023817635,16900,True,138,68500,0.0,0.0,1,FIRE,greedy,10276,18106,19653,20561,7754,60842,0.11303866114642253,1,34298,2,2,320.13863023817635,160.06931511908817,2,2,160.06931511908817,320.13863023817635,160.06931511908817,320.13863023817635,78.87257057299523,2523.9222583358473,1,FIRE,False,,
68884,double_dqn,dueling,346,5.0,293,0.0,0.0,0.05,,,,,,,,,,10000,10000,1.0,320.21602802255705,320.21602802255705,16972,True,138,68500,0.0,0.0,1,FIRE,greedy,10341,18188,19712,20643,7772,61112,0.11282736194181522,1,34442,2,2,320.21602802255705,160.10801401127853,2,2,160.10801401127853,320.21602802255705,160.10801401127853,320.21602802255705,78.89649886183784,2524.687963578811,1,FIRE,False,,
68995,double_dqn,dueling,346,,,4.0,4.0,0.05,0.002028665505349636,1.293097972869873,2.230518341064453,0.1091538816690445,1.3044192790985107,2.186718463897705,0.053373344242572784,0.13108134269714355,0.18330077826976776,10000,10000,1.0,320.23929622862767,320.23929622862767,17000,True,138,68500,0.0,0.0,3,LEFT,greedy,10347,18196,19764,20689,7777,61219,0.11271667922778132,0,34498,2,2,320.23929622862767,160.11964811431383,2,2,160.11964811431383,320.23929622862767,160.11964811431383,320.23929622862767,78.90411090333745,2524.9315489067985,3,LEFT,False,,
68996,double_dqn,dueling,346,,,1.0,1.0,0.05,0.002028665505349636,1.293097972869873,2.230518341064453,0.1091538816690445,1.3044192790985107,2.186718463897705,0.053373344242572784,0.13108134269714355,0.18330077826976776,10000,10000,1.0,320.23918594061627,320.23918594061627,17000,True,138,68500,0.0,0.0,2,RIGHT,greedy,10347,18196,19764,20689,7777,61219,0.11271667922778132,1,34498,2,2,320.23918594061627,160.11959297030813,2,2,160.11959297030813,320.23918594061627,160.11959297030813,320.23918594061627,78.90408372935353,2524.930679339313,2,RIGHT,False,,
69209,double_dqn,dueling,347,8.0,313,0.0,0.0,0.05,,,,,,,,,,10000,10000,1.0,320.1841212381677,320.1841212381677,17053,False,139,69000,0.0,0.0,3,LEFT,greedy,10365,18241,19845,20759,7789,61421,0.11254154023984973,0,34605,2,2,320.1841212381677,160.09206061908384,2,2,160.09206061908384,320.1841212381677,160.09206061908384,320.1841212381677,78.89177603633107,2524.536833162594,3,LEFT,False,,
69395,double_dqn,dueling,347,,,0.0,0.0,0.05,0.0026851349975913763,1.1159534454345703,2.1382834911346436,0.18042190372943878,1.102994441986084,2.144742250442505,0.05074923485517502,0.23203980922698975,0.23573851585388184,10000,10000,1.0,320.0934195293144,320.0934195293144,17100,True,139,69000,0.0,0.0,3,LEFT,greedy,10388,18280,19902,20826,7798,61598,0.11236958902530406,0,34698,2,2,320.0934195293144,160.0467097646572,2,2,160.0467097646572,320.0934195293144,160.0467097646572,320.0934195293144,78.87482670400709,2523.994454528227,3,LEFT,False,,
69396,double_dqn,dueling,347,,,5.0,5.0,0.05,0.0026851349975913763,1.1159534454345703,2.1382834911346436,0.18042190372943878,1.102994441986084,2.144742250442505,0.05074923485517502,0.23203980922698975,0.23573851585388184,10000,10000,1.0,320.0932414694358,320.0932414694358,17100,True,139,69000,0.0,0.0,2,RIGHT,greedy,10388,18280,19902,20826,7798,61598,0.11236958902530406,1,34698,2,2,320.0932414694358,160.0466207347179,2,2,160.0466207347179,320.0932414694358,160.0466207347179,320.0932414694358,78.87478282793462,2523.993050493908,2,RIGHT,False,,
69498,double_dqn,dueling,348,5.0,307,0.0,0.0,0.05,,,,,,,,,,10000,10000,1.0,320.08467280008756,320.08467280008756,17125,False,139,69000,0.0,0.0,2,RIGHT,greedy,10399,18308,19924,20867,7801,61697,0.11224783447005669,1,34749,2,2,320.08467280008756,160.04233640004378,2,2,160.04233640004378,320.08467280008756,160.04233640004378,320.08467280008756,78.87205418431465,2523.905733898069,2,RIGHT,False,,
69577,double_dqn,dueling,349,2.0,184,0.0,0.0,0.05,,,,,,,,,,10000,10000,1.0,320.05064713869234,320.05064713869234,17145,False,140,69500,0.0,0.0,3,LEFT,greedy,10405,18324,19945,20904,7805,61773,0.1121762626117451,0,34789,2,2,320.05064713869234,160.02532356934617,2,2,160.02532356934617,320.05064713869234,160.02532356934617,320.05064713869234,78.86499102004771,2523.6797126415267,3,LEFT,False,,
69795,double_dqn,dueling,349,,,1.0,1.0,0.05,0.0038718830328434706,1.1248067617416382,2.226280689239502,0.27200523018836975,1.1386692523956299,2.3658037185668945,0.05970372259616852,0.31757116317749023,0.21305811405181885,10000,10000,1.0,320.0137865070335,320.0137865070335,17200,True,140,69500,0.0,0.0,1,FIRE,greedy,10412,18424,20006,20954,7818,61978,0.11201214969339217,0,34898,2,2,320.0137865070335,160.00689325351675,2,2,160.00689325351675,320.0137865070335,160.00689325351675,320.0137865070335,78.8617847429792,2523.5771117753343,1,FIRE,False,,
69796,double_dqn,dueling,349,,,2.0,2.0,0.05,0.0038718830328434706,1.1248067617416382,2.226280689239502,0.27200523018836975,1.1386692523956299,2.3658037185668945,0.05970372259616852,0.31757116317749023,0.21305811405181885,10000,10000,1.0,320.01366780575796,320.01366780575796,17200,True,140,69500,0.0,0.0,1,FIRE,fire_reset,10412,18424,20006,20954,7818,61978,0.11201214969339217,1,34898,2,2,320.01366780575796,160.00683390287898,2,2,160.00683390287898,320.01366780575796,160.00683390287898,320.01366780575796,78.86175549113183,2523.5761757162186,2,RIGHT,True,after_life_loss,
69892,double_dqn,dueling,350,2.0,197,0.0,0.0,0.05,,,,,,,,,,10000,10000,1.0,320.0477919475869,320.0477919475869,17224,True,140,69500,0.0,0.0,2,RIGHT,greedy,10417,18462,20016,20997,7822,62070,0.11191552681279689,1,34946,2,2,320.0477919475869,160.02389597379346,2,2,160.02389597379346,320.0477919475869,160.02389597379346,320.0477919475869,78.87173308111424,2523.895458595656,2,RIGHT,False,,
69939,double_dqn,dueling,351,2.0,181,0.0,0.0,0.05,,,,,,,,,,10000,10000,1.0,320.0550852784503,320.0550852784503,17236,True,140,69500,0.0,0.0,1,FIRE,greedy,10429,18472,20022,21017,7823,62117,0.11185301687160423,0,34970,2,2,320.0550852784503,160.02754263922515,2,2,160.02754263922515,320.0550852784503,160.02754263922515,320.0550852784503,78.87431298054574,2523.9780153774636,1,FIRE,False,,
70195,double_dqn,dueling,351,,,1.0,1.0,0.05,0.004434956703335047,1.191563606262207,2.1234991550445557,0.22516928613185883,1.2325137853622437,2.1815598011016846,0.060872022062540054,0.41249513626098633,0.29885733127593994,10000,10000,1.0,320.14884197438084,320.14884197438084,17300,True,141,70000,0.0,0.0,1,FIRE,greedy,10442,18559,20099,21096,7836,62360,0.11163029232434897,0,35098,2,2,320.14884197438084,160.07442098719042,2,2,160.07442098719042,320.14884197438084,160.07442098719042,320.14884197438084,78.90157510622811,2524.8504033992995,1,FIRE,False,,
70196,double_dqn,dueling,351,,,3.0,3.0,0.05,0.004434956703335047,1.191563606262207,2.1234991550445557,0.22516928613185883,1.2325137853622437,2.1815598011016846,0.060872022062540054,0.41249513626098633,0.29885733127593994,10000,10000,1.0,320.1487364070673,320.1487364070673,17300,True,141,70000,0.0,0.0,1,FIRE,greedy,10442,18559,20099,21096,7836,62360,0.11163029232434897,1,35098,2,2,320.1487364070673,160.07436820353365,2,2,160.07436820353365,320.1487364070673,160.07436820353365,320.1487364070673,78.90154908886923,2524.8495708438154,1,FIRE,False,,
70283,double_dqn,dueling,352,1.0,172,0.0,0.0,0.05,,,,,,,,,,10000,10000,1.0,320.1632934471347,320.1632934471347,17322,True,141,70000,0.0,0.0,3,LEFT,greedy,10443,18599,20101,21141,7837,62447,0.11150475214842638,0,35142,2,2,320.1632934471347,160.08164672356736,2,2,160.08164672356736,320.1632934471347,160.08164672356736,320.1632934471347,78.90655866329844,2525.00987722555,3,LEFT,False,,
70498,double_dqn,dueling,353,5.0,303,0.0,0.0,0.05,,,,,,,,,,10000,10000,1.0,320.24359161757405,320.24359161757405,17375,False,141,70000,0.0,0.0,1,FIRE,greedy,10466,18683,20150,21199,7844,62654,0.11126556781752674,1,35249,2,2,320.24359161757405,160.12179580878703,2,2,160.12179580878703,320.24359161757405,160.12179580878703,320.24359161757405,78.9275214099031,2525.680685116899,1,FIRE,False,,
70595,double_dqn,dueling,353,,,1.0,1.0,0.05,0.00270062405616045,1.0969221591949463,1.9552841186523438,0.37462228536605835,1.159972906112671,2.0212340354919434,0.06448955088853836,0.15947699546813965,0.4954805374145508,10000,10000,1.0,320.27173778508944,320.27173778508944,17400,True,142,70500,0.0,0.0,0,NOOP,greedy,10475,18751,20162,21208,7848,62748,0.11116777154513004,0,35298,2,2,320.27173778508944,160.13586889254472,2,2,160.13586889254472,320.27173778508944,160.13586889254472,320.27173778508944,78.93830015100794,2526.025604832254,0,NOOP,False,,
70596,double_dqn,dueling,353,,,0.0,0.0,0.05,0.00270062405616045,1.0969221591949463,1.9552841186523438,0.37462228536605835,1.159972906112671,2.0212340354919434,0.06448955088853836,0.15947699546813965,0.4954805374145508,10000,10000,1.0,320.2716280857785,320.2716280857785,17400,True,142,70500,0.0,0.0,1,FIRE,greedy,10475,18751,20162,21208,7848,62748,0.11116777154513004,1,35298,2,2,320.2716280857785,160.13581404288925,2,2,160.13581404288925,320.2716280857785,160.13581404288925,320.2716280857785,78.93827311310196,2526.0247396192626,1,FIRE,False,,
70739,double_dqn,dueling,354,3.0,228,0.0,0.0,0.05,,,,,,,,,,10000,10000,1.0,320.3016282514869,320.3016282514869,17436,True,142,70500,0.0,0.0,2,RIGHT,greedy,10503,18815,20179,21243,7853,62887,0.11101215719536331,0,35370,2,2,320.3016282514869,160.15081412574344,2,2,160.15081412574344,320.3016282514869,160.15081412574344,320.3016282514869,78.94796706520957,2526.334946086706,2,RIGHT,False,,
70860,double_dqn,dueling,355,2.0,181,0.0,0.0,0.05,,,,,,,,,,10000,10000,1.0,320.3247586392043,320.3247586392043,17466,True,142,70500,0.0,0.0,2,RIGHT,greedy,10512,18845,20217,21286,7858,63002,0.11089472198701665,1,35430,2,2,320.3247586392043,160.16237931960214,2,2,160.16237931960214,320.3247586392043,160.16237931960214,320.3247586392043,78.95557767982419,2526.578485754374,2,RIGHT,False,,
70995,double_dqn,dueling,355,,,1.0,1.0,0.05,0.002488750731572509,1.0556132793426514,2.1032826900482178,0.28184622526168823,1.0865205526351929,2.0706233978271484,0.04677111655473709,0.2798820734024048,0.22117659449577332,10000,10000,1.0,320.3566657518089,320.3566657518089,17500,True,142,70500,0.0,0.0,3,LEFT,greedy,10521,18908,20229,21338,7862,63134,0.11073863316243168,0,35498,2,2,320.3566657518089,160.17833287590446,2,2,160.17833287590446,320.3566657518089,160.17833287590446,320.3566657518089,78.96559877537686,2526.8991608120596,3,LEFT,False,,
70996,double_dqn,dueling,355,,,1.0,1.0,0.05,0.002488750731572509,1.0556132793426514,2.1032826900482178,0.28184622526168823,1.0865205526351929,2.0706233978271484,0.04677111655473709,0.2798820734024048,0.22117659449577332,10000,10000,1.0,320.3565628287821,320.3565628287821,17500,True,142,70500,0.0,0.0,3,LEFT,greedy,10521,18908,20229,21338,7862,63134,0.11073863316243168,1,35498,2,2,320.3565628287821,160.17828141439105,2,2,160.17828141439105,320.3565628287821,160.17828141439105,320.3565628287821,78.9655734055959,2526.898348979069,3,LEFT,False,,
71239,double_dqn,dueling,356,3.0,250,0.0,0.0,0.05,,,,,,,,,,10000,10000,1.0,320.28914661096667,320.28914661096667,17561,True,143,71000,0.0,0.0,0,NOOP,greedy,10665,18930,20261,21384,7877,63363,0.11056990454800673,0,35620,2,2,320.28914661096667,160.14457330548333,2,2,160.14457330548333,320.28914661096667,160.14457330548333,320.28914661096667,78.95280325147651,2526.4897040472483,0,NOOP,False,,
71258,double_dqn,dueling,357,2.0,199,0.0,0.0,0.05,,,,,,,,,,10000,10000,1.0,320.28875693139776,320.28875693139776,17565,False,143,71000,0.0,0.0,0,NOOP,greedy,10670,18932,20268,21388,7877,63381,0.11054197423447192,1,35629,2,2,320.28875693139776,160.14437846569888,2,2,160.14437846569888,320.28875693139776,160.14437846569888,320.28875693139776,78.95074259030567,2526.4237628897813,0,NOOP,False,,
71395,double_dqn,dueling,357,,,1.0,1.0,0.05,0.0024988786317408085,1.023821473121643,2.0998408794403076,0.09254560619592667,1.0458848476409912,2.0623230934143066,0.0532267764210701,0.21962463855743408,0.12442526966333389,10000,10000,1.0,320.3284832651308,320.3284832651308,17600,True,143,71000,0.0,0.0,3,LEFT,greedy,10699,18957,20288,21452,7883,63513,0.110412348030702,0,35698,2,2,320.3284832651308,160.1642416325654,2,2,160.1642416325654,320.3284832651308,160.1642416325654,320.3284832651308,78.9649462920374,2526.8782813451967,3,LEFT,False,,
71396,double_dqn,dueling,357,,,1.0,1.0,0.05,0.0024988786317408085,1.023821473121643,2.0998408794403076,0.09254560619592667,1.0458848476409912,2.0623230934143066,0.0532267764210701,0.21962463855743408,0.12442526966333389,10000,10000,1.0,320.3281632007298,320.3281632007298,17600,True,143,71000,0.0,0.0,3,LEFT,greedy,10699,18957,20288,21452,7883,63513,0.110412348030702,1,35698,2,2,320.3281632007298,160.1640816003649,2,2,160.1640816003649,320.3281632007298,160.1640816003649,320.3281632007298,78.96486739219067,2526.8757565501014,3,LEFT,False,,
71585,double_dqn,dueling,358,1.0,173,0.0,0.0,0.05,,,,,,,,,,10000,10000,1.0,320.3519861116314,320.3519861116314,17647,False,144,71500,0.0,0.0,3,LEFT,greedy,10715,19008,20312,21551,7891,63695,0.11023105076411589,0,35793,2,2,320.3519861116314,160.1759930558157,2,2,160.1759930558157,320.3519861116314,160.1759930558157,320.3519861116314,78.97146786958287,2527.0869718266517,3,LEFT,False,,
71780,double_dqn,dueling,359,4.0,261,0.0,0.0,0.05,,,,,,,,,,10000,10000,1.0,320.28927677899014,320.28927677899014,17696,True,144,71500,0.0,0.0,2,RIGHT,greedy,10751,19026,20367,21636,7903,63877,0.11010030649205907,1,35890,2,2,320.28927677899014,160.14463838949507,2,2,160.14463838949507,320.28927677899014,160.14463838949507,320.28927677899014,78.96125720090568,2526.7602304289817,2,RIGHT,False,,
71795,double_dqn,dueling,359,,,1.0,1.0,0.05,0.004062292631715536,0.9633617997169495,1.9574503898620605,0.07654689997434616,0.9488263726234436,1.9147390127182007,0.05377595126628876,0.41842982172966003,0.26683273911476135,10000,10000,1.0,320.27840399655673,320.27840399655673,17700,True,144,71500,0.0,0.0,0,NOOP,greedy,10752,19031,20373,21640,7903,63893,0.11007577023789626,0,35898,2,2,320.27840399655673,160.13920199827837,2,2,160.13920199827837,320.27840399655673,160.13920199827837,320.27840399655673,78.95882431805468,2526.68237817775,0,NOOP,False,,
71796,double_dqn,dueling,359,,,0.0,0.0,0.05,0.004062292631715536,0.9633617997169495,1.9574503898620605,0.07654689997434616,0.9488263726234436,1.9147390127182007,0.05377595126628876,0.41842982172966003,0.26683273911476135,10000,10000,1.0,320.27830098404223,320.27830098404223,17700,True,144,71500,0.0,0.0,1,FIRE,greedy,10752,19031,20373,21640,7903,63893,0.11007577023789626,1,35898,2,2,320.27830098404223,160.13915049202112,2,2,160.13915049202112,320.27830098404223,160.13915049202112,320.27830098404223,78.95879892218991,2526.6815655100772,1,FIRE,False,,
72031,double_dqn,dueling,360,2.0,223,0.0,0.0,0.05,,,,,,,,,,10000,10000,1.0,320.36373936722345,320.36373936722345,17759,True,145,72000,0.0,0.0,3,LEFT,greedy,10788,19068,20441,21735,7918,64114,0.1099233673922701,0,36016,2,2,320.36373936722345,160.18186968361172,2,2,160.18186968361172,320.36373936722345,160.18186968361172,320.36373936722345,78.98350243534153,2527.472077930929,3,LEFT,False,,
72124,double_dqn,dueling,361,1.0,172,0.0,0.0,0.05,,,,,,,,,,10000,10000,1.0,320.3747601836364,320.3747601836364,17782,True,145,72000,0.0,0.0,3,LEFT,greedy,10790,19090,20460,21784,7923,64201,0.10985247629083246,1,36062,2,2,320.3747601836364,160.1873800918182,2,2,160.1873800918182,320.3747601836364,160.1873800918182,320.3747601836364,78.98763221098972,2527.604230751671,3,LEFT,False,,
72195,double_dqn,dueling,361,,,1.0,1.0,0.05,0.015939027070999146,0.8328142166137695,1.4851387739181519,0.171096071600914,0.8920703530311584,1.403471827507019,0.07628332078456879,0.9411277770996094,0.34414607286453247,10000,10000,1.0,320.298383862637,320.298383862637,17800,True,145,72000,0.0,0.0,1,FIRE,greedy,10793,19120,20476,21807,7927,64269,0.10979832677710677,0,36098,2,2,320.298383862637,160.1491919313185,2,2,160.1491919313185,320.298383862637,160.1491919313185,320.298383862637,78.96990460350905,2527.0369473122896,1,FIRE,False,,
72196,double_dqn,dueling,361,,,0.0,0.0,0.05,0.015939027070999146,0.8328142166137695,1.4851387739181519,0.171096071600914,0.8920703530311584,1.403471827507019,0.07628332078456879,0.9411277770996094,0.34414607286453247,10000,10000,1.0,320.2982676243763,320.2982676243763,17800,True,145,72000,0.0,0.0,1,FIRE,greedy,10793,19120,20476,21807,7927,64269,0.10979832677710677,1,36098,2,2,320.2982676243763,160.14913381218815,2,2,160.14913381218815,320.2982676243763,160.14913381218815,320.2982676243763,78.96987594484318,2527.036030234982,1,FIRE,False,,
72562,double_dqn,dueling,362,2.0,219,0.0,0.0,0.05,,,,,,,,,,10000,10000,1.0,320.412036119143,320.412036119143,17891,False,146,72500,0.0,0.0,3,LEFT,greedy,10843,19172,20641,21906,7946,64616,0.10950635318761887,1,36281,2,2,320.412036119143,160.2060180595715,2,2,160.2060180595715,320.412036119143,160.2060180595715,320.412036119143,79.00129183605175,2528.041338753656,3,LEFT,False,,
72595,double_dqn,dueling,362,,,5.0,5.0,0.05,0.002495379652827978,1.1805760860443115,2.035569429397583,0.32596492767333984,1.195549726486206,2.0730245113372803,0.05131075531244278,0.23671036958694458,0.10526460409164429,10000,10000,1.0,320.41212686292306,320.41212686292306,17900,True,146,72500,0.0,0.0,1,FIRE,greedy,10845,19176,20660,21915,7947,64649,0.10946884125847155,0,36298,2,2,320.41212686292306,160.20606343146153,2,2,160.20606343146153,320.41212686292306,160.20606343146153,320.41212686292306,79.00403701094169,2528.129184350134,1,FIRE,False,,
72596,double_dqn,dueling,362,,,0.0,0.0,0.05,0.002495379652827978,1.1805760860443115,2.035569429397583,0.32596492767333984,1.195549726486206,2.0730245113372803,0.05131075531244278,0.23671036958694458,0.10526460409164429,10000,10000,1.0,320.4120230618917,320.4120230618917,17900,True,146,72500,0.0,0.0,2,RIGHT,greedy,10845,19176,20660,21915,7947,64649,0.10946884125847155,1,36298,2,2,320.4120230618917,160.20601153094586,2,2,160.20601153094586,320.4120230618917,160.20601153094586,320.4120230618917,79.00401141671527,2528.1283653348887,2,RIGHT,False,,
72601,double_dqn,dueling,363,5.0,285,0.0,0.0,0.05,,,,,,,,,,10000,10000,1.0,320.4061521025255,320.4061521025255,17901,False,146,72500,0.0,0.0,0,NOOP,greedy,10846,19177,20663,21916,7948,64654,0.10947356822126113,0,36301,2,2,320.4061521025255,160.20307605126274,2,2,160.20307605126274,320.4061521025255,160.20307605126274,320.4061521025255,79.00044804257884,2528.014337362523,0,NOOP,False,,
72995,double_dqn,dueling,363,,,3.0,3.0,0.05,0.0018890497740358114,0.9794895648956299,1.935173749923706,0.12075971812009811,0.9659993648529053,1.9675441980361938,0.05017276108264923,0.11490333080291748,0.21059517562389374,10000,10000,1.0,320.5051018496153,320.5051018496153,18000,True,146,72500,0.0,0.0,0,NOOP,greedy,10887,19325,20715,22069,7960,65036,0.10904707107238752,0,36498,2,2,320.5051018496153,160.25255092480765,2,2,160.25255092480765,320.5051018496153,160.25255092480765,320.5051018496153,79.03298582515585,2529.055546404987,0,NOOP,False,,
72996,double_dqn,dueling,363,,,3.0,3.0,0.05,0.0018890497740358114,0.9794895648956299,1.935173749923706,0.12075971812009811,0.9659993648529053,1.9675441980361938,0.05017276108264923,0.11490333080291748,0.21059517562389374,10000,10000,1.0,320.5049937731177,320.5049937731177,18000,True,146,72500,0.0,0.0,0,NOOP,greedy,10887,19325,20715,22069,7960,65036,0.10904707107238752,1,36498,2,2,320.5049937731177,160.25249688655884,2,2,160.25249688655884,320.5049937731177,160.25249688655884,320.5049937731177,79.03295917469613,2529.054693590276,0,NOOP,False,,
73018,double_dqn,dueling,364,3.0,228,0.0,0.0,0.05,,,,,,,,,,10000,10000,1.0,320.49729592578433,320.49729592578433,18005,False,147,73000,0.0,0.0,2,RIGHT,greedy,10889,19325,20734,22070,7961,65057,0.10902791092607303,1,36509,2,2,320.49729592578433,160.24864796289216,2,2,160.24864796289216,320.49729592578433,160.24864796289216,320.49729592578433,79.0291957208325,2528.93426306664,2,RIGHT,False,,
73025,double_dqn,dueling,365,3.0,212,0.0,0.0,0.05,,,,,,,,,,10000,10000,1.0,320.4891766751727,320.4891766751727,18007,False,147,73000,0.0,0.0,2,RIGHT,greedy,10889,19328,20738,22071,7962,65064,0.10902966066880289,0,36513,2,2,320.4891766751727,160.24458833758635,2,2,160.24458833758635,320.4891766751727,160.24458833758635,320.4891766751727,79.02731361966745,2528.8740358293585,2,RIGHT,False,,
73369,double_dqn,dueling,366,1.0,172,0.0,0.0,0.05,,,,,,,,,,10000,10000,1.0,320.57104986239125,320.57104986239125,18093,False,147,73000,0.0,0.0,2,RIGHT,random,10945,19369,20839,22217,7976,65394,0.10870928172277497,0,36685,2,2,320.57104986239125,160.28552493119562,2,2,160.28552493119562,320.57104986239125,160.28552493119562,320.57104986239125,79.05263738803659,2529.684396417171,2,RIGHT,False,,
73395,double_dqn,dueling,366,,,0.0,0.0,0.05,0.004717899952083826,1.2330365180969238,2.1044747829437256,0.4509326219558716,1.2498496770858765,2.2691729068756104,0.06636600196361542,0.3765137195587158,0.2604776620864868,10000,10000,1.0,320.52928820221604,320.52928820221604,18100,True,147,73000,0.0,0.0,2,RIGHT,greedy,10945,19371,20844,22236,7978,65418,0.10869802169055534,0,36698,2,2,320.52928820221604,160.26464410110802,2,2,160.26464410110802,320.52928820221604,160.26464410110802,320.52928820221604,79.04490866614135,2529.4370773165233,2,RIGHT,False,,
73396,double_dqn,dueling,366,,,3.0,3.0,0.05,0.004717899952083826,1.2330365180969238,2.1044747829437256,0.4509326219558716,1.2498496770858765,2.2691729068756104,0.06636600196361542,0.3765137195587158,0.2604776620864868,10000,10000,1.0,320.52908397282164,320.52908397282164,18100,True,147,73000,0.0,0.0,3,LEFT,greedy,10945,19371,20844,22236,7978,65418,0.10869802169055534,1,36698,2,2,320.52908397282164,160.26454198641082,2,2,160.26454198641082,320.52908397282164,160.26454198641082,320.52908397282164,79.0448583016523,2529.4354656528735,3,LEFT,False,,
73510,double_dqn,dueling,367,3.0,246,0.0,0.0,0.05,,,,,,,,,,10000,10000,1.0,320.3570532105465,320.3570532105465,18128,False,148,73500,0.0,0.0,2,RIGHT,greedy,10955,19404,20862,22289,7988,65522,0.10866548768874983,1,36755,2,2,320.3570532105465,160.17852660527325,2,2,160.17852660527325,320.3570532105465,160.17852660527325,320.3570532105465,79.00194069651458,2528.0621022884666,2,RIGHT,False,,
73769,double_dqn,dueling,368,2.0,200,0.0,0.0,0.05,,,,,,,,,,10000,10000,1.0,320.3432574795968,320.3432574795968,18193,False,148,73500,0.0,0.0,2,RIGHT,greedy,10957,19499,20912,22402,7997,65773,0.10840450047444761,0,36885,2,2,320.3432574795968,160.1716287397984,2,2,160.1716287397984,320.3432574795968,160.1716287397984,320.3432574795968,79.00237065644983,2528.0758610063945,2,RIGHT,False,,
73795,double_dqn,dueling,368,,,0.0,0.0,0.05,0.004377063829451799,1.0563199520111084,1.8802061080932617,0.2023303061723709,1.0365891456604004,1.850433111190796,0.06585469096899033,0.36058634519577026,0.3035176992416382,10000,10000,1.0,320.3395786365695,320.3395786365695,18200,True,148,73500,0.0,0.0,2,RIGHT,greedy,10957,19505,20917,22417,7999,65797,0.10839340885684862,0,36898,2,2,320.3395786365695,160.16978931828476,2,2,160.16978931828476,320.3395786365695,160.16978931828476,320.3395786365695,79.00401554536242,2528.1284974515975,2,RIGHT,False,,
73796,double_dqn,dueling,368,,,1.0,1.0,0.05,0.004377063829451799,1.0563199520111084,1.8802061080932617,0.2023303061723709,1.0365891456604004,1.850433111190796,0.06585469096899033,0.36058634519577026,0.3035176992416382,10000,10000,1.0,320.3394751791214,320.3394751791214,18200,True,148,73500,0.0,0.0,1,FIRE,greedy,10957,19505,20917,22417,7999,65797,0.10839340885684862,1,36898,2,2,320.3394751791214,160.1697375895607,2,2,160.1697375895607,320.3394751791214,160.1697375895607,320.3394751791214,79.00399003008306,2528.127680962658,1,FIRE,False,,
73854,double_dqn,dueling,369,1.0,172,0.0,0.0,0.05,,,,,,,,,,10000,10000,1.0,320.34692721180943,320.34692721180943,18214,False,148,73500,0.0,0.0,0,NOOP,greedy,10977,19513,20930,22434,8002,65852,0.1083489045955534,1,36927,2,2,320.34692721180943,160.17346360590471,2,2,160.17346360590471,320.34692721180943,160.17346360590471,320.34692721180943,79.0045079783884,2528.144255308429,0,NOOP,False,,
74113,double_dqn,dueling,370,1.0,172,0.0,0.0,0.05,,,,,,,,,,10000,10000,1.0,320.1948446414348,320.1948446414348,18279,False,149,74000,0.0,0.0,0,NOOP,greedy,11018,19561,21003,22532,8012,66102,0.10810373208840435,0,37057,2,2,320.1948446414348,160.0974223207174,2,2,160.0974223207174,320.1948446414348,160.0974223207174,320.1948446414348,78.97079587123604,2527.065467879553,0,NOOP,False,,
74160,double_dqn,dueling,371,1.0,153,0.0,0.0,0.05,,,,,,,,,,10000,10000,1.0,320.1896080653362,320.1896080653362,18291,True,149,74000,0.0,0.0,2,RIGHT,greedy,11020,19566,21021,22553,8016,66144,0.1080906148867314,1,37080,2,2,320.1896080653362,160.0948040326681,2,2,160.0948040326681,320.1896080653362,160.0948040326681,320.1896080653362,78.97233173035416,2527.114615371333,2,RIGHT,False,,
74195,double_dqn,dueling,371,,,0.0,0.0,0.05,0.0013671591877937317,1.219024419784546,2.1545565128326416,0.2248227447271347,1.2396527528762817,2.183307409286499,0.04320438951253891,0.1054832935333252,0.10880966484546661,10000,10000,1.0,320.1989922891227,320.1989922891227,18300,True,149,74000,0.0,0.0,3,LEFT,greedy,11021,19575,21030,22570,8021,66175,0.10810555825111866,0,37098,2,2,320.1989922891227,160.09949614456136,2,2,160.09949614456136,320.1989922891227,160.09949614456136,320.1989922891227,78.97516791863369,2527.205373396278,3,LEFT,False,,
74196,double_dqn,dueling,371,,,0.0,0.0,0.05,0.0013671591877937317,1.219024419784546,2.1545565128326416,0.2248227447271347,1.2396527528762817,2.183307409286499,0.04320438951253891,0.1054832935333252,0.10880966484546661,10000,10000,1.0,320.1988914143222,320.1988914143222,18300,True,149,74000,0.0,0.0,3,LEFT,greedy,11021,19575,21030,22570,8021,66175,0.10810555825111866,1,37098,2,2,320.1988914143222,160.0994457071611,2,2,160.0994457071611,320.1988914143222,160.0994457071611,320.1988914143222,78.97514303846698,2527.2045772309434,3,LEFT,False,,
74419,double_dqn,dueling,372,1.0,153,0.0,0.0,0.05,,,,,,,,,,10000,10000,1.0,320.2742930611765,320.2742930611765,18356,True,149,74000,0.0,0.0,2,RIGHT,greedy,11041,19601,21104,22674,8029,66391,0.10788766460628864,0,37210,2,2,320.2742930611765,160.13714653058824,2,2,160.13714653058824,320.2742930611765,160.13714653058824,320.2742930611765,78.99697559031115,2527.903218889957,2,RIGHT,False,,
74502,double_dqn,dueling,373,1.0,171,0.0,0.0,0.05,,,,,,,,,,10000,10000,1.0,320.2755026535637,320.2755026535637,18376,False,150,74500,0.0,0.0,0,NOOP,greedy,11066,19611,21132,22693,8035,66467,0.10784945370594078,1,37251,2,2,320.2755026535637,160.13775132678185,2,2,160.13775132678185,320.2755026535637,160.13775132678185,320.2755026535637,78.99630394837571,2527.8817263480228,0,NOOP,False,,
74595,double_dqn,dueling,373,,,1.0,1.0,0.05,0.0017702379263937473,1.1853129863739014,2.185853958129883,0.048559870570898056,1.2291984558105469,2.2838048934936523,0.04398418590426445,0.13739800453186035,0.24201275408267975,10000,10000,1.0,320.22023033425916,320.22023033425916,18400,True,150,74500,0.0,0.0,0,NOOP,greedy,11099,19619,21162,22716,8040,66556,0.10778057804708027,0,37298,2,2,320.22023033425916,160.11011516712958,2,2,160.11011516712958,320.22023033425916,160.11011516712958,320.22023033425916,78.98616867057709,2527.5573974584668,0,NOOP,False,,
74596,double_dqn,dueling,373,,,1.0,1.0,0.05,0.0017702379263937473,1.1853129863739014,2.185853958129883,0.048559870570898056,1.2291984558105469,2.2838048934936523,0.04398418590426445,0.13739800453186035,0.24201275408267975,10000,10000,1.0,320.2201140417028,320.2201140417028,18400,True,150,74500,0.0,0.0,3,LEFT,greedy,11099,19619,21162,22716,8040,66556,0.10778057804708027,1,37298,2,2,320.2201140417028,160.1100570208514,2,2,160.1100570208514,320.2201140417028,160.1100570208514,320.2201140417028,78.98613998562028,2527.556479539849,3,LEFT,False,,
74995,double_dqn,dueling,373,,,4.0,4.0,0.05,0.002414555521681905,1.0866656303405762,1.7577885389328003,0.37439224123954773,1.1085797548294067,1.7584774494171143,0.0471961684525013,0.26551562547683716,0.10248485207557678,10000,10000,1.0,320.26433578682037,320.26433578682037,18500,True,150,74500,0.0,0.0,2,RIGHT,greedy,11130,19697,21296,22873,8069,66927,0.10759240492826284,0,37498,2,2,320.26433578682037,160.13216789341018,2,2,160.13216789341018,320.26433578682037,160.13216789341018,320.26433578682037,79.00274964072986,2528.0879885033555,2,RIGHT,False,,
74996,double_dqn,dueling,373,,,4.0,4.0,0.05,0.002414555521681905,1.0866656303405762,1.7577885389328003,0.37439224123954773,1.1085797548294067,1.7584774494171143,0.0471961684525013,0.26551562547683716,0.10248485207557678,10000,10000,1.0,320.26423649440744,320.26423649440744,18500,True,150,74500,0.0,0.0,3,LEFT,greedy,11130,19697,21296,22873,8069,66927,0.10759240492826284,1,37498,2,2,320.26423649440744,160.13211824720372,2,2,160.13211824720372,320.26423649440744,160.13211824720372,320.26423649440744,79.00272514729502,2528.0872047134408,3,LEFT,False,,
75013,double_dqn,dueling,374,4.0,297,0.0,0.0,0.05,,,,,,,,,,10000,10000,1.0,320.2608347276917,320.2608347276917,18504,False,151,75000,0.0,0.0,2,RIGHT,greedy,11130,19697,21309,22878,8069,66945,0.10756658757032021,0,37507,2,2,320.2608347276917,160.13041736384585,2,2,160.13041736384585,320.2608347276917,160.13041736384585,320.2608347276917,79.00000647614056,2528.0002072364978,2,RIGHT,False,,
75038,double_dqn,dueling,375,4.0,268,0.0,0.0,0.05,,,,,,,,,,10000,10000,1.0,320.2608249091521,320.2608249091521,18510,False,151,75000,0.0,0.0,2,RIGHT,greedy,11130,19702,21318,22888,8070,66968,0.1075455102747941,1,37519,2,2,320.2608249091521,160.13041245457606,2,2,160.13041245457606,320.2608249091521,160.13041245457606,320.2608249091521,79.00034474624064,2528.0110318797006,2,RIGHT,False,,
75380,double_dqn,dueling,376,1.0,171,0.0,0.0,0.05,,,,,,,,,,10000,10000,1.0,320.37394243765715,320.37394243765715,18596,True,151,75000,0.0,0.0,2,RIGHT,greedy,11161,19750,21436,23033,8083,67297,0.10723003449190767,1,37690,2,2,320.37394243765715,160.18697121882857,2,2,160.18697121882857,320.37394243765715,160.18697121882857,320.37394243765715,79.03520607018667,2529.1265942459736,2,RIGHT,False,,
75395,double_dqn,dueling,376,,,3.0,3.0,0.05,0.0025227167643606663,1.2370415925979614,2.1228859424591064,0.3768799602985382,1.2934598922729492,2.090327739715576,0.04656067490577698,0.2939329147338867,0.3610677123069763,10000,10000,1.0,320.3785866286016,320.3785866286016,18600,True,151,75000,0.0,0.0,1,FIRE,greedy,11161,19756,21438,23041,8083,67313,0.10720727890073745,0,37698,2,2,320.3785866286016,160.1892933143008,2,2,160.1892933143008,320.3785866286016,160.1892933143008,320.3785866286016,79.03657636070866,2529.1704435426773,1,FIRE,False,,
75396,double_dqn,dueling,376,,,0.0,0.0,0.05,0.0025227167643606663,1.2370415925979614,2.1228859424591064,0.3768799602985382,1.2934598922729492,2.090327739715576,0.04656067490577698,0.2939329147338867,0.3610677123069763,10000,10000,1.0,320.3784319759343,320.3784319759343,18600,True,151,75000,0.0,0.0,2,RIGHT,greedy,11161,19756,21438,23041,8083,67313,0.10720727890073745,1,37698,2,2,320.3784319759343,160.18921598796715,2,2,160.18921598796715,320.3784319759343,160.18921598796715,320.3784319759343,79.03653820829193,2529.1692226653417,2,RIGHT,False,,
75547,double_dqn,dueling,377,4.0,267,0.0,0.0,0.05,,,,,,,,,,10000,10000,1.0,320.3819763314631,320.3819763314631,18638,True,152,75500,0.0,0.0,1,FIRE,greedy,11165,19822,21466,23095,8093,67455,0.10712394768888654,0,37774,2,2,320.3819763314631,160.19098816573154,2,2,160.19098816573154,320.3819763314631,160.19098816573154,320.3819763314631,79.0395414156008,2529.2653252992254,1,FIRE,False,,
75724,double_dqn,dueling,378,1.0,172,0.0,0.0,0.05,,,,,,,,,,10000,10000,1.0,320.43426207210723,320.43426207210723,18682,True,152,75500,0.0,0.0,2,RIGHT,greedy,11172,19843,21536,23173,8102,67622,0.10699381966087369,1,37862,2,2,320.43426207210723,160.21713103605362,2,2,160.21713103605362,320.43426207210723,160.21713103605362,320.43426207210723,79.05489519876271,2529.7566463604066,2,RIGHT,False,,
75795,double_dqn,dueling,378,,,2.0,2.0,0.05,0.0017334796721115708,1.2338377237319946,2.2729973793029785,0.4038268029689789,1.2725545167922974,2.2886335849761963,0.04745975881814957,0.14545810222625732,0.2558392882347107,10000,10000,1.0,320.4630532655118,320.4630532655118,18700,True,152,75500,0.0,0.0,2,RIGHT,greedy,11181,19856,21551,23208,8105,67691,0.10693176420919309,0,37898,2,2,320.4630532655118,160.2315266327559,2,2,160.2315266327559,320.4630532655118,160.2315266327559,320.4630532655118,79.06299931480646,2530.0159780738068,2,RIGHT,False,,
75796,double_dqn,dueling,378,,,1.0,1.0,0.05,0.0017334796721115708,1.2338377237319946,2.2729973793029785,0.4038268029689789,1.2725545167922974,2.2886335849761963,0.04745975881814957,0.14545810222625732,0.2558392882347107,10000,10000,1.0,320.4629540861896,320.4629540861896,18700,True,152,75500,0.0,0.0,0,NOOP,greedy,11181,19856,21551,23208,8105,67691,0.10693176420919309,1,37898,2,2,320.4629540861896,160.2314770430948,2,2,160.2314770430948,320.4629540861896,160.2314770430948,320.4629540861896,79.06297484579325,2530.015195065384,0,NOOP,False,,
76088,double_dqn,dueling,379,2.0,182,0.0,0.0,0.05,,,,,,,,,,10000,10000,1.0,320.5516404220804,320.5516404220804,18773,True,153,76000,0.0,0.0,1,FIRE,greedy,11220,19945,21616,23307,8124,67964,0.1067711071391021,1,38044,2,2,320.5516404220804,160.2758202110402,2,2,160.2758202110402,320.5516404220804,160.2758202110402,320.5516404220804,79.08889635216742,2530.8446832693576,1,FIRE,False,,
76195,double_dqn,dueling,379,,,5.0,5.0,0.05,0.0012485076440498233,1.0305835008621216,1.9034831523895264,0.12488401681184769,1.028762936592102,1.8300226926803589,0.04030226916074753,0.10675704479217529,0.15542487800121307,10000,10000,1.0,320.55942208178175,320.55942208178175,18800,True,153,76000,0.0,0.0,0,NOOP,greedy,11246,19972,21652,23326,8131,68065,0.10671163840621554,0,38098,2,2,320.55942208178175,160.27971104089087,2,2,160.27971104089087,320.55942208178175,160.27971104089087,320.55942208178175,79.09230320669717,2530.9537026143093,0,NOOP,False,,
76196,double_dqn,dueling,379,,,0.0,0.0,0.05,0.0012485076440498233,1.0305835008621216,1.9034831523895264,0.12488401681184769,1.028762936592102,1.8300226926803589,0.04030226916074753,0.10675704479217529,0.15542487800121307,10000,10000,1.0,320.55932080155605,320.55932080155605,18800,True,153,76000,0.0,0.0,3,LEFT,greedy,11246,19972,21652,23326,8131,68065,0.10671163840621554,1,38098,2,2,320.55932080155605,160.27966040077803,2,2,160.27966040077803,320.55932080155605,160.27966040077803,320.55932080155605,79.09227821761318,2530.952902963622,3,LEFT,False,,
76477,double_dqn,dueling,380,7.0,465,0.0,0.0,0.05,,,,,,,,,,10000,10000,1.0,320.1781354290742,320.1781354290742,18870,False,153,76000,0.0,0.0,0,NOOP,greedy,11298,20012,21747,23421,8144,68334,0.10648814038024007,0,38239,2,2,320.1781354290742,160.0890677145371,2,2,160.0890677145371,320.1781354290742,160.0890677145371,320.1781354290742,78.99999235788894,2527.999755452446,0,NOOP,False,,
76595,double_dqn,dueling,380,,,1.0,1.0,0.05,0.004444383550435305,1.1132841110229492,2.085911512374878,0.2724212408065796,1.1117287874221802,2.031682252883911,0.05258271098136902,0.44129133224487305,0.17050501704216003,10000,10000,1.0,320.11443021813335,320.11443021813335,18900,True,154,76500,0.0,0.0,0,NOOP,greedy,11311,20071,21753,23461,8148,68448,0.10637631207895974,0,38298,2,2,320.11443021813335,160.05721510906668,2,2,160.05721510906668,320.11443021813335,160.05721510906668,320.11443021813335,78.98797236308319,2527.615115618662,0,NOOP,False,,
76596,double_dqn,dueling,380,,,4.0,4.0,0.05,0.004444383550435305,1.1132841110229492,2.085911512374878,0.2724212408065796,1.1117287874221802,2.031682252883911,0.05258271098136902,0.44129133224487305,0.17050501704216003,10000,10000,1.0,320.11431021404144,320.11431021404144,18900,True,154,76500,0.0,0.0,1,FIRE,greedy,11311,20071,21753,23461,8148,68448,0.10637631207895974,1,38298,2,2,320.11431021404144,160.05715510702072,2,2,160.05715510702072,320.11431021404144,160.05715510702072,320.11431021404144,78.98794275217222,2527.614168069511,1,FIRE,False,,
76620,double_dqn,dueling,381,4.0,266,0.0,0.0,0.05,,,,,,,,,,10000,10000,1.0,320.1083596292226,320.1083596292226,18906,True,154,76500,0.0,0.0,1,FIRE,greedy,11318,20085,21753,23464,8149,68471,0.10635604280866615,1,38310,2,2,320.1083596292226,160.0541798146113,2,2,160.0541798146113,320.1083596292226,160.0541798146113,320.1083596292226,78.98680040655289,2527.5776130096924,1,FIRE,False,,
76963,double_dqn,dueling,382,4.0,243,0.0,0.0,0.05,,,,,,,,,,10000,10000,1.0,320.0942168654817,320.0942168654817,18992,True,154,76500,0.0,0.0,1,FIRE,greedy,11368,20147,21810,23639,8162,68802,0.10604958162257679,0,38482,2,2,320.0942168654817,160.04710843274086,2,2,160.04710843274086,320.0942168654817,160.04710843274086,320.0942168654817,78.98796017240825,2527.614725517064,1,FIRE,False,,
76995,double_dqn,dueling,382,,,0.0,0.0,0.05,0.0028239605017006397,1.1984893083572388,2.034698486328125,0.2564285695552826,1.2108583450317383,2.0505142211914062,0.05364184081554413,0.23746192455291748,0.38026735186576843,10000,10000,1.0,320.0964507194944,320.0964507194944,19000,True,154,76500,0.0,0.0,3,LEFT,greedy,11369,20161,21817,23649,8163,68833,0.10601849446724505,0,38498,2,2,320.0964507194944,160.0482253597472,2,2,160.0482253597472,320.0964507194944,160.0482253597472,320.0964507194944,78.9889418108784,2527.646137948109,3,LEFT,False,,
76996,double_dqn,dueling,382,,,4.0,4.0,0.05,0.0028239605017006397,1.1984893083572388,2.034698486328125,0.2564285695552826,1.2108583450317383,2.0505142211914062,0.05364184081554413,0.23746192455291748,0.38026735186576843,10000,10000,1.0,320.0963553054377,320.0963553054377,19000,True,154,76500,0.0,0.0,1,FIRE,greedy,11369,20161,21817,23649,8163,68833,0.10601849446724505,1,38498,2,2,320.0963553054377,160.04817765271886,2,2,160.04817765271886,320.0963553054377,160.04817765271886,320.0963553054377,78.98891826592703,2527.645384509665,1,FIRE,False,,
77208,double_dqn,dueling,383,5.0,294,0.0,0.0,0.05,,,,,,,,,,10000,10000,1.0,320.16237271435114,320.16237271435114,19053,True,155,77000,0.0,0.0,3,LEFT,greedy,11408,20224,21849,23727,8176,69032,0.105895762097192,1,38604,2,2,320.16237271435114,160.08118635717557,2,2,160.08118635717557,320.16237271435114,160.08118635717557,320.16237271435114,79.00805211022863,2528.2576675273162,3,LEFT,False,,
77265,double_dqn,dueling,384,1.0,151,0.0,0.0,0.05,,,,,,,,,,10000,10000,1.0,320.1503694566994,320.1503694566994,19067,False,155,77000,0.0,0.0,1,FIRE,greedy,11422,20238,21871,23735,8178,69088,0.10584215567002303,0,38633,2,2,320.1503694566994,160.0751847283497,2,2,160.0751847283497,320.1503694566994,160.0751847283497,320.1503694566994,79.00379331699438,2528.12138614382,1,FIRE,False,,
77395,double_dqn,dueling,384,,,1.0,1.0,0.05,0.0019059899495914578,1.2678148746490479,2.1605162620544434,0.2846250832080841,1.2770631313323975,2.0957229137420654,0.04267654940485954,0.20562511682510376,0.13347992300987244,10000,10000,1.0,320.14106988358213,320.14106988358213,19100,True,155,77000,0.0,0.0,2,RIGHT,greedy,11434,20260,21918,23784,8184,69212,0.10574189880613985,0,38698,2,2,320.14106988358213,160.07053494179107,2,2,160.07053494179107,320.14106988358213,160.07053494179107,320.14106988358213,79.00530304894852,2528.1696975663526,2,RIGHT,False,,
77396,double_dqn,dueling,384,,,2.0,2.0,0.05,0.0019059899495914578,1.2678148746490479,2.1605162620544434,0.2846250832080841,1.2770631313323975,2.0957229137420654,0.04267654940485954,0.20562511682510376,0.13347992300987244,10000,10000,1.0,320.14090581138794,320.14090581138794,19100,True,155,77000,0.0,0.0,3,LEFT,greedy,11434,20260,21918,23784,8184,69212,0.10574189880613985,1,38698,2,2,320.14090581138794,160.07045290569397,2,2,160.07045290569397,320.14090581138794,160.07045290569397,320.14090581138794,79.00526255875639,2528.1684018802043,3,LEFT,False,,
77795,double_dqn,dueling,384,,,5.0,5.0,0.05,0.0013171907048672438,1.0405824184417725,1.8541752099990845,0.2657523453235626,1.0630621910095215,1.878049612045288,0.03994937241077423,0.12163832783699036,0.08473864197731018,10000,10000,1.0,320.23787959265616,320.23787959265616,19200,True,156,77500,0.0,0.0,3,LEFT,greedy,11466,20340,21979,24011,8205,69591,0.10546814746259447,0,38898,2,2,320.23787959265616,160.11893979632808,2,2,160.11893979632808,320.23787959265616,160.11893979632808,320.23787959265616,79.03449133861635,2529.103722835723,3,LEFT,False,,
77796,double_dqn,dueling,384,,,6.0,6.0,0.05,0.0013171907048672438,1.0405824184417725,1.8541752099990845,0.2657523453235626,1.0630621910095215,1.878049612045288,0.03994937241077423,0.12163832783699036,0.08473864197731018,10000,10000,1.0,320.2377809899462,320.2377809899462,19200,True,156,77500,0.0,0.0,3,LEFT,greedy,11466,20340,21979,24011,8205,69591,0.10546814746259447,1,38898,2,2,320.2377809899462,160.1188904949731,2,2,160.1188904949731,320.2377809899462,160.1188904949731,320.2377809899462,79.03446700353447,2529.102944113103,3,LEFT,False,,
77917,double_dqn,dueling,385,6.0,326,0.0,0.0,0.05,,,,,,,,,,10000,10000,1.0,320.27149065449,320.27149065449,19230,False,156,77500,0.0,0.0,3,LEFT,random,11492,20389,22009,24028,8211,69707,0.10538001488744578,0,38959,2,2,320.27149065449,160.135745327245,2,2,160.135745327245,320.27149065449,160.135745327245,320.27149065449,79.04233637010502,2529.3547638433606,3,LEFT,False,,
78092,double_dqn,dueling,386,8.0,442,0.0,0.0,0.05,,,,,,,,,,10000,10000,1.0,320.2998862685578,320.2998862685578,19274,True,157,78000,0.0,0.0,2,RIGHT,greedy,11510,20400,22118,24064,8221,69871,0.10527326742816165,1,39046,2,2,320.2998862685578,160.1499431342789,2,2,160.1499431342789,320.2998862685578,160.1499431342789,320.2998862685578,79.05368037622526,2529.7177720392083,2,RIGHT,False,,
78195,double_dqn,dueling,386,,,3.0,3.0,0.05,0.001878740033134818,1.168225646018982,2.0791757106781006,0.2703515887260437,1.196455717086792,2.0573415756225586,0.04824695736169815,0.15876424312591553,0.14517968893051147,10000,10000,1.0,320.3001007957589,320.3001007957589,19300,True,157,78000,0.0,0.0,1,FIRE,greedy,11528,20421,22148,24099,8224,69972,0.10517162003171518,0,39098,2,2,320.3001007957589,160.15005039787945,2,2,160.15005039787945,320.3001007957589,160.15005039787945,320.3001007957589,79.05509163330792,2529.7629322658536,1,FIRE,False,,
78196,double_dqn,dueling,386,,,0.0,0.0,0.05,0.001878740033134818,1.168225646018982,2.0791757106781006,0.2703515887260437,1.196455717086792,2.0573415756225586,0.04824695736169815,0.15876424312591553,0.14517968893051147,10000,10000,1.0,320.29998888319756,320.29998888319756,19300,True,157,78000,0.0,0.0,3,LEFT,greedy,11528,20421,22148,24099,8224,69972,0.10517162003171518,1,39098,2,2,320.29998888319756,160.14999444159878,2,2,160.14999444159878,320.29998888319756,160.14999444159878,320.29998888319756,79.05506401153144,2529.762048369006,3,LEFT,False,,
78495,double_dqn,dueling,387,5.0,289,0.0,0.0,0.05,,,,,,,,,,10000,10000,1.0,320.4032063405003,320.4032063405003,19375,True,157,78000,0.0,0.0,3,LEFT,random,11563,20501,22226,24206,8242,70254,0.10499898083978801,0,39248,2,2,320.4032063405003,160.20160317025014,2,2,160.20160317025014,320.4032063405003,160.20160317025014,320.4032063405003,79.08443898857513,2530.702047634404,3,LEFT,False,,
78595,double_dqn,dueling,387,,,1.0,1.0,0.05,0.005521425046026707,1.4091107845306396,2.2029740810394287,0.6929495930671692,1.4207578897476196,2.2120258808135986,0.06325100362300873,0.41144514083862305,0.18465791642665863,10000,10000,1.0,320.4174270850026,320.4174270850026,19400,True,158,78500,0.0,0.0,0,NOOP,greedy,11575,20523,22255,24243,8245,70351,0.10490355743294824,0,39298,2,2,320.4174270850026,160.2087135425013,2,2,160.2087135425013,320.4174270850026,160.2087135425013,320.4174270850026,79.08924226995077,2530.8557526384247,0,NOOP,False,,
78596,double_dqn,dueling,387,,,4.0,4.0,0.05,0.005521425046026707,1.4091107845306396,2.2029740810394287,0.6929495930671692,1.4207578897476196,2.2120258808135986,0.06325100362300873,0.41144514083862305,0.18465791642665863,10000,10000,1.0,320.41732140802736,320.41732140802736,19400,True,158,78500,0.0,0.0,1,FIRE,fire_reset,11575,20523,22255,24243,8245,70351,0.10490355743294824,1,39298,2,2,320.41732140802736,160.20866070401368,2,2,160.20866070401368,320.41732140802736,160.20866070401368,320.41732140802736,79.08921618550221,2530.8549179360707,2,RIGHT,True,after_life_loss,
78704,double_dqn,dueling,388,5.0,306,0.0,0.0,0.05,,,,,,,,,,10000,10000,1.0,320.40732114530476,320.40732114530476,19427,True,158,78500,0.0,0.0,3,LEFT,greedy,11588,20545,22268,24303,8246,70458,0.10477231144541574,1,39352,2,2,320.40732114530476,160.20366057265238,2,2,160.20366057265238,320.40732114530476,160.20366057265238,320.40732114530476,79.08814072842341,2530.820503309549,3,LEFT,False,,
78985,double_dqn,dueling,389,7.0,245,0.0,0.0,0.05,,,,,,,,,,10000,10000,1.0,320.3229528890857,320.3229528890857,19497,False,158,78500,0.0,0.0,2,RIGHT,greedy,11637,20610,22350,24389,8258,70728,0.10455017344845922,0,39493,2,2,320.3229528890857,160.16147644454284,2,2,160.16147644454284,320.3229528890857,160.16147644454284,320.3229528890857,79.06890604003878,2530.204993281241,2,RIGHT,False,,
78995,double_dqn,dueling,389,,,0.0,0.0,0.05,0.005158331245183945,1.0886507034301758,2.431016445159912,0.2605956792831421,1.0961215496063232,2.581388235092163,0.06787456572055817,0.32067543268203735,0.233937606215477,10000,10000,1.0,320.3175637636453,320.3175637636453,19500,True,158,78500,0.0,0.0,2,RIGHT,greedy,11643,20612,22351,24390,8259,70737,0.10454959744797204,0,39498,2,2,320.3175637636453,160.15878188182265,2,2,160.15878188182265,320.3175637636453,160.15878188182265,320.3175637636453,79.06973129514257,2530.2314014445624,2,RIGHT,False,,
78996,double_dqn,dueling,389,,,1.0,1.0,0.05,0.005158331245183945,1.0886507034301758,2.431016445159912,0.2605956792831421,1.0961215496063232,2.581388235092163,0.06787456572055817,0.32067543268203735,0.233937606215477,10000,10000,1.0,320.3174663506723,320.3174663506723,19500,True,158,78500,0.0,0.0,0,NOOP,greedy,11643,20612,22351,24390,8259,70737,0.10454959744797204,1,39498,2,2,320.3174663506723,160.15873317533615,2,2,160.15873317533615,320.3174663506723,160.15873317533615,320.3174663506723,79.0697072489507,2530.2306319664226,0,NOOP,False,,
79008,double_dqn,dueling,390,1.0,152,0.0,0.0,0.05,,,,,,,,,,10000,10000,1.0,320.31101862610655,320.31101862610655,19503,True,159,79000,0.0,0.0,0,NOOP,greedy,11649,20612,22354,24393,8259,70749,0.10453371810449574,1,39504,2,2,320.31101862610655,160.15550931305327,2,2,160.15550931305327,320.31101862610655,160.15550931305327,320.31101862610655,79.06826898877273,2530.1846076407273,0,NOOP,False,,
79395,double_dqn,dueling,390,,,3.0,3.0,0.05,0.010651223361492157,1.2955386638641357,2.384185791015625,0.4545520544052124,1.3172740936279297,2.356234073638916,0.07868829369544983,0.5454841256141663,0.3072301745414734,10000,10000,1.0,319.9867830577793,319.9867830577793,19600,True,159,79000,0.0,0.0,1,FIRE,greedy,11773,20672,22455,24496,8275,71121,0.10422439417602902,0,39698,2,2,319.9867830577793,159.99339152888965,2,2,159.99339152888965,319.9867830577793,159.99339152888965,319.9867830577793,78.99316020873185,2527.7811266794192,1,FIRE,False,,
79396,double_dqn,dueling,390,,,2.0,2.0,0.05,0.010651223361492157,1.2955386638641357,2.384185791015625,0.4545520544052124,1.3172740936279297,2.356234073638916,0.07868829369544983,0.5454841256141663,0.3072301745414734,10000,10000,1.0,319.98660624947445,319.98660624947445,19600,True,159,79000,0.0,0.0,3,LEFT,greedy,11773,20672,22455,24496,8275,71121,0.10422439417602902,1,39698,2,2,319.98660624947445,159.99330312473722,2,2,159.99330312473722,319.98660624947445,159.99330312473722,319.98660624947445,78.99311656115798,2527.779729957055,3,LEFT,False,,
79468,double_dqn,dueling,391,3.0,230,0.0,0.0,0.05,,,,,,,,,,10000,10000,1.0,319.97038021614173,319.97038021614173,19618,True,159,79000,0.0,0.0,0,NOOP,greedy,11794,20683,22465,24526,8278,71190,0.10416771530679016,1,39734,2,2,319.97038021614173,159.98519010807087,2,2,159.98519010807087,319.97038021614173,159.98519010807087,319.97038021614173,78.99002012231676,2527.6806439141365,0,NOOP,False,,
79537,double_dqn,dueling,392,4.0,276,0.0,0.0,0.05,,,,,,,,,,10000,10000,1.0,319.94790792042033,319.94790792042033,19635,False,160,79500,0.0,0.0,0,NOOP,greedy,11819,20712,22472,24535,8279,71259,0.10408861173275667,0,39769,2,2,319.94790792042033,159.97395396021017,2,2,159.97395396021017,319.94790792042033,159.97395396021017,319.94790792042033,78.98334345869212,2527.466990678148,0,NOOP,False,,
79768,double_dqn,dueling,393,1.0,150,0.0,0.0,0.05,,,,,,,,,,10000,10000,1.0,319.9208481618707,319.9208481618707,19693,True,160,79500,0.0,0.0,2,RIGHT,greedy,11843,20764,22548,24613,8299,71469,0.10403921371978739,1,39884,2,2,319.9208481618707,159.96042408093535,2,2,159.96042408093535,319.9208481618707,159.96042408093535,319.9208481618707,78.98156231636395,2527.4099941236464,2,RIGHT,False,,
79795,double_dqn,dueling,393,,,3.0,3.0,0.05,0.006372034549713135,1.0512449741363525,2.0183043479919434,0.14875975251197815,1.0693459510803223,2.030364513397217,0.07810716331005096,0.4436529874801636,0.21819621324539185,10000,10000,1.0,319.91122680744104,319.91122680744104,19700,True,160,79500,0.0,0.0,3,LEFT,greedy,11844,20766,22554,24632,8300,71496,0.10401523885909068,0,39898,2,2,319.91122680744104,159.95561340372052,2,2,159.95561340372052,319.91122680744104,159.95561340372052,319.91122680744104,78.97953742175784,2527.345197496251,3,LEFT,False,,
79796,double_dqn,dueling,393,,,0.0,0.0,0.05,0.006372034549713135,1.0512449741363525,2.0183043479919434,0.14875975251197815,1.0693459510803223,2.030364513397217,0.07810716331005096,0.4436529874801636,0.21819621324539185,10000,10000,1.0,319.9111209961804,319.9111209961804,19700,True,160,79500,0.0,0.0,2,RIGHT,greedy,11844,20766,22554,24632,8300,71496,0.10401523885909068,1,39898,2,2,319.9111209961804,159.9555604980902,2,2,159.9555604980902,319.9111209961804,159.9555604980902,319.9111209961804,78.97951129912218,2527.3443615719098,2,RIGHT,False,,
80149,double_dqn,dueling,394,5.0,306,0.0,0.0,0.05,,,,,,,,,,10000,10000,1.0,319.8412456024921,319.8412456024921,19788,False,161,80000,0.0,0.0,3,LEFT,greedy,11868,20827,22647,24808,8309,71841,0.10366812227074236,0,40075,2,2,319.8412456024921,159.92062280124605,2,2,159.92062280124605,319.8412456024921,159.92062280124605,319.8412456024921,78.96467333726903,2526.869546792609,3,LEFT,False,,
80195,double_dqn,dueling,394,,,0.0,0.0,0.05,0.00730684120208025,1.2242698669433594,2.229362964630127,0.25191497802734375,1.2309329509735107,2.2111382484436035,0.0717519149184227,0.4780297577381134,0.1590065211057663,10000,10000,1.0,319.7981935424811,319.7981935424811,19800,True,161,80000,0.0,0.0,3,LEFT,greedy,11868,20841,22652,24835,8310,71886,0.10362112823582223,0,40098,2,2,319.7981935424811,159.89909677124055,2,2,159.89909677124055,319.7981935424811,159.89909677124055,319.7981935424811,78.95660920920153,2526.611494694449,3,LEFT,False,,
80196,double_dqn,dueling,394,,,3.0,3.0,0.05,0.00730684120208025,1.2242698669433594,2.229362964630127,0.25191497802734375,1.2309329509735107,2.2111382484436035,0.0717519149184227,0.4780297577381134,0.1590065211057663,10000,10000,1.0,319.7980672915554,319.7980672915554,19800,True,161,80000,0.0,0.0,3,LEFT,greedy,11868,20841,22652,24835,8310,71886,0.10362112823582223,1,40098,2,2,319.7980672915554,159.8990336457777,2,2,159.8990336457777,319.7980672915554,159.8990336457777,319.7980672915554,78.95657803846572,2526.610497230903,3,LEFT,False,,
80388,double_dqn,dueling,395,4.0,310,0.0,0.0,0.05,,,,,,,,,,10000,10000,1.0,319.7270047791689,319.7270047791689,19848,True,161,80000,0.0,0.0,0,NOOP,greedy,11929,20876,22693,24890,8321,72067,0.10351047420012938,1,40194,2,2,319.7270047791689,159.86350238958445,2,2,159.86350238958445,319.7270047791689,159.86350238958445,319.7270047791689,78.94140407594348,2526.1249304301914,0,NOOP,False,,
80595,double_dqn,dueling,395,,,4.0,4.0,0.05,0.002689796034246683,1.1131412982940674,2.2133138179779053,0.123070128262043,1.0863968133926392,2.2034835815429688,0.05964706465601921,0.17066049575805664,0.4196851849555969,10000,10000,1.0,319.7359265928128,319.7359265928128,19900,True,162,80500,0.0,0.0,2,RIGHT,greedy,11941,20931,22735,24989,8329,72267,0.10334259764752593,0,40298,2,2,319.7359265928128,159.8679632964064,2,2,159.8679632964064,319.7359265928128,159.8679632964064,319.7359265928128,78.94616282690177,2526.2772104608566,2,RIGHT,False,,
80596,double_dqn,dueling,395,,,1.0,1.0,0.05,0.002689796034246683,1.1131412982940674,2.2133138179779053,0.123070128262043,1.0863968133926392,2.2034835815429688,0.05964706465601921,0.17066049575805664,0.4196851849555969,10000,10000,1.0,319.73572833612565,319.73572833612565,19900,True,162,80500,0.0,0.0,1,FIRE,fire_reset,11941,20931,22735,24989,8329,72267,0.10334259764752593,1,40298,2,2,319.73572833612565,159.86786416806282,2,2,159.86786416806282,319.73572833612565,159.86786416806282,319.73572833612565,78.94611387524071,2526.275644007703,3,LEFT,True,after_life_loss,
80750,double_dqn,dueling,396,2.0,181,0.0,0.0,0.05,,,,,,,,,,10000,10000,1.0,319.6075799317134,319.6075799317134,19938,False,162,80500,0.0,0.0,2,RIGHT,greedy,11949,20941,22782,25078,8336,72414,0.10323219814241485,1,40375,2,2,319.6075799317134,159.8037899658567,2,2,159.8037899658567,319.6075799317134,159.8037899658567,319.6075799317134,78.91437682573996,2525.260058423679,2,RIGHT,False,,
80787,double_dqn,dueling,397,6.0,319,0.0,0.0,0.05,,,,,,,,,,10000,10000,1.0,319.6069111919402,319.6069111919402,19948,True,162,80500,0.0,0.0,0,NOOP,greedy,11959,20945,22796,25088,8342,72446,0.10325790959053324,0,40394,2,2,319.6069111919402,159.8034555959701,2,2,159.8034555959701,319.6069111919402,159.8034555959701,319.6069111919402,78.9166542612371,2525.332936359587,0,NOOP,False,,
80995,double_dqn,dueling,397,,,2.0,2.0,0.05,0.007654966786503792,1.2617348432540894,2.311396360397339,0.20974700152873993,1.2763227224349976,2.354353189468384,0.07080163061618805,0.5626335144042969,0.31411126255989075,10000,10000,1.0,319.5460731960456,319.5460731960456,20000,True,162,80500,1.0,1.0,2,RIGHT,greedy,12009,20972,22860,25155,8350,72646,0.10309151069188602,0,40498,2,2,319.5460731960456,159.7730365980228,2,2,159.7730365980228,319.5460731960456,159.7730365980228,319.5460731960456,78.90416148847983,2524.9331676313545,2,RIGHT,False,,
80996,double_dqn,dueling,397,,,3.0,3.0,0.05,0.007654966786503792,1.2617348432540894,2.311396360397339,0.20974700152873993,1.2763227224349976,2.354353189468384,0.07080163061618805,0.5626335144042969,0.31411126255989075,10000,10000,1.0,319.5459699469763,319.5459699469763,20000,True,162,80500,0.0,0.0,1,FIRE,greedy,12009,20972,22860,25155,8350,72646,0.10309151069188602,1,40498,2,2,319.5459699469763,159.77298497348815,2,2,159.77298497348815,319.5459699469763,159.77298497348815,319.5459699469763,78.90413599362347,2524.932351795951,1,FIRE,False,,
81395,double_dqn,dueling,397,,,5.0,5.0,0.05,0.002735335845500231,1.251889944076538,2.287400484085083,0.12896421551704407,1.245837926864624,2.2135729789733887,0.051949210464954376,0.25749635696411133,0.31450870633125305,10000,10000,1.0,319.55803056160306,319.55803056160306,20100,True,163,81000,0.0,0.0,3,LEFT,greedy,12021,21100,22964,25311,8364,73032,0.10275689223057644,0,40698,2,2,319.55803056160306,159.77901528080153,2,2,159.77901528080153,319.55803056160306,159.77901528080153,319.55803056160306,78.91194179429237,2525.182137417356,3,LEFT,False,,
81396,double_dqn,dueling,397,,,6.0,6.0,0.05,0.002735335845500231,1.251889944076538,2.287400484085083,0.12896421551704407,1.245837926864624,2.2135729789733887,0.051949210464954376,0.25749635696411133,0.31450870633125305,10000,10000,1.0,319.5578752453581,319.5578752453581,20100,True,163,81000,0.0,0.0,3,LEFT,greedy,12021,21100,22964,25311,8364,73032,0.10275689223057644,1,40698,2,2,319.5578752453581,159.77893762267905,2,2,159.77893762267905,319.5578752453581,159.77893762267905,319.5578752453581,78.91190344036191,2525.180910091581,3,LEFT,False,,
81401,double_dqn,dueling,398,5.0,307,0.0,0.0,0.05,,,,,,,,,,10000,10000,1.0,319.55108732135494,319.55108732135494,20101,False,163,81000,0.0,0.0,3,LEFT,greedy,12021,21100,22968,25313,8364,73038,0.10274931819857006,0,40701,2,2,319.55108732135494,159.77554366067747,2,2,159.77554366067747,319.55108732135494,159.77554366067747,319.55108732135494,78.90833648124807,2525.0667673999383,3,LEFT,False,,
81436,double_dqn,dueling,399,6.0,343,0.0,0.0,0.05,,,,,,,,,,10000,10000,1.0,319.5327042237676,319.5327042237676,20110,True,163,81000,0.0,0.0,2,RIGHT,greedy,12021,21110,22988,25317,8365,73071,0.10271869934672627,1,40718,2,2,319.5327042237676,159.7663521118838,2,2,159.7663521118838,319.5327042237676,159.7663521118838,319.5327042237676,78.90616781202375,2524.99736998476,2,RIGHT,False,,
81795,double_dqn,dueling,399,,,3.0,3.0,0.05,0.005105010233819485,1.3866465091705322,2.1526544094085693,0.06083852797746658,1.4255623817443848,2.399528980255127,0.07381746172904968,0.30260002613067627,0.304492324590683,10000,10000,1.0,319.5333868123251,319.5333868123251,20200,True,164,81500,0.0,0.0,1,FIRE,greedy,12079,21246,23051,25420,8383,73413,0.10248667416499585,0,40898,2,2,319.5333868123251,159.76669340616255,2,2,159.76669340616255,319.5333868123251,159.76669340616255,319.5333868123251,78.91063638330685,2525.1403642658192,1,FIRE,False,,
81796,double_dqn,dueling,399,,,3.0,3.0,0.05,0.005105010233819485,1.3866465091705322,2.1526544094085693,0.06083852797746658,1.4255623817443848,2.399528980255127,0.07381746172904968,0.30260002613067627,0.304492324590683,10000,10000,1.0,319.5332832079674,319.5332832079674,20200,True,164,81500,0.0,0.0,3,LEFT,greedy,12079,21246,23051,25420,8383,73413,0.10248667416499585,1,40898,2,2,319.5332832079674,159.7666416039837,2,2,159.7666416039837,319.5332832079674,159.7666416039837,319.5332832079674,78.91061079760551,2525.1395455233765,3,LEFT,False,,
81953,double_dqn,dueling,400,4.0,276,0.0,0.0,0.05,,,,,,,,,,10000,10000,1.0,319.5707530821467,319.5707530821467,20239,False,164,81500,0.0,0.0,0,NOOP,greedy,12117,21263,23085,25489,8393,73561,0.10241110867071772,0,40977,2,2,319.5707530821467,159.78537654107336,2,2,159.78537654107336,319.5707530821467,159.78537654107336,319.5707530821467,78.91979002403261,2525.4332807690434,0,NOOP,False,,
81984,double_dqn,dueling,401,4.0,274,0.0,0.0,0.05,,,,,,,,,,10000,10000,1.0,319.55334599441477,319.55334599441477,20247,True,164,81500,0.0,0.0,3,LEFT,greedy,12117,21267,23095,25505,8394,73590,0.10238583138173302,1,40992,2,2,319.55334599441477,159.77667299720738,2,2,159.77667299720738,319.55334599441477,159.77667299720738,319.55334599441477,78.91779611081328,2525.369475546025,3,LEFT,False,,
82195,double_dqn,dueling,401,,,3.0,3.0,0.05,0.001490912982262671,1.2906547784805298,2.2055163383483887,0.44518348574638367,1.2912909984588623,2.197841167449951,0.04314741492271423,0.16312050819396973,0.08528660237789154,10000,10000,1.0,319.61101542966514,319.61101542966514,20300,True,165,82000,0.0,0.0,1,FIRE,greedy,12149,21303,23142,25602,8403,73793,0.10223125212905737,0,41098,2,2,319.61101542966514,159.80550771483257,2,2,159.80550771483257,319.61101542966514,159.80550771483257,319.61101542966514,78.93454198771475,2525.905343606872,1,FIRE,False,,
82196,double_dqn,dueling,401,,,2.0,2.0,0.05,0.001490912982262671,1.2906547784805298,2.2055163383483887,0.44518348574638367,1.2912909984588623,2.197841167449951,0.04314741492271423,0.16312050819396973,0.08528660237789154,10000,10000,1.0,319.6109244586765,319.6109244586765,20300,True,165,82000,0.0,0.0,3,LEFT,random,12149,21303,23142,25602,8403,73793,0.10223125212905737,1,41098,2,2,319.6109244586765,159.80546222933825,2,2,159.80546222933825,319.6109244586765,159.80546222933825,319.6109244586765,78.93451952055005,2525.9046246576017,3,LEFT,False,,
82402,double_dqn,dueling,402,3.0,209,0.0,0.0,0.05,,,,,,,,,,10000,10000,1.0,319.6158453521625,319.6158453521625,20351,False,165,82000,0.0,0.0,0,NOOP,greedy,12211,21357,23183,25651,8412,73990,0.10208490085192107,1,41201,2,2,319.6158453521625,159.80792267608126,2,2,159.80792267608126,319.6158453521625,159.80792267608126,319.6158453521625,78.93621597487756,2525.9589111960818,0,NOOP,False,,
82595,double_dqn,dueling,402,,,7.0,7.0,0.05,0.003192594740539789,1.2677226066589355,2.4438929557800293,-0.003372272476553917,1.2642898559570312,2.381575107574463,0.05589914321899414,0.26230451464653015,0.2934741973876953,10000,10000,1.0,319.5219154925502,319.5219154925502,20400,True,166,82500,0.0,0.0,2,RIGHT,greedy,12224,21423,23237,25712,8423,74173,0.10197830403409366,0,41298,2,2,319.5219154925502,159.7609577462751,2,2,159.7609577462751,319.5219154925502,159.7609577462751,319.5219154925502,78.91722451508576,2525.3511844827444,2,RIGHT,False,,
82596,double_dqn,dueling,402,,,2.0,2.0,0.05,0.003192594740539789,1.2677226066589355,2.4438929557800293,-0.003372272476553917,1.2642898559570312,2.381575107574463,0.05589914321899414,0.26230451464653015,0.2934741973876953,10000,10000,1.0,319.521815123977,319.521815123977,20400,True,166,82500,0.0,0.0,2,RIGHT,greedy,12224,21423,23237,25712,8423,74173,0.10197830403409366,1,41298,2,2,319.521815123977,159.7609075619885,2,2,159.7609075619885,319.521815123977,159.7609075619885,319.521815123977,78.91719972552097,2525.350391216671,2,RIGHT,False,,
82770,double_dqn,dueling,403,2.0,184,0.0,0.0,0.05,,,,,,,,,,10000,10000,1.0,319.5091043127402,319.5091043127402,20443,False,166,82500,0.0,0.0,3,LEFT,greedy,12226,21485,23252,25807,8436,74334,0.10192098586444363,1,41385,2,2,319.5091043127402,159.7545521563701,2,2,159.7545521563701,319.5091043127402,159.7545521563701,319.5091043127402,78.91415512221032,2525.25296391073,3,LEFT,False,,
82797,double_dqn,dueling,404,8.0,422,0.0,0.0,0.05,,,,,,,,,,10000,10000,1.0,319.50574607388626,319.50574607388626,20450,False,166,82500,0.0,0.0,2,RIGHT,greedy,12226,21488,23270,25814,8438,74360,0.1019106741708737,0,41399,2,2,319.50574607388626,159.75287303694313,2,2,159.75287303694313,319.50574607388626,159.75287303694313,319.50574607388626,78.91365138301617,2525.2368442565175,2,RIGHT,False,,
82995,double_dqn,dueling,404,,,2.0,2.0,0.05,0.003189384937286377,1.2726638317108154,2.182339668273926,0.29346516728401184,1.3026313781738281,2.248793125152588,0.0529693067073822,0.3200303316116333,0.17281052470207214,10000,10000,1.0,319.5160273224729,319.5160273224729,20500,True,166,82500,0.0,0.0,1,FIRE,greedy,12279,21525,23321,25871,8447,74549,0.101775989204299,0,41498,2,2,319.5160273224729,159.75801366123645,2,2,159.75801366123645,319.5160273224729,159.75801366123645,319.5160273224729,78.92041255133614,2525.4532016427565,1,FIRE,False,,
82996,double_dqn,dueling,404,,,2.0,2.0,0.05,0.003189384937286377,1.2726638317108154,2.182339668273926,0.29346516728401184,1.3026313781738281,2.248793125152588,0.0529693067073822,0.3200303316116333,0.17281052470207214,10000,10000,1.0,319.5159401109256,319.5159401109256,20500,True,166,82500,1.0,1.0,3,LEFT,greedy,12279,21525,23321,25871,8447,74549,0.101775989204299,1,41498,2,2,319.5159401109256,159.7579700554628,2,2,159.7579700554628,319.5159401109256,159.7579700554628,319.5159401109256,78.92039101009657,2525.45251232309,3,LEFT,False,,
83318,double_dqn,dueling,405,4.0,274,0.0,0.0,0.05,,,,,,,,,,10000,10000,1.0,319.5135732539745,319.5135732539745,20580,False,167,83000,0.0,0.0,2,RIGHT,greedy,12318,21589,23466,25945,8462,74856,0.10156268753450635,1,41659,2,2,319.5135732539745,159.75678662698726,2,2,159.75678662698726,319.5135732539745,159.75678662698726,319.5135732539745,78.92159362402838,2525.490995968908,2,RIGHT,False,,
83395,double_dqn,dueling,405,,,4.0,4.0,0.05,0.001986550632864237,1.2613556385040283,2.4520559310913086,0.5823864340782166,1.2955396175384521,2.386192798614502,0.048850979655981064,0.1608588695526123,0.24686479568481445,10000,10000,1.0,319.50517972742205,319.50517972742205,20600,True,167,83000,0.0,0.0,3,LEFT,greedy,12331,21599,23502,25964,8465,74931,0.10150366924073097,0,41698,2,2,319.50517972742205,159.75258986371102,2,2,159.75258986371102,319.50517972742205,159.75258986371102,319.50517972742205,78.92233083583018,2525.514586746566,3,LEFT,False,,
83396,double_dqn,dueling,405,,,0.0,0.0,0.05,0.001986550632864237,1.2613556385040283,2.4520559310913086,0.5823864340782166,1.2955396175384521,2.386192798614502,0.048850979655981064,0.1608588695526123,0.24686479568481445,10000,10000,1.0,319.504920589593,319.504920589593,20600,True,167,83000,0.0,0.0,3,LEFT,greedy,12331,21599,23502,25964,8465,74931,0.10150366924073097,1,41698,2,2,319.504920589593,159.7524602947965,2,2,159.7524602947965,319.504920589593,159.7524602947965,319.504920589593,78.92226682509491,2525.512538403037,3,LEFT,False,,
83491,double_dqn,dueling,406,5.0,347,0.0,0.0,0.05,,,,,,,,,,10000,10000,1.0,319.4920650158655,319.4920650158655,20624,True,167,83000,0.0,0.0,0,NOOP,greedy,12354,21603,23537,25998,8467,75025,0.10141091362046663,0,41746,2,2,319.4920650158655,159.74603250793274,2,2,159.74603250793274,319.4920650158655,159.74603250793274,319.4920650158655,78.92018814841194,2525.446020749182,0,NOOP,False,,
83795,double_dqn,dueling,406,,,4.0,4.0,0.05,0.0021148601081222296,1.194049596786499,2.0369508266448975,0.26822414994239807,1.2279242277145386,2.227060556411743,0.044932276010513306,0.1901097297668457,0.21245580911636353,10000,10000,1.0,319.58199815717495,319.58199815717495,20700,True,168,83500,0.0,0.0,1,FIRE,greedy,12378,21657,23660,26101,8485,75311,0.10125781660222445,0,41898,2,2,319.58199815717495,159.79099907858748,2,2,159.79099907858748,319.58199815717495,159.79099907858748,319.58199815717495,78.94586092240108,2526.2675495168346,1,FIRE,False,,
83796,double_dqn,dueling,406,,,4.0,4.0,0.05,0.0021148601081222296,1.194049596786499,2.0369508266448975,0.26822414994239807,1.2279242277145386,2.227060556411743,0.044932276010513306,0.1901097297668457,0.21245580911636353,10000,10000,1.0,319.58190406405316,319.58190406405316,20700,True,168,83500,0.0,0.0,1,FIRE,greedy,12378,21657,23660,26101,8485,75311,0.10125781660222445,1,41898,2,2,319.58190406405316,159.79095203202658,2,2,159.79095203202658,319.58190406405316,159.79095203202658,319.58190406405316,78.94583767871856,2526.266805718994,1,FIRE,False,,
83972,double_dqn,dueling,407,5.0,327,0.0,0.0,0.05,,,,,,,,,,10000,10000,1.0,319.506489968138,319.506489968138,20744,True,168,83500,0.0,0.0,3,LEFT,greedy,12382,21709,23704,26177,8498,75474,0.10120040013337779,1,41986,2,2,319.506489968138,159.753244984069,2,2,159.753244984069,319.506489968138,159.753244984069,319.506489968138,78.92919816008973,2525.7343411228712,3,LEFT,False,,
84195,double_dqn,dueling,407,,,10.0,7.0,0.05,0.001412191311828792,1.3164007663726807,2.242213487625122,0.1373724639415741,1.3267936706542969,2.277007579803467,0.041471268981695175,0.15044474601745605,0.11382131278514862,10000,10000,1.0,319.52816966715716,319.52816966715716,20800,True,169,84000,0.0,0.0,1,FIRE,greedy,12398,21775,23776,26247,8507,75689,0.1010380540643261,0,42098,2,2,319.52816966715716,159.76408483357858,2,2,159.76408483357858,319.52816966715716,159.76408483357858,319.52816966715716,78.93707455314824,2525.9863857007435,1,FIRE,False,,
84196,double_dqn,dueling,407,,,1.0,1.0,0.05,0.001412191311828792,1.3164007663726807,2.242213487625122,0.1373724639415741,1.3267936706542969,2.277007579803467,0.041471268981695175,0.15044474601745605,0.11382131278514862,10000,10000,1.0,319.528082236893,319.528082236893,20800,True,169,84000,0.0,0.0,3,LEFT,greedy,12398,21775,23776,26247,8507,75689,0.1010380540643261,1,42098,2,2,319.528082236893,159.7640411184465,2,2,159.7640411184465,319.528082236893,159.7640411184465,319.528082236893,78.93705295414715,2525.9856945327087,3,LEFT,False,,
84347,double_dqn,dueling,408,11.0,428,0.0,0.0,0.05,,,,,,,,,,10000,10000,1.0,319.56088990668854,319.56088990668854,20838,True,169,84000,0.0,0.0,2,RIGHT,greedy,12411,21790,23852,26295,8517,75831,0.10097453407312562,0,42174,2,2,319.56088990668854,159.78044495334427,2,2,159.78044495334427,319.56088990668854,159.78044495334427,319.56088990668854,78.94686090809,2526.29954905888,2,RIGHT,False,,
84564,double_dqn,dueling,409,4.0,296,0.0,0.0,0.05,,,,,,,,,,10000,10000,1.0,319.63010476914184,319.63010476914184,20892,True,170,84500,0.0,0.0,3,LEFT,greedy,12439,21812,23922,26391,8529,76035,0.10085852135660565,1,42282,2,2,319.63010476914184,159.81505238457092,2,2,159.81505238457092,319.63010476914184,159.81505238457092,319.63010476914184,78.9663704275686,2526.9238536821954,3,LEFT,False,,
84595,double_dqn,dueling,409,,,1.0,1.0,0.05,0.004420031793415546,1.2514872550964355,2.296447515487671,-0.011527473106980324,1.3168331384658813,2.3101646900177,0.07547755539417267,0.23048019409179688,0.4125027060508728,10000,10000,1.0,319.63684333603646,319.63684333603646,20900,True,170,84500,0.0,0.0,1,FIRE,greedy,12443,21818,23931,26404,8530,76066,0.10083219064731193,0,42298,2,2,319.63684333603646,159.81842166801823,2,2,159.81842166801823,319.63684333603646,159.81842166801823,319.63684333603646,78.96839124454067,2526.9885198253014,1,FIRE,False,,
84596,double_dqn,dueling,409,,,0.0,0.0,0.05,0.004420031793415546,1.2514872550964355,2.296447515487671,-0.011527473106980324,1.3168331384658813,2.3101646900177,0.07547755539417267,0.23048019409179688,0.4125027060508728,10000,10000,1.0,319.63675722615096,319.63675722615096,20900,True,170,84500,0.0,0.0,2,RIGHT,greedy,12443,21818,23931,26404,8530,76066,0.10083219064731193,1,42298,2,2,319.63675722615096,159.81837861307548,2,2,159.81837861307548,319.63675722615096,159.81837861307548,319.63675722615096,78.96836997052526,2526.9878390568083,2,RIGHT,False,,
84785,double_dqn,dueling,410,2.0,219,0.0,0.0,0.05,,,,,,,,,,10000,10000,1.0,319.68530893980153,319.68530893980153,20947,False,170,84500,0.0,0.0,3,LEFT,greedy,12456,21851,23999,26480,8541,76245,0.10073597056117756,0,42393,2,2,319.68530893980153,159.84265446990076,2,2,159.84265446990076,319.68530893980153,159.84265446990076,319.68530893980153,78.98058837970918,2527.3788281506936,3,LEFT,False,,
84908,double_dqn,dueling,411,1.0,172,0.0,0.0,0.05,,,,,,,,,,10000,10000,1.0,319.7102856991798,319.7102856991798,20978,True,170,84500,0.0,0.0,3,LEFT,greedy,12461,21877,24045,26525,8547,76361,0.1006618928722853,1,42454,2,2,319.7102856991798,159.8551428495899,2,2,159.8551428495899,319.7102856991798,159.8551428495899,319.7102856991798,78.98999356241336,2527.6797939972275,3,LEFT,False,,
84995,double_dqn,dueling,411,,,2.0,2.0,0.05,0.0015794755890965462,1.3259574174880981,2.4940898418426514,0.04565438628196716,1.3259832859039307,2.5330028533935547,0.04393135756254196,0.18167221546173096,0.19497926533222198,10000,10000,1.0,319.71606865885684,319.71606865885684,21000,True,170,84500,0.0,0.0,2,RIGHT,greedy,12467,21906,24071,26552,8551,76445,0.10060473434043955,0,42498,2,2,319.71606865885684,159.85803432942842,2,2,159.85803432942842,319.71606865885684,159.85803432942842,319.71606865885684,78.9923930753917,2527.7565784125345,2,RIGHT,False,,
84996,double_dqn,dueling,411,,,0.0,0.0,0.05,0.0015794755890965462,1.3259574174880981,2.4940898418426514,0.04565438628196716,1.3259832859039307,2.5330028533935547,0.04393135756254196,0.18167221546173096,0.19497926533222198,10000,10000,1.0,319.7159813484381,319.7159813484381,21000,True,170,84500,0.0,0.0,1,FIRE,greedy,12467,21906,24071,26552,8551,76445,0.10060473434043955,1,42498,2,2,319.7159813484381,159.85799067421905,2,2,159.85799067421905,319.7159813484381,159.85799067421905,319.7159813484381,78.99237150356723,2527.7558881141513,1,FIRE,False,,
85210,double_dqn,dueling,412,1.0,151,0.0,0.0,0.05,,,,,,,,,,10000,10000,1.0,319.68356361987895,319.68356361987895,21053,False,171,85000,0.0,0.0,3,LEFT,greedy,12480,21978,24102,26650,8561,76649,0.10046942847083676,1,42605,2,2,319.68356361987895,159.84178180993948,2,2,159.84178180993948,319.68356361987895,159.84178180993948,319.68356361987895,78.98483822191423,2527.5148231012554,3,LEFT,False,,
85331,double_dqn,dueling,413,4.0,273,0.0,0.0,0.05,,,,,,,,,,10000,10000,1.0,319.71401258611917,319.71401258611917,21084,True,171,85000,0.0,0.0,3,LEFT,greedy,12489,21995,24173,26675,8566,76766,0.10038438100595322,0,42666,2,2,319.71401258611917,159.85700629305958,2,2,159.85700629305958,319.71401258611917,159.85700629305958,319.71401258611917,78.99557307183397,2527.858338298687,3,LEFT,False,,
85395,double_dqn,dueling,413,,,0.0,0.0,0.05,0.001993258250877261,1.3658757209777832,2.4039957523345947,0.3038804531097412,1.3942490816116333,2.3789050579071045,0.04390093684196472,0.21449017524719238,0.20215076208114624,10000,10000,1.0,319.72876038460583,319.72876038460583,21100,True,171,85000,0.0,0.0,2,RIGHT,greedy,12502,22014,24186,26694,8570,76826,0.10035598857089326,0,42698,2,2,319.72876038460583,159.86438019230292,2,2,159.86438019230292,319.72876038460583,159.86438019230292,319.72876038460583,78.99991620351284,2527.997318512411,2,RIGHT,False,,
85396,double_dqn,dueling,413,,,2.0,2.0,0.05,0.001993258250877261,1.3658757209777832,2.4039957523345947,0.3038804531097412,1.3942490816116333,2.3789050579071045,0.04390093684196472,0.21449017524719238,0.20215076208114624,10000,10000,1.0,319.72861769187335,319.72861769187335,21100,True,171,85000,0.0,0.0,3,LEFT,greedy,12502,22014,24186,26694,8570,76826,0.10035598857089326,1,42698,2,2,319.72861769187335,159.86430884593668,2,2,159.86430884593668,319.72861769187335,159.86430884593668,319.72861769187335,78.99988094639711,2527.9961902847076,3,LEFT,False,,
85795,double_dqn,dueling,413,,,5.0,5.0,0.05,0.006728823762387037,1.3478517532348633,2.461904287338257,0.019429326057434082,1.4088019132614136,2.5467069149017334,0.06852129846811295,0.5228458642959595,0.4732385277748108,10000,10000,1.0,319.6723113342881,319.6723113342881,21200,True,172,85500,0.0,0.0,2,RIGHT,greedy,12549,22114,24251,26882,8594,77202,0.10016783999254045,0,42898,2,2,319.6723113342881,159.83615566714406,2,2,159.83615566714406,319.6723113342881,159.83615566714406,319.6723113342881,78.9903142371079,2527.6900555874527,2,RIGHT,False,,
85796,double_dqn,dueling,413,,,6.0,6.0,0.05,0.006728823762387037,1.3478517532348633,2.461904287338257,0.019429326057434082,1.4088019132614136,2.5467069149017334,0.06852129846811295,0.5228458642959595,0.4732385277748108,10000,10000,1.0,319.67221950160297,319.67221950160297,21200,True,172,85500,0.0,0.0,1,FIRE,fire_reset,12549,22114,24251,26882,8594,77202,0.10016783999254045,1,42898,2,2,319.67221950160297,159.83610975080148,2,2,159.83610975080148,319.67221950160297,159.83610975080148,319.67221950160297,78.99029154545646,2527.6893294546066,2,RIGHT,True,after_life_loss,
86077,double_dqn,dueling,414,7.0,373,0.0,0.0,0.05,,,,,,,,,,10000,10000,1.0,319.67853710422486,319.67853710422486,21270,False,173,86000,0.0,0.0,2,RIGHT,greedy,12558,22162,24342,27016,8619,77459,0.10013011454727108,0,43039,2,2,319.67853710422486,159.83926855211243,2,2,159.83926855211243,319.67853710422486,159.83926855211243,319.67853710422486,78.99303520303519,2527.777126497126,2,RIGHT,False,,
86094,double_dqn,dueling,415,8.0,442,0.0,0.0,0.05,,,,,,,,,,10000,10000,1.0,319.6741820020116,319.6741820020116,21274,False,173,86000,0.0,0.0,2,RIGHT,greedy,12560,22164,24350,27020,8620,77474,0.10012312123957534,1,43047,2,2,319.6741820020116,159.8370910010058,2,2,159.8370910010058,319.6741820020116,159.8370910010058,319.6741820020116,78.99213125085133,2527.7482000272425,2,RIGHT,False,,
86195,double_dqn,dueling,415,,,0.0,0.0,0.05,0.0035150202456861734,1.3243743181228638,2.642629623413086,0.0636742040514946,1.3860650062561035,2.693758010864258,0.06226722151041031,0.2571781873703003,0.3625330626964569,10000,10000,1.0,319.6870367015976,319.6870367015976,21300,True,173,86000,0.0,0.0,0,NOOP,greedy,12583,22184,24374,27055,8624,77572,0.10005104645227157,0,43098,2,2,319.6870367015976,159.8435183507988,2,2,159.8435183507988,319.6870367015976,159.8435183507988,319.6870367015976,78.99825840809352,2527.9442690589926,0,NOOP,False,,
86196,double_dqn,dueling,415,,,1.0,1.0,0.05,0.0035150202456861734,1.3243743181228638,2.642629623413086,0.0636742040514946,1.3860650062561035,2.693758010864258,0.06226722151041031,0.2571781873703003,0.3625330626964569,10000,10000,1.0,319.6869449310838,319.6869449310838,21300,True,173,86000,0.0,0.0,1,FIRE,greedy,12583,22184,24374,27055,8624,77572,0.10005104645227157,1,43098,2,2,319.6869449310838,159.8434724655419,2,2,159.8434724655419,319.6869449310838,159.8434724655419,319.6869449310838,78.99823573056854,2527.943543378193,1,FIRE,False,,
86595,double_dqn,dueling,415,,,3.0,3.0,0.05,0.0022246050648391247,1.2238494157791138,2.382503032684326,-0.20177726447582245,1.2299054861068726,2.2323505878448486,0.04908329248428345,0.15015244483947754,0.1741819530725479,10000,10000,1.0,319.7090371011438,319.7090371011438,21400,True,174,86500,0.0,0.0,2,RIGHT,greedy,12671,22232,24509,27184,8647,77949,0.09985449674349854,0,43298,2,2,319.7090371011438,159.8545185505719,2,2,159.8545185505719,319.7090371011438,159.8545185505719,319.7090371011438,79.0079610370511,2528.2547531856353,2,RIGHT,False,,
86596,double_dqn,dueling,415,,,4.0,4.0,0.05,0.0022246050648391247,1.2238494157791138,2.382503032684326,-0.20177726447582245,1.2299054861068726,2.2323505878448486,0.04908329248428345,0.15015244483947754,0.1741819530725479,10000,10000,1.0,319.7089525880557,319.7089525880557,21400,True,174,86500,0.0,0.0,3,LEFT,greedy,12671,22232,24509,27184,8647,77949,0.09985449674349854,1,43298,2,2,319.7089525880557,159.85447629402785,2,2,159.85447629402785,319.7089525880557,159.85447629402785,319.7089525880557,79.00794015178984,2528.254084857275,3,LEFT,False,,
86759,double_dqn,dueling,416,5.0,341,0.0,0.0,0.05,,,,,,,,,,10000,10000,1.0,319.7398750866577,319.7398750866577,21441,True,174,86500,0.0,0.0,2,RIGHT,greedy,12687,22249,24590,27234,8655,78105,0.09975795297372061,0,43380,2,2,319.7398750866577,159.86993754332886,2,2,159.86993754332886,319.7398750866577,159.86993754332886,319.7398750866577,79.01731975257063,2528.55423208226,2,RIGHT,False,,
86822,double_dqn,dueling,417,7.0,364,0.0,0.0,0.05,,,,,,,,,,10000,10000,1.0,319.7489239319019,319.7489239319019,21456,False,174,86500,0.0,0.0,2,RIGHT,greedy,12694,22263,24615,27250,8659,78163,0.09973278662090254,1,43411,2,2,319.7489239319019,159.87446196595096,2,2,159.87446196595096,319.7489239319019,159.87446196595096,319.7489239319019,79.01836990489608,2528.5878369566744,2,RIGHT,False,,
86995,double_dqn,dueling,417,,,2.0,2.0,0.05,0.0017154623055830598,1.303950548171997,2.456707239151001,-0.1064966693520546,1.3420794010162354,2.4862866401672363,0.04378567636013031,0.15294432640075684,0.16869845986366272,10000,10000,1.0,319.782067102415,319.782067102415,21500,True,174,86500,0.0,0.0,3,LEFT,greedy,12744,22275,24661,27316,8666,78330,0.09961377534599292,0,43498,2,2,319.782067102415,159.8910335512075,2,2,159.8910335512075,319.782067102415,159.8910335512075,319.782067102415,79.03023636376295,2528.9675636404145,3,LEFT,False,,
86996,double_dqn,dueling,417,,,2.0,2.0,0.05,0.0017154623055830598,1.303950548171997,2.456707239151001,-0.1064966693520546,1.3420794010162354,2.4862866401672363,0.04378567636013031,0.15294432640075684,0.16869845986366272,10000,10000,1.0,319.78198105844604,319.78198105844604,21500,True,174,86500,0.0,0.0,1,FIRE,fire_reset,12744,22275,24661,27316,8666,78330,0.09961377534599292,1,43498,2,2,319.78198105844604,159.89099052922302,2,2,159.89099052922302,319.78198105844604,159.89099052922302,319.78198105844604,79.03021509904582,2528.966883169466,2,RIGHT,True,after_life_loss,
87395,double_dqn,dueling,417,,,5.0,5.0,0.05,0.00806959718465805,1.2699167728424072,2.3650662899017334,-0.04442402720451355,1.320099115371704,2.2965450286865234,0.05797630548477173,0.658790647983551,0.33372071385383606,10000,10000,1.0,319.86903198268186,319.86903198268186,21600,True,175,87000,0.0,0.0,3,LEFT,greedy,12789,22364,24795,27448,8698,78698,0.09952400567531695,0,43698,2,2,319.86903198268186,159.93451599134093,2,2,159.93451599134093,319.86903198268186,159.93451599134093,319.86903198268186,79.05591893022482,2529.7894057671942,3,LEFT,False,,
87396,double_dqn,dueling,417,,,5.0,5.0,0.05,0.00806959718465805,1.2699167728424072,2.3650662899017334,-0.04442402720451355,1.320099115371704,2.2965450286865234,0.05797630548477173,0.658790647983551,0.33372071385383606,10000,10000,1.0,319.86888751595643,319.86888751595643,21600,True,175,87000,0.0,0.0,2,RIGHT,greedy,12789,22364,24795,27448,8698,78698,0.09952400567531695,1,43698,2,2,319.86888751595643,159.93444375797822,2,2,159.93444375797822,319.86888751595643,159.93444375797822,319.86888751595643,79.0558832251437,2529.7882632045985,2,RIGHT,False,,
87500,double_dqn,dueling,418,6.0,339,0.0,0.0,0.05,,,,,,,,,,10000,10000,1.0,319.88022514512016,319.88022514512016,21626,True,176,87500,0.0,0.0,2,RIGHT,greedy,12798,22365,24843,27494,8707,78793,0.09950857142857143,1,43750,2,2,319.88022514512016,159.94011257256008,2,2,159.94011257256008,319.88022514512016,159.94011257256008,319.88022514512016,79.05976855986707,2529.912593915746,2,RIGHT,False,,
87505,double_dqn,dueling,419,6.0,373,0.0,0.0,0.05,,,,,,,,,,10000,10000,1.0,319.8790056800786,319.8790056800786,21627,False,176,87500,0.0,0.0,2,RIGHT,greedy,12798,22367,24846,27495,8707,78799,0.09950174845153476,0,43753,2,2,319.8790056800786,159.9395028400393,2,2,159.9395028400393,319.8790056800786,159.9395028400393,319.8790056800786,79.057701824367,2529.846458379744,2,RIGHT,False,,
87795,double_dqn,dueling,419,,,3.0,3.0,0.05,0.006442645564675331,1.2309839725494385,2.323831558227539,0.1707891970872879,1.2554371356964111,2.4167420864105225,0.0733959749341011,0.4522963762283325,0.2230532169342041,10000,10000,1.0,319.95230892844717,319.95230892844717,21700,True,176,87500,0.0,0.0,3,LEFT,greedy,12869,22400,24927,27600,8724,79072,0.09936671374550093,0,43898,2,2,319.95230892844717,159.97615446422358,2,2,159.97615446422358,319.95230892844717,159.97615446422358,319.95230892844717,79.08065405881023,2530.580929881927,3,LEFT,False,,
87796,double_dqn,dueling,419,,,1.0,1.0,0.05,0.006442645564675331,1.2309839725494385,2.323831558227539,0.1707891970872879,1.2554371356964111,2.4167420864105225,0.0733959749341011,0.4522963762283325,0.2230532169342041,10000,10000,1.0,319.9522240441102,319.9522240441102,21700,True,176,87500,0.0,0.0,2,RIGHT,greedy,12869,22400,24927,27600,8724,79072,0.09936671374550093,1,43898,2,2,319.9522240441102,159.9761120220551,2,2,159.9761120220551,319.9522240441102,159.9761120220551,319.9522240441102,79.08063307846818,2530.580258510982,2,RIGHT,False,,
87900,double_dqn,dueling,420,2.0,200,0.0,0.0,0.05,,,,,,,,,,10000,10000,1.0,319.9731890570617,319.9731890570617,21726,True,176,87500,0.0,0.0,3,LEFT,greedy,12878,22403,24972,27647,8729,79171,0.09930602957906712,1,43950,2,2,319.9731890570617,159.98659452853084,2,2,159.98659452853084,319.9731890570617,159.98659452853084,319.9731890570617,79.0868885717147,2530.7804342948702,3,LEFT,False,,
88195,double_dqn,dueling,420,,,7.0,7.0,0.05,0.001081538968719542,1.3489696979522705,2.2354297637939453,0.050396665930747986,1.3469631671905518,2.2636947631835938,0.03414047509431839,0.12491858005523682,0.17826128005981445,10000,10000,1.0,319.99068655692315,319.99068655692315,21800,True,177,88000,0.0,0.0,3,LEFT,greedy,12936,22449,25058,27753,8742,79454,0.09912014150301601,0,44098,2,2,319.99068655692315,159.99534327846158,2,2,159.99534327846158,319.99068655692315,159.99534327846158,319.99068655692315,79.09425560049122,2531.016179215719,3,LEFT,False,,
88196,double_dqn,dueling,420,,,1.0,1.0,0.05,0.001081538968719542,1.3489696979522705,2.2354297637939453,0.050396665930747986,1.3469631671905518,2.2636947631835938,0.03414047509431839,0.12491858005523682,0.17826128005981445,10000,10000,1.0,319.99059031169077,319.99059031169077,21800,True,177,88000,0.0,0.0,0,NOOP,greedy,12936,22449,25058,27753,8742,79454,0.09912014150301601,1,44098,2,2,319.99059031169077,159.99529515584538,2,2,159.99529515584538,319.99059031169077,159.99529515584538,319.99059031169077,79.09423181090818,2531.015417949062,0,NOOP,False,,
88325,double_dqn,dueling,421,8.0,410,0.0,0.0,0.05,,,,,,,,,,10000,10000,1.0,319.9353310889973,319.9353310889973,21832,False,177,88000,0.0,0.0,2,RIGHT,greedy,12948,22457,25113,27808,8745,79581,0.09900821955030228,0,44163,2,2,319.9353310889973,159.96766554449866,2,2,159.96766554449866,319.9353310889973,159.96766554449866,319.9353310889973,79.08009134722494,2530.562923111198,2,RIGHT,False,,
88354,double_dqn,dueling,422,3.0,227,0.0,0.0,0.05,,,,,,,,,,10000,10000,1.0,319.92169163976564,319.92169163976564,21839,False,177,88000,0.0,0.0,2,RIGHT,greedy,12949,22460,25124,27821,8746,79608,0.09898816126038436,1,44177,2,2,319.92169163976564,159.96084581988282,2,2,159.96084581988282,319.92169163976564,159.96084581988282,319.92169163976564,79.07700640288886,2530.4642048924434,2,RIGHT,False,,
88595,double_dqn,dueling,422,,,2.0,2.0,0.05,0.007847137749195099,1.2165896892547607,1.9000544548034668,0.21361801028251648,1.2518432140350342,1.9341394901275635,0.0683770477771759,0.5644817352294922,0.37499189376831055,10000,10000,1.0,319.9768360406139,319.9768360406139,21900,True,178,88500,0.0,0.0,2,RIGHT,greedy,12993,22514,25185,27904,8759,79837,0.098864508555691,0,44298,2,2,319.9768360406139,159.98841802030694,2,2,159.98841802030694,319.9768360406139,159.98841802030694,319.9768360406139,79.09491071029667,2531.0371427294936,2,RIGHT,False,,
88596,double_dqn,dueling,422,,,3.0,3.0,0.05,0.007847137749195099,1.2165896892547607,1.9000544548034668,0.21361801028251648,1.2518432140350342,1.9341394901275635,0.0683770477771759,0.5644817352294922,0.37499189376831055,10000,10000,1.0,319.97675306551344,319.97675306551344,21900,True,178,88500,0.0,0.0,1,FIRE,greedy,12993,22514,25185,27904,8759,79837,0.098864508555691,1,44298,2,2,319.97675306551344,159.98837653275672,2,2,159.98837653275672,319.97675306551344,159.98837653275672,319.97675306551344,79.09489019972396,2531.036486391167,1,FIRE,False,,
88817,double_dqn,dueling,423,7.0,246,0.0,0.0,0.05,,,,,,,,,,10000,10000,1.0,319.8749165689662,319.8749165689662,21955,False,178,88500,0.0,0.0,2,RIGHT,greedy,13016,22606,25242,27954,8770,80048,0.09874124614379969,0,44409,2,2,319.8749165689662,159.9374582844831,2,2,159.9374582844831,319.8749165689662,159.9374582844831,319.8749165689662,79.07016362980087,2530.245236153628,2,RIGHT,False,,
88948,double_dqn,dueling,424,5.0,297,0.0,0.0,0.05,,,,,,,,,,10000,10000,1.0,319.86598775929355,319.86598775929355,21988,True,178,88500,0.0,0.0,3,LEFT,greedy,13041,22646,25256,28005,8779,80169,0.09869811575302424,1,44474,2,2,319.86598775929355,159.93299387964677,2,2,159.93299387964677,319.86598775929355,159.93299387964677,319.86598775929355,79.07106780198933,2530.2741696636585,3,LEFT,False,,
88995,double_dqn,dueling,424,,,1.0,1.0,0.05,0.00540443230420351,1.0902633666992188,2.174844741821289,-0.13019952178001404,1.1015024185180664,2.246635913848877,0.06554897874593735,0.44086503982543945,0.22557592391967773,10000,10000,1.0,319.86558026018463,319.86558026018463,22000,True,178,88500,0.0,0.0,0,NOOP,greedy,13062,22656,25264,28014,8781,80215,0.09866735583621736,0,44498,2,2,319.86558026018463,159.93279013009231,2,2,159.93279013009231,319.86558026018463,159.93279013009231,319.86558026018463,79.07145001712506,2530.286400548002,0,NOOP,False,,
88996,double_dqn,dueling,424,,,0.0,0.0,0.05,0.00540443230420351,1.0902633666992188,2.174844741821289,-0.13019952178001404,1.1015024185180664,2.246635913848877,0.06554897874593735,0.44086503982543945,0.22557592391967773,10000,10000,1.0,319.86549679572994,319.86549679572994,22000,True,178,88500,0.0,0.0,2,RIGHT,greedy,13062,22656,25264,28014,8781,80215,0.09866735583621736,1,44498,2,2,319.86549679572994,159.93274839786497,2,2,159.93274839786497,319.86549679572994,159.93274839786497,319.86549679572994,79.0714293845348,2530.2857403051134,2,RIGHT,False,,
89395,double_dqn,dueling,424,,,5.0,5.0,0.05,0.00446871854364872,1.2095322608947754,2.2205758094787598,-0.12499267607927322,1.2510974407196045,2.4844887256622314,0.06842269748449326,0.2755485773086548,0.26939719915390015,10000,10000,1.0,319.9059488821141,319.9059488821141,22100,True,179,89000,0.0,0.0,3,LEFT,greedy,13117,22705,25398,28176,8799,80597,0.09842722269452772,0,44698,2,2,319.9059488821141,159.95297444105705,2,2,159.95297444105705,319.9059488821141,159.95297444105705,319.9059488821141,79.08543413905232,2530.7338924496744,3,LEFT,False,,
89396,double_dqn,dueling,424,,,3.0,3.0,0.05,0.00446871854364872,1.2095322608947754,2.2205758094787598,-0.12499267607927322,1.2510974407196045,2.4844887256622314,0.06842269748449326,0.2755485773086548,0.26939719915390015,10000,10000,1.0,319.90572404503143,319.90572404503143,22100,True,179,89000,0.0,0.0,3,LEFT,greedy,13117,22705,25398,28176,8799,80597,0.09842722269452772,1,44698,2,2,319.90572404503143,159.95286202251572,2,2,159.95286202251572,319.90572404503143,159.95286202251572,319.90572404503143,79.08537855603377,2530.7321137930808,3,LEFT,False,,
89406,double_dqn,dueling,425,3.0,229,0.0,0.0,0.05,,,,,,,,,,10000,10000,1.0,319.8966352379115,319.8966352379115,22102,False,179,89000,0.0,0.0,2,RIGHT,greedy,13118,22706,25404,28178,8800,80606,0.09842739860859451,1,44703,2,2,319.8966352379115,159.94831761895574,2,2,159.94831761895574,319.8966352379115,159.94831761895574,319.8966352379115,79.08144231962417,2530.6061542279735,2,RIGHT,False,,
89503,double_dqn,dueling,426,5.0,343,0.0,0.0,0.05,,,,,,,,,,10000,10000,1.0,319.76448414000157,319.76448414000157,22127,True,180,89500,0.0,0.0,1,FIRE,greedy,13132,22734,25426,28212,8804,80700,0.0983643189131212,0,44752,2,2,319.76448414000157,159.88224207000079,2,2,159.88224207000079,319.76448414000157,159.88224207000079,319.76448414000157,79.05153669741928,2529.649174317417,1,FIRE,False,,
89795,double_dqn,dueling,426,,,2.0,2.0,0.05,0.001839662785641849,1.28057062625885,2.41990065574646,0.3737788200378418,1.3011503219604492,2.3430564403533936,0.04440848529338837,0.17805743217468262,0.17198143899440765,10000,10000,1.0,319.8109563802005,319.8109563802005,22200,True,180,89500,0.0,0.0,1,FIRE,greedy,13193,22810,25493,28300,8817,80979,0.0981892289188828,0,44898,2,2,319.8109563802005,159.90547819010024,2,2,159.90547819010024,319.8109563802005,159.90547819010024,319.8109563802005,79.06591865606987,2530.109396994236,1,FIRE,False,,
89796,double_dqn,dueling,426,,,3.0,3.0,0.05,0.001839662785641849,1.28057062625885,2.41990065574646,0.3737788200378418,1.3011503219604492,2.3430564403533936,0.04440848529338837,0.17805743217468262,0.17198143899440765,10000,10000,1.0,319.81087402942734,319.81087402942734,22200,True,180,89500,0.0,0.0,3,LEFT,greedy,13193,22810,25493,28300,8817,80979,0.0981892289188828,1,44898,2,2,319.81087402942734,159.90543701471367,2,2,159.90543701471367,319.81087402942734,159.90543701471367,319.81087402942734,79.06589829673133,2530.1087454954027,3,LEFT,False,,
89961,double_dqn,dueling,427,3.0,229,0.0,0.0,0.05,,,,,,,,,,10000,10000,1.0,319.83229976854386,319.83229976854386,22241,False,180,89500,0.0,0.0,2,RIGHT,greedy,13206,22826,25561,28369,8828,81134,0.0981303216913808,0,44981,2,2,319.83229976854386,159.91614988427193,2,2,159.91614988427193,319.83229976854386,159.91614988427193,319.83229976854386,79.07105421346995,2530.2737348310384,2,RIGHT,False,,
90060,double_dqn,dueling,428,5.0,327,0.0,0.0,0.05,,,,,,,,,,10000,10000,1.0,319.83185745330775,319.83185745330775,22266,True,181,90000,0.0,0.0,2,RIGHT,greedy,13219,22843,25581,28417,8833,81227,0.09807905840550744,1,45030,2,2,319.83185745330775,159.91592872665387,2,2,159.91592872665387,319.83185745330775,159.91592872665387,319.83185745330775,79.0736857434527,2530.3579437904864,2,RIGHT,False,,
90195,double_dqn,dueling,428,,,2.0,2.0,0.05,0.0016178656369447708,1.0419158935546875,2.36025071144104,-0.161434605717659,1.0507079362869263,2.388547658920288,0.044359151273965836,0.13442587852478027,0.14235566556453705,10000,10000,1.0,319.8354416652208,319.8354416652208,22300,True,181,90000,0.0,0.0,2,RIGHT,greedy,13259,22891,25615,28431,8844,81352,0.09805312874185108,0,45098,2,2,319.8354416652208,159.9177208326104,2,2,159.9177208326104,319.8354416652208,159.9177208326104,319.8354416652208,79.07590524119055,2530.4289677180977,2,RIGHT,False,,
90196,double_dqn,dueling,428,,,1.0,1.0,0.05,0.0016178656369447708,1.0419158935546875,2.36025071144104,-0.161434605717659,1.0507079362869263,2.388547658920288,0.044359151273965836,0.13442587852478027,0.14235566556453705,10000,10000,1.0,319.8353536562594,319.8353536562594,22300,True,181,90000,0.0,0.0,0,NOOP,random,13259,22891,25615,28431,8844,81352,0.09805312874185108,1,45098,2,2,319.8353536562594,159.9176768281297,2,2,159.9176768281297,319.8353536562594,159.9176768281297,319.8353536562594,79.07588348191254,2530.4282714212013,0,NOOP,False,,
90515,double_dqn,dueling,429,4.0,277,0.0,0.0,0.05,,,,,,,,,,10000,10000,1.0,319.83002754793574,319.83002754793574,22380,True,182,90500,0.0,0.0,3,LEFT,greedy,13306,22920,25758,28532,8860,81656,0.09788324716072297,0,45258,2,2,319.83002754793574,159.91501377396787,2,2,159.91501377396787,319.83002754793574,159.91501377396787,319.83002754793574,79.07768810511735,2530.486019363755,3,LEFT,False,,
90556,double_dqn,dueling,430,3.0,248,0.0,0.0,0.05,,,,,,,,,,10000,10000,1.0,319.78712977504557,319.78712977504557,22390,True,182,90500,0.0,0.0,3,LEFT,greedy,13309,22923,25778,28546,8862,81694,0.09786209638234904,1,45278,2,2,319.78712977504557,159.89356488752279,2,2,159.89356488752279,319.78712977504557,159.89356488752279,319.78712977504557,79.06747024673429,2530.159047895497,3,LEFT,False,,
90595,double_dqn,dueling,430,,,1.0,1.0,0.05,0.0017350084381178021,1.102240800857544,2.0976836681365967,-0.39217567443847656,1.125216007232666,2.1460039615631104,0.04774785041809082,0.17061376571655273,0.15326042473316193,10000,10000,1.0,319.7610428790522,319.7610428790522,22400,True,182,90500,0.0,0.0,2,RIGHT,greedy,13318,22930,25796,28552,8866,81730,0.0978630403108305,0,45298,2,2,319.7610428790522,159.8805214395261,2,2,159.8805214395261,319.7610428790522,159.8805214395261,319.7610428790522,79.06140845612134,2529.965070595883,2,RIGHT,False,,
90596,double_dqn,dueling,430,,,0.0,0.0,0.05,0.0017350084381178021,1.102240800857544,2.0976836681365967,-0.39217567443847656,1.125216007232666,2.1460039615631104,0.04774785041809082,0.17061376571655273,0.15326042473316193,10000,10000,1.0,319.7609381445067,319.7609381445067,22400,True,182,90500,0.0,0.0,3,LEFT,greedy,13318,22930,25796,28552,8866,81730,0.0978630403108305,1,45298,2,2,319.7609381445067,159.88046907225336,2,2,159.88046907225336,319.7609381445067,159.88046907225336,319.7609381445067,79.06138256034428,2529.964241931017,3,LEFT,False,,
90935,double_dqn,dueling,431,3.0,210,0.0,0.0,0.05,,,,,,,,,,10000,10000,1.0,319.78706643259517,319.78706643259517,22485,True,182,90500,0.0,0.0,0,NOOP,greedy,13387,23017,25846,28686,8880,82056,0.09765109527579836,0,45468,2,2,319.78706643259517,159.89353321629758,2,2,159.89353321629758,319.78706643259517,159.89353321629758,319.78706643259517,79.07112902191544,2530.276128701294,0,NOOP,False,,
90995,double_dqn,dueling,431,,,0.0,0.0,0.05,0.0018469768110662699,1.1925486326217651,1.9974466562271118,0.20170608162879944,1.2002298831939697,1.9614784717559814,0.04942086711525917,0.15553295612335205,0.2218308001756668,10000,10000,1.0,319.79750763130573,319.79750763130573,22500,True,182,90500,0.0,0.0,0,NOOP,greedy,13418,23031,25851,28696,8884,82112,0.09763066508417953,0,45498,2,2,319.79750763130573,159.89875381565287,2,2,159.89875381565287,319.79750763130573,159.89875381565287,319.79750763130573,79.07428811930612,2530.377219817796,0,NOOP,False,,
90996,double_dqn,dueling,431,,,5.0,5.0,0.05,0.0018469768110662699,1.1925486326217651,1.9974466562271118,0.20170608162879944,1.2002298831939697,1.9614784717559814,0.04942086711525917,0.15553295612335205,0.2218308001756668,10000,10000,1.0,319.7974239007603,319.7974239007603,22500,True,182,90500,0.0,0.0,1,FIRE,greedy,13418,23031,25851,28696,8884,82112,0.09763066508417953,1,45498,2,2,319.7974239007603,159.89871195038015,2,2,159.89871195038015,319.7974239007603,159.89871195038015,319.7974239007603,79.07426741578868,2530.376557305238,1,FIRE,False,,
91395,double_dqn,dueling,432,3.0,230,0.0,0.0,0.05,0.001948351040482521,1.1422538757324219,2.072399139404297,-0.27408018708229065,1.1507803201675415,2.0420420169830322,0.050628144294023514,0.17853820323944092,0.12423747032880783,10000,10000,1.0,319.7747604497377,319.7747604497377,22600,True,183,91000,0.0,0.0,2,RIGHT,greedy,13503,23128,25941,28824,8903,82493,0.09741126526325003,0,45698,2,2,319.7747604497377,159.88738022486885,2,2,159.88738022486885,319.7747604497377,159.88738022486885,319.7747604497377,79.0724931743629,2530.319781579613,2,RIGHT,False,,
91396,double_dqn,dueling,432,,,8.0,8.0,0.05,0.001948351040482521,1.1422538757324219,2.072399139404297,-0.27408018708229065,1.1507803201675415,2.0420420169830322,0.050628144294023514,0.17853820323944092,0.12423747032880783,10000,10000,1.0,319.77460135309383,319.77460135309383,22600,True,183,91000,0.0,0.0,2,RIGHT,greedy,13503,23128,25941,28824,8903,82493,0.09741126526325003,1,45698,2,2,319.77460135309383,159.88730067654691,2,2,159.88730067654691,319.77460135309383,159.88730067654691,319.77460135309383,79.07245383364611,2530.3185226766755,2,RIGHT,False,,
91506,double_dqn,dueling,433,12.0,475,0.0,0.0,0.05,,,,,,,,,,10000,10000,1.0,319.7999483953503,319.7999483953503,22627,False,184,91500,0.0,0.0,0,NOOP,greedy,13549,23143,25963,28851,8910,82596,0.09737066421873976,1,45753,2,2,319.7999483953503,159.89997419767516,2,2,159.89997419767516,319.7999483953503,159.89997419767516,319.7999483953503,79.07802146680646,2530.4966869378068,0,NOOP,False,,
91795,double_dqn,dueling,433,,,3.0,3.0,0.05,0.0022412475664168596,1.1667389869689941,2.5324816703796387,-0.034557703882455826,1.2029578685760498,2.488344192504883,0.0548987090587616,0.1813424825668335,0.25815171003341675,10000,10000,1.0,319.86831020690903,319.86831020690903,22700,True,184,91500,0.0,0.0,3,LEFT,greedy,13616,23215,26020,28945,8924,82872,0.09721556494836377,0,45898,2,2,319.86831020690903,159.93415510345451,2,2,159.93415510345451,319.86831020690903,159.93415510345451,319.86831020690903,79.09942308702813,2531.1815387849,3,LEFT,False,,
91796,double_dqn,dueling,433,,,2.0,2.0,0.05,0.0022412475664168596,1.1667389869689941,2.5324816703796387,-0.034557703882455826,1.2029578685760498,2.488344192504883,0.0548987090587616,0.1813424825668335,0.25815171003341675,10000,10000,1.0,319.868226388962,319.868226388962,22700,True,184,91500,0.0,0.0,3,LEFT,greedy,13616,23215,26020,28945,8924,82872,0.09721556494836377,1,45898,2,2,319.868226388962,159.934113194481,2,2,159.934113194481,319.868226388962,159.934113194481,319.868226388962,79.09940235990062,2531.18087551682,3,LEFT,False,,
92145,double_dqn,dueling,434,6.0,375,0.0,0.0,0.05,,,,,,,,,,10000,10000,1.0,319.92701011740405,319.92701011740405,22787,False,185,92000,0.0,0.0,0,NOOP,greedy,13718,23234,26117,29077,8942,83204,0.09704165129251405,0,46073,2,2,319.92701011740405,159.96350505870203,2,2,159.96350505870203,319.92701011740405,159.96350505870203,319.92701011740405,79.11549909432082,2531.6959710182664,0,NOOP,False,,
92195,double_dqn,dueling,434,,,0.0,0.0,0.05,0.003430385375395417,1.2582062482833862,2.111766815185547,0.3386225402355194,1.2350451946258545,2.071852922439575,0.06682879477739334,0.20830893516540527,0.31487658619880676,10000,10000,1.0,319.9232530639384,319.9232530639384,22800,True,185,92000,0.0,0.0,1,FIRE,greedy,13725,23237,26148,29086,8942,83254,0.09698902338496247,0,46098,2,2,319.9232530639384,159.9616265319692,2,2,159.9616265319692,319.9232530639384,159.9616265319692,319.9232530639384,79.11677480430598,2531.7367937377912,1,FIRE,False,,
92196,double_dqn,dueling,434,,,6.0,6.0,0.05,0.003430385375395417,1.2582062482833862,2.111766815185547,0.3386225402355194,1.2350451946258545,2.071852922439575,0.06682879477739334,0.20830893516540527,0.31487658619880676,10000,10000,1.0,319.9230571237316,319.9230571237316,22800,True,185,92000,0.0,0.0,2,RIGHT,greedy,13725,23237,26148,29086,8942,83254,0.09698902338496247,1,46098,2,2,319.9230571237316,159.9615285618658,2,2,159.9615285618658,319.9230571237316,159.9615285618658,319.9230571237316,79.11672634844332,2531.7352431501863,2,RIGHT,False,,
92344,double_dqn,dueling,435,11.0,419,0.0,0.0,0.05,,,,,,,,,,10000,10000,1.0,319.9609969679755,319.9609969679755,22837,True,185,92000,0.0,0.0,0,NOOP,greedy,13773,23260,26186,29125,8946,83398,0.09687689508793208,1,46172,2,2,319.9609969679755,159.98049848398776,2,2,159.98049848398776,319.9609969679755,159.98049848398776,319.9609969679755,79.12749380314537,2532.079801700652,0,NOOP,False,,
92595,double_dqn,dueling,435,,,4.0,4.0,0.05,0.00354006071574986,1.051827311515808,2.553980827331543,-0.022591417655348778,1.097968339920044,2.461348056793213,0.059748534113168716,0.3077154755592346,0.3153989613056183,10000,10000,1.0,320.0031326549551,320.0031326549551,22900,True,186,92500,0.0,0.0,1,FIRE,fire_reset,13809,23356,26229,29202,8962,83634,0.09678603827379152,0,46298,2,2,320.0031326549551,160.00156632747755,2,2,160.00156632747755,320.0031326549551,160.00156632747755,320.0031326549551,79.14026240656693,2532.488397010142,0,NOOP,True,after_life_loss,
92596,double_dqn,dueling,435,,,2.0,2.0,0.05,0.00354006071574986,1.051827311515808,2.553980827331543,-0.022591417655348778,1.097968339920044,2.461348056793213,0.059748534113168716,0.3077154755592346,0.3153989613056183,10000,10000,1.0,320.0030084622815,320.0030084622815,22900,True,186,92500,0.0,0.0,1,FIRE,greedy,13809,23356,26229,29202,8962,83634,0.09678603827379152,1,46298,2,2,320.0030084622815,160.00150423114076,2,2,160.00150423114076,320.0030084622815,160.00150423114076,320.0030084622815,79.14023169236518,2532.4874141556857,1,FIRE,False,,
92895,double_dqn,dueling,436,6.0,375,0.0,0.0,0.05,,,,,,,,,,10000,10000,1.0,320.03138501364685,320.03138501364685,22975,True,186,92500,0.0,0.0,0,NOOP,greedy,13939,23392,26294,29271,8976,83920,0.09662418188081295,0,46448,2,2,320.03138501364685,160.01569250682343,2,2,160.01569250682343,320.03138501364685,160.01569250682343,320.03138501364685,79.15002874923071,2532.800919975383,0,NOOP,False,,
92995,double_dqn,dueling,436,,,1.0,1.0,0.05,0.0017654072726145387,1.2498066425323486,2.1719627380371094,0.518596351146698,1.2775532007217407,2.1709601879119873,0.04511445388197899,0.18935108184814453,0.16962830722332,10000,10000,1.0,320.00367680068854,320.00367680068854,23000,True,186,92500,0.0,0.0,2,RIGHT,greedy,13987,23408,26309,29292,8982,84014,0.09658479934620844,0,46498,2,2,320.00367680068854,160.00183840034427,2,2,160.00183840034427,320.00367680068854,160.00183840034427,320.00367680068854,79.144098309775,2532.6111459128,2,RIGHT,False,,
92996,double_dqn,dueling,436,,,6.0,6.0,0.05,0.0017654072726145387,1.2498066425323486,2.1719627380371094,0.518596351146698,1.2775532007217407,2.1709601879119873,0.04511445388197899,0.18935108184814453,0.16962830722332,10000,10000,1.0,320.0035877180646,320.0035877180646,23000,True,186,92500,0.0,0.0,0,NOOP,greedy,13987,23408,26309,29292,8982,84014,0.09658479934620844,1,46498,2,2,320.0035877180646,160.0017938590323,2,2,160.0017938590323,320.0035877180646,160.0017938590323,320.0035877180646,79.14407627764082,2532.6104408845063,0,NOOP,False,,
93132,double_dqn,dueling,437,10.0,394,0.0,0.0,0.05,,,,,,,,,,10000,10000,1.0,319.9632883386833,319.9632883386833,23034,True,187,93000,0.0,0.0,0,NOOP,greedy,14042,23424,26329,29337,8990,84142,0.09652965683116436,1,46566,2,2,319.9632883386833,159.98164416934165,2,2,159.98164416934165,319.9632883386833,159.98164416934165,319.9632883386833,79.13536038733444,2532.331532394702,0,NOOP,False,,
93395,double_dqn,dueling,437,,,5.0,5.0,0.05,0.0031006266362965107,1.2390172481536865,2.336515188217163,0.07846985757350922,1.2262487411499023,2.3303449153900146,0.05332577973604202,0.2284143567085266,0.36315247416496277,10000,10000,1.0,320.00527621535304,320.00527621535304,23100,True,187,93000,0.0,0.0,2,RIGHT,greedy,14086,23495,26366,29449,9008,84388,0.09644952674632747,0,46698,2,2,320.00527621535304,160.00263810767652,2,2,160.00263810767652,320.00527621535304,160.00263810767652,320.00527621535304,79.14816352493314,2532.7412327978604,2,RIGHT,False,,
93396,double_dqn,dueling,437,,,2.0,2.0,0.05,0.0031006266362965107,1.2390172481536865,2.336515188217163,0.07846985757350922,1.2262487411499023,2.3303449153900146,0.05332577973604202,0.2284143567085266,0.36315247416496277,10000,10000,1.0,320.0051284148203,320.0051284148203,23100,True,187,93000,0.0,0.0,2,RIGHT,greedy,14086,23495,26366,29449,9008,84388,0.09644952674632747,1,46698,2,2,320.0051284148203,160.00256420741016,2,2,160.00256420741016,320.0051284148203,160.00256420741016,320.0051284148203,79.14812696884609,2532.7400630030747,2,RIGHT,False,,
93779,double_dqn,dueling,438,8.0,442,0.0,0.0,0.05,,,,,,,,,,10000,10000,1.0,319.9661470492524,319.9661470492524,23196,True,188,93500,0.0,0.0,1,FIRE,greedy,14115,23596,26497,29572,9021,84759,0.09619321817018554,0,46890,2,2,319.9661470492524,159.9830735246262,2,2,159.9830735246262,319.9661470492524,159.9830735246262,319.9661470492524,79.14197853438323,2532.5433131002633,1,FIRE,False,,
93795,double_dqn,dueling,438,,,0.0,0.0,0.05,0.0027492535300552845,1.3346655368804932,2.3532729148864746,0.4268836975097656,1.3454951047897339,2.338529586791992,0.051543883979320526,0.27020370960235596,0.21213775873184204,10000,10000,1.0,319.96178044314087,319.96178044314087,23200,True,188,93500,0.0,0.0,3,LEFT,greedy,14116,23600,26504,29576,9022,84774,0.0961874706810525,0,46898,2,2,319.96178044314087,159.98089022157043,2,2,159.98089022157043,319.96178044314087,159.98089022157043,319.96178044314087,79.14104339503676,2532.5133886411763,3,LEFT,False,,
93796,double_dqn,dueling,438,,,6.0,6.0,0.05,0.0027492535300552845,1.3346655368804932,2.3532729148864746,0.4268836975097656,1.3454951047897339,2.338529586791992,0.051543883979320526,0.27020370960235596,0.21213775873184204,10000,10000,1.0,319.96169498102984,319.96169498102984,23200,True,188,93500,0.0,0.0,2,RIGHT,greedy,14116,23600,26504,29576,9022,84774,0.0961874706810525,1,46898,2,2,319.96169498102984,159.98084749051492,2,2,159.98084749051492,319.96169498102984,159.98084749051492,319.96169498102984,79.14102225638506,2532.512712204322,2,RIGHT,False,,
93950,double_dqn,dueling,439,8.0,409,0.0,0.0,0.05,,,,,,,,,,10000,10000,1.0,319.972146899638,319.972146899638,23238,False,188,93500,0.0,0.0,0,NOOP,greedy,14143,23654,26543,29610,9028,84922,0.09609366684406599,1,46975,2,2,319.972146899638,159.986073449819,2,2,159.986073449819,319.972146899638,159.986073449819,319.972146899638,79.14329696278647,2532.585502809167,0,NOOP,False,,
94195,double_dqn,dueling,439,,,3.0,3.0,0.05,0.0019531864672899246,1.1191169023513794,2.0143589973449707,0.1484815776348114,1.1610820293426514,2.083493947982788,0.049222685396671295,0.13979887962341309,0.45871901512145996,10000,10000,1.0,320.0302348594442,320.0302348594442,23300,True,189,94000,0.0,0.0,1,FIRE,fire_reset,14210,23676,26577,29733,9038,85158,0.09594887256359082,0,47098,2,2,320.0302348594442,160.0151174297221,2,2,160.0151174297221,320.0302348594442,160.0151174297221,320.0302348594442,79.16158299954404,2533.170655985409,3,LEFT,True,after_life_loss,
94196,double_dqn,dueling,439,,,2.0,2.0,0.05,0.0019531864672899246,1.1191169023513794,2.0143589973449707,0.1484815776348114,1.1610820293426514,2.083493947982788,0.049222685396671295,0.13979887962341309,0.45871901512145996,10000,10000,1.0,320.03014950636623,320.03014950636623,23300,True,189,94000,0.0,0.0,0,NOOP,random,14210,23676,26577,29733,9038,85158,0.09594887256359082,1,47098,2,2,320.03014950636623,160.01507475318311,2,2,160.01507475318311,320.03014950636623,160.01507475318311,320.03014950636623,79.16156188689895,2533.1699803807664,0,NOOP,False,,
94303,double_dqn,dueling,440,4.0,262,0.0,0.0,0.05,,,,,,,,,,10000,10000,1.0,320.0467622310162,320.0467622310162,23327,True,189,94000,0.0,0.0,3,LEFT,greedy,14224,23687,26592,29801,9044,85260,0.09590261282660333,0,47152,2,2,320.0467622310162,160.0233811155081,2,2,160.0233811155081,320.0467622310162,160.0233811155081,320.0467622310162,79.16664004244693,2533.3324813583017,3,LEFT,False,,
94348,double_dqn,dueling,441,2.0,199,0.0,0.0,0.05,,,,,,,,,,10000,10000,1.0,320.0488395588368,320.0488395588368,23338,True,189,94000,0.0,0.0,3,LEFT,greedy,14224,23692,26592,29840,9045,85303,0.0958684868783652,1,47174,2,2,320.0488395588368,160.0244197794184,2,2,160.0244197794184,320.0488395588368,160.0244197794184,320.0488395588368,79.16754798855442,2533.3615356337414,3,LEFT,False,,
94595,double_dqn,dueling,441,,,3.0,3.0,0.05,0.0020455303601920605,1.2477138042449951,2.1636602878570557,-0.13392263650894165,1.2744420766830444,2.16168475151062,0.04896290972828865,0.1721196174621582,0.23965220153331757,10000,10000,1.0,320.0888495939318,320.0888495939318,23400,True,190,94500,0.0,0.0,2,RIGHT,greedy,14284,23735,26640,29937,9063,85533,0.09580743371812761,0,47298,2,2,320.0888495939318,160.0444247969659,2,2,160.0444247969659,320.0888495939318,160.0444247969659,320.0888495939318,79.17965961032183,2533.7491075302987,2,RIGHT,False,,
94596,double_dqn,dueling,441,,,2.0,2.0,0.05,0.0020455303601920605,1.2477138042449951,2.1636602878570557,-0.13392263650894165,1.2744420766830444,2.16168475151062,0.04896290972828865,0.1721196174621582,0.23965220153331757,10000,10000,1.0,320.0887197302592,320.0887197302592,23400,True,190,94500,0.0,0.0,3,LEFT,greedy,14284,23735,26640,29937,9063,85533,0.09580743371812761,1,47298,2,2,320.0887197302592,160.0443598651296,2,2,160.0443598651296,320.0887197302592,160.0443598651296,320.0887197302592,79.1796274862369,2533.7480795595807,3,LEFT,False,,
94748,double_dqn,dueling,442,2.0,200,0.0,0.0,0.05,,,,,,,,,,10000,10000,1.0,320.1196717530408,320.1196717530408,23438,True,190,94500,0.0,0.0,1,FIRE,greedy,14288,23804,26646,30010,9067,85681,0.09569595136572803,1,47374,2,2,320.1196717530408,160.0598358765204,2,2,160.0598358765204,320.1196717530408,160.0598358765204,320.1196717530408,79.18863581867448,2534.0363461975835,1,FIRE,False,,
94985,double_dqn,dueling,443,6.0,341,0.0,0.0,0.05,,,,,,,,,,10000,10000,1.0,320.18017331774615,320.18017331774615,23497,False,190,94500,0.0,0.0,0,NOOP,greedy,14342,23896,26682,30066,9080,85906,0.09559303476301771,0,47493,2,2,320.18017331774615,160.09008665887308,2,2,160.09008665887308,320.18017331774615,160.09008665887308,320.18017331774615,79.20402514525385,2534.5288046481232,0,NOOP,False,,
94995,double_dqn,dueling,443,,,0.0,0.0,0.05,0.00191153131891042,1.1912016868591309,2.3171651363372803,0.2441643923521042,1.2067468166351318,2.3134100437164307,0.0516062006354332,0.16177654266357422,0.16784726083278656,10000,10000,1.0,320.16718580674757,320.16718580674757,23500,True,190,94500,0.0,0.0,3,LEFT,greedy,14345,23898,26683,30070,9080,85916,0.09558297191460693,0,47498,2,2,320.16718580674757,160.08359290337378,2,2,160.08359290337378,320.16718580674757,160.08359290337378,320.16718580674757,79.20258607160899,2534.4827542914877,3,LEFT,False,,
94996,double_dqn,dueling,443,,,2.0,2.0,0.05,0.00191153131891042,1.1912016868591309,2.3171651363372803,0.2441643923521042,1.2067468166351318,2.3134100437164307,0.0516062006354332,0.16177654266357422,0.16784726083278656,10000,10000,1.0,320.1671007761637,320.1671007761637,23500,True,190,94500,0.0,0.0,3,LEFT,greedy,14345,23898,26683,30070,9080,85916,0.09558297191460693,1,47498,2,2,320.1671007761637,160.08355038808185,2,2,160.08355038808185,320.1671007761637,160.08355038808185,320.1671007761637,79.20256503684205,2534.4820811789455,3,LEFT,False,,
95395,double_dqn,dueling,443,,,3.0,3.0,0.05,0.0034722182899713516,1.1389615535736084,2.285086154937744,0.15275128185749054,1.1563093662261963,2.260406255722046,0.0549425445497036,0.2771545648574829,0.15257757902145386,10000,10000,1.0,320.1328884520642,320.1328884520642,23600,True,191,95000,0.0,0.0,1,FIRE,greedy,14373,23977,26822,30224,9095,86301,0.09533942722965323,0,47698,2,2,320.1328884520642,160.0664442260321,2,2,160.0664442260321,320.1328884520642,160.0664442260321,320.1328884520642,79.1976201042886,2534.3238433372353,1,FIRE,False,,
95396,double_dqn,dueling,443,,,5.0,5.0,0.05,0.0034722182899713516,1.1389615535736084,2.285086154937744,0.15275128185749054,1.1563093662261963,2.260406255722046,0.0549425445497036,0.2771545648574829,0.15257757902145386,10000,10000,1.0,320.13274406449943,320.13274406449943,23600,True,191,95000,0.0,0.0,1,FIRE,greedy,14373,23977,26822,30224,9095,86301,0.09533942722965323,1,47698,2,2,320.13274406449943,160.06637203224972,2,2,160.06637203224972,320.13274406449943,160.06637203224972,320.13274406449943,79.19758438427384,2534.322700296763,1,FIRE,False,,
95462,double_dqn,dueling,444,6.0,357,0.0,0.0,0.05,,,,,,,,,,10000,10000,1.0,320.09943929886816,320.09943929886816,23616,False,191,95000,0.0,0.0,1,FIRE,greedy,14373,24021,26833,30235,9097,86365,0.09529446271814963,1,47731,2,2,320.09943929886816,160.04971964943408,2,2,160.04971964943408,320.09943929886816,160.04971964943408,320.09943929886816,79.188246197252,2534.023878312064,1,FIRE,False,,
95795,double_dqn,dueling,444,,,8.0,8.0,0.05,0.0022338153794407845,1.304861068725586,2.38811993598938,-0.03219913691282272,1.3386294841766357,2.3735876083374023,0.049803514033555984,0.18346869945526123,0.1426376849412918,10000,10000,1.0,320.1210995302224,320.1210995302224,23700,True,192,95500,0.0,0.0,3,LEFT,greedy,14425,24072,26886,30413,9114,86682,0.09513967180258048,0,47898,2,2,320.1210995302224,160.0605497651112,2,2,160.0605497651112,320.1210995302224,160.0605497651112,320.1210995302224,79.19819260581102,2534.3421633859525,3,LEFT,False,,
95796,double_dqn,dueling,444,,,4.0,4.0,0.05,0.0022338153794407845,1.304861068725586,2.38811993598938,-0.03219913691282272,1.3386294841766357,2.3735876083374023,0.049803514033555984,0.18346869945526123,0.1426376849412918,10000,10000,1.0,320.12101844327356,320.12101844327356,23700,True,192,95500,0.0,0.0,2,RIGHT,random,14425,24072,26886,30413,9114,86682,0.09513967180258048,1,47898,2,2,320.12101844327356,160.06050922163678,2,2,160.06050922163678,320.12101844327356,160.06050922163678,320.12101844327356,79.19817254484096,2534.3415214349106,2,RIGHT,False,,
95863,double_dqn,dueling,445,9.0,439,0.0,0.0,0.05,,,,,,,,,,10000,10000,1.0,320.12561373240607,320.12561373240607,23717,True,192,95500,0.0,0.0,0,NOOP,greedy,14450,24090,26891,30433,9120,86744,0.09513477426354001,0,47932,2,2,320.12561373240607,160.06280686620303,2,2,160.06280686620303,320.12561373240607,160.06280686620303,320.12561373240607,79.19989965880283,2534.3967890816907,0,NOOP,False,,
96195,double_dqn,dueling,445,,,4.0,4.0,0.05,0.005465436726808548,1.2879958152770996,2.271212577819824,0.4406500458717346,1.2862062454223633,2.253730058670044,0.058377690613269806,0.4436211585998535,0.2972171902656555,10000,10000,1.0,320.1264247658467,320.1264247658467,23800,True,193,96000,0.0,0.0,2,RIGHT,greedy,14476,24238,26933,30549,9134,87062,0.09495197305501268,0,48098,2,2,320.1264247658467,160.06321238292335,2,2,160.06321238292335,320.1264247658467,160.06321238292335,320.1264247658467,79.20297007596108,2534.4950424307544,2,RIGHT,False,,
96196,double_dqn,dueling,445,,,7.0,7.0,0.05,0.005465436726808548,1.2879958152770996,2.271212577819824,0.4406500458717346,1.2862062454223633,2.253730058670044,0.058377690613269806,0.4436211585998535,0.2972171902656555,10000,10000,1.0,320.12634252215406,320.12634252215406,23800,True,193,96000,0.0,0.0,1,FIRE,greedy,14476,24238,26933,30549,9134,87062,0.09495197305501268,1,48098,2,2,320.12634252215406,160.06317126107703,2,2,160.06317126107703,320.12634252215406,160.06317126107703,320.12634252215406,79.20294972792286,2534.4943912935314,1,FIRE,False,,
96268,double_dqn,dueling,446,7.0,403,0.0,0.0,0.05,,,,,,,,,,10000,10000,1.0,320.13796833061804,320.13796833061804,23818,True,193,96000,0.0,0.0,1,FIRE,greedy,14480,24284,26945,30559,9136,87132,0.0949017326629825,1,48134,2,2,320.13796833061804,160.06898416530902,2,2,160.06898416530902,320.13796833061804,160.06898416530902,320.13796833061804,79.20644585634541,2534.606267403053,1,FIRE,False,,
96559,double_dqn,dueling,447,6.0,348,0.0,0.0,0.05,,,,,,,,,,10000,10000,1.0,320.1831123771758,320.1831123771758,23891,True,194,96500,0.0,0.0,1,FIRE,greedy,14510,24342,27011,30697,9154,87406,0.09480115990057995,0,48280,2,2,320.1831123771758,160.0915561885879,2,2,160.0915561885879,320.1831123771758,160.0915561885879,320.1831123771758,79.22011948843317,2535.0438236298614,1,FIRE,False,,
96595,double_dqn,dueling,447,,,0.0,0.0,0.05,0.0017985710874199867,1.2219053506851196,2.3631579875946045,0.2993662655353546,1.2552905082702637,2.327685832977295,0.043447479605674744,0.2090367078781128,0.19403012096881866,10000,10000,1.0,320.18305810362625,320.18305810362625,23900,True,194,96500,0.0,0.0,0,NOOP,greedy,14515,24349,27018,30714,9157,87439,0.09479688599942027,0,48298,2,2,320.18305810362625,160.09152905181313,2,2,160.09152905181313,320.18305810362625,160.09152905181313,320.18305810362625,79.22041377155024,2535.0532406896077,0,NOOP,False,,
96596,double_dqn,dueling,447,,,2.0,2.0,0.05,0.0017985710874199867,1.2219053506851196,2.3631579875946045,0.2993662655353546,1.2552905082702637,2.327685832977295,0.043447479605674744,0.2090367078781128,0.19403012096881866,10000,10000,1.0,320.1829838129235,320.1829838129235,23900,True,194,96500,0.0,0.0,3,LEFT,greedy,14515,24349,27018,30714,9157,87439,0.09479688599942027,1,48298,2,2,320.1829838129235,160.09149190646175,2,2,160.09149190646175,320.1829838129235,160.09149190646175,320.1829838129235,79.22039539037716,2535.0526524920692,3,LEFT,False,,
96758,double_dqn,dueling,448,3.0,245,0.0,0.0,0.05,,,,,,,,,,10000,10000,1.0,320.22277979330954,320.22277979330954,23940,False,194,96500,0.0,0.0,1,FIRE,greedy,14523,24385,27046,30804,9163,87595,0.09470017983009157,1,48379,2,2,320.22277979330954,160.11138989665477,2,2,160.11138989665477,320.22277979330954,160.11138989665477,320.22277979330954,79.22996908009497,2535.359010563039,1,FIRE,False,,
96995,double_dqn,dueling,448,,,3.0,3.0,0.05,0.0031219946686178446,1.168774127960205,2.5602307319641113,0.17910699546337128,1.174468994140625,2.329896926879883,0.06449159979820251,0.18656277656555176,0.3544672429561615,10000,10000,1.0,320.2558583469202,320.2558583469202,24000,True,194,96500,0.0,0.0,2,RIGHT,greedy,14547,24445,27091,30913,9177,87819,0.09461214895459606,0,48498,2,2,320.2558583469202,160.1279291734601,2,2,160.1279291734601,320.2558583469202,160.1279291734601,320.2558583469202,79.24183059431404,2535.738579018049,2,RIGHT,False,,
96996,double_dqn,dueling,448,,,2.0,2.0,0.05,0.0031219946686178446,1.168774127960205,2.5602307319641113,0.17910699546337128,1.174468994140625,2.329896926879883,0.06449159979820251,0.18656277656555176,0.3544672429561615,10000,10000,1.0,320.25577174587954,320.25577174587954,24000,True,194,96500,0.0,0.0,3,LEFT,greedy,14547,24445,27091,30913,9177,87819,0.09461214895459606,1,48498,2,2,320.25577174587954,160.12788587293977,2,2,160.12788587293977,320.25577174587954,160.12788587293977,320.25577174587954,79.24180916636881,2535.737893323802,3,LEFT,False,,
97190,double_dqn,dueling,449,2.0,216,0.0,0.0,0.05,,,,,,,,,,10000,10000,1.0,320.2837569481521,320.2837569481521,24048,False,195,97000,0.0,0.0,1,FIRE,greedy,14552,24517,27132,30989,9192,87998,0.09457763144356415,1,48595,2,2,320.2837569481521,160.14187847407604,2,2,160.14187847407604,320.2837569481521,160.14187847407604,320.2837569481521,79.24872710247105,2535.9592672790736,1,FIRE,False,,
97257,double_dqn,dueling,450,5.0,349,0.0,0.0,0.05,,,,,,,,,,10000,10000,1.0,320.2844305415754,320.2844305415754,24065,False,195,97000,0.0,0.0,3,LEFT,greedy,14552,24525,27142,31039,9193,88065,0.09452178741080425,0,48629,2,2,320.2844305415754,160.1422152707877,2,2,160.1422152707877,320.2844305415754,160.1422152707877,320.2844305415754,79.24946863993719,2535.98299647799,3,LEFT,False,,
97395,double_dqn,dueling,450,,,1.0,1.0,0.05,0.012191519141197205,1.260798692703247,2.278329610824585,0.2046506702899933,1.2398229837417603,2.3716816902160645,0.09460096061229706,0.5231738686561584,0.37363550066947937,10000,10000,1.0,320.3148927584752,320.3148927584752,24100,True,195,97000,0.0,0.0,1,FIRE,greedy,14558,24574,27169,31095,9206,88190,0.09452133557846318,0,48698,2,2,320.3148927584752,160.1574463792376,2,2,160.1574463792376,320.3148927584752,160.1574463792376,320.3148927584752,79.2598147303714,2536.314071371885,1,FIRE,False,,
97396,double_dqn,dueling,450,,,2.0,2.0,0.05,0.012191519141197205,1.260798692703247,2.278329610824585,0.2046506702899933,1.2398229837417603,2.3716816902160645,0.09460096061229706,0.5231738686561584,0.37363550066947937,10000,10000,1.0,320.3146761695161,320.3146761695161,24100,True,195,97000,0.0,0.0,2,RIGHT,random,14558,24574,27169,31095,9206,88190,0.09452133557846318,1,48698,2,2,320.3146761695161,160.15733808475804,2,2,160.15733808475804,320.3146761695161,160.15733808475804,320.3146761695161,79.25976113685714,2536.3123563794284,2,RIGHT,False,,
97795,double_dqn,dueling,450,,,5.0,5.0,0.05,0.0020819115452468395,1.1226778030395508,1.9457495212554932,0.24134387075901031,1.1482200622558594,1.9322692155838013,0.04594310373067856,0.17552709579467773,0.20066998898983002,10000,10000,1.0,320.2338758018385,320.2338758018385,24200,True,196,97500,0.0,0.0,1,FIRE,greedy,14582,24765,27227,31222,9237,88559,0.09445171581659782,0,48898,2,2,320.2338758018385,160.11693790091925,2,2,160.11693790091925,320.2338758018385,160.11693790091925,320.2338758018385,79.24311622565843,2535.7797192210696,1,FIRE,False,,
97796,double_dqn,dueling,450,,,6.0,6.0,0.05,0.0020819115452468395,1.1226778030395508,1.9457495212554932,0.24134387075901031,1.1482200622558594,1.9322692155838013,0.04594310373067856,0.17552709579467773,0.20066998898983002,10000,10000,1.0,320.2337910741221,320.2337910741221,24200,True,196,97500,0.0,0.0,3,LEFT,greedy,14582,24765,27227,31222,9237,88559,0.09445171581659782,1,48898,2,2,320.2337910741221,160.11689553706105,2,2,160.11689553706105,320.2337910741221,160.11689553706105,320.2337910741221,79.24309525945596,2535.7790483025906,3,LEFT,False,,
97829,double_dqn,dueling,451,5.0,286,0.0,0.0,0.05,,,,,,,,,,10000,10000,1.0,320.19909066276665,320.19909066276665,24208,False,196,97500,0.0,0.0,1,FIRE,greedy,14583,24782,27239,31226,9239,88591,0.0944393335377696,0,48915,2,2,320.19909066276665,160.09954533138333,2,2,160.09954533138333,320.19909066276665,160.09954533138333,320.19909066276665,79.23315533848773,2535.4609708316075,1,FIRE,False,,
98195,double_dqn,dueling,451,,,2.0,2.0,0.05,0.005641666240990162,1.262188196182251,2.025881052017212,0.332153856754303,1.2997632026672363,1.9766185283660889,0.06342273950576782,0.43121713399887085,0.2512373626232147,10000,10000,1.0,320.19399501442115,320.19399501442115,24300,True,197,98000,0.0,0.0,3,LEFT,greedy,14637,24848,27337,31374,9255,88941,0.09425027496028351,0,49098,2,2,320.19399501442115,160.09699750721057,2,2,160.09699750721057,320.19399501442115,160.09699750721057,320.19399501442115,79.23656848395488,2535.5701914865563,3,LEFT,False,,
98196,double_dqn,dueling,451,,,10.0,10.0,0.05,0.005641666240990162,1.262188196182251,2.025881052017212,0.332153856754303,1.2997632026672363,1.9766185283660889,0.06342273950576782,0.43121713399887085,0.2512373626232147,10000,10000,1.0,320.1939198410448,320.1939198410448,24300,True,197,98000,0.0,0.0,3,LEFT,greedy,14637,24848,27337,31374,9255,88941,0.09425027496028351,1,49098,2,2,320.1939198410448,160.0969599205224,2,2,160.0969599205224,320.1939198410448,160.0969599205224,320.1939198410448,79.23654988123131,2535.569596199402,3,LEFT,False,,
98242,double_dqn,dueling,452,10.0,526,0.0,0.0,0.05,,,,,,,,,,10000,10000,1.0,320.19879601671346,320.19879601671346,24311,False,197,98000,0.0,0.0,1,FIRE,greedy,14639,24853,27354,31396,9256,88986,0.09421632295759451,1,49121,2,2,320.19879601671346,160.09939800835673,2,2,160.09939800835673,320.19879601671346,160.09939800835673,320.19879601671346,79.23650709434173,2535.5682270189354,1,FIRE,False,,
98287,double_dqn,dueling,453,3.0,229,0.0,0.0,0.05,,,,,,,,,,10000,10000,1.0,320.1941822648805,320.1941822648805,24323,True,197,98000,0.0,0.0,1,FIRE,greedy,14644,24873,27364,31407,9260,89028,0.09421292528080742,0,49144,2,2,320.1941822648805,160.09709113244026,2,2,160.09709113244026,320.1941822648805,160.09709113244026,320.1941822648805,79.23737480901727,2535.5959938885526,1,FIRE,False,,
98595,double_dqn,dueling,453,,,1.0,1.0,0.05,0.005092774983495474,1.300837516784668,2.537323474884033,0.4635697603225708,1.2901564836502075,2.520430326461792,0.0686097964644432,0.3818929195404053,0.2920325994491577,10000,10000,1.0,320.1552071503728,320.1552071503728,24400,True,198,98500,0.0,0.0,3,LEFT,greedy,14686,24920,27451,31539,9271,89325,0.09403018378027506,0,49298,2,2,320.1552071503728,160.0776035751864,2,2,160.0776035751864,320.1552071503728,160.0776035751864,320.1552071503728,79.23026344343681,2535.368430189978,3,LEFT,False,,
98596,double_dqn,dueling,453,,,3.0,3.0,0.05,0.005092774983495474,1.300837516784668,2.537323474884033,0.4635697603225708,1.2901564836502075,2.520430326461792,0.0686097964644432,0.3818929195404053,0.2920325994491577,10000,10000,1.0,320.15512159214154,320.15512159214154,24400,True,198,98500,0.0,0.0,3,LEFT,greedy,14686,24920,27451,31539,9271,89325,0.09403018378027506,1,49298,2,2,320.15512159214154,160.07756079607077,2,2,160.07756079607077,320.15512159214154,160.07756079607077,320.15512159214154,79.23024226995267,2535.3677526384854,3,LEFT,False,,
98625,double_dqn,dueling,454,1.0,169,0.0,0.0,0.05,,,,,,,,,,10000,10000,1.0,320.157840016063,320.157840016063,24407,False,198,98500,0.0,0.0,1,FIRE,greedy,14688,24929,27455,31554,9275,89351,0.09404213898971873,0,49313,2,2,320.157840016063,160.0789200080315,2,2,160.0789200080315,320.157840016063,160.0789200080315,320.157840016063,79.22953786295753,2535.345211614641,1,FIRE,False,,
98732,double_dqn,dueling,455,3.0,245,0.0,0.0,0.05,,,,,,,,,,10000,10000,1.0,320.16543630244144,320.16543630244144,24434,True,198,98500,0.0,0.0,3,LEFT,greedy,14695,24944,27478,31615,9279,89453,0.09398168780132074,1,49366,2,2,320.16543630244144,160.08271815122072,2,2,160.08271815122072,320.16543630244144,160.08271815122072,320.16543630244144,79.23390866804941,2535.485077377581,3,LEFT,False,,
98995,double_dqn,dueling,455,,,4.0,4.0,0.05,0.0021762363612651825,1.3982365131378174,2.5847296714782715,0.10368859022855759,1.3958122730255127,2.5530858039855957,0.053222984075546265,0.15401196479797363,0.17192934453487396,10000,10000,1.0,320.06800707335833,320.06800707335833,24500,True,198,98500,0.0,0.0,3,LEFT,greedy,14779,24991,27537,31689,9292,89704,0.09386237827791022,0,49498,2,2,320.06800707335833,160.03400353667917,2,2,160.03400353667917,320.06800707335833,160.03400353667917,320.06800707335833,79.21194970804153,2534.782390657329,3,LEFT,False,,
98996,double_dqn,dueling,455,,,2.0,2.0,0.05,0.0021762363612651825,1.3982365131378174,2.5847296714782715,0.10368859022855759,1.3958122730255127,2.5530858039855957,0.053222984075546265,0.15401196479797363,0.17192934453487396,10000,10000,1.0,320.0679309104042,320.0679309104042,24500,True,198,98500,0.0,0.0,2,RIGHT,greedy,14779,24991,27537,31689,9292,89704,0.09386237827791022,1,49498,2,2,320.0679309104042,160.0339654552021,2,2,160.0339654552021,320.0679309104042,160.0339654552021,320.0679309104042,79.2119308588721,2534.781787483907,2,RIGHT,False,,
99347,double_dqn,dueling,456,7.0,361,0.0,0.0,0.05,,,,,,,,,,10000,10000,1.0,319.95951605851945,319.95951605851945,24588,True,199,99000,0.0,0.0,0,NOOP,greedy,14907,25051,27616,31774,9312,90036,0.093731126947699,0,49674,2,2,319.95951605851945,159.97975802925973,2,2,159.97975802925973,319.95951605851945,159.97975802925973,319.95951605851945,79.18795125062283,2534.0144400199306,0,NOOP,False,,
99395,double_dqn,dueling,456,,,0.0,0.0,0.05,0.005897818133234978,1.3584365844726562,2.377807140350342,0.2872812747955322,1.4074459075927734,2.353187322616577,0.07002250850200653,0.4095510244369507,0.44563108682632446,10000,10000,1.0,319.95154082893816,319.95154082893816,24600,True,199,99000,0.0,0.0,2,RIGHT,greedy,14912,25059,27640,31785,9317,90079,0.0937361664453298,0,49698,2,2,319.95154082893816,159.97577041446908,2,2,159.97577041446908,319.95154082893816,159.97577041446908,319.95154082893816,79.186364686626,2533.963669972032,2,RIGHT,False,,
99396,double_dqn,dueling,456,,,5.0,5.0,0.05,0.005897818133234978,1.3584365844726562,2.377807140350342,0.2872812747955322,1.4074459075927734,2.353187322616577,0.07002250850200653,0.4095510244369507,0.44563108682632446,10000,10000,1.0,319.9514084855593,319.9514084855593,24600,True,199,99000,0.0,0.0,2,RIGHT,greedy,14912,25059,27640,31785,9317,90079,0.0937361664453298,1,49698,2,2,319.9514084855593,159.97570424277964,2,2,159.97570424277964,319.9514084855593,159.97570424277964,319.9514084855593,79.1863319323188,2533.9626218342014,2,RIGHT,False,,
99514,double_dqn,dueling,457,6.0,391,0.0,0.0,0.05,,,,,,,,,,10000,10000,1.0,319.9276189562275,319.9276189562275,24629,False,200,99500,0.0,0.0,0,NOOP,greedy,14929,25071,27695,31819,9322,90192,0.09367526177221296,1,49757,2,2,319.9276189562275,159.96380947811375,2,2,159.96380947811375,319.9276189562275,159.96380947811375,319.9276189562275,79.17978703773265,2533.753185207445,0,NOOP,False,,
99795,double_dqn,dueling,457,,,2.0,2.0,0.05,0.003393396269530058,1.471083641052246,2.6322176456451416,0.010852141305804253,1.480002760887146,2.392578363418579,0.057663965970277786,0.24304699897766113,0.30490443110466003,10000,10000,1.0,319.91702699477014,319.91702699477014,24700,True,200,99500,0.0,0.0,3,LEFT,greedy,15018,25107,27758,31913,9331,90465,0.09350074151268588,0,49898,2,2,319.91702699477014,159.95851349738507,2,2,159.95851349738507,319.91702699477014,159.95851349738507,319.91702699477014,79.18103497906552,2533.7931193300965,3,LEFT,False,,
99796,double_dqn,dueling,457,,,2.0,2.0,0.05,0.003393396269530058,1.471083641052246,2.6322176456451416,0.010852141305804253,1.480002760887146,2.392578363418579,0.057663965970277786,0.24304699897766113,0.30490443110466003,10000,10000,1.0,319.916950282944,319.916950282944,24700,True,200,99500,0.0,0.0,1,FIRE,greedy,15018,25107,27758,31913,9331,90465,0.09350074151268588,1,49898,2,2,319.916950282944,159.958475141472,2,2,159.958475141472,319.916950282944,159.958475141472,319.916950282944,79.18101599251189,2533.7925117603804,1,FIRE,False,,
99999,double_dqn,dueling,457,,,8.0,5.0,0.05,0.0019734115339815617,1.3193304538726807,2.2544827461242676,0.42280229926109314,1.3625164031982422,2.2362260818481445,0.04136812686920166,0.18716490268707275,0.25153154134750366,10000,10000,1.0,318.9601130727661,318.9601130727661,24751,True,201,100000,0.0,0.0,3,LEFT,greedy,15074,25122,27800,32004,9341,90659,0.09341,0,50000,2,2,318.9601130727661,159.48005653638305,2,2,159.48005653638305,318.9601130727661,159.48005653638305,318.9601130727661,78.94581758664033,2526.2661627724906,3,LEFT,False,,
100000,double_dqn,dueling,457,,,4.0,4.0,0.05,0.0019734115339815617,1.3193304538726807,2.2544827461242676,0.42280229926109314,1.3625164031982422,2.2362260818481445,0.04136812686920166,0.18716490268707275,0.25153154134750366,10000,10000,1.0,318.9600301582722,318.9600301582722,24751,True,201,100000,0.0,0.0,0,NOOP,greedy,15074,25122,27800,32004,9341,90659,0.09341,1,50000,2,2,318.9600301582722,159.4800150791361,2,2,159.4800150791361,318.9600301582722,159.4800150791361,318.9600301582722,78.94579706447395,2526.2655060631664,0,NOOP,False,,
