global_step,algorithm,episode,raw_episode_return,episode_length,current_raw_episode_return,current_training_episode_return,epsilon,loss,q_mean,q_max,q_min,target_mean,target_max,td_error_mean_abs,td_error_max_abs,gradient_norm,replay_size,replay_capacity,replay_occupancy,steps_per_second,sps,optimizer_updates,optimizer_updated,target_sync_count,last_target_sync_step,raw_reward,training_reward,action,action_name,action_source,noop_count,fire_count,right_count,left_count,random_decision_count,greedy_decision_count,random_decision_ratio,environment_index,vector_iteration,num_envs,transition_batch_size,environment_transitions_per_second,vector_iterations_per_second,action_inference_batch_size,replay_insert_batch_size,action_inference_batches_per_second,replay_insertion_calls_per_second,requested_action,requested_action_name,action_overridden,fire_reset_reason,fire_reset_auto_count
250,dqn,1,0.0,125,0.0,0.0,0.878835,,,,,,,,,,250,10000,0.025,348.77193214547987,348.77193214547987,0,False,1,0,0.0,0.0,0,NOOP,random,74,54,62,60,237,13,0.948,1,125,2,2,348.77193214547987,174.38596607273993,2,2,,,0,NOOP,False,,
433,dqn,2,2.0,217,0.0,0.0,0.86328,,,,,,,,,,434,10000,0.0434,447.36825821499804,447.36825821499804,0,False,1,0,0.0,0.0,1,FIRE,random,129,102,100,103,399,35,0.9193548387096774,0,217,2,2,447.36825821499804,223.68412910749902,2,2,,,1,FIRE,False,,
656,dqn,3,2.0,203,0.0,0.0,0.844325,,,,,,,,,,656,10000,0.0656,519.2896308033589,519.2896308033589,0,False,2,500,0.0,0.0,2,RIGHT,random,203,159,154,140,590,66,0.899390243902439,1,328,2,2,519.2896308033589,259.64481540167947,2,2,,,2,RIGHT,False,,
681,dqn,4,0.0,124,0.0,0.0,0.8422000000000001,,,,,,,,,,682,10000,0.0682,523.443515343402,523.443515343402,0,False,2,500,0.0,0.0,0,NOOP,random,213,166,158,145,613,69,0.8988269794721407,0,341,2,2,523.443515343402,261.721757671701,2,2,,,0,NOOP,False,,
904,dqn,5,0.0,124,0.0,0.0,0.823245,,,,,,,,,,904,10000,0.0904,566.3294938774844,566.3294938774844,0,False,2,500,0.0,0.0,0,NOOP,greedy,295,225,199,185,798,106,0.8827433628318584,1,452,2,2,566.3294938774844,283.1647469387422,2,2,,,0,NOOP,False,,
1021,dqn,6,1.0,170,0.0,0.0,0.8133,,,,,,,,,,1022,10000,0.1022,493.55309548733555,493.55309548733555,6,False,3,1000,0.0,0.0,3,LEFT,greedy,336,249,223,214,890,132,0.8708414872798435,0,511,2,2,493.55309548733555,246.77654774366778,2,2,,,3,LEFT,False,,
1323,dqn,7,1.0,151,0.0,0.0,0.78763,,,,,,,,,,1324,10000,0.1324,480.8058945796223,480.8058945796223,82,True,3,1000,0.0,0.0,0,NOOP,random,398,323,301,302,1134,190,0.8564954682779456,0,662,2,2,480.8058945796223,240.40294728981115,2,2,,,0,NOOP,False,,
1395,dqn,7,,,0.0,0.0,0.78151,5.1450599130475894e-05,0.03404110670089722,0.0553499273955822,0.024080362170934677,0.02596535161137581,0.02751096896827221,0.005608605686575174,0.028554871678352356,0.0037111486308276653,1396,10000,0.1396,478.1804807941397,478.1804807941397,100,True,3,1000,0.0,0.0,2,RIGHT,greedy,411,345,318,322,1195,201,0.8560171919770774,0,698,2,2,478.1804807941397,239.09024039706986,2,2,,,2,RIGHT,False,,
1396,dqn,7,,,3.0,3.0,0.781425,5.1450599130475894e-05,0.03404110670089722,0.0553499273955822,0.024080362170934677,0.02596535161137581,0.02751096896827221,0.005608605686575174,0.028554871678352356,0.0037111486308276653,1396,10000,0.1396,478.170391289535,478.170391289535,100,True,3,1000,0.0,0.0,1,FIRE,random,411,345,318,322,1195,201,0.8560171919770774,1,698,2,2,478.170391289535,239.0851956447675,2,2,,,1,FIRE,False,,
1536,dqn,8,4.0,316,0.0,0.0,0.769525,,,,,,,,,,1536,10000,0.1536,469.7676387242421,469.7676387242421,135,True,4,1500,0.0,0.0,3,LEFT,random,453,382,350,351,1298,238,0.8450520833333334,1,768,2,2,469.7676387242421,234.88381936212105,2,2,,,3,LEFT,False,,
1727,dqn,9,2.0,202,0.0,0.0,0.75329,,,,,,,,,,1728,10000,0.1728,459.8769839670455,459.8769839670455,183,True,4,1500,0.0,0.0,1,FIRE,random,493,432,408,395,1446,282,0.8368055555555556,0,864,2,2,459.8769839670455,229.93849198352274,2,2,,,1,FIRE,False,,
1795,dqn,9,,,0.0,0.0,0.74751,7.973938045324758e-05,0.05089520663022995,0.05796417221426964,0.04016735032200813,0.04141867160797119,0.04163658618927002,0.011614339426159859,0.01645827293395996,0.010014673694968224,1796,10000,0.1796,457.39231421786536,457.39231421786536,200,True,4,1500,0.0,0.0,2,RIGHT,random,508,446,434,408,1502,294,0.8363028953229399,0,898,2,2,457.39231421786536,228.69615710893268,2,2,,,2,RIGHT,False,,
1796,dqn,9,,,1.0,1.0,0.747425,7.973938045324758e-05,0.05089520663022995,0.05796417221426964,0.04016735032200813,0.04141867160797119,0.04163658618927002,0.011614339426159859,0.01645827293395996,0.010014673694968224,1796,10000,0.1796,457.38577947275076,457.38577947275076,200,True,4,1500,0.0,0.0,3,LEFT,random,508,446,434,408,1502,294,0.8363028953229399,1,898,2,2,457.38577947275076,228.69288973637538,2,2,,,3,LEFT,False,,
1970,dqn,10,2.0,217,0.0,0.0,0.732635,,,,,,,,,,1970,10000,0.197,452.8745418415934,452.8745418415934,243,False,4,1500,0.0,0.0,0,NOOP,greedy,568,491,469,442,1626,344,0.8253807106598985,1,985,2,2,452.8745418415934,226.4372709207967,2,2,,,0,NOOP,False,,
2123,dqn,11,2.0,198,0.0,0.0,0.71963,,,,,,,,,,2124,10000,0.2124,448.0576038256855,448.0576038256855,282,True,5,2000,0.0,0.0,2,RIGHT,greedy,594,535,519,476,1743,381,0.8206214689265536,0,1062,2,2,448.0576038256855,224.02880191284274,2,2,,,2,RIGHT,False,,
2195,dqn,11,,,1.0,1.0,0.71351,0.00010687467874959111,0.0617084763944149,0.07273899018764496,0.051587626338005066,0.0496625080704689,0.04995931312441826,0.012526901438832283,0.023015081882476807,0.0112304100766778,2196,10000,0.2196,446.14837729253645,446.14837729253645,300,True,5,2000,0.0,0.0,3,LEFT,random,617,553,538,488,1794,402,0.8169398907103825,0,1098,2,2,446.14837729253645,223.07418864626823,2,2,,,3,LEFT,False,,
2196,dqn,11,,,0.0,0.0,0.713425,0.00010687467874959111,0.0617084763944149,0.07273899018764496,0.051587626338005066,0.0496625080704689,0.04995931312441826,0.012526901438832283,0.023015081882476807,0.0112304100766778,2196,10000,0.2196,446.14277572783703,446.14277572783703,300,True,5,2000,0.0,0.0,2,RIGHT,random,617,553,538,488,1794,402,0.8169398907103825,1,1098,2,2,446.14277572783703,223.07138786391852,2,2,,,2,RIGHT,False,,
2218,dqn,12,0.0,124,0.0,0.0,0.711555,,,,,,,,,,2218,10000,0.2218,445.23316868680456,445.23316868680456,305,False,5,2000,0.0,0.0,1,FIRE,random,621,559,547,491,1809,409,0.8155996393146979,1,1109,2,2,445.23316868680456,222.61658434340228,2,2,,,1,FIRE,False,,
2595,dqn,12,,,3.0,3.0,0.6795100000000001,0.00013668056635651737,0.07757402211427689,0.09194573014974594,0.07100649178028107,0.07146424055099487,0.07411113381385803,0.008995864540338516,0.07573626935482025,0.008602611720561981,2596,10000,0.2596,435.8087679726064,435.8087679726064,400,True,6,2500,0.0,0.0,0,NOOP,greedy,745,638,643,570,2069,527,0.7969953775038521,0,1298,2,2,435.8087679726064,217.9043839863032,2,2,,,0,NOOP,False,,
2596,dqn,12,,,2.0,2.0,0.6794250000000001,0.00013668056635651737,0.07757402211427689,0.09194573014974594,0.07100649178028107,0.07146424055099487,0.07411113381385803,0.008995864540338516,0.07573626935482025,0.008602611720561981,2596,10000,0.2596,435.80473678008576,435.80473678008576,400,True,6,2500,0.0,0.0,0,NOOP,greedy,745,638,643,570,2069,527,0.7969953775038521,1,1298,2,2,435.80473678008576,217.90236839004288,2,2,,,0,NOOP,False,,
2618,dqn,13,2.0,200,0.0,0.0,0.677555,,,,,,,,,,2618,10000,0.2618,435.163295265878,435.163295265878,405,False,6,2500,0.0,0.0,0,NOOP,greedy,754,642,648,574,2085,533,0.7964094728800611,1,1309,2,2,435.163295265878,217.581647632939,2,2,,,0,NOOP,False,,
2775,dqn,14,5.0,326,0.0,0.0,0.6642100000000001,,,,,,,,,,2776,10000,0.2776,432.509414325227,432.509414325227,445,True,6,2500,0.0,0.0,0,NOOP,greedy,806,666,691,613,2182,594,0.7860230547550432,0,1388,2,2,432.509414325227,216.2547071626135,2,2,,,0,NOOP,False,,
2868,dqn,15,0.0,125,0.0,0.0,0.656305,,,,,,,,,,2868,10000,0.2868,430.2606258667916,430.2606258667916,468,True,6,2500,0.0,0.0,3,LEFT,random,844,685,712,627,2244,624,0.7824267782426778,1,1434,2,2,430.2606258667916,215.1303129333958,2,2,,,3,LEFT,False,,
2995,dqn,15,,,0.0,0.0,0.64551,0.0001401615736540407,0.08923004567623138,0.09880563616752625,0.08009284734725952,0.07377707958221436,0.07412131130695343,0.015006504952907562,0.0255734845995903,0.015333014540374279,2996,10000,0.2996,425.11953577888545,425.11953577888545,500,True,6,2500,0.0,0.0,2,RIGHT,random,882,726,745,643,2328,668,0.7770360480640854,0,1498,2,2,425.11953577888545,212.55976788944272,2,2,,,2,RIGHT,False,,
2996,dqn,15,,,0.0,0.0,0.645425,0.0001401615736540407,0.08923004567623138,0.09880563616752625,0.08009284734725952,0.07377707958221436,0.07412131130695343,0.015006504952907562,0.0255734845995903,0.015333014540374279,2996,10000,0.2996,425.1125505353179,425.1125505353179,500,True,6,2500,0.0,0.0,1,FIRE,greedy,882,726,745,643,2328,668,0.7770360480640854,1,1498,2,2,425.1125505353179,212.55627526765895,2,2,,,1,FIRE,False,,
3025,dqn,16,0.0,125,0.0,0.0,0.64296,,,,,,,,,,3026,10000,0.3026,423.88728990745597,423.88728990745597,507,False,7,3000,0.0,0.0,1,FIRE,greedy,884,742,751,649,2347,679,0.7756113681427628,0,1513,2,2,423.88728990745597,211.94364495372798,2,2,,,1,FIRE,False,,
3114,dqn,17,0.0,123,0.0,0.0,0.6353949999999999,,,,,,,,,,3114,10000,0.3114,422.76725195663835,422.76725195663835,529,False,7,3000,0.0,0.0,0,NOOP,greedy,920,772,763,659,2397,717,0.7697495183044316,1,1557,2,2,422.76725195663835,211.38362597831917,2,2,,,0,NOOP,False,,
3362,dqn,18,0.0,124,0.0,0.0,0.6143149999999999,,,,,,,,,,3362,10000,0.3362,422.0026031871082,422.0026031871082,591,False,7,3000,0.0,0.0,0,NOOP,random,1008,820,839,695,2550,812,0.7584770969660916,1,1681,2,2,422.0026031871082,211.0013015935541,2,2,,,0,NOOP,False,,
3395,dqn,18,,,2.0,2.0,0.61151,0.01593644917011261,0.10362040996551514,0.11956783384084702,0.09767359495162964,0.12948092818260193,1.1012473106384277,0.040869660675525665,1.0020191669464111,0.049318283796310425,3396,10000,0.3396,421.4567189738955,421.4567189738955,600,True,7,3000,0.0,0.0,3,LEFT,random,1020,827,842,707,2574,822,0.7579505300353356,0,1698,2,2,421.4567189738955,210.72835948694774,2,2,,,3,LEFT,False,,
3396,dqn,18,,,0.0,0.0,0.611425,0.01593644917011261,0.10362040996551514,0.11956783384084702,0.09767359495162964,0.12948092818260193,1.1012473106384277,0.040869660675525665,1.0020191669464111,0.049318283796310425,3396,10000,0.3396,421.4536853413855,421.4536853413855,600,True,7,3000,0.0,0.0,1,FIRE,random,1020,827,842,707,2574,822,0.7579505300353356,1,1698,2,2,421.4536853413855,210.72684267069275,2,2,,,1,FIRE,False,,
3521,dqn,19,3.0,248,0.0,0.0,0.6008,,,,,,,,,,3522,10000,0.3522,420.8903939784226,420.8903939784226,631,False,8,3500,0.0,0.0,1,FIRE,random,1046,856,879,741,2661,861,0.7555366269165247,0,1761,2,2,420.8903939784226,210.4451969892113,2,2,,,1,FIRE,False,,
3610,dqn,20,0.0,124,0.0,0.0,0.593235,,,,,,,,,,3610,10000,0.361,420.15783688793795,420.15783688793795,653,False,8,3500,0.0,0.0,2,RIGHT,greedy,1058,893,900,759,2719,891,0.753185595567867,1,1805,2,2,420.15783688793795,210.07891844396897,2,2,,,2,RIGHT,False,,
3767,dqn,21,0.0,123,0.0,0.0,0.57989,,,,,,,,,,3768,10000,0.3768,420.16485314678204,420.16485314678204,693,True,8,3500,0.0,0.0,2,RIGHT,greedy,1098,940,950,780,2813,955,0.7465498938428875,0,1884,2,2,420.16485314678204,210.08242657339102,2,2,,,2,RIGHT,False,,
3795,dqn,21,,,0.0,0.0,0.57751,0.015609759837388992,0.13005007803440094,0.14165979623794556,0.11924061924219131,0.14873382449150085,1.1171085834503174,0.04380511865019798,0.9955876469612122,0.049197521060705185,3796,10000,0.3796,420.31196781108264,420.31196781108264,700,True,8,3500,0.0,0.0,3,LEFT,random,1101,944,967,784,2829,967,0.7452581664910432,0,1898,2,2,420.31196781108264,210.15598390554132,2,2,,,3,LEFT,False,,
3796,dqn,21,,,1.0,1.0,0.5774250000000001,0.015609759837388992,0.13005007803440094,0.14165979623794556,0.11924061924219131,0.14873382449150085,1.1171085834503174,0.04380511865019798,0.9955876469612122,0.049197521060705185,3796,10000,0.3796,420.3093942152495,420.3093942152495,700,True,8,3500,0.0,0.0,2,RIGHT,greedy,1101,944,967,784,2829,967,0.7452581664910432,1,1898,2,2,420.3093942152495,210.15469710762474,2,2,,,2,RIGHT,False,,
4015,dqn,22,0.0,124,0.0,0.0,0.55881,,,,,,,,,,4016,10000,0.4016,419.7377539926619,419.7377539926619,755,True,9,4000,0.0,0.0,1,FIRE,greedy,1193,984,1029,810,2954,1062,0.7355577689243028,0,2008,2,2,419.7377539926619,209.86887699633095,2,2,,,1,FIRE,False,,
4106,dqn,23,3.0,248,0.0,0.0,0.551075,,,,,,,,,,4106,10000,0.4106,419.76359886765755,419.76359886765755,777,False,9,4000,0.0,0.0,1,FIRE,random,1226,1013,1047,820,3013,1093,0.7338041889917194,1,2053,2,2,419.76359886765755,209.88179943382877,2,2,,,1,FIRE,False,,
4195,dqn,23,,,0.0,0.0,0.54351,7.906694372650236e-05,0.1370490938425064,0.14271652698516846,0.1319807916879654,0.12437129020690918,0.1273406445980072,0.012302538380026817,0.019728876650333405,0.014255166053771973,4196,10000,0.4196,419.9410046946904,419.9410046946904,800,True,9,4000,0.0,0.0,0,NOOP,random,1241,1032,1057,866,3058,1138,0.728789323164919,0,2098,2,2,419.9410046946904,209.9705023473452,2,2,,,0,NOOP,False,,
4196,dqn,23,,,0.0,0.0,0.543425,7.906694372650236e-05,0.1370490938425064,0.14271652698516846,0.1319807916879654,0.12437129020690918,0.1273406445980072,0.012302538380026817,0.019728876650333405,0.014255166053771973,4196,10000,0.4196,419.938508233311,419.938508233311,800,True,9,4000,0.0,0.0,3,LEFT,greedy,1241,1032,1057,866,3058,1138,0.728789323164919,1,2098,2,2,419.938508233311,209.9692541166555,2,2,,,3,LEFT,False,,
4265,dqn,24,0.0,125,0.0,0.0,0.53756,,,,,,,,,,4266,10000,0.4266,419.9970541132015,419.9970541132015,817,False,9,4000,0.0,0.0,2,RIGHT,random,1251,1072,1069,874,3095,1171,0.7255039849976559,0,2133,2,2,419.9970541132015,209.99852705660075,2,2,,,2,RIGHT,False,,
4354,dqn,25,0.0,124,0.0,0.0,0.529995,,,,,,,,,,4354,10000,0.4354,420.14948135133665,420.14948135133665,839,False,9,4000,0.0,0.0,1,FIRE,random,1296,1086,1082,890,3145,1209,0.7223242994947175,1,2177,2,2,420.14948135133665,210.07474067566832,2,2,,,1,FIRE,False,,
4571,dqn,26,1.0,153,0.0,0.0,0.51155,,,,,,,,,,4572,10000,0.4572,420.65859512638525,420.65859512638525,894,True,10,4500,0.0,0.0,0,NOOP,greedy,1383,1168,1114,907,3261,1311,0.713254593175853,0,2286,2,2,420.65859512638525,210.32929756319263,2,2,,,0,NOOP,False,,
4595,dqn,26,,,0.0,0.0,0.5095100000000001,0.015294067561626434,0.14829930663108826,0.16362042725086212,0.14259007573127747,0.18062198162078857,1.1521599292755127,0.03718617931008339,0.9885395169258118,0.04829808697104454,4596,10000,0.4596,420.74425538633903,420.74425538633903,900,True,10,4500,0.0,0.0,3,LEFT,random,1394,1175,1118,909,3276,1320,0.7127937336814621,0,2298,2,2,420.74425538633903,210.37212769316952,2,2,,,3,LEFT,False,,
4596,dqn,26,,,2.0,2.0,0.509425,0.015294067561626434,0.14829930663108826,0.16362042725086212,0.14259007573127747,0.18062198162078857,1.1521599292755127,0.03718617931008339,0.9885395169258118,0.04829808697104454,4596,10000,0.4596,420.74217161472035,420.74217161472035,900,True,10,4500,0.0,0.0,1,FIRE,random,1394,1175,1118,909,3276,1320,0.7127937336814621,1,2298,2,2,420.74217161472035,210.37108580736017,2,2,,,1,FIRE,False,,
4821,dqn,27,0.0,125,0.0,0.0,0.49030000000000007,,,,,,,,,,4822,10000,0.4822,421.2401109631503,421.2401109631503,956,False,10,4500,0.0,0.0,3,LEFT,greedy,1430,1233,1211,948,3396,1426,0.7042720862712567,0,2411,2,2,421.2401109631503,210.62005548157515,2,2,,,3,LEFT,False,,
4995,dqn,27,,,1.0,1.0,0.47551000000000004,3.366762393852696e-05,0.15481719374656677,0.1643601953983307,0.14183682203292847,0.15022775530815125,0.15440671145915985,0.007681648712605238,0.011857569217681885,0.006884241942316294,4996,10000,0.4996,421.1025406869142,421.1025406869142,1000,True,10,4500,0.0,0.0,0,NOOP,greedy,1456,1259,1293,988,3481,1515,0.6967574059247398,0,2498,2,2,421.1025406869142,210.5512703434571,2,2,,,0,NOOP,False,,
4996,dqn,27,,,5.0,5.0,0.47542500000000004,3.366762393852696e-05,0.15481719374656677,0.1643601953983307,0.14183682203292847,0.15022775530815125,0.15440671145915985,0.007681648712605238,0.011857569217681885,0.006884241942316294,4996,10000,0.4996,421.10012711607453,421.10012711607453,1000,True,10,4500,0.0,0.0,0,NOOP,greedy,1456,1259,1293,988,3481,1515,0.6967574059247398,1,2498,2,2,421.10012711607453,210.55006355803727,2,2,,,0,NOOP,False,,
5086,dqn,28,5.0,366,0.0,0.0,0.46777500000000005,,,,,,,,,,5086,10000,0.5086,421.4930738230771,421.4930738230771,1022,False,11,5000,0.0,0.0,0,NOOP,greedy,1509,1268,1304,1005,3523,1563,0.6926858041683052,1,2543,2,2,421.4930738230771,210.74653691153856,2,2,,,0,NOOP,False,,
5336,dqn,29,0.0,125,0.0,0.0,0.44652500000000006,,,,,,,,,,5336,10000,0.5336,421.6836330704909,421.6836330704909,1085,True,11,5000,0.0,0.0,0,NOOP,greedy,1570,1312,1419,1035,3639,1697,0.6819715142428786,1,2668,2,2,421.6836330704909,210.84181653524544,2,2,,,0,NOOP,False,,
5337,dqn,30,4.0,258,0.0,0.0,0.44644000000000006,,,,,,,,,,5338,10000,0.5338,421.5724115461556,421.5724115461556,1085,False,11,5000,0.0,0.0,0,NOOP,greedy,1571,1313,1419,1035,3639,1699,0.6817159985013114,0,2669,2,2,421.5724115461556,210.7862057730778,2,2,,,0,NOOP,False,,
5395,dqn,30,,,0.0,0.0,0.44151000000000007,5.4339878261089325e-05,0.1600363403558731,0.182022824883461,0.14576001465320587,0.1626429557800293,0.16557016968727112,0.009364348836243153,0.016579970717430115,0.008745769038796425,5396,10000,0.5396,421.0628102891466,421.0628102891466,1100,True,11,5000,0.0,0.0,0,NOOP,greedy,1602,1323,1424,1047,3664,1732,0.6790214974054856,0,2698,2,2,421.0628102891466,210.5314051445733,2,2,,,0,NOOP,False,,
5396,dqn,30,,,0.0,0.0,0.44142500000000007,5.4339878261089325e-05,0.1600363403558731,0.182022824883461,0.14576001465320587,0.1626429557800293,0.16557016968727112,0.009364348836243153,0.016579970717430115,0.008745769038796425,5396,10000,0.5396,421.0605201947965,421.0605201947965,1100,True,11,5000,0.0,0.0,1,FIRE,random,1602,1323,1424,1047,3664,1732,0.6790214974054856,1,2698,2,2,421.0605201947965,210.53026009739824,2,2,,,1,FIRE,False,,
5586,dqn,31,0.0,125,0.0,0.0,0.425275,,,,,,,,,,5586,10000,0.5586,419.57251554290895,419.57251554290895,1147,False,12,5500,0.0,0.0,2,RIGHT,greedy,1642,1359,1471,1114,3742,1844,0.6698890082348729,1,2793,2,2,419.57251554290895,209.78625777145447,2,2,,,2,RIGHT,False,,
5739,dqn,32,2.0,201,0.0,0.0,0.4122700000000001,,,,,,,,,,5740,10000,0.574,418.27412241425077,418.27412241425077,1186,True,12,5500,0.0,0.0,2,RIGHT,greedy,1689,1413,1509,1129,3810,1930,0.6637630662020906,0,2870,2,2,418.27412241425077,209.13706120712538,2,2,,,2,RIGHT,False,,
5795,dqn,32,,,0.0,0.0,0.40751000000000004,0.00018364647985436022,0.19242426753044128,0.20964019000530243,0.17473864555358887,0.17743808031082153,0.17927038669586182,0.015782976523041725,0.03302527964115143,0.02587265521287918,5796,10000,0.5796,418.3497919588149,418.3497919588149,1200,True,12,5500,0.0,0.0,2,RIGHT,greedy,1694,1423,1547,1132,3833,1963,0.6613181504485852,0,2898,2,2,418.3497919588149,209.17489597940744,2,2,,,2,RIGHT,False,,
5796,dqn,32,,,0.0,0.0,0.40742500000000004,0.00018364647985436022,0.19242426753044128,0.20964019000530243,0.17473864555358887,0.17743808031082153,0.17927038669586182,0.015782976523041725,0.03302527964115143,0.02587265521287918,5796,10000,0.5796,418.3481130641222,418.3481130641222,1200,True,12,5500,0.0,0.0,2,RIGHT,random,1694,1423,1547,1132,3833,1963,0.6613181504485852,1,2898,2,2,418.3481130641222,209.1740565320611,2,2,,,2,RIGHT,False,,
5836,dqn,33,0.0,125,0.0,0.0,0.404025,,,,,,,,,,5836,10000,0.5836,418.3081162694438,418.3081162694438,1210,True,12,5500,0.0,0.0,2,RIGHT,greedy,1697,1425,1578,1136,3850,1986,0.659698423577793,1,2918,2,2,418.3081162694438,209.1540581347219,2,2,,,2,RIGHT,False,,
5989,dqn,34,0.0,125,0.0,0.0,0.39102000000000003,,,,,,,,,,5990,10000,0.599,418.6783585136888,418.6783585136888,1248,False,12,5500,0.0,0.0,3,LEFT,greedy,1705,1450,1649,1186,3908,2082,0.6524207011686144,0,2995,2,2,418.6783585136888,209.3391792568444,2,2,,,3,LEFT,False,,
6195,dqn,34,,,0.0,0.0,0.3735100000000001,7.50637445889879e-06,0.1805933713912964,0.19403952360153198,0.17022667825222015,0.17977865040302277,0.18801215291023254,0.0033635194413363934,0.00677219033241272,0.002858654595911503,6196,10000,0.6196,418.68684816205763,418.68684816205763,1300,True,13,6000,0.0,0.0,3,LEFT,random,1738,1494,1756,1208,3984,2212,0.6429954809554551,0,3098,2,2,418.68684816205763,209.34342408102881,2,2,,,3,LEFT,False,,
6196,dqn,34,,,2.0,2.0,0.373425,7.50637445889879e-06,0.1805933713912964,0.19403952360153198,0.17022667825222015,0.17977865040302277,0.18801215291023254,0.0033635194413363934,0.00677219033241272,0.002858654595911503,6196,10000,0.6196,418.6850997092093,418.6850997092093,1300,True,13,6000,0.0,0.0,2,RIGHT,greedy,1738,1494,1756,1208,3984,2212,0.6429954809554551,1,3098,2,2,418.6850997092093,209.34254985460464,2,2,,,2,RIGHT,False,,
6239,dqn,35,0.0,125,0.0,0.0,0.36977000000000004,,,,,,,,,,6240,10000,0.624,418.4428919194307,418.4428919194307,1311,True,13,6000,0.0,0.0,2,RIGHT,greedy,1743,1498,1780,1219,3995,2245,0.6402243589743589,0,3120,2,2,418.4428919194307,209.22144595971534,2,2,,,2,RIGHT,False,,
6372,dqn,36,3.0,268,0.0,0.0,0.35846500000000003,,,,,,,,,,6372,10000,0.6372,418.01271363023335,418.01271363023335,1344,True,13,6000,0.0,0.0,1,FIRE,random,1826,1517,1798,1231,4046,2326,0.6349654739485248,1,3186,2,2,418.01271363023335,209.00635681511667,2,2,,,1,FIRE,False,,
6587,dqn,37,1.0,174,0.0,0.0,0.3401900000000001,,,,,,,,,,6588,10000,0.6588,418.7038385811459,418.7038385811459,1398,True,14,6500,0.0,0.0,0,NOOP,greedy,1924,1588,1819,1257,4122,2466,0.6256830601092896,0,3294,2,2,418.7038385811459,209.35191929057294,2,2,,,0,NOOP,False,,
6595,dqn,37,,,0.0,0.0,0.3395100000000001,0.00028280651895329356,0.18902674317359924,0.23503927886486053,0.16220375895500183,0.1820068359375,0.1927669644355774,0.017676424235105515,0.04219499230384827,0.02927616611123085,6596,10000,0.6596,418.6789354228141,418.6789354228141,1400,True,14,6500,0.0,0.0,0,NOOP,greedy,1930,1590,1819,1257,4122,2474,0.6249241964827168,0,3298,2,2,418.6789354228141,209.33946771140705,2,2,,,0,NOOP,False,,
6596,dqn,37,,,1.0,1.0,0.3394250000000001,0.00028280651895329356,0.18902674317359924,0.23503927886486053,0.16220375895500183,0.1820068359375,0.1927669644355774,0.017676424235105515,0.04219499230384827,0.02927616611123085,6596,10000,0.6596,418.6761184350292,418.6761184350292,1400,True,14,6500,0.0,0.0,0,NOOP,greedy,1930,1590,1819,1257,4122,2474,0.6249241964827168,1,3298,2,2,418.6761184350292,209.3380592175146,2,2,,,0,NOOP,False,,
6714,dqn,38,1.0,171,0.0,0.0,0.329395,,,,,,,,,,6714,10000,0.6714,418.1725612402884,418.1725612402884,1429,False,14,6500,0.0,0.0,2,RIGHT,random,2001,1599,1832,1282,4161,2553,0.6197497765862378,1,3357,2,2,418.1725612402884,209.0862806201442,2,2,,,2,RIGHT,False,,
6995,dqn,38,,,2.0,2.0,0.30551000000000006,4.870636621490121e-05,0.18851611018180847,0.2183968871831894,0.17221704125404358,0.18104036152362823,0.19198934733867645,0.007610089145600796,0.026869282126426697,0.012272263877093792,6996,10000,0.6996,417.85590002797306,417.85590002797306,1500,True,14,6500,0.0,0.0,1,FIRE,greedy,2077,1691,1875,1353,4258,2738,0.60863350485992,0,3498,2,2,417.85590002797306,208.92795001398653,2,2,,,1,FIRE,False,,
6996,dqn,38,,,1.0,1.0,0.30542500000000006,4.870636621490121e-05,0.18851611018180847,0.2183968871831894,0.17221704125404358,0.18104036152362823,0.19198934733867645,0.007610089145600796,0.026869282126426697,0.012272263877093792,6996,10000,0.6996,417.8542054078365,417.8542054078365,1500,True,14,6500,0.0,0.0,1,FIRE,greedy,2077,1691,1875,1353,4258,2738,0.60863350485992,1,3498,2,2,417.8542054078365,208.92710270391825,2,2,,,1,FIRE,False,,
7027,dqn,39,2.0,220,0.0,0.0,0.30279,,,,,,,,,,7028,10000,0.7028,417.7879385350787,417.7879385350787,1508,True,15,7000,0.0,0.0,0,NOOP,greedy,2091,1702,1881,1354,4270,2758,0.6075697211155379,0,3514,2,2,417.7879385350787,208.89396926753935,2,2,,,0,NOOP,False,,
7168,dqn,40,3.0,227,0.0,0.0,0.290805,,,,,,,,,,7168,10000,0.7168,416.959218217057,416.959218217057,1543,True,15,7000,0.0,0.0,0,NOOP,greedy,2153,1718,1933,1364,4311,2857,0.6014229910714286,1,3584,2,2,416.959218217057,208.4796091085285,2,2,,,0,NOOP,False,,
7395,dqn,40,,,3.0,3.0,0.27151000000000003,5.25998038938269e-05,0.1906013786792755,0.21311502158641815,0.16822464764118195,0.1956973373889923,0.21476854383945465,0.0087880939245224,0.016632094979286194,0.011014270596206188,7396,10000,0.7396,416.61038211205255,416.61038211205255,1600,True,15,7000,0.0,0.0,2,RIGHT,greedy,2185,1773,2003,1435,4373,3023,0.5912655489453759,0,3698,2,2,416.61038211205255,208.30519105602627,2,2,,,2,RIGHT,False,,
7396,dqn,40,,,1.0,1.0,0.271425,5.25998038938269e-05,0.1906013786792755,0.21311502158641815,0.16822464764118195,0.1956973373889923,0.21476854383945465,0.0087880939245224,0.016632094979286194,0.011014270596206188,7396,10000,0.7396,416.60896938506795,416.60896938506795,1600,True,15,7000,0.0,0.0,0,NOOP,greedy,2185,1773,2003,1435,4373,3023,0.5912655489453759,1,3698,2,2,416.60896938506795,208.30448469253398,2,2,,,0,NOOP,False,,
7625,dqn,41,4.0,299,0.0,0.0,0.2519600000000001,,,,,,,,,,7626,10000,0.7626,416.3541849139403,416.3541849139403,1657,False,16,7500,0.0,0.0,0,NOOP,random,2284,1818,2067,1457,4428,3198,0.5806451612903226,0,3813,2,2,416.3541849139403,208.17709245697014,2,2,,,0,NOOP,False,,
7666,dqn,42,3.0,249,0.0,0.0,0.2484750000000001,,,,,,,,,,7666,10000,0.7666,416.1624171720795,416.1624171720795,1667,False,16,7500,0.0,0.0,3,LEFT,greedy,2285,1821,2070,1490,4437,3229,0.5787894599530394,1,3833,2,2,416.1624171720795,208.08120858603974,2,2,,,3,LEFT,False,,
7795,dqn,42,,,1.0,1.0,0.2375100000000001,2.590381700429134e-05,0.21306107938289642,0.24875536561012268,0.17643463611602783,0.21719835698604584,0.2385290563106537,0.005147335585206747,0.017682909965515137,0.005961820017546415,7796,10000,0.7796,416.0230098925594,416.0230098925594,1700,True,16,7500,0.0,0.0,1,FIRE,random,2316,1895,2080,1505,4465,3331,0.5727296049256029,0,3898,2,2,416.0230098925594,208.0115049462797,2,2,,,1,FIRE,False,,
7796,dqn,42,,,0.0,0.0,0.2374250000000001,2.590381700429134e-05,0.21306107938289642,0.24875536561012268,0.17643463611602783,0.21719835698604584,0.2385290563106537,0.005147335585206747,0.017682909965515137,0.005961820017546415,7796,10000,0.7796,416.02169340444874,416.02169340444874,1700,True,16,7500,0.0,0.0,0,NOOP,greedy,2316,1895,2080,1505,4465,3331,0.5727296049256029,1,3898,2,2,416.02169340444874,208.01084670222437,2,2,,,0,NOOP,False,,
7929,dqn,43,1.0,152,0.0,0.0,0.2261200000000001,,,,,,,,,,7930,10000,0.793,415.7874287440821,415.7874287440821,1733,False,16,7500,0.0,0.0,1,FIRE,greedy,2339,1933,2092,1566,4494,3436,0.5667087011349307,0,3965,2,2,415.7874287440821,207.89371437204105,2,2,,,1,FIRE,False,,
8008,dqn,44,1.0,171,0.0,0.0,0.21940500000000007,,,,,,,,,,8008,10000,0.8008,415.43878644126346,415.43878644126346,1753,True,17,8000,0.0,0.0,1,FIRE,greedy,2352,1960,2097,1599,4511,3497,0.5633116883116883,1,4004,2,2,415.43878644126346,207.71939322063173,2,2,,,1,FIRE,False,,
8195,dqn,44,,,0.0,0.0,0.20351000000000008,0.010243944823741913,0.23492521047592163,0.4055636525154114,0.19494138658046722,0.2541077136993408,1.2120769023895264,0.034961994737386703,0.806513249874115,0.06392022967338562,8196,10000,0.8196,415.10888565446214,415.10888565446214,1800,True,17,8000,0.0,0.0,1,FIRE,greedy,2417,2006,2137,1636,4539,3657,0.5538067349926794,0,4098,2,2,415.10888565446214,207.55444282723107,2,2,,,1,FIRE,False,,
8196,dqn,44,,,1.0,1.0,0.20342500000000008,0.010243944823741913,0.23492521047592163,0.4055636525154114,0.19494138658046722,0.2541077136993408,1.2120769023895264,0.034961994737386703,0.806513249874115,0.06392022967338562,8196,10000,0.8196,415.10763681345566,415.10763681345566,1800,True,17,8000,0.0,0.0,1,FIRE,greedy,2417,2006,2137,1636,4539,3657,0.5538067349926794,1,4098,2,2,415.10763681345566,207.55381840672783,2,2,,,1,FIRE,False,,
8271,dqn,45,1.0,171,0.0,0.0,0.19705000000000006,,,,,,,,,,8272,10000,0.8272,414.8616169926993,414.8616169926993,1819,True,17,8000,0.0,0.0,3,LEFT,greedy,2422,2020,2146,1684,4550,3722,0.5500483558994197,0,4136,2,2,414.8616169926993,207.43080849634964,2,2,,,3,LEFT,False,,
8370,dqn,46,2.0,181,0.0,0.0,0.1886350000000001,,,,,,,,,,8370,10000,0.837,414.70223366189583,414.70223366189583,1843,False,17,8000,0.0,0.0,1,FIRE,random,2466,2032,2172,1700,4576,3794,0.5467144563918758,1,4185,2,2,414.70223366189583,207.35111683094792,2,2,,,1,FIRE,False,,
8517,dqn,47,0.0,123,0.0,0.0,0.17614000000000007,,,,,,,,,,8518,10000,0.8518,413.68846867839017,413.68846867839017,1880,False,18,8500,0.0,0.0,2,RIGHT,random,2503,2097,2179,1739,4602,3916,0.5402676684667762,0,4259,2,2,413.68846867839017,206.84423433919508,2,2,,,2,RIGHT,False,,
8595,dqn,47,,,0.0,0.0,0.16951000000000005,0.00041481215157546103,0.2541202902793884,0.3180813193321228,0.2168601155281067,0.25128740072250366,0.4505520164966583,0.015788830816745758,0.13666728138923645,0.013568013906478882,8596,10000,0.8596,413.4731346469067,413.4731346469067,1900,True,18,8500,0.0,0.0,3,LEFT,greedy,2545,2111,2192,1748,4616,3980,0.5369939506747324,0,4298,2,2,413.4731346469067,206.73656732345336,2,2,,,3,LEFT,False,,
8596,dqn,47,,,0.0,0.0,0.16942500000000005,0.00041481215157546103,0.2541202902793884,0.3180813193321228,0.2168601155281067,0.25128740072250366,0.4505520164966583,0.015788830816745758,0.13666728138923645,0.013568013906478882,8596,10000,0.8596,413.47195328410237,413.47195328410237,1900,True,18,8500,0.0,0.0,3,LEFT,greedy,2545,2111,2192,1748,4616,3980,0.5369939506747324,1,4298,2,2,413.47195328410237,206.73597664205118,2,2,,,3,LEFT,False,,
8616,dqn,48,0.0,123,0.0,0.0,0.167725,,,,,,,,,,8616,10000,0.8616,413.33919658150086,413.33919658150086,1905,True,18,8500,0.0,0.0,3,LEFT,greedy,2545,2113,2193,1765,4620,3996,0.5362116991643454,1,4308,2,2,413.33919658150086,206.66959829075043,2,2,,,3,LEFT,False,,
8879,dqn,49,2.0,181,0.0,0.0,0.14537,,,,,,,,,,8880,10000,0.888,412.6596489212891,412.6596489212891,1971,True,18,8500,0.0,0.0,3,LEFT,greedy,2581,2170,2221,1908,4654,4226,0.5240990990990991,0,4440,2,2,412.6596489212891,206.32982446064455,2,2,,,3,LEFT,False,,
8922,dqn,50,1.0,153,0.0,0.0,0.14171500000000004,,,,,,,,,,8922,10000,0.8922,412.39357032364103,412.39357032364103,1981,False,18,8500,0.0,0.0,3,LEFT,greedy,2585,2173,2223,1941,4659,4263,0.5221923335574983,1,4461,2,2,412.39357032364103,206.19678516182051,2,2,,,3,LEFT,False,,
8995,dqn,50,,,1.0,1.0,0.13551000000000002,0.01640217937529087,0.25580424070358276,0.3280249536037445,0.22222906351089478,0.2686220407485962,1.262521505355835,0.05459477752447128,0.988251805305481,0.05552944168448448,8996,10000,0.8996,412.2466680391864,412.2466680391864,2000,True,18,8500,0.0,0.0,0,NOOP,greedy,2624,2180,2223,1969,4670,4326,0.5191196087149844,0,4498,2,2,412.2466680391864,206.1233340195932,2,2,,,0,NOOP,False,,
8996,dqn,50,,,0.0,0.0,0.13542500000000002,0.01640217937529087,0.25580424070358276,0.3280249536037445,0.22222906351089478,0.2686220407485962,1.262521505355835,0.05459477752447128,0.988251805305481,0.05552944168448448,8996,10000,0.8996,412.24562901397303,412.24562901397303,2000,True,18,8500,0.0,0.0,0,NOOP,random,2624,2180,2223,1969,4670,4326,0.5191196087149844,1,4498,2,2,412.24562901397303,206.12281450698651,2,2,,,0,NOOP,False,,
9183,dqn,51,1.0,152,0.0,0.0,0.11953000000000003,,,,,,,,,,9184,10000,0.9184,411.67668562697247,411.67668562697247,2047,True,19,9000,0.0,0.0,3,LEFT,greedy,2659,2242,2276,2007,4700,4484,0.5117595818815331,0,4592,2,2,411.67668562697247,205.83834281348624,2,2,,,3,LEFT,False,,
9395,dqn,51,,,0.0,0.0,0.10150999999999999,0.014173285104334354,0.2534891366958618,0.4310376048088074,0.20017576217651367,0.2983008027076721,1.297652244567871,0.06176809221506119,0.9008703231811523,0.17301183938980103,9396,10000,0.9396,411.77144835161033,411.77144835161033,2100,True,19,9000,0.0,0.0,2,RIGHT,greedy,2720,2270,2363,2043,4719,4677,0.5022349936143039,0,4698,2,2,411.77144835161033,205.88572417580517,2,2,,,2,RIGHT,False,,
9396,dqn,51,,,3.0,3.0,0.10142499999999999,0.014173285104334354,0.2534891366958618,0.4310376048088074,0.20017576217651367,0.2983008027076721,1.297652244567871,0.06176809221506119,0.9008703231811523,0.17301183938980103,9396,10000,0.9396,411.770242913487,411.770242913487,2100,True,19,9000,0.0,0.0,2,RIGHT,greedy,2720,2270,2363,2043,4719,4677,0.5022349936143039,1,4698,2,2,411.770242913487,205.8851214567435,2,2,,,2,RIGHT,False,,
9416,dqn,52,3.0,247,0.0,0.0,0.09972500000000006,,,,,,,,,,9416,10000,0.9416,411.6761607358157,411.6761607358157,2105,True,19,9000,0.0,0.0,0,NOOP,greedy,2722,2280,2371,2043,4719,4697,0.5011682242990654,1,4708,2,2,411.6761607358157,205.83808036790785,2,2,,,0,NOOP,False,,
9629,dqn,53,2.0,223,0.0,0.0,0.08162000000000003,,,,,,,,,,9630,10000,0.963,411.7230929514079,411.7230929514079,2158,False,20,9500,0.0,0.0,0,NOOP,random,2843,2304,2419,2064,4734,4896,0.491588785046729,0,4815,2,2,411.7230929514079,205.86154647570396,2,2,,,0,NOOP,False,,
9666,dqn,54,0.0,125,0.0,0.0,0.07847500000000007,,,,,,,,,,9666,10000,0.9666,411.66352912471905,411.66352912471905,2167,False,20,9500,0.0,0.0,2,RIGHT,greedy,2843,2307,2448,2068,4737,4929,0.4900682805710739,1,4833,2,2,411.66352912471905,205.83176456235952,2,2,,,2,RIGHT,False,,
9795,dqn,54,,,0.0,0.0,0.06750999999999996,0.016863033175468445,0.32296043634414673,0.6900342702865601,0.25025251507759094,0.34821438789367676,1.4702003002166748,0.07249318063259125,0.8536493182182312,0.20588275790214539,9796,10000,0.9796,411.8006945488371,411.8006945488371,2200,True,20,9500,0.0,0.0,0,NOOP,greedy,2880,2344,2496,2076,4742,5054,0.48407513270722746,0,4898,2,2,411.8006945488371,205.90034727441855,2,2,,,0,NOOP,False,,
9796,dqn,54,,,1.0,1.0,0.06742499999999996,0.016863033175468445,0.32296043634414673,0.6900342702865601,0.25025251507759094,0.34821438789367676,1.4702003002166748,0.07249318063259125,0.8536493182182312,0.20588275790214539,9796,10000,0.9796,411.79966627061987,411.79966627061987,2200,True,20,9500,0.0,0.0,0,NOOP,greedy,2880,2344,2496,2076,4742,5054,0.48407513270722746,1,4898,2,2,411.79966627061987,205.89983313530993,2,2,,,0,NOOP,False,,
9877,dqn,55,0.0,124,0.0,0.0,0.06054000000000004,,,,,,,,,,9878,10000,0.9878,412.02401017780295,412.02401017780295,2220,False,20,9500,0.0,0.0,1,FIRE,greedy,2898,2370,2522,2088,4748,5130,0.48066410204494836,0,4939,2,2,412.02401017780295,206.01200508890147,2,2,,,1,FIRE,False,,
10008,dqn,56,1.0,171,0.0,0.0,0.05,,,,,,,,,,10000,10000,1.0,412.1521547289005,412.1521547289005,2253,True,21,10000,0.0,0.0,2,RIGHT,greedy,2905,2425,2539,2139,4755,5253,0.4751199040767386,1,5004,2,2,412.1521547289005,206.07607736445024,2,2,,,2,RIGHT,False,,
10123,dqn,57,0.0,123,0.0,0.0,0.05,,,,,,,,,,10000,10000,1.0,412.38965658915725,412.38965658915725,2282,True,21,10000,0.0,0.0,2,RIGHT,greedy,2958,2475,2547,2144,4762,5362,0.47036744369814304,0,5062,2,2,412.38965658915725,206.19482829457863,2,2,,,2,RIGHT,False,,
10195,dqn,57,,,0.0,0.0,0.05,0.0003089183592237532,0.29782789945602417,0.446785032749176,0.24627788364887238,0.3117775619029999,0.4427710175514221,0.017754998058080673,0.09531372785568237,0.03695359081029892,10000,10000,1.0,412.58847748572185,412.58847748572185,2300,True,21,10000,0.0,0.0,0,NOOP,greedy,2976,2481,2591,2148,4766,5430,0.467438211063162,0,5098,2,2,412.58847748572185,206.29423874286093,2,2,,,0,NOOP,False,,
10196,dqn,57,,,0.0,0.0,0.05,0.0003089183592237532,0.29782789945602417,0.446785032749176,0.24627788364887238,0.3117775619029999,0.4427710175514221,0.017754998058080673,0.09531372785568237,0.03695359081029892,10000,10000,1.0,412.58753585157865,412.58753585157865,2300,True,21,10000,0.0,0.0,0,NOOP,greedy,2976,2481,2591,2148,4766,5430,0.467438211063162,1,5098,2,2,412.58753585157865,206.29376792578933,2,2,,,0,NOOP,False,,
10256,dqn,58,0.0,124,0.0,0.0,0.05,,,,,,,,,,10000,10000,1.0,412.68669727019443,412.68669727019443,2315,True,21,10000,0.0,0.0,1,FIRE,greedy,2998,2508,2596,2154,4768,5488,0.46489859594383776,1,5128,2,2,412.68669727019443,206.34334863509721,2,2,,,1,FIRE,False,,
10465,dqn,59,1.0,171,0.0,0.0,0.05,,,,,,,,,,10000,10000,1.0,413.2344813997378,413.2344813997378,2367,False,21,10000,0.0,0.0,1,FIRE,greedy,3038,2604,2645,2179,4781,5685,0.4568125358303077,0,5233,2,2,413.2344813997378,206.6172406998689,2,2,,,1,FIRE,False,,
10502,dqn,60,0.0,123,0.0,0.0,0.05,,,,,,,,,,10000,10000,1.0,413.1899420208899,413.1899420208899,2376,False,22,10500,0.0,0.0,1,FIRE,greedy,3038,2636,2647,2181,4784,5718,0.455532279565797,1,5251,2,2,413.1899420208899,206.59497101044494,2,2,,,1,FIRE,False,,
10595,dqn,60,,,0.0,0.0,0.05,0.003212244249880314,0.34229084849357605,0.9981221556663513,0.27505725622177124,0.3518517315387726,1.4082081317901611,0.03220406919717789,0.4100859761238098,0.08902629464864731,10000,10000,1.0,413.17055463631664,413.17055463631664,2400,True,22,10500,0.0,0.0,0,NOOP,greedy,3082,2654,2657,2203,4786,5810,0.451679879199698,0,5298,2,2,413.17055463631664,206.58527731815832,2,2,,,0,NOOP,False,,
10596,dqn,60,,,1.0,1.0,0.05,0.003212244249880314,0.34229084849357605,0.9981221556663513,0.27505725622177124,0.3518517315387726,1.4082081317901611,0.03220406919717789,0.4100859761238098,0.08902629464864731,10000,10000,1.0,413.16967659918987,413.16967659918987,2400,True,22,10500,0.0,0.0,2,RIGHT,greedy,3082,2654,2657,2203,4786,5810,0.451679879199698,1,5298,2,2,413.16967659918987,206.58483829959494,2,2,,,2,RIGHT,False,,
10713,dqn,61,0.0,124,0.0,0.0,0.05,,,,,,,,,,10000,10000,1.0,413.1939484175697,413.1939484175697,2429,False,22,10500,0.0,0.0,2,RIGHT,greedy,3102,2665,2735,2212,4788,5926,0.4468919171177898,0,5357,2,2,413.1939484175697,206.59697420878484,2,2,,,2,RIGHT,False,,
10992,dqn,62,3.0,245,0.0,0.0,0.05,,,,,,,,,,10000,10000,1.0,414.00461922413723,414.00461922413723,2499,True,22,10500,0.0,0.0,3,LEFT,greedy,3232,2739,2778,2243,4803,6189,0.43695414847161573,1,5496,2,2,414.00461922413723,207.00230961206861,2,2,,,3,LEFT,False,,
10995,dqn,62,,,1.0,1.0,0.05,0.00023019804211799055,0.32550233602523804,1.0910801887512207,0.24926282465457916,0.3417366147041321,1.01212477684021,0.015573089011013508,0.07895541191101074,0.03206249698996544,10000,10000,1.0,413.95744799538386,413.95744799538386,2500,True,22,10500,0.0,0.0,3,LEFT,greedy,3232,2741,2778,2245,4804,6192,0.43688614041469626,0,5498,2,2,413.95744799538386,206.97872399769193,2,2,,,3,LEFT,False,,
10996,dqn,62,,,0.0,0.0,0.05,0.00023019804211799055,0.32550233602523804,1.0910801887512207,0.24926282465457916,0.3417366147041321,1.01212477684021,0.015573089011013508,0.07895541191101074,0.03206249698996544,10000,10000,1.0,413.95657997540036,413.95657997540036,2500,True,22,10500,0.0,0.0,1,FIRE,fire_reset,3232,2741,2778,2245,4804,6192,0.43688614041469626,1,5498,2,2,413.95657997540036,206.97828998770018,2,2,,,3,LEFT,True,initial_serve,
11053,dqn,63,1.0,170,0.0,0.0,0.05,,,,,,,,,,10000,10000,1.0,414.03702062532875,414.03702062532875,2514,False,23,11000,0.0,0.0,3,LEFT,greedy,3245,2745,2778,2286,4805,6249,0.4346842771847295,0,5527,2,2,414.03702062532875,207.01851031266438,2,2,,,3,LEFT,False,,
11395,dqn,63,,,2.0,2.0,0.05,0.008025450631976128,0.3006213307380676,1.1173228025436401,0.21834847331047058,0.3085425794124603,0.4207988679409027,0.04828956723213196,0.696523904800415,0.15032818913459778,10000,10000,1.0,414.8202944129074,414.8202944129074,2600,True,23,11000,0.0,0.0,0,NOOP,greedy,3365,2823,2873,2335,4824,6572,0.4233064233064233,0,5698,2,2,414.8202944129074,207.4101472064537,2,2,,,0,NOOP,False,,
11396,dqn,63,,,3.0,3.0,0.05,0.008025450631976128,0.3006213307380676,1.1173228025436401,0.21834847331047058,0.3085425794124603,0.4207988679409027,0.04828956723213196,0.696523904800415,0.15032818913459778,10000,10000,1.0,414.8185277592685,414.8185277592685,2600,True,23,11000,0.0,0.0,2,RIGHT,greedy,3365,2823,2873,2335,4824,6572,0.4233064233064233,1,5698,2,2,414.8185277592685,207.40926387963424,2,2,,,2,RIGHT,False,,
11451,dqn,64,2.0,199,0.0,0.0,0.05,,,,,,,,,,10000,10000,1.0,414.7668110864163,414.7668110864163,2614,True,23,11000,0.0,0.0,0,NOOP,random,3402,2827,2885,2338,4828,6624,0.42158574921411107,0,5726,2,2,414.7668110864163,207.38340554320814,2,2,,,0,NOOP,False,,
11490,dqn,65,3.0,249,0.0,0.0,0.05,,,,,,,,,,10000,10000,1.0,414.7124754892516,414.7124754892516,2623,False,23,11000,0.0,0.0,3,LEFT,greedy,3406,2829,2885,2370,4829,6661,0.42027850304612707,1,5745,2,2,414.7124754892516,207.3562377446258,2,2,,,3,LEFT,False,,
11740,dqn,66,0.0,125,0.0,0.0,0.05,,,,,,,,,,10000,10000,1.0,414.88190144454205,414.88190144454205,2686,True,24,11500,0.0,0.0,0,NOOP,greedy,3562,2863,2901,2414,4841,6899,0.41235093696763203,1,5870,2,2,414.88190144454205,207.44095072227103,2,2,,,0,NOOP,False,,
11757,dqn,67,1.0,153,0.0,0.0,0.05,,,,,,,,,,10000,10000,1.0,414.787398649911,414.787398649911,2690,False,24,11500,0.0,0.0,2,RIGHT,greedy,3569,2865,2910,2414,4842,6916,0.41180472869535634,0,5879,2,2,414.787398649911,207.3936993249555,2,2,,,2,RIGHT,False,,
11795,dqn,67,,,0.0,0.0,0.05,0.0007576463976874948,0.3550853431224823,0.8791833519935608,0.2286081165075302,0.3533880114555359,0.8927668333053589,0.023221870884299278,0.1846267580986023,0.06301244348287582,10000,10000,1.0,414.7311783234909,414.7311783234909,2700,True,24,11500,0.0,0.0,3,LEFT,greedy,3579,2869,2910,2438,4842,6954,0.4104781281790437,0,5898,2,2,414.7311783234909,207.36558916174545,2,2,,,3,LEFT,False,,
11796,dqn,67,,,0.0,0.0,0.05,0.0007576463976874948,0.3550853431224823,0.8791833519935608,0.2286081165075302,0.3533880114555359,0.8927668333053589,0.023221870884299278,0.1846267580986023,0.06301244348287582,10000,10000,1.0,414.7303223968672,414.7303223968672,2700,True,24,11500,0.0,0.0,0,NOOP,greedy,3579,2869,2910,2438,4842,6954,0.4104781281790437,1,5898,2,2,414.7303223968672,207.3651611984336,2,2,,,0,NOOP,False,,
12097,dqn,68,1.0,170,0.0,0.0,0.05,,,,,,,,,,10000,10000,1.0,414.0622267830713,414.0622267830713,2775,False,25,12000,0.0,0.0,1,FIRE,greedy,3641,2948,2970,2539,4855,7243,0.4013060009918995,0,6049,2,2,414.0622267830713,207.03111339153565,2,2,,,1,FIRE,False,,
12138,dqn,69,2.0,199,0.0,0.0,0.05,,,,,,,,,,10000,10000,1.0,413.86649990298656,413.86649990298656,2785,False,25,12000,0.0,0.0,2,RIGHT,greedy,3641,2970,2984,2543,4857,7281,0.40014829461196244,1,6069,2,2,413.86649990298656,206.93324995149328,2,2,,,2,RIGHT,False,,
12195,dqn,69,,,1.0,1.0,0.05,0.0048987180925905704,0.3790942430496216,1.146203637123108,0.27580875158309937,0.3811053931713104,1.2993489503860474,0.04234961420297623,0.39202165603637695,0.17733709514141083,10000,10000,1.0,413.8271204763831,413.8271204763831,2800,True,25,12000,0.0,0.0,3,LEFT,greedy,3642,2976,3025,2553,4861,7335,0.398573302722204,0,6098,2,2,413.8271204763831,206.91356023819154,2,2,,,3,LEFT,False,,
12196,dqn,69,,,0.0,0.0,0.05,0.0048987180925905704,0.3790942430496216,1.146203637123108,0.27580875158309937,0.3811053931713104,1.2993489503860474,0.04234961420297623,0.39202165603637695,0.17733709514141083,10000,10000,1.0,413.8263130774914,413.8263130774914,2800,True,25,12000,0.0,0.0,1,FIRE,greedy,3642,2976,3025,2553,4861,7335,0.398573302722204,1,6098,2,2,413.8263130774914,206.9131565387457,2,2,,,1,FIRE,False,,
12386,dqn,70,0.0,124,0.0,0.0,0.05,,,,,,,,,,10000,10000,1.0,413.62058117015266,413.62058117015266,2847,False,25,12000,0.0,0.0,0,NOOP,greedy,3709,3023,3046,2608,4874,7512,0.3935088002583562,1,6193,2,2,413.62058117015266,206.81029058507633,2,2,,,0,NOOP,False,,
12595,dqn,70,,,3.0,3.0,0.05,0.0035785064101219177,0.37320804595947266,0.8020395040512085,0.29378077387809753,0.34276819229125977,0.770306408405304,0.03912509232759476,0.349376916885376,0.22410281002521515,10000,10000,1.0,413.5390152152068,413.5390152152068,2900,True,26,12500,0.0,0.0,0,NOOP,greedy,3780,3051,3104,2661,4885,7711,0.3878215306446491,0,6298,2,2,413.5390152152068,206.7695076076034,2,2,,,0,NOOP,False,,
12596,dqn,70,,,0.0,0.0,0.05,0.0035785064101219177,0.37320804595947266,0.8020395040512085,0.29378077387809753,0.34276819229125977,0.770306408405304,0.03912509232759476,0.349376916885376,0.22410281002521515,10000,10000,1.0,413.53820331886817,413.53820331886817,2900,True,26,12500,0.0,0.0,0,NOOP,greedy,3780,3051,3104,2661,4885,7711,0.3878215306446491,1,6298,2,2,413.53820331886817,206.76910165943409,2,2,,,0,NOOP,False,,
12636,dqn,71,0.0,125,0.0,0.0,0.05,,,,,,,,,,10000,10000,1.0,413.46570230387,413.46570230387,2910,True,26,12500,0.0,0.0,2,RIGHT,greedy,3799,3064,3112,2661,4887,7749,0.38675213675213677,1,6318,2,2,413.46570230387,206.732851151935,2,2,,,2,RIGHT,False,,
12639,dqn,72,3.0,271,0.0,0.0,0.05,,,,,,,,,,10000,10000,1.0,413.37989722029914,413.37989722029914,2911,True,26,12500,0.0,0.0,2,RIGHT,greedy,3799,3067,3113,2661,4887,7753,0.38662974683544304,0,6320,2,2,413.37989722029914,206.68994861014957,2,2,,,2,RIGHT,False,,
12882,dqn,73,0.0,123,0.0,0.0,0.05,,,,,,,,,,10000,10000,1.0,413.2941753406326,413.2941753406326,2971,False,26,12500,0.0,0.0,2,RIGHT,greedy,3844,3141,3208,2689,4899,7983,0.38029809035864,1,6441,2,2,413.2941753406326,206.6470876703163,2,2,,,2,RIGHT,False,,
12977,dqn,74,1.0,169,0.0,0.0,0.05,,,,,,,,,,10000,10000,1.0,413.234416470601,413.234416470601,2995,False,26,12500,0.0,0.0,1,FIRE,greedy,3884,3171,3211,2712,4904,8074,0.37787024194791186,0,6489,2,2,413.234416470601,206.6172082353005,2,2,,,1,FIRE,False,,
12995,dqn,74,,,0.0,0.0,0.05,0.0006338647799566388,0.41022899746894836,1.4033772945404053,0.24987530708312988,0.4048798084259033,1.3246963024139404,0.01861470751464367,0.14686506986618042,0.09381858259439468,10000,10000,1.0,413.1866621995225,413.1866621995225,3000,True,26,12500,0.0,0.0,3,LEFT,greedy,3894,3176,3212,2714,4906,8090,0.3775007694675285,0,6498,2,2,413.1866621995225,206.59333109976126,2,2,,,3,LEFT,False,,
12996,dqn,74,,,0.0,0.0,0.05,0.0006338647799566388,0.41022899746894836,1.4033772945404053,0.24987530708312988,0.4048798084259033,1.3246963024139404,0.01861470751464367,0.14686506986618042,0.09381858259439468,10000,10000,1.0,413.1859199820476,413.1859199820476,3000,True,26,12500,0.0,0.0,0,NOOP,greedy,3894,3176,3212,2714,4906,8090,0.3775007694675285,1,6498,2,2,413.1859199820476,206.5929599910238,2,2,,,0,NOOP,False,,
13282,dqn,75,2.0,200,0.0,0.0,0.05,,,,,,,,,,10000,10000,1.0,411.48907741505417,411.48907741505417,3071,False,27,13000,0.0,0.0,0,NOOP,greedy,3951,3250,3270,2811,4915,8367,0.37004969131154947,1,6641,2,2,411.48907741505417,205.74453870752708,2,2,,,0,NOOP,False,,
13379,dqn,76,2.0,201,0.0,0.0,0.05,,,,,,,,,,10000,10000,1.0,411.2627443879863,411.2627443879863,3096,True,27,13000,0.0,0.0,0,NOOP,greedy,4019,3259,3287,2815,4919,8461,0.3676382660687593,0,6690,2,2,411.2627443879863,205.63137219399314,2,2,,,0,NOOP,False,,
13395,dqn,76,,,0.0,0.0,0.05,0.0015950192464515567,0.3586500287055969,1.5753979682922363,0.25788000226020813,0.3570466637611389,1.5401850938796997,0.02669539302587509,0.29549506306648254,0.03935690224170685,10000,10000,1.0,411.18542215741127,411.18542215741127,3100,True,27,13000,0.0,0.0,3,LEFT,greedy,4020,3263,3288,2825,4920,8476,0.3672738130785309,0,6698,2,2,411.18542215741127,205.59271107870563,2,2,,,3,LEFT,False,,
13396,dqn,76,,,0.0,0.0,0.05,0.0015950192464515567,0.3586500287055969,1.5753979682922363,0.25788000226020813,0.3570466637611389,1.5401850938796997,0.02669539302587509,0.29549506306648254,0.03935690224170685,10000,10000,1.0,411.184214311296,411.184214311296,3100,True,27,13000,0.0,0.0,3,LEFT,greedy,4020,3263,3288,2825,4920,8476,0.3672738130785309,1,6698,2,2,411.184214311296,205.592107155648,2,2,,,3,LEFT,False,,
13588,dqn,77,1.0,153,0.0,0.0,0.05,,,,,,,,,,10000,10000,1.0,410.82147545336153,410.82147545336153,3148,True,28,13500,0.0,0.0,1,FIRE,greedy,4096,3329,3292,2871,4933,8655,0.36304091845746245,1,6794,2,2,410.82147545336153,205.41073772668076,2,2,,,1,FIRE,False,,
13629,dqn,78,0.0,125,0.0,0.0,0.05,,,,,,,,,,10000,10000,1.0,410.7999196398073,410.7999196398073,3158,False,28,13500,0.0,0.0,2,RIGHT,greedy,4096,3332,3314,2888,4934,8696,0.361995597945708,0,6815,2,2,410.7999196398073,205.39995981990364,2,2,,,2,RIGHT,False,,
13795,dqn,78,,,0.0,0.0,0.05,0.00023968108871486038,0.37523365020751953,1.2939376831054688,0.2493889033794403,0.3708643317222595,1.1516666412353516,0.01682232692837715,0.05476921796798706,0.026413844898343086,10000,10000,1.0,410.57909842469877,410.57909842469877,3200,True,28,13500,0.0,0.0,2,RIGHT,greedy,4117,3352,3435,2892,4944,8852,0.3583647434038852,0,6898,2,2,410.57909842469877,205.28954921234939,2,2,,,2,RIGHT,False,,
13796,dqn,78,,,0.0,0.0,0.05,0.00023968108871486038,0.37523365020751953,1.2939376831054688,0.2493889033794403,0.3708643317222595,1.1516666412353516,0.01682232692837715,0.05476921796798706,0.026413844898343086,10000,10000,1.0,410.5783811643373,410.5783811643373,3200,True,28,13500,0.0,0.0,2,RIGHT,greedy,4117,3352,3435,2892,4944,8852,0.3583647434038852,1,6898,2,2,410.5783811643373,205.28919058216866,2,2,,,2,RIGHT,False,,
13838,dqn,79,0.0,125,0.0,0.0,0.05,,,,,,,,,,10000,10000,1.0,410.54282884842394,410.54282884842394,3210,False,28,13500,0.0,0.0,2,RIGHT,greedy,4133,3361,3452,2892,4944,8894,0.3572770631594161,1,6919,2,2,410.54282884842394,205.27141442421197,2,2,,,2,RIGHT,False,,
13879,dqn,80,0.0,125,0.0,0.0,0.05,,,,,,,,,,10000,10000,1.0,410.381842209828,410.381842209828,3221,True,28,13500,0.0,0.0,2,RIGHT,greedy,4154,3365,3468,2893,4947,8933,0.3564121037463977,0,6940,2,2,410.381842209828,205.190921104914,2,2,,,2,RIGHT,False,,
14195,dqn,80,,,1.0,1.0,0.05,0.004147603176534176,0.35933917760849,0.8312532901763916,0.20119230449199677,0.3803313672542572,1.211568832397461,0.04380618408322334,0.38933902978897095,0.1691855788230896,10000,10000,1.0,409.7595144901475,409.7595144901475,3300,True,29,14000,0.0,0.0,1,FIRE,greedy,4181,3431,3610,2974,4968,9228,0.3499577345731192,0,7098,2,2,409.7595144901475,204.87975724507376,2,2,,,1,FIRE,False,,
14196,dqn,80,,,2.0,2.0,0.05,0.004147603176534176,0.35933917760849,0.8312532901763916,0.20119230449199677,0.3803313672542572,1.211568832397461,0.04380618408322334,0.38933902978897095,0.1691855788230896,10000,10000,1.0,409.75880129324185,409.75880129324185,3300,True,29,14000,0.0,0.0,1,FIRE,greedy,4181,3431,3610,2974,4968,9228,0.3499577345731192,1,7098,2,2,409.75880129324185,204.87940064662092,2,2,,,1,FIRE,False,,
14292,dqn,81,3.0,227,0.0,0.0,0.05,,,,,,,,,,10000,10000,1.0,409.6467804009956,409.6467804009956,3324,True,29,14000,0.0,0.0,0,NOOP,greedy,4207,3478,3611,2996,4974,9318,0.34802686817800166,1,7146,2,2,409.6467804009956,204.8233902004978,2,2,,,0,NOOP,False,,
14315,dqn,82,2.0,218,0.0,0.0,0.05,,,,,,,,,,10000,10000,1.0,409.57108695044,409.57108695044,3330,True,29,14000,0.0,0.0,0,NOOP,greedy,4211,3480,3613,3012,4975,9341,0.34751327186364905,0,7158,2,2,409.57108695044,204.78554347522,2,2,,,0,NOOP,False,,
14563,dqn,83,0.0,124,0.0,0.0,0.05,,,,,,,,,,10000,10000,1.0,409.95543040601046,409.95543040601046,3392,True,30,14500,0.0,0.0,1,FIRE,greedy,4317,3564,3622,3061,4990,9574,0.34262565229332603,0,7282,2,2,409.95543040601046,204.97771520300523,2,2,,,1,FIRE,False,,
14595,dqn,84,,,0.0,0.0,0.05,0.003443449968472123,0.3846408724784851,1.1888759136199951,0.23150983452796936,0.4016278386116028,1.219698429107666,0.04358680546283722,0.264742374420166,0.18248966336250305,10000,10000,1.0,409.92600720408103,409.92600720408103,3400,True,30,14500,0.0,0.0,0,NOOP,greedy,4336,3572,3622,3066,4990,9606,0.34187448616059196,0,7298,2,2,409.92600720408103,204.96300360204052,2,2,,,0,NOOP,False,,
14596,dqn,84,1.0,152,0.0,0.0,0.05,0.003443449968472123,0.3846408724784851,1.1888759136199951,0.23150983452796936,0.4016278386116028,1.219698429107666,0.04358680546283722,0.264742374420166,0.18248966336250305,10000,10000,1.0,409.92531759343603,409.92531759343603,3400,True,30,14500,0.0,0.0,0,NOOP,greedy,4336,3572,3622,3066,4990,9606,0.34187448616059196,1,7298,2,2,409.92531759343603,204.96265879671802,2,2,,,0,NOOP,False,,
14995,dqn,84,,,3.0,3.0,0.05,0.00027338103973306715,0.3504757285118103,0.9486851692199707,0.23009289801120758,0.3644102215766907,0.9290095567703247,0.01880822144448757,0.04762798547744751,0.042698934674263,10000,10000,1.0,410.3449291976238,410.3449291976238,3500,True,30,14500,0.0,0.0,3,LEFT,greedy,4407,3654,3663,3272,5008,9988,0.3339557215257402,0,7498,2,2,410.3449291976238,205.1724645988119,2,2,,,3,LEFT,False,,
14996,dqn,84,,,3.0,3.0,0.05,0.00027338103973306715,0.3504757285118103,0.9486851692199707,0.23009289801120758,0.3644102215766907,0.9290095567703247,0.01880822144448757,0.04762798547744751,0.042698934674263,10000,10000,1.0,410.34430938448907,410.34430938448907,3500,True,30,14500,0.0,0.0,1,FIRE,greedy,4407,3654,3663,3272,5008,9988,0.3339557215257402,1,7498,2,2,410.34430938448907,205.17215469224453,2,2,,,1,FIRE,False,,
15055,dqn,86,7.0,246,0.0,0.0,0.05,,,,,,,,,,10000,10000,1.0,410.27372047699174,410.27372047699174,3515,True,31,15000,0.0,0.0,1,FIRE,greedy,4414,3701,3666,3275,5014,10042,0.3330233793836344,0,7528,2,2,410.27372047699174,205.13686023849587,2,2,,,1,FIRE,False,,
15056,dqn,86,3.0,230,0.0,0.0,0.05,,,,,,,,,,10000,10000,1.0,410.27315253990366,410.27315253990366,3515,True,31,15000,0.0,0.0,1,FIRE,random,4414,3701,3666,3275,5014,10042,0.3330233793836344,1,7528,2,2,410.27315253990366,205.13657626995183,2,2,,,1,FIRE,False,,
15305,dqn,88,0.0,125,0.0,0.0,0.05,,,,,,,,,,10000,10000,1.0,410.3973484500385,410.3973484500385,3577,False,31,15000,0.0,0.0,1,FIRE,greedy,4485,3782,3668,3371,5027,10279,0.32843329413301975,0,7653,2,2,410.3973484500385,205.19867422501926,2,2,,,1,FIRE,False,,
15306,dqn,88,0.0,125,0.0,0.0,0.05,,,,,,,,,,10000,10000,1.0,410.3967322319339,410.3967322319339,3577,False,31,15000,0.0,0.0,1,FIRE,greedy,4485,3782,3668,3371,5027,10279,0.32843329413301975,1,7653,2,2,410.3967322319339,205.19836611596696,2,2,,,1,FIRE,False,,
15395,dqn,88,,,0.0,0.0,0.05,0.0010893077123910189,0.36207759380340576,0.9925252199172974,0.23922839760780334,0.3866199254989624,1.056563377380371,0.024427637457847595,0.1811876893043518,0.1261112242937088,10000,10000,1.0,410.54961364083283,410.54961364083283,3600,True,31,15000,0.0,0.0,0,NOOP,random,4520,3806,3682,3388,5030,10366,0.32670823590542997,0,7698,2,2,410.54961364083283,205.27480682041642,2,2,,,0,NOOP,False,,
15396,dqn,88,,,0.0,0.0,0.05,0.0010893077123910189,0.36207759380340576,0.9925252199172974,0.23922839760780334,0.3866199254989624,1.056563377380371,0.024427637457847595,0.1811876893043518,0.1261112242937088,10000,10000,1.0,410.5475116925869,410.5475116925869,3600,True,31,15000,0.0,0.0,2,RIGHT,greedy,4520,3806,3682,3388,5030,10366,0.32670823590542997,1,7698,2,2,410.5475116925869,205.27375584629345,2,2,,,2,RIGHT,False,,
15645,dqn,89,1.0,170,0.0,0.0,0.05,,,,,,,,,,10000,10000,1.0,410.69490265287476,410.69490265287476,3662,False,32,15500,0.0,0.0,1,FIRE,greedy,4562,3903,3703,3478,5042,10604,0.32225488942860797,0,7823,2,2,410.69490265287476,205.34745132643738,2,2,,,1,FIRE,False,,
15762,dqn,90,3.0,228,0.0,0.0,0.05,,,,,,,,,,10000,10000,1.0,410.8378514323852,410.8378514323852,3691,False,32,15500,0.0,0.0,3,LEFT,greedy,4582,3937,3707,3536,5052,10710,0.32051770079939096,1,7881,2,2,410.8378514323852,205.4189257161926,2,2,,,3,LEFT,False,,
15795,dqn,90,,,0.0,0.0,0.05,0.002153209876269102,0.4374973177909851,1.0200310945510864,0.29511138796806335,0.4115537703037262,1.2148592472076416,0.04461561515927315,0.2389327883720398,0.11904537677764893,10000,10000,1.0,410.8078980735531,410.8078980735531,3700,True,32,15500,0.0,0.0,0,NOOP,greedy,4594,3942,3707,3553,5054,10742,0.3199544188402127,0,7898,2,2,410.8078980735531,205.40394903677654,2,2,,,0,NOOP,False,,
15796,dqn,90,,,0.0,0.0,0.05,0.002153209876269102,0.4374973177909851,1.0200310945510864,0.29511138796806335,0.4115537703037262,1.2148592472076416,0.04461561515927315,0.2389327883720398,0.11904537677764893,10000,10000,1.0,410.80712242182176,410.80712242182176,3700,True,32,15500,0.0,0.0,0,NOOP,random,4594,3942,3707,3553,5054,10742,0.3199544188402127,1,7898,2,2,410.80712242182176,205.40356121091088,2,2,,,0,NOOP,False,,
15895,dqn,91,0.0,125,0.0,0.0,0.05,,,,,,,,,,10000,10000,1.0,410.8161429425132,410.8161429425132,3725,True,32,15500,0.0,0.0,1,FIRE,greedy,4633,3990,3708,3565,5058,10838,0.318193256165073,0,7948,2,2,410.8161429425132,205.4080714712566,2,2,,,1,FIRE,False,,
16010,dqn,92,0.0,124,0.0,0.0,0.05,,,,,,,,,,10000,10000,1.0,410.90214080756647,410.90214080756647,3753,False,33,16000,0.0,0.0,0,NOOP,greedy,4646,4036,3710,3618,5063,10947,0.31623985009369143,1,8005,2,2,410.90214080756647,205.45107040378323,2,2,,,0,NOOP,False,,
16145,dqn,93,0.0,125,0.0,0.0,0.05,,,,,,,,,,10000,10000,1.0,411.13168707621105,411.13168707621105,3787,False,33,16000,0.0,0.0,1,FIRE,greedy,4713,4074,3711,3648,5066,11080,0.3137619224575746,0,8073,2,2,411.13168707621105,205.56584353810553,2,2,,,1,FIRE,False,,
16195,dqn,93,,,0.0,0.0,0.05,0.0019708334002643824,0.4177689552307129,1.5666544437408447,0.2006201595067978,0.4378695487976074,1.3800857067108154,0.03135773167014122,0.28606659173965454,0.09632296115159988,10000,10000,1.0,411.1893706612283,411.1893706612283,3800,True,33,16000,0.0,0.0,0,NOOP,greedy,4721,4104,3711,3660,5066,11130,0.31279328229192394,0,8098,2,2,411.1893706612283,205.59468533061414,2,2,,,0,NOOP,False,,
16196,dqn,93,,,1.0,1.0,0.05,0.0019708334002643824,0.4177689552307129,1.5666544437408447,0.2006201595067978,0.4378695487976074,1.3800857067108154,0.03135773167014122,0.28606659173965454,0.09632296115159988,10000,10000,1.0,411.1887860554601,411.1887860554601,3800,True,33,16000,0.0,0.0,0,NOOP,greedy,4721,4104,3711,3660,5066,11130,0.31279328229192394,1,8098,2,2,411.1887860554601,205.59439302773006,2,2,,,0,NOOP,False,,
16314,dqn,94,1.0,152,0.0,0.0,0.05,,,,,,,,,,10000,10000,1.0,411.36314720197373,411.36314720197373,3829,False,33,16000,0.0,0.0,0,NOOP,greedy,4743,4115,3713,3743,5071,11243,0.3108373176412897,1,8157,2,2,411.36314720197373,205.68157360098687,2,2,,,0,NOOP,False,,
16451,dqn,95,1.0,153,0.0,0.0,0.05,,,,,,,,,,10000,10000,1.0,411.3816623457681,411.3816623457681,3864,True,33,16000,0.0,0.0,0,NOOP,greedy,4770,4192,3723,3767,5074,11378,0.3084123510819353,0,8226,2,2,411.3816623457681,205.69083117288406,2,2,,,0,NOOP,False,,
16595,dqn,95,,,0.0,0.0,0.05,0.008461721241474152,0.503510057926178,1.3118551969528198,0.27949222922325134,0.4759059250354767,1.561021327972412,0.0911959707736969,0.4099571704864502,0.3407602310180664,10000,10000,1.0,411.61412049133065,411.61412049133065,3900,True,34,16500,0.0,0.0,0,NOOP,greedy,4854,4213,3739,3790,5080,11516,0.30609785490479635,0,8298,2,2,411.61412049133065,205.80706024566533,2,2,,,0,NOOP,False,,
16596,dqn,95,,,1.0,1.0,0.05,0.008461721241474152,0.503510057926178,1.3118551969528198,0.27949222922325134,0.4759059250354767,1.561021327972412,0.0911959707736969,0.4099571704864502,0.3407602310180664,10000,10000,1.0,411.6135202116208,411.6135202116208,3900,True,34,16500,0.0,0.0,0,NOOP,greedy,4854,4213,3739,3790,5080,11516,0.30609785490479635,1,8298,2,2,411.6135202116208,205.8067601058104,2,2,,,0,NOOP,False,,
16701,dqn,96,0.0,125,0.0,0.0,0.05,,,,,,,,,,10000,10000,1.0,411.7431097200457,411.7431097200457,3926,False,34,16500,0.0,0.0,1,FIRE,greedy,4910,4251,3742,3799,5086,11616,0.30451442940965157,0,8351,2,2,411.7431097200457,205.87155486002285,2,2,,,1,FIRE,False,,
16752,dqn,97,2.0,219,0.0,0.0,0.05,,,,,,,,,,10000,10000,1.0,411.7927998843269,411.7927998843269,3939,True,34,16500,0.0,0.0,1,FIRE,greedy,4912,4290,3749,3801,5093,11659,0.304023400191022,1,8376,2,2,411.7927998843269,205.89639994216344,2,2,,,1,FIRE,False,,
16995,dqn,97,,,1.0,1.0,0.05,0.000993628753349185,0.4465356469154358,1.567683219909668,0.24257060885429382,0.46153515577316284,1.37418794631958,0.025250136852264404,0.13327860832214355,0.05375753715634346,10000,10000,1.0,412.3001646886892,412.3001646886892,4000,True,34,16500,0.0,0.0,3,LEFT,greedy,4966,4389,3760,3881,5102,11894,0.3001882795951989,0,8498,2,2,412.3001646886892,206.1500823443446,2,2,,,3,LEFT,False,,
16996,dqn,97,,,1.0,1.0,0.05,0.000993628753349185,0.4465356469154358,1.567683219909668,0.24257060885429382,0.46153515577316284,1.37418794631958,0.025250136852264404,0.13327860832214355,0.05375753715634346,10000,10000,1.0,412.29960858705726,412.29960858705726,4000,True,34,16500,0.0,0.0,1,FIRE,greedy,4966,4389,3760,3881,5102,11894,0.3001882795951989,1,8498,2,2,412.29960858705726,206.14980429352863,2,2,,,1,FIRE,False,,
17139,dqn,98,2.0,219,0.0,0.0,0.05,,,,,,,,,,10000,10000,1.0,412.4421485509482,412.4421485509482,4036,True,35,17000,0.0,0.0,0,NOOP,greedy,5015,4416,3778,3931,5111,12029,0.2981913652275379,0,8570,2,2,412.4421485509482,206.2210742754741,2,2,,,0,NOOP,False,,
17246,dqn,99,3.0,247,0.0,0.0,0.05,,,,,,,,,,10000,10000,1.0,412.3824933462269,412.3824933462269,4062,False,35,17000,0.0,0.0,1,FIRE,random,5019,4464,3779,3984,5117,12129,0.29670648266264643,1,8623,2,2,412.3824933462269,206.19124667311345,2,2,,,1,FIRE,False,,
17395,dqn,99,,,1.0,1.0,0.05,0.0003049661172553897,0.34948307275772095,0.6980559229850769,0.2223816066980362,0.36817020177841187,0.7477468848228455,0.021082721650600433,0.05814811587333679,0.06264017522335052,10000,10000,1.0,412.3230425501094,412.3230425501094,4100,True,35,17000,0.0,0.0,1,FIRE,fire_reset,5076,4486,3810,4024,5128,12268,0.29478040928949184,0,8698,2,2,412.3230425501094,206.1615212750547,2,2,,,2,RIGHT,True,after_life_loss,
17396,dqn,99,,,0.0,0.0,0.05,0.0003049661172553897,0.34948307275772095,0.6980559229850769,0.2223816066980362,0.36817020177841187,0.7477468848228455,0.021082721650600433,0.05814811587333679,0.06264017522335052,10000,10000,1.0,412.3219440738494,412.3219440738494,4100,True,35,17000,0.0,0.0,2,RIGHT,greedy,5076,4486,3810,4024,5128,12268,0.29478040928949184,1,8698,2,2,412.3219440738494,206.1609720369247,2,2,,,2,RIGHT,False,,
17494,dqn,100,0.0,124,0.0,0.0,0.05,,,,,,,,,,10000,10000,1.0,412.124067182588,412.124067182588,4124,False,35,17000,0.0,0.0,0,NOOP,greedy,5087,4517,3817,4073,5131,12363,0.29330056019206585,1,8747,2,2,412.124067182588,206.062033591294,2,2,,,0,NOOP,False,,
17539,dqn,101,2.0,200,0.0,0.0,0.05,,,,,,,,,,10000,10000,1.0,412.044376615763,412.044376615763,4136,True,36,17500,0.0,0.0,0,NOOP,greedy,5124,4525,3817,4074,5132,12408,0.2925883694412771,0,8770,2,2,412.044376615763,206.0221883078815,2,2,,,0,NOOP,False,,
17795,dqn,101,,,2.0,2.0,0.05,0.004359286744147539,0.49702322483062744,1.7973212003707886,0.23699098825454712,0.5065867900848389,1.7697198390960693,0.03957663103938103,0.48297709226608276,0.20733965933322906,10000,10000,1.0,412.0772105704822,412.0772105704822,4200,True,36,17500,0.0,0.0,1,FIRE,greedy,5216,4602,3844,4134,5150,12646,0.28939087435378735,0,8898,2,2,412.0772105704822,206.0386052852411,2,2,,,1,FIRE,False,,
17796,dqn,101,,,2.0,2.0,0.05,0.004359286744147539,0.49702322483062744,1.7973212003707886,0.23699098825454712,0.5065867900848389,1.7697198390960693,0.03957663103938103,0.48297709226608276,0.20733965933322906,10000,10000,1.0,412.0766657279763,412.0766657279763,4200,True,36,17500,0.0,0.0,1,FIRE,greedy,5216,4602,3844,4134,5150,12646,0.28939087435378735,1,8898,2,2,412.0766657279763,206.03833286398816,2,2,,,1,FIRE,False,,
17973,dqn,102,2.0,217,0.0,0.0,0.05,,,,,,,,,,10000,10000,1.0,412.07043674492047,412.07043674492047,4244,False,36,17500,0.0,0.0,1,FIRE,greedy,5240,4703,3877,4154,5159,12815,0.28702570379436965,0,8987,2,2,412.07043674492047,206.03521837246024,2,2,,,1,FIRE,False,,
18082,dqn,103,4.0,294,0.0,0.0,0.05,,,,,,,,,,10000,10000,1.0,412.0386087318671,412.0386087318671,4271,False,37,18000,0.0,0.0,0,NOOP,greedy,5267,4748,3905,4162,5166,12916,0.28569848468089815,1,9041,2,2,412.0386087318671,206.01930436593355,2,2,,,0,NOOP,False,,
18195,dqn,103,,,2.0,2.0,0.05,0.003551801899448037,0.4375191926956177,1.1844860315322876,0.24415859580039978,0.43014639616012573,1.4035724401474,0.04673081263899803,0.3316803574562073,0.09803266823291779,10000,10000,1.0,411.83648103538485,411.83648103538485,4300,True,37,18000,0.0,0.0,0,NOOP,greedy,5310,4816,3906,4164,5169,13027,0.28407342273027036,0,9098,2,2,411.83648103538485,205.91824051769242,2,2,,,0,NOOP,False,,
18196,dqn,103,,,0.0,0.0,0.05,0.003551801899448037,0.4375191926956177,1.1844860315322876,0.24415859580039978,0.43014639616012573,1.4035724401474,0.04673081263899803,0.3316803574562073,0.09803266823291779,10000,10000,1.0,411.83589193370017,411.83589193370017,4300,True,37,18000,0.0,0.0,1,FIRE,greedy,5310,4816,3906,4164,5169,13027,0.28407342273027036,1,9098,2,2,411.83589193370017,205.91794596685008,2,2,,,1,FIRE,False,,
18418,dqn,104,1.0,168,0.0,0.0,0.05,,,,,,,,,,10000,10000,1.0,411.417940158327,411.417940158327,4355,False,37,18000,0.0,0.0,1,FIRE,greedy,5356,4933,3933,4196,5177,13241,0.28108372244543384,1,9209,2,2,411.417940158327,205.7089700791635,2,2,,,1,FIRE,False,,
18563,dqn,105,4.0,295,0.0,0.0,0.05,,,,,,,,,,10000,10000,1.0,411.15572318930526,411.15572318930526,4392,True,38,18500,0.0,0.0,0,NOOP,greedy,5394,5014,3959,4197,5185,13379,0.2793040293040293,0,9282,2,2,411.15572318930526,205.57786159465263,2,2,,,0,NOOP,False,,
18595,dqn,105,,,0.0,0.0,0.05,0.007984334602952003,0.5098587870597839,1.6706517934799194,0.23233267664909363,0.5298852920532227,1.4364383220672607,0.06355784088373184,0.4348655343055725,0.12551018595695496,10000,10000,1.0,411.0895168501105,411.0895168501105,4400,True,38,18500,0.0,0.0,1,FIRE,greedy,5399,5039,3960,4198,5186,13410,0.27887717788771776,0,9298,2,2,411.0895168501105,205.54475842505525,2,2,,,1,FIRE,False,,
18596,dqn,105,,,2.0,2.0,0.05,0.007984334602952003,0.5098587870597839,1.6706517934799194,0.23233267664909363,0.5298852920532227,1.4364383220672607,0.06355784088373184,0.4348655343055725,0.12551018595695496,10000,10000,1.0,411.0890152109209,411.0890152109209,4400,True,38,18500,0.0,0.0,1,FIRE,greedy,5399,5039,3960,4198,5186,13410,0.27887717788771776,1,9298,2,2,411.0890152109209,205.54450760546044,2,2,,,1,FIRE,False,,
18995,dqn,105,,,3.0,3.0,0.05,0.0024804745335131884,0.44040432572364807,1.3970030546188354,0.26475363969802856,0.4345020651817322,1.3887885808944702,0.0342685729265213,0.3302208185195923,0.16779565811157227,10000,10000,1.0,411.10450754931964,411.10450754931964,4500,True,38,18500,0.0,0.0,0,NOOP,greedy,5531,5259,3984,4222,5206,13790,0.2740576963571278,0,9498,2,2,411.10450754931964,205.55225377465982,2,2,,,0,NOOP,False,,
18996,dqn,105,,,5.0,5.0,0.05,0.0024804745335131884,0.44040432572364807,1.3970030546188354,0.26475363969802856,0.4345020651817322,1.3887885808944702,0.0342685729265213,0.3302208185195923,0.16779565811157227,10000,10000,1.0,411.1040351221301,411.1040351221301,4500,True,38,18500,0.0,0.0,1,FIRE,greedy,5531,5259,3984,4222,5206,13790,0.2740576963571278,1,9498,2,2,411.1040351221301,205.55201756106504,2,2,,,1,FIRE,False,,
19055,dqn,106,3.0,246,0.0,0.0,0.05,,,,,,,,,,10000,10000,1.0,411.04684247631593,411.04684247631593,4515,True,39,19000,0.0,0.0,1,FIRE,greedy,5543,5303,3985,4225,5210,13846,0.2734047019311503,0,9528,2,2,411.04684247631593,205.52342123815797,2,2,,,1,FIRE,False,,
19180,dqn,107,7.0,381,0.0,0.0,0.05,,,,,,,,,,10000,10000,1.0,410.67395655835605,410.67395655835605,4546,True,39,19000,0.0,0.0,1,FIRE,greedy,5548,5345,3985,4302,5211,13969,0.27168925964546403,1,9590,2,2,410.67395655835605,205.33697827917803,2,2,,,1,FIRE,False,,
19395,dqn,107,,,2.0,2.0,0.05,0.0015085824998095632,0.5055829286575317,1.7026160955429077,0.24554859101772308,0.5135725140571594,1.5774673223495483,0.03864283114671707,0.12798404693603516,0.12070398777723312,10000,10000,1.0,410.45284664002594,410.45284664002594,4600,True,39,19000,0.0,0.0,3,LEFT,greedy,5584,5454,4010,4348,5221,14175,0.26917921220870283,0,9698,2,2,410.45284664002594,205.22642332001297,2,2,,,3,LEFT,False,,
19396,dqn,107,,,1.0,1.0,0.05,0.0015085824998095632,0.5055829286575317,1.7026160955429077,0.24554859101772308,0.5135725140571594,1.5774673223495483,0.03864283114671707,0.12798404693603516,0.12070398777723312,10000,10000,1.0,410.4519485221258,410.4519485221258,4600,True,39,19000,0.0,0.0,3,LEFT,greedy,5584,5454,4010,4348,5221,14175,0.26917921220870283,1,9698,2,2,410.4519485221258,205.2259742610629,2,2,,,3,LEFT,False,,
19417,dqn,108,2.0,181,0.0,0.0,0.05,,,,,,,,,,10000,10000,1.0,410.440643583577,410.440643583577,4605,False,39,19000,0.0,0.0,3,LEFT,greedy,5584,5462,4011,4361,5221,14197,0.26887424039550933,0,9709,2,2,410.440643583577,205.2203217917885,2,2,,,3,LEFT,False,,
19578,dqn,109,2.0,199,0.0,0.0,0.05,,,,,,,,,,10000,10000,1.0,410.15870212838496,410.15870212838496,4645,False,40,19500,0.0,0.0,0,NOOP,greedy,5660,5485,4027,4406,5228,14350,0.2670344263969762,1,9789,2,2,410.15870212838496,205.07935106419248,2,2,,,0,NOOP,False,,
19795,dqn,109,,,2.0,2.0,0.05,0.0010582124814391136,0.39452630281448364,1.7938412427902222,0.2558381259441376,0.4090754985809326,1.6429213285446167,0.02737720124423504,0.15091991424560547,0.08671580255031586,10000,10000,1.0,410.13897184929795,410.13897184929795,4700,True,40,19500,0.0,0.0,1,FIRE,greedy,5697,5622,4032,4445,5234,14562,0.2643968478480501,0,9898,2,2,410.13897184929795,205.06948592464897,2,2,,,1,FIRE,False,,
19796,dqn,109,,,0.0,0.0,0.05,0.0010582124814391136,0.39452630281448364,1.7938412427902222,0.2558381259441376,0.4090754985809326,1.6429213285446167,0.02737720124423504,0.15091991424560547,0.08671580255031586,10000,10000,1.0,410.1384985455871,410.1384985455871,4700,True,40,19500,0.0,0.0,1,FIRE,greedy,5697,5622,4032,4445,5234,14562,0.2643968478480501,1,9898,2,2,410.1384985455871,205.06924927279354,2,2,,,1,FIRE,False,,
19813,dqn,110,2.0,198,0.0,0.0,0.05,,,,,,,,,,10000,10000,1.0,410.0906804363388,410.0906804363388,4704,False,40,19500,0.0,0.0,1,FIRE,greedy,5697,5633,4032,4452,5234,14580,0.2641566569092561,0,9907,2,2,410.0906804363388,205.0453402181694,2,2,,,1,FIRE,False,,
19916,dqn,111,1.0,169,0.0,0.0,0.05,,,,,,,,,,10000,10000,1.0,410.189842308694,410.189842308694,4730,True,40,19500,0.0,0.0,1,FIRE,greedy,5716,5713,4033,4454,5240,14676,0.26310504117292627,1,9958,2,2,410.189842308694,205.094921154347,2,2,,,1,FIRE,False,,
20195,dqn,111,,,2.0,2.0,0.05,0.0011739891488105059,0.40388840436935425,1.007979154586792,0.23990565538406372,0.425771564245224,1.1190943717956543,0.02599961683154106,0.20976963639259338,0.09410244226455688,10000,10000,1.0,410.42486138611645,410.42486138611645,4800,True,41,20000,0.0,0.0,3,LEFT,greedy,5778,5832,4089,4497,5255,14941,0.2602000396118043,0,10098,2,2,410.42486138611645,205.21243069305822,2,2,,,3,LEFT,False,,
20196,dqn,111,,,2.0,2.0,0.05,0.0011739891488105059,0.40388840436935425,1.007979154586792,0.23990565538406372,0.425771564245224,1.1190943717956543,0.02599961683154106,0.20976963639259338,0.09410244226455688,10000,10000,1.0,410.4243726224511,410.4243726224511,4800,True,41,20000,0.0,0.0,1,FIRE,greedy,5778,5832,4089,4497,5255,14941,0.2602000396118043,1,10098,2,2,410.4243726224511,205.21218631122554,2,2,,,1,FIRE,False,,
20213,dqn,112,2.0,200,0.0,0.0,0.05,,,,,,,,,,10000,10000,1.0,410.3876275173533,410.3876275173533,4804,False,41,20000,0.0,0.0,3,LEFT,greedy,5784,5838,4089,4503,5256,14958,0.26001780943900266,0,10107,2,2,410.3876275173533,205.19381375867664,2,2,,,3,LEFT,False,,
20466,dqn,113,4.0,275,0.0,0.0,0.05,,,,,,,,,,10000,10000,1.0,410.7111212809558,410.7111212809558,4867,False,41,20000,0.0,0.0,2,RIGHT,greedy,5835,5927,4114,4590,5267,15199,0.2573536597283299,1,10233,2,2,410.7111212809558,205.3555606404779,2,2,,,2,RIGHT,False,,
20595,dqn,113,,,2.0,2.0,0.05,0.0016464277869090438,0.5440071821212769,1.502389669418335,0.25652363896369934,0.5553958415985107,1.468651294708252,0.03875860571861267,0.16781169176101685,0.18247650563716888,10000,10000,1.0,410.85556116420304,410.85556116420304,4900,True,42,20500,0.0,0.0,0,NOOP,greedy,5870,5988,4120,4618,5282,15314,0.2564575645756458,0,10298,2,2,410.85556116420304,205.42778058210152,2,2,,,0,NOOP,False,,
20596,dqn,113,,,0.0,0.0,0.05,0.0016464277869090438,0.5440071821212769,1.502389669418335,0.25652363896369934,0.5553958415985107,1.468651294708252,0.03875860571861267,0.16781169176101685,0.18247650563716888,10000,10000,1.0,410.8550915402479,410.8550915402479,4900,True,42,20500,0.0,0.0,0,NOOP,greedy,5870,5988,4120,4618,5282,15314,0.2564575645756458,1,10298,2,2,410.8550915402479,205.42754577012394,2,2,,,0,NOOP,False,,
20607,dqn,114,2.0,197,0.0,0.0,0.05,,,,,,,,,,10000,10000,1.0,410.80625945223164,410.80625945223164,4903,True,42,20500,0.0,0.0,1,FIRE,greedy,5880,5990,4120,4618,5282,15326,0.2563082298136646,0,10304,2,2,410.80625945223164,205.40312972611582,2,2,,,1,FIRE,False,,
20862,dqn,115,2.0,198,0.0,0.0,0.05,,,,,,,,,,10000,10000,1.0,411.2613749483844,411.2613749483844,4966,False,42,20500,0.0,0.0,1,FIRE,greedy,5906,6156,4146,4654,5299,15563,0.2540024925702234,1,10431,2,2,411.2613749483844,205.6306874741922,2,2,,,1,FIRE,False,,
20945,dqn,116,1.0,169,0.0,0.0,0.05,,,,,,,,,,10000,10000,1.0,411.333076576185,411.333076576185,4987,False,42,20500,0.0,0.0,0,NOOP,greedy,5932,6168,4184,4662,5307,15639,0.2533657977656832,0,10473,2,2,411.333076576185,205.6665382880925,2,2,,,0,NOOP,False,,
20995,dqn,116,,,0.0,0.0,0.05,0.003491336014121771,0.4886595606803894,1.361187219619751,0.24627730250358582,0.47856032848358154,1.1517785787582397,0.05775213614106178,0.22182738780975342,0.29019227623939514,10000,10000,1.0,411.39588628720634,411.39588628720634,5000,True,42,20500,0.0,0.0,0,NOOP,greedy,5961,6185,4186,4664,5311,15685,0.25295294341779384,0,10498,2,2,411.39588628720634,205.69794314360317,2,2,,,0,NOOP,False,,
20996,dqn,116,,,1.0,1.0,0.05,0.003491336014121771,0.4886595606803894,1.361187219619751,0.24627730250358582,0.47856032848358154,1.1517785787582397,0.05775213614106178,0.22182738780975342,0.29019227623939514,10000,10000,1.0,411.39543729517806,411.39543729517806,5000,True,42,20500,0.0,0.0,1,FIRE,greedy,5961,6185,4186,4664,5311,15685,0.25295294341779384,1,10498,2,2,411.39543729517806,205.69771864758903,2,2,,,1,FIRE,False,,
21195,dqn,117,0.0,125,0.0,0.0,0.05,,,,,,,,,,10000,10000,1.0,411.6707699943976,411.6707699943976,5050,True,43,21000,0.0,0.0,1,FIRE,greedy,6005,6235,4285,4671,5321,15875,0.25103793168522365,0,10598,2,2,411.6707699943976,205.8353849971988,2,2,,,1,FIRE,False,,
21298,dqn,118,2.0,218,0.0,0.0,0.05,,,,,,,,,,10000,10000,1.0,411.8382102661068,411.8382102661068,5075,False,43,21000,0.0,0.0,3,LEFT,greedy,6038,6292,4290,4678,5327,15971,0.25011738191379473,1,10649,2,2,411.8382102661068,205.9191051330534,2,2,,,3,LEFT,False,,
21395,dqn,118,,,0.0,0.0,0.05,0.013452168554067612,0.48454585671424866,1.530806541442871,0.2838030159473419,0.5223028063774109,1.5681358575820923,0.06599993258714676,0.8752151131629944,0.2538067698478699,10000,10000,1.0,411.9308068667675,411.9308068667675,5100,True,43,21000,0.0,0.0,1,FIRE,fire_reset,6041,6347,4291,4717,5328,16068,0.24901850813236118,0,10698,2,2,411.9308068667675,205.96540343338376,2,2,,,1,FIRE,False,after_life_loss,
21396,dqn,118,,,0.0,0.0,0.05,0.013452168554067612,0.48454585671424866,1.530806541442871,0.2838030159473419,0.5223028063774109,1.5681358575820923,0.06599993258714676,0.8752151131629944,0.2538067698478699,10000,10000,1.0,411.93029057425844,411.93029057425844,5100,True,43,21000,0.0,0.0,3,LEFT,greedy,6041,6347,4291,4717,5328,16068,0.24901850813236118,1,10698,2,2,411.93029057425844,205.96514528712922,2,2,,,3,LEFT,False,,
21441,dqn,119,0.0,123,0.0,0.0,0.05,,,,,,,,,,10000,10000,1.0,411.9294412696793,411.9294412696793,5111,False,43,21000,0.0,0.0,3,LEFT,greedy,6042,6349,4299,4752,5331,16111,0.24862419550415074,0,10721,2,2,411.9294412696793,205.96472063483964,2,2,,,3,LEFT,False,,
21689,dqn,120,0.0,124,0.0,0.0,0.05,,,,,,,,,,10000,10000,1.0,411.9756023515359,411.9756023515359,5173,False,44,21500,0.0,0.0,0,NOOP,greedy,6127,6406,4368,4789,5345,16345,0.24642692485016138,0,10845,2,2,411.9756023515359,205.98780117576794,2,2,,,0,NOOP,False,,
21795,dqn,120,,,0.0,0.0,0.05,0.003904067911207676,0.4694383144378662,1.3648865222930908,0.23110951483249664,0.5182551741600037,1.6941428184509277,0.05750483274459839,0.3292562961578369,0.3401145935058594,10000,10000,1.0,411.9603599255097,411.9603599255097,5200,True,44,21500,0.0,0.0,1,FIRE,greedy,6158,6472,4368,4798,5347,16449,0.2453202422462837,0,10898,2,2,411.9603599255097,205.98017996275485,2,2,,,1,FIRE,False,,
21796,dqn,120,,,4.0,4.0,0.05,0.003904067911207676,0.4694383144378662,1.3648865222930908,0.23110951483249664,0.5182551741600037,1.6941428184509277,0.05750483274459839,0.3292562961578369,0.3401145935058594,10000,10000,1.0,411.95942634320215,411.95942634320215,5200,True,44,21500,0.0,0.0,0,NOOP,greedy,6158,6472,4368,4798,5347,16449,0.2453202422462837,1,10898,2,2,411.95942634320215,205.97971317160108,2,2,,,0,NOOP,False,,
21933,dqn,121,0.0,122,0.0,0.0,0.05,,,,,,,,,,10000,10000,1.0,412.08835003574484,412.08835003574484,5234,False,44,21500,0.0,0.0,3,LEFT,greedy,6189,6530,4370,4845,5351,16583,0.24395915017780614,0,10967,2,2,412.08835003574484,206.04417501787242,2,2,,,3,LEFT,False,,
21952,dqn,122,5.0,327,0.0,0.0,0.05,,,,,,,,,,10000,10000,1.0,412.0484931525228,412.0484931525228,5239,True,44,21500,0.0,0.0,3,LEFT,greedy,6193,6535,4370,4854,5352,16600,0.24380466472303208,1,10976,2,2,412.0484931525228,206.0242465762614,2,2,,,3,LEFT,False,,
22195,dqn,122,,,2.0,2.0,0.05,0.0020667060744017363,0.5671098828315735,1.594605565071106,0.26598891615867615,0.5743050575256348,1.6984262466430664,0.0382784828543663,0.2205665111541748,0.0841364935040474,10000,10000,1.0,412.251683946899,412.251683946899,5300,True,45,22000,0.0,0.0,2,RIGHT,greedy,6231,6616,4483,4866,5364,16832,0.2416651648945756,0,11098,2,2,412.251683946899,206.1258419734495,2,2,,,2,RIGHT,False,,
22196,dqn,122,,,0.0,0.0,0.05,0.0020667060744017363,0.5671098828315735,1.594605565071106,0.26598891615867615,0.5743050575256348,1.6984262466430664,0.0382784828543663,0.2205665111541748,0.0841364935040474,10000,10000,1.0,412.25082025654064,412.25082025654064,5300,True,45,22000,0.0,0.0,2,RIGHT,greedy,6231,6616,4483,4866,5364,16832,0.2416651648945756,1,11098,2,2,412.25082025654064,206.12541012827032,2,2,,,2,RIGHT,False,,
22200,dqn,123,0.0,124,0.0,0.0,0.05,,,,,,,,,,10000,10000,1.0,412.20188584681426,412.20188584681426,5301,True,45,22000,0.0,0.0,3,LEFT,greedy,6231,6616,4485,4868,5365,16835,0.24166666666666667,1,11100,2,2,412.20188584681426,206.10094292340713,2,2,,,3,LEFT,False,,
22448,dqn,124,0.0,124,0.0,0.0,0.05,,,,,,,,,,10000,10000,1.0,412.3770807028838,412.3770807028838,5363,True,45,22000,0.0,0.0,1,FIRE,greedy,6244,6721,4588,4895,5382,17066,0.23975409836065573,1,11224,2,2,412.3770807028838,206.1885403514419,2,2,,,1,FIRE,False,,
22589,dqn,125,8.0,328,0.0,0.0,0.05,,,,,,,,,,10000,10000,1.0,412.3263823925727,412.3263823925727,5398,False,46,22500,0.0,0.0,3,LEFT,random,6257,6801,4605,4927,5388,17202,0.23851261620185923,0,11295,2,2,412.3263823925727,206.16319119628636,2,2,,,3,LEFT,False,,
22595,dqn,125,,,0.0,0.0,0.05,0.005329582840204239,0.5924423933029175,1.8420337438583374,0.28169283270835876,0.5747722387313843,1.8041435480117798,0.06573088467121124,0.4199937582015991,0.2586323618888855,10000,10000,1.0,412.2608184588833,412.2608184588833,5400,True,46,22500,0.0,0.0,1,FIRE,greedy,6259,6805,4605,4927,5388,17208,0.2384492830589485,0,11298,2,2,412.2608184588833,206.13040922944165,2,2,,,1,FIRE,False,,
22596,dqn,125,,,0.0,0.0,0.05,0.005329582840204239,0.5924423933029175,1.8420337438583374,0.28169283270835876,0.5747722387313843,1.8041435480117798,0.06573088467121124,0.4199937582015991,0.2586323618888855,10000,10000,1.0,412.2603596393493,412.2603596393493,5400,True,46,22500,0.0,0.0,0,NOOP,greedy,6259,6805,4605,4927,5388,17208,0.2384492830589485,1,11298,2,2,412.2603596393493,206.13017981967465,2,2,,,0,NOOP,False,,
22696,dqn,126,0.0,124,0.0,0.0,0.05,,,,,,,,,,10000,10000,1.0,412.2965446169748,412.2965446169748,5425,True,46,22500,0.0,0.0,2,RIGHT,greedy,6296,6820,4644,4936,5394,17302,0.23766302432146633,1,11348,2,2,412.2965446169748,206.1482723084874,2,2,,,2,RIGHT,False,,
22995,dqn,126,,,3.0,3.0,0.05,0.004672938026487827,0.6501010656356812,1.8526419401168823,0.27411165833473206,0.6214039921760559,1.797855019569397,0.05653218552470207,0.3846389055252075,0.3934793174266815,10000,10000,1.0,412.2245384041669,412.2245384041669,5500,True,46,22500,0.0,0.0,0,NOOP,greedy,6361,6952,4733,4950,5414,17582,0.2354322490867977,0,11498,2,2,412.2245384041669,206.11226920208344,2,2,,,0,NOOP,False,,
22996,dqn,126,,,1.0,1.0,0.05,0.004672938026487827,0.6501010656356812,1.8526419401168823,0.27411165833473206,0.6214039921760559,1.797855019569397,0.05653218552470207,0.3846389055252075,0.3934793174266815,10000,10000,1.0,412.22414232747406,412.22414232747406,5500,True,46,22500,0.0,0.0,1,FIRE,fire_reset,6361,6952,4733,4950,5414,17582,0.2354322490867977,1,11498,2,2,412.22414232747406,206.11207116373703,2,2,,,1,FIRE,False,after_life_loss,
23040,dqn,127,1.0,172,0.0,0.0,0.05,,,,,,,,,,10000,10000,1.0,412.16860175218795,412.16860175218795,5511,True,47,23000,0.0,0.0,1,FIRE,greedy,6378,6968,4737,4957,5415,17625,0.23502604166666666,1,11520,2,2,412.16860175218795,206.08430087609398,2,2,,,1,FIRE,False,,
23085,dqn,128,3.0,248,0.0,0.0,0.05,,,,,,,,,,10000,10000,1.0,412.10481105926056,412.10481105926056,5522,False,47,23000,0.0,0.0,3,LEFT,greedy,6381,6989,4747,4969,5417,17669,0.2346443732132028,0,11543,2,2,412.10481105926056,206.05240552963028,2,2,,,3,LEFT,False,,
23395,dqn,128,,,2.0,2.0,0.05,0.015410540625452995,0.5285516977310181,1.5780686140060425,0.2638961374759674,0.5777535438537598,1.6726882457733154,0.06785684078931808,0.9417257308959961,0.2911301851272583,10000,10000,1.0,411.84341611175563,411.84341611175563,5600,True,47,23000,0.0,0.0,0,NOOP,greedy,6510,7110,4802,4974,5436,17960,0.23234740981364335,0,11698,2,2,411.84341611175563,205.92170805587782,2,2,,,0,NOOP,False,,
23396,dqn,128,,,2.0,2.0,0.05,0.015410540625452995,0.5285516977310181,1.5780686140060425,0.2638961374759674,0.5777535438537598,1.6726882457733154,0.06785684078931808,0.9417257308959961,0.2911301851272583,10000,10000,1.0,411.8429463287102,411.8429463287102,5600,True,47,23000,0.0,0.0,0,NOOP,greedy,6510,7110,4802,4974,5436,17960,0.23234740981364335,1,11698,2,2,411.8429463287102,205.9214731643551,2,2,,,0,NOOP,False,,
23438,dqn,129,2.0,199,0.0,0.0,0.05,,,,,,,,,,10000,10000,1.0,411.84887563401855,411.84887563401855,5610,False,47,23000,0.0,0.0,2,RIGHT,greedy,6541,7112,4805,4980,5436,18002,0.2319310521375544,1,11719,2,2,411.84887563401855,205.92443781700928,2,2,,,2,RIGHT,False,,
23483,dqn,130,2.0,199,0.0,0.0,0.05,,,,,,,,,,10000,10000,1.0,411.84469697753286,411.84469697753286,5622,True,47,23000,0.0,0.0,1,FIRE,greedy,6563,7115,4818,4988,5437,18047,0.23151933231136093,0,11742,2,2,411.84469697753286,205.92234848876643,2,2,,,1,FIRE,False,,
23795,dqn,130,,,2.0,2.0,0.05,0.006940112914890051,0.5670757293701172,1.7716346979141235,0.25515562295913696,0.5972533226013184,1.8553158044815063,0.0410587415099144,0.6446775197982788,0.23169030249118805,10000,10000,1.0,411.65134749303354,411.65134749303354,5700,True,48,23500,0.0,0.0,2,RIGHT,greedy,6683,7242,4867,5004,5454,18342,0.2291981845688351,0,11898,2,2,411.65134749303354,205.82567374651677,2,2,,,2,RIGHT,False,,
23796,dqn,130,,,2.0,2.0,0.05,0.006940112914890051,0.5670757293701172,1.7716346979141235,0.25515562295913696,0.5972533226013184,1.8553158044815063,0.0410587415099144,0.6446775197982788,0.23169030249118805,10000,10000,1.0,411.6509551130347,411.6509551130347,5700,True,48,23500,0.0,0.0,1,FIRE,greedy,6683,7242,4867,5004,5454,18342,0.2291981845688351,1,11898,2,2,411.6509551130347,205.82547755651734,2,2,,,1,FIRE,False,,
23879,dqn,131,2.0,198,0.0,0.0,0.05,,,,,,,,,,10000,10000,1.0,411.56343518117404,411.56343518117404,5721,True,48,23500,0.0,0.0,1,FIRE,greedy,6686,7311,4874,5009,5456,18424,0.2284757118927973,0,11940,2,2,411.56343518117404,205.78171759058702,2,2,,,1,FIRE,False,,
23930,dqn,132,3.0,246,0.0,0.0,0.05,,,,,,,,,,10000,10000,1.0,411.49612245147523,411.49612245147523,5733,False,48,23500,0.0,0.0,1,FIRE,greedy,6686,7356,4878,5010,5459,18471,0.22812369410781447,1,11965,2,2,411.49612245147523,205.74806122573762,2,2,,,1,FIRE,False,,
24185,dqn,133,1.0,153,0.0,0.0,0.05,,,,,,,,,,10000,10000,1.0,411.3300737868946,411.3300737868946,5797,False,49,24000,0.0,0.0,3,LEFT,greedy,6723,7479,4924,5060,5467,18719,0.22603985776895724,0,12093,2,2,411.3300737868946,205.6650368934473,2,2,,,3,LEFT,False,,
24195,dqn,133,,,0.0,0.0,0.05,0.001673511927947402,0.4817161560058594,1.4805328845977783,0.285267174243927,0.4602583050727844,1.4614388942718506,0.03852195292711258,0.1532147228717804,0.15439756214618683,10000,10000,1.0,411.2959386827966,411.2959386827966,5800,True,49,24000,0.0,0.0,0,NOOP,greedy,6724,7481,4931,5060,5468,18728,0.22598776657298728,0,12098,2,2,411.2959386827966,205.6479693413983,2,2,,,0,NOOP,False,,
24196,dqn,133,,,2.0,2.0,0.05,0.001673511927947402,0.4817161560058594,1.4805328845977783,0.285267174243927,0.4602583050727844,1.4614388942718506,0.03852195292711258,0.1532147228717804,0.15439756214618683,10000,10000,1.0,411.29554436582646,411.29554436582646,5800,True,49,24000,0.0,0.0,2,RIGHT,greedy,6724,7481,4931,5060,5468,18728,0.22598776657298728,1,12098,2,2,411.29554436582646,205.64777218291323,2,2,,,2,RIGHT,False,,
24384,dqn,134,3.0,227,0.0,0.0,0.05,,,,,,,,,,10000,10000,1.0,411.1966992741137,411.1966992741137,5847,True,49,24000,0.0,0.0,0,NOOP,greedy,6731,7559,5028,5066,5474,18910,0.22449146981627296,1,12192,2,2,411.1966992741137,205.59834963705686,2,2,,,0,NOOP,False,,
24435,dqn,135,0.0,125,0.0,0.0,0.05,,,,,,,,,,10000,10000,1.0,411.1635313951503,411.1635313951503,5860,True,49,24000,0.0,0.0,0,NOOP,greedy,6767,7564,5033,5072,5477,18959,0.22413651988868882,0,12218,2,2,411.1635313951503,205.58176569757515,2,2,,,0,NOOP,False,,
24595,dqn,135,,,0.0,0.0,0.05,0.001955393236130476,0.509988009929657,1.7828669548034668,0.3352453410625458,0.49357354640960693,1.6923751831054688,0.046217359602451324,0.2031557559967041,0.21285949647426605,10000,10000,1.0,411.13976816426657,411.13976816426657,5900,True,50,24500,0.0,0.0,1,FIRE,greedy,6775,7659,5085,5077,5488,19108,0.22312571149780452,0,12298,2,2,411.13976816426657,205.56988408213329,2,2,,,1,FIRE,False,,
24596,dqn,135,,,1.0,1.0,0.05,0.001955393236130476,0.509988009929657,1.7828669548034668,0.3352453410625458,0.49357354640960693,1.6923751831054688,0.046217359602451324,0.2031557559967041,0.21285949647426605,10000,10000,1.0,411.1393468798924,411.1393468798924,5900,True,50,24500,0.0,0.0,2,RIGHT,greedy,6775,7659,5085,5077,5488,19108,0.22312571149780452,1,12298,2,2,411.1393468798924,205.5696734399462,2,2,,,2,RIGHT,False,,
24782,dqn,136,2.0,199,0.0,0.0,0.05,,,,,,,,,,10000,10000,1.0,410.8449969008645,410.8449969008645,5946,False,50,24500,0.0,0.0,1,FIRE,greedy,6842,7735,5116,5089,5495,19287,0.22173351626180293,1,12391,2,2,410.8449969008645,205.42249845043224,2,2,,,1,FIRE,False,,
24829,dqn,137,2.0,197,0.0,0.0,0.05,,,,,,,,,,10000,10000,1.0,410.6433571801115,410.6433571801115,5958,False,50,24500,0.0,0.0,0,NOOP,greedy,6873,7742,5120,5095,5499,19331,0.22146596858638742,0,12415,2,2,410.6433571801115,205.32167859005574,2,2,,,0,NOOP,False,,
24995,dqn,137,,,0.0,0.0,0.05,0.0006989174289628863,0.521286129951477,1.6528394222259521,0.2850364148616791,0.498493492603302,1.536897897720337,0.028990570455789566,0.11528539657592773,0.23667126893997192,10000,10000,1.0,410.38234901086594,410.38234901086594,6000,True,50,24500,0.0,0.0,3,LEFT,greedy,6930,7820,5136,5110,5506,19490,0.22027524403904625,0,12498,2,2,410.38234901086594,205.19117450543297,2,2,,,3,LEFT,False,,
24996,dqn,137,,,0.0,0.0,0.05,0.0006989174289628863,0.521286129951477,1.6528394222259521,0.2850364148616791,0.498493492603302,1.536897897720337,0.028990570455789566,0.11528539657592773,0.23667126893997192,10000,10000,1.0,410.38196900941654,410.38196900941654,6000,True,50,24500,0.0,0.0,0,NOOP,greedy,6930,7820,5136,5110,5506,19490,0.22027524403904625,1,12498,2,2,410.38196900941654,205.19098450470827,2,2,,,0,NOOP,False,,
25088,dqn,138,1.0,153,0.0,0.0,0.05,,,,,,,,,,10000,10000,1.0,410.3794442311632,410.3794442311632,6023,True,51,25000,0.0,0.0,1,FIRE,greedy,6933,7852,5149,5154,5512,19576,0.21970663265306123,1,12544,2,2,410.3794442311632,205.1897221155816,2,2,,,1,FIRE,False,,
25169,dqn,139,1.0,170,0.0,0.0,0.05,,,,,,,,,,10000,10000,1.0,410.4733309208313,410.4733309208313,6043,False,51,25000,0.0,0.0,2,RIGHT,greedy,6938,7886,5185,5161,5515,19655,0.21911005164878825,0,12585,2,2,410.4733309208313,205.23666546041565,2,2,,,2,RIGHT,False,,
25395,dqn,139,,,0.0,0.0,0.05,0.004257409367710352,0.6356855034828186,1.5996625423431396,0.3354254961013794,0.6875358819961548,1.8970468044281006,0.05774063989520073,0.32308292388916016,0.5100927352905273,10000,10000,1.0,410.2439616615667,410.2439616615667,6100,True,51,25000,0.0,0.0,3,LEFT,greedy,7003,7991,5225,5177,5525,19871,0.21755394550322885,0,12698,2,2,410.2439616615667,205.12198083078334,2,2,,,3,LEFT,False,,
25396,dqn,139,,,2.0,2.0,0.05,0.004257409367710352,0.6356855034828186,1.5996625423431396,0.3354254961013794,0.6875358819961548,1.8970468044281006,0.05774063989520073,0.32308292388916016,0.5100927352905273,10000,10000,1.0,410.2435746433942,410.2435746433942,6100,True,51,25000,0.0,0.0,2,RIGHT,greedy,7003,7991,5225,5177,5525,19871,0.21755394550322885,1,12698,2,2,410.2435746433942,205.1217873216971,2,2,,,2,RIGHT,False,,
25417,dqn,140,0.0,124,0.0,0.0,0.05,,,,,,,,,,10000,10000,1.0,410.2395958049235,410.2395958049235,6105,False,51,25000,0.0,0.0,0,NOOP,greedy,7009,7993,5237,5179,5528,19890,0.21748367298764654,0,12709,2,2,410.2395958049235,205.11979790246176,2,2,,,0,NOOP,False,,
25622,dqn,141,3.0,267,0.0,0.0,0.05,,,,,,,,,,10000,10000,1.0,410.3540649131247,410.3540649131247,6156,False,52,25500,0.0,0.0,3,LEFT,greedy,7022,8040,5299,5261,5535,20087,0.2160252907657482,1,12811,2,2,410.3540649131247,205.17703245656236,2,2,,,3,LEFT,False,,
25795,dqn,141,,,3.0,3.0,0.05,0.006153231021016836,0.6314331889152527,1.7285102605819702,0.30498290061950684,0.6349053382873535,1.8650248050689697,0.05312309414148331,0.48191821575164795,0.26620227098464966,10000,10000,1.0,410.4534760998939,410.4534760998939,6200,True,52,25500,0.0,0.0,3,LEFT,greedy,7052,8059,5368,5317,5542,20254,0.21483951000155063,0,12898,2,2,410.4534760998939,205.22673804994696,2,2,,,3,LEFT,False,,
25796,dqn,141,,,1.0,1.0,0.05,0.006153231021016836,0.6314331889152527,1.7285102605819702,0.30498290061950684,0.6349053382873535,1.8650248050689697,0.05312309414148331,0.48191821575164795,0.26620227098464966,10000,10000,1.0,410.4531116741879,410.4531116741879,6200,True,52,25500,0.0,0.0,3,LEFT,greedy,7052,8059,5368,5317,5542,20254,0.21483951000155063,1,12898,2,2,410.4531116741879,205.22655583709394,2,2,,,3,LEFT,False,,
25913,dqn,142,3.0,248,0.0,0.0,0.05,,,,,,,,,,10000,10000,1.0,410.5900935727272,410.5900935727272,6229,False,52,25500,0.0,0.0,3,LEFT,greedy,7069,8080,5403,5362,5553,20361,0.21428571428571427,0,12957,2,2,410.5900935727272,205.2950467863636,2,2,,,3,LEFT,False,,
26160,dqn,143,3.0,269,0.0,0.0,0.05,,,,,,,,,,10000,10000,1.0,410.82154646450374,410.82154646450374,6291,True,53,26000,0.0,0.0,3,LEFT,greedy,7112,8124,5482,5442,5563,20597,0.21265290519877675,1,13080,2,2,410.82154646450374,205.41077323225187,2,2,,,3,LEFT,False,,
26161,dqn,144,0.0,124,0.0,0.0,0.05,,,,,,,,,,10000,10000,1.0,410.7964395347129,410.7964395347129,6291,False,53,26000,0.0,0.0,3,LEFT,greedy,7112,8125,5482,5443,5563,20599,0.21263664857426803,0,13081,2,2,410.7964395347129,205.39821976735644,2,2,,,3,LEFT,False,,
26195,dqn,144,,,0.0,0.0,0.05,0.0013536845799535513,0.6225672960281372,1.5869842767715454,0.2734922170639038,0.6471565961837769,1.7655168771743774,0.036421097815036774,0.17853260040283203,0.24022109806537628,10000,10000,1.0,410.7823176435961,410.7823176435961,6300,True,53,26000,0.0,0.0,3,LEFT,greedy,7115,8136,5491,5454,5564,20632,0.2123988395174836,0,13098,2,2,410.7823176435961,205.39115882179806,2,2,,,3,LEFT,False,,
26196,dqn,144,,,0.0,0.0,0.05,0.0013536845799535513,0.6225672960281372,1.5869842767715454,0.2734922170639038,0.6471565961837769,1.7655168771743774,0.036421097815036774,0.17853260040283203,0.24022109806537628,10000,10000,1.0,410.7816316226655,410.7816316226655,6300,True,53,26000,0.0,0.0,1,FIRE,greedy,7115,8136,5491,5454,5564,20632,0.2123988395174836,1,13098,2,2,410.7816316226655,205.39081581133274,2,2,,,1,FIRE,False,,
26408,dqn,145,0.0,124,0.0,0.0,0.05,,,,,,,,,,10000,10000,1.0,410.9602091824699,410.9602091824699,6353,True,53,26000,0.0,0.0,3,LEFT,greedy,7118,8160,5493,5637,5574,20834,0.21107240230233262,1,13204,2,2,410.9602091824699,205.48010459123495,2,2,,,3,LEFT,False,,
26411,dqn,146,0.0,125,0.0,0.0,0.05,,,,,,,,,,10000,10000,1.0,410.92510258990075,410.92510258990075,6354,True,53,26000,0.0,0.0,3,LEFT,greedy,7118,8162,5493,5639,5574,20838,0.21104043616537937,0,13206,2,2,410.92510258990075,205.46255129495037,2,2,,,3,LEFT,False,,
26595,dqn,146,,,0.0,0.0,0.05,0.012147198431193829,0.6970052123069763,1.9391820430755615,0.2422829270362854,0.7485237121582031,1.9020969867706299,0.08475732803344727,0.6247953772544861,0.3081411123275757,10000,10000,1.0,411.15537754390874,411.15537754390874,6400,True,54,26500,0.0,0.0,2,RIGHT,greedy,7151,8204,5548,5693,5580,21016,0.2098059858625357,0,13298,2,2,411.15537754390874,205.57768877195437,2,2,,,2,RIGHT,False,,
26596,dqn,146,,,0.0,0.0,0.05,0.012147198431193829,0.6970052123069763,1.9391820430755615,0.2422829270362854,0.7485237121582031,1.9020969867706299,0.08475732803344727,0.6247953772544861,0.3081411123275757,10000,10000,1.0,411.15501142891264,411.15501142891264,6400,True,54,26500,0.0,0.0,2,RIGHT,greedy,7151,8204,5548,5693,5580,21016,0.2098059858625357,1,13298,2,2,411.15501142891264,205.57750571445632,2,2,,,2,RIGHT,False,,
26659,dqn,147,0.0,124,0.0,0.0,0.05,,,,,,,,,,10000,10000,1.0,411.182331458283,411.182331458283,6416,True,54,26500,0.0,0.0,3,LEFT,greedy,7151,8209,5579,5721,5581,21079,0.20933983495873967,0,13330,2,2,411.182331458283,205.5911657291415,2,2,,,3,LEFT,False,,
26806,dqn,148,2.0,199,0.0,0.0,0.05,,,,,,,,,,10000,10000,1.0,411.34074694991256,411.34074694991256,6452,False,54,26500,0.0,0.0,3,LEFT,greedy,7152,8270,5590,5794,5584,21222,0.2083115720361113,1,13403,2,2,411.34074694991256,205.67037347495628,2,2,,,3,LEFT,False,,
26909,dqn,149,0.0,125,0.0,0.0,0.05,,,,,,,,,,10000,10000,1.0,411.42169052325124,411.42169052325124,6478,False,54,26500,0.0,0.0,3,LEFT,greedy,7179,8284,5603,5844,5590,21320,0.20772946859903382,0,13455,2,2,411.42169052325124,205.71084526162562,2,2,,,3,LEFT,False,,
26995,dqn,149,,,0.0,0.0,0.05,0.003075293730944395,0.6141178607940674,1.9702694416046143,0.27438467741012573,0.6288423538208008,1.9461138248443604,0.046582192182540894,0.34266477823257446,0.12050969898700714,10000,10000,1.0,411.53379655091015,411.53379655091015,6500,True,54,26500,0.0,0.0,1,FIRE,greedy,7179,8315,5608,5894,5596,21400,0.20728996888427914,0,13498,2,2,411.53379655091015,205.76689827545508,2,2,,,1,FIRE,False,,
26996,dqn,149,,,0.0,0.0,0.05,0.003075293730944395,0.6141178607940674,1.9702694416046143,0.27438467741012573,0.6288423538208008,1.9461138248443604,0.046582192182540894,0.34266477823257446,0.12050969898700714,10000,10000,1.0,411.5334351963897,411.5334351963897,6500,True,54,26500,0.0,0.0,1,FIRE,greedy,7179,8315,5608,5894,5596,21400,0.20728996888427914,1,13498,2,2,411.5334351963897,205.76671759819484,2,2,,,1,FIRE,False,,
27054,dqn,150,0.0,124,0.0,0.0,0.05,,,,,,,,,,10000,10000,1.0,411.5458661852008,411.5458661852008,6514,False,55,27000,0.0,0.0,3,LEFT,greedy,7179,8361,5610,5904,5598,21456,0.20691949434464404,1,13527,2,2,411.5458661852008,205.7729330926004,2,2,,,3,LEFT,False,,
27213,dqn,151,1.0,152,0.0,0.0,0.05,,,,,,,,,,10000,10000,1.0,411.5689456613695,411.5689456613695,6554,False,55,27000,0.0,0.0,2,RIGHT,greedy,7193,8391,5671,5959,5606,21608,0.20599691335342105,0,13607,2,2,411.5689456613695,205.78447283068476,2,2,,,2,RIGHT,False,,
27395,dqn,151,,,0.0,0.0,0.05,0.005183154251426458,0.6343593001365662,1.720961093902588,0.23945394158363342,0.6831234097480774,1.7038277387619019,0.051146067678928375,0.4584944248199463,0.3231576085090637,10000,10000,1.0,411.72993455308637,411.72993455308637,6600,True,55,27000,0.0,0.0,3,LEFT,greedy,7221,8415,5759,6001,5616,21780,0.2049934296977661,0,13698,2,2,411.72993455308637,205.86496727654318,2,2,,,3,LEFT,False,,
27396,dqn,151,,,2.0,2.0,0.05,0.005183154251426458,0.6343593001365662,1.720961093902588,0.23945394158363342,0.6831234097480774,1.7038277387619019,0.051146067678928375,0.4584944248199463,0.3231576085090637,10000,10000,1.0,411.7295738028632,411.7295738028632,6600,True,55,27000,0.0,0.0,3,LEFT,greedy,7221,8415,5759,6001,5616,21780,0.2049934296977661,1,13698,2,2,411.7295738028632,205.8647869014316,2,2,,,3,LEFT,False,,
27452,dqn,152,2.0,199,0.0,0.0,0.05,,,,,,,,,,10000,10000,1.0,411.7964978026332,411.7964978026332,6614,True,55,27000,0.0,0.0,0,NOOP,greedy,7247,8440,5760,6005,5616,21836,0.20457525863325077,1,13726,2,2,411.7964978026332,205.8982489013166,2,2,,,0,NOOP,False,,
27617,dqn,153,2.0,202,0.0,0.0,0.05,,,,,,,,,,10000,10000,1.0,411.98999729812823,411.98999729812823,6655,False,56,27500,0.0,0.0,1,FIRE,greedy,7277,8527,5779,6035,5624,21994,0.20363531030487364,0,13809,2,2,411.98999729812823,205.99499864906412,2,2,,,1,FIRE,False,,
27698,dqn,154,0.0,123,0.0,0.0,0.05,,,,,,,,,,10000,10000,1.0,411.9602394439363,411.9602394439363,6675,False,56,27500,0.0,0.0,3,LEFT,greedy,7296,8551,5780,6071,5628,22070,0.2031915661780634,1,13849,2,2,411.9602394439363,205.98011972196815,2,2,,,3,LEFT,False,,
27795,dqn,154,,,0.0,0.0,0.05,0.007180332206189632,0.6719080805778503,1.8938394784927368,0.26994314789772034,0.6493730545043945,1.6679887771606445,0.04962644726037979,0.5970028638839722,0.4323262572288513,10000,10000,1.0,411.79896235944716,411.79896235944716,6700,True,56,27500,0.0,0.0,3,LEFT,greedy,7319,8561,5793,6123,5633,22163,0.20265505828176716,0,13898,2,2,411.79896235944716,205.89948117972358,2,2,,,3,LEFT,False,,
27796,dqn,154,,,0.0,0.0,0.05,0.007180332206189632,0.6719080805778503,1.8938394784927368,0.26994314789772034,0.6493730545043945,1.6679887771606445,0.04962644726037979,0.5970028638839722,0.4323262572288513,10000,10000,1.0,411.7978934989875,411.7978934989875,6700,True,56,27500,0.0,0.0,3,LEFT,greedy,7319,8561,5793,6123,5633,22163,0.20265505828176716,1,13898,2,2,411.7978934989875,205.89894674949375,2,2,,,3,LEFT,False,,
27867,dqn,155,0.0,125,0.0,0.0,0.05,,,,,,,,,,10000,10000,1.0,411.8042637119409,411.8042637119409,6718,True,56,27500,0.0,0.0,1,FIRE,greedy,7321,8571,5823,6153,5638,22230,0.20231089421558776,0,13934,2,2,411.8042637119409,205.90213185597045,2,2,,,1,FIRE,False,,
28004,dqn,156,1.0,153,0.0,0.0,0.05,,,,,,,,,,10000,10000,1.0,411.54229895544637,411.54229895544637,6752,True,57,28000,0.0,0.0,3,LEFT,greedy,7364,8588,5855,6197,5649,22355,0.2017211826881874,1,14002,2,2,411.54229895544637,205.77114947772318,2,2,,,3,LEFT,False,,
28195,dqn,156,,,2.0,2.0,0.05,0.0015527671203017235,0.6339113712310791,1.774120569229126,0.2701711356639862,0.6210188269615173,1.66569185256958,0.0369378961622715,0.20895713567733765,0.21879570186138153,10000,10000,1.0,411.3068156083855,411.3068156083855,6800,True,57,28000,0.0,0.0,3,LEFT,greedy,7365,8655,5887,6289,5658,22538,0.20066676124272947,0,14098,2,2,411.3068156083855,205.65340780419274,2,2,,,3,LEFT,False,,
28196,dqn,156,,,1.0,1.0,0.05,0.0015527671203017235,0.6339113712310791,1.774120569229126,0.2701711356639862,0.6210188269615173,1.66569185256958,0.0369378961622715,0.20895713567733765,0.21879570186138153,10000,10000,1.0,411.3064520145426,411.3064520145426,6800,True,57,28000,0.0,0.0,2,RIGHT,random,7365,8655,5887,6289,5658,22538,0.20066676124272947,1,14098,2,2,411.3064520145426,205.6532260072713,2,2,,,2,RIGHT,False,,
28295,dqn,157,3.0,214,0.0,0.0,0.05,,,,,,,,,,10000,10000,1.0,411.1883017422681,411.1883017422681,6825,True,57,28000,0.0,0.0,3,LEFT,greedy,7365,8664,5916,6351,5662,22634,0.2000989539157478,0,14148,2,2,411.1883017422681,205.59415087113405,2,2,,,3,LEFT,False,,
28534,dqn,158,3.0,265,0.0,0.0,0.05,,,,,,,,,,10000,10000,1.0,411.0922704619708,411.0922704619708,6884,False,58,28500,0.0,0.0,3,LEFT,greedy,7392,8719,5987,6436,5672,22862,0.19878040232704844,1,14267,2,2,411.0922704619708,205.5461352309854,2,2,,,3,LEFT,False,,
28595,dqn,158,,,2.0,2.0,0.05,0.005934443324804306,0.7288811802864075,1.7339422702789307,0.26698073744773865,0.7423325777053833,1.799001693725586,0.07137194275856018,0.32652390003204346,0.19960862398147583,10000,10000,1.0,411.0386880371734,411.0386880371734,6900,True,58,28500,0.0,0.0,2,RIGHT,greedy,7396,8726,6038,6436,5673,22923,0.19838438942509443,0,14298,2,2,411.0386880371734,205.5193440185867,2,2,,,2,RIGHT,False,,
28596,dqn,158,,,0.0,0.0,0.05,0.005934443324804306,0.7288811802864075,1.7339422702789307,0.26698073744773865,0.7423325777053833,1.799001693725586,0.07137194275856018,0.32652390003204346,0.19960862398147583,10000,10000,1.0,411.0383453581152,411.0383453581152,6900,True,58,28500,0.0,0.0,2,RIGHT,greedy,7396,8726,6038,6436,5673,22923,0.19838438942509443,1,14298,2,2,411.0383453581152,205.5191726790576,2,2,,,2,RIGHT,False,,
28793,dqn,159,3.0,249,0.0,0.0,0.05,,,,,,,,,,10000,10000,1.0,410.935588860124,410.935588860124,6949,False,58,28500,0.0,0.0,3,LEFT,greedy,7403,8766,6070,6555,5681,23113,0.19729804820448704,0,14397,2,2,410.935588860124,205.467794430062,2,2,,,3,LEFT,False,,
28995,dqn,160,,,0.0,0.0,0.05,0.0012922448804602027,0.648501992225647,1.6463593244552612,0.28492099046707153,0.6667314171791077,1.5981454849243164,0.03627888113260269,0.12260675430297852,0.08134789764881134,10000,10000,1.0,410.52168901146496,410.52168901146496,7000,True,58,28500,0.0,0.0,1,FIRE,fire_reset,7433,8787,6113,6663,5689,23307,0.1961994757897641,0,14498,2,2,410.52168901146496,205.26084450573248,2,2,,,3,LEFT,True,after_life_loss,
28996,dqn,160,3.0,231,0.0,0.0,0.05,0.0012922448804602027,0.648501992225647,1.6463593244552612,0.28492099046707153,0.6667314171791077,1.5981454849243164,0.03627888113260269,0.12260675430297852,0.08134789764881134,10000,10000,1.0,410.5213071550534,410.5213071550534,7000,True,58,28500,0.0,0.0,3,LEFT,greedy,7433,8787,6113,6663,5689,23307,0.1961994757897641,1,14498,2,2,410.5213071550534,205.2606535775267,2,2,,,3,LEFT,False,,
29043,dqn,161,0.0,125,0.0,0.0,0.05,,,,,,,,,,10000,10000,1.0,410.43329055536367,410.43329055536367,7012,True,59,29000,0.0,0.0,3,LEFT,greedy,7435,8791,6114,6704,5692,23352,0.19597851535601157,0,14522,2,2,410.43329055536367,205.21664527768183,2,2,,,3,LEFT,False,,
29246,dqn,162,0.0,125,0.0,0.0,0.05,,,,,,,,,,10000,10000,1.0,410.28074493198295,410.28074493198295,7062,False,59,29000,0.0,0.0,3,LEFT,greedy,7515,8810,6126,6795,5703,23543,0.19500102578130343,1,14623,2,2,410.28074493198295,205.14037246599148,2,2,,,3,LEFT,False,,
29291,dqn,163,0.0,124,0.0,0.0,0.05,,,,,,,,,,10000,10000,1.0,410.18789264648433,410.18789264648433,7074,True,59,29000,0.0,0.0,3,LEFT,greedy,7515,8813,6129,6835,5703,23589,0.19469479721425645,0,14646,2,2,410.18789264648433,205.09394632324216,2,2,,,3,LEFT,False,,
29395,dqn,163,,,0.0,0.0,0.05,0.003045705147087574,0.5558723211288452,1.7172119617462158,0.23369209468364716,0.5921967029571533,1.7988181114196777,0.04110770672559738,0.391234815120697,0.2241118997335434,10000,10000,1.0,410.1291606191894,410.1291606191894,7100,True,59,29000,0.0,0.0,1,FIRE,fire_reset,7530,8822,6140,6904,5709,23687,0.19421009661178393,0,14698,2,2,410.1291606191894,205.0645803095947,2,2,,,3,LEFT,True,after_life_loss,
29396,dqn,163,,,1.0,1.0,0.05,0.003045705147087574,0.5558723211288452,1.7172119617462158,0.23369209468364716,0.5921967029571533,1.7988181114196777,0.04110770672559738,0.391234815120697,0.2241118997335434,10000,10000,1.0,410.12884132824377,410.12884132824377,7100,True,59,29000,0.0,0.0,3,LEFT,greedy,7530,8822,6140,6904,5709,23687,0.19421009661178393,1,14698,2,2,410.12884132824377,205.06442066412188,2,2,,,3,LEFT,False,,
29650,dqn,164,2.0,202,0.0,0.0,0.05,,,,,,,,,,10000,10000,1.0,409.8132048329253,409.8132048329253,7163,False,60,29500,0.0,0.0,3,LEFT,greedy,7561,8927,6187,6975,5724,23926,0.1930522765598651,1,14825,2,2,409.8132048329253,204.90660241646265,2,2,,,3,LEFT,False,,
29697,dqn,165,2.0,203,0.0,0.0,0.05,,,,,,,,,,10000,10000,1.0,409.7149199088504,409.7149199088504,7175,False,60,29500,0.0,0.0,3,LEFT,greedy,7577,8932,6188,7001,5725,23973,0.19277392416997777,0,14849,2,2,409.7149199088504,204.8574599544252,2,2,,,3,LEFT,False,,
29795,dqn,165,,,1.0,1.0,0.05,0.004274384118616581,0.6415700316429138,1.8006118535995483,0.2664780020713806,0.652343213558197,2.096872091293335,0.057037677615880966,0.3625108003616333,0.22249293327331543,10000,10000,1.0,409.64233888998587,409.64233888998587,7200,True,60,29500,0.0,0.0,2,RIGHT,greedy,7578,8949,6258,7011,5731,24065,0.19234125385957845,0,14898,2,2,409.64233888998587,204.82116944499293,2,2,,,2,RIGHT,False,,
29796,dqn,165,,,1.0,1.0,0.05,0.004274384118616581,0.6415700316429138,1.8006118535995483,0.2664780020713806,0.652343213558197,2.096872091293335,0.057037677615880966,0.3625108003616333,0.22249293327331543,10000,10000,1.0,409.6419846456833,409.6419846456833,7200,True,60,29500,0.0,0.0,2,RIGHT,greedy,7578,8949,6258,7011,5731,24065,0.19234125385957845,1,14898,2,2,409.6419846456833,204.82099232284165,2,2,,,2,RIGHT,False,,
29956,dqn,166,1.0,153,0.0,0.0,0.05,,,,,,,,,,10000,10000,1.0,409.5485833861397,409.5485833861397,7240,True,60,29500,0.0,0.0,3,LEFT,greedy,7583,8973,6378,7022,5738,24218,0.19154760315128855,1,14978,2,2,409.5485833861397,204.77429169306984,2,2,,,3,LEFT,False,,
30191,dqn,167,3.0,247,0.0,0.0,0.05,,,,,,,,,,10000,10000,1.0,409.0258711543374,409.0258711543374,7299,True,61,30000,0.0,0.0,1,FIRE,greedy,7652,9101,6404,7035,5753,24439,0.1905471648118707,0,15096,2,2,409.0258711543374,204.5129355771687,2,2,,,1,FIRE,False,,
30195,dqn,167,,,0.0,0.0,0.05,0.0028689249884337187,0.6963269114494324,1.727400779724121,0.27974194288253784,0.7013530731201172,1.6867737770080566,0.05000729113817215,0.2518001198768616,0.18493755161762238,10000,10000,1.0,409.0084520631518,409.0084520631518,7300,True,61,30000,0.0,0.0,1,FIRE,fire_reset,7652,9105,6404,7035,5753,24443,0.19052192343356736,0,15098,2,2,409.0084520631518,204.5042260315759,2,2,,,2,RIGHT,True,initial_serve,
30196,dqn,167,,,0.0,0.0,0.05,0.0028689249884337187,0.6963269114494324,1.727400779724121,0.27974194288253784,0.7013530731201172,1.6867737770080566,0.05000729113817215,0.2518001198768616,0.18493755161762238,10000,10000,1.0,409.00784431840765,409.00784431840765,7300,True,61,30000,0.0,0.0,1,FIRE,greedy,7652,9105,6404,7035,5753,24443,0.19052192343356736,1,15098,2,2,409.00784431840765,204.50392215920382,2,2,,,1,FIRE,False,,
30202,dqn,168,0.0,123,0.0,0.0,0.05,,,,,,,,,,10000,10000,1.0,408.98133963304673,408.98133963304673,7301,False,61,30000,0.0,0.0,1,FIRE,greedy,7652,9111,6404,7035,5753,24449,0.19048407390239058,1,15101,2,2,408.98133963304673,204.49066981652336,2,2,,,1,FIRE,False,,
30529,dqn,169,1.0,169,0.0,0.0,0.05,,,,,,,,,,10000,10000,1.0,408.6077865035769,408.6077865035769,7383,False,62,30500,0.0,0.0,1,FIRE,greedy,7700,9288,6466,7076,5768,24762,0.18892892237143794,0,15265,2,2,408.6077865035769,204.30389325178845,2,2,,,1,FIRE,False,,
30595,dqn,169,,,0.0,0.0,0.05,0.002963603939861059,0.659421980381012,1.5032812356948853,0.2194860726594925,0.6715148091316223,1.5714224576950073,0.04555242508649826,0.2707248330116272,0.1378604769706726,10000,10000,1.0,408.4642954950633,408.4642954950633,7400,True,62,30500,0.0,0.0,0,NOOP,greedy,7715,9303,6489,7089,5770,24826,0.18858674336514578,0,15298,2,2,408.4642954950633,204.23214774753166,2,2,,,0,NOOP,False,,
30596,dqn,169,,,2.0,2.0,0.05,0.002963603939861059,0.659421980381012,1.5032812356948853,0.2194860726594925,0.6715148091316223,1.5714224576950073,0.04555242508649826,0.2707248330116272,0.1378604769706726,10000,10000,1.0,408.463929048018,408.463929048018,7400,True,62,30500,0.0,0.0,1,FIRE,greedy,7715,9303,6489,7089,5770,24826,0.18858674336514578,1,15298,2,2,408.463929048018,204.231964524009,2,2,,,1,FIRE,False,,
30654,dqn,170,3.0,226,0.0,0.0,0.05,,,,,,,,,,10000,10000,1.0,408.34781274710883,408.34781274710883,7414,False,62,30500,0.0,0.0,3,LEFT,greedy,7717,9335,6510,7092,5774,24880,0.18836040973445553,1,15327,2,2,408.34781274710883,204.17390637355442,2,2,,,3,LEFT,False,,
30960,dqn,171,1.0,153,0.0,0.0,0.05,,,,,,,,,,10000,10000,1.0,407.9894282022678,407.9894282022678,7491,True,62,30500,0.0,0.0,3,LEFT,greedy,7749,9469,6592,7150,5785,25175,0.18685400516795866,1,15480,2,2,407.9894282022678,203.9947141011339,2,2,,,3,LEFT,False,,
30969,dqn,172,2.0,220,0.0,0.0,0.05,,,,,,,,,,10000,10000,1.0,407.9513385729485,407.9513385729485,7493,False,62,30500,0.0,0.0,0,NOOP,greedy,7754,9471,6593,7152,5786,25184,0.18682596060703907,0,15485,2,2,407.9513385729485,203.97566928647424,2,2,,,0,NOOP,False,,
30995,dqn,172,,,0.0,0.0,0.05,0.0048715053126215935,0.6992544531822205,1.5233829021453857,0.16164197027683258,0.7305650115013123,1.7718390226364136,0.06413454562425613,0.3091392517089844,0.5158236026763916,10000,10000,1.0,407.919642736128,407.919642736128,7500,True,62,30500,0.0,0.0,0,NOOP,greedy,7764,9475,6602,7155,5788,25208,0.18673377209962574,0,15498,2,2,407.919642736128,203.959821368064,2,2,,,0,NOOP,False,,
30996,dqn,172,,,0.0,0.0,0.05,0.0048715053126215935,0.6992544531822205,1.5233829021453857,0.16164197027683258,0.7305650115013123,1.7718390226364136,0.06413454562425613,0.3091392517089844,0.5158236026763916,10000,10000,1.0,407.9193179485477,407.9193179485477,7500,True,62,30500,0.0,0.0,2,RIGHT,greedy,7764,9475,6602,7155,5788,25208,0.18673377209962574,1,15498,2,2,407.9193179485477,203.95965897427385,2,2,,,2,RIGHT,False,,
31395,dqn,172,,,3.0,3.0,0.05,0.005669193342328072,0.6943094730377197,1.7582454681396484,0.21554207801818848,0.7270259261131287,1.7727200984954834,0.061314526945352554,0.3727710247039795,0.24680720269680023,10000,10000,1.0,408.0475433871892,408.0475433871892,7600,True,63,31000,0.0,0.0,2,RIGHT,greedy,7811,9642,6726,7217,5805,25591,0.18489616511657536,0,15698,2,2,408.0475433871892,204.0237716935946,2,2,,,2,RIGHT,False,,
31396,dqn,172,,,3.0,3.0,0.05,0.005669193342328072,0.6943094730377197,1.7582454681396484,0.21554207801818848,0.7270259261131287,1.7727200984954834,0.061314526945352554,0.3727710247039795,0.24680720269680023,10000,10000,1.0,408.04692979451096,408.04692979451096,7600,True,63,31000,0.0,0.0,2,RIGHT,greedy,7811,9642,6726,7217,5805,25591,0.18489616511657536,1,15698,2,2,408.04692979451096,204.02346489725548,2,2,,,2,RIGHT,False,,
31552,dqn,173,4.0,296,0.0,0.0,0.05,,,,,,,,,,10000,10000,1.0,408.1510237955098,408.1510237955098,7639,True,64,31500,0.0,0.0,1,FIRE,greedy,7829,9714,6786,7223,5811,25741,0.1841721602434077,1,15776,2,2,408.1510237955098,204.0755118977549,2,2,,,1,FIRE,False,,
31601,dqn,174,4.0,316,0.0,0.0,0.05,,,,,,,,,,10000,10000,1.0,408.1637924791198,408.1637924791198,7651,False,64,31500,0.0,0.0,2,RIGHT,greedy,7833,9729,6817,7223,5812,25790,0.18391241060692362,0,15801,2,2,408.1637924791198,204.0818962395599,2,2,,,2,RIGHT,False,,
31795,dqn,174,,,0.0,0.0,0.05,0.003058566013351083,0.6819659471511841,1.8161473274230957,0.14226660132408142,0.7020257711410522,1.8510719537734985,0.04453030228614807,0.37410300970077515,0.18689869344234467,10000,10000,1.0,408.342989227396,408.342989227396,7700,True,64,31500,0.0,0.0,1,FIRE,greedy,7859,9781,6852,7304,5824,25972,0.18316769404956598,0,15898,2,2,408.342989227396,204.171494613698,2,2,,,1,FIRE,False,,
31796,dqn,174,,,1.0,1.0,0.05,0.003058566013351083,0.6819659471511841,1.8161473274230957,0.14226660132408142,0.7020257711410522,1.8510719537734985,0.04453030228614807,0.37410300970077515,0.18689869344234467,10000,10000,1.0,408.3427039431672,408.3427039431672,7700,True,64,31500,0.0,0.0,1,FIRE,greedy,7859,9781,6852,7304,5824,25972,0.18316769404956598,1,15898,2,2,408.3427039431672,204.1713519715836,2,2,,,1,FIRE,False,,
31851,dqn,175,0.0,125,0.0,0.0,0.05,,,,,,,,,,10000,10000,1.0,408.3705296739194,408.3705296739194,7714,True,64,31500,0.0,0.0,3,LEFT,greedy,7861,9811,6857,7323,5827,26025,0.18293984679141026,0,15926,2,2,408.3705296739194,204.1852648369597,2,2,,,3,LEFT,False,,
31896,dqn,176,1.0,172,0.0,0.0,0.05,,,,,,,,,,10000,10000,1.0,408.35680749062675,408.35680749062675,7725,True,64,31500,0.0,0.0,1,FIRE,greedy,7867,9820,6871,7338,5828,26068,0.18271883621770754,1,15948,2,2,408.35680749062675,204.17840374531337,2,2,,,1,FIRE,False,,
32195,dqn,176,,,1.0,1.0,0.05,0.004258998204022646,0.6777284145355225,2.20147967338562,0.19254890084266663,0.7268960475921631,2.1966700553894043,0.06154705956578255,0.2745468020439148,0.42389190196990967,10000,10000,1.0,408.53813227499455,408.53813227499455,7800,True,65,32000,0.0,0.0,1,FIRE,greedy,7897,9909,6987,7403,5840,26356,0.18138899242141882,0,16098,2,2,408.53813227499455,204.26906613749728,2,2,,,1,FIRE,False,,
32196,dqn,176,,,2.0,2.0,0.05,0.004258998204022646,0.6777284145355225,2.20147967338562,0.19254890084266663,0.7268960475921631,2.1966700553894043,0.06154705956578255,0.2745468020439148,0.42389190196990967,10000,10000,1.0,408.5378435271496,408.5378435271496,7800,True,65,32000,0.0,0.0,3,LEFT,greedy,7897,9909,6987,7403,5840,26356,0.18138899242141882,1,16098,2,2,408.5378435271496,204.2689217635748,2,2,,,3,LEFT,False,,
32295,dqn,177,2.0,222,0.0,0.0,0.05,,,,,,,,,,10000,10000,1.0,408.64117569839925,408.64117569839925,7825,True,65,32000,0.0,0.0,1,FIRE,greedy,7904,9938,7013,7441,5845,26451,0.18098216497399058,0,16148,2,2,408.64117569839925,204.32058784919963,2,2,,,1,FIRE,False,,
32398,dqn,178,3.0,251,0.0,0.0,0.05,,,,,,,,,,10000,10000,1.0,408.73138911954004,408.73138911954004,7850,False,65,32000,0.0,0.0,3,LEFT,greedy,7946,9960,7025,7467,5851,26547,0.18059756775109576,1,16199,2,2,408.73138911954004,204.36569455977002,2,2,,,3,LEFT,False,,
32595,dqn,178,,,2.0,2.0,0.05,0.014312773942947388,0.7191940546035767,1.634518027305603,0.2283192127943039,0.7435595989227295,1.8209930658340454,0.09152867645025253,0.7606930732727051,0.32848072052001953,10000,10000,1.0,408.9589301412377,408.9589301412377,7900,True,66,32500,0.0,0.0,2,RIGHT,greedy,7990,10076,7044,7486,5861,26735,0.1798073383237207,0,16298,2,2,408.9589301412377,204.47946507061886,2,2,,,2,RIGHT,False,,
32596,dqn,178,,,1.0,1.0,0.05,0.014312773942947388,0.7191940546035767,1.634518027305603,0.2283192127943039,0.7435595989227295,1.8209930658340454,0.09152867645025253,0.7606930732727051,0.32848072052001953,10000,10000,1.0,408.95858175252897,408.95858175252897,7900,True,66,32500,0.0,0.0,2,RIGHT,greedy,7990,10076,7044,7486,5861,26735,0.1798073383237207,1,16298,2,2,408.95858175252897,204.47929087626449,2,2,,,2,RIGHT,False,,
32657,dqn,179,2.0,181,0.0,0.0,0.05,,,,,,,,,,10000,10000,1.0,409.01405559975325,409.01405559975325,7915,False,66,32500,0.0,0.0,1,FIRE,greedy,7991,10104,7063,7500,5864,26794,0.17955784187641619,0,16329,2,2,409.01405559975325,204.50702779987662,2,2,,,1,FIRE,False,,
32963,dqn,180,1.0,153,0.0,0.0,0.05,,,,,,,,,,10000,10000,1.0,408.96026887340213,408.96026887340213,7992,True,66,32500,0.0,0.0,1,FIRE,greedy,8040,10208,7145,7571,5879,27085,0.17834607450552117,0,16482,2,2,408.96026887340213,204.48013443670106,2,2,,,1,FIRE,False,,
32995,dqn,180,,,0.0,0.0,0.05,0.005658413749188185,0.7249170541763306,1.7107844352722168,0.15250647068023682,0.7321314811706543,1.728171944618225,0.05817742645740509,0.3722393810749054,0.2619692087173462,10000,10000,1.0,408.9341731117482,408.9341731117482,8000,True,66,32500,0.0,0.0,0,NOOP,greedy,8046,10221,7150,7579,5881,27115,0.17823372530003637,0,16498,2,2,408.9341731117482,204.4670865558741,2,2,,,0,NOOP,False,,
32996,dqn,180,,,4.0,4.0,0.05,0.005658413749188185,0.7249170541763306,1.7107844352722168,0.15250647068023682,0.7321314811706543,1.728171944618225,0.05817742645740509,0.3722393810749054,0.2619692087173462,10000,10000,1.0,408.9338502730932,408.9338502730932,8000,True,66,32500,0.0,0.0,0,NOOP,greedy,8046,10221,7150,7579,5881,27115,0.17823372530003637,1,16498,2,2,408.9338502730932,204.4669251365466,2,2,,,0,NOOP,False,,
33140,dqn,181,6.0,371,0.0,0.0,0.05,,,,,,,,,,10000,10000,1.0,409.01572252157905,409.01572252157905,8036,True,67,33000,0.0,0.0,0,NOOP,greedy,8100,10270,7172,7598,5887,27253,0.1776403138201569,1,16570,2,2,409.01572252157905,204.50786126078953,2,2,,,0,NOOP,False,,
33383,dqn,182,3.0,210,0.0,0.0,0.05,,,,,,,,,,10000,10000,1.0,408.8470904920832,408.8470904920832,8097,True,67,33000,0.0,0.0,1,FIRE,greedy,8175,10424,7179,7606,5896,27488,0.17661155044332613,0,16692,2,2,408.8470904920832,204.4235452460416,2,2,,,1,FIRE,False,,
33395,dqn,182,,,0.0,0.0,0.05,0.0021448906045407057,0.7470850944519043,2.0030243396759033,0.197995126247406,0.7419543862342834,1.9542837142944336,0.04776740074157715,0.18339276313781738,0.2808693051338196,10000,10000,1.0,408.8172128577404,408.8172128577404,8100,True,67,33000,0.0,0.0,3,LEFT,random,8178,10430,7179,7609,5897,27499,0.17657803329740088,0,16698,2,2,408.8172128577404,204.4086064288702,2,2,,,3,LEFT,False,,
33396,dqn,182,,,2.0,2.0,0.05,0.0021448906045407057,0.7470850944519043,2.0030243396759033,0.197995126247406,0.7419543862342834,1.9542837142944336,0.04776740074157715,0.18339276313781738,0.2808693051338196,10000,10000,1.0,408.81692309480206,408.81692309480206,8100,True,67,33000,0.0,0.0,0,NOOP,greedy,8178,10430,7179,7609,5897,27499,0.17657803329740088,1,16698,2,2,408.81692309480206,204.40846154740103,2,2,,,0,NOOP,False,,
33631,dqn,183,0.0,124,0.0,0.0,0.05,,,,,,,,,,10000,10000,1.0,408.52105390099933,408.52105390099933,8159,True,68,33500,0.0,0.0,3,LEFT,greedy,8232,10579,7183,7638,5906,27726,0.17560656517602283,0,16816,2,2,408.52105390099933,204.26052695049967,2,2,,,3,LEFT,False,,
33772,dqn,184,6.0,316,0.0,0.0,0.05,,,,,,,,,,10000,10000,1.0,408.3945763960751,408.3945763960751,8194,True,68,33500,0.0,0.0,2,RIGHT,greedy,8254,10668,7197,7653,5910,27862,0.17499703896719176,1,16886,2,2,408.3945763960751,204.19728819803754,2,2,,,2,RIGHT,False,,
33795,dqn,184,,,1.0,1.0,0.05,0.004328854847699404,0.7054561376571655,1.4133950471878052,0.32279616594314575,0.7302023768424988,1.575112223625183,0.057343970984220505,0.28238290548324585,0.27123913168907166,10000,10000,1.0,408.3577654427518,408.3577654427518,8200,True,68,33500,0.0,0.0,0,NOOP,greedy,8272,10672,7197,7655,5911,27885,0.17490235530832052,0,16898,2,2,408.3577654427518,204.1788827213759,2,2,,,0,NOOP,False,,
33796,dqn,184,,,0.0,0.0,0.05,0.004328854847699404,0.7054561376571655,1.4133950471878052,0.32279616594314575,0.7302023768424988,1.575112223625183,0.057343970984220505,0.28238290548324585,0.27123913168907166,10000,10000,1.0,408.3574965289603,408.3574965289603,8200,True,68,33500,0.0,0.0,0,NOOP,greedy,8272,10672,7197,7655,5911,27885,0.17490235530832052,1,16898,2,2,408.3574965289603,204.17874826448016,2,2,,,0,NOOP,False,,
33937,dqn,185,1.0,153,0.0,0.0,0.05,,,,,,,,,,10000,10000,1.0,408.3316918587255,408.3316918587255,8235,False,68,33500,0.0,0.0,1,FIRE,greedy,8369,10712,7200,7657,5917,28021,0.17434733926571985,0,16969,2,2,408.3316918587255,204.16584592936275,2,2,,,1,FIRE,False,,
34183,dqn,186,0.0,123,0.0,0.0,0.05,,,,,,,,,,10000,10000,1.0,407.98032380519743,407.98032380519743,8297,True,69,34000,0.0,0.0,0,NOOP,greedy,8397,10869,7245,7673,5933,28251,0.1735607301661596,0,17092,2,2,407.98032380519743,203.99016190259871,2,2,,,0,NOOP,False,,
34195,dqn,186,,,0.0,0.0,0.05,0.00269838678650558,0.7580657601356506,2.080965518951416,0.2825460135936737,0.7417635917663574,1.8340195417404175,0.05120255425572395,0.24694597721099854,0.3416253328323364,10000,10000,1.0,407.9394371931853,407.9394371931853,8300,True,69,34000,0.0,0.0,3,LEFT,greedy,8397,10873,7251,7675,5933,28263,0.17349982454088198,0,17098,2,2,407.9394371931853,203.96971859659266,2,2,,,3,LEFT,False,,
34196,dqn,186,,,3.0,3.0,0.05,0.00269838678650558,0.7580657601356506,2.080965518951416,0.2825460135936737,0.7417635917663574,1.8340195417404175,0.05120255425572395,0.24694597721099854,0.3416253328323364,10000,10000,1.0,407.93914617717957,407.93914617717957,8300,True,69,34000,0.0,0.0,2,RIGHT,greedy,8397,10873,7251,7675,5933,28263,0.17349982454088198,1,17098,2,2,407.93914617717957,203.96957308858978,2,2,,,2,RIGHT,False,,
34228,dqn,187,3.0,228,0.0,0.0,0.05,,,,,,,,,,10000,10000,1.0,407.84918749387697,407.84918749387697,8308,True,69,34000,0.0,0.0,1,FIRE,greedy,8399,10898,7254,7677,5933,28295,0.17333761832417904,1,17114,2,2,407.84918749387697,203.92459374693848,2,2,,,1,FIRE,False,,
34478,dqn,188,0.0,125,0.0,0.0,0.05,,,,,,,,,,10000,10000,1.0,407.54645392702304,407.54645392702304,8370,False,69,34000,0.0,0.0,2,RIGHT,greedy,8404,11000,7368,7706,5947,28531,0.1724868031788387,1,17239,2,2,407.54645392702304,203.77322696351152,2,2,,,2,RIGHT,False,,
34581,dqn,189,2.0,199,0.0,0.0,0.05,,,,,,,,,,10000,10000,1.0,407.3622800917497,407.3622800917497,8396,False,70,34500,0.0,0.0,1,FIRE,greedy,8411,11084,7379,7708,5951,28631,0.17208374298768145,0,17291,2,2,407.3622800917497,203.68114004587486,2,2,,,1,FIRE,False,,
34595,dqn,189,,,0.0,0.0,0.05,0.006799932569265366,0.7659190893173218,1.4417551755905151,0.295409619808197,0.7939411997795105,1.4899930953979492,0.07374168187379837,0.3747599720954895,0.3931884169578552,10000,10000,1.0,407.277287935664,407.277287935664,8400,True,70,34500,0.0,0.0,0,NOOP,greedy,8413,11090,7382,7711,5952,28644,0.17204301075268819,0,17298,2,2,407.277287935664,203.638643967832,2,2,,,0,NOOP,False,,
34596,dqn,189,,,1.0,1.0,0.05,0.006799932569265366,0.7659190893173218,1.4417551755905151,0.295409619808197,0.7939411997795105,1.4899930953979492,0.07374168187379837,0.3747599720954895,0.3931884169578552,10000,10000,1.0,407.27699642278617,407.27699642278617,8400,True,70,34500,0.0,0.0,1,FIRE,greedy,8413,11090,7382,7711,5952,28644,0.17204301075268819,1,17298,2,2,407.27699642278617,203.63849821139308,2,2,,,1,FIRE,False,,
34782,dqn,190,1.0,152,0.0,0.0,0.05,,,,,,,,,,10000,10000,1.0,407.11133683949663,407.11133683949663,8446,False,70,34500,0.0,0.0,1,FIRE,greedy,8470,11128,7459,7725,5964,28818,0.17146800069001208,1,17391,2,2,407.11133683949663,203.55566841974832,2,2,,,1,FIRE,False,,
34995,dqn,190,,,3.0,3.0,0.05,0.0057196952402591705,0.7747808694839478,1.7068768739700317,0.30446821451187134,0.8279980421066284,1.747949481010437,0.05933026969432831,0.38816702365875244,0.5764099955558777,10000,10000,1.0,406.986033656166,406.986033656166,8500,True,70,34500,0.0,0.0,2,RIGHT,greedy,8550,11206,7512,7728,5973,29023,0.17067664875985827,0,17498,2,2,406.986033656166,203.493016828083,2,2,,,2,RIGHT,False,,
34996,dqn,190,,,0.0,0.0,0.05,0.0057196952402591705,0.7747808694839478,1.7068768739700317,0.30446821451187134,0.8279980421066284,1.747949481010437,0.05933026969432831,0.38816702365875244,0.5764099955558777,10000,10000,1.0,406.9857406803334,406.9857406803334,8500,True,70,34500,0.0,0.0,1,FIRE,greedy,8550,11206,7512,7728,5973,29023,0.17067664875985827,1,17498,2,2,406.9857406803334,203.4928703401667,2,2,,,1,FIRE,False,,
35084,dqn,191,1.0,151,0.0,0.0,0.05,,,,,,,,,,10000,10000,1.0,406.9289071549101,406.9289071549101,8522,True,71,35000,0.0,0.0,2,RIGHT,greedy,8552,11217,7581,7734,5978,29106,0.17039106145251395,1,17542,2,2,406.9289071549101,203.46445357745506,2,2,,,2,RIGHT,False,,
35175,dqn,192,4.0,297,0.0,0.0,0.05,,,,,,,,,,10000,10000,1.0,406.7810883875962,406.7810883875962,8545,True,71,35000,0.0,0.0,2,RIGHT,greedy,8573,11222,7642,7739,5987,29189,0.1702012735956334,0,17588,2,2,406.7810883875962,203.3905441937981,2,2,,,2,RIGHT,False,,
35334,dqn,193,0.0,125,0.0,0.0,0.05,,,,,,,,,,10000,10000,1.0,406.78014196271226,406.78014196271226,8584,False,71,35000,0.0,0.0,2,RIGHT,greedy,8606,11263,7724,7741,5991,29343,0.1695534046527424,1,17667,2,2,406.78014196271226,203.39007098135613,2,2,,,2,RIGHT,False,,
35395,dqn,193,,,0.0,0.0,0.05,0.0013849497772753239,0.6643325686454773,1.6973341703414917,0.2533619999885559,0.6990266442298889,1.6717860698699951,0.039825521409511566,0.14923185110092163,0.18775874376296997,10000,10000,1.0,406.8458071346508,406.8458071346508,8600,True,71,35000,0.0,0.0,1,FIRE,greedy,8607,11288,7757,7744,5994,29402,0.1693411684936151,0,17698,2,2,406.8458071346508,203.4229035673254,2,2,,,1,FIRE,False,,
35396,dqn,193,,,0.0,0.0,0.05,0.0013849497772753239,0.6643325686454773,1.6973341703414917,0.2533619999885559,0.6990266442298889,1.6717860698699951,0.039825521409511566,0.14923185110092163,0.18775874376296997,10000,10000,1.0,406.84556256231156,406.84556256231156,8600,True,71,35000,0.0,0.0,2,RIGHT,greedy,8607,11288,7757,7744,5994,29402,0.1693411684936151,1,17698,2,2,406.84556256231156,203.42278128115578,2,2,,,2,RIGHT,False,,
35425,dqn,194,0.0,125,0.0,0.0,0.05,,,,,,,,,,10000,10000,1.0,406.8778902268089,406.8778902268089,8607,False,71,35000,0.0,0.0,1,FIRE,greedy,8607,11304,7771,7744,5995,29431,0.16922599220911194,0,17713,2,2,406.8778902268089,203.43894511340446,2,2,,,1,FIRE,False,,
35795,dqn,194,,,3.0,3.0,0.05,0.008524111472070217,0.8461967706680298,1.7823596000671387,0.20831485092639923,0.9208596348762512,1.7975119352340698,0.07845370471477509,0.45813262462615967,0.8919358253479004,10000,10000,1.0,407.1600151024505,407.1600151024505,8700,True,72,35500,0.0,0.0,3,LEFT,greedy,8686,11379,7930,7801,6009,29787,0.1678679182031512,0,17898,2,2,407.1600151024505,203.58000755122524,2,2,,,3,LEFT,False,,
35796,dqn,194,,,3.0,3.0,0.05,0.008524111472070217,0.8461967706680298,1.7823596000671387,0.20831485092639923,0.9208596348762512,1.7975119352340698,0.07845370471477509,0.45813262462615967,0.8919358253479004,10000,10000,1.0,407.1597668692864,407.1597668692864,8700,True,72,35500,0.0,0.0,1,FIRE,greedy,8686,11379,7930,7801,6009,29787,0.1678679182031512,1,17898,2,2,407.1597668692864,203.5798834346432,2,2,,,1,FIRE,False,,
35828,dqn,195,3.0,247,0.0,0.0,0.05,,,,,,,,,,10000,10000,1.0,407.1546286851167,407.1546286851167,8708,True,72,35500,0.0,0.0,1,FIRE,greedy,8686,11407,7934,7801,6012,29816,0.16780171932566706,1,17914,2,2,407.1546286851167,203.57731434255834,2,2,,,1,FIRE,False,,
36141,dqn,196,6.0,358,0.0,0.0,0.05,,,,,,,,,,10000,10000,1.0,407.40261117870193,407.40261117870193,8786,False,73,36000,0.0,0.0,2,RIGHT,random,8719,11527,8056,7840,6031,30111,0.16686957002932876,0,18071,2,2,407.40261117870193,203.70130558935097,2,2,,,2,RIGHT,False,,
36195,dqn,196,,,0.0,0.0,0.05,0.001388861914165318,0.7485823631286621,1.750891089439392,0.3513288199901581,0.7856652736663818,1.7177456617355347,0.03901348635554314,0.14658081531524658,0.2780802845954895,10000,10000,1.0,407.4447265727124,407.4447265727124,8800,True,73,36000,0.0,0.0,3,LEFT,greedy,8731,11531,8089,7845,6038,30158,0.16681401259807713,0,18098,2,2,407.4447265727124,203.7223632863562,2,2,,,3,LEFT,False,,
36196,dqn,196,,,2.0,2.0,0.05,0.001388861914165318,0.7485823631286621,1.750891089439392,0.3513288199901581,0.7856652736663818,1.7177456617355347,0.03901348635554314,0.14658081531524658,0.2780802845954895,10000,10000,1.0,407.44447615283315,407.44447615283315,8800,True,73,36000,0.0,0.0,2,RIGHT,greedy,8731,11531,8089,7845,6038,30158,0.16681401259807713,1,18098,2,2,407.44447615283315,203.72223807641657,2,2,,,2,RIGHT,False,,
36322,dqn,197,3.0,247,0.0,0.0,0.05,,,,,,,,,,10000,10000,1.0,407.55577391005284,407.55577391005284,8831,False,73,36000,0.0,0.0,2,RIGHT,greedy,8751,11540,8175,7856,6046,30276,0.16645559165244206,1,18161,2,2,407.55577391005284,203.77788695502642,2,2,,,2,RIGHT,False,,
36595,dqn,197,,,4.0,4.0,0.05,0.0009961521718651056,0.807657778263092,1.772867202758789,0.37783241271972656,0.8178683519363403,1.7702322006225586,0.03216034173965454,0.11464720964431763,0.0693131610751152,10000,10000,1.0,407.8980552769383,407.8980552769383,8900,True,74,36500,0.0,0.0,2,RIGHT,greedy,8790,11555,8371,7880,6052,30544,0.1653732648376872,0,18298,2,2,407.8980552769383,203.94902763846915,2,2,,,2,RIGHT,False,,
36596,dqn,197,,,2.0,2.0,0.05,0.0009961521718651056,0.807657778263092,1.772867202758789,0.37783241271972656,0.8178683519363403,1.7702322006225586,0.03216034173965454,0.11464720964431763,0.0693131610751152,10000,10000,1.0,407.89777339900087,407.89777339900087,8900,True,74,36500,0.0,0.0,0,NOOP,greedy,8790,11555,8371,7880,6052,30544,0.1653732648376872,1,18298,2,2,407.89777339900087,203.94888669950043,2,2,,,0,NOOP,False,,
36733,dqn,198,4.0,296,0.0,0.0,0.05,,,,,,,,,,10000,10000,1.0,408.03282426926614,408.03282426926614,8934,False,74,36500,0.0,0.0,1,FIRE,greedy,8810,11592,8439,7893,6060,30674,0.1649697827625633,0,18367,2,2,408.03282426926614,204.01641213463307,2,2,,,1,FIRE,False,,
36995,dqn,198,,,0.0,0.0,0.05,0.00893155112862587,0.7057034969329834,1.6508561372756958,0.3095976710319519,0.7372305989265442,1.689916968345642,0.07004600763320923,0.5944628119468689,0.18706808984279633,10000,10000,1.0,408.3016524127885,408.3016524127885,9000,True,74,36500,0.0,0.0,1,FIRE,greedy,8857,11631,8580,7928,6074,30922,0.16417991134176668,0,18498,2,2,408.3016524127885,204.15082620639424,2,2,,,1,FIRE,False,,
36996,dqn,198,,,5.0,5.0,0.05,0.00893155112862587,0.7057034969329834,1.6508561372756958,0.3095976710319519,0.7372305989265442,1.689916968345642,0.07004600763320923,0.5944628119468689,0.18706808984279633,10000,10000,1.0,408.30140547507835,408.30140547507835,9000,True,74,36500,0.0,0.0,2,RIGHT,greedy,8857,11631,8580,7928,6074,30922,0.16417991134176668,1,18498,2,2,408.30140547507835,204.15070273753918,2,2,,,2,RIGHT,False,,
37122,dqn,199,9.0,400,0.0,0.0,0.05,,,,,,,,,,10000,10000,1.0,408.4250377108026,408.4250377108026,9031,False,75,37000,0.0,0.0,3,LEFT,greedy,8870,11658,8622,7972,6082,31040,0.16383815527180648,1,18561,2,2,408.4250377108026,204.2125188554013,2,2,,,3,LEFT,False,,
37135,dqn,200,2.0,201,0.0,0.0,0.05,,,,,,,,,,10000,10000,1.0,408.3832984204082,408.3832984204082,9035,True,75,37000,0.0,0.0,3,LEFT,greedy,8870,11660,8624,7982,6082,31054,0.16377638948728995,0,18568,2,2,408.3832984204082,204.1916492102041,2,2,,,3,LEFT,False,,
37395,dqn,200,,,1.0,1.0,0.05,0.003160143503919244,0.8915819525718689,1.8222846984863281,0.5621024370193481,0.9075045585632324,1.9671242237091064,0.059173569083213806,0.22029399871826172,0.13297437131404877,10000,10000,1.0,408.6617025897865,408.6617025897865,9100,True,75,37000,0.0,0.0,3,LEFT,greedy,8885,11791,8682,8038,6093,31303,0.1629318643705209,0,18698,2,2,408.6617025897865,204.33085129489325,2,2,,,3,LEFT,False,,
37396,dqn,200,,,2.0,2.0,0.05,0.003160143503919244,0.8915819525718689,1.8222846984863281,0.5621024370193481,0.9075045585632324,1.9671242237091064,0.059173569083213806,0.22029399871826172,0.13297437131404877,10000,10000,1.0,408.6614029317171,408.6614029317171,9100,True,75,37000,0.0,0.0,2,RIGHT,greedy,8885,11791,8682,8038,6093,31303,0.1629318643705209,1,18698,2,2,408.6614029317171,204.33070146585854,2,2,,,2,RIGHT,False,,
37475,dqn,201,1.0,170,0.0,0.0,0.05,,,,,,,,,,10000,10000,1.0,408.6932736632388,408.6932736632388,9120,True,75,37000,0.0,0.0,2,RIGHT,greedy,8887,11799,8733,8057,6094,31382,0.16261073753869143,0,18738,2,2,408.6932736632388,204.3466368316194,2,2,,,2,RIGHT,False,,
37484,dqn,202,2.0,181,0.0,0.0,0.05,,,,,,,,,,10000,10000,1.0,408.67597463174144,408.67597463174144,9122,True,75,37000,0.0,0.0,2,RIGHT,greedy,8887,11801,8739,8057,6094,31390,0.16257603244050794,1,18742,2,2,408.67597463174144,204.33798731587072,2,2,,,2,RIGHT,False,,
37795,dqn,202,,,2.0,2.0,0.05,0.0038625551387667656,0.8856281042098999,1.689192533493042,0.39583998918533325,0.9287558794021606,1.6830130815505981,0.05462052673101425,0.29168272018432617,0.36722466349601746,10000,10000,1.0,408.79168448354335,408.79168448354335,9200,True,76,37500,0.0,0.0,1,FIRE,greedy,8919,11864,8894,8119,6104,31692,0.16149857127738385,0,18898,2,2,408.79168448354335,204.39584224177167,2,2,,,1,FIRE,False,,
37796,dqn,202,,,2.0,2.0,0.05,0.0038625551387667656,0.8856281042098999,1.689192533493042,0.39583998918533325,0.9287558794021606,1.6830130815505981,0.05462052673101425,0.29168272018432617,0.36722466349601746,10000,10000,1.0,408.7914386549106,408.7914386549106,9200,True,76,37500,0.0,0.0,3,LEFT,greedy,8919,11864,8894,8119,6104,31692,0.16149857127738385,1,18898,2,2,408.7914386549106,204.3957193274553,2,2,,,3,LEFT,False,,
37969,dqn,203,3.0,247,0.0,0.0,0.05,,,,,,,,,,10000,10000,1.0,408.767017968288,408.767017968288,9243,False,76,37500,0.0,0.0,1,FIRE,greedy,8928,11944,8912,8186,6117,31853,0.16110086910718988,0,18985,2,2,408.767017968288,204.383508984144,2,2,,,1,FIRE,False,,
38040,dqn,204,4.0,278,0.0,0.0,0.05,,,,,,,,,,10000,10000,1.0,408.68760038496765,408.68760038496765,9261,True,77,38000,0.0,0.0,2,RIGHT,greedy,8935,11963,8941,8201,6119,31921,0.160856992639327,1,19020,2,2,408.68760038496765,204.34380019248383,2,2,,,2,RIGHT,False,,
38195,dqn,204,,,2.0,2.0,0.05,0.004954857751727104,0.8790236711502075,1.54088294506073,0.49676212668418884,0.9068343639373779,1.5652846097946167,0.06523699313402176,0.4158899188041687,0.22161749005317688,10000,10000,1.0,408.5685012613398,408.5685012613398,9300,True,77,38000,0.0,0.0,2,RIGHT,greedy,8962,11975,9002,8257,6124,32072,0.1603309247041575,0,19098,2,2,408.5685012613398,204.2842506306699,2,2,,,2,RIGHT,False,,
38196,dqn,204,,,1.0,1.0,0.05,0.004954857751727104,0.8790236711502075,1.54088294506073,0.49676212668418884,0.9068343639373779,1.5652846097946167,0.06523699313402176,0.4158899188041687,0.22161749005317688,10000,10000,1.0,408.56825521289494,408.56825521289494,9300,True,77,38000,0.0,0.0,3,LEFT,greedy,8962,11975,9002,8257,6124,32072,0.1603309247041575,1,19098,2,2,408.56825521289494,204.28412760644747,2,2,,,3,LEFT,False,,
38543,dqn,205,5.0,287,0.0,0.0,0.05,,,,,,,,,,10000,10000,1.0,408.35453544106883,408.35453544106883,9387,True,78,38500,0.0,0.0,3,LEFT,greedy,8974,12164,9072,8334,6141,32403,0.15932440846824408,0,19272,2,2,408.35453544106883,204.17726772053442,2,2,,,3,LEFT,False,,
38576,dqn,206,3.0,268,0.0,0.0,0.05,,,,,,,,,,10000,10000,1.0,408.3024069168957,408.3024069168957,9395,True,78,38500,0.0,0.0,1,FIRE,greedy,8974,12194,9073,8335,6144,32432,0.15927001244296973,1,19288,2,2,408.3024069168957,204.15120345844784,2,2,,,1,FIRE,False,,
38595,dqn,206,,,0.0,0.0,0.05,0.00601086625829339,0.8382694721221924,1.792449712753296,0.2805923819541931,0.9132605791091919,1.9540414810180664,0.0775705948472023,0.36967992782592773,0.5863091945648193,10000,10000,1.0,408.2676751388917,408.2676751388917,9400,True,78,38500,0.0,0.0,1,FIRE,fire_reset,8974,12212,9075,8335,6144,32452,0.1591874805679345,0,19298,2,2,408.2676751388917,204.13383756944586,2,2,,,1,FIRE,False,after_life_loss,
38596,dqn,206,,,0.0,0.0,0.05,0.00601086625829339,0.8382694721221924,1.792449712753296,0.2805923819541931,0.9132605791091919,1.9540414810180664,0.0775705948472023,0.36967992782592773,0.5863091945648193,10000,10000,1.0,408.26738060715604,408.26738060715604,9400,True,78,38500,0.0,0.0,2,RIGHT,greedy,8974,12212,9075,8335,6144,32452,0.1591874805679345,1,19298,2,2,408.26738060715604,204.13369030357802,2,2,,,2,RIGHT,False,,
38826,dqn,207,0.0,125,0.0,0.0,0.05,,,,,,,,,,10000,10000,1.0,408.1163796546564,408.1163796546564,9457,False,78,38500,0.0,0.0,3,LEFT,greedy,8985,12257,9225,8359,6152,32674,0.1584505228455159,1,19413,2,2,408.1163796546564,204.0581898273282,2,2,,,3,LEFT,False,,
38995,dqn,207,,,3.0,3.0,0.05,0.005392418242990971,0.8947806358337402,1.7008190155029297,0.4018803834915161,0.8352497816085815,1.6317050457000732,0.06730358302593231,0.4027303457260132,0.9754141569137573,10000,10000,1.0,408.0014533954606,408.0014533954606,9500,True,78,38500,0.0,0.0,3,LEFT,greedy,9003,12278,9288,8427,6162,32834,0.15801620679044004,0,19498,2,2,408.0014533954606,204.0007266977303,2,2,,,3,LEFT,False,,
38996,dqn,207,,,1.0,1.0,0.05,0.005392418242990971,0.8947806358337402,1.7008190155029297,0.4018803834915161,0.8352497816085815,1.6317050457000732,0.06730358302593231,0.4027303457260132,0.9754141569137573,10000,10000,1.0,408.0012139169391,408.0012139169391,9500,True,78,38500,0.0,0.0,3,LEFT,greedy,9003,12278,9288,8427,6162,32834,0.15801620679044004,1,19498,2,2,408.0012139169391,204.00060695846955,2,2,,,3,LEFT,False,,
39037,dqn,208,3.0,247,0.0,0.0,0.05,,,,,,,,,,10000,10000,1.0,407.92687030473206,407.92687030473206,9510,False,79,39000,0.0,0.0,2,RIGHT,greedy,9004,12282,9308,8444,6163,32875,0.15787181720375018,0,19519,2,2,407.92687030473206,203.96343515236603,2,2,,,2,RIGHT,False,,
39395,dqn,208,,,2.0,2.0,0.05,0.003972610458731651,1.0296144485473633,2.041562795639038,0.47195857763290405,1.0106126070022583,1.950627088546753,0.06475020200014114,0.21714812517166138,0.6607967019081116,10000,10000,1.0,407.5796738213529,407.5796738213529,9600,True,79,39000,0.0,0.0,1,FIRE,greedy,9029,12395,9420,8552,6182,33214,0.15691948421159507,0,19698,2,2,407.5796738213529,203.78983691067646,2,2,,,1,FIRE,False,,
39396,dqn,208,,,4.0,4.0,0.05,0.003972610458731651,1.0296144485473633,2.041562795639038,0.47195857763290405,1.0106126070022583,1.950627088546753,0.06475020200014114,0.21714812517166138,0.6607967019081116,10000,10000,1.0,407.57942714403174,407.57942714403174,9600,True,79,39000,0.0,0.0,2,RIGHT,greedy,9029,12395,9420,8552,6182,33214,0.15691948421159507,1,19698,2,2,407.57942714403174,203.78971357201587,2,2,,,2,RIGHT,False,,
39418,dqn,209,4.0,296,0.0,0.0,0.05,,,,,,,,,,10000,10000,1.0,407.5457362924119,407.5457362924119,9605,False,79,39000,0.0,0.0,1,FIRE,greedy,9029,12414,9421,8554,6182,33236,0.15683190420620022,1,19709,2,2,407.5457362924119,203.77286814620595,2,2,,,1,FIRE,False,,
39435,dqn,210,2.0,199,0.0,0.0,0.05,,,,,,,,,,10000,10000,1.0,407.5108692455215,407.5108692455215,9610,True,79,39000,0.0,0.0,1,FIRE,greedy,9030,12426,9422,8558,6182,33254,0.15676032051932245,0,19718,2,2,407.5108692455215,203.75543462276076,2,2,,,1,FIRE,False,,
39724,dqn,211,1.0,153,0.0,0.0,0.05,,,,,,,,,,10000,10000,1.0,407.55211719670723,407.55211719670723,9682,True,80,39500,0.0,0.0,1,FIRE,greedy,9046,12484,9532,8662,6195,33529,0.15595106233007752,1,19862,2,2,407.55211719670723,203.77605859835361,2,2,,,1,FIRE,False,,
39795,dqn,211,,,2.0,2.0,0.05,0.0056424448266625404,0.9586677551269531,1.8442491292953491,0.3677294850349426,0.994788646697998,2.003673553466797,0.06916750967502594,0.2837955951690674,0.4400923550128937,10000,10000,1.0,407.50910335959867,407.50910335959867,9700,True,80,39500,0.0,0.0,2,RIGHT,greedy,9046,12506,9558,8686,6197,33599,0.15571916775555333,0,19898,2,2,407.50910335959867,203.75455167979933,2,2,,,2,RIGHT,False,,
39796,dqn,211,,,0.0,0.0,0.05,0.0056424448266625404,0.9586677551269531,1.8442491292953491,0.3677294850349426,0.994788646697998,2.003673553466797,0.06916750967502594,0.2837955951690674,0.4400923550128937,10000,10000,1.0,407.5088600818019,407.5088600818019,9700,True,80,39500,0.0,0.0,2,RIGHT,greedy,9046,12506,9558,8686,6197,33599,0.15571916775555333,1,19898,2,2,407.5088600818019,203.75443004090096,2,2,,,2,RIGHT,False,,
39835,dqn,212,2.0,200,0.0,0.0,0.05,,,,,,,,,,10000,10000,1.0,407.489743315408,407.489743315408,9710,True,80,39500,0.0,0.0,3,LEFT,greedy,9047,12512,9566,8711,6198,33638,0.15558791043277437,0,19918,2,2,407.489743315408,203.744871657704,2,2,,,3,LEFT,False,,
40030,dqn,213,1.0,153,0.0,0.0,0.05,,,,,,,,,,10000,10000,1.0,407.37924753928667,407.37924753928667,9758,False,81,40000,0.0,0.0,2,RIGHT,greedy,9057,12535,9643,8795,6214,33816,0.15523357481888583,1,20015,2,2,407.37924753928667,203.68962376964333,2,2,,,2,RIGHT,False,,
40195,dqn,213,,,2.0,2.0,0.05,0.0034621504601091146,1.1180675029754639,1.8511730432510376,0.342438280582428,1.108884572982788,1.832798719406128,0.052019260823726654,0.342438280582428,0.24099200963974,10000,10000,1.0,406.9774190758196,406.9774190758196,9800,True,81,40000,0.0,0.0,1,FIRE,greedy,9080,12583,9697,8836,6226,33970,0.15489103393372475,0,20098,2,2,406.9774190758196,203.4887095379098,2,2,,,1,FIRE,False,,
40196,dqn,213,,,2.0,2.0,0.05,0.0034621504601091146,1.1180675029754639,1.8511730432510376,0.342438280582428,1.108884572982788,1.832798719406128,0.052019260823726654,0.342438280582428,0.24099200963974,10000,10000,1.0,406.97695468740545,406.97695468740545,9800,True,81,40000,0.0,0.0,3,LEFT,greedy,9080,12583,9697,8836,6226,33970,0.15489103393372475,1,20098,2,2,406.97695468740545,203.48847734370273,2,2,,,3,LEFT,False,,
40428,dqn,214,2.0,199,0.0,0.0,0.05,,,,,,,,,,10000,10000,1.0,406.8622620119042,406.8622620119042,9858,True,81,40000,0.0,0.0,1,FIRE,greedy,9112,12631,9784,8901,6238,34190,0.15429900069258928,1,20214,2,2,406.8622620119042,203.4311310059521,2,2,,,1,FIRE,False,,
40429,dqn,215,4.0,297,0.0,0.0,0.05,,,,,,,,,,10000,10000,1.0,406.8431304345048,406.8431304345048,9858,False,81,40000,0.0,0.0,3,LEFT,greedy,9112,12632,9784,8902,6238,34192,0.15429136779619096,0,20215,2,2,406.8431304345048,203.4215652172524,2,2,,,3,LEFT,False,,
40595,dqn,215,,,2.0,2.0,0.05,0.003927955403923988,1.0943523645401,2.0084054470062256,0.4298205077648163,1.1157114505767822,1.9420790672302246,0.05926411971449852,0.33407384157180786,0.16159461438655853,10000,10000,1.0,406.82801394593054,406.82801394593054,9900,True,82,40500,0.0,0.0,1,FIRE,greedy,9132,12656,9871,8937,6246,34350,0.15385752290866095,0,20298,2,2,406.82801394593054,203.41400697296527,2,2,,,1,FIRE,False,,
40596,dqn,215,,,1.0,1.0,0.05,0.003927955403923988,1.0943523645401,2.0084054470062256,0.4298205077648163,1.1157114505767822,1.9420790672302246,0.05926411971449852,0.33407384157180786,0.16159461438655853,10000,10000,1.0,406.82773875032274,406.82773875032274,9900,True,82,40500,0.0,0.0,2,RIGHT,greedy,9132,12656,9871,8937,6246,34350,0.15385752290866095,1,20298,2,2,406.82773875032274,203.41386937516137,2,2,,,2,RIGHT,False,,
40995,dqn,215,,,4.0,4.0,0.05,0.0033032489009201527,1.159623146057129,2.149988889694214,0.40962639451026917,1.178008794784546,2.156646966934204,0.0583367720246315,0.23766785860061646,0.13224256038665771,10000,10000,1.0,407.00923433425163,407.00923433425163,10000,True,82,40500,0.0,0.0,1,FIRE,greedy,9150,12806,10027,9013,6266,34730,0.1528441799199922,0,20498,2,2,407.00923433425163,203.50461716712582,2,2,,,1,FIRE,False,,
40996,dqn,215,,,4.0,4.0,0.05,0.0033032489009201527,1.159623146057129,2.149988889694214,0.40962639451026917,1.178008794784546,2.156646966934204,0.0583367720246315,0.23766785860061646,0.13224256038665771,10000,10000,1.0,407.00899592743025,407.00899592743025,10000,True,82,40500,1.0,1.0,3,LEFT,greedy,9150,12806,10027,9013,6266,34730,0.1528441799199922,1,20498,2,2,407.00899592743025,203.50449796371512,2,2,,,3,LEFT,False,,
41019,dqn,216,4.0,295,0.0,0.0,0.05,,,,,,,,,,10000,10000,1.0,407.00099093312775,407.00099093312775,10006,True,83,41000,0.0,0.0,1,FIRE,greedy,9151,12823,10030,9016,6268,34752,0.15280351048269136,0,20510,2,2,407.00099093312775,203.50049546656388,2,2,,,1,FIRE,False,,
41060,dqn,217,4.0,316,0.0,0.0,0.05,,,,,,,,,,10000,10000,1.0,406.9887816220339,406.9887816220339,10016,True,83,41000,0.0,0.0,1,FIRE,greedy,9151,12862,10031,9016,6270,34790,0.15270336093521675,1,20530,2,2,406.9887816220339,203.49439081101696,2,2,,,1,FIRE,False,,
41395,dqn,217,,,2.0,2.0,0.05,0.003135519567877054,0.9754237532615662,2.0188846588134766,0.3784324526786804,1.023343563079834,1.9807230234146118,0.056773602962493896,0.19256484508514404,0.22725176811218262,10000,10000,1.0,407.31202100558437,407.31202100558437,10100,True,83,41000,0.0,0.0,1,FIRE,greedy,9165,13012,10130,9089,6289,35107,0.15192289110058943,0,20698,2,2,407.31202100558437,203.65601050279218,2,2,,,1,FIRE,False,,
41396,dqn,217,,,1.0,1.0,0.05,0.003135519567877054,0.9754237532615662,2.0188846588134766,0.3784324526786804,1.023343563079834,1.9807230234146118,0.056773602962493896,0.19256484508514404,0.22725176811218262,10000,10000,1.0,407.31175930182377,407.31175930182377,10100,True,83,41000,0.0,0.0,2,RIGHT,greedy,9165,13012,10130,9089,6289,35107,0.15192289110058943,1,20698,2,2,407.31175930182377,203.65587965091188,2,2,,,2,RIGHT,False,,
41398,dqn,218,1.0,169,0.0,0.0,0.05,,,,,,,,,,10000,10000,1.0,407.28945770754046,407.28945770754046,10100,False,83,41000,0.0,0.0,3,LEFT,greedy,9165,13013,10130,9090,6289,35109,0.1519155514759167,1,20699,2,2,407.28945770754046,203.64472885377023,2,2,,,3,LEFT,False,,
41415,dqn,219,2.0,198,0.0,0.0,0.05,,,,,,,,,,10000,10000,1.0,407.2647728110826,407.2647728110826,10105,True,83,41000,0.0,0.0,1,FIRE,greedy,9167,13027,10132,9090,6291,35125,0.15189781726868842,0,20708,2,2,407.2647728110826,203.6323864055413,2,2,,,1,FIRE,False,,
41795,dqn,219,,,3.0,3.0,0.05,0.001948711578734219,1.0079762935638428,2.053705930709839,0.36647936701774597,1.0012227296829224,2.034592866897583,0.03966441750526428,0.20669770240783691,0.16750717163085938,10000,10000,1.0,407.4324141504031,407.4324141504031,10200,True,84,41500,0.0,0.0,3,LEFT,greedy,9188,13152,10292,9164,6314,35482,0.1510670877595942,0,20898,2,2,407.4324141504031,203.71620707520154,2,2,,,3,LEFT,False,,
41796,dqn,219,,,3.0,3.0,0.05,0.001948711578734219,1.0079762935638428,2.053705930709839,0.36647936701774597,1.0012227296829224,2.034592866897583,0.03966441750526428,0.20669770240783691,0.16750717163085938,10000,10000,1.0,407.43218696941085,407.43218696941085,10200,True,84,41500,0.0,0.0,3,LEFT,greedy,9188,13152,10292,9164,6314,35482,0.1510670877595942,1,20898,2,2,407.43218696941085,203.71609348470542,2,2,,,3,LEFT,False,,
41907,dqn,220,3.0,246,0.0,0.0,0.05,,,,,,,,,,10000,10000,1.0,407.54531663084566,407.54531663084566,10228,True,84,41500,0.0,0.0,3,LEFT,greedy,9205,13197,10324,9182,6318,35590,0.1507588050014317,0,20954,2,2,407.54531663084566,203.77265831542283,2,2,,,3,LEFT,False,,
41992,dqn,221,4.0,297,0.0,0.0,0.05,,,,,,,,,,10000,10000,1.0,407.62981632888943,407.62981632888943,10249,True,84,41500,0.0,0.0,3,LEFT,greedy,9207,13205,10351,9229,6323,35669,0.15057630024766622,1,20996,2,2,407.62981632888943,203.81490816444472,2,2,,,3,LEFT,False,,
42155,dqn,222,0.0,124,0.0,0.0,0.05,,,,,,,,,,10000,10000,1.0,407.7545230022544,407.7545230022544,10290,True,85,42000,0.0,0.0,3,LEFT,greedy,9207,13260,10410,9279,6325,35831,0.15003795426511055,0,21078,2,2,407.7545230022544,203.8772615011272,2,2,,,3,LEFT,False,,
42195,dqn,222,,,0.0,0.0,0.05,0.006483505479991436,1.0059771537780762,1.870721459388733,0.42243093252182007,0.9885554313659668,1.7189539670944214,0.07608629763126373,0.4456822872161865,0.33378997445106506,10000,10000,1.0,407.77571030894626,407.77571030894626,10300,True,85,42000,0.0,0.0,3,LEFT,random,9207,13286,10416,9287,6328,35868,0.14996682149966822,0,21098,2,2,407.77571030894626,203.88785515447313,2,2,,,3,LEFT,False,,
42196,dqn,222,,,0.0,0.0,0.05,0.006483505479991436,1.0059771537780762,1.870721459388733,0.42243093252182007,0.9885554313659668,1.7189539670944214,0.07608629763126373,0.4456822872161865,0.33378997445106506,10000,10000,1.0,407.77549160090734,407.77549160090734,10300,True,85,42000,0.0,0.0,1,FIRE,fire_reset,9207,13286,10416,9287,6328,35868,0.14996682149966822,1,21098,2,2,407.77549160090734,203.88774580045367,2,2,,,1,FIRE,False,after_life_loss,
42390,dqn,223,2.0,199,0.0,0.0,0.05,,,,,,,,,,10000,10000,1.0,407.89410087602516,407.89410087602516,10348,False,85,42000,0.0,0.0,3,LEFT,greedy,9229,13317,10526,9318,6341,36049,0.149587166784619,1,21195,2,2,407.89410087602516,203.94705043801258,2,2,,,3,LEFT,False,,
42595,dqn,223,,,3.0,3.0,0.05,0.009884963743388653,0.8675603270530701,1.5489044189453125,0.32179373502731323,0.8853964805603027,1.653715968132019,0.07743498682975769,0.5950677990913391,0.7602630257606506,10000,10000,1.0,408.04033107547707,408.04033107547707,10400,True,86,42500,0.0,0.0,2,RIGHT,greedy,9256,13398,10591,9351,6355,36241,0.1491924124330923,0,21298,2,2,408.04033107547707,204.02016553773854,2,2,,,2,RIGHT,False,,
42596,dqn,223,,,2.0,2.0,0.05,0.009884963743388653,0.8675603270530701,1.5489044189453125,0.32179373502731323,0.8853964805603027,1.653715968132019,0.07743498682975769,0.5950677990913391,0.7602630257606506,10000,10000,1.0,408.0401223488194,408.0401223488194,10400,True,86,42500,1.0,1.0,1,FIRE,greedy,9256,13398,10591,9351,6355,36241,0.1491924124330923,1,21298,2,2,408.0401223488194,204.0200611744097,2,2,,,1,FIRE,False,,
42745,dqn,224,4.0,295,0.0,0.0,0.05,,,,,,,,,,10000,10000,1.0,408.1839571360305,408.1839571360305,10437,False,86,42500,0.0,0.0,2,RIGHT,greedy,9259,13469,10630,9388,6360,36386,0.1487858513077247,0,21373,2,2,408.1839571360305,204.09197856801524,2,2,,,2,RIGHT,False,,
42995,dqn,224,,,2.0,2.0,0.05,0.002502864459529519,0.9933929443359375,1.8635989427566528,0.30162474513053894,1.0017414093017578,1.8217118978500366,0.04309369623661041,0.2758859395980835,0.10684626549482346,10000,10000,1.0,408.37787572988793,408.37787572988793,10500,True,86,42500,0.0,0.0,3,LEFT,greedy,9280,13511,10769,9436,6374,36622,0.14824634849753465,0,21498,2,2,408.37787572988793,204.18893786494397,2,2,,,3,LEFT,False,,
42996,dqn,224,,,4.0,4.0,0.05,0.002502864459529519,0.9933929443359375,1.8635989427566528,0.30162474513053894,1.0017414093017578,1.8217118978500366,0.04309369623661041,0.2758859395980835,0.10684626549482346,10000,10000,1.0,408.3776658871701,408.3776658871701,10500,True,86,42500,0.0,0.0,1,FIRE,greedy,9280,13511,10769,9436,6374,36622,0.14824634849753465,1,21498,2,2,408.3776658871701,204.18883294358506,2,2,,,1,FIRE,False,,
43040,dqn,225,5.0,325,0.0,0.0,0.05,,,,,,,,,,10000,10000,1.0,408.39463716531736,408.39463716531736,10511,True,87,43000,0.0,0.0,3,LEFT,greedy,9280,13540,10774,9446,6375,36665,0.14811802973977695,1,21520,2,2,408.39463716531736,204.19731858265868,2,2,,,3,LEFT,False,,
43239,dqn,226,3.0,247,0.0,0.0,0.05,,,,,,,,,,10000,10000,1.0,408.54450267866093,408.54450267866093,10561,True,87,43000,0.0,0.0,2,RIGHT,greedy,9291,13593,10849,9507,6382,36858,0.14759481961147086,0,21620,2,2,408.54450267866093,204.27225133933047,2,2,,,2,RIGHT,False,,
43395,dqn,226,,,0.0,0.0,0.05,0.002474568085744977,1.065558671951294,1.983911395072937,0.5092482566833496,1.1069986820220947,2.021798610687256,0.04892541468143463,0.23907369375228882,0.2904839813709259,10000,10000,1.0,408.3959453077894,408.3959453077894,10600,True,87,43000,0.0,0.0,3,LEFT,greedy,9299,13649,10907,9541,6390,37006,0.1472485943404922,0,21698,2,2,408.3959453077894,204.1979726538947,2,2,,,3,LEFT,False,,
43396,dqn,226,,,2.0,2.0,0.05,0.002474568085744977,1.065558671951294,1.983911395072937,0.5092482566833496,1.1069986820220947,2.021798610687256,0.04892541468143463,0.23907369375228882,0.2904839813709259,10000,10000,1.0,408.395725851568,408.395725851568,10600,True,87,43000,0.0,0.0,3,LEFT,greedy,9299,13649,10907,9541,6390,37006,0.1472485943404922,1,21698,2,2,408.395725851568,204.197862925784,2,2,,,3,LEFT,False,,
43532,dqn,227,3.0,246,0.0,0.0,0.05,,,,,,,,,,10000,10000,1.0,408.34278031673995,408.34278031673995,10634,True,88,43500,0.0,0.0,1,FIRE,greedy,9305,13667,10957,9603,6397,37135,0.14694937057796564,1,21766,2,2,408.34278031673995,204.17139015836997,2,2,,,1,FIRE,False,,
43633,dqn,228,2.0,197,0.0,0.0,0.05,,,,,,,,,,10000,10000,1.0,408.3042504360871,408.3042504360871,10659,False,88,43500,0.0,0.0,3,LEFT,greedy,9306,13699,10991,9638,6402,37232,0.1467204473575652,0,21817,2,2,408.3042504360871,204.15212521804355,2,2,,,3,LEFT,False,,
43795,dqn,228,,,1.0,1.0,0.05,0.001648756442591548,1.1269292831420898,2.137042999267578,0.39682626724243164,1.1562443971633911,2.259674549102783,0.04446388781070709,0.13063549995422363,0.12269476801156998,10000,10000,1.0,408.21632610107764,408.21632610107764,10700,True,88,43500,0.0,0.0,2,RIGHT,greedy,9309,13744,11057,9686,6413,37383,0.14642889761622066,0,21898,2,2,408.21632610107764,204.10816305053882,2,2,,,2,RIGHT,False,,
43796,dqn,228,,,0.0,0.0,0.05,0.001648756442591548,1.1269292831420898,2.137042999267578,0.39682626724243164,1.1562443971633911,2.259674549102783,0.04446388781070709,0.13063549995422363,0.12269476801156998,10000,10000,1.0,408.2161183523765,408.2161183523765,10700,True,88,43500,0.0,0.0,3,LEFT,greedy,9309,13744,11057,9686,6413,37383,0.14642889761622066,1,21898,2,2,408.2161183523765,204.10805917618825,2,2,,,3,LEFT,False,,
43870,dqn,229,1.0,169,0.0,0.0,0.05,,,,,,,,,,10000,10000,1.0,408.155104216012,408.155104216012,10718,False,88,43500,0.0,0.0,3,LEFT,greedy,9318,13750,11092,9710,6420,37450,0.14634146341463414,1,21935,2,2,408.155104216012,204.077552108006,2,2,,,3,LEFT,False,,
44125,dqn,230,3.0,246,0.0,0.0,0.05,,,,,,,,,,10000,10000,1.0,407.9539530911319,407.9539530911319,10782,False,89,44000,0.0,0.0,3,LEFT,greedy,9354,13841,11172,9759,6434,37692,0.14580972669174636,0,22063,2,2,407.9539530911319,203.97697654556595,2,2,,,3,LEFT,False,,
44195,dqn,230,,,0.0,0.0,0.05,0.001643727533519268,1.0228536128997803,2.011165142059326,0.5407239198684692,1.012427568435669,2.104156255722046,0.04750177264213562,0.13096094131469727,0.19918009638786316,10000,10000,1.0,407.848993904156,407.848993904156,10800,True,89,44000,0.0,0.0,0,NOOP,greedy,9364,13868,11193,9771,6436,37760,0.14562403837451354,0,22098,2,2,407.848993904156,203.924496952078,2,2,,,0,NOOP,False,,
44196,dqn,230,,,3.0,3.0,0.05,0.001643727533519268,1.0228536128997803,2.011165142059326,0.5407239198684692,1.012427568435669,2.104156255722046,0.04750177264213562,0.13096094131469727,0.19918009638786316,10000,10000,1.0,407.84876431815263,407.84876431815263,10800,True,89,44000,0.0,0.0,1,FIRE,greedy,9364,13868,11193,9771,6436,37760,0.14562403837451354,1,22098,2,2,407.84876431815263,203.92438215907632,2,2,,,1,FIRE,False,,
44362,dqn,231,3.0,246,0.0,0.0,0.05,,,,,,,,,,10000,10000,1.0,407.6503407346098,407.6503407346098,10841,False,89,44000,0.0,0.0,2,RIGHT,greedy,9373,13909,11272,9808,6439,37923,0.14514674721608584,1,22181,2,2,407.6503407346098,203.8251703673049,2,2,,,2,RIGHT,False,,
44595,dqn,231,,,3.0,3.0,0.05,0.0017615515971556306,1.0203592777252197,1.9054954051971436,0.28843846917152405,1.0410250425338745,1.9214146137237549,0.037764132022857666,0.24737083911895752,0.11785667389631271,10000,10000,1.0,407.5682670833464,407.5682670833464,10900,True,90,44500,0.0,0.0,3,LEFT,greedy,9395,13939,11395,9867,6452,38144,0.14467665261458426,0,22298,2,2,407.5682670833464,203.7841335416732,2,2,,,3,LEFT,False,,
44596,dqn,231,,,2.0,2.0,0.05,0.0017615515971556306,1.0203592777252197,1.9054954051971436,0.28843846917152405,1.0410250425338745,1.9214146137237549,0.037764132022857666,0.24737083911895752,0.11785667389631271,10000,10000,1.0,407.5678659210437,407.5678659210437,10900,True,90,44500,0.0,0.0,2,RIGHT,greedy,9395,13939,11395,9867,6452,38144,0.14467665261458426,1,22298,2,2,407.5678659210437,203.78393296052184,2,2,,,2,RIGHT,False,,
44621,dqn,232,3.0,248,0.0,0.0,0.05,,,,,,,,,,10000,10000,1.0,407.542773745489,407.542773745489,10906,False,90,44500,0.0,0.0,2,RIGHT,greedy,9395,13941,11410,9876,6452,38170,0.14459235354757743,0,22311,2,2,407.542773745489,203.7713868727445,2,2,,,2,RIGHT,False,,
44923,dqn,233,1.0,151,0.0,0.0,0.05,,,,,,,,,,10000,10000,1.0,407.2688909977126,407.2688909977126,10982,True,90,44500,0.0,0.0,2,RIGHT,greedy,9431,14022,11553,9918,6467,38457,0.14395423381711334,0,22462,2,2,407.2688909977126,203.6344454988563,2,2,,,2,RIGHT,False,,
44954,dqn,234,4.0,296,0.0,0.0,0.05,,,,,,,,,,10000,10000,1.0,407.23375901069437,407.23375901069437,10989,False,90,44500,0.0,0.0,3,LEFT,greedy,9433,14027,11566,9928,6469,38485,0.14390265604840505,1,22477,2,2,407.23375901069437,203.61687950534719,2,2,,,3,LEFT,False,,
44995,dqn,234,,,1.0,1.0,0.05,0.001537297386676073,0.9421259164810181,1.7860695123672485,0.24186846613883972,0.9421085119247437,1.6933568716049194,0.03524091839790344,0.2285369634628296,0.13917085528373718,10000,10000,1.0,407.16216822154934,407.16216822154934,11000,True,90,44500,0.0,0.0,2,RIGHT,greedy,9439,14040,11575,9942,6471,38525,0.14381278335852077,0,22498,2,2,407.16216822154934,203.58108411077467,2,2,,,2,RIGHT,False,,
44996,dqn,234,,,0.0,0.0,0.05,0.001537297386676073,0.9421259164810181,1.7860695123672485,0.24186846613883972,0.9421085119247437,1.6933568716049194,0.03524091839790344,0.2285369634628296,0.13917085528373718,10000,10000,1.0,407.16196079243394,407.16196079243394,11000,True,90,44500,0.0,0.0,3,LEFT,greedy,9439,14040,11575,9942,6471,38525,0.14381278335852077,1,22498,2,2,407.16196079243394,203.58098039621697,2,2,,,3,LEFT,False,,
45229,dqn,235,1.0,153,0.0,0.0,0.05,,,,,,,,,,10000,10000,1.0,407.105618036614,407.105618036614,11058,False,91,45000,0.0,0.0,2,RIGHT,greedy,9452,14139,11652,9987,6479,38751,0.14324563342913996,0,22615,2,2,407.105618036614,203.552809018307,2,2,,,2,RIGHT,False,,
45292,dqn,236,1.0,169,0.0,0.0,0.05,,,,,,,,,,10000,10000,1.0,407.0764296342607,407.0764296342607,11074,True,91,45000,0.0,0.0,2,RIGHT,greedy,9454,14146,11684,10008,6482,38810,0.14311578203656275,1,22646,2,2,407.0764296342607,203.53821481713035,2,2,,,2,RIGHT,False,,
45395,dqn,236,,,2.0,2.0,0.05,0.0020415959879755974,1.1479653120040894,2.1998064517974854,0.27745380997657776,1.1543318033218384,2.1974778175354004,0.04005793482065201,0.24084213376045227,0.14721056818962097,10000,10000,1.0,406.9756807893024,406.9756807893024,11100,True,91,45000,0.0,0.0,3,LEFT,greedy,9461,14182,11724,10029,6484,38912,0.1428319675742356,0,22698,2,2,406.9756807893024,203.4878403946512,2,2,,,3,LEFT,False,,
45396,dqn,236,,,1.0,1.0,0.05,0.0020415959879755974,1.1479653120040894,2.1998064517974854,0.27745380997657776,1.1543318033218384,2.1974778175354004,0.04005793482065201,0.24084213376045227,0.14721056818962097,10000,10000,1.0,406.97545749866384,406.97545749866384,11100,True,91,45000,0.0,0.0,3,LEFT,greedy,9461,14182,11724,10029,6484,38912,0.1428319675742356,1,22698,2,2,406.97545749866384,203.48772874933192,2,2,,,3,LEFT,False,,
45598,dqn,237,1.0,153,0.0,0.0,0.05,,,,,,,,,,10000,10000,1.0,406.9706276835772,406.9706276835772,11150,False,92,45500,0.0,0.0,3,LEFT,greedy,9468,14202,11818,10110,6500,39098,0.14255011184701083,1,22799,2,2,406.9706276835772,203.4853138417886,2,2,,,3,LEFT,False,,
45795,dqn,237,,,4.0,4.0,0.05,0.004740376956760883,1.0244686603546143,1.8135520219802856,0.40490269660949707,1.0847911834716797,1.9786179065704346,0.05512534826993942,0.36491167545318604,0.4538843631744385,10000,10000,1.0,406.92063562421316,406.92063562421316,11200,True,92,45500,0.0,0.0,0,NOOP,greedy,9501,14287,11879,10129,6506,39290,0.14206480915363787,0,22898,2,2,406.92063562421316,203.46031781210658,2,2,,,0,NOOP,False,,
45796,dqn,237,,,1.0,1.0,0.05,0.004740376956760883,1.0244686603546143,1.8135520219802856,0.40490269660949707,1.0847911834716797,1.9786179065704346,0.05512534826993942,0.36491167545318604,0.4538843631744385,10000,10000,1.0,406.9204215751897,406.9204215751897,11200,True,92,45500,0.0,0.0,2,RIGHT,greedy,9501,14287,11879,10129,6506,39290,0.14206480915363787,1,22898,2,2,406.9204215751897,203.46021078759486,2,2,,,2,RIGHT,False,,
45923,dqn,238,5.0,347,0.0,0.0,0.05,,,,,,,,,,10000,10000,1.0,407.0283868660763,407.0283868660763,11232,True,92,45500,0.0,0.0,2,RIGHT,greedy,9509,14333,11924,10158,6511,39413,0.1417777197108266,0,22962,2,2,407.0283868660763,203.51419343303814,2,2,,,2,RIGHT,False,,
46086,dqn,239,3.0,244,0.0,0.0,0.05,,,,,,,,,,10000,10000,1.0,407.15887430881935,407.15887430881935,11272,False,93,46000,0.0,0.0,2,RIGHT,greedy,9511,14389,11981,10205,6517,39569,0.1414095386885388,1,23043,2,2,407.15887430881935,203.57943715440967,2,2,,,2,RIGHT,False,,
46195,dqn,239,,,2.0,2.0,0.05,0.0016826922073960304,1.1739938259124756,2.3137450218200684,0.3716670870780945,1.190498948097229,2.3432793617248535,0.04422985389828682,0.1765153408050537,0.1171390488743782,10000,10000,1.0,407.2269242433641,407.2269242433641,11300,True,93,46000,0.0,0.0,2,RIGHT,greedy,9528,14435,12017,10216,6521,39675,0.14115940774092994,0,23098,2,2,407.2269242433641,203.61346212168206,2,2,,,2,RIGHT,False,,
46196,dqn,239,,,0.0,0.0,0.05,0.0016826922073960304,1.1739938259124756,2.3137450218200684,0.3716670870780945,1.190498948097229,2.3432793617248535,0.04422985389828682,0.1765153408050537,0.1171390488743782,10000,10000,1.0,407.2267217796475,407.2267217796475,11300,True,93,46000,0.0,0.0,0,NOOP,greedy,9528,14435,12017,10216,6521,39675,0.14115940774092994,1,23098,2,2,407.2267217796475,203.61336088982375,2,2,,,0,NOOP,False,,
46319,dqn,240,2.0,198,0.0,0.0,0.05,,,,,,,,,,10000,10000,1.0,407.34596778291484,407.34596778291484,11331,True,93,46000,0.0,0.0,1,FIRE,greedy,9563,14472,12056,10229,6525,39795,0.1408678756476684,0,23160,2,2,407.34596778291484,203.67298389145742,2,2,,,1,FIRE,False,,
46482,dqn,241,2.0,198,0.0,0.0,0.05,,,,,,,,,,10000,10000,1.0,407.47701438718695,407.47701438718695,11371,False,93,46000,0.0,0.0,3,LEFT,greedy,9584,14507,12104,10287,6528,39954,0.14044146121079126,1,23241,2,2,407.47701438718695,203.73850719359348,2,2,,,3,LEFT,False,,
46595,dqn,241,,,1.0,1.0,0.05,0.0009175004670396447,0.9463927745819092,1.9737462997436523,0.37206652760505676,0.9648926854133606,2.0421180725097656,0.02841736376285553,0.13100087642669678,0.11940157413482666,10000,10000,1.0,407.52183862134495,407.52183862134495,11400,True,94,46500,0.0,0.0,2,RIGHT,greedy,9612,14514,12169,10301,6532,40064,0.14018370675594471,0,23298,2,2,407.52183862134495,203.76091931067248,2,2,,,2,RIGHT,False,,
46596,dqn,241,,,1.0,1.0,0.05,0.0009175004670396447,0.9463927745819092,1.9737462997436523,0.37206652760505676,0.9648926854133606,2.0421180725097656,0.02841736376285553,0.13100087642669678,0.11940157413482666,10000,10000,1.0,407.52141057064955,407.52141057064955,11400,True,94,46500,0.0,0.0,2,RIGHT,greedy,9612,14514,12169,10301,6532,40064,0.14018370675594471,1,23298,2,2,407.52141057064955,203.76070528532478,2,2,,,2,RIGHT,False,,
46667,dqn,242,1.0,174,0.0,0.0,0.05,,,,,,,,,,10000,10000,1.0,407.57112071709463,407.57112071709463,11418,True,94,46500,0.0,0.0,3,LEFT,greedy,9624,14518,12195,10331,6536,40132,0.14005314133881888,0,23334,2,2,407.57112071709463,203.78556035854731,2,2,,,3,LEFT,False,,
46913,dqn,243,0.0,123,0.0,0.0,0.05,,,,,,,,,,10000,10000,1.0,407.7833436608182,407.7833436608182,11479,False,94,46500,0.0,0.0,1,FIRE,greedy,9630,14638,12262,10384,6551,40363,0.13963848744511234,0,23457,2,2,407.7833436608182,203.8916718304091,2,2,,,1,FIRE,False,,
46995,dqn,243,,,1.0,1.0,0.05,0.0027402518317103386,1.1785370111465454,2.2912988662719727,0.32774990797042847,1.16278874874115,2.2660341262817383,0.053551219403743744,0.20592039823532104,0.335236132144928,10000,10000,1.0,407.8261451966495,407.8261451966495,11500,True,94,46500,0.0,0.0,2,RIGHT,greedy,9645,14659,12280,10412,6557,40439,0.13952251255425993,0,23498,2,2,407.8261451966495,203.91307259832476,2,2,,,2,RIGHT,False,,
46996,dqn,243,,,5.0,5.0,0.05,0.0027402518317103386,1.1785370111465454,2.2912988662719727,0.32774990797042847,1.16278874874115,2.2660341262817383,0.053551219403743744,0.20592039823532104,0.335236132144928,10000,10000,1.0,407.8259491315603,407.8259491315603,11500,True,94,46500,0.0,0.0,1,FIRE,greedy,9645,14659,12280,10412,6557,40439,0.13952251255425993,1,23498,2,2,407.8259491315603,203.91297456578016,2,2,,,1,FIRE,False,,
47234,dqn,244,6.0,376,0.0,0.0,0.05,,,,,,,,,,10000,10000,1.0,408.0069817925615,408.0069817925615,11559,False,95,47000,0.0,0.0,1,FIRE,greedy,9652,14720,12372,10490,6569,40665,0.13907354871490876,1,23617,2,2,408.0069817925615,204.00349089628074,2,2,,,1,FIRE,False,,
47395,dqn,244,,,4.0,4.0,0.05,0.0016010601539164782,1.0672802925109863,1.9437726736068726,0.4028889238834381,1.068002462387085,1.9345282316207886,0.02973470650613308,0.28042638301849365,0.05977445840835571,10000,10000,1.0,408.04480144578855,408.04480144578855,11600,True,95,47000,0.0,0.0,3,LEFT,greedy,9689,14776,12402,10529,6578,40818,0.13878808338256393,0,23698,2,2,408.04480144578855,204.02240072289428,2,2,,,3,LEFT,False,,
47396,dqn,244,,,0.0,0.0,0.05,0.0016010601539164782,1.0672802925109863,1.9437726736068726,0.4028889238834381,1.068002462387085,1.9345282316207886,0.02973470650613308,0.28042638301849365,0.05977445840835571,10000,10000,1.0,408.0445861006432,408.0445861006432,11600,True,95,47000,0.0,0.0,2,RIGHT,greedy,9689,14776,12402,10529,6578,40818,0.13878808338256393,1,23698,2,2,408.0445861006432,204.0222930503216,2,2,,,2,RIGHT,False,,
47465,dqn,245,4.0,276,0.0,0.0,0.05,,,,,,,,,,10000,10000,1.0,407.99116389391696,407.99116389391696,11617,False,95,47000,0.0,0.0,2,RIGHT,greedy,9690,14802,12431,10543,6582,40884,0.13866767791682466,0,23733,2,2,407.99116389391696,203.99558194695848,2,2,,,2,RIGHT,False,,
47728,dqn,246,3.0,247,0.0,0.0,0.05,,,,,,,,,,10000,10000,1.0,408.1192415793006,408.1192415793006,11683,True,96,47500,0.0,0.0,3,LEFT,greedy,9696,14860,12514,10658,6591,41137,0.1380950385517935,1,23864,2,2,408.1192415793006,204.0596207896503,2,2,,,3,LEFT,False,,
47795,dqn,246,,,1.0,1.0,0.05,0.0025503900833427906,1.1476213932037354,2.103041410446167,0.26024651527404785,1.1782894134521484,2.4268312454223633,0.04315396770834923,0.3237898349761963,0.33865752816200256,10000,10000,1.0,408.1758699365687,408.1758699365687,11700,True,96,47500,0.0,0.0,2,RIGHT,greedy,9711,14894,12522,10669,6593,41203,0.13794041342371746,0,23898,2,2,408.1758699365687,204.08793496828434,2,2,,,2,RIGHT,False,,
47796,dqn,246,,,0.0,0.0,0.05,0.0025503900833427906,1.1476213932037354,2.103041410446167,0.26024651527404785,1.1782894134521484,2.4268312454223633,0.04315396770834923,0.3237898349761963,0.33865752816200256,10000,10000,1.0,408.1756708968961,408.1756708968961,11700,True,96,47500,0.0,0.0,1,FIRE,greedy,9711,14894,12522,10669,6593,41203,0.13794041342371746,1,23898,2,2,408.1756708968961,204.08783544844806,2,2,,,1,FIRE,False,,
47865,dqn,247,2.0,200,0.0,0.0,0.05,,,,,,,,,,10000,10000,1.0,408.20630926581,408.20630926581,11717,False,96,47500,0.0,0.0,2,RIGHT,greedy,9723,14917,12540,10686,6596,41270,0.1378013621359629,0,23933,2,2,408.20630926581,204.103154632905,2,2,,,2,RIGHT,False,,
47974,dqn,248,0.0,123,0.0,0.0,0.05,,,,,,,,,,10000,10000,1.0,408.23269657190593,408.23269657190593,11744,False,96,47500,0.0,0.0,3,LEFT,greedy,9727,14939,12572,10736,6604,41370,0.13765789802809855,1,23987,2,2,408.23269657190593,204.11634828595297,2,2,,,3,LEFT,False,,
48195,dqn,248,,,2.0,2.0,0.05,0.002091171918436885,1.110068917274475,2.131798267364502,0.3288653492927551,1.0816080570220947,2.0574569702148438,0.044150471687316895,0.22188669443130493,0.4562361240386963,10000,10000,1.0,408.3152016662158,408.3152016662158,11800,True,97,48000,0.0,0.0,3,LEFT,greedy,9757,15014,12665,10760,6615,41581,0.13725205411237448,0,24098,2,2,408.3152016662158,204.1576008331079,2,2,,,3,LEFT,False,,
48196,dqn,248,,,2.0,2.0,0.05,0.002091171918436885,1.110068917274475,2.131798267364502,0.3288653492927551,1.0816080570220947,2.0574569702148438,0.044150471687316895,0.22188669443130493,0.4562361240386963,10000,10000,1.0,408.31495571487574,408.31495571487574,11800,True,97,48000,0.0,0.0,2,RIGHT,greedy,9757,15014,12665,10760,6615,41581,0.13725205411237448,1,24098,2,2,408.31495571487574,204.15747785743787,2,2,,,2,RIGHT,False,,
48261,dqn,249,2.0,198,0.0,0.0,0.05,,,,,,,,,,10000,10000,1.0,408.29304785353986,408.29304785353986,11816,False,97,48000,0.0,0.0,3,LEFT,greedy,9761,15016,12679,10806,6619,41643,0.1371472379926236,0,24131,2,2,408.29304785353986,204.14652392676993,2,2,,,3,LEFT,False,,
48564,dqn,250,4.0,295,0.0,0.0,0.05,,,,,,,,,,10000,10000,1.0,408.28648065074776,408.28648065074776,11892,True,98,48500,0.0,0.0,1,FIRE,greedy,9807,15144,12745,10868,6633,41931,0.1365826538176427,1,24282,2,2,408.28648065074776,204.14324032537388,2,2,,,1,FIRE,False,,
48565,dqn,251,1.0,152,0.0,0.0,0.05,,,,,,,,,,10000,10000,1.0,408.2727104066688,408.2727104066688,11892,False,98,48500,0.0,0.0,3,LEFT,greedy,9807,15145,12745,10869,6633,41933,0.13657702919738088,0,24283,2,2,408.2727104066688,204.1363552033344,2,2,,,3,LEFT,False,,
48595,dqn,251,,,0.0,0.0,0.05,0.002349816495552659,1.096161961555481,2.0332586765289307,0.3759138584136963,1.1276707649230957,2.0492753982543945,0.052862390875816345,0.1557772159576416,0.27798980474472046,10000,10000,1.0,408.2516571618497,408.2516571618497,11900,True,98,48500,0.0,0.0,3,LEFT,greedy,9807,15171,12745,10873,6633,41963,0.13649271544983127,0,24298,2,2,408.2516571618497,204.12582858092486,2,2,,,3,LEFT,False,,
48596,dqn,251,,,0.0,0.0,0.05,0.002349816495552659,1.096161961555481,2.0332586765289307,0.3759138584136963,1.1276707649230957,2.0492753982543945,0.052862390875816345,0.1557772159576416,0.27798980474472046,10000,10000,1.0,408.25125897451335,408.25125897451335,11900,True,98,48500,0.0,0.0,3,LEFT,greedy,9807,15171,12745,10873,6633,41963,0.13649271544983127,1,24298,2,2,408.25125897451335,204.12562948725667,2,2,,,3,LEFT,False,,
48995,dqn,251,,,3.0,3.0,0.05,0.00174297159537673,1.139894962310791,1.9732385873794556,0.3280966877937317,1.1647682189941406,2.0415334701538086,0.0404793843626976,0.19009828567504883,0.24834609031677246,10000,10000,1.0,408.05319106709317,408.05319106709317,12000,True,98,48500,0.0,0.0,3,LEFT,greedy,9914,15253,12859,10970,6651,42345,0.1357457751653196,0,24498,2,2,408.05319106709317,204.02659553354658,2,2,,,3,LEFT,False,,
48996,dqn,251,,,2.0,2.0,0.05,0.00174297159537673,1.139894962310791,1.9732385873794556,0.3280966877937317,1.1647682189941406,2.0415334701538086,0.0404793843626976,0.19009828567504883,0.24834609031677246,10000,10000,1.0,408.0529970197448,408.0529970197448,12000,True,98,48500,0.0,0.0,3,LEFT,greedy,9914,15253,12859,10970,6651,42345,0.1357457751653196,1,24498,2,2,408.0529970197448,204.0264985098724,2,2,,,3,LEFT,False,,
49004,dqn,252,2.0,220,0.0,0.0,0.05,,,,,,,,,,10000,10000,1.0,408.0176745288122,408.0176745288122,12002,True,99,49000,0.0,0.0,3,LEFT,greedy,9914,15255,12862,10973,6651,42353,0.13572361439882458,1,24502,2,2,408.0176745288122,204.0088372644061,2,2,,,3,LEFT,False,,
49111,dqn,253,4.0,273,0.0,0.0,0.05,,,,,,,,,,10000,10000,1.0,407.8320064498148,407.8320064498148,12029,True,99,49000,0.0,0.0,3,LEFT,greedy,9920,15262,12877,11053,6656,42456,0.13552695878807625,0,24556,2,2,407.8320064498148,203.9160032249074,2,2,,,3,LEFT,False,,
49395,dqn,253,,,2.0,2.0,0.05,0.0011284496868029237,1.2376224994659424,2.1349313259124756,0.41287294030189514,1.228837013244629,2.0699732303619385,0.03577793017029762,0.1450117826461792,0.3648853898048401,10000,10000,1.0,407.76725999927237,407.76725999927237,12100,True,99,49000,0.0,0.0,3,LEFT,greedy,9944,15319,12937,11196,6672,42724,0.1350716657219208,0,24698,2,2,407.76725999927237,203.88362999963618,2,2,,,3,LEFT,False,,
49396,dqn,253,,,3.0,3.0,0.05,0.0011284496868029237,1.2376224994659424,2.1349313259124756,0.41287294030189514,1.228837013244629,2.0699732303619385,0.03577793017029762,0.1450117826461792,0.3648853898048401,10000,10000,1.0,407.7670708220927,407.7670708220927,12100,True,99,49000,0.0,0.0,0,NOOP,greedy,9944,15319,12937,11196,6672,42724,0.1350716657219208,1,24698,2,2,407.7670708220927,203.88353541104635,2,2,,,0,NOOP,False,,
49471,dqn,254,2.0,180,0.0,0.0,0.05,,,,,,,,,,10000,10000,1.0,407.65015066566576,407.65015066566576,12119,True,99,49000,0.0,0.0,3,LEFT,greedy,9949,15325,12955,11243,6675,42797,0.1349248059508409,0,24736,2,2,407.65015066566576,203.82507533283288,2,2,,,3,LEFT,False,,
49490,dqn,255,4.0,243,0.0,0.0,0.05,,,,,,,,,,10000,10000,1.0,407.63864913492534,407.63864913492534,12123,False,99,49000,0.0,0.0,3,LEFT,greedy,9949,15327,12967,11247,6676,42814,0.13489593857344917,1,24745,2,2,407.63864913492534,203.81932456746267,2,2,,,3,LEFT,False,,
49795,dqn,255,,,3.0,3.0,0.05,0.009645765647292137,1.1990454196929932,2.2668423652648926,0.3314708471298218,1.2602427005767822,2.394458055496216,0.06412094831466675,0.5488957166671753,0.895477831363678,10000,10000,1.0,407.4467349937693,407.4467349937693,12200,True,100,49500,0.0,0.0,2,RIGHT,greedy,9981,15374,13065,11376,6691,43105,0.1343682223471765,0,24898,2,2,407.4467349937693,203.72336749688466,2,2,,,2,RIGHT,False,,
49796,dqn,255,,,3.0,3.0,0.05,0.009645765647292137,1.1990454196929932,2.2668423652648926,0.3314708471298218,1.2602427005767822,2.394458055496216,0.06412094831466675,0.5488957166671753,0.895477831363678,10000,10000,1.0,407.4465369626866,407.4465369626866,12200,True,100,49500,0.0,0.0,0,NOOP,greedy,9981,15374,13065,11376,6691,43105,0.1343682223471765,1,24898,2,2,407.4465369626866,203.7232684813433,2,2,,,0,NOOP,False,,
49916,dqn,256,3.0,213,0.0,0.0,0.05,,,,,,,,,,10000,10000,1.0,407.39722359532914,407.39722359532914,12230,True,100,49500,0.0,0.0,1,FIRE,greedy,9983,15404,13104,11425,6697,43219,0.13416539786841894,1,24958,2,2,407.39722359532914,203.69861179766457,2,2,,,1,FIRE,False,,
49965,dqn,257,3.0,247,0.0,0.0,0.05,,,,,,,,,,10000,10000,1.0,407.3426819321988,407.3426819321988,12242,False,100,49500,0.0,0.0,0,NOOP,greedy,10005,15432,13104,11425,6697,43269,0.13403114117599968,0,24983,2,2,407.3426819321988,203.6713409660994,2,2,,,0,NOOP,False,,
50195,dqn,257,,,0.0,0.0,0.05,0.0029805824160575867,1.2086067199707031,2.1096487045288086,0.3655368983745575,1.2270517349243164,2.1071507930755615,0.05287807434797287,0.20840013027191162,0.17722032964229584,10000,10000,1.0,407.1700676160835,407.1700676160835,12300,True,101,50000,0.0,0.0,2,RIGHT,random,10014,15527,13144,11511,6712,43484,0.1337158339309905,0,25098,2,2,407.1700676160835,203.58503380804174,2,2,,,2,RIGHT,False,,
50196,dqn,257,,,1.0,1.0,0.05,0.0029805824160575867,1.2086067199707031,2.1096487045288086,0.3655368983745575,1.2270517349243164,2.1071507930755615,0.05287807434797287,0.20840013027191162,0.17722032964229584,10000,10000,1.0,407.1698757238219,407.1698757238219,12300,True,101,50000,0.0,0.0,0,NOOP,greedy,10014,15527,13144,11511,6712,43484,0.1337158339309905,1,25098,2,2,407.1698757238219,203.58493786191096,2,2,,,0,NOOP,False,,
50213,dqn,258,0.0,124,0.0,0.0,0.05,,,,,,,,,,10000,10000,1.0,407.16555954364657,407.16555954364657,12304,False,101,50000,0.0,0.0,0,NOOP,greedy,10023,15527,13147,11517,6712,43502,0.13366790138208468,0,25107,2,2,407.16555954364657,203.58277977182328,2,2,,,0,NOOP,False,,
50220,dqn,259,1.0,152,0.0,0.0,0.05,,,,,,,,,,10000,10000,1.0,407.13455129177424,407.13455129177424,12306,True,101,50000,0.0,0.0,3,LEFT,random,10025,15530,13147,11518,6713,43507,0.13367184388689765,1,25110,2,2,407.13455129177424,203.56727564588712,2,2,,,3,LEFT,False,,
50595,dqn,259,,,3.0,3.0,0.05,0.0014710832620039582,1.0665664672851562,2.162029981613159,0.3601420223712921,1.0981444120407104,2.2376976013183594,0.04086250439286232,0.18465542793273926,0.23591415584087372,10000,10000,1.0,406.8088392052647,406.8088392052647,12400,True,102,50500,0.0,0.0,2,RIGHT,greedy,10078,15680,13270,11568,6733,43863,0.1330737607716025,0,25298,2,2,406.8088392052647,203.40441960263234,2,2,,,2,RIGHT,False,,
50596,dqn,259,,,2.0,2.0,0.05,0.0014710832620039582,1.0665664672851562,2.162029981613159,0.3601420223712921,1.0981444120407104,2.2376976013183594,0.04086250439286232,0.18465542793273926,0.23591415584087372,10000,10000,1.0,406.80841595368923,406.80841595368923,12400,True,102,50500,0.0,0.0,3,LEFT,greedy,10078,15680,13270,11568,6733,43863,0.1330737607716025,1,25298,2,2,406.80841595368923,203.40420797684462,2,2,,,3,LEFT,False,,
50774,dqn,260,4.0,277,0.0,0.0,0.05,,,,,,,,,,10000,10000,1.0,406.6201876471893,406.6201876471893,12444,False,102,50500,0.0,0.0,0,NOOP,greedy,10122,15708,13330,11614,6739,44035,0.13272541064324261,1,25387,2,2,406.6201876471893,203.31009382359466,2,2,,,0,NOOP,False,,
50807,dqn,261,4.0,297,0.0,0.0,0.05,,,,,,,,,,10000,10000,1.0,406.61185740824595,406.61185740824595,12453,True,102,50500,0.0,0.0,0,NOOP,greedy,10140,15718,13331,11619,6740,44068,0.13265627460242482,0,25404,2,2,406.61185740824595,203.30592870412298,2,2,,,0,NOOP,False,,
50995,dqn,261,,,2.0,2.0,0.05,0.0037394603714346886,1.1083192825317383,2.10834002494812,0.38488250970840454,1.1288752555847168,2.1139309406280518,0.05603422224521637,0.27965247631073,0.15547992289066315,10000,10000,1.0,406.5929614785435,406.5929614785435,12500,True,102,50500,0.0,0.0,2,RIGHT,greedy,10147,15758,13445,11646,6752,44244,0.13240254137579419,0,25498,2,2,406.5929614785435,203.29648073927174,2,2,,,2,RIGHT,False,,
50996,dqn,261,,,1.0,1.0,0.05,0.0037394603714346886,1.1083192825317383,2.10834002494812,0.38488250970840454,1.1288752555847168,2.1139309406280518,0.05603422224521637,0.27965247631073,0.15547992289066315,10000,10000,1.0,406.5927825324879,406.5927825324879,12500,True,102,50500,0.0,0.0,2,RIGHT,greedy,10147,15758,13445,11646,6752,44244,0.13240254137579419,1,25498,2,2,406.5927825324879,203.29639126624394,2,2,,,2,RIGHT,False,,
51118,dqn,262,1.0,172,0.0,0.0,0.05,,,,,,,,,,10000,10000,1.0,406.65643328835813,406.65643328835813,12530,False,103,51000,0.0,0.0,0,NOOP,greedy,10208,15787,13457,11666,6758,44360,0.1322039203411714,1,25559,2,2,406.65643328835813,203.32821664417907,2,2,,,0,NOOP,False,,
51359,dqn,263,4.0,276,0.0,0.0,0.05,,,,,,,,,,10000,10000,1.0,406.6832365696693,406.6832365696693,12591,True,103,51000,0.0,0.0,3,LEFT,greedy,10225,15850,13514,11771,6770,44590,0.1318146417445483,0,25680,2,2,406.6832365696693,203.34161828483465,2,2,,,3,LEFT,False,,
51395,dqn,263,,,0.0,0.0,0.05,0.00720016285777092,1.318172812461853,2.267493963241577,0.3973511755466461,1.3191473484039307,2.1361732482910156,0.07213564217090607,0.5556656122207642,0.40645286440849304,10000,10000,1.0,406.6597697916594,406.6597697916594,12600,True,103,51000,0.0,0.0,1,FIRE,greedy,10227,15867,13522,11780,6772,44624,0.13176122655459568,0,25698,2,2,406.6597697916594,203.3298848958297,2,2,,,1,FIRE,False,,
51396,dqn,263,,,2.0,2.0,0.05,0.00720016285777092,1.318172812461853,2.267493963241577,0.3973511755466461,1.3191473484039307,2.1361732482910156,0.07213564217090607,0.5556656122207642,0.40645286440849304,10000,10000,1.0,406.6595780223655,406.6595780223655,12600,True,103,51000,0.0,0.0,3,LEFT,greedy,10227,15867,13522,11780,6772,44624,0.13176122655459568,1,25698,2,2,406.6595780223655,203.32978901118275,2,2,,,3,LEFT,False,,
51670,dqn,264,4.0,276,0.0,0.0,0.05,,,,,,,,,,10000,10000,1.0,406.8639249694884,406.8639249694884,12668,False,104,51500,0.0,0.0,0,NOOP,greedy,10256,16009,13572,11833,6786,44884,0.13133346235726728,1,25835,2,2,406.8639249694884,203.4319624847442,2,2,,,0,NOOP,False,,
51795,dqn,264,,,3.0,3.0,0.05,0.001155671663582325,1.3281755447387695,2.2683849334716797,0.4416061341762543,1.3253881931304932,2.2990341186523438,0.03838828578591347,0.1240617036819458,0.1912371665239334,10000,10000,1.0,406.93436010796506,406.93436010796506,12700,True,104,51500,0.0,0.0,2,RIGHT,greedy,10268,16056,13609,11863,6789,45007,0.13107189744381806,0,25898,2,2,406.93436010796506,203.46718005398253,2,2,,,2,RIGHT,False,,
51796,dqn,264,,,0.0,0.0,0.05,0.001155671663582325,1.3281755447387695,2.2683849334716797,0.4416061341762543,1.3253881931304932,2.2990341186523438,0.03838828578591347,0.1240617036819458,0.1912371665239334,10000,10000,1.0,406.93417915384606,406.93417915384606,12700,True,104,51500,0.0,0.0,1,FIRE,greedy,10268,16056,13609,11863,6789,45007,0.13107189744381806,1,25898,2,2,406.93417915384606,203.46708957692303,2,2,,,1,FIRE,False,,
51849,dqn,265,3.0,245,0.0,0.0,0.05,,,,,,,,,,10000,10000,1.0,406.95380050116074,406.95380050116074,12713,False,104,51500,0.0,0.0,2,RIGHT,greedy,10269,16077,13637,11867,6791,45059,0.13097396335583414,0,25925,2,2,406.95380050116074,203.47690025058037,2,2,,,2,RIGHT,False,,
51914,dqn,266,0.0,122,0.0,0.0,0.05,,,,,,,,,,10000,10000,1.0,406.9648497767823,406.9648497767823,12729,False,104,51500,0.0,0.0,3,LEFT,greedy,10272,16117,13655,11870,6793,45121,0.1308510228454752,1,25957,2,2,406.9648497767823,203.48242488839114,2,2,,,3,LEFT,False,,
52195,dqn,266,,,1.0,1.0,0.05,0.0009666199912317097,1.1998026371002197,2.09148907661438,0.31990501284599304,1.2341289520263672,2.094660520553589,0.03433619439601898,0.10831820964813232,0.18588639795780182,10000,10000,1.0,407.16216438243896,407.16216438243896,12800,True,105,52000,0.0,0.0,2,RIGHT,greedy,10284,16211,13730,11971,6807,45389,0.1304122921296651,0,26098,2,2,407.16216438243896,203.58108219121948,2,2,,,2,RIGHT,False,,
52196,dqn,266,,,2.0,2.0,0.05,0.0009666199912317097,1.1998026371002197,2.09148907661438,0.31990501284599304,1.2341289520263672,2.094660520553589,0.03433619439601898,0.10831820964813232,0.18588639795780182,10000,10000,1.0,407.1619839787159,407.1619839787159,12800,True,105,52000,0.0,0.0,3,LEFT,greedy,10284,16211,13730,11971,6807,45389,0.1304122921296651,1,26098,2,2,407.1619839787159,203.58099198935795,2,2,,,3,LEFT,False,,
52283,dqn,267,2.0,217,0.0,0.0,0.05,,,,,,,,,,10000,10000,1.0,407.1713145115256,407.1713145115256,12822,True,105,52000,0.0,0.0,3,LEFT,greedy,10292,16227,13753,12012,6816,45468,0.13036492999770485,0,26142,2,2,407.1713145115256,203.5856572557628,2,2,,,3,LEFT,False,,
52502,dqn,268,5.0,294,0.0,0.0,0.05,,,,,,,,,,10000,10000,1.0,407.3670070767308,407.3670070767308,12876,False,106,52500,0.0,0.0,3,LEFT,greedy,10295,16281,13781,12145,6825,45677,0.12999504780770257,1,26251,2,2,407.3670070767308,203.6835035383654,2,2,,,3,LEFT,False,,
52529,dqn,269,0.0,123,0.0,0.0,0.05,,,,,,,,,,10000,10000,1.0,407.36792981798544,407.36792981798544,12883,False,106,52500,0.0,0.0,2,RIGHT,greedy,10296,16297,13790,12147,6828,45702,0.12998286693318103,0,26265,2,2,407.36792981798544,203.68396490899272,2,2,,,2,RIGHT,False,,
52595,dqn,269,,,0.0,0.0,0.05,0.0009555703145451844,1.3257057666778564,2.291119337081909,0.3420290946960449,1.3419522047042847,2.1964268684387207,0.030111417174339294,0.15373027324676514,0.10019884258508682,10000,10000,1.0,407.39227109707895,407.39227109707895,12900,True,106,52500,0.0,0.0,2,RIGHT,greedy,10296,16332,13815,12153,6828,45768,0.1298197581565138,0,26298,2,2,407.39227109707895,203.69613554853947,2,2,,,2,RIGHT,False,,
52596,dqn,269,,,0.0,0.0,0.05,0.0009555703145451844,1.3257057666778564,2.291119337081909,0.3420290946960449,1.3419522047042847,2.1964268684387207,0.030111417174339294,0.15373027324676514,0.10019884258508682,10000,10000,1.0,407.3917374969682,407.3917374969682,12900,True,106,52500,0.0,0.0,1,FIRE,greedy,10296,16332,13815,12153,6828,45768,0.1298197581565138,1,26298,2,2,407.3917374969682,203.6958687484841,2,2,,,1,FIRE,False,,
52777,dqn,270,0.0,124,0.0,0.0,0.05,,,,,,,,,,10000,10000,1.0,407.4376549652244,407.4376549652244,12945,False,106,52500,0.0,0.0,3,LEFT,greedy,10302,16372,13876,12228,6846,45932,0.12971313804994505,0,26389,2,2,407.4376549652244,203.7188274826122,2,2,,,3,LEFT,False,,
52898,dqn,271,2.0,198,0.0,0.0,0.05,,,,,,,,,,10000,10000,1.0,407.4209408374397,407.4209408374397,12975,False,106,52500,0.0,0.0,0,NOOP,random,10318,16378,13933,12269,6852,46046,0.1295323074596393,1,26449,2,2,407.4209408374397,203.71047041871984,2,2,,,0,NOOP,False,,
52995,dqn,271,,,1.0,1.0,0.05,0.004081815015524626,1.3304481506347656,2.1973419189453125,0.28952568769454956,1.3246862888336182,2.24106764793396,0.053408410400152206,0.32759344577789307,0.3115937113761902,10000,10000,1.0,407.3190818102841,407.3190818102841,13000,True,106,52500,0.0,0.0,0,NOOP,greedy,10324,16398,13950,12324,6856,46140,0.12936825420786474,0,26498,2,2,407.3190818102841,203.65954090514205,2,2,,,0,NOOP,False,,
52996,dqn,271,,,0.0,0.0,0.05,0.004081815015524626,1.3304481506347656,2.1973419189453125,0.28952568769454956,1.3246862888336182,2.24106764793396,0.053408410400152206,0.32759344577789307,0.3115937113761902,10000,10000,1.0,407.31888833979747,407.31888833979747,13000,True,106,52500,0.0,0.0,0,NOOP,random,10324,16398,13950,12324,6856,46140,0.12936825420786474,1,26498,2,2,407.31888833979747,203.65944416989873,2,2,,,0,NOOP,False,,
53175,dqn,272,2.0,199,0.0,0.0,0.05,,,,,,,,,,10000,10000,1.0,407.17209603980695,407.17209603980695,13045,True,107,53000,0.0,0.0,0,NOOP,greedy,10415,16423,13980,12358,6865,46311,0.12909959380171507,0,26588,2,2,407.17209603980695,203.58604801990347,2,2,,,0,NOOP,False,,
53204,dqn,273,1.0,153,0.0,0.0,0.05,,,,,,,,,,10000,10000,1.0,407.11626093255234,407.11626093255234,13052,True,107,53000,0.0,0.0,0,NOOP,greedy,10428,16425,13980,12371,6866,46338,0.12905044733478685,1,26602,2,2,407.11626093255234,203.55813046627617,2,2,,,0,NOOP,False,,
53395,dqn,273,,,1.0,1.0,0.05,0.0051328628323972225,1.0982308387756348,1.9589996337890625,0.3355337083339691,1.08272385597229,2.014472246170044,0.047487225383520126,0.5203996896743774,0.17811726033687592,10000,10000,1.0,406.9896206592,406.9896206592,13100,True,107,53000,0.0,0.0,2,RIGHT,greedy,10431,16441,14000,12524,6873,46523,0.12871750692935802,0,26698,2,2,406.9896206592,203.4948103296,2,2,,,2,RIGHT,False,,
53396,dqn,273,,,0.0,0.0,0.05,0.0051328628323972225,1.0982308387756348,1.9589996337890625,0.3355337083339691,1.08272385597229,2.014472246170044,0.047487225383520126,0.5203996896743774,0.17811726033687592,10000,10000,1.0,406.98942429570343,406.98942429570343,13100,True,107,53000,0.0,0.0,3,LEFT,greedy,10431,16441,14000,12524,6873,46523,0.12871750692935802,1,26698,2,2,406.98942429570343,203.49471214785171,2,2,,,3,LEFT,False,,
53452,dqn,274,0.0,124,0.0,0.0,0.05,,,,,,,,,,10000,10000,1.0,406.94771575376444,406.94771575376444,13114,True,107,53000,0.0,0.0,2,RIGHT,greedy,10431,16448,14023,12550,6873,46579,0.12858265359574947,1,26726,2,2,406.94771575376444,203.47385787688222,2,2,,,2,RIGHT,False,,
53483,dqn,275,1.0,154,0.0,0.0,0.05,,,,,,,,,,10000,10000,1.0,406.91340705037726,406.91340705037726,13122,True,107,53000,0.0,0.0,0,NOOP,greedy,10441,16456,14035,12552,6874,46610,0.12852441851768753,0,26742,2,2,406.91340705037726,203.45670352518863,2,2,,,0,NOOP,False,,
53795,dqn,275,,,3.0,3.0,0.05,0.0011201777961105108,1.2155511379241943,2.2909152507781982,0.2967764139175415,1.204625129699707,2.2478578090667725,0.03791991248726845,0.09741389751434326,0.21833346784114838,10000,10000,1.0,406.41336241437756,406.41336241437756,13200,True,108,53500,0.0,0.0,1,FIRE,greedy,10463,16550,14132,12651,6887,46909,0.1280206706818351,0,26898,2,2,406.41336241437756,203.20668120718878,2,2,,,1,FIRE,False,,
53796,dqn,275,,,4.0,4.0,0.05,0.0011201777961105108,1.2155511379241943,2.2909152507781982,0.2967764139175415,1.204625129699707,2.2478578090667725,0.03791991248726845,0.09741389751434326,0.21833346784114838,10000,10000,1.0,406.4131631491929,406.4131631491929,13200,True,108,53500,0.0,0.0,2,RIGHT,greedy,10463,16550,14132,12651,6887,46909,0.1280206706818351,1,26898,2,2,406.4131631491929,203.20658157459644,2,2,,,2,RIGHT,False,,
54073,dqn,276,4.0,295,0.0,0.0,0.05,,,,,,,,,,10000,10000,1.0,406.1895572468692,406.1895572468692,13269,False,109,54000,0.0,0.0,2,RIGHT,greedy,10499,16669,14194,12712,6902,47172,0.12763990087657653,0,27037,2,2,406.1895572468692,203.0947786234346,2,2,,,2,RIGHT,False,,
54195,dqn,276,,,0.0,0.0,0.05,0.005265089217573404,1.1608824729919434,2.110473155975342,0.2713705897331238,1.1424564123153687,2.0644471645355225,0.05841253697872162,0.4331416189670563,0.3719135522842407,10000,10000,1.0,406.1434105386904,406.1434105386904,13300,True,109,54000,0.0,0.0,3,LEFT,greedy,10501,16720,14219,12756,6908,47288,0.12746328142298324,0,27098,2,2,406.1434105386904,203.0717052693452,2,2,,,3,LEFT,False,,
54196,dqn,276,,,6.0,6.0,0.05,0.005265089217573404,1.1608824729919434,2.110473155975342,0.2713705897331238,1.1424564123153687,2.0644471645355225,0.05841253697872162,0.4331416189670563,0.3719135522842407,10000,10000,1.0,406.1432324869389,406.1432324869389,13300,True,109,54000,0.0,0.0,3,LEFT,greedy,10501,16720,14219,12756,6908,47288,0.12746328142298324,1,27098,2,2,406.1432324869389,203.07161624346946,2,2,,,3,LEFT,False,,
54276,dqn,277,7.0,412,0.0,0.0,0.05,,,,,,,,,,10000,10000,1.0,406.0453242206521,406.0453242206521,13320,True,109,54000,0.0,0.0,3,LEFT,greedy,10501,16755,14245,12775,6910,47366,0.12731225587736753,1,27138,2,2,406.0453242206521,203.02266211032605,2,2,,,3,LEFT,False,,
54381,dqn,278,1.0,154,0.0,0.0,0.05,,,,,,,,,,10000,10000,1.0,405.91716760448963,405.91716760448963,13346,False,109,54000,0.0,0.0,3,LEFT,greedy,10508,16780,14281,12813,6915,47467,0.12715604427935714,0,27191,2,2,405.91716760448963,202.95858380224482,2,2,,,3,LEFT,False,,
54582,dqn,279,1.0,153,0.0,0.0,0.05,,,,,,,,,,10000,10000,1.0,405.75359218138857,405.75359218138857,13396,False,110,54500,0.0,0.0,3,LEFT,greedy,10543,16797,14346,12896,6920,47662,0.1267817229123154,1,27291,2,2,405.75359218138857,202.87679609069428,2,2,,,3,LEFT,False,,
54595,dqn,279,,,2.0,2.0,0.05,0.001066222321242094,1.1005750894546509,2.2167327404022217,0.19467651844024658,1.0805938243865967,2.2099814414978027,0.03649982064962387,0.0981818437576294,0.25965699553489685,10000,10000,1.0,405.73048306321675,405.73048306321675,13400,True,110,54500,0.0,0.0,2,RIGHT,greedy,10543,16802,14347,12904,6920,47676,0.12674921239651257,0,27298,2,2,405.73048306321675,202.86524153160838,2,2,,,2,RIGHT,False,,
54596,dqn,279,,,0.0,0.0,0.05,0.001066222321242094,1.1005750894546509,2.2167327404022217,0.19467651844024658,1.0805938243865967,2.2099814414978027,0.03649982064962387,0.0981818437576294,0.25965699553489685,10000,10000,1.0,405.7299306807613,405.7299306807613,13400,True,110,54500,0.0,0.0,3,LEFT,greedy,10543,16802,14347,12904,6920,47676,0.12674921239651257,1,27298,2,2,405.7299306807613,202.86496534038065,2,2,,,3,LEFT,False,,
54995,dqn,279,,,5.0,5.0,0.05,0.0034854516852647066,1.3126516342163086,2.204467296600342,0.39704635739326477,1.3212664127349854,2.154954671859741,0.06174745410680771,0.32831907272338867,0.15301726758480072,10000,10000,1.0,405.56254740899504,405.56254740899504,13500,True,110,54500,0.0,0.0,3,LEFT,greedy,10585,16934,14465,13012,6942,48054,0.1262273619899629,0,27498,2,2,405.56254740899504,202.78127370449752,2,2,,,3,LEFT,False,,
54996,dqn,279,,,3.0,3.0,0.05,0.0034854516852647066,1.3126516342163086,2.204467296600342,0.39704635739326477,1.3212664127349854,2.154954671859741,0.06174745410680771,0.32831907272338867,0.15301726758480072,10000,10000,1.0,405.5623524100897,405.5623524100897,13500,True,110,54500,0.0,0.0,2,RIGHT,greedy,10585,16934,14465,13012,6942,48054,0.1262273619899629,1,27498,2,2,405.5623524100897,202.78117620504486,2,2,,,2,RIGHT,False,,
55100,dqn,280,4.0,259,0.0,0.0,0.05,,,,,,,,,,10000,10000,1.0,405.47957025798786,405.47957025798786,13526,True,111,55000,0.0,0.0,3,LEFT,greedy,10586,16953,14491,13070,6944,48156,0.12602540834845735,1,27550,2,2,405.47957025798786,202.73978512899393,2,2,,,3,LEFT,False,,
55125,dqn,281,6.0,372,0.0,0.0,0.05,,,,,,,,,,10000,10000,1.0,405.4734711316754,405.4734711316754,13532,False,111,55000,0.0,0.0,3,LEFT,greedy,10586,16955,14501,13084,6944,48182,0.125965968871313,0,27563,2,2,405.4734711316754,202.7367355658377,2,2,,,3,LEFT,False,,
55395,dqn,281,,,0.0,0.0,0.05,0.004166852217167616,1.2422466278076172,2.208170175552368,0.26917779445648193,1.3153173923492432,2.2939138412475586,0.06211819499731064,0.27955400943756104,0.8043037056922913,10000,10000,1.0,405.3972759084912,405.3972759084912,13600,True,111,55000,0.0,0.0,3,LEFT,greedy,10593,16997,14619,13187,6956,48440,0.12556863311430427,0,27698,2,2,405.3972759084912,202.6986379542456,2,2,,,3,LEFT,False,,
55396,dqn,281,,,1.0,1.0,0.05,0.004166852217167616,1.2422466278076172,2.208170175552368,0.26917779445648193,1.3153173923492432,2.2939138412475586,0.06211819499731064,0.27955400943756104,0.8043037056922913,10000,10000,1.0,405.397113329941,405.397113329941,13600,True,111,55000,0.0,0.0,3,LEFT,greedy,10593,16997,14619,13187,6956,48440,0.12556863311430427,1,27698,2,2,405.397113329941,202.6985566649705,2,2,,,3,LEFT,False,,
55467,dqn,282,1.0,171,0.0,0.0,0.05,,,,,,,,,,10000,10000,1.0,405.39467259407127,405.39467259407127,13618,True,111,55000,0.0,0.0,0,NOOP,greedy,10609,16999,14638,13222,6961,48507,0.12549578135140982,0,27734,2,2,405.39467259407127,202.69733629703563,2,2,,,0,NOOP,False,,
55536,dqn,283,2.0,218,0.0,0.0,0.05,,,,,,,,,,10000,10000,1.0,405.3347382447821,405.3347382447821,13635,True,112,55500,0.0,0.0,2,RIGHT,greedy,10611,17026,14676,13223,6966,48570,0.12543215211754538,1,27768,2,2,405.3347382447821,202.66736912239105,2,2,,,2,RIGHT,False,,
55775,dqn,284,1.0,154,0.0,0.0,0.05,,,,,,,,,,10000,10000,1.0,405.22610288099924,405.22610288099924,13695,True,112,55500,0.0,0.0,3,LEFT,greedy,10657,17081,14753,13285,6979,48797,0.12512550200803213,0,27888,2,2,405.22610288099924,202.61305144049962,2,2,,,3,LEFT,False,,
55795,dqn,284,,,0.0,0.0,0.05,0.003020244650542736,1.251065731048584,2.054262399673462,0.2263963520526886,1.2833740711212158,2.1856985092163086,0.048238519579172134,0.2711547613143921,0.19509771466255188,10000,10000,1.0,405.21161190562515,405.21161190562515,13700,True,112,55500,0.0,0.0,2,RIGHT,greedy,10659,17084,14759,13294,6981,48815,0.12511649580615097,0,27898,2,2,405.21161190562515,202.60580595281257,2,2,,,2,RIGHT,False,,
55796,dqn,284,,,1.0,1.0,0.05,0.003020244650542736,1.251065731048584,2.054262399673462,0.2263963520526886,1.2833740711212158,2.1856985092163086,0.048238519579172134,0.2711547613143921,0.19509771466255188,10000,10000,1.0,405.21144151732625,405.21144151732625,13700,True,112,55500,0.0,0.0,3,LEFT,random,10659,17084,14759,13294,6981,48815,0.12511649580615097,1,27898,2,2,405.21144151732625,202.60572075866313,2,2,,,3,LEFT,False,,
55876,dqn,285,1.0,170,0.0,0.0,0.05,,,,,,,,,,10000,10000,1.0,405.1967164898652,405.1967164898652,13720,True,112,55500,0.0,0.0,0,NOOP,greedy,10671,17096,14770,13339,6985,48891,0.12500894838571122,1,27938,2,2,405.1967164898652,202.5983582449326,2,2,,,0,NOOP,False,,
56195,dqn,285,,,3.0,3.0,0.05,0.005091739818453789,1.1958218812942505,2.2393414974212646,0.34573525190353394,1.1997885704040527,2.2439188957214355,0.06245379522442818,0.3655262887477875,0.27073875069618225,10000,10000,1.0,405.2556047175971,405.2556047175971,13800,True,113,56000,0.0,0.0,2,RIGHT,greedy,10699,17166,14859,13472,7007,49189,0.1246885899352267,0,28098,2,2,405.2556047175971,202.62780235879856,2,2,,,2,RIGHT,False,,
56196,dqn,285,,,2.0,2.0,0.05,0.005091739818453789,1.1958218812942505,2.2393414974212646,0.34573525190353394,1.1997885704040527,2.2439188957214355,0.06245379522442818,0.3655262887477875,0.27073875069618225,10000,10000,1.0,405.2554460270831,405.2554460270831,13800,True,113,56000,0.0,0.0,0,NOOP,greedy,10699,17166,14859,13472,7007,49189,0.1246885899352267,1,28098,2,2,405.2554460270831,202.62772301354156,2,2,,,0,NOOP,False,,
56291,dqn,286,4.0,258,0.0,0.0,0.05,,,,,,,,,,10000,10000,1.0,405.3158920256976,405.3158920256976,13824,True,113,56000,0.0,0.0,3,LEFT,greedy,10716,17177,14898,13501,7013,49279,0.12458253393022099,0,28146,2,2,405.3158920256976,202.6579460128488,2,2,,,3,LEFT,False,,
56488,dqn,287,5.0,306,0.0,0.0,0.05,,,,,,,,,,10000,10000,1.0,405.4227477228477,405.4227477228477,13873,True,113,56000,0.0,0.0,3,LEFT,greedy,10735,17233,14964,13556,7027,49461,0.1243981022518057,1,28244,2,2,405.4227477228477,202.71137386142385,2,2,,,3,LEFT,False,,
56595,dqn,287,,,1.0,1.0,0.05,0.0013388957595452666,1.261653184890747,2.573870897293091,0.2960874140262604,1.251532793045044,2.5456089973449707,0.041814714670181274,0.15830910205841064,0.4042554497718811,10000,10000,1.0,405.48392491401705,405.48392491401705,13900,True,114,56500,0.0,0.0,3,LEFT,greedy,10737,17251,14989,13619,7032,49564,0.12424906353805923,0,28298,2,2,405.48392491401705,202.74196245700853,2,2,,,3,LEFT,False,,
56596,dqn,287,,,0.0,0.0,0.05,0.0013388957595452666,1.261653184890747,2.573870897293091,0.2960874140262604,1.251532793045044,2.5456089973449707,0.041814714670181274,0.15830910205841064,0.4042554497718811,10000,10000,1.0,405.48357223483123,405.48357223483123,13900,True,114,56500,0.0,0.0,3,LEFT,greedy,10737,17251,14989,13619,7032,49564,0.12424906353805923,1,28298,2,2,405.48357223483123,202.74178611741561,2,2,,,3,LEFT,False,,
56725,dqn,288,2.0,217,0.0,0.0,0.05,,,,,,,,,,10000,10000,1.0,405.5319464543352,405.5319464543352,13932,False,114,56500,0.0,0.0,3,LEFT,greedy,10762,17273,15016,13675,7037,49689,0.12405246271550964,0,28363,2,2,405.5319464543352,202.7659732271676,2,2,,,3,LEFT,False,,
56794,dqn,289,1.0,153,0.0,0.0,0.05,,,,,,,,,,10000,10000,1.0,405.54476158924217,405.54476158924217,13949,False,114,56500,0.0,0.0,3,LEFT,greedy,10772,17286,15030,13706,7044,49750,0.12402718597034898,1,28397,2,2,405.54476158924217,202.77238079462109,2,2,,,3,LEFT,False,,
56995,dqn,289,,,1.0,1.0,0.05,0.001510131754912436,1.3147759437561035,2.3162615299224854,0.26815903186798096,1.307689905166626,2.3148484230041504,0.039980582892894745,0.14214599132537842,0.24720855057239532,10000,10000,1.0,405.5567358005321,405.5567358005321,14000,True,114,56500,0.0,0.0,3,LEFT,greedy,10806,17353,15073,13764,7053,49943,0.12374552600182469,0,28498,2,2,405.5567358005321,202.77836790026606,2,2,,,3,LEFT,False,,
56996,dqn,289,,,2.0,2.0,0.05,0.001510131754912436,1.3147759437561035,2.3162615299224854,0.26815903186798096,1.307689905166626,2.3148484230041504,0.039980582892894745,0.14214599132537842,0.24720855057239532,10000,10000,1.0,405.55654909211233,405.55654909211233,14000,True,114,56500,0.0,0.0,3,LEFT,greedy,10806,17353,15073,13764,7053,49943,0.12374552600182469,1,28498,2,2,405.55654909211233,202.77827454605617,2,2,,,3,LEFT,False,,
57219,dqn,290,3.0,247,0.0,0.0,0.05,,,,,,,,,,10000,10000,1.0,405.60826308396037,405.60826308396037,14056,True,115,57000,0.0,0.0,3,LEFT,greedy,10818,17418,15111,13873,7066,50154,0.12348829080741,0,28610,2,2,405.60826308396037,202.80413154198018,2,2,,,3,LEFT,False,,
57290,dqn,291,3.0,248,0.0,0.0,0.05,,,,,,,,,,10000,10000,1.0,405.5543250767078,405.5543250767078,14073,False,115,57000,0.0,0.0,3,LEFT,greedy,10820,17433,15125,13912,7071,50219,0.1234246814452784,1,28645,2,2,405.5543250767078,202.7771625383539,2,2,,,3,LEFT,False,,
57395,dqn,291,,,0.0,0.0,0.05,0.001978438813239336,1.284379243850708,2.3254778385162354,0.2680734097957611,1.2966504096984863,2.3023831844329834,0.04283115267753601,0.17537760734558105,0.13254284858703613,10000,10000,1.0,405.5649463100968,405.5649463100968,14100,True,115,57000,0.0,0.0,1,FIRE,greedy,10824,17480,15139,13953,7076,50320,0.12328385253327757,0,28698,2,2,405.5649463100968,202.7824731550484,2,2,,,1,FIRE,False,,
57396,dqn,291,,,0.0,0.0,0.05,0.001978438813239336,1.284379243850708,2.3254778385162354,0.2680734097957611,1.2966504096984863,2.3023831844329834,0.04283115267753601,0.17537760734558105,0.13254284858703613,10000,10000,1.0,405.56477665746104,405.56477665746104,14100,True,115,57000,0.0,0.0,1,FIRE,greedy,10824,17480,15139,13953,7076,50320,0.12328385253327757,1,28698,2,2,405.56477665746104,202.78238832873052,2,2,,,1,FIRE,False,,
57692,dqn,292,2.0,201,0.0,0.0,0.05,,,,,,,,,,10000,10000,1.0,405.5622264640867,405.5622264640867,14174,True,116,57500,0.0,0.0,2,RIGHT,greedy,10857,17540,15247,14048,7092,50600,0.12292865561949663,1,28846,2,2,405.5622264640867,202.78111323204334,2,2,,,2,RIGHT,False,,
57775,dqn,293,4.0,278,0.0,0.0,0.05,,,,,,,,,,10000,10000,1.0,405.4692018147337,405.4692018147337,14195,True,116,57500,0.0,0.0,3,LEFT,greedy,10857,17562,15268,14089,7095,50681,0.1228018554417059,0,28888,2,2,405.4692018147337,202.73460090736685,2,2,,,3,LEFT,False,,
57795,dqn,293,,,0.0,0.0,0.05,0.0011597750708460808,1.3794634342193604,2.2190797328948975,0.29893603920936584,1.3840422630310059,2.209568738937378,0.037275854498147964,0.13511323928833008,0.2015582025051117,10000,10000,1.0,405.45770085809215,405.45770085809215,14200,True,116,57500,0.0,0.0,3,LEFT,greedy,10858,17573,15274,14091,7096,50700,0.12277666274482663,0,28898,2,2,405.45770085809215,202.72885042904608,2,2,,,3,LEFT,False,,
57796,dqn,293,,,1.0,1.0,0.05,0.0011597750708460808,1.3794634342193604,2.2190797328948975,0.29893603920936584,1.3840422630310059,2.209568738937378,0.037275854498147964,0.13511323928833008,0.2015582025051117,10000,10000,1.0,405.45752478904745,405.45752478904745,14200,True,116,57500,0.0,0.0,1,FIRE,greedy,10858,17573,15274,14091,7096,50700,0.12277666274482663,1,28898,2,2,405.45752478904745,202.72876239452373,2,2,,,1,FIRE,False,,
58146,dqn,294,3.0,227,0.0,0.0,0.05,,,,,,,,,,10000,10000,1.0,405.554390801708,405.554390801708,14287,False,117,58000,0.0,0.0,3,LEFT,greedy,10917,17646,15324,14259,7112,51034,0.12231279881677158,1,29073,2,2,405.554390801708,202.777195400854,2,2,,,3,LEFT,False,,
58195,dqn,294,,,3.0,3.0,0.05,0.005056928843259811,1.3451110124588013,2.449183940887451,0.4157054126262665,1.2963261604309082,2.3939969539642334,0.07698950171470642,0.33105385303497314,1.0158228874206543,10000,10000,1.0,405.5687242426149,405.5687242426149,14300,True,117,58000,0.0,0.0,3,LEFT,greedy,10919,17669,15324,14284,7115,51081,0.12225926180493504,0,29098,2,2,405.5687242426149,202.78436212130745,2,2,,,3,LEFT,False,,
58196,dqn,294,,,0.0,0.0,0.05,0.005056928843259811,1.3451110124588013,2.449183940887451,0.4157054126262665,1.2963261604309082,2.3939969539642334,0.07698950171470642,0.33105385303497314,1.0158228874206543,10000,10000,1.0,405.5685685070637,405.5685685070637,14300,True,117,58000,0.0,0.0,1,FIRE,greedy,10919,17669,15324,14284,7115,51081,0.12225926180493504,1,29098,2,2,405.5685685070637,202.78428425353184,2,2,,,1,FIRE,False,,
58231,dqn,295,3.0,228,0.0,0.0,0.05,,,,,,,,,,10000,10000,1.0,405.57403875581804,405.57403875581804,14309,True,117,58000,0.0,0.0,1,FIRE,greedy,10921,17692,15330,14289,7118,51114,0.12223519714246463,0,29116,2,2,405.57403875581804,202.78701937790902,2,2,,,1,FIRE,False,,
58595,dqn,295,,,2.0,2.0,0.05,0.004155134782195091,1.1425904035568237,2.2384650707244873,0.2114335596561432,1.1918261051177979,2.1580405235290527,0.06426150351762772,0.33366072177886963,0.34739381074905396,10000,10000,1.0,405.70956379098163,405.70956379098163,14400,True,118,58500,0.0,0.0,3,LEFT,greedy,10952,17783,15443,14418,7132,51464,0.12171479281862244,0,29298,2,2,405.70956379098163,202.85478189549082,2,2,,,3,LEFT,False,,
58596,dqn,295,,,3.0,3.0,0.05,0.004155134782195091,1.1425904035568237,2.2384650707244873,0.2114335596561432,1.1918261051177979,2.1580405235290527,0.06426150351762772,0.33366072177886963,0.34739381074905396,10000,10000,1.0,405.7092508610879,405.7092508610879,14400,True,118,58500,0.0,0.0,3,LEFT,greedy,10952,17783,15443,14418,7132,51464,0.12171479281862244,1,29298,2,2,405.7092508610879,202.85462543054396,2,2,,,3,LEFT,False,,
58685,dqn,296,3.0,227,0.0,0.0,0.05,,,,,,,,,,10000,10000,1.0,405.6297191540549,405.6297191540549,14422,False,118,58500,0.0,0.0,2,RIGHT,random,10956,17801,15462,14467,7138,51548,0.12163037180929012,0,29343,2,2,405.6297191540549,202.81485957702745,2,2,,,2,RIGHT,False,,
58700,dqn,297,4.0,277,0.0,0.0,0.05,,,,,,,,,,10000,10000,1.0,405.60710067485036,405.60710067485036,14426,True,118,58500,0.0,0.0,1,FIRE,greedy,10956,17811,15465,14468,7138,51562,0.12160136286201022,1,29350,2,2,405.60710067485036,202.80355033742518,2,2,,,1,FIRE,False,,
58987,dqn,298,1.0,151,0.0,0.0,0.05,,,,,,,,,,10000,10000,1.0,405.4871392971,405.4871392971,14498,True,118,58500,0.0,0.0,3,LEFT,greedy,10978,17917,15516,14577,7152,51836,0.12124499898284397,0,29494,2,2,405.4871392971,202.74356964855,2,2,,,3,LEFT,False,,
58995,dqn,298,,,0.0,0.0,0.05,0.0032204575836658478,1.3822883367538452,2.3910434246063232,0.32623136043548584,1.3862113952636719,2.252453565597534,0.05852455645799637,0.28298741579055786,0.37925732135772705,10000,10000,1.0,405.2201440341874,405.2201440341874,14500,True,118,58500,0.0,0.0,3,LEFT,greedy,10978,17919,15520,14579,7152,51844,0.12122855786833006,0,29498,2,2,405.2201440341874,202.6100720170937,2,2,,,3,LEFT,False,,
58996,dqn,298,,,1.0,1.0,0.05,0.0032204575836658478,1.3822883367538452,2.3910434246063232,0.32623136043548584,1.3862113952636719,2.252453565597534,0.05852455645799637,0.28298741579055786,0.37925732135772705,10000,10000,1.0,405.21996952121015,405.21996952121015,14500,True,118,58500,0.0,0.0,2,RIGHT,greedy,10978,17919,15520,14579,7152,51844,0.12122855786833006,1,29498,2,2,405.21996952121015,202.60998476060507,2,2,,,2,RIGHT,False,,
59096,dqn,299,2.0,198,0.0,0.0,0.05,,,,,,,,,,10000,10000,1.0,405.16230416881893,405.16230416881893,14525,True,119,59000,0.0,0.0,1,FIRE,greedy,10979,17966,15530,14621,7159,51937,0.12114187085420333,1,29548,2,2,405.16230416881893,202.58115208440947,2,2,,,1,FIRE,False,,
59291,dqn,300,1.0,152,0.0,0.0,0.05,,,,,,,,,,10000,10000,1.0,405.1816511813864,405.1816511813864,14574,True,119,59000,0.0,0.0,3,LEFT,greedy,10993,18013,15621,14665,7167,52125,0.12087634082169602,0,29646,2,2,405.1816511813864,202.5908255906932,2,2,,,3,LEFT,False,,
59395,dqn,300,,,0.0,0.0,0.05,0.0021184838842600584,1.1130704879760742,2.2244157791137695,0.1622343212366104,1.1254112720489502,2.2413060665130615,0.04975106567144394,0.17291831970214844,0.14337033033370972,10000,10000,1.0,405.18101075549276,405.18101075549276,14600,True,119,59000,0.0,0.0,2,RIGHT,greedy,10999,18064,15636,14697,7173,52223,0.1207657081284935,0,29698,2,2,405.18101075549276,202.59050537774638,2,2,,,2,RIGHT,False,,
59396,dqn,300,,,3.0,3.0,0.05,0.0021184838842600584,1.1130704879760742,2.2244157791137695,0.1622343212366104,1.1254112720489502,2.2413060665130615,0.04975106567144394,0.17291831970214844,0.14337033033370972,10000,10000,1.0,405.18083828077647,405.18083828077647,14600,True,119,59000,0.0,0.0,0,NOOP,random,10999,18064,15636,14697,7173,52223,0.1207657081284935,1,29698,2,2,405.18083828077647,202.59041914038824,2,2,,,0,NOOP,False,,
59628,dqn,301,4.0,266,0.0,0.0,0.05,,,,,,,,,,10000,10000,1.0,405.1025240478561,405.1025240478561,14658,True,120,59500,0.0,0.0,2,RIGHT,greedy,11017,18174,15665,14772,7183,52445,0.12046354061850137,1,29814,2,2,405.1025240478561,202.55126202392805,2,2,,,2,RIGHT,False,,
59795,dqn,301,,,3.0,3.0,0.05,0.002757544629275799,1.2969837188720703,2.2643046379089355,0.15968891978263855,1.2978370189666748,2.3041510581970215,0.04715230315923691,0.26269638538360596,0.2583923637866974,10000,10000,1.0,405.0237719201974,405.0237719201974,14700,True,120,59500,0.0,0.0,1,FIRE,greedy,11024,18224,15691,14857,7192,52604,0.12027560371931233,0,29898,2,2,405.0237719201974,202.5118859600987,2,2,,,1,FIRE,False,,
59796,dqn,301,,,1.0,1.0,0.05,0.002757544629275799,1.2969837188720703,2.2643046379089355,0.15968891978263855,1.2978370189666748,2.3041510581970215,0.04715230315923691,0.26269638538360596,0.2583923637866974,10000,10000,1.0,405.02356040427094,405.02356040427094,14700,True,120,59500,0.0,0.0,3,LEFT,greedy,11024,18224,15691,14857,7192,52604,0.12027560371931233,1,29898,2,2,405.02356040427094,202.51178020213547,2,2,,,3,LEFT,False,,
59847,dqn,302,4.0,278,0.0,0.0,0.05,,,,,,,,,,10000,10000,1.0,404.9888887294339,404.9888887294339,14713,True,120,59500,0.0,0.0,3,LEFT,greedy,11025,18253,15697,14873,7195,52653,0.1202212271086753,0,29924,2,2,404.9888887294339,202.49444436471694,2,2,,,3,LEFT,False,,
60054,dqn,303,3.0,213,0.0,0.0,0.05,,,,,,,,,,10000,10000,1.0,404.798945081153,404.798945081153,14764,False,121,60000,0.0,0.0,1,FIRE,greedy,11053,18299,15733,14969,7212,52842,0.120091917274453,1,30027,2,2,404.798945081153,202.3994725405765,2,2,,,1,FIRE,False,,
60195,dqn,303,,,2.0,2.0,0.05,0.00393904373049736,1.259016513824463,2.3568804264068604,0.4429381489753723,1.2804924249649048,2.3352062702178955,0.05831267684698105,0.3272768259048462,0.2980668842792511,10000,10000,1.0,404.7490549502722,404.7490549502722,14800,True,121,60000,0.0,0.0,3,LEFT,greedy,11055,18324,15802,15015,7217,52979,0.1198916871552927,0,30098,2,2,404.7490549502722,202.3745274751361,2,2,,,3,LEFT,False,,
60196,dqn,303,,,0.0,0.0,0.05,0.00393904373049736,1.259016513824463,2.3568804264068604,0.4429381489753723,1.2804924249649048,2.3352062702178955,0.05831267684698105,0.3272768259048462,0.2980668842792511,10000,10000,1.0,404.74889656065835,404.74889656065835,14800,True,121,60000,0.0,0.0,3,LEFT,greedy,11055,18324,15802,15015,7217,52979,0.1198916871552927,1,30098,2,2,404.74889656065835,202.37444828032918,2,2,,,3,LEFT,False,,
60360,dqn,304,1.0,153,0.0,0.0,0.05,,,,,,,,,,10000,10000,1.0,404.7107516167561,404.7107516167561,14841,True,121,60000,0.0,0.0,0,NOOP,greedy,11077,18389,15822,15072,7222,53138,0.11964877402253148,1,30180,2,2,404.7107516167561,202.35537580837806,2,2,,,0,NOOP,False,,
60593,dqn,305,6.0,373,0.0,0.0,0.05,,,,,,,,,,10000,10000,1.0,404.7617253113414,404.7617253113414,14899,False,122,60500,0.0,0.0,1,FIRE,greedy,11096,18490,15880,15128,7236,53358,0.11941776413506287,0,30297,2,2,404.7617253113414,202.3808626556707,2,2,,,1,FIRE,False,,
60595,dqn,305,,,0.0,0.0,0.05,0.016651326790452003,1.3329944610595703,2.532548666000366,0.3012648820877075,1.383314847946167,2.493868112564087,0.07628446072340012,0.9785948991775513,0.30269503593444824,10000,10000,1.0,404.74909109115356,404.74909109115356,14900,True,122,60500,0.0,0.0,1,FIRE,fire_reset,11096,18492,15880,15128,7236,53360,0.1194138226945673,0,30298,2,2,404.74909109115356,202.37454554557678,2,2,,,1,FIRE,False,initial_serve,
60596,dqn,305,,,1.0,1.0,0.05,0.016651326790452003,1.3329944610595703,2.532548666000366,0.3012648820877075,1.383314847946167,2.493868112564087,0.07628446072340012,0.9785948991775513,0.30269503593444824,10000,10000,1.0,404.74878910996523,404.74878910996523,14900,True,122,60500,0.0,0.0,1,FIRE,greedy,11096,18492,15880,15128,7236,53360,0.1194138226945673,1,30298,2,2,404.74878910996523,202.37439455498262,2,2,,,1,FIRE,False,,
60816,dqn,306,3.0,228,0.0,0.0,0.05,,,,,,,,,,10000,10000,1.0,404.5428273023946,404.5428273023946,14955,True,122,60500,0.0,0.0,0,NOOP,random,11102,18571,15922,15221,7249,53567,0.11919560641936333,1,30408,2,2,404.5428273023946,202.2714136511973,2,2,,,0,NOOP,False,,
60995,dqn,306,,,2.0,2.0,0.05,0.001033333595842123,1.2132127285003662,2.549494981765747,0.17042148113250732,1.2256684303283691,2.5637693405151367,0.03695056214928627,0.12094104290008545,0.10353204607963562,10000,10000,1.0,404.481520231439,404.481520231439,15000,True,122,60500,0.0,0.0,3,LEFT,greedy,11105,18634,15969,15288,7258,53738,0.1189914092727392,0,30498,2,2,404.481520231439,202.2407601157195,2,2,,,3,LEFT,False,,
60996,dqn,306,,,1.0,1.0,0.05,0.001033333595842123,1.2132127285003662,2.549494981765747,0.17042148113250732,1.2256684303283691,2.5637693405151367,0.03695056214928627,0.12094104290008545,0.10353204607963562,10000,10000,1.0,404.48136922173404,404.48136922173404,15000,True,122,60500,0.0,0.0,2,RIGHT,greedy,11105,18634,15969,15288,7258,53738,0.1189914092727392,1,30498,2,2,404.48136922173404,202.24068461086702,2,2,,,2,RIGHT,False,,
61047,dqn,307,3.0,227,0.0,0.0,0.05,,,,,,,,,,10000,10000,1.0,404.4574322898327,404.4574322898327,15013,True,123,61000,0.0,0.0,3,LEFT,greedy,11107,18639,15991,15311,7259,53789,0.11890643428122133,0,30524,2,2,404.4574322898327,202.22871614491635,2,2,,,3,LEFT,False,,
61349,dqn,308,1.0,151,0.0,0.0,0.05,,,,,,,,,,10000,10000,1.0,404.59075618309646,404.59075618309646,15088,False,123,61000,0.0,0.0,1,FIRE,greedy,11114,18743,16057,15436,7274,54076,0.11856560717196414,0,30675,2,2,404.59075618309646,202.29537809154823,2,2,,,1,FIRE,False,,
61395,dqn,308,,,0.0,0.0,0.05,0.002305022208020091,1.397706151008606,2.497951030731201,0.2742818593978882,1.3878860473632812,2.5523853302001953,0.05223473161458969,0.18661582469940186,0.46876946091651917,10000,10000,1.0,404.59137749634937,404.59137749634937,15100,True,123,61000,0.0,0.0,1,FIRE,greedy,11114,18760,16059,15463,7275,54121,0.11849306143722718,0,30698,2,2,404.59137749634937,202.29568874817468,2,2,,,1,FIRE,False,,
61396,dqn,308,,,6.0,6.0,0.05,0.002305022208020091,1.397706151008606,2.497951030731201,0.2742818593978882,1.3878860473632812,2.5523853302001953,0.05223473161458969,0.18661582469940186,0.46876946091651917,10000,10000,1.0,404.59120659245644,404.59120659245644,15100,True,123,61000,0.0,0.0,3,LEFT,greedy,11114,18760,16059,15463,7275,54121,0.11849306143722718,1,30698,2,2,404.59120659245644,202.29560329622822,2,2,,,3,LEFT,False,,
61608,dqn,309,10.0,396,0.0,0.0,0.05,,,,,,,,,,10000,10000,1.0,404.65777918586883,404.65777918586883,15153,True,124,61500,0.0,0.0,3,LEFT,greedy,11118,18802,16127,15561,7282,54326,0.11819893520322036,1,30804,2,2,404.65777918586883,202.32888959293442,2,2,,,3,LEFT,False,,
61795,dqn,309,,,3.0,3.0,0.05,0.002568887546658516,1.3995342254638672,2.6809821128845215,0.42020758986473083,1.4120187759399414,2.7250218391418457,0.04638563469052315,0.29371464252471924,0.1466316431760788,10000,10000,1.0,404.56551304150156,404.56551304150156,15200,True,124,61500,0.0,0.0,1,FIRE,fire_reset,11130,18877,16162,15627,7297,54499,0.11808207650980646,0,30898,2,2,404.56551304150156,202.28275652075078,2,2,,,3,LEFT,True,after_life_loss,
61796,dqn,309,,,1.0,1.0,0.05,0.002568887546658516,1.3995342254638672,2.6809821128845215,0.42020758986473083,1.4120187759399414,2.7250218391418457,0.04638563469052315,0.29371464252471924,0.1466316431760788,10000,10000,1.0,404.56534962287674,404.56534962287674,15200,True,124,61500,0.0,0.0,1,FIRE,greedy,11130,18877,16162,15627,7297,54499,0.11808207650980646,1,30898,2,2,404.56534962287674,202.28267481143837,2,2,,,1,FIRE,False,,
61841,dqn,310,3.0,246,0.0,0.0,0.05,,,,,,,,,,10000,10000,1.0,404.53587217098715,404.53587217098715,15211,False,124,61500,0.0,0.0,3,LEFT,greedy,11130,18881,16173,15658,7298,54544,0.11801041363474661,0,30921,2,2,404.53587217098715,202.26793608549357,2,2,,,3,LEFT,False,,
61916,dqn,311,1.0,154,0.0,0.0,0.05,,,,,,,,,,10000,10000,1.0,404.49112725743754,404.49112725743754,15230,True,124,61500,0.0,0.0,3,LEFT,greedy,11130,18896,16195,15695,7303,54613,0.11795012597713031,1,30958,2,2,404.49112725743754,202.24556362871877,2,2,,,3,LEFT,False,,
62143,dqn,312,1.0,151,0.0,0.0,0.05,,,,,,,,,,10000,10000,1.0,404.5138899385788,404.5138899385788,15287,True,125,62000,0.0,0.0,3,LEFT,greedy,11166,18976,16223,15779,7316,54828,0.11772657054582904,0,31072,2,2,404.5138899385788,202.2569449692894,2,2,,,3,LEFT,False,,
62195,dqn,312,,,0.0,0.0,0.05,0.0016186584252864122,1.2659779787063599,2.5631356239318848,0.2760818302631378,1.2587050199508667,2.5236217975616455,0.037548620253801346,0.18315660953521729,0.32387596368789673,10000,10000,1.0,404.4941190455837,404.4941190455837,15300,True,125,62000,0.0,0.0,3,LEFT,greedy,11169,18999,16235,15793,7319,54877,0.1176763779021159,0,31098,2,2,404.4941190455837,202.24705952279186,2,2,,,3,LEFT,False,,
62196,dqn,312,,,2.0,2.0,0.05,0.0016186584252864122,1.2659779787063599,2.5631356239318848,0.2760818302631378,1.2587050199508667,2.5236217975616455,0.037548620253801346,0.18315660953521729,0.32387596368789673,10000,10000,1.0,404.4939196426245,404.4939196426245,15300,True,125,62000,0.0,0.0,3,LEFT,greedy,11169,18999,16235,15793,7319,54877,0.1176763779021159,1,31098,2,2,404.4939196426245,202.24695982131226,2,2,,,3,LEFT,False,,
62434,dqn,313,4.0,259,0.0,0.0,0.05,,,,,,,,,,10000,10000,1.0,404.3938458129918,404.3938458129918,15359,False,125,62000,0.0,0.0,3,LEFT,greedy,11182,19080,16268,15904,7328,55106,0.11737194477368101,1,31217,2,2,404.3938458129918,202.1969229064959,2,2,,,3,LEFT,False,,
62595,dqn,313,,,5.0,5.0,0.05,0.0016446476802229881,1.3500635623931885,2.289646625518799,0.366903692483902,1.3802971839904785,2.295734405517578,0.04142800346016884,0.1442502737045288,0.144871324300766,10000,10000,1.0,404.44363166579416,404.44363166579416,15400,True,126,62500,0.0,0.0,3,LEFT,greedy,11188,19148,16300,15960,7335,55261,0.11718001150233241,0,31298,2,2,404.44363166579416,202.22181583289708,2,2,,,3,LEFT,False,,
62596,dqn,313,,,1.0,1.0,0.05,0.0016446476802229881,1.3500635623931885,2.289646625518799,0.366903692483902,1.3802971839904785,2.295734405517578,0.04142800346016884,0.1442502737045288,0.144871324300766,10000,10000,1.0,404.44320833141137,404.44320833141137,15400,True,126,62500,0.0,0.0,2,RIGHT,greedy,11188,19148,16300,15960,7335,55261,0.11718001150233241,1,31298,2,2,404.44320833141137,202.22160416570568,2,2,,,2,RIGHT,False,,
62995,dqn,314,,,8.0,8.0,0.05,0.004405144602060318,1.3864156007766724,2.438711166381836,0.31007614731788635,1.4306179285049438,2.4489638805389404,0.07273460924625397,0.2463403344154358,0.37812164425849915,10000,10000,1.0,403.7576335219083,403.7576335219083,15500,True,126,62500,0.0,0.0,3,LEFT,greedy,11197,19196,16398,16205,7361,55635,0.11684868880563845,0,31498,2,2,403.7576335219083,201.87881676095415,2,2,,,3,LEFT,False,,
62996,dqn,314,4.0,281,0.0,0.0,0.05,0.004405144602060318,1.3864156007766724,2.438711166381836,0.31007614731788635,1.4306179285049438,2.4489638805389404,0.07273460924625397,0.2463403344154358,0.37812164425849915,10000,10000,1.0,403.75745625813414,403.75745625813414,15500,True,126,62500,0.0,0.0,3,LEFT,greedy,11197,19196,16398,16205,7361,55635,0.11684868880563845,1,31498,2,2,403.75745625813414,201.87872812906707,2,2,,,3,LEFT,False,,
63103,dqn,315,9.0,480,0.0,0.0,0.05,,,,,,,,,,10000,10000,1.0,403.53696337096454,403.53696337096454,15527,True,127,63000,0.0,0.0,1,FIRE,greedy,11207,19239,16419,16239,7369,55735,0.11677548174442191,0,31552,2,2,403.53696337096454,201.76848168548227,2,2,,,1,FIRE,False,,
63395,dqn,315,,,2.0,2.0,0.05,0.0021001959685236216,1.3873136043548584,2.28119158744812,0.3706834614276886,1.372481346130371,2.1825718879699707,0.05169723927974701,0.13874638080596924,0.4544562101364136,10000,10000,1.0,403.14923321386453,403.14923321386453,15600,True,127,63000,0.0,0.0,2,RIGHT,greedy,11214,19330,16491,16361,7385,56011,0.11648999936904536,0,31698,2,2,403.14923321386453,201.57461660693227,2,2,,,2,RIGHT,False,,
63396,dqn,315,,,3.0,3.0,0.05,0.0021001959685236216,1.3873136043548584,2.28119158744812,0.3706834614276886,1.372481346130371,2.1825718879699707,0.05169723927974701,0.13874638080596924,0.4544562101364136,10000,10000,1.0,403.14905144662976,403.14905144662976,15600,True,127,63000,0.0,0.0,2,RIGHT,greedy,11214,19330,16491,16361,7385,56011,0.11648999936904536,1,31698,2,2,403.14905144662976,201.57452572331488,2,2,,,2,RIGHT,False,,
63570,dqn,316,5.0,287,0.0,0.0,0.05,,,,,,,,,,10000,10000,1.0,402.865094674663,402.865094674663,15643,False,128,63500,0.0,0.0,3,LEFT,greedy,11223,19340,16574,16433,7394,56176,0.11631272612867705,1,31785,2,2,402.865094674663,201.4325473373315,2,2,,,3,LEFT,False,,
63711,dqn,317,5.0,304,0.0,0.0,0.05,,,,,,,,,,10000,10000,1.0,402.6868615932331,402.6868615932331,15679,True,128,63500,0.0,0.0,2,RIGHT,greedy,11233,19362,16638,16479,7405,56307,0.11622614264188849,0,31856,2,2,402.6868615932331,201.34343079661656,2,2,,,2,RIGHT,False,,
63795,dqn,317,,,1.0,1.0,0.05,0.009709754027426243,1.2501115798950195,2.2513487339019775,0.21751603484153748,1.2470605373382568,2.2447924613952637,0.07669683545827866,0.6619640588760376,0.5364840030670166,10000,10000,1.0,402.5750359168414,402.5750359168414,15700,True,128,63500,0.0,0.0,3,LEFT,greedy,11234,19390,16664,16508,7414,56382,0.11621418270737978,0,31898,2,2,402.5750359168414,201.2875179584207,2,2,,,3,LEFT,False,,
63796,dqn,317,,,2.0,2.0,0.05,0.009709754027426243,1.2501115798950195,2.2513487339019775,0.21751603484153748,1.2470605373382568,2.2447924613952637,0.07669683545827866,0.6619640588760376,0.5364840030670166,10000,10000,1.0,402.5748700297206,402.5748700297206,15700,True,128,63500,0.0,0.0,1,FIRE,greedy,11234,19390,16664,16508,7414,56382,0.11621418270737978,1,31898,2,2,402.5748700297206,201.2874350148603,2,2,,,1,FIRE,False,,
64195,dqn,317,,,4.0,4.0,0.05,0.0021811453625559807,1.2800041437149048,2.3541419506073,0.30592504143714905,1.2528884410858154,2.310201406478882,0.04859469085931778,0.19531959295272827,0.45185786485671997,10000,10000,1.0,402.08538381199736,402.08538381199736,15800,True,129,64000,0.0,0.0,2,RIGHT,greedy,11277,19458,16822,16639,7433,56763,0.11578603028226057,0,32098,2,2,402.08538381199736,201.04269190599868,2,2,,,2,RIGHT,False,,
64196,dqn,317,,,5.0,5.0,0.05,0.0021811453625559807,1.2800041437149048,2.3541419506073,0.30592504143714905,1.2528884410858154,2.310201406478882,0.04859469085931778,0.19531959295272827,0.45185786485671997,10000,10000,1.0,402.08523220303357,402.08523220303357,15800,True,129,64000,0.0,0.0,1,FIRE,random,11277,19458,16822,16639,7433,56763,0.11578603028226057,1,32098,2,2,402.08523220303357,201.04261610151678,2,2,,,1,FIRE,False,,
64354,dqn,318,6.0,392,0.0,0.0,0.05,,,,,,,,,,10000,10000,1.0,402.06609466756447,402.06609466756447,15839,False,129,64000,0.0,0.0,3,LEFT,greedy,11279,19463,16919,16693,7441,56913,0.11562606830966218,1,32177,2,2,402.06609466756447,201.03304733378224,2,2,,,3,LEFT,False,,
64547,dqn,319,8.0,418,0.0,0.0,0.05,,,,,,,,,,10000,10000,1.0,401.9560826473992,401.9560826473992,15888,True,130,64500,0.0,0.0,3,LEFT,greedy,11325,19507,16973,16743,7450,57098,0.11541798351614302,0,32274,2,2,401.9560826473992,200.9780413236996,2,2,,,3,LEFT,False,,
64595,dqn,319,,,0.0,0.0,0.05,0.003077773842960596,1.2586506605148315,2.316192150115967,0.33060818910598755,1.257104754447937,2.30145525932312,0.05647839978337288,0.26063770055770874,0.17125672101974487,10000,10000,1.0,401.9137523135549,401.9137523135549,15900,True,130,64500,0.0,0.0,3,LEFT,greedy,11328,19517,16986,16765,7452,57144,0.11536318038268624,0,32298,2,2,401.9137523135549,200.95687615677744,2,2,,,3,LEFT,False,,
64596,dqn,319,,,1.0,1.0,0.05,0.003077773842960596,1.2586506605148315,2.316192150115967,0.33060818910598755,1.257104754447937,2.30145525932312,0.05647839978337288,0.26063770055770874,0.17125672101974487,10000,10000,1.0,401.9134544817772,401.9134544817772,15900,True,130,64500,0.0,0.0,3,LEFT,greedy,11328,19517,16986,16765,7452,57144,0.11536318038268624,1,32298,2,2,401.9134544817772,200.9567272408886,2,2,,,3,LEFT,False,,
64995,dqn,319,,,5.0,5.0,0.05,0.0027006559539586306,1.162009835243225,2.2894442081451416,0.20465488731861115,1.179349660873413,2.3217897415161133,0.05289417505264282,0.29134270548820496,0.10667199641466141,10000,10000,1.0,401.7610098163713,401.7610098163713,16000,True,130,64500,0.0,0.0,2,RIGHT,greedy,11340,19625,17092,16939,7472,57524,0.11496092067204136,0,32498,2,2,401.7610098163713,200.88050490818566,2,2,,,2,RIGHT,False,,
64996,dqn,319,,,5.0,5.0,0.05,0.0027006559539586306,1.162009835243225,2.2894442081451416,0.20465488731861115,1.179349660873413,2.3217897415161133,0.05289417505264282,0.29134270548820496,0.10667199641466141,10000,10000,1.0,401.7608585762944,401.7608585762944,16000,True,130,64500,0.0,0.0,3,LEFT,greedy,11340,19625,17092,16939,7472,57524,0.11496092067204136,1,32498,2,2,401.7608585762944,200.8804292881472,2,2,,,3,LEFT,False,,
65072,dqn,320,6.0,359,0.0,0.0,0.05,,,,,,,,,,10000,10000,1.0,401.69572958295106,401.69572958295106,16019,True,131,65000,0.0,0.0,3,LEFT,greedy,11341,19638,17129,16964,7474,57598,0.11485738873862798,1,32536,2,2,401.69572958295106,200.84786479147553,2,2,,,3,LEFT,False,,
65361,dqn,321,7.0,407,0.0,0.0,0.05,,,,,,,,,,10000,10000,1.0,401.5489729822469,401.5489729822469,16091,False,131,65000,0.0,0.0,1,FIRE,greedy,11347,19679,17233,17103,7485,57877,0.11451607967932438,0,32681,2,2,401.5489729822469,200.77448649112344,2,2,,,1,FIRE,False,,
65395,dqn,321,,,0.0,0.0,0.05,0.002195279346778989,1.334565281867981,2.3763318061828613,0.23517218232154846,1.3518198728561401,2.3798916339874268,0.04516637325286865,0.1894756555557251,0.19095337390899658,10000,10000,1.0,401.49226637705135,401.49226637705135,16100,True,131,65000,0.0,0.0,3,LEFT,random,11347,19681,17241,17127,7487,57909,0.11448712459477643,0,32698,2,2,401.49226637705135,200.74613318852568,2,2,,,3,LEFT,False,,
65396,dqn,321,,,2.0,2.0,0.05,0.002195279346778989,1.334565281867981,2.3763318061828613,0.23517218232154846,1.3518198728561401,2.3798916339874268,0.04516637325286865,0.1894756555557251,0.19095337390899658,10000,10000,1.0,401.49209629735725,401.49209629735725,16100,True,131,65000,0.0,0.0,3,LEFT,greedy,11347,19681,17241,17127,7487,57909,0.11448712459477643,1,32698,2,2,401.49209629735725,200.74604814867863,2,2,,,3,LEFT,False,,
65734,dqn,322,5.0,331,0.0,0.0,0.05,,,,,,,,,,10000,10000,1.0,401.2769429087881,401.2769429087881,16184,False,132,65500,0.0,0.0,3,LEFT,greedy,11358,19696,17350,17330,7501,58233,0.11411141874828856,1,32867,2,2,401.2769429087881,200.63847145439405,2,2,,,3,LEFT,False,,
65795,dqn,322,,,7.0,4.0,0.05,0.00447122473269701,1.2519216537475586,2.452745199203491,0.21170973777770996,1.254616141319275,2.4966676235198975,0.06186937540769577,0.3276364803314209,0.32329294085502625,10000,10000,1.0,401.2645940645898,401.2645940645898,16200,True,132,65500,0.0,0.0,3,LEFT,greedy,11358,19703,17377,17358,7503,58293,0.11403428779865038,0,32898,2,2,401.2645940645898,200.6322970322949,2,2,,,3,LEFT,False,,
65796,dqn,322,,,0.0,0.0,0.05,0.00447122473269701,1.2519216537475586,2.452745199203491,0.21170973777770996,1.254616141319275,2.4966676235198975,0.06186937540769577,0.3276364803314209,0.32329294085502625,10000,10000,1.0,401.2644342653775,401.2644342653775,16200,True,132,65500,0.0,0.0,2,RIGHT,greedy,11358,19703,17377,17358,7503,58293,0.11403428779865038,1,32898,2,2,401.2644342653775,200.63221713268874,2,2,,,2,RIGHT,False,,
65853,dqn,323,7.0,246,0.0,0.0,0.05,,,,,,,,,,10000,10000,1.0,401.245801984448,401.245801984448,16214,False,132,65500,0.0,0.0,2,RIGHT,greedy,11359,19729,17393,17373,7508,58346,0.11400977920855225,0,32927,2,2,401.245801984448,200.622900992224,2,2,,,2,RIGHT,False,,
66195,dqn,323,,,3.0,3.0,0.05,0.002665504114702344,1.4087605476379395,2.2792317867279053,0.17549780011177063,1.3872135877609253,2.237243175506592,0.05687752366065979,0.20135867595672607,0.5379960536956787,10000,10000,1.0,401.12197371794525,401.12197371794525,16300,True,133,66000,0.0,0.0,2,RIGHT,greedy,11365,19789,17497,17545,7532,58664,0.11378331016979878,0,33098,2,2,401.12197371794525,200.56098685897263,2,2,,,2,RIGHT,False,,
66196,dqn,323,,,4.0,4.0,0.05,0.002665504114702344,1.4087605476379395,2.2792317867279053,0.17549780011177063,1.3872135877609253,2.237243175506592,0.05687752366065979,0.20135867595672607,0.5379960536956787,10000,10000,1.0,401.1218164556283,401.1218164556283,16300,True,133,66000,0.0,0.0,2,RIGHT,greedy,11365,19789,17497,17545,7532,58664,0.11378331016979878,1,33098,2,2,401.1218164556283,200.56090822781414,2,2,,,2,RIGHT,False,,
66448,dqn,324,6.0,357,0.0,0.0,0.05,,,,,,,,,,10000,10000,1.0,401.07333617958056,401.07333617958056,16363,True,133,66000,0.0,0.0,2,RIGHT,greedy,11366,19818,17590,17674,7545,58903,0.11354743558873104,1,33224,2,2,401.07333617958056,200.53666808979028,2,2,,,2,RIGHT,False,,
66587,dqn,325,7.0,367,0.0,0.0,0.05,,,,,,,,,,10000,10000,1.0,401.0909874840032,401.0909874840032,16398,True,134,66500,0.0,0.0,2,RIGHT,greedy,11373,19838,17644,17733,7555,59033,0.11345888148014657,0,33294,2,2,401.0909874840032,200.5454937420016,2,2,,,2,RIGHT,False,,
66595,dqn,325,,,0.0,0.0,0.05,0.006140769459307194,1.4365124702453613,2.4959588050842285,0.2666324973106384,1.4881638288497925,2.4592363834381104,0.07190873473882675,0.34993910789489746,0.38425305485725403,10000,10000,1.0,401.072839129875,401.072839129875,16400,True,134,66500,0.0,0.0,2,RIGHT,random,11373,19842,17646,17735,7560,59036,0.11352033155144453,0,33298,2,2,401.072839129875,200.5364195649375,2,2,,,2,RIGHT,False,,
66596,dqn,325,,,1.0,1.0,0.05,0.006140769459307194,1.4365124702453613,2.4959588050842285,0.2666324973106384,1.4881638288497925,2.4592363834381104,0.07190873473882675,0.34993910789489746,0.38425305485725403,10000,10000,1.0,401.0725557974001,401.0725557974001,16400,True,134,66500,0.0,0.0,3,LEFT,greedy,11373,19842,17646,17735,7560,59036,0.11352033155144453,1,33298,2,2,401.0725557974001,200.53627789870006,2,2,,,3,LEFT,False,,
66995,dqn,325,,,3.0,3.0,0.05,0.0011827461421489716,1.2449071407318115,1.8337481021881104,0.3141939640045166,1.2605905532836914,1.8329976797103882,0.03693043440580368,0.14498591423034668,0.07369773089885712,10000,10000,1.0,401.0380864521431,401.0380864521431,16500,True,134,66500,0.0,0.0,1,FIRE,greedy,11404,19928,17816,17848,7581,59415,0.11315600931398889,0,33498,2,2,401.0380864521431,200.51904322607155,2,2,,,1,FIRE,False,,
66996,dqn,325,,,4.0,4.0,0.05,0.0011827461421489716,1.2449071407318115,1.8337481021881104,0.3141939640045166,1.2605905532836914,1.8329976797103882,0.03693043440580368,0.14498591423034668,0.07369773089885712,10000,10000,1.0,401.0379244109157,401.0379244109157,16500,True,134,66500,0.0,0.0,3,LEFT,greedy,11404,19928,17816,17848,7581,59415,0.11315600931398889,1,33498,2,2,401.0379244109157,200.51896220545785,2,2,,,3,LEFT,False,,
67052,dqn,326,4.0,302,0.0,0.0,0.05,,,,,,,,,,10000,10000,1.0,401.0221349204367,401.0221349204367,16514,True,135,67000,0.0,0.0,2,RIGHT,greedy,11405,19947,17833,17867,7583,59469,0.11309133210045935,1,33526,2,2,401.0221349204367,200.51106746021836,2,2,,,2,RIGHT,False,,
67311,dqn,327,9.0,362,0.0,0.0,0.05,,,,,,,,,,10000,10000,1.0,401.0595192667068,401.0595192667068,16579,True,135,67000,0.0,0.0,3,LEFT,greedy,11412,19982,17931,17987,7592,59720,0.1127882101259805,0,33656,2,2,401.0595192667068,200.5297596333534,2,2,,,3,LEFT,False,,
67395,dqn,327,,,1.0,1.0,0.05,0.0025079448241740465,1.3403260707855225,2.1709811687469482,0.4192219376564026,1.392653465270996,2.223883867263794,0.05220238119363785,0.2642052173614502,0.3216996490955353,10000,10000,1.0,401.0882288499269,401.0882288499269,16600,True,135,67000,0.0,0.0,2,RIGHT,greedy,11413,19985,17985,18013,7596,59800,0.1127069855777791,0,33698,2,2,401.0882288499269,200.54411442496345,2,2,,,2,RIGHT,False,,
67396,dqn,327,,,3.0,3.0,0.05,0.0025079448241740465,1.3403260707855225,2.1709811687469482,0.4192219376564026,1.392653465270996,2.223883867263794,0.05220238119363785,0.2642052173614502,0.3216996490955353,10000,10000,1.0,401.0880873028189,401.0880873028189,16600,True,135,67000,0.0,0.0,2,RIGHT,greedy,11413,19985,17985,18013,7596,59800,0.1127069855777791,1,33698,2,2,401.0880873028189,200.54404365140945,2,2,,,2,RIGHT,False,,
67795,dqn,327,,,6.0,6.0,0.05,0.011137165129184723,1.3034981489181519,2.307573080062866,0.5255889892578125,1.3647220134735107,2.377483606338501,0.0676712691783905,0.7010973691940308,0.678949773311615,10000,10000,1.0,401.176748757067,401.176748757067,16700,True,136,67500,0.0,0.0,3,LEFT,greedy,11430,20041,18129,18196,7620,60176,0.11239601156410407,0,33898,2,2,401.176748757067,200.5883743785335,2,2,,,3,LEFT,False,,
67796,dqn,327,,,6.0,6.0,0.05,0.011137165129184723,1.3034981489181519,2.307573080062866,0.5255889892578125,1.3647220134735107,2.377483606338501,0.0676712691783905,0.7010973691940308,0.678949773311615,10000,10000,1.0,401.17661011980306,401.17661011980306,16700,True,136,67500,0.0,0.0,2,RIGHT,greedy,11430,20041,18129,18196,7620,60176,0.11239601156410407,1,33898,2,2,401.17661011980306,200.58830505990153,2,2,,,2,RIGHT,False,,
67798,dqn,328,6.0,373,0.0,0.0,0.05,,,,,,,,,,10000,10000,1.0,401.1662049147215,401.1662049147215,16700,False,136,67500,0.0,0.0,2,RIGHT,greedy,11430,20041,18130,18197,7620,60178,0.11239269594973303,1,33899,2,2,401.1662049147215,200.58310245736075,2,2,,,2,RIGHT,False,,
68195,dqn,328,,,13.0,10.0,0.05,0.003968812525272369,1.3968732357025146,2.30911922454834,0.3436058759689331,1.3807129859924316,2.2207977771759033,0.0723232626914978,0.24073731899261475,0.4663681983947754,10000,10000,1.0,401.24577363457064,401.24577363457064,16800,True,137,68000,0.0,0.0,2,RIGHT,greedy,11444,20086,18274,18392,7643,60553,0.11207402193677049,0,34098,2,2,401.24577363457064,200.62288681728532,2,2,,,2,RIGHT,False,,
68196,dqn,328,,,3.0,3.0,0.05,0.003968812525272369,1.3968732357025146,2.30911922454834,0.3436058759689331,1.3807129859924316,2.2207977771759033,0.0723232626914978,0.24073731899261475,0.4663681983947754,10000,10000,1.0,401.2456308050233,401.2456308050233,16800,True,137,68000,0.0,0.0,3,LEFT,greedy,11444,20086,18274,18392,7643,60553,0.11207402193677049,1,34098,2,2,401.2456308050233,200.62281540251166,2,2,,,3,LEFT,False,,
68203,dqn,329,13.0,446,0.0,0.0,0.05,,,,,,,,,,10000,10000,1.0,401.2311992656413,401.2311992656413,16802,True,137,68000,0.0,0.0,2,RIGHT,greedy,11444,20086,18279,18395,7643,60561,0.11206087619494458,0,34102,2,2,401.2311992656413,200.61559963282065,2,2,,,2,RIGHT,False,,
68595,dqn,329,,,3.0,3.0,0.05,0.0019843087065964937,1.3809316158294678,2.030189275741577,0.7695071697235107,1.3829296827316284,2.0280518531799316,0.05111042037606239,0.11848664283752441,0.3055931627750397,10000,10000,1.0,401.08491962193153,401.08491962193153,16900,True,138,68500,0.0,0.0,3,LEFT,greedy,11460,20145,18402,18589,7672,60924,0.11184325616654033,0,34298,2,2,401.08491962193153,200.54245981096577,2,2,,,3,LEFT,False,,
68596,dqn,329,,,7.0,7.0,0.05,0.0019843087065964937,1.3809316158294678,2.030189275741577,0.7695071697235107,1.3829296827316284,2.0280518531799316,0.05111042037606239,0.11848664283752441,0.3055931627750397,10000,10000,1.0,401.0846595429505,401.0846595429505,16900,True,138,68500,0.0,0.0,3,LEFT,greedy,11460,20145,18402,18589,7672,60924,0.11184325616654033,1,34298,2,2,401.0846595429505,200.54232977147524,2,2,,,3,LEFT,False,,
68846,dqn,330,10.0,524,0.0,0.0,0.05,,,,,,,,,,10000,10000,1.0,400.86820812801994,400.86820812801994,16962,False,138,68500,0.0,0.0,3,LEFT,greedy,11461,20154,18519,18712,7680,61166,0.1115533219068646,1,34423,2,2,400.86820812801994,200.43410406400997,2,2,,,3,LEFT,False,,
68995,dqn,330,,,7.0,7.0,0.05,0.003002014709636569,1.341732382774353,2.1181187629699707,0.38733094930648804,1.3655450344085693,2.1178503036499023,0.05307018756866455,0.29295849800109863,0.18348853290081024,10000,10000,1.0,400.21392198604474,400.21392198604474,17000,True,138,68500,0.0,0.0,3,LEFT,greedy,11462,20179,18567,18788,7687,61309,0.11141225578294393,0,34498,2,2,400.21392198604474,200.10696099302237,2,2,,,3,LEFT,False,,
68996,dqn,330,,,1.0,1.0,0.05,0.003002014709636569,1.341732382774353,2.1181187629699707,0.38733094930648804,1.3655450344085693,2.1178503036499023,0.05307018756866455,0.29295849800109863,0.18348853290081024,10000,10000,1.0,400.21372118055774,400.21372118055774,17000,True,138,68500,0.0,0.0,2,RIGHT,greedy,11462,20179,18567,18788,7687,61309,0.11141225578294393,1,34498,2,2,400.21372118055774,200.10686059027887,2,2,,,2,RIGHT,False,,
69181,dqn,331,9.0,489,0.0,0.0,0.05,,,,,,,,,,10000,10000,1.0,399.3953977386736,399.3953977386736,17046,False,139,69000,0.0,0.0,3,LEFT,greedy,11478,20186,18670,18848,7697,61485,0.11125726345003036,0,34591,2,2,399.3953977386736,199.6976988693368,2,2,,,3,LEFT,False,,
69395,dqn,331,,,2.0,2.0,0.05,0.00641364511102438,1.3266534805297852,2.384554624557495,0.3804056942462921,1.3390651941299438,2.4895005226135254,0.06731291115283966,0.4849240779876709,0.37790822982788086,10000,10000,1.0,398.9853248256226,398.9853248256226,17100,True,139,69000,0.0,0.0,2,RIGHT,greedy,11483,20195,18800,18918,7705,61691,0.1110294541472131,0,34698,2,2,398.9853248256226,199.4926624128113,2,2,,,2,RIGHT,False,,
69396,dqn,331,,,3.0,3.0,0.05,0.00641364511102438,1.3266534805297852,2.384554624557495,0.3804056942462921,1.3390651941299438,2.4895005226135254,0.06731291115283966,0.4849240779876709,0.37790822982788086,10000,10000,1.0,398.9851848961877,398.9851848961877,17100,True,139,69000,0.0,0.0,3,LEFT,greedy,11483,20195,18800,18918,7705,61691,0.1110294541472131,1,34698,2,2,398.9851848961877,199.49259244809386,2,2,,,3,LEFT,False,,
69650,dqn,332,9.0,402,0.0,0.0,0.05,,,,,,,,,,10000,10000,1.0,398.8073841819892,398.8073841819892,17163,False,140,69500,0.0,0.0,3,LEFT,greedy,11489,20223,18877,19061,7717,61933,0.11079684134960517,1,34825,2,2,398.8073841819892,199.4036920909946,2,2,,,3,LEFT,False,,
69795,dqn,332,,,6.0,6.0,0.05,0.006695334799587727,1.3478367328643799,2.19454026222229,0.34232261776924133,1.3365085124969482,2.1632673740386963,0.07091297209262848,0.46271878480911255,0.3778530955314636,10000,10000,1.0,398.4285079075506,398.4285079075506,17200,True,140,69500,0.0,0.0,3,LEFT,greedy,11504,20264,18909,19119,7729,62067,0.11073700498595908,0,34898,2,2,398.4285079075506,199.2142539537753,2,2,,,3,LEFT,False,,
69796,dqn,332,,,0.0,0.0,0.05,0.006695334799587727,1.3478367328643799,2.19454026222229,0.34232261776924133,1.3365085124969482,2.1632673740386963,0.07091297209262848,0.46271878480911255,0.3778530955314636,10000,10000,1.0,398.4283689409275,398.4283689409275,17200,True,140,69500,0.0,0.0,0,NOOP,greedy,11504,20264,18909,19119,7729,62067,0.11073700498595908,1,34898,2,2,398.4283689409275,199.21418447046375,2,2,,,0,NOOP,False,,
69975,dqn,333,8.0,397,0.0,0.0,0.05,,,,,,,,,,10000,10000,1.0,398.3853859777444,398.3853859777444,17245,True,140,69500,0.0,0.0,1,FIRE,greedy,11521,20306,18970,19179,7745,62231,0.11068080484737625,0,34988,2,2,398.3853859777444,199.1926929888722,2,2,,,1,FIRE,False,,
70195,dqn,333,,,2.0,2.0,0.05,0.004192018415778875,1.5193142890930176,2.393751382827759,0.4149637520313263,1.5543358325958252,2.4170432090759277,0.06779075413942337,0.2701507806777954,0.2852760851383209,10000,10000,1.0,398.3714371793704,398.3714371793704,17300,True,141,70000,0.0,0.0,3,LEFT,greedy,11541,20334,19058,19263,7759,62437,0.11053336372442875,0,35098,2,2,398.3714371793704,199.1857185896852,2,2,,,3,LEFT,False,,
70196,dqn,333,,,4.0,4.0,0.05,0.004192018415778875,1.5193142890930176,2.393751382827759,0.4149637520313263,1.5543358325958252,2.4170432090759277,0.06779075413942337,0.2701507806777954,0.2852760851383209,10000,10000,1.0,398.37129565270476,398.37129565270476,17300,True,141,70000,0.0,0.0,3,LEFT,greedy,11541,20334,19058,19263,7759,62437,0.11053336372442875,1,35098,2,2,398.37129565270476,199.18564782635238,2,2,,,3,LEFT,False,,
70240,dqn,334,4.0,295,0.0,0.0,0.05,,,,,,,,,,10000,10000,1.0,398.34779603039084,398.34779603039084,17311,True,141,70000,0.0,0.0,2,RIGHT,greedy,11543,20341,19075,19281,7764,62476,0.11053530751708428,1,35120,2,2,398.34779603039084,199.17389801519542,2,2,,,2,RIGHT,False,,
70595,dqn,334,,,6.0,6.0,0.05,0.005259162746369839,1.3759145736694336,1.9944067001342773,0.5819497108459473,1.4388123750686646,2.0328657627105713,0.07438774406909943,0.34146785736083984,0.5794340372085571,10000,10000,1.0,398.4421613600519,398.4421613600519,17400,True,142,70500,0.0,0.0,3,LEFT,greedy,11549,20414,19254,19379,7780,62816,0.11020454416680832,0,35298,2,2,398.4421613600519,199.22108068002595,2,2,,,3,LEFT,False,,
70596,dqn,334,,,2.0,2.0,0.05,0.005259162746369839,1.3759145736694336,1.9944067001342773,0.5819497108459473,1.4388123750686646,2.0328657627105713,0.07438774406909943,0.34146785736083984,0.5794340372085571,10000,10000,1.0,398.44192793473144,398.44192793473144,17400,True,142,70500,0.0,0.0,2,RIGHT,greedy,11549,20414,19254,19379,7780,62816,0.11020454416680832,1,35298,2,2,398.44192793473144,199.22096396736572,2,2,,,2,RIGHT,False,,
70634,dqn,335,2.0,197,0.0,0.0,0.05,,,,,,,,,,10000,10000,1.0,398.4520153305354,398.4520153305354,17409,False,142,70500,0.0,0.0,2,RIGHT,greedy,11550,20415,19283,19386,7785,62849,0.110216043265283,1,35317,2,2,398.4520153305354,199.2260076652677,2,2,,,2,RIGHT,False,,
70647,dqn,336,6.0,336,0.0,0.0,0.05,,,,,,,,,,10000,10000,1.0,398.44154783919197,398.44154783919197,17413,True,142,70500,0.0,0.0,3,LEFT,greedy,11550,20417,19287,19394,7786,62862,0.11020835692447062,0,35324,2,2,398.44154783919197,199.22077391959598,2,2,,,3,LEFT,False,,
70995,dqn,336,,,2.0,2.0,0.05,0.0026358026079833508,1.477243185043335,2.4241092205047607,0.4003695547580719,1.4738153219223022,2.374865770339966,0.0460248664021492,0.24005651473999023,0.3404724895954132,10000,10000,1.0,398.5443381923343,398.5443381923343,17500,True,142,70500,0.0,0.0,3,LEFT,greedy,11568,20511,19407,19510,7807,63189,0.1099639416305144,0,35498,2,2,398.5443381923343,199.27216909616715,2,2,,,3,LEFT,False,,
70996,dqn,336,,,4.0,4.0,0.05,0.0026358026079833508,1.477243185043335,2.4241092205047607,0.4003695547580719,1.4738153219223022,2.374865770339966,0.0460248664021492,0.24005651473999023,0.3404724895954132,10000,10000,1.0,398.5442117866658,398.5442117866658,17500,True,142,70500,0.0,0.0,2,RIGHT,greedy,11568,20511,19407,19510,7807,63189,0.1099639416305144,1,35498,2,2,398.5442117866658,199.2721058933329,2,2,,,2,RIGHT,False,,
71335,dqn,337,5.0,344,0.0,0.0,0.05,,,,,,,,,,10000,10000,1.0,398.68637266573876,398.68637266573876,17585,True,143,71000,0.0,0.0,3,LEFT,greedy,11575,20561,19576,19624,7825,63511,0.10969216104070875,0,35668,2,2,398.68637266573876,199.34318633286938,2,2,,,3,LEFT,False,,
71395,dqn,337,,,0.0,0.0,0.05,0.004992421716451645,1.334627628326416,2.2057676315307617,0.39371243119239807,1.3383830785751343,2.110628366470337,0.06335345655679703,0.3245302438735962,0.25208374857902527,10000,10000,1.0,398.70686646297395,398.70686646297395,17600,True,143,71000,0.0,0.0,1,FIRE,greedy,11576,20590,19587,19643,7827,63569,0.1096279903636058,0,35698,2,2,398.70686646297395,199.35343323148697,2,2,,,1,FIRE,False,,
71396,dqn,337,,,7.0,7.0,0.05,0.004992421716451645,1.334627628326416,2.2057676315307617,0.39371243119239807,1.3383830785751343,2.110628366470337,0.06335345655679703,0.3245302438735962,0.25208374857902527,10000,10000,1.0,398.7067419983832,398.7067419983832,17600,True,143,71000,0.0,0.0,2,RIGHT,greedy,11576,20590,19587,19643,7827,63569,0.1096279903636058,1,35698,2,2,398.7067419983832,199.3533709991916,2,2,,,2,RIGHT,False,,
71474,dqn,338,8.0,420,0.0,0.0,0.05,,,,,,,,,,10000,10000,1.0,398.72598162126246,398.72598162126246,17619,False,143,71000,0.0,0.0,3,LEFT,greedy,11590,20604,19609,19671,7833,63641,0.1095922992976467,1,35737,2,2,398.72598162126246,199.36299081063123,2,2,,,3,LEFT,False,,
71795,dqn,338,,,4.0,4.0,0.05,0.003099240828305483,1.52566397190094,2.6129536628723145,0.43983131647109985,1.4946342706680298,2.5186753273010254,0.06745172291994095,0.15328383445739746,0.6320345997810364,10000,10000,1.0,398.8685118765834,398.8685118765834,17700,True,144,71500,0.0,0.0,3,LEFT,greedy,11724,20650,19693,19729,7854,63942,0.10939328096272773,0,35898,2,2,398.8685118765834,199.4342559382917,2,2,,,3,LEFT,False,,
71796,dqn,338,,,1.0,1.0,0.05,0.003099240828305483,1.52566397190094,2.6129536628723145,0.43983131647109985,1.4946342706680298,2.5186753273010254,0.06745172291994095,0.15328383445739746,0.6320345997810364,10000,10000,1.0,398.86838556774705,398.86838556774705,17700,True,144,71500,0.0,0.0,3,LEFT,greedy,11724,20650,19693,19729,7854,63942,0.10939328096272773,1,35898,2,2,398.86838556774705,199.43419278387353,2,2,,,3,LEFT,False,,
72115,dqn,339,11.0,390,0.0,0.0,0.05,,,,,,,,,,10000,10000,1.0,398.9453726719686,398.9453726719686,17780,True,145,72000,0.0,0.0,2,RIGHT,greedy,11783,20666,19806,19861,7879,64237,0.10925453436130679,0,36058,2,2,398.9453726719686,199.4726863359843,2,2,,,2,RIGHT,False,,
72174,dqn,340,8.0,350,0.0,0.0,0.05,,,,,,,,,,10000,10000,1.0,398.96106038039255,398.96106038039255,17794,False,145,72000,0.0,0.0,2,RIGHT,greedy,11789,20681,19829,19875,7881,64293,0.1091944467536786,1,36087,2,2,398.96106038039255,199.48053019019628,2,2,,,2,RIGHT,False,,
72195,dqn,340,,,0.0,0.0,0.05,0.004074308089911938,1.228928565979004,1.9807066917419434,0.3975304961204529,1.2745461463928223,2.0189740657806396,0.06078208610415459,0.2627307176589966,0.46265819668769836,10000,10000,1.0,398.94658076871764,398.94658076871764,17800,True,145,72000,0.0,0.0,3,LEFT,greedy,11792,20684,19830,19890,7883,64313,0.10918887472990194,0,36098,2,2,398.94658076871764,199.47329038435882,2,2,,,3,LEFT,False,,
72196,dqn,340,,,0.0,0.0,0.05,0.004074308089911938,1.228928565979004,1.9807066917419434,0.3975304961204529,1.2745461463928223,2.0189740657806396,0.06078208610415459,0.2627307176589966,0.46265819668769836,10000,10000,1.0,398.9464306403019,398.9464306403019,17800,True,145,72000,0.0,0.0,3,LEFT,greedy,11792,20684,19830,19890,7883,64313,0.10918887472990194,1,36098,2,2,398.9464306403019,199.47321532015096,2,2,,,3,LEFT,False,,
72595,dqn,340,,,3.0,3.0,0.05,0.0027904738672077656,1.3677308559417725,2.5054080486297607,0.2540607750415802,1.374349594116211,2.7121033668518066,0.06139812618494034,0.22685027122497559,0.2299693524837494,10000,10000,1.0,399.1154430538164,399.1154430538164,17900,True,146,72500,0.0,0.0,1,FIRE,greedy,11960,20734,19906,19996,7894,64702,0.10873877348614248,0,36298,2,2,399.1154430538164,199.5577215269082,2,2,,,1,FIRE,False,,
72596,dqn,340,,,4.0,4.0,0.05,0.0027904738672077656,1.3677308559417725,2.5054080486297607,0.2540607750415802,1.374349594116211,2.7121033668518066,0.06139812618494034,0.22685027122497559,0.2299693524837494,10000,10000,1.0,399.11520761186586,399.11520761186586,17900,True,146,72500,0.0,0.0,0,NOOP,greedy,11960,20734,19906,19996,7894,64702,0.10873877348614248,1,36298,2,2,399.11520761186586,199.55760380593293,2,2,,,0,NOOP,False,,
72758,dqn,341,5.0,292,0.0,0.0,0.05,,,,,,,,,,10000,10000,1.0,399.1894764868877,399.1894764868877,17940,False,146,72500,0.0,0.0,0,NOOP,greedy,12034,20743,19935,20046,7899,64859,0.10856538112647407,1,36379,2,2,399.1894764868877,199.59473824344386,2,2,,,0,NOOP,False,,
72901,dqn,342,6.0,393,0.0,0.0,0.05,,,,,,,,,,10000,10000,1.0,399.18907462562674,399.18907462562674,17976,False,146,72500,0.0,0.0,2,RIGHT,greedy,12069,20768,19970,20095,7908,64994,0.10847439027735864,0,36451,2,2,399.18907462562674,199.59453731281337,2,2,,,2,RIGHT,False,,
72995,dqn,342,,,1.0,1.0,0.05,0.005828001536428928,1.4074376821517944,2.7798473834991455,0.40699562430381775,1.4351632595062256,2.606321334838867,0.07633933424949646,0.2619105577468872,0.23708026111125946,10000,10000,1.0,399.19568708106317,399.19568708106317,18000,True,146,72500,0.0,0.0,3,LEFT,greedy,12076,20776,20009,20135,7917,65079,0.10845799769850403,0,36498,2,2,399.19568708106317,199.59784354053158,2,2,,,3,LEFT,False,,
72996,dqn,342,,,2.0,2.0,0.05,0.005828001536428928,1.4074376821517944,2.7798473834991455,0.40699562430381775,1.4351632595062256,2.606321334838867,0.07633933424949646,0.2619105577468872,0.23708026111125946,10000,10000,1.0,399.1955536937551,399.1955536937551,18000,True,146,72500,0.0,0.0,3,LEFT,greedy,12076,20776,20009,20135,7917,65079,0.10845799769850403,1,36498,2,2,399.1955536937551,199.59777684687754,2,2,,,3,LEFT,False,,
73182,dqn,343,3.0,212,0.0,0.0,0.05,,,,,,,,,,10000,10000,1.0,399.1820730845332,399.1820730845332,18046,False,147,73000,0.0,0.0,0,NOOP,greedy,12126,20822,20055,20179,7928,65254,0.10833265010521713,1,36591,2,2,399.1820730845332,199.5910365422666,2,2,,,0,NOOP,False,,
73395,dqn,343,,,6.0,6.0,0.05,0.0035656362306326628,1.3864871263504028,2.5065996646881104,0.6309056878089905,1.3706178665161133,2.560945510864258,0.05788964033126831,0.24079787731170654,0.5939611196517944,10000,10000,1.0,399.1532990282202,399.1532990282202,18100,True,147,73000,0.0,0.0,1,FIRE,greedy,12169,20878,20080,20269,7938,65458,0.1081530328628263,0,36698,2,2,399.1532990282202,199.5766495141101,2,2,,,1,FIRE,False,,
73396,dqn,343,,,2.0,2.0,0.05,0.0035656362306326628,1.3864871263504028,2.5065996646881104,0.6309056878089905,1.3706178665161133,2.560945510864258,0.05788964033126831,0.24079787731170654,0.5939611196517944,10000,10000,1.0,399.1531774671137,399.1531774671137,18100,True,147,73000,0.0,0.0,3,LEFT,greedy,12169,20878,20080,20269,7938,65458,0.1081530328628263,1,36698,2,2,399.1531774671137,199.57658873355686,2,2,,,3,LEFT,False,,
73693,dqn,344,8.0,396,0.0,0.0,0.05,,,,,,,,,,10000,10000,1.0,399.16880438631,399.16880438631,18174,False,148,73500,0.0,0.0,0,NOOP,greedy,12241,20915,20133,20405,7951,65743,0.10789209433603822,0,36847,2,2,399.16880438631,199.584402193155,2,2,,,0,NOOP,False,,
73736,dqn,345,4.0,277,0.0,0.0,0.05,,,,,,,,,,10000,10000,1.0,399.15835272166646,399.15835272166646,18185,True,148,73500,0.0,0.0,0,NOOP,greedy,12251,20937,20138,20410,7951,65785,0.10783063903656287,1,36868,2,2,399.15835272166646,199.57917636083323,2,2,,,0,NOOP,False,,
73795,dqn,345,,,0.0,0.0,0.05,0.002869637217372656,1.2000538110733032,2.499553918838501,0.3797898292541504,1.2298377752304077,2.361774206161499,0.051950015127658844,0.23841142654418945,0.170039102435112,10000,10000,1.0,399.16059678816794,399.16059678816794,18200,True,148,73500,0.0,0.0,3,LEFT,greedy,12251,20955,20147,20443,7953,65843,0.10777006883841943,0,36898,2,2,399.16059678816794,199.58029839408397,2,2,,,3,LEFT,False,,
73796,dqn,345,,,0.0,0.0,0.05,0.002869637217372656,1.2000538110733032,2.499553918838501,0.3797898292541504,1.2298377752304077,2.361774206161499,0.051950015127658844,0.23841142654418945,0.170039102435112,10000,10000,1.0,399.16048106329777,399.16048106329777,18200,True,148,73500,0.0,0.0,2,RIGHT,greedy,12251,20955,20147,20443,7953,65843,0.10777006883841943,1,36898,2,2,399.16048106329777,199.58024053164888,2,2,,,2,RIGHT,False,,
74082,dqn,346,1.0,173,0.0,0.0,0.05,,,,,,,,,,10000,10000,1.0,399.190400570262,399.190400570262,18271,False,149,74000,0.0,0.0,0,NOOP,greedy,12368,20973,20199,20542,7972,66110,0.10761048567803246,1,37041,2,2,399.190400570262,199.595200285131,2,2,,,0,NOOP,False,,
74159,dqn,347,3.0,233,0.0,0.0,0.05,,,,,,,,,,10000,10000,1.0,399.15583621550735,399.15583621550735,18291,True,149,74000,0.0,0.0,3,LEFT,greedy,12394,20977,20215,20574,7974,66186,0.1075242718446602,0,37080,2,2,399.15583621550735,199.57791810775367,2,2,,,3,LEFT,False,,
74195,dqn,347,,,0.0,0.0,0.05,0.0016042604111135006,1.2182235717773438,2.400693893432617,0.2391723394393921,1.2470085620880127,2.438551187515259,0.04415053501725197,0.1465827226638794,0.2094270884990692,10000,10000,1.0,399.16587373230186,399.16587373230186,18300,True,149,74000,0.0,0.0,3,LEFT,greedy,12394,20990,20216,20596,7977,66219,0.10751253436842957,0,37098,2,2,399.16587373230186,199.58293686615093,2,2,,,3,LEFT,False,,
74196,dqn,347,,,0.0,0.0,0.05,0.0016042604111135006,1.2182235717773438,2.400693893432617,0.2391723394393921,1.2470085620880127,2.438551187515259,0.04415053501725197,0.1465827226638794,0.2094270884990692,10000,10000,1.0,399.1657455283907,399.1657455283907,18300,True,149,74000,0.0,0.0,3,LEFT,greedy,12394,20990,20216,20596,7977,66219,0.10751253436842957,1,37098,2,2,399.1657455283907,199.58287276419534,2,2,,,3,LEFT,False,,
74595,dqn,347,,,3.0,3.0,0.05,0.0030469924677163363,1.4090005159378052,2.7681455612182617,0.3076828420162201,1.4019509553909302,2.7910284996032715,0.04713181406259537,0.3230839967727661,0.1892382651567459,10000,10000,1.0,399.2352176181957,399.2352176181957,18400,True,150,74500,0.0,0.0,2,RIGHT,greedy,12467,21050,20315,20764,7996,66600,0.10719073408761864,0,37298,2,2,399.2352176181957,199.61760880909785,2,2,,,2,RIGHT,False,,
74596,dqn,347,,,4.0,4.0,0.05,0.0030469924677163363,1.4090005159378052,2.7681455612182617,0.3076828420162201,1.4019509553909302,2.7910284996032715,0.04713181406259537,0.3230839967727661,0.1892382651567459,10000,10000,1.0,399.2349883511525,399.2349883511525,18400,True,150,74500,0.0,0.0,2,RIGHT,greedy,12467,21050,20315,20764,7996,66600,0.10719073408761864,1,37298,2,2,399.2349883511525,199.61749417557624,2,2,,,2,RIGHT,False,,
74751,dqn,348,4.0,296,0.0,0.0,0.05,,,,,,,,,,10000,10000,1.0,399.21453578791,399.21453578791,18439,True,150,74500,0.0,0.0,1,FIRE,random,12478,21067,20374,20833,8000,66752,0.10702054794520548,0,37376,2,2,399.21453578791,199.607267893955,2,2,,,1,FIRE,False,,
74772,dqn,349,6.0,345,0.0,0.0,0.05,,,,,,,,,,10000,10000,1.0,399.1986863178626,399.1986863178626,18444,True,150,74500,0.0,0.0,1,FIRE,greedy,12478,21080,20378,20836,8001,66771,0.10700529610014443,1,37386,2,2,399.1986863178626,199.5993431589313,2,2,,,1,FIRE,False,,
74995,dqn,349,,,2.0,2.0,0.05,0.007686655502766371,1.3845322132110596,2.810699701309204,0.43306371569633484,1.3846815824508667,2.6330487728118896,0.06999487429857254,0.45955726504325867,0.3455421030521393,10000,10000,1.0,399.2404259781194,399.2404259781194,18500,True,150,74500,0.0,0.0,3,LEFT,greedy,12499,21196,20422,20879,8019,66977,0.10692570270414423,0,37498,2,2,399.2404259781194,199.6202129890597,2,2,,,3,LEFT,False,,
74996,dqn,349,,,1.0,1.0,0.05,0.007686655502766371,1.3845322132110596,2.810699701309204,0.43306371569633484,1.3846815824508667,2.6330487728118896,0.06999487429857254,0.45955726504325867,0.3455421030521393,10000,10000,1.0,399.2403112092464,399.2403112092464,18500,True,150,74500,0.0,0.0,0,NOOP,random,12499,21196,20422,20879,8019,66977,0.10692570270414423,1,37498,2,2,399.2403112092464,199.6201556046232,2,2,,,0,NOOP,False,,
75258,dqn,350,3.0,243,0.0,0.0,0.05,,,,,,,,,,10000,10000,1.0,399.21322223419804,399.21322223419804,18565,False,151,75000,0.0,0.0,3,LEFT,greedy,12542,21235,20491,20990,8028,67230,0.10667304472614207,1,37629,2,2,399.21322223419804,199.60661111709902,2,2,,,3,LEFT,False,,
75395,dqn,350,,,6.0,6.0,0.05,0.006106706336140633,1.3443074226379395,2.228123426437378,0.5050971508026123,1.3937300443649292,2.2558279037475586,0.05972672626376152,0.5239746570587158,0.47922345995903015,10000,10000,1.0,399.1074896560958,399.1074896560958,18600,True,151,75000,0.0,0.0,2,RIGHT,greedy,12568,21277,20531,21020,8039,67357,0.10662369356464534,0,37698,2,2,399.1074896560958,199.5537448280479,2,2,,,2,RIGHT,False,,
75396,dqn,350,,,0.0,0.0,0.05,0.006106706336140633,1.3443074226379395,2.228123426437378,0.5050971508026123,1.3937300443649292,2.2558279037475586,0.05972672626376152,0.5239746570587158,0.47922345995903015,10000,10000,1.0,399.1073626849951,399.1073626849951,18600,True,151,75000,0.0,0.0,2,RIGHT,greedy,12568,21277,20531,21020,8039,67357,0.10662369356464534,1,37698,2,2,399.1073626849951,199.55368134249755,2,2,,,2,RIGHT,False,,
75439,dqn,351,6.0,344,0.0,0.0,0.05,,,,,,,,,,10000,10000,1.0,399.0823693402911,399.0823693402911,18611,True,151,75000,0.0,0.0,2,RIGHT,greedy,12574,21277,20549,21040,8043,67397,0.10661452810180276,0,37720,2,2,399.0823693402911,199.54118467014555,2,2,,,2,RIGHT,False,,
75712,dqn,352,3.0,227,0.0,0.0,0.05,,,,,,,,,,10000,10000,1.0,399.08389898803586,399.08389898803586,18679,True,152,75500,0.0,0.0,3,LEFT,greedy,12616,21315,20639,21142,8055,67657,0.10639000422654268,1,37856,2,2,399.08389898803586,199.54194949401793,2,2,,,3,LEFT,False,,
75795,dqn,352,,,3.0,3.0,0.05,0.002015247941017151,1.314918041229248,2.363961935043335,0.4392516016960144,1.3138291835784912,2.2930431365966797,0.051312871277332306,0.17232048511505127,0.19961103796958923,10000,10000,1.0,399.1145741426911,399.1145741426911,18700,True,152,75500,0.0,0.0,2,RIGHT,greedy,12633,21328,20649,21186,8061,67735,0.10635125864161697,0,37898,2,2,399.1145741426911,199.55728707134554,2,2,,,2,RIGHT,False,,
75796,dqn,352,,,1.0,1.0,0.05,0.002015247941017151,1.314918041229248,2.363961935043335,0.4392516016960144,1.3138291835784912,2.2930431365966797,0.051312871277332306,0.17232048511505127,0.19961103796958923,10000,10000,1.0,399.11445140966447,399.11445140966447,18700,True,152,75500,0.0,0.0,3,LEFT,greedy,12633,21328,20649,21186,8061,67735,0.10635125864161697,1,37898,2,2,399.11445140966447,199.55722570483223,2,2,,,3,LEFT,False,,
76127,dqn,353,6.0,344,0.0,0.0,0.05,,,,,,,,,,10000,10000,1.0,399.18387850221916,399.18387850221916,18783,True,153,76000,0.0,0.0,0,NOOP,greedy,12716,21378,20693,21341,8077,68051,0.10609762505254308,0,38064,2,2,399.18387850221916,199.59193925110958,2,2,,,0,NOOP,False,,
76136,dqn,354,3.0,212,0.0,0.0,0.05,,,,,,,,,,10000,10000,1.0,399.17128296135314,399.17128296135314,18785,True,153,76000,0.0,0.0,3,LEFT,greedy,12719,21380,20695,21342,8077,68059,0.10608647683093411,1,38068,2,2,399.17128296135314,199.58564148067657,2,2,,,3,LEFT,False,,
76195,dqn,354,,,1.0,1.0,0.05,0.0016225375002250075,1.4515490531921387,2.6002707481384277,0.4350104033946991,1.4548189640045166,2.4264943599700928,0.041941169649362564,0.17377638816833496,0.19990138709545135,10000,10000,1.0,399.18019046801606,399.18019046801606,18800,True,153,76000,0.0,0.0,1,FIRE,greedy,12731,21404,20697,21364,8078,68118,0.10601606383537193,0,38098,2,2,399.18019046801606,199.59009523400803,2,2,,,1,FIRE,False,,
76196,dqn,354,,,0.0,0.0,0.05,0.0016225375002250075,1.4515490531921387,2.6002707481384277,0.4350104033946991,1.4548189640045166,2.4264943599700928,0.041941169649362564,0.17377638816833496,0.19990138709545135,10000,10000,1.0,399.1800677115211,399.1800677115211,18800,True,153,76000,0.0,0.0,1,FIRE,greedy,12731,21404,20697,21364,8078,68118,0.10601606383537193,1,38098,2,2,399.1800677115211,199.59003385576054,2,2,,,1,FIRE,False,,
76595,dqn,354,,,4.0,4.0,0.05,0.0023845722898840904,1.3923547267913818,2.0145838260650635,0.5307245850563049,1.4188621044158936,2.0650322437286377,0.05374801903963089,0.1955718994140625,0.251191109418869,10000,10000,1.0,399.3600693371678,399.3600693371678,18900,True,154,76500,1.0,1.0,1,FIRE,greedy,12827,21522,20778,21469,8101,68495,0.10576270301321218,0,38298,2,2,399.3600693371678,199.6800346685839,2,2,,,1,FIRE,False,,
76596,dqn,354,,,3.0,3.0,0.05,0.0023845722898840904,1.3923547267913818,2.0145838260650635,0.5307245850563049,1.4188621044158936,2.0650322437286377,0.05374801903963089,0.1955718994140625,0.251191109418869,10000,10000,1.0,399.3596995382483,399.3596995382483,18900,True,154,76500,0.0,0.0,0,NOOP,greedy,12827,21522,20778,21469,8101,68495,0.10576270301321218,1,38298,2,2,399.3596995382483,199.67984976912416,2,2,,,0,NOOP,False,,
76739,dqn,355,5.0,306,0.0,0.0,0.05,,,,,,,,,,10000,10000,1.0,399.41132828487343,399.41132828487343,18936,True,154,76500,0.0,0.0,2,RIGHT,greedy,12851,21532,20836,21521,8107,68633,0.10564242898097471,0,38370,2,2,399.41132828487343,199.70566414243672,2,2,,,2,RIGHT,False,,
76784,dqn,356,5.0,324,0.0,0.0,0.05,,,,,,,,,,10000,10000,1.0,399.42790379942113,399.42790379942113,18947,True,154,76500,0.0,0.0,2,RIGHT,greedy,12852,21535,20852,21545,8110,68674,0.10562096270056262,1,38392,2,2,399.42790379942113,199.71395189971057,2,2,,,2,RIGHT,False,,
76995,dqn,356,,,2.0,2.0,0.05,0.003126619616523385,1.5099955797195435,2.414761543273926,0.5492673516273499,1.518175482749939,2.5118539333343506,0.05128547549247742,0.24946331977844238,0.20613688230514526,10000,10000,1.0,399.5069690908385,399.5069690908385,19000,True,154,76500,0.0,0.0,3,LEFT,greedy,12862,21563,20935,21636,8121,68875,0.1054730115850174,0,38498,2,2,399.5069690908385,199.75348454541924,2,2,,,3,LEFT,False,,
76996,dqn,356,,,1.0,1.0,0.05,0.003126619616523385,1.5099955797195435,2.414761543273926,0.5492673516273499,1.518175482749939,2.5118539333343506,0.05128547549247742,0.24946331977844238,0.20613688230514526,10000,10000,1.0,399.50684492331544,399.50684492331544,19000,True,154,76500,0.0,0.0,2,RIGHT,greedy,12862,21563,20935,21636,8121,68875,0.1054730115850174,1,38498,2,2,399.50684492331544,199.75342246165772,2,2,,,2,RIGHT,False,,
77186,dqn,357,2.0,201,0.0,0.0,0.05,,,,,,,,,,10000,10000,1.0,399.59928763676646,399.59928763676646,19047,False,155,77000,0.0,0.0,2,RIGHT,greedy,12871,21582,21030,21703,8128,69058,0.1053040706863939,1,38593,2,2,399.59928763676646,199.79964381838323,2,2,,,2,RIGHT,False,,
77349,dqn,358,4.0,305,0.0,0.0,0.05,,,,,,,,,,10000,10000,1.0,399.6623865037514,399.6623865037514,19088,False,155,77000,0.0,0.0,3,LEFT,greedy,12877,21622,21074,21777,8133,69217,0.10514544279250161,0,38675,2,2,399.6623865037514,199.8311932518757,2,2,,,3,LEFT,False,,
77395,dqn,358,,,0.0,0.0,0.05,0.0018551861867308617,1.27414870262146,2.6111230850219727,0.16943304240703583,1.2697774171829224,2.561789035797119,0.042567044496536255,0.18080337345600128,0.32799386978149414,10000,10000,1.0,399.64051231939504,399.64051231939504,19100,True,155,77000,0.0,0.0,3,LEFT,greedy,12877,21625,21076,21818,8136,69260,0.10512171171636778,0,38698,2,2,399.64051231939504,199.82025615969752,2,2,,,3,LEFT,False,,
77396,dqn,358,,,1.0,1.0,0.05,0.0018551861867308617,1.27414870262146,2.6111230850219727,0.16943304240703583,1.2697774171829224,2.561789035797119,0.042567044496536255,0.18080337345600128,0.32799386978149414,10000,10000,1.0,399.64038561585625,399.64038561585625,19100,True,155,77000,0.0,0.0,3,LEFT,greedy,12877,21625,21076,21818,8136,69260,0.10512171171636778,1,38698,2,2,399.64038561585625,199.82019280792812,2,2,,,3,LEFT,False,,
77702,dqn,359,4.0,258,0.0,0.0,0.05,,,,,,,,,,10000,10000,1.0,399.7818741277189,399.7818741277189,19176,False,156,77500,0.0,0.0,0,NOOP,greedy,12935,21701,21130,21936,8155,69547,0.10495225348124887,1,38851,2,2,399.7818741277189,199.89093706385944,2,2,,,0,NOOP,False,,
77795,dqn,359,,,3.0,3.0,0.05,0.001969509292393923,1.499405860900879,2.5249996185302734,0.5993894934654236,1.4781184196472168,2.4502007961273193,0.045639537274837494,0.17937493324279785,0.4734654426574707,10000,10000,1.0,399.79487084096723,399.79487084096723,19200,True,156,77500,0.0,0.0,1,FIRE,greedy,12941,21762,21143,21950,8163,69633,0.10492827394724664,0,38898,2,2,399.79487084096723,199.89743542048362,2,2,,,1,FIRE,False,,
77796,dqn,359,,,0.0,0.0,0.05,0.001969509292393923,1.499405860900879,2.5249996185302734,0.5993894934654236,1.4781184196472168,2.4502007961273193,0.045639537274837494,0.17937493324279785,0.4734654426574707,10000,10000,1.0,399.7947537315942,399.7947537315942,19200,True,156,77500,0.0,0.0,1,FIRE,greedy,12941,21762,21143,21950,8163,69633,0.10492827394724664,1,38898,2,2,399.7947537315942,199.8973768657971,2,2,,,1,FIRE,False,,
77803,dqn,360,3.0,227,0.0,0.0,0.05,,,,,,,,,,10000,10000,1.0,399.78336247020314,399.78336247020314,19202,True,156,77500,0.0,0.0,0,NOOP,greedy,12942,21766,21144,21952,8164,69640,0.10493033777183693,0,38902,2,2,399.78336247020314,199.89168123510157,2,2,,,0,NOOP,False,,
78195,dqn,360,,,2.0,2.0,0.05,0.0021276925690472126,1.5189054012298584,2.659005641937256,0.42959073185920715,1.5325429439544678,2.6189258098602295,0.04668571427464485,0.20675396919250488,0.24809519946575165,10000,10000,1.0,399.7881940591415,399.7881940591415,19300,True,157,78000,0.0,0.0,1,FIRE,greedy,12960,21849,21265,22122,8180,70016,0.10460893140314083,0,39098,2,2,399.7881940591415,199.89409702957076,2,2,,,1,FIRE,False,,
78196,dqn,360,,,4.0,4.0,0.05,0.0021276925690472126,1.5189054012298584,2.659005641937256,0.42959073185920715,1.5325429439544678,2.6189258098602295,0.04668571427464485,0.20675396919250488,0.24809519946575165,10000,10000,1.0,399.7880573174684,399.7880573174684,19300,True,157,78000,0.0,0.0,1,FIRE,greedy,12960,21849,21265,22122,8180,70016,0.10460893140314083,1,39098,2,2,399.7880573174684,199.8940286587342,2,2,,,1,FIRE,False,,
78257,dqn,361,3.0,227,0.0,0.0,0.05,,,,,,,,,,10000,10000,1.0,399.7914947733141,399.7914947733141,19315,False,157,78000,0.0,0.0,2,RIGHT,greedy,12964,21864,21291,22139,8185,70073,0.10458994607580056,0,39129,2,2,399.7914947733141,199.89574738665706,2,2,,,2,RIGHT,False,,
78488,dqn,362,10.0,393,0.0,0.0,0.05,,,,,,,,,,10000,10000,1.0,399.6842830253813,399.6842830253813,19373,True,157,78000,0.0,0.0,3,LEFT,greedy,12983,21897,21367,22241,8194,70294,0.10439812455407196,1,39244,2,2,399.6842830253813,199.84214151269066,2,2,,,3,LEFT,False,,
78595,dqn,362,,,2.0,2.0,0.05,0.0020049293525516987,1.3847355842590332,2.5072638988494873,0.45186999440193176,1.4113675355911255,2.4304375648498535,0.047316208481788635,0.1997661590576172,0.3043293356895447,10000,10000,1.0,399.6226012067811,399.6226012067811,19400,True,158,78500,0.0,0.0,2,RIGHT,greedy,13004,21941,21387,22264,8202,70394,0.10435645579927731,0,39298,2,2,399.6226012067811,199.81130060339055,2,2,,,2,RIGHT,False,,
78596,dqn,362,,,0.0,0.0,0.05,0.0020049293525516987,1.3847355842590332,2.5072638988494873,0.45186999440193176,1.4113675355911255,2.4304375648498535,0.047316208481788635,0.1997661590576172,0.3043293356895447,10000,10000,1.0,399.6223531137213,399.6223531137213,19400,True,158,78500,0.0,0.0,1,FIRE,greedy,13004,21941,21387,22264,8202,70394,0.10435645579927731,1,39298,2,2,399.6223531137213,199.81117655686066,2,2,,,1,FIRE,False,,
78713,dqn,363,3.0,228,0.0,0.0,0.05,,,,,,,,,,10000,10000,1.0,399.5784578743863,399.5784578743863,19429,False,158,78500,0.0,0.0,2,RIGHT,greedy,13017,21966,21406,22325,8206,70508,0.1042508321264324,0,39357,2,2,399.5784578743863,199.78922893719314,2,2,,,2,RIGHT,False,,
78995,dqn,363,,,3.0,3.0,0.05,0.005575990304350853,1.3581452369689941,2.5895586013793945,0.428760826587677,1.3348978757858276,2.455930709838867,0.06448791176080704,0.4333515763282776,0.4684616029262543,10000,10000,1.0,399.55511766171884,399.55511766171884,19500,True,158,78500,0.0,0.0,1,FIRE,greedy,13048,22013,21521,22414,8214,70782,0.10397994835181529,0,39498,2,2,399.55511766171884,199.77755883085942,2,2,,,1,FIRE,False,,
78996,dqn,363,,,4.0,4.0,0.05,0.005575990304350853,1.3581452369689941,2.5895586013793945,0.428760826587677,1.3348978757858276,2.455930709838867,0.06448791176080704,0.4333515763282776,0.4684616029262543,10000,10000,1.0,399.55500630912803,399.55500630912803,19500,True,158,78500,0.0,0.0,3,LEFT,greedy,13048,22013,21521,22414,8214,70782,0.10397994835181529,1,39498,2,2,399.55500630912803,199.77750315456402,2,2,,,3,LEFT,False,,
79038,dqn,364,4.0,275,0.0,0.0,0.05,,,,,,,,,,10000,10000,1.0,399.55799759679184,399.55799759679184,19510,False,159,79000,0.0,0.0,2,RIGHT,greedy,13048,22032,21532,22426,8215,70823,0.10393734659277816,1,39519,2,2,399.55799759679184,199.77899879839592,2,2,,,2,RIGHT,False,,
79395,dqn,364,,,5.0,5.0,0.05,0.0026831934228539467,1.4758366346359253,2.3409180641174316,0.5716646909713745,1.4610285758972168,2.4189181327819824,0.058092743158340454,0.1400524377822876,0.39321258664131165,10000,10000,1.0,399.4110071062757,399.4110071062757,19600,True,159,79000,0.0,0.0,1,FIRE,greedy,13073,22124,21656,22543,8232,71164,0.10368280517910222,0,39698,2,2,399.4110071062757,199.70550355313785,2,2,,,1,FIRE,False,,
79396,dqn,364,,,3.0,3.0,0.05,0.0026831934228539467,1.4758366346359253,2.3409180641174316,0.5716646909713745,1.4610285758972168,2.4189181327819824,0.058092743158340454,0.1400524377822876,0.39321258664131165,10000,10000,1.0,399.4108756990473,399.4108756990473,19600,True,159,79000,0.0,0.0,1,FIRE,greedy,13073,22124,21656,22543,8232,71164,0.10368280517910222,1,39698,2,2,399.4108756990473,199.70543784952366,2,2,,,1,FIRE,False,,
79401,dqn,365,5.0,344,0.0,0.0,0.05,,,,,,,,,,10000,10000,1.0,399.3964724040514,399.3964724040514,19601,False,159,79000,0.0,0.0,3,LEFT,random,13073,22127,21657,22545,8234,71168,0.10370015868617918,0,39701,2,2,399.3964724040514,199.6982362020257,2,2,,,3,LEFT,False,,
79795,dqn,365,,,3.0,3.0,0.05,0.0018413378857076168,1.4460816383361816,2.340672492980957,0.5661295056343079,1.4464919567108154,2.40636944770813,0.04770766198635101,0.1488681435585022,0.18131466209888458,10000,10000,1.0,399.34861994145274,399.34861994145274,19700,True,160,79500,0.0,0.0,1,FIRE,greedy,13162,22185,21793,22656,8265,71531,0.10357662038197403,0,39898,2,2,399.34861994145274,199.67430997072637,2,2,,,1,FIRE,False,,
79796,dqn,365,,,8.0,8.0,0.05,0.0018413378857076168,1.4460816383361816,2.340672492980957,0.5661295056343079,1.4464919567108154,2.40636944770813,0.04770766198635101,0.1488681435585022,0.18131466209888458,10000,10000,1.0,399.3485004259525,399.3485004259525,19700,True,160,79500,0.0,0.0,2,RIGHT,greedy,13162,22185,21793,22656,8265,71531,0.10357662038197403,1,39898,2,2,399.3485004259525,199.67425021297626,2,2,,,2,RIGHT,False,,
79998,dqn,366,10.0,480,0.0,0.0,0.05,,,,,,,,,,10000,10000,1.0,399.335778775974,399.335778775974,19750,False,160,79500,0.0,0.0,3,LEFT,greedy,13183,22208,21853,22754,8278,71720,0.10347758693967349,1,39999,2,2,399.335778775974,199.667889387987,2,2,,,3,LEFT,False,,
80047,dqn,367,5.0,323,0.0,0.0,0.05,,,,,,,,,,10000,10000,1.0,399.2867665308602,399.2867665308602,19763,True,161,80000,0.0,0.0,3,LEFT,greedy,13184,22220,21871,22773,8281,71767,0.10345042974215471,0,40024,2,2,399.2867665308602,199.6433832654301,2,2,,,3,LEFT,False,,
80195,dqn,367,,,1.0,1.0,0.05,0.003619590774178505,1.2611786127090454,2.246802806854248,0.4904915392398834,1.3087220191955566,2.2478725910186768,0.06362945586442947,0.23694443702697754,0.5541699528694153,10000,10000,1.0,399.2624816030587,399.2624816030587,19800,True,161,80000,0.0,0.0,0,NOOP,greedy,13269,22235,21897,22795,8284,71912,0.10329692253977754,0,40098,2,2,399.2624816030587,199.63124080152934,2,2,,,0,NOOP,False,,
80196,dqn,367,,,1.0,1.0,0.05,0.003619590774178505,1.2611786127090454,2.246802806854248,0.4904915392398834,1.3087220191955566,2.2478725910186768,0.06362945586442947,0.23694443702697754,0.5541699528694153,10000,10000,1.0,399.2623677041785,399.2623677041785,19800,True,161,80000,0.0,0.0,3,LEFT,greedy,13269,22235,21897,22795,8284,71912,0.10329692253977754,1,40098,2,2,399.2623677041785,199.63118385208924,2,2,,,3,LEFT,False,,
80590,dqn,368,4.0,296,0.0,0.0,0.05,,,,,,,,,,10000,10000,1.0,399.23411569237373,399.23411569237373,19898,False,162,80500,0.0,0.0,3,LEFT,greedy,13314,22334,22008,22934,8308,72282,0.10308971336394093,1,40295,2,2,399.23411569237373,199.61705784618687,2,2,,,3,LEFT,False,,
80595,dqn,368,,,4.0,4.0,0.05,0.004374989774078131,1.4814869165420532,2.4853315353393555,0.512908399105072,1.4553194046020508,2.394554615020752,0.07446874678134918,0.25119519233703613,0.6148132085800171,10000,10000,1.0,399.22200826010743,399.22200826010743,19900,True,162,80500,0.0,0.0,2,RIGHT,greedy,13316,22336,22010,22934,8308,72288,0.1030820388108591,0,40298,2,2,399.22200826010743,199.61100413005371,2,2,,,2,RIGHT,False,,
80596,dqn,368,,,0.0,0.0,0.05,0.004374989774078131,1.4814869165420532,2.4853315353393555,0.512908399105072,1.4553194046020508,2.394554615020752,0.07446874678134918,0.25119519233703613,0.6148132085800171,10000,10000,1.0,399.22181545455135,399.22181545455135,19900,True,162,80500,0.0,0.0,0,NOOP,greedy,13316,22336,22010,22934,8308,72288,0.1030820388108591,1,40298,2,2,399.22181545455135,199.61090772727567,2,2,,,0,NOOP,False,,
80695,dqn,369,5.0,324,0.0,0.0,0.05,,,,,,,,,,10000,10000,1.0,399.1764327731069,399.1764327731069,19925,True,162,80500,0.0,0.0,1,FIRE,greedy,13339,22357,22046,22954,8313,72383,0.1030162585506097,0,40348,2,2,399.1764327731069,199.58821638655346,2,2,,,1,FIRE,False,,
80995,dqn,369,,,2.0,2.0,0.05,0.002510322956368327,1.5077836513519287,2.6669628620147705,0.48246586322784424,1.5183837413787842,2.6667070388793945,0.04630091041326523,0.22751390933990479,0.19648617506027222,10000,10000,1.0,399.2685775875676,399.2685775875676,20000,True,162,80500,0.0,0.0,0,NOOP,greedy,13405,22432,22096,23063,8327,72669,0.10280754605165687,0,40498,2,2,399.2685775875676,199.6342887937838,2,2,,,0,NOOP,False,,
80996,dqn,369,,,3.0,3.0,0.05,0.002510322956368327,1.5077836513519287,2.6669628620147705,0.48246586322784424,1.5183837413787842,2.6667070388793945,0.04630091041326523,0.22751390933990479,0.19648617506027222,10000,10000,1.0,399.2684697309613,399.2684697309613,20000,True,162,80500,0.0,0.0,2,RIGHT,greedy,13405,22432,22096,23063,8327,72669,0.10280754605165687,1,40498,2,2,399.2684697309613,199.63423486548064,2,2,,,2,RIGHT,False,,
81140,dqn,370,4.0,275,0.0,0.0,0.05,,,,,,,,,,10000,10000,1.0,399.3318541235579,399.3318541235579,20036,True,163,81000,0.0,0.0,3,LEFT,greedy,13426,22447,22156,23111,8335,72805,0.10272368745378359,1,40570,2,2,399.3318541235579,199.66592706177894,2,2,,,3,LEFT,False,,
81369,dqn,371,6.0,337,0.0,0.0,0.05,,,,,,,,,,10000,10000,1.0,399.4376797146059,399.4376797146059,20093,False,163,81000,0.0,0.0,1,FIRE,greedy,13462,22478,22252,23178,8345,73025,0.10255622465282045,0,40685,2,2,399.4376797146059,199.71883985730295,2,2,,,1,FIRE,False,,
81395,dqn,371,,,0.0,0.0,0.05,0.005771197844296694,1.3666155338287354,2.4871208667755127,0.4270966351032257,1.4249238967895508,2.6493096351623535,0.07015581429004669,0.3535618782043457,0.7211266756057739,10000,10000,1.0,399.4464166158948,399.4464166158948,20100,True,163,81000,0.0,0.0,2,RIGHT,greedy,13462,22489,22267,23178,8346,73050,0.10253575114256229,0,40698,2,2,399.4464166158948,199.7232083079474,2,2,,,2,RIGHT,False,,
81396,dqn,371,,,2.0,2.0,0.05,0.005771197844296694,1.3666155338287354,2.4871208667755127,0.4270966351032257,1.4249238967895508,2.6493096351623535,0.07015581429004669,0.3535618782043457,0.7211266756057739,10000,10000,1.0,399.4463113497666,399.4463113497666,20100,True,163,81000,0.0,0.0,2,RIGHT,greedy,13462,22489,22267,23178,8346,73050,0.10253575114256229,1,40698,2,2,399.4463113497666,199.7231556748833,2,2,,,2,RIGHT,False,,
81536,dqn,372,2.0,198,0.0,0.0,0.05,,,,,,,,,,10000,10000,1.0,399.5093273242623,399.5093273242623,20135,True,164,81500,0.0,0.0,3,LEFT,greedy,13463,22498,22359,23216,8348,73188,0.1023842229199372,1,40768,2,2,399.5093273242623,199.75466366213115,2,2,,,3,LEFT,False,,
81795,dqn,372,,,4.0,4.0,0.05,0.003874048124998808,1.5115306377410889,2.57122802734375,0.5829355120658875,1.5442767143249512,2.5336673259735107,0.05422940105199814,0.27957427501678467,0.31705597043037415,10000,10000,1.0,399.5390537729127,399.5390537729127,20200,True,164,81500,0.0,0.0,0,NOOP,greedy,13501,22574,22430,23291,8367,73429,0.10229106557777887,0,40898,2,2,399.5390537729127,199.76952688645636,2,2,,,0,NOOP,False,,
81796,dqn,372,,,1.0,1.0,0.05,0.003874048124998808,1.5115306377410889,2.57122802734375,0.5829355120658875,1.5442767143249512,2.5336673259735107,0.05422940105199814,0.27957427501678467,0.31705597043037415,10000,10000,1.0,399.53893648276454,399.53893648276454,20200,True,164,81500,0.0,0.0,2,RIGHT,greedy,13501,22574,22430,23291,8367,73429,0.10229106557777887,1,40898,2,2,399.53893648276454,199.76946824138227,2,2,,,2,RIGHT,False,,
81978,dqn,373,2.0,221,0.0,0.0,0.05,,,,,,,,,,10000,10000,1.0,399.58522490159476,399.58522490159476,20245,False,164,81500,0.0,0.0,3,LEFT,greedy,13551,22616,22488,23323,8373,73605,0.10213715874990852,1,40989,2,2,399.58522490159476,199.79261245079738,2,2,,,3,LEFT,False,,
82081,dqn,374,6.0,356,0.0,0.0,0.05,,,,,,,,,,10000,10000,1.0,399.59047219625734,399.59047219625734,20271,False,165,82000,0.0,0.0,1,FIRE,greedy,13571,22638,22517,23356,8382,73700,0.10211739480032163,0,41041,2,2,399.59047219625734,199.79523609812867,2,2,,,1,FIRE,False,,
82195,dqn,374,,,0.0,0.0,0.05,0.0024791245814412832,1.6132164001464844,2.5274198055267334,0.6266244053840637,1.633677363395691,2.5214123725891113,0.050119008868932724,0.2668958902359009,0.1350012868642807,10000,10000,1.0,399.5411184024308,399.5411184024308,20300,True,165,82000,0.0,0.0,2,RIGHT,greedy,13609,22690,22533,23364,8385,73811,0.10201226337048032,0,41098,2,2,399.5411184024308,199.7705592012154,2,2,,,2,RIGHT,False,,
82196,dqn,374,,,2.0,2.0,0.05,0.0024791245814412832,1.6132164001464844,2.5274198055267334,0.6266244053840637,1.633677363395691,2.5214123725891113,0.050119008868932724,0.2668958902359009,0.1350012868642807,10000,10000,1.0,399.5409946902388,399.5409946902388,20300,True,165,82000,0.0,0.0,2,RIGHT,greedy,13609,22690,22533,23364,8385,73811,0.10201226337048032,1,41098,2,2,399.5409946902388,199.7704973451194,2,2,,,2,RIGHT,False,,
82443,dqn,375,2.0,181,0.0,0.0,0.05,,,,,,,,,,10000,10000,1.0,399.4295304849763,399.4295304849763,20362,True,165,82000,0.0,0.0,2,RIGHT,greedy,13662,22704,22648,23430,8395,74049,0.10182669448352821,0,41222,2,2,399.4295304849763,199.71476524248814,2,2,,,2,RIGHT,False,,
82470,dqn,376,3.0,246,0.0,0.0,0.05,,,,,,,,,,10000,10000,1.0,399.4094576915176,399.4094576915176,20368,False,165,82000,0.0,0.0,2,RIGHT,greedy,13662,22711,22664,23433,8398,74072,0.10183096883715291,1,41235,2,2,399.4094576915176,199.7047288457588,2,2,,,2,RIGHT,False,,
82595,dqn,376,,,1.0,1.0,0.05,0.005223250947892666,1.5125000476837158,2.4130361080169678,0.5455926060676575,1.557360053062439,2.5033822059631348,0.05332674831151962,0.49625062942504883,0.630526602268219,10000,10000,1.0,399.1529133920561,399.1529133920561,20400,True,166,82500,0.0,0.0,1,FIRE,random,13694,22730,22707,23465,8407,74189,0.10178459005278706,0,41298,2,2,399.1529133920561,199.57645669602806,2,2,,,1,FIRE,False,,
82596,dqn,376,,,1.0,1.0,0.05,0.005223250947892666,1.5125000476837158,2.4130361080169678,0.5455926060676575,1.557360053062439,2.5033822059631348,0.05332674831151962,0.49625062942504883,0.630526602268219,10000,10000,1.0,399.152618842322,399.152618842322,20400,True,166,82500,0.0,0.0,3,LEFT,greedy,13694,22730,22707,23465,8407,74189,0.10178459005278706,1,41298,2,2,399.152618842322,199.576309421161,2,2,,,3,LEFT,False,,
82995,dqn,376,,,4.0,4.0,0.05,0.009658687748014927,1.432159185409546,2.495218276977539,0.470801442861557,1.5009291172027588,2.755117893218994,0.07307559251785278,0.5812067985534668,1.0044143199920654,10000,10000,1.0,398.5825441168196,398.5825441168196,20500,True,166,82500,0.0,0.0,3,LEFT,greedy,13733,22784,22844,23635,8430,74566,0.10157116005590631,0,41498,2,2,398.5825441168196,199.2912720584098,2,2,,,3,LEFT,False,,
82996,dqn,376,,,8.0,5.0,0.05,0.009658687748014927,1.432159185409546,2.495218276977539,0.470801442861557,1.5009291172027588,2.755117893218994,0.07307559251785278,0.5812067985534668,1.0044143199920654,10000,10000,1.0,398.58234274700493,398.58234274700493,20500,True,166,82500,0.0,0.0,2,RIGHT,greedy,13733,22784,22844,23635,8430,74566,0.10157116005590631,1,41498,2,2,398.58234274700493,199.29117137350246,2,2,,,2,RIGHT,False,,
83018,dqn,377,8.0,274,0.0,0.0,0.05,,,,,,,,,,10000,10000,1.0,398.4431576331424,398.4431576331424,20505,False,167,83000,0.0,0.0,3,LEFT,greedy,13737,22785,22854,23642,8431,74587,0.10155628899756679,1,41509,2,2,398.4431576331424,199.2215788165712,2,2,,,3,LEFT,False,,
83061,dqn,378,5.0,309,0.0,0.0,0.05,,,,,,,,,,10000,10000,1.0,398.19688843747866,398.19688843747866,20516,False,167,83000,0.0,0.0,3,LEFT,greedy,13738,22808,22863,23653,8433,74629,0.10152657051359226,0,41531,2,2,398.19688843747866,199.09844421873933,2,2,,,3,LEFT,False,,
83324,dqn,379,1.0,153,0.0,0.0,0.05,,,,,,,,,,10000,10000,1.0,397.7513501377864,397.7513501377864,20582,True,167,83000,0.0,0.0,3,LEFT,greedy,13753,22862,22993,23716,8457,74867,0.1014953674811579,1,41662,2,2,397.7513501377864,198.8756750688932,2,2,,,3,LEFT,False,,
83395,dqn,379,,,3.0,3.0,0.05,0.002834586426615715,1.457540512084961,2.416816473007202,0.230223149061203,1.5005217790603638,2.626136302947998,0.05782950669527054,0.21335721015930176,0.45186927914619446,10000,10000,1.0,397.7453045553337,397.7453045553337,20600,True,167,83000,0.0,0.0,3,LEFT,greedy,13755,22874,23017,23750,8460,74936,0.10144371432682622,0,41698,2,2,397.7453045553337,198.87265227766684,2,2,,,3,LEFT,False,,
83396,dqn,379,,,1.0,1.0,0.05,0.002834586426615715,1.457540512084961,2.416816473007202,0.230223149061203,1.5005217790603638,2.626136302947998,0.05782950669527054,0.21335721015930176,0.45186927914619446,10000,10000,1.0,397.7451935813028,397.7451935813028,20600,True,167,83000,0.0,0.0,2,RIGHT,greedy,13755,22874,23017,23750,8460,74936,0.10144371432682622,1,41698,2,2,397.7451935813028,198.8725967906514,2,2,,,2,RIGHT,False,,
83795,dqn,379,,,10.0,7.0,0.05,0.0019694853108376265,1.601540446281433,2.5057456493377686,0.7707726955413818,1.619776725769043,2.547053098678589,0.04430572688579559,0.21970343589782715,0.15407909452915192,10000,10000,1.0,397.4000536375608,397.4000536375608,20700,True,168,83500,0.0,0.0,2,RIGHT,random,13797,22908,23149,23942,8474,75322,0.10112654541982911,0,41898,2,2,397.4000536375608,198.7000268187804,2,2,,,2,RIGHT,False,,
83796,dqn,379,,,4.0,4.0,0.05,0.0019694853108376265,1.601540446281433,2.5057456493377686,0.7707726955413818,1.619776725769043,2.547053098678589,0.04430572688579559,0.21970343589782715,0.15407909452915192,10000,10000,1.0,397.3999467773249,397.3999467773249,20700,True,168,83500,0.0,0.0,3,LEFT,greedy,13797,22908,23149,23942,8474,75322,0.10112654541982911,1,41898,2,2,397.3999467773249,198.69997338866244,2,2,,,3,LEFT,False,,
83947,dqn,380,11.0,443,0.0,0.0,0.05,,,,,,,,,,10000,10000,1.0,397.4236099370702,397.4236099370702,20738,True,168,83500,0.0,0.0,2,RIGHT,greedy,13811,22918,23213,24006,8484,75464,0.10106256253871444,0,41974,2,2,397.4236099370702,198.7118049685351,2,2,,,2,RIGHT,False,,
84134,dqn,381,7.0,405,0.0,0.0,0.05,,,,,,,,,,10000,10000,1.0,397.44721562833405,397.44721562833405,20784,False,169,84000,0.0,0.0,3,LEFT,greedy,13811,22950,23284,24089,8488,75646,0.10088668077115079,1,42067,2,2,397.44721562833405,198.72360781416702,2,2,,,3,LEFT,False,,
84195,dqn,381,,,2.0,2.0,0.05,0.003089664038270712,1.4312942028045654,2.4696545600891113,0.5557559728622437,1.4324294328689575,2.4618446826934814,0.05463474988937378,0.21294891834259033,0.2923392951488495,10000,10000,1.0,397.4480592547436,397.4480592547436,20800,True,169,84000,0.0,0.0,3,LEFT,greedy,13811,22956,23306,24123,8489,75707,0.1008242671860896,0,42098,2,2,397.4480592547436,198.7240296273718,2,2,,,3,LEFT,False,,
84196,dqn,381,,,0.0,0.0,0.05,0.003089664038270712,1.4312942028045654,2.4696545600891113,0.5557559728622437,1.4324294328689575,2.4618446826934814,0.05463474988937378,0.21294891834259033,0.2923392951488495,10000,10000,1.0,397.44794161989734,397.44794161989734,20800,True,169,84000,0.0,0.0,3,LEFT,greedy,13811,22956,23306,24123,8489,75707,0.1008242671860896,1,42098,2,2,397.44794161989734,198.72397080994867,2,2,,,3,LEFT,False,,
84595,dqn,381,,,5.0,5.0,0.05,0.001908309175632894,1.5010279417037964,2.4478557109832764,0.5370731949806213,1.52834951877594,2.4856820106506348,0.04978018254041672,0.16073596477508545,0.14991918206214905,10000,10000,1.0,397.2162016522678,397.2162016522678,20900,True,170,84500,0.0,0.0,2,RIGHT,greedy,13838,23013,23482,24263,8508,76088,0.10057213107002695,0,42298,2,2,397.2162016522678,198.6081008261339,2,2,,,2,RIGHT,False,,
84596,dqn,381,,,3.0,3.0,0.05,0.001908309175632894,1.5010279417037964,2.4478557109832764,0.5370731949806213,1.52834951877594,2.4856820106506348,0.04978018254041672,0.16073596477508545,0.14991918206214905,10000,10000,1.0,397.21586742518286,397.21586742518286,20900,True,170,84500,0.0,0.0,2,RIGHT,greedy,13838,23013,23482,24263,8508,76088,0.10057213107002695,1,42298,2,2,397.21586742518286,198.60793371259143,2,2,,,2,RIGHT,False,,
84726,dqn,382,4.0,296,0.0,0.0,0.05,,,,,,,,,,10000,10000,1.0,397.168698977282,397.168698977282,20932,False,170,84500,0.0,0.0,2,RIGHT,greedy,13857,23018,23528,24323,8513,76213,0.10047683119703515,1,42363,2,2,397.168698977282,198.584349488641,2,2,,,2,RIGHT,False,,
84995,dqn,382,,,10.0,10.0,0.05,0.0020978511311113834,1.49912428855896,2.3871073722839355,0.5846389532089233,1.5344407558441162,2.3654494285583496,0.05101347714662552,0.13571202754974365,0.20323346555233002,10000,10000,1.0,397.161919129871,397.161919129871,21000,True,170,84500,0.0,0.0,3,LEFT,greedy,13860,23059,23606,24471,8527,76469,0.10032236811144053,0,42498,2,2,397.161919129871,198.5809595649355,2,2,,,3,LEFT,False,,
84996,dqn,382,,,2.0,2.0,0.05,0.0020978511311113834,1.49912428855896,2.3871073722839355,0.5846389532089233,1.5344407558441162,2.3654494285583496,0.05101347714662552,0.13571202754974365,0.20323346555233002,10000,10000,1.0,397.1618107498363,397.1618107498363,21000,True,170,84500,0.0,0.0,2,RIGHT,greedy,13860,23059,23606,24471,8527,76469,0.10032236811144053,1,42498,2,2,397.1618107498363,198.58090537491816,2,2,,,2,RIGHT,False,,
85153,dqn,383,13.0,603,0.0,0.0,0.05,,,,,,,,,,10000,10000,1.0,397.1157087898192,397.1157087898192,21039,False,171,85000,0.0,0.0,3,LEFT,greedy,13871,23065,23673,24545,8535,76619,0.10023017121920286,0,42577,2,2,397.1157087898192,198.5578543949096,2,2,,,3,LEFT,False,,
85188,dqn,384,3.0,231,0.0,0.0,0.05,,,,,,,,,,10000,10000,1.0,397.07124966993536,397.07124966993536,21048,True,171,85000,0.0,0.0,3,LEFT,greedy,13872,23069,23693,24554,8540,76648,0.10024886134197304,1,42594,2,2,397.07124966993536,198.53562483496768,2,2,,,3,LEFT,False,,
85395,dqn,384,,,2.0,2.0,0.05,0.0022871452383697033,1.518739938735962,2.476044178009033,0.5754846930503845,1.4961369037628174,2.46834397315979,0.049728311598300934,0.19187456369400024,0.5334325432777405,10000,10000,1.0,396.9688620579199,396.9688620579199,21100,True,171,85000,0.0,0.0,1,FIRE,greedy,13890,23136,23746,24624,8551,76845,0.10013349571408497,0,42698,2,2,396.9688620579199,198.48443102895996,2,2,,,1,FIRE,False,,
85396,dqn,384,,,2.0,2.0,0.05,0.0022871452383697033,1.518739938735962,2.476044178009033,0.5754846930503845,1.4961369037628174,2.46834397315979,0.049728311598300934,0.19187456369400024,0.5334325432777405,10000,10000,1.0,396.96874930773373,396.96874930773373,21100,True,171,85000,0.0,0.0,0,NOOP,greedy,13890,23136,23746,24624,8551,76845,0.10013349571408497,1,42698,2,2,396.96874930773373,198.48437465386687,2,2,,,0,NOOP,False,,
85732,dqn,385,4.0,272,0.0,0.0,0.05,,,,,,,,,,10000,10000,1.0,397.1532537292762,397.1532537292762,21184,True,172,85500,0.0,0.0,1,FIRE,greedy,13919,23182,23882,24749,8564,77168,0.09989268884430551,1,42866,2,2,397.1532537292762,198.5766268646381,2,2,,,1,FIRE,False,,
85795,dqn,385,,,6.0,6.0,0.05,0.004669677931815386,1.5153734683990479,2.5743255615234375,0.4867323040962219,1.5078015327453613,2.51615834236145,0.07010576874017715,0.24395006895065308,0.4275377094745636,10000,10000,1.0,397.1909154434449,397.1909154434449,21200,True,172,85500,0.0,0.0,2,RIGHT,greedy,13920,23193,23906,24777,8570,77226,0.0998881066716397,0,42898,2,2,397.1909154434449,198.59545772172245,2,2,,,2,RIGHT,False,,
85796,dqn,385,,,0.0,0.0,0.05,0.004669677931815386,1.5153734683990479,2.5743255615234375,0.4867323040962219,1.5078015327453613,2.51615834236145,0.07010576874017715,0.24395006895065308,0.4275377094745636,10000,10000,1.0,397.1908152294236,397.1908152294236,21200,True,172,85500,0.0,0.0,3,LEFT,greedy,13920,23193,23906,24777,8570,77226,0.0998881066716397,1,42898,2,2,397.1908152294236,198.5954076147118,2,2,,,3,LEFT,False,,
85859,dqn,386,6.0,353,0.0,0.0,0.05,,,,,,,,,,10000,10000,1.0,397.2102143685947,397.2102143685947,21216,True,172,85500,0.0,0.0,2,RIGHT,greedy,13920,23207,23948,24785,8572,77288,0.0998369438621011,0,42930,2,2,397.2102143685947,198.60510718429734,2,2,,,2,RIGHT,False,,
86195,dqn,386,,,3.0,3.0,0.05,0.005560290068387985,1.5613393783569336,2.755375385284424,0.3678146302700043,1.5384585857391357,2.7542755603790283,0.07617057114839554,0.3585226535797119,0.597895085811615,10000,10000,1.0,397.3856807648766,397.3856807648766,21300,True,173,86000,0.0,0.0,3,LEFT,greedy,13948,23325,24036,24887,8587,77609,0.09962179219453339,0,43098,2,2,397.3856807648766,198.6928403824383,2,2,,,3,LEFT,False,,
86196,dqn,386,,,3.0,3.0,0.05,0.005560290068387985,1.5613393783569336,2.755375385284424,0.3678146302700043,1.5384585857391357,2.7542755603790283,0.07617057114839554,0.3585226535797119,0.597895085811615,10000,10000,1.0,397.3855752388759,397.3855752388759,21300,True,173,86000,0.0,0.0,3,LEFT,greedy,13948,23325,24036,24887,8587,77609,0.09962179219453339,1,43098,2,2,397.3855752388759,198.69278761943795,2,2,,,3,LEFT,False,,
86320,dqn,387,4.0,294,0.0,0.0,0.05,,,,,,,,,,10000,10000,1.0,397.45079187604495,397.45079187604495,21331,True,173,86000,0.0,0.0,2,RIGHT,greedy,13952,23343,24085,24940,8591,77729,0.09952502316960149,1,43160,2,2,397.45079187604495,198.72539593802247,2,2,,,2,RIGHT,False,,
86503,dqn,388,6.0,322,0.0,0.0,0.05,,,,,,,,,,10000,10000,1.0,397.52117570107487,397.52117570107487,21377,True,174,86500,0.0,0.0,3,LEFT,greedy,13969,23384,24142,25009,8607,77897,0.09949828909645797,0,43252,2,2,397.52117570107487,198.76058785053743,2,2,,,3,LEFT,False,,
86595,dqn,388,,,1.0,1.0,0.05,0.0031682411208748817,1.4964351654052734,2.456808567047119,0.5542394518852234,1.4988514184951782,2.503966808319092,0.06432501971721649,0.193855881690979,0.2139246165752411,10000,10000,1.0,397.5751818220039,397.5751818220039,21400,True,174,86500,0.0,0.0,1,FIRE,greedy,13974,23435,24159,25028,8612,77984,0.0994503210309945,0,43298,2,2,397.5751818220039,198.78759091100196,2,2,,,1,FIRE,False,,
86596,dqn,388,,,2.0,2.0,0.05,0.0031682411208748817,1.4964351654052734,2.456808567047119,0.5542394518852234,1.4988514184951782,2.503966808319092,0.06432501971721649,0.193855881690979,0.2139246165752411,10000,10000,1.0,397.574994543806,397.574994543806,21400,True,174,86500,0.0,0.0,1,FIRE,greedy,13974,23435,24159,25028,8612,77984,0.0994503210309945,1,43298,2,2,397.574994543806,198.787497271903,2,2,,,1,FIRE,False,,
86995,dqn,388,,,5.0,5.0,0.05,0.0031464449129998684,1.6630048751831055,2.706454038619995,0.45358654856681824,1.663311243057251,2.6870570182800293,0.06382708996534348,0.20051801204681396,0.3225182294845581,10000,10000,1.0,397.76208742081167,397.76208742081167,21500,True,174,86500,0.0,0.0,2,RIGHT,greedy,13986,23509,24318,25183,8624,78372,0.09913099452848406,0,43498,2,2,397.76208742081167,198.88104371040583,2,2,,,2,RIGHT,False,,
86996,dqn,388,,,5.0,5.0,0.05,0.0031464449129998684,1.6630048751831055,2.706454038619995,0.45358654856681824,1.663311243057251,2.6870570182800293,0.06382708996534348,0.20051801204681396,0.3225182294845581,10000,10000,1.0,397.76198521273886,397.76198521273886,21500,True,174,86500,0.0,0.0,3,LEFT,greedy,13986,23509,24318,25183,8624,78372,0.09913099452848406,1,43498,2,2,397.76198521273886,198.88099260636943,2,2,,,3,LEFT,False,,
87008,dqn,389,5.0,344,0.0,0.0,0.05,,,,,,,,,,10000,10000,1.0,397.7542151882461,397.7542151882461,21503,True,175,87000,0.0,0.0,2,RIGHT,greedy,13986,23509,24324,25189,8624,78384,0.09911732254505333,1,43504,2,2,397.7542151882461,198.87710759412306,2,2,,,2,RIGHT,False,,
87395,dqn,389,,,9.0,9.0,0.05,0.0013991715386509895,1.7011820077896118,2.692776918411255,0.41768041253089905,1.7290256023406982,2.679917335510254,0.037014856934547424,0.15023398399353027,0.18167664110660553,10000,10000,1.0,397.96808468344085,397.96808468344085,21600,True,175,87000,0.0,0.0,2,RIGHT,greedy,14011,23572,24477,25336,8635,78761,0.09880314888553252,0,43698,2,2,397.96808468344085,198.98404234172042,2,2,,,2,RIGHT,False,,
87396,dqn,389,,,3.0,3.0,0.05,0.0013991715386509895,1.7011820077896118,2.692776918411255,0.41768041253089905,1.7290256023406982,2.679917335510254,0.037014856934547424,0.15023398399353027,0.18167664110660553,10000,10000,1.0,397.96798320061646,397.96798320061646,21600,True,175,87000,0.0,0.0,2,RIGHT,greedy,14011,23572,24477,25336,8635,78761,0.09880314888553252,1,43698,2,2,397.96798320061646,198.98399160030823,2,2,,,2,RIGHT,False,,
87583,dqn,390,14.0,540,0.0,0.0,0.05,,,,,,,,,,10000,10000,1.0,398.05453626811334,398.05453626811334,21647,True,176,87500,0.0,0.0,1,FIRE,greedy,14021,23598,24555,25410,8649,78935,0.0987509134088418,0,43792,2,2,398.05453626811334,199.02726813405667,2,2,,,1,FIRE,False,,
87795,dqn,390,,,2.0,2.0,0.05,0.0036882287822663784,1.4746848344802856,2.5768790245056152,0.48687943816185,1.5205869674682617,2.509060859680176,0.06743963062763214,0.1873033046722412,0.5649144053459167,10000,10000,1.0,398.1090623050222,398.1090623050222,21700,True,176,87500,0.0,0.0,0,NOOP,greedy,14040,23641,24634,25481,8662,79134,0.09866053123149118,0,43898,2,2,398.1090623050222,199.0545311525111,2,2,,,0,NOOP,False,,
87796,dqn,390,,,7.0,7.0,0.05,0.0036882287822663784,1.4746848344802856,2.5768790245056152,0.48687943816185,1.5205869674682617,2.509060859680176,0.06743963062763214,0.1873033046722412,0.5649144053459167,10000,10000,1.0,398.1089431606739,398.1089431606739,21700,True,176,87500,0.0,0.0,3,LEFT,greedy,14040,23641,24634,25481,8662,79134,0.09866053123149118,1,43898,2,2,398.1089431606739,199.05447158033695,2,2,,,3,LEFT,False,,
88038,dqn,391,10.0,515,0.0,0.0,0.05,,,,,,,,,,10000,10000,1.0,398.1535274917916,398.1535274917916,21760,False,177,88000,0.0,0.0,2,RIGHT,greedy,14047,23665,24731,25595,8679,79359,0.09858243031418251,1,44019,2,2,398.1535274917916,199.0767637458958,2,2,,,2,RIGHT,False,,
88195,dqn,391,,,8.0,5.0,0.05,0.0022937599569559097,1.6204369068145752,2.501702070236206,0.5853517651557922,1.6611597537994385,2.545668840408325,0.05373655632138252,0.17591476440429688,0.3540482819080353,10000,10000,1.0,398.13179961893564,398.13179961893564,21800,True,177,88000,0.0,0.0,3,LEFT,greedy,14103,23690,24770,25633,8685,79511,0.09847385368950973,0,44098,2,2,398.13179961893564,199.06589980946782,2,2,,,3,LEFT,False,,
88196,dqn,391,,,1.0,1.0,0.05,0.0022937599569559097,1.6204369068145752,2.501702070236206,0.5853517651557922,1.6611597537994385,2.545668840408325,0.05373655632138252,0.17591476440429688,0.3540482819080353,10000,10000,1.0,398.13169681717966,398.13169681717966,21800,True,177,88000,0.0,0.0,2,RIGHT,greedy,14103,23690,24770,25633,8685,79511,0.09847385368950973,1,44098,2,2,398.13169681717966,199.06584840858983,2,2,,,2,RIGHT,False,,
88265,dqn,392,9.0,341,0.0,0.0,0.05,,,,,,,,,,10000,10000,1.0,398.11018817519806,398.11018817519806,21817,False,177,88000,0.0,0.0,2,RIGHT,greedy,14107,23694,24799,25666,8687,79579,0.09841841705753064,0,44133,2,2,398.11018817519806,199.05509408759903,2,2,,,2,RIGHT,False,,
88595,dqn,392,,,4.0,4.0,0.05,0.0050857458263635635,1.5139333009719849,2.3882129192352295,0.5779932737350464,1.5939494371414185,2.5122249126434326,0.07653423398733139,0.2964894771575928,0.7379701137542725,10000,10000,1.0,398.0561077615925,398.0561077615925,21900,True,178,88500,0.0,0.0,2,RIGHT,greedy,14148,23763,24923,25762,8706,79890,0.09826628741703915,0,44298,2,2,398.0561077615925,199.02805388079625,2,2,,,2,RIGHT,False,,
88596,dqn,392,,,5.0,5.0,0.05,0.0050857458263635635,1.5139333009719849,2.3882129192352295,0.5779932737350464,1.5939494371414185,2.5122249126434326,0.07653423398733139,0.2964894771575928,0.7379701137542725,10000,10000,1.0,398.05591228512264,398.05591228512264,21900,True,178,88500,0.0,0.0,1,FIRE,fire_reset,14148,23763,24923,25762,8706,79890,0.09826628741703915,1,44298,2,2,398.05591228512264,199.02795614256132,2,2,,,1,FIRE,False,after_life_loss,
88846,dqn,393,7.0,404,0.0,0.0,0.05,,,,,,,,,,10000,10000,1.0,397.9819349599943,397.9819349599943,21962,False,178,88500,0.0,0.0,1,FIRE,greedy,14174,23808,25022,25842,8722,80124,0.0981698669608086,1,44423,2,2,397.9819349599943,198.99096747999715,2,2,,,1,FIRE,False,,
88995,dqn,393,,,8.0,8.0,0.05,0.004408953711390495,1.6365840435028076,2.7171459197998047,0.3302161991596222,1.6333582401275635,2.661351442337036,0.0601799339056015,0.334378719329834,0.319431334733963,10000,10000,1.0,397.97753839451775,397.97753839451775,22000,True,178,88500,0.0,0.0,2,RIGHT,greedy,14192,23838,25065,25901,8732,80264,0.09811676929300193,0,44498,2,2,397.97753839451775,198.98876919725888,2,2,,,2,RIGHT,False,,
88996,dqn,393,,,1.0,1.0,0.05,0.004408953711390495,1.6365840435028076,2.7171459197998047,0.3302161991596222,1.6333582401275635,2.661351442337036,0.0601799339056015,0.334378719329834,0.319431334733963,10000,10000,1.0,397.9774228922215,397.9774228922215,22000,True,178,88500,0.0,0.0,2,RIGHT,greedy,14192,23838,25065,25901,8732,80264,0.09811676929300193,1,44498,2,2,397.9774228922215,198.98871144611076,2,2,,,2,RIGHT,False,,
89395,dqn,393,,,22.0,13.0,0.05,0.0025565647520124912,1.7149560451507568,2.681694507598877,0.3693174719810486,1.7034626007080078,2.7388010025024414,0.05414368957281113,0.24735760688781738,0.3521811366081238,10000,10000,1.0,397.9140421497811,397.9140421497811,22100,True,179,89000,0.0,0.0,3,LEFT,greedy,14231,23909,25230,26026,8751,80645,0.09789028591883306,0,44698,2,2,397.9140421497811,198.95702107489055,2,2,,,3,LEFT,False,,
89396,dqn,393,,,5.0,5.0,0.05,0.0025565647520124912,1.7149560451507568,2.681694507598877,0.3693174719810486,1.7034626007080078,2.7388010025024414,0.05414368957281113,0.24735760688781738,0.3521811366081238,10000,10000,1.0,397.9139215327862,397.9139215327862,22100,True,179,89000,0.0,0.0,1,FIRE,fire_reset,14231,23909,25230,26026,8751,80645,0.09789028591883306,1,44698,2,2,397.9139215327862,198.9569607663931,2,2,,,0,NOOP,True,after_life_loss,
89465,dqn,394,29.0,600,0.0,0.0,0.05,,,,,,,,,,10000,10000,1.0,397.8875744585387,397.8875744585387,22117,False,179,89000,0.0,0.0,2,RIGHT,greedy,14233,23916,25264,26053,8756,80710,0.09786958174054948,0,44733,2,2,397.8875744585387,198.94378722926936,2,2,,,2,RIGHT,False,,
89682,dqn,395,7.0,418,0.0,0.0,0.05,,,,,,,,,,10000,10000,1.0,397.79389772690047,397.79389772690047,22171,False,180,89500,0.0,0.0,1,FIRE,greedy,14254,24000,25311,26117,8766,80916,0.09774536696327023,1,44841,2,2,397.79389772690047,198.89694886345023,2,2,,,1,FIRE,False,,
89795,dqn,395,,,3.0,3.0,0.05,0.0019545310642570257,1.5974514484405518,2.8181376457214355,0.43823564052581787,1.6171226501464844,2.803013563156128,0.04428039863705635,0.18330085277557373,0.16079801321029663,10000,10000,1.0,397.7604150241223,397.7604150241223,22200,True,180,89500,0.0,0.0,0,NOOP,random,14263,24035,25336,26162,8774,81022,0.09771036571784934,0,44898,2,2,397.7604150241223,198.88020751206116,2,2,,,0,NOOP,False,,
89796,dqn,395,,,1.0,1.0,0.05,0.0019545310642570257,1.5974514484405518,2.8181376457214355,0.43823564052581787,1.6171226501464844,2.803013563156128,0.04428039863705635,0.18330085277557373,0.16079801321029663,10000,10000,1.0,397.7603107185255,397.7603107185255,22200,True,180,89500,0.0,0.0,2,RIGHT,greedy,14263,24035,25336,26162,8774,81022,0.09771036571784934,1,44898,2,2,397.7603107185255,198.88015535926274,2,2,,,2,RIGHT,False,,
90079,dqn,396,5.0,307,0.0,0.0,0.05,,,,,,,,,,10000,10000,1.0,397.6753953633492,397.6753953633492,22271,True,181,90000,0.0,0.0,1,FIRE,greedy,14272,24148,25401,26259,8794,81286,0.09762433392539964,0,45040,2,2,397.6753953633492,198.8376976816746,2,2,,,1,FIRE,False,,
90195,dqn,396,,,1.0,1.0,0.05,0.010161620564758778,1.5204026699066162,2.55867338180542,0.5521717667579651,1.501788854598999,2.486889362335205,0.08603460341691971,0.6513260006904602,0.48927992582321167,10000,10000,1.0,397.68080504931385,397.68080504931385,22300,True,181,90000,0.0,0.0,3,LEFT,greedy,14277,24181,25420,26318,8800,81396,0.09756530223069759,0,45098,2,2,397.68080504931385,198.84040252465692,2,2,,,3,LEFT,False,,
90196,dqn,396,,,4.0,4.0,0.05,0.010161620564758778,1.5204026699066162,2.55867338180542,0.5521717667579651,1.501788854598999,2.486889362335205,0.08603460341691971,0.6513260006904602,0.48927992582321167,10000,10000,1.0,397.6807080859731,397.6807080859731,22300,True,181,90000,0.0,0.0,3,LEFT,greedy,14277,24181,25420,26318,8800,81396,0.09756530223069759,1,45098,2,2,397.6807080859731,198.84035404298655,2,2,,,3,LEFT,False,,
90470,dqn,397,6.0,394,0.0,0.0,0.05,,,,,,,,,,10000,10000,1.0,397.6529619368963,397.6529619368963,22368,False,181,90000,0.0,0.0,3,LEFT,greedy,14295,24225,25454,26496,8815,81655,0.09743561401569581,1,45235,2,2,397.6529619368963,198.82648096844815,2,2,,,3,LEFT,False,,
90595,dqn,397,,,4.0,4.0,0.05,0.0033083122689276934,1.6273517608642578,2.768998861312866,0.44247013330459595,1.633941888809204,2.7225723266601562,0.056594088673591614,0.26450657844543457,0.2551661729812622,10000,10000,1.0,397.6352120063251,397.6352120063251,22400,True,182,90500,0.0,0.0,0,NOOP,greedy,14331,24249,25492,26524,8823,81773,0.09738840566912446,0,45298,2,2,397.6352120063251,198.81760600316255,2,2,,,0,NOOP,False,,
90596,dqn,397,,,1.0,1.0,0.05,0.0033083122689276934,1.6273517608642578,2.768998861312866,0.44247013330459595,1.633941888809204,2.7225723266601562,0.056594088673591614,0.26450657844543457,0.2551661729812622,10000,10000,1.0,397.6350228201924,397.6350228201924,22400,True,182,90500,0.0,0.0,0,NOOP,greedy,14331,24249,25492,26524,8823,81773,0.09738840566912446,1,45298,2,2,397.6350228201924,198.8175114100962,2,2,,,0,NOOP,False,,
90981,dqn,398,9.0,451,0.0,0.0,0.05,,,,,,,,,,10000,10000,1.0,397.73965040166996,397.73965040166996,22496,False,182,90500,0.0,0.0,2,RIGHT,greedy,14361,24341,25592,26688,8841,82141,0.09717306720010552,0,45491,2,2,397.73965040166996,198.86982520083498,2,2,,,2,RIGHT,False,,
90995,dqn,398,,,0.0,0.0,0.05,0.002633138559758663,1.4942245483398438,2.3532137870788574,0.607649028301239,1.5454838275909424,2.403928518295288,0.05858428776264191,0.20731627941131592,0.40967586636543274,10000,10000,1.0,397.7333979815519,397.7333979815519,22500,True,182,90500,0.0,0.0,2,RIGHT,greedy,14361,24343,25599,26693,8841,82155,0.09715811684030068,0,45498,2,2,397.7333979815519,198.86669899077594,2,2,,,2,RIGHT,False,,
90996,dqn,398,,,6.0,6.0,0.05,0.002633138559758663,1.4942245483398438,2.3532137870788574,0.607649028301239,1.5454838275909424,2.403928518295288,0.05858428776264191,0.20731627941131592,0.40967586636543274,10000,10000,1.0,397.7332710746981,397.7332710746981,22500,True,182,90500,0.0,0.0,2,RIGHT,greedy,14361,24343,25599,26693,8841,82155,0.09715811684030068,1,45498,2,2,397.7332710746981,198.86663553734905,2,2,,,2,RIGHT,False,,
91395,dqn,398,,,4.0,4.0,0.05,0.0032540897373110056,1.5501435995101929,2.590378522872925,0.5935593247413635,1.6057240962982178,2.63618803024292,0.054642267525196075,0.27564966678619385,0.5164687633514404,10000,10000,1.0,397.85549134134715,397.85549134134715,22600,True,183,91000,0.0,0.0,1,FIRE,greedy,14383,24442,25757,26814,8860,82536,0.09694078515471137,0,45698,2,2,397.85549134134715,198.92774567067357,2,2,,,1,FIRE,False,,
91396,dqn,398,,,13.0,10.0,0.05,0.0032540897373110056,1.5501435995101929,2.590378522872925,0.5935593247413635,1.6057240962982178,2.63618803024292,0.054642267525196075,0.27564966678619385,0.5164687633514404,10000,10000,1.0,397.85539487465593,397.85539487465593,22600,True,183,91000,0.0,0.0,1,FIRE,greedy,14383,24442,25757,26814,8860,82536,0.09694078515471137,1,45698,2,2,397.85539487465593,198.92769743732796,2,2,,,1,FIRE,False,,
91750,dqn,399,17.0,640,0.0,0.0,0.05,,,,,,,,,,10000,10000,1.0,398.01739479869894,398.01739479869894,22688,False,184,91500,0.0,0.0,0,NOOP,random,14396,24545,25837,26972,8888,82862,0.09687193460490463,1,45875,2,2,398.01739479869894,199.00869739934947,2,2,,,0,NOOP,False,,
91755,dqn,400,7.0,387,0.0,0.0,0.05,,,,,,,,,,10000,10000,1.0,397.99877250537446,397.99877250537446,22690,True,184,91500,0.0,0.0,3,LEFT,greedy,14396,24548,25837,26975,8888,82868,0.0968656000697502,0,45878,2,2,397.99877250537446,198.99938625268723,2,2,,,3,LEFT,False,,
91795,dqn,400,,,0.0,0.0,0.05,0.0034076599404215813,1.5589655637741089,2.743741750717163,0.5505703687667847,1.5427334308624268,2.5260655879974365,0.05673003941774368,0.27107834815979004,0.5268073081970215,10000,10000,1.0,398.00340876305853,398.00340876305853,22700,True,184,91500,0.0,0.0,1,FIRE,greedy,14396,24571,25840,26989,8890,82906,0.09684517843914768,0,45898,2,2,398.00340876305853,199.00170438152927,2,2,,,1,FIRE,False,,
91796,dqn,400,,,0.0,0.0,0.05,0.0034076599404215813,1.5589655637741089,2.743741750717163,0.5505703687667847,1.5427334308624268,2.5260655879974365,0.05673003941774368,0.27107834815979004,0.5268073081970215,10000,10000,1.0,398.0033000478374,398.0033000478374,22700,True,184,91500,0.0,0.0,3,LEFT,greedy,14396,24571,25840,26989,8890,82906,0.09684517843914768,1,45898,2,2,398.0033000478374,199.0016500239187,2,2,,,3,LEFT,False,,
92195,dqn,400,,,4.0,4.0,0.05,0.0030206008814275265,1.6490650177001953,2.5452182292938232,0.43953123688697815,1.6419129371643066,2.6111085414886475,0.06417717039585114,0.1760392189025879,0.3178921937942505,10000,10000,1.0,398.1889881443641,398.1889881443641,22800,True,185,92000,0.0,0.0,3,LEFT,greedy,14454,24722,25919,27101,8909,83287,0.09663109028591262,0,46098,2,2,398.1889881443641,199.09449407218204,2,2,,,3,LEFT,False,,
92196,dqn,400,,,5.0,5.0,0.05,0.0030206008814275265,1.6490650177001953,2.5452182292938232,0.43953123688697815,1.6419129371643066,2.6111085414886475,0.06417717039585114,0.1760392189025879,0.3178921937942505,10000,10000,1.0,398.1888694812479,398.1888694812479,22800,True,185,92000,0.0,0.0,1,FIRE,greedy,14454,24722,25919,27101,8909,83287,0.09663109028591262,1,46098,2,2,398.1888694812479,199.09443474062394,2,2,,,1,FIRE,False,,
92558,dqn,401,8.0,404,0.0,0.0,0.05,,,,,,,,,,10000,10000,1.0,398.31150983692686,398.31150983692686,22890,False,186,92500,0.0,0.0,3,LEFT,greedy,14484,24791,25994,27289,8925,83633,0.0964260247628514,1,46279,2,2,398.31150983692686,199.15575491846343,2,2,,,3,LEFT,False,,
92595,dqn,401,,,9.0,9.0,0.05,0.004853545688092709,1.5723673105239868,2.4686014652252197,0.4854055941104889,1.579902172088623,2.48988938331604,0.07076870650053024,0.31894099712371826,0.2862843871116638,10000,10000,1.0,398.3202496613872,398.3202496613872,22900,True,186,92500,0.0,0.0,3,LEFT,greedy,14488,24802,25998,27308,8929,83667,0.09642965138882889,0,46298,2,2,398.3202496613872,199.1601248306936,2,2,,,3,LEFT,False,,
92596,dqn,401,,,0.0,0.0,0.05,0.004853545688092709,1.5723673105239868,2.4686014652252197,0.4854055941104889,1.579902172088623,2.48988938331604,0.07076870650053024,0.31894099712371826,0.2862843871116638,10000,10000,1.0,398.3200608385637,398.3200608385637,22900,True,186,92500,0.0,0.0,2,RIGHT,greedy,14488,24802,25998,27308,8929,83667,0.09642965138882889,1,46298,2,2,398.3200608385637,199.16003041928184,2,2,,,2,RIGHT,False,,
92601,dqn,402,9.0,423,0.0,0.0,0.05,,,,,,,,,,10000,10000,1.0,398.31626627407763,398.31626627407763,22901,False,186,92500,0.0,0.0,3,LEFT,greedy,14489,24802,25998,27313,8930,83672,0.09643420228504784,0,46301,2,2,398.31626627407763,199.15813313703882,2,2,,,3,LEFT,False,,
92995,dqn,402,,,4.0,4.0,0.05,0.0015672168228775263,1.3019483089447021,2.144566297531128,0.35530638694763184,1.302235722541809,2.1624655723571777,0.04781954735517502,0.14532411098480225,0.23337267339229584,10000,10000,1.0,398.4448870353955,398.4448870353955,23000,True,186,92500,0.0,0.0,2,RIGHT,greedy,14522,24926,26098,27450,8957,84039,0.09631597057937975,0,46498,2,2,398.4448870353955,199.22244351769774,2,2,,,2,RIGHT,False,,
92996,dqn,402,,,5.0,5.0,0.05,0.0015672168228775263,1.3019483089447021,2.144566297531128,0.35530638694763184,1.302235722541809,2.1624655723571777,0.04781954735517502,0.14532411098480225,0.23337267339229584,10000,10000,1.0,398.4447799967611,398.4447799967611,23000,True,186,92500,0.0,0.0,3,LEFT,greedy,14522,24926,26098,27450,8957,84039,0.09631597057937975,1,46498,2,2,398.4447799967611,199.22238999838055,2,2,,,3,LEFT,False,,
93349,dqn,403,7.0,374,0.0,0.0,0.05,,,,,,,,,,10000,10000,1.0,398.61951745543206,398.61951745543206,23088,False,187,93000,0.0,0.0,2,RIGHT,random,14551,24990,26187,27622,8976,84374,0.09615425816818425,0,46675,2,2,398.61951745543206,199.30975872771603,2,2,,,2,RIGHT,False,,
93395,dqn,403,,,0.0,0.0,0.05,0.004394792951643467,1.6953974962234497,2.669623613357544,0.3942849636077881,1.6689157485961914,2.7194337844848633,0.06439881771802902,0.29082751274108887,0.5184798836708069,10000,10000,1.0,398.62215753565675,398.62215753565675,23100,True,187,93000,0.0,0.0,3,LEFT,greedy,14551,24999,26195,27651,8977,84419,0.09611760674975374,0,46698,2,2,398.62215753565675,199.31107876782838,2,2,,,3,LEFT,False,,
93396,dqn,403,,,9.0,9.0,0.05,0.004394792951643467,1.6953974962234497,2.669623613357544,0.3942849636077881,1.6689157485961914,2.7194337844848633,0.06439881771802902,0.29082751274108887,0.5184798836708069,10000,10000,1.0,398.6220643015815,398.6220643015815,23100,True,187,93000,0.0,0.0,2,RIGHT,greedy,14551,24999,26195,27651,8977,84419,0.09611760674975374,1,46698,2,2,398.6220643015815,199.31103215079074,2,2,,,2,RIGHT,False,,
93618,dqn,404,11.0,530,0.0,0.0,0.05,,,,,,,,,,10000,10000,1.0,398.6158778330223,398.6158778330223,23155,False,188,93500,0.0,0.0,2,RIGHT,greedy,14588,25040,26241,27749,8989,84629,0.09601785981328377,1,46809,2,2,398.6158778330223,199.30793891651115,2,2,,,2,RIGHT,False,,
93795,dqn,404,,,5.0,5.0,0.05,0.0012806529412046075,1.6661441326141357,2.4794931411743164,0.46931782364845276,1.6843111515045166,2.455078125,0.03855076804757118,0.11784696578979492,0.13726875185966492,10000,10000,1.0,398.623801686061,398.623801686061,23200,True,188,93500,0.0,0.0,1,FIRE,greedy,14619,25100,26289,27788,8997,84799,0.09592093479466075,0,46898,2,2,398.623801686061,199.3119008430305,2,2,,,1,FIRE,False,,
93796,dqn,404,,,1.0,1.0,0.05,0.0012806529412046075,1.6661441326141357,2.4794931411743164,0.46931782364845276,1.6843111515045166,2.455078125,0.03855076804757118,0.11784696578979492,0.13726875185966492,10000,10000,1.0,398.623702241542,398.623702241542,23200,True,188,93500,0.0,0.0,0,NOOP,greedy,14619,25100,26289,27788,8997,84799,0.09592093479466075,1,46898,2,2,398.623702241542,199.311851120771,2,2,,,0,NOOP,False,,
94195,dqn,404,,,8.0,8.0,0.05,0.0014948066091164947,1.5546507835388184,2.4096789360046387,0.26763641834259033,1.5893701314926147,2.367734670639038,0.038160525262355804,0.19294404983520508,0.19029119610786438,10000,10000,1.0,398.5048551015723,398.5048551015723,23300,True,189,94000,0.0,0.0,3,LEFT,greedy,14653,25174,26397,27972,9022,85174,0.09577901397086926,0,47098,2,2,398.5048551015723,199.25242755078614,2,2,,,3,LEFT,False,,
94196,dqn,404,,,5.0,5.0,0.05,0.0014948066091164947,1.5546507835388184,2.4096789360046387,0.26763641834259033,1.5893701314926147,2.367734670639038,0.038160525262355804,0.19294404983520508,0.19029119610786438,10000,10000,1.0,398.50474956352184,398.50474956352184,23300,True,189,94000,0.0,0.0,1,FIRE,greedy,14653,25174,26397,27972,9022,85174,0.09577901397086926,1,47098,2,2,398.50474956352184,199.25237478176092,2,2,,,1,FIRE,False,,
94279,dqn,405,9.0,465,0.0,0.0,0.05,,,,,,,,,,10000,10000,1.0,398.45699161355174,398.45699161355174,23321,True,189,94000,0.0,0.0,1,FIRE,greedy,14666,25179,26416,28019,9025,85255,0.09572549851506151,0,47140,2,2,398.45699161355174,199.22849580677587,2,2,,,1,FIRE,False,,
94344,dqn,406,6.0,363,0.0,0.0,0.05,,,,,,,,,,10000,10000,1.0,398.4204690940538,398.4204690940538,23337,True,189,94000,0.0,0.0,1,FIRE,greedy,14666,25209,26437,28032,9026,85318,0.09567116085813618,1,47172,2,2,398.4204690940538,199.2102345470269,2,2,,,1,FIRE,False,,
94595,dqn,406,,,2.0,2.0,0.05,0.0028672623448073864,1.613835096359253,2.5857608318328857,0.6102145910263062,1.6440091133117676,2.5491580963134766,0.05491163581609726,0.2693781852722168,0.3411999046802521,10000,10000,1.0,398.36564467976115,398.36564467976115,23400,True,190,94500,0.0,0.0,1,FIRE,fire_reset,14687,25284,26495,28130,9033,85563,0.09549029557275149,0,47298,2,2,398.36564467976115,199.18282233988057,2,2,,,3,LEFT,True,after_life_loss,
94596,dqn,406,,,2.0,2.0,0.05,0.0028672623448073864,1.613835096359253,2.5857608318328857,0.6102145910263062,1.6440091133117676,2.5491580963134766,0.05491163581609726,0.2693781852722168,0.3411999046802521,10000,10000,1.0,398.3654655113017,398.3654655113017,23400,True,190,94500,0.0,0.0,1,FIRE,greedy,14687,25284,26495,28130,9033,85563,0.09549029557275149,1,47298,2,2,398.3654655113017,199.18273275565085,2,2,,,1,FIRE,False,,
94891,dqn,407,5.0,306,0.0,0.0,0.05,,,,,,,,,,10000,10000,1.0,398.36063808450945,398.36063808450945,23474,True,190,94500,0.0,0.0,2,RIGHT,greedy,14706,25340,26601,28245,9054,85838,0.0954137335075665,0,47446,2,2,398.36063808450945,199.18031904225472,2,2,,,2,RIGHT,False,,
94995,dqn,407,,,1.0,1.0,0.05,0.012252743355929852,1.554317593574524,2.727259635925293,0.3525254428386688,1.625990390777588,2.7168023586273193,0.08168327063322067,0.709306001663208,0.8942933678627014,10000,10000,1.0,398.35440982536915,398.35440982536915,23500,True,190,94500,0.0,0.0,1,FIRE,greedy,14718,25366,26629,28283,9058,85938,0.09535138321613541,0,47498,2,2,398.35440982536915,199.17720491268457,2,2,,,1,FIRE,False,,
94996,dqn,407,,,6.0,6.0,0.05,0.012252743355929852,1.554317593574524,2.727259635925293,0.3525254428386688,1.625990390777588,2.7168023586273193,0.08168327063322067,0.709306001663208,0.8942933678627014,10000,10000,1.0,398.354311101526,398.354311101526,23500,True,190,94500,0.0,0.0,3,LEFT,greedy,14718,25366,26629,28283,9058,85938,0.09535138321613541,1,47498,2,2,398.354311101526,199.177155550763,2,2,,,3,LEFT,False,,
95254,dqn,408,11.0,455,0.0,0.0,0.05,,,,,,,,,,10000,10000,1.0,398.26533125411345,398.26533125411345,23564,False,191,95000,0.0,0.0,1,FIRE,greedy,14743,25472,26689,28350,9071,86183,0.09522959665735822,1,47627,2,2,398.26533125411345,199.13266562705672,2,2,,,1,FIRE,False,,
95395,dqn,408,,,5.0,5.0,0.05,0.0035008692648261786,1.6015424728393555,2.551604747772217,0.4402492046356201,1.5609641075134277,2.484651565551758,0.06172243505716324,0.3134051561355591,0.7331193089485168,10000,10000,1.0,398.20733200280273,398.20733200280273,23600,True,191,95000,0.0,0.0,1,FIRE,greedy,14765,25512,26720,28399,9078,86318,0.09516122269277538,0,47698,2,2,398.20733200280273,199.10366600140136,2,2,,,1,FIRE,False,,
95396,dqn,408,,,1.0,1.0,0.05,0.0035008692648261786,1.6015424728393555,2.551604747772217,0.4402492046356201,1.5609641075134277,2.484651565551758,0.06172243505716324,0.3134051561355591,0.7331193089485168,10000,10000,1.0,398.20721465003004,398.20721465003004,23600,True,191,95000,0.0,0.0,3,LEFT,greedy,14765,25512,26720,28399,9078,86318,0.09516122269277538,1,47698,2,2,398.20721465003004,199.10360732501502,2,2,,,3,LEFT,False,,
95795,dqn,408,,,9.0,9.0,0.05,0.002228404628112912,1.695481777191162,2.3839969635009766,0.5370773077011108,1.7201290130615234,2.420112133026123,0.05076470971107483,0.1657557487487793,0.21014125645160675,10000,10000,1.0,398.078156980286,398.078156980286,23700,True,192,95500,0.0,0.0,1,FIRE,greedy,14778,25596,26833,28589,9094,86702,0.09493089481815524,0,47898,2,2,398.078156980286,199.039078490143,2,2,,,1,FIRE,False,,
95796,dqn,408,,,6.0,6.0,0.05,0.002228404628112912,1.695481777191162,2.3839969635009766,0.5370773077011108,1.7201290130615234,2.420112133026123,0.05076470971107483,0.1657557487487793,0.21014125645160675,10000,10000,1.0,398.0780641796652,398.0780641796652,23700,True,192,95500,0.0,0.0,1,FIRE,greedy,14778,25596,26833,28589,9094,86702,0.09493089481815524,1,47898,2,2,398.0780641796652,199.0390320898326,2,2,,,1,FIRE,False,,
95931,dqn,409,10.0,520,0.0,0.0,0.05,,,,,,,,,,10000,10000,1.0,398.10423123632205,398.10423123632205,23734,True,192,95500,0.0,0.0,2,RIGHT,greedy,14789,25631,26867,28645,9095,86837,0.09480673810615853,0,47966,2,2,398.10423123632205,199.05211561816103,2,2,,,2,RIGHT,False,,
96195,dqn,409,,,2.0,2.0,0.05,0.008418341167271137,1.6177927255630493,2.5111677646636963,0.5561826229095459,1.6674842834472656,2.592775821685791,0.07323703914880753,0.40819621086120605,0.6753665804862976,10000,10000,1.0,398.2352971737704,398.2352971737704,23800,True,193,96000,0.0,0.0,3,LEFT,greedy,14856,25665,26913,28762,9104,87092,0.09464010977587425,0,48098,2,2,398.2352971737704,199.1176485868852,2,2,,,3,LEFT,False,,
96196,dqn,409,,,9.0,9.0,0.05,0.008418341167271137,1.6177927255630493,2.5111677646636963,0.5561826229095459,1.6674842834472656,2.592775821685791,0.07323703914880753,0.40819621086120605,0.6753665804862976,10000,10000,1.0,398.2351980911155,398.2351980911155,23800,True,193,96000,0.0,0.0,3,LEFT,greedy,14856,25665,26913,28762,9104,87092,0.09464010977587425,1,48098,2,2,398.2351980911155,199.11759904555774,2,2,,,3,LEFT,False,,
96286,dqn,410,10.0,516,0.0,0.0,0.05,,,,,,,,,,10000,10000,1.0,398.2644192029064,398.2644192029064,23822,False,193,96000,0.0,0.0,3,LEFT,greedy,14866,25676,26943,28801,9108,87178,0.09459319111812725,1,48143,2,2,398.2644192029064,199.1322096014532,2,2,,,3,LEFT,False,,
96595,dqn,410,,,6.0,6.0,0.05,0.00098432379309088,1.6399482488632202,2.4116506576538086,0.8477938175201416,1.6794220209121704,2.4023585319519043,0.03600557893514633,0.09989559650421143,0.29779985547065735,10000,10000,1.0,398.41828896181914,398.41828896181914,23900,True,194,96500,0.0,0.0,3,LEFT,greedy,14923,25718,27034,28921,9124,87472,0.09445525694645741,0,48298,2,2,398.41828896181914,199.20914448090957,2,2,,,3,LEFT,False,,
96596,dqn,410,,,4.0,4.0,0.05,0.00098432379309088,1.6399482488632202,2.4116506576538086,0.8477938175201416,1.6794220209121704,2.4023585319519043,0.03600557893514633,0.09989559650421143,0.29779985547065735,10000,10000,1.0,398.41810096738993,398.41810096738993,23900,True,194,96500,0.0,0.0,1,FIRE,greedy,14923,25718,27034,28921,9124,87472,0.09445525694645741,1,48298,2,2,398.41810096738993,199.20905048369497,2,2,,,1,FIRE,False,,
96751,dqn,411,8.0,410,0.0,0.0,0.05,,,,,,,,,,10000,10000,1.0,398.4737718148628,398.4737718148628,23939,True,194,96500,0.0,0.0,2,RIGHT,greedy,14934,25755,27076,28987,9127,87625,0.09433396725649082,0,48376,2,2,398.4737718148628,199.2368859074314,2,2,,,2,RIGHT,False,,
96995,dqn,411,,,2.0,2.0,0.05,0.004075151402503252,1.6055610179901123,2.6003618240356445,0.6210432052612305,1.5764868259429932,2.5200536251068115,0.07504796981811523,0.25382518768310547,0.7070623636245728,10000,10000,1.0,398.5909912833104,398.5909912833104,24000,True,194,96500,0.0,0.0,0,NOOP,random,15039,25767,27150,29040,9136,87860,0.09418945111138603,0,48498,2,2,398.5909912833104,199.2954956416552,2,2,,,0,NOOP,False,,
96996,dqn,411,,,8.0,8.0,0.05,0.004075151402503252,1.6055610179901123,2.6003618240356445,0.6210432052612305,1.5764868259429932,2.5200536251068115,0.07504796981811523,0.25382518768310547,0.7070623636245728,10000,10000,1.0,398.5908954633736,398.5908954633736,24000,True,194,96500,0.0,0.0,0,NOOP,greedy,15039,25767,27150,29040,9136,87860,0.09418945111138603,1,48498,2,2,398.5908954633736,199.2954477316868,2,2,,,0,NOOP,False,,
97280,dqn,412,10.0,497,0.0,0.0,0.05,,,,,,,,,,10000,10000,1.0,398.7232981640746,398.7232981640746,24071,True,195,97000,0.0,0.0,0,NOOP,greedy,15072,25855,27207,29146,9150,88130,0.09405838815789473,1,48640,2,2,398.7232981640746,199.3616490820373,2,2,,,0,NOOP,False,,
97395,dqn,412,,,6.0,6.0,0.05,0.002382742241024971,1.6224558353424072,2.669215440750122,0.6367905139923096,1.6473761796951294,2.6914377212524414,0.051635488867759705,0.22163665294647217,0.19956979155540466,10000,10000,1.0,398.7635170212272,398.7635170212272,24100,True,195,97000,0.0,0.0,3,LEFT,greedy,15076,25895,27242,29183,9150,88246,0.09394636330034088,0,48698,2,2,398.7635170212272,199.3817585106136,2,2,,,3,LEFT,False,,
97396,dqn,412,,,1.0,1.0,0.05,0.002382742241024971,1.6224558353424072,2.669215440750122,0.6367905139923096,1.6473761796951294,2.6914377212524414,0.051635488867759705,0.22163665294647217,0.19956979155540466,10000,10000,1.0,398.763420042617,398.763420042617,24100,True,195,97000,0.0,0.0,3,LEFT,greedy,15076,25895,27242,29183,9150,88246,0.09394636330034088,1,48698,2,2,398.763420042617,199.3817100213085,2,2,,,3,LEFT,False,,
97453,dqn,413,6.0,351,0.0,0.0,0.05,,,,,,,,,,10000,10000,1.0,398.77886443045264,398.77886443045264,24114,False,195,97000,0.0,0.0,3,LEFT,greedy,15080,25904,27264,29206,9150,88304,0.09389045087938926,0,48727,2,2,398.77886443045264,199.38943221522632,2,2,,,3,LEFT,False,,
97795,dqn,413,,,3.0,3.0,0.05,0.004564912989735603,1.7770860195159912,2.693678617477417,0.8430081009864807,1.8000926971435547,2.9725160598754883,0.06505706161260605,0.3006901741027832,0.37325891852378845,10000,10000,1.0,398.85205731769133,398.85205731769133,24200,True,196,97500,0.0,0.0,2,RIGHT,greedy,15143,25962,27372,29319,9175,88621,0.09381774305697574,0,48898,2,2,398.85205731769133,199.42602865884567,2,2,,,2,RIGHT,False,,
97796,dqn,413,,,5.0,5.0,0.05,0.004564912989735603,1.7770860195159912,2.693678617477417,0.8430081009864807,1.8000926971435547,2.9725160598754883,0.06505706161260605,0.3006901741027832,0.37325891852378845,10000,10000,1.0,398.8519624820167,398.8519624820167,24200,True,196,97500,0.0,0.0,0,NOOP,greedy,15143,25962,27372,29319,9175,88621,0.09381774305697574,1,48898,2,2,398.8519624820167,199.42598124100834,2,2,,,0,NOOP,False,,
98148,dqn,414,12.0,434,0.0,0.0,0.05,,,,,,,,,,10000,10000,1.0,398.99980130841436,398.99980130841436,24288,True,197,98000,0.0,0.0,0,NOOP,greedy,15234,25994,27458,29462,9189,88959,0.0936239149040225,1,49074,2,2,398.99980130841436,199.49990065420718,2,2,,,0,NOOP,False,,
98169,dqn,415,7.0,358,0.0,0.0,0.05,,,,,,,,,,10000,10000,1.0,399.0034786306554,399.0034786306554,24293,False,197,98000,0.0,0.0,3,LEFT,greedy,15235,25996,27466,29473,9189,88981,0.09360293368646226,0,49085,2,2,399.0034786306554,199.5017393153277,2,2,,,3,LEFT,False,,
98195,dqn,415,,,0.0,0.0,0.05,0.002430535387247801,1.644174575805664,2.596848487854004,0.5419639348983765,1.6363768577575684,2.6424083709716797,0.05810057371854782,0.16812467575073242,0.2564096748828888,10000,10000,1.0,399.00936469683637,399.00936469683637,24300,True,197,98000,0.0,0.0,3,LEFT,greedy,15236,26003,27480,29477,9191,89005,0.09359851725121186,0,49098,2,2,399.00936469683637,199.50468234841819,2,2,,,3,LEFT,False,,
98196,dqn,415,,,0.0,0.0,0.05,0.002430535387247801,1.644174575805664,2.596848487854004,0.5419639348983765,1.6363768577575684,2.6424083709716797,0.05810057371854782,0.16812467575073242,0.2564096748828888,10000,10000,1.0,399.00927536126164,399.00927536126164,24300,True,197,98000,0.0,0.0,2,RIGHT,greedy,15236,26003,27480,29477,9191,89005,0.09359851725121186,1,49098,2,2,399.00927536126164,199.50463768063082,2,2,,,2,RIGHT,False,,
98595,dqn,415,,,4.0,4.0,0.05,0.001988940639421344,1.7209807634353638,2.8566551208496094,0.6471141576766968,1.7319669723510742,2.7893898487091064,0.04892919212579727,0.16457772254943848,0.26754242181777954,10000,10000,1.0,399.1044122247438,399.1044122247438,24400,True,198,98500,0.0,0.0,3,LEFT,greedy,15283,26077,27627,29609,9206,89390,0.09337092782668668,0,49298,2,2,399.1044122247438,199.5522061123719,2,2,,,3,LEFT,False,,
98596,dqn,415,,,5.0,5.0,0.05,0.001988940639421344,1.7209807634353638,2.8566551208496094,0.6471141576766968,1.7319669723510742,2.7893898487091064,0.04892919212579727,0.16457772254943848,0.26754242181777954,10000,10000,1.0,399.104217553875,399.104217553875,24400,True,198,98500,0.0,0.0,2,RIGHT,greedy,15283,26077,27627,29609,9206,89390,0.09337092782668668,1,49298,2,2,399.104217553875,199.5521087769375,2,2,,,2,RIGHT,False,,
98995,dqn,415,,,7.0,7.0,0.05,0.0030873960349708796,1.6126714944839478,2.50754976272583,0.7563660144805908,1.6456589698791504,2.527479887008667,0.05451666936278343,0.2286543846130371,0.20798495411872864,10000,10000,1.0,399.05642769866625,399.05642769866625,24500,True,198,98500,0.0,0.0,0,NOOP,random,15336,26198,27720,29742,9229,89767,0.09322598892884561,0,49498,2,2,399.05642769866625,199.52821384933313,2,2,,,0,NOOP,False,,
98996,dqn,415,,,8.0,8.0,0.05,0.0030873960349708796,1.6126714944839478,2.50754976272583,0.7563660144805908,1.6456589698791504,2.527479887008667,0.05451666936278343,0.2286543846130371,0.20798495411872864,10000,10000,1.0,399.0563334341283,399.0563334341283,24500,True,198,98500,0.0,0.0,1,FIRE,greedy,15336,26198,27720,29742,9229,89767,0.09322598892884561,1,49498,2,2,399.0563334341283,199.52816671706415,2,2,,,1,FIRE,False,,
99321,dqn,416,11.0,576,0.0,0.0,0.05,,,,,,,,,,10000,10000,1.0,399.04000413230483,399.04000413230483,24581,False,199,99000,0.0,0.0,3,LEFT,greedy,15356,26306,27812,29848,9250,90072,0.09313143110287751,0,49661,2,2,399.04000413230483,199.52000206615241,2,2,,,3,LEFT,False,,
99395,dqn,416,,,0.0,0.0,0.05,0.0017950962064787745,1.6719619035720825,2.7166523933410645,0.710990846157074,1.6750988960266113,2.688892364501953,0.04709259048104286,0.16101574897766113,0.17587265372276306,10000,10000,1.0,399.03203826580665,399.03203826580665,24600,True,199,99000,0.0,0.0,3,LEFT,greedy,15358,26341,27831,29866,9255,90141,0.09311239888929132,0,49698,2,2,399.03203826580665,199.51601913290332,2,2,,,3,LEFT,False,,
99396,dqn,416,,,13.0,13.0,0.05,0.0017950962064787745,1.6719619035720825,2.7166523933410645,0.710990846157074,1.6750988960266113,2.688892364501953,0.04709259048104286,0.16101574897766113,0.17587265372276306,10000,10000,1.0,399.0319480763988,399.0319480763988,24600,True,199,99000,0.0,0.0,2,RIGHT,greedy,15358,26341,27831,29866,9255,90141,0.09311239888929132,1,49698,2,2,399.0319480763988,199.5159740381994,2,2,,,2,RIGHT,False,,
99420,dqn,417,13.0,636,0.0,0.0,0.05,,,,,,,,,,10000,10000,1.0,399.0181583085151,399.0181583085151,24606,True,199,99000,0.0,0.0,2,RIGHT,greedy,15358,26353,27837,29872,9255,90165,0.09308992154496078,1,49710,2,2,399.0181583085151,199.50907915425756,2,2,,,2,RIGHT,False,,
99795,dqn,417,,,4.0,4.0,0.05,0.0030531103257089853,1.6762237548828125,2.6790049076080322,0.596981942653656,1.7017085552215576,2.6783857345581055,0.05819538235664368,0.20668017864227295,0.2694348096847534,10000,10000,1.0,398.9902645314206,398.9902645314206,24700,True,200,99500,0.0,0.0,2,RIGHT,greedy,15423,26522,27908,29943,9271,90525,0.09289951501062167,0,49898,2,2,398.9902645314206,199.4951322657103,2,2,,,2,RIGHT,False,,
99796,dqn,417,,,3.0,3.0,0.05,0.0030531103257089853,1.6762237548828125,2.6790049076080322,0.596981942653656,1.7017085552215576,2.6783857345581055,0.05819538235664368,0.20668017864227295,0.2694348096847534,10000,10000,1.0,398.99017392490134,398.99017392490134,24700,True,200,99500,0.0,0.0,3,LEFT,greedy,15423,26522,27908,29943,9271,90525,0.09289951501062167,1,49898,2,2,398.99017392490134,199.49508696245067,2,2,,,3,LEFT,False,,
99999,dqn,417,,,5.0,5.0,0.05,0.004737836308777332,1.5167748928070068,2.554407835006714,0.40819162130355835,1.5698955059051514,2.568946361541748,0.05924893170595169,0.313653826713562,0.4573170244693756,10000,10000,1.0,398.33116561034063,398.33116561034063,24751,True,201,100000,0.0,0.0,3,LEFT,random,15448,26590,27964,29998,9280,90720,0.0928,0,50000,2,2,398.33116561034063,199.16558280517032,2,2,,,3,LEFT,False,,
100000,dqn,417,,,5.0,5.0,0.05,0.004737836308777332,1.5167748928070068,2.554407835006714,0.40819162130355835,1.5698955059051514,2.568946361541748,0.05924893170595169,0.313653826713562,0.4573170244693756,10000,10000,1.0,398.33106707788573,398.33106707788573,24751,True,201,100000,0.0,0.0,2,RIGHT,greedy,15448,26590,27964,29998,9280,90720,0.0928,1,50000,2,2,398.33106707788573,199.16553353894287,2,2,,,2,RIGHT,False,,
