global_step,algorithm,episode,raw_episode_return,episode_length,current_raw_episode_return,current_training_episode_return,epsilon,loss,q_mean,q_max,q_min,target_mean,target_max,td_error_mean_abs,td_error_max_abs,gradient_norm,replay_size,replay_capacity,replay_occupancy,steps_per_second,sps,optimizer_updates,optimizer_updated,target_sync_count,last_target_sync_step,raw_reward,training_reward,action,action_name,action_source,noop_count,fire_count,right_count,left_count,random_decision_count,greedy_decision_count,random_decision_ratio,environment_index,vector_iteration,num_envs,transition_batch_size,environment_transitions_per_second,vector_iterations_per_second,action_inference_batch_size,replay_insert_batch_size,action_inference_batches_per_second,replay_insertion_calls_per_second,requested_action,requested_action_name,action_overridden,fire_reset_reason,fire_reset_auto_count
100916,double_dqn,426,8.0,458,0.0,0.0,0.05,,,,,,,,,,916,10000,0.0916,512.1713380249739,512.1713380249739,24751,False,202,100500,0.0,0.0,3,LEFT,random,18098,26726,25571,30521,9229,91687,0.0914522969598478,1,50458,2,2,512.1713380249739,28213.036434567835,2,2,,,3,LEFT,False,,
101045,double_dqn,427,14.0,700,0.0,0.0,0.05,,,,,,,,,,1046,10000,0.1046,490.6073549880902,490.6073549880902,24762,False,203,101000,0.0,0.0,3,LEFT,random,18107,26751,25602,30586,9234,91812,0.09138412208301169,0,50523,2,2,490.6073549880902,23696.898084190518,2,2,,,3,LEFT,False,,
101195,double_dqn,427,,,1.0,1.0,0.05,0.004470712039619684,1.3761918544769287,2.4413084983825684,0.4656083285808563,1.4540228843688965,2.4267380237579346,0.07987283170223236,0.18541204929351807,0.5383163094520569,1196,10000,0.1196,464.6480170492634,464.6480170492634,24800,True,203,101000,0.0,0.0,3,LEFT,greedy,18116,26779,25664,30637,9241,91955,0.091317838649749,0,50598,2,2,464.6480170492634,19657.408333326614,2,2,,,3,LEFT,False,,
101196,double_dqn,427,,,3.0,3.0,0.05,0.004470712039619684,1.3761918544769287,2.4413084983825684,0.4656083285808563,1.4540228843688965,2.4267380237579346,0.07987283170223236,0.18541204929351807,0.5383163094520569,1196,10000,0.1196,464.6365184478548,464.6365184478548,24800,True,203,101000,0.0,0.0,3,LEFT,greedy,18116,26779,25664,30637,9241,91955,0.091317838649749,1,50598,2,2,464.6365184478548,19656.92187326468,2,2,,,3,LEFT,False,,
101595,double_dqn,427,,,4.0,4.0,0.05,0.004989658482372761,1.7160712480545044,2.6787333488464355,0.7505380511283875,1.7627683877944946,2.6198244094848633,0.07151088118553162,0.2888052463531494,0.23521995544433594,1596,10000,0.1596,415.78493642605935,415.78493642605935,24900,True,204,101500,0.0,0.0,2,RIGHT,greedy,18124,26815,25824,30833,9264,92332,0.09118469231072089,0,50798,2,2,415.78493642605935,13233.736341209877,2,2,,,2,RIGHT,False,,
101596,double_dqn,427,,,5.0,5.0,0.05,0.004989658482372761,1.7160712480545044,2.6787333488464355,0.7505380511283875,1.7627683877944946,2.6198244094848633,0.07151088118553162,0.2888052463531494,0.23521995544433594,1596,10000,0.1596,415.7776900195711,415.7776900195711,24900,True,204,101500,0.0,0.0,3,LEFT,greedy,18124,26815,25824,30833,9264,92332,0.09118469231072089,1,50798,2,2,415.7776900195711,13233.505700259506,2,2,,,3,LEFT,False,,
101657,double_dqn,428,5.0,306,0.0,0.0,0.05,,,,,,,,,,1658,10000,0.1658,409.5267986977587,409.5267986977587,24915,False,204,101500,0.0,0.0,3,LEFT,greedy,18126,26820,25851,30861,9267,92391,0.09115859056837632,0,50829,2,2,409.5267986977587,12554.787485529781,2,2,,,3,LEFT,False,,
101730,double_dqn,429,7.0,407,0.0,0.0,0.05,,,,,,,,,,1730,10000,0.173,404.99303505685066,404.99303505685066,24933,False,204,101500,0.0,0.0,2,RIGHT,greedy,18127,26830,25872,30901,9271,92459,0.09113339231298535,1,50865,2,2,404.99303505685066,11907.497530732202,2,2,,,2,RIGHT,False,,
101995,double_dqn,429,,,4.0,4.0,0.05,0.00633845804259181,1.574434518814087,2.6002166271209717,0.43548959493637085,1.601182222366333,2.6444883346557617,0.0686517283320427,0.5247900485992432,0.47713518142700195,1996,10000,0.1996,392.721987967678,392.721987967678,25000,True,204,101500,0.0,0.0,2,RIGHT,greedy,18135,26868,25960,31033,9282,92714,0.09100356876740265,0,50998,2,2,392.721987967678,10034.08614347477,2,2,,,2,RIGHT,False,,
101996,double_dqn,429,,,2.0,2.0,0.05,0.00633845804259181,1.574434518814087,2.6002166271209717,0.43548959493637085,1.601182222366333,2.6444883346557617,0.0686517283320427,0.5247900485992432,0.47713518142700195,1996,10000,0.1996,392.71698094506394,392.71698094506394,25000,True,204,101500,0.0,0.0,2,RIGHT,greedy,18135,26868,25960,31033,9282,92714,0.09100356876740265,1,50998,2,2,392.71698094506394,10033.958213545277,2,2,,,2,RIGHT,False,,
102395,double_dqn,429,,,7.0,7.0,0.05,0.007606393191963434,1.5501689910888672,2.600576162338257,0.6169659495353699,1.5600855350494385,2.50408935546875,0.07252665609121323,0.3591817617416382,0.37636351585388184,2396,10000,0.2396,378.59773119593444,378.59773119593444,25100,True,205,102000,0.0,0.0,3,LEFT,greedy,18147,26899,26103,31247,9298,93098,0.09080432829407399,0,51198,2,2,378.59773119593444,8089.919299569888,2,2,,,3,LEFT,False,,
102396,double_dqn,429,,,7.0,7.0,0.05,0.007606393191963434,1.5501689910888672,2.600576162338257,0.6169659495353699,1.5600855350494385,2.50408935546875,0.07252665609121323,0.3591817617416382,0.37636351585388184,2396,10000,0.2396,378.5937350498294,378.5937350498294,25100,True,205,102000,0.0,0.0,3,LEFT,greedy,18147,26899,26103,31247,9298,93098,0.09080432829407399,1,51198,2,2,378.5937350498294,8089.833909466262,2,2,,,3,LEFT,False,,
102533,double_dqn,430,8.0,438,0.0,0.0,0.05,,,,,,,,,,2534,10000,0.2534,375.7390318850664,375.7390318850664,25134,False,206,102500,0.0,0.0,2,RIGHT,greedy,18149,26928,26148,31309,9303,93231,0.0907308795131371,0,51267,2,2,375.7390318850664,7601.8204213305835,2,2,,,2,RIGHT,False,,
102592,double_dqn,431,8.0,431,0.0,0.0,0.05,,,,,,,,,,2592,10000,0.2592,374.10991931445375,374.10991931445375,25149,True,206,102500,0.0,0.0,1,FIRE,greedy,18149,26971,26154,31318,9306,93286,0.09070882719900188,1,51296,2,2,374.10991931445375,7403.681489642831,2,2,,,1,FIRE,False,,
102795,double_dqn,431,,,2.0,2.0,0.05,0.0060065388679504395,1.4293838739395142,2.4995052814483643,0.336913526058197,1.473837971687317,2.866281747817993,0.0745064839720726,0.3667764663696289,0.3309306800365448,2796,10000,0.2796,367.5831134198239,367.5831134198239,25200,True,206,102500,0.0,0.0,0,NOOP,random,18161,27012,26218,31405,9317,93479,0.09063582240554108,0,51398,2,2,367.5831134198239,6757.166260211769,2,2,,,0,NOOP,False,,
102796,double_dqn,431,,,1.0,1.0,0.05,0.0060065388679504395,1.4293838739395142,2.4995052814483643,0.336913526058197,1.473837971687317,2.866281747817993,0.0745064839720726,0.3667764663696289,0.3309306800365448,2796,10000,0.2796,367.5801897612307,367.5801897612307,25200,True,206,102500,0.0,0.0,3,LEFT,greedy,18161,27012,26218,31405,9317,93479,0.09063582240554108,1,51398,2,2,367.5801897612307,6757.112515503482,2,2,,,3,LEFT,False,,
102952,double_dqn,432,2.0,180,0.0,0.0,0.05,,,,,,,,,,2952,10000,0.2952,363.87780583471687,363.87780583471687,25239,True,206,102500,0.0,0.0,0,NOOP,greedy,18173,27030,26281,31468,9324,93628,0.09056647758178568,1,51476,2,2,363.87780583471687,6345.180871662563,2,2,,,0,NOOP,False,,
103195,double_dqn,432,,,5.0,5.0,0.05,0.0056147389113903046,1.376382827758789,2.2799527645111084,0.3890272080898285,1.4373265504837036,2.344825506210327,0.07551264017820358,0.3328123092651367,0.46605703234672546,3196,10000,0.3196,359.0399456027352,359.0399456027352,25300,True,207,103000,0.0,0.0,2,RIGHT,greedy,18191,27066,26366,31573,9338,93858,0.09048800341098492,0,51598,2,2,359.0399456027352,5796.540398376073,2,2,,,2,RIGHT,False,,
103196,double_dqn,432,,,1.0,1.0,0.05,0.0056147389113903046,1.376382827758789,2.2799527645111084,0.3890272080898285,1.4373265504837036,2.344825506210327,0.07551264017820358,0.3328123092651367,0.46605703234672546,3196,10000,0.3196,359.03309286846314,359.03309286846314,25300,True,207,103000,0.0,0.0,0,NOOP,random,18191,27066,26366,31573,9338,93858,0.09048800341098492,1,51598,2,2,359.03309286846314,5796.429764025957,2,2,,,0,NOOP,False,,
103390,double_dqn,433,2.0,219,0.0,0.0,0.05,,,,,,,,,,3390,10000,0.339,356.1682761227767,356.1682761227767,25348,False,207,103000,0.0,0.0,1,FIRE,greedy,18199,27124,26430,31637,9349,94041,0.09042460586130187,1,51695,2,2,356.1682761227767,5431.303549901753,2,2,,,1,FIRE,False,,
103393,double_dqn,434,7.0,430,0.0,0.0,0.05,,,,,,,,,,3394,10000,0.3394,355.6639654162739,355.6639654162739,25349,False,207,103000,0.0,0.0,1,FIRE,greedy,18199,27128,26430,31637,9349,94045,0.09042110760779155,0,51697,2,2,355.6639654162739,5417.430766094612,2,2,,,1,FIRE,False,,
103595,double_dqn,434,,,2.0,2.0,0.05,0.008166180923581123,1.52101469039917,2.3899707794189453,0.506416380405426,1.473705530166626,2.3377652168273926,0.08060023188591003,0.510856032371521,0.7261546850204468,3596,10000,0.3596,353.02163250813516,353.02163250813516,25400,True,208,103500,0.0,0.0,2,RIGHT,greedy,18219,27162,26491,31724,9355,94241,0.09030271439051701,0,51798,2,2,353.02163250813516,5085.042970149161,2,2,,,2,RIGHT,False,,
103596,double_dqn,434,,,2.0,2.0,0.05,0.008166180923581123,1.52101469039917,2.3899707794189453,0.506416380405426,1.473705530166626,2.3377652168273926,0.08060023188591003,0.510856032371521,0.7261546850204468,3596,10000,0.3596,353.0192654967203,353.0192654967203,25400,True,208,103500,0.0,0.0,2,RIGHT,greedy,18219,27162,26491,31724,9355,94241,0.09030271439051701,1,51798,2,2,353.0192654967203,5085.008874916329,2,2,,,2,RIGHT,False,,
103995,double_dqn,434,,,6.0,6.0,0.05,0.002365001942962408,1.560756802558899,2.4130396842956543,0.63243567943573,1.579742193222046,2.5247509479522705,0.05536780506372452,0.22168970108032227,0.14165745675563812,3996,10000,0.3996,347.1611035411036,347.1611035411036,25500,True,208,103500,0.0,0.0,2,RIGHT,greedy,18228,27250,26631,31887,9376,94620,0.09015731374283627,0,51998,2,2,347.1611035411036,4517.438203686263,2,2,,,2,RIGHT,False,,
103996,double_dqn,434,,,7.0,7.0,0.05,0.002365001942962408,1.560756802558899,2.4130396842956543,0.63243567943573,1.579742193222046,2.5247509479522705,0.05536780506372452,0.22168970108032227,0.14165745675563812,3996,10000,0.3996,347.1571284478957,347.1571284478957,25500,True,208,103500,0.0,0.0,3,LEFT,random,18228,27250,26631,31887,9376,94620,0.09015731374283627,1,51998,2,2,347.1571284478957,4517.386477736156,2,2,,,3,LEFT,False,,
104139,double_dqn,435,7.0,373,0.0,0.0,0.05,,,,,,,,,,4140,10000,0.414,345.0718583337038,345.0718583337038,25536,True,209,104000,0.0,0.0,3,LEFT,greedy,18228,27280,26685,31947,9381,94759,0.09008066064912618,0,52070,2,2,345.0718583337038,4340.070450105304,2,2,,,3,LEFT,False,,
104264,double_dqn,436,10.0,437,0.0,0.0,0.05,,,,,,,,,,4264,10000,0.4264,343.21830215616507,343.21830215616507,25567,True,209,104000,0.0,0.0,2,RIGHT,greedy,18228,27298,26733,32005,9386,94878,0.09002148392542009,1,52132,2,2,343.21830215616507,4196.214007505909,2,2,,,2,RIGHT,False,,
104395,double_dqn,436,,,3.0,3.0,0.05,0.0018779074307531118,1.4681057929992676,2.4530889987945557,0.6533473134040833,1.4537163972854614,2.4070444107055664,0.04633811116218567,0.15987229347229004,0.290353924036026,4396,10000,0.4396,341.9896387691822,341.9896387691822,25600,True,209,104000,0.0,0.0,2,RIGHT,greedy,18235,27331,26769,32061,9390,95006,0.08994597494156864,0,52198,2,2,341.9896387691822,4060.7768799985834,2,2,,,2,RIGHT,False,,
104396,double_dqn,436,,,1.0,1.0,0.05,0.0018779074307531118,1.4681057929992676,2.4530889987945557,0.6533473134040833,1.4537163972854614,2.4070444107055664,0.04633811116218567,0.15987229347229004,0.290353924036026,4396,10000,0.4396,341.98789081187016,341.98789081187016,25600,True,209,104000,0.0,0.0,3,LEFT,greedy,18235,27331,26769,32061,9390,95006,0.08994597494156864,1,52198,2,2,341.98789081187016,4060.756124794813,2,2,,,3,LEFT,False,,
104795,double_dqn,436,,,10.0,7.0,0.05,0.002060559345409274,1.5860552787780762,2.5670483112335205,0.5841988921165466,1.5869581699371338,2.4660704135894775,0.05082615464925766,0.14746785163879395,0.22079239785671234,4796,10000,0.4796,339.2863778829054,339.2863778829054,25700,True,210,104500,0.0,0.0,3,LEFT,greedy,18246,27488,26879,32183,9404,95392,0.08973624947517081,0,52398,2,2,339.2863778829054,3706.823942516363,2,2,,,3,LEFT,False,,
104796,double_dqn,436,,,6.0,6.0,0.05,0.002060559345409274,1.5860552787780762,2.5670483112335205,0.5841988921165466,1.5869581699371338,2.4660704135894775,0.05082615464925766,0.14746785163879395,0.22079239785671234,4796,10000,0.4796,339.28486334414066,339.28486334414066,25700,True,210,104500,0.0,0.0,2,RIGHT,greedy,18246,27488,26879,32183,9404,95392,0.08973624947517081,1,52398,2,2,339.28486334414066,3706.807395643512,2,2,,,2,RIGHT,False,,
105039,double_dqn,437,12.0,450,0.0,0.0,0.05,,,,,,,,,,5040,10000,0.504,339.2404359487504,339.2404359487504,25761,True,211,105000,0.0,0.0,1,FIRE,greedy,18250,27575,26963,32252,9419,95621,0.08967060167555217,0,52520,2,2,339.2404359487504,3535.100733338963,2,2,,,1,FIRE,False,,
105195,double_dqn,437,,,1.0,1.0,0.05,0.003050448838621378,1.5960493087768555,2.5175864696502686,0.6419663429260254,1.632973551750183,2.622446060180664,0.06336278468370438,0.19051361083984375,0.2816168963909149,5196,10000,0.5196,338.91068834310653,338.91068834310653,25800,True,211,105000,0.0,0.0,2,RIGHT,greedy,18255,27594,27027,32320,9428,95768,0.08962317958857752,0,52598,2,2,338.91068834310653,3430.7206284585677,2,2,,,2,RIGHT,False,,
105196,double_dqn,437,,,10.0,10.0,0.05,0.003050448838621378,1.5960493087768555,2.5175864696502686,0.6419663429260254,1.632973551750183,2.622446060180664,0.06336278468370438,0.19051361083984375,0.2816168963909149,5196,10000,0.5196,338.90927359312553,338.90927359312553,25800,True,211,105000,1.0,1.0,3,LEFT,greedy,18255,27594,27027,32320,9428,95768,0.08962317958857752,1,52598,2,2,338.90927359312553,3430.7063072461924,2,2,,,3,LEFT,False,,
105595,double_dqn,437,,,7.0,7.0,0.05,0.013432075269520283,1.407472848892212,2.4696781635284424,0.45897895097732544,1.4889111518859863,2.2319154739379883,0.09304222464561462,0.6811933517456055,0.6020330786705017,5596,10000,0.5596,337.9744545895055,337.9744545895055,25900,True,212,105500,0.0,0.0,2,RIGHT,greedy,18302,27625,27156,32513,9449,96147,0.08948255615743021,0,52798,2,2,337.9744545895055,3188.7732761645307,2,2,,,2,RIGHT,False,,
105596,double_dqn,437,,,17.0,14.0,0.05,0.013432075269520283,1.407472848892212,2.4696781635284424,0.45897895097732544,1.4889111518859863,2.2319154739379883,0.09304222464561462,0.6811933517456055,0.6020330786705017,5596,10000,0.5596,337.97293796937765,337.97293796937765,25900,True,212,105500,0.0,0.0,3,LEFT,greedy,18302,27625,27156,32513,9449,96147,0.08948255615743021,1,52798,2,2,337.97293796937765,3188.758966924089,2,2,,,3,LEFT,False,,
105602,double_dqn,438,17.0,669,0.0,0.0,0.05,,,,,,,,,,5602,10000,0.5602,337.9359257284366,337.9359257284366,25901,False,212,105500,0.0,0.0,3,LEFT,greedy,18302,27625,27158,32517,9450,96152,0.08948694153519819,1,52801,2,2,337.9359257284366,3185.1757969273795,2,2,,,3,LEFT,False,,
105995,double_dqn,438,,,11.0,11.0,0.05,0.014287258498370647,1.4869940280914307,2.455749034881592,0.4944755434989929,1.4938173294067383,2.3483855724334717,0.07759997993707657,0.8809077739715576,0.3411266505718231,5996,10000,0.5996,337.87731551605077,337.87731551605077,26000,True,212,105500,0.0,0.0,3,LEFT,greedy,18327,27717,27274,32678,9461,96535,0.08925808521076267,0,52998,2,2,337.87731551605077,2986.461302154713,2,2,,,3,LEFT,False,,
105996,double_dqn,438,,,4.0,4.0,0.05,0.014287258498370647,1.4869940280914307,2.455749034881592,0.4944755434989929,1.4938173294067383,2.3483855724334717,0.07759997993707657,0.8809077739715576,0.3411266505718231,5996,10000,0.5996,337.87598846631994,337.87598846631994,26000,True,212,105500,0.0,0.0,3,LEFT,greedy,18327,27717,27274,32678,9461,96535,0.08925808521076267,1,52998,2,2,337.87598846631994,2986.449572504674,2,2,,,3,LEFT,False,,
106055,double_dqn,439,12.0,508,0.0,0.0,0.05,,,,,,,,,,6056,10000,0.6056,337.61518888072624,337.61518888072624,26015,True,213,106000,0.0,0.0,3,LEFT,greedy,18329,27720,27298,32709,9464,96592,0.08923587538658821,0,53028,2,2,337.61518888072624,2956.2513599681556,2,2,,,3,LEFT,False,,
106210,double_dqn,440,5.0,304,0.0,0.0,0.05,,,,,,,,,,6210,10000,0.621,337.2725133537159,337.2725133537159,26053,False,213,106000,0.0,0.0,2,RIGHT,greedy,18334,27755,27347,32774,9472,96738,0.0891818096224461,1,53105,2,2,337.2725133537159,2884.1959455151505,2,2,,,2,RIGHT,False,,
106395,double_dqn,440,,,3.0,3.0,0.05,0.0022834553383290768,1.7732831239700317,3.007296323776245,0.4566546082496643,1.806869626045227,3.0792434215545654,0.056137219071388245,0.17521488666534424,0.1555188000202179,6396,10000,0.6396,337.1052170982179,337.1052170982179,26100,True,213,106000,0.0,0.0,1,FIRE,greedy,18342,27796,27418,32840,9478,96918,0.08908229632692959,0,53198,2,2,337.1052170982179,2803.8341681036577,2,2,,,1,FIRE,False,,
106396,double_dqn,440,,,2.0,2.0,0.05,0.0022834553383290768,1.7732831239700317,3.007296323776245,0.4566546082496643,1.806869626045227,3.0792434215545654,0.056137219071388245,0.17521488666534424,0.1555188000202179,6396,10000,0.6396,337.1040657778146,337.1040657778146,26100,True,213,106000,1.0,1.0,2,RIGHT,greedy,18342,27796,27418,32840,9478,96918,0.08908229632692959,1,53198,2,2,337.1040657778146,2803.824592127608,2,2,,,2,RIGHT,False,,
106795,double_dqn,440,,,7.0,7.0,0.05,0.003421785542741418,1.5226551294326782,2.358928918838501,0.6287218928337097,1.5452961921691895,2.3860678672790527,0.05350315570831299,0.24800539016723633,0.17073893547058105,6796,10000,0.6796,334.68976752824574,334.68976752824574,26200,True,214,106500,0.0,0.0,3,LEFT,greedy,18360,27850,27534,33052,9504,97292,0.08899209708228772,0,53398,2,2,334.68976752824574,2629.7475289101335,2,2,,,3,LEFT,False,,
106796,double_dqn,440,,,5.0,5.0,0.05,0.003421785542741418,1.5226551294326782,2.358928918838501,0.6287218928337097,1.5452961921691895,2.3860678672790527,0.05350315570831299,0.24800539016723633,0.17073893547058105,6796,10000,0.6796,334.6886879084326,334.6886879084326,26200,True,214,106500,0.0,0.0,0,NOOP,random,18360,27850,27534,33052,9504,97292,0.08899209708228772,1,53398,2,2,334.6886879084326,2629.739046046863,2,2,,,0,NOOP,False,,
106856,double_dqn,441,6.0,323,0.0,0.0,0.05,,,,,,,,,,6856,10000,0.6856,334.0594774161735,334.0594774161735,26215,True,214,106500,0.0,0.0,1,FIRE,greedy,18361,27853,27547,33095,9507,97349,0.08897020288987048,1,53428,2,2,334.0594774161735,2603.286137600834,2,2,,,1,FIRE,False,,
107195,double_dqn,441,,,11.0,11.0,0.05,0.00251868087798357,1.5061633586883545,2.599083662033081,0.6003561019897461,1.5412089824676514,2.6728098392486572,0.05424331873655319,0.16584515571594238,0.1802087426185608,7196,10000,0.7196,331.8755146355973,331.8755146355973,26300,True,215,107000,0.0,0.0,3,LEFT,greedy,18392,27915,27659,33230,9520,97676,0.08880928392850479,0,53598,2,2,331.8755146355973,2471.90992682584,2,2,,,3,LEFT,False,,
107196,double_dqn,441,,,3.0,3.0,0.05,0.00251868087798357,1.5061633586883545,2.599083662033081,0.6003561019897461,1.5412089824676514,2.6728098392486572,0.05424331873655319,0.16584515571594238,0.1802087426185608,7196,10000,0.7196,331.874486080659,331.874486080659,26300,True,215,107000,0.0,0.0,3,LEFT,greedy,18392,27915,27659,33230,9520,97676,0.08880928392850479,1,53598,2,2,331.874486080659,2471.9022658353474,2,2,,,3,LEFT,False,,
107241,double_dqn,442,11.0,593,0.0,0.0,0.05,,,,,,,,,,7242,10000,0.7242,331.31645698106115,331.31645698106115,26311,False,215,107000,0.0,0.0,1,FIRE,greedy,18392,27923,27667,33260,9520,97722,0.0887711903918241,0,53621,2,2,331.31645698106115,2453.123410629865,2,2,,,1,FIRE,False,,
107595,double_dqn,442,,,4.0,4.0,0.05,0.007728560362011194,1.6173855066299438,2.630798101425171,0.48651647567749023,1.656914472579956,2.65478777885437,0.07777110487222672,0.5321961045265198,0.31432223320007324,7596,10000,0.7596,329.043237908548,329.043237908548,26400,True,216,107500,0.0,0.0,3,LEFT,greedy,18438,27996,27786,33376,9542,98054,0.08868359418565747,0,53798,2,2,329.043237908548,2330.4197094528786,2,2,,,3,LEFT,False,,
107596,double_dqn,442,,,7.0,7.0,0.05,0.007728560362011194,1.6173855066299438,2.630798101425171,0.48651647567749023,1.656914472579956,2.65478777885437,0.07777110487222672,0.5321961045265198,0.31432223320007324,7596,10000,0.7596,329.04209763517974,329.04209763517974,26400,True,216,107500,0.0,0.0,3,LEFT,greedy,18438,27996,27786,33376,9542,98054,0.08868359418565747,1,53798,2,2,329.04209763517974,2330.4116335673248,2,2,,,3,LEFT,False,,
107792,double_dqn,443,9.0,468,0.0,0.0,0.05,,,,,,,,,,7792,10000,0.7792,328.3968332478844,328.3968332478844,26449,True,216,107500,0.0,0.0,2,RIGHT,greedy,18455,28046,27839,33452,9552,98240,0.0886151105833457,1,53896,2,2,328.3968332478844,2271.4676238100587,2,2,,,2,RIGHT,False,,
107995,double_dqn,443,,,8.0,8.0,0.05,0.005376461427658796,1.5908739566802979,2.4314746856689453,0.7971284985542297,1.6097259521484375,2.319859027862549,0.07185522466897964,0.39930933713912964,0.29930439591407776,7996,10000,0.7996,327.81256818693004,327.81256818693004,26500,True,216,107500,0.0,0.0,3,LEFT,greedy,18474,28096,27902,33524,9565,98431,0.08856809511463387,0,53998,2,2,327.81256818693004,2213.7597620007314,2,2,,,3,LEFT,False,,
107996,double_dqn,443,,,3.0,3.0,0.05,0.005376461427658796,1.5908739566802979,2.4314746856689453,0.7971284985542297,1.6097259521484375,2.319859027862549,0.07185522466897964,0.39930933713912964,0.29930439591407776,7996,10000,0.7996,327.8117255398362,327.8117255398362,26500,True,216,107500,1.0,1.0,0,NOOP,greedy,18474,28096,27902,33524,9565,98431,0.08856809511463387,1,53998,2,2,327.8117255398362,2213.7540714982583,2,2,,,0,NOOP,False,,
108195,double_dqn,444,9.0,477,0.0,0.0,0.05,,,,,,,,,,8196,10000,0.8196,326.3908026395791,326.3908026395791,26550,True,217,108000,0.0,0.0,3,LEFT,greedy,18514,28140,27958,33584,9573,98623,0.08847831712817479,0,54098,2,2,326.3908026395791,2154.3545194236153,2,2,,,3,LEFT,False,,
108395,double_dqn,444,,,2.0,2.0,0.05,0.003632830223068595,1.7000436782836914,2.7690200805664062,0.5088295340538025,1.726489782333374,2.7825422286987305,0.056169163435697556,0.2628045678138733,0.1571497768163681,8396,10000,0.8396,326.376437131113,326.376437131113,26600,True,217,108000,0.0,0.0,1,FIRE,greedy,18535,28188,27995,33678,9583,98813,0.08840732130336913,0,54198,2,2,326.376437131113,2106.8306502658484,2,2,,,1,FIRE,False,,
108396,double_dqn,444,,,7.0,7.0,0.05,0.003632830223068595,1.7000436782836914,2.7690200805664062,0.5088295340538025,1.726489782333374,2.7825422286987305,0.056169163435697556,0.2628045678138733,0.1571497768163681,8396,10000,0.8396,326.3755515673883,326.3755515673883,26600,True,217,108000,0.0,0.0,2,RIGHT,random,18535,28188,27995,33678,9583,98813,0.08840732130336913,1,54198,2,2,326.3755515673883,2106.824933760042,2,2,,,2,RIGHT,False,,
108718,double_dqn,445,9.0,463,0.0,0.0,0.05,,,,,,,,,,8718,10000,0.8718,326.15706115945994,326.15706115945994,26680,False,218,108500,0.0,0.0,2,RIGHT,greedy,18543,28262,28099,33814,9593,99125,0.08823745837855737,1,54359,2,2,326.15706115945994,2033.6742013726869,2,2,,,2,RIGHT,False,,
108795,double_dqn,445,,,6.0,6.0,0.05,0.010567639023065567,1.628932237625122,2.7484002113342285,0.699002206325531,1.6198179721832275,2.779571056365967,0.08245591074228287,0.7052207589149475,0.3962007761001587,8796,10000,0.8796,326.187238201503,326.187238201503,26700,True,218,108500,0.0,0.0,3,LEFT,greedy,18543,28274,28134,33845,9596,99200,0.08820177212397515,0,54398,2,2,326.187238201503,2017.2730086045206,2,2,,,3,LEFT,False,,
108796,double_dqn,445,,,0.0,0.0,0.05,0.010567639023065567,1.628932237625122,2.7484002113342285,0.699002206325531,1.6198179721832275,2.779571056365967,0.08245591074228287,0.7052207589149475,0.3962007761001587,8796,10000,0.8796,326.1864616274754,326.1864616274754,26700,True,218,108500,0.0,0.0,1,FIRE,greedy,18543,28274,28134,33845,9596,99200,0.08820177212397515,1,54398,2,2,326.1864616274754,2017.26820595855,2,2,,,1,FIRE,False,,
109025,double_dqn,446,9.0,415,0.0,0.0,0.05,,,,,,,,,,9026,10000,0.9026,326.1532144940439,326.1532144940439,26757,False,219,109000,0.0,0.0,3,LEFT,greedy,18565,28319,28214,33928,9615,99411,0.0881899730339552,0,54513,2,2,326.1532144940439,1969.8194307238882,2,2,,,3,LEFT,False,,
109195,double_dqn,446,,,1.0,1.0,0.05,0.002386147156357765,1.7008053064346313,2.653078079223633,0.8223245739936829,1.7100780010223389,2.7845845222473145,0.048363152891397476,0.21559572219848633,0.1257176399230957,9196,10000,0.9196,325.477720667661,325.477720667661,26800,True,219,109000,0.0,0.0,3,LEFT,greedy,18595,28376,28253,33972,9621,99575,0.08810762298985311,0,54598,2,2,325.477720667661,1932.4089379091947,2,2,,,3,LEFT,False,,
109196,double_dqn,446,,,4.0,4.0,0.05,0.002386147156357765,1.7008053064346313,2.653078079223633,0.8223245739936829,1.7100780010223389,2.7845845222473145,0.048363152891397476,0.21559572219848633,0.1257176399230957,9196,10000,0.9196,325.4769615152489,325.4769615152489,26800,True,219,109000,0.0,0.0,2,RIGHT,greedy,18595,28376,28253,33972,9621,99575,0.08810762298985311,1,54598,2,2,325.4769615152489,1932.4044307100435,2,2,,,2,RIGHT,False,,
109438,double_dqn,447,6.0,360,0.0,0.0,0.05,,,,,,,,,,9438,10000,0.9438,325.0352658783379,325.0352658783379,26860,False,219,109000,0.0,0.0,2,RIGHT,greedy,18631,28439,28319,34049,9635,99803,0.08804071711836839,1,54719,2,2,325.0352658783379,1884.4675475309145,2,2,,,2,RIGHT,False,,
109595,double_dqn,447,,,5.0,5.0,0.05,0.005651930347084999,1.7728707790374756,2.6489064693450928,0.683887779712677,1.81595778465271,2.705601215362549,0.06366849690675735,0.4663999080657959,0.34773504734039307,9596,10000,0.9596,325.0108275408831,325.0108275408831,26900,True,220,109500,0.0,0.0,2,RIGHT,greedy,18675,28456,28371,34094,9646,99950,0.08801416110077011,0,54798,2,2,325.0108275408831,1855.975753187298,2,2,,,2,RIGHT,False,,
109596,double_dqn,447,,,1.0,1.0,0.05,0.005651930347084999,1.7728707790374756,2.6489064693450928,0.683887779712677,1.81595778465271,2.705601215362549,0.06366849690675735,0.4663999080657959,0.34773504734039307,9596,10000,0.9596,325.0101395456997,325.0101395456997,26900,True,220,109500,0.0,0.0,2,RIGHT,greedy,18675,28456,28371,34094,9646,99950,0.08801416110077011,1,54798,2,2,325.0101395456997,1855.971824387792,2,2,,,2,RIGHT,False,,
109677,double_dqn,448,5.0,326,0.0,0.0,0.05,,,,,,,,,,9678,10000,0.9678,324.87441218740076,324.87441218740076,26920,False,220,109500,0.0,0.0,3,LEFT,greedy,18690,28467,28405,34116,9650,100028,0.0879848283156148,0,54839,2,2,324.87441218740076,1840.8542973697943,2,2,,,3,LEFT,False,,
109995,double_dqn,448,,,3.0,3.0,0.05,0.012124396860599518,1.6404998302459717,2.8453292846679688,0.6486709713935852,1.6170704364776611,2.895002603530884,0.07773108035326004,0.7147607207298279,0.6053383350372314,9996,10000,0.9996,324.32224291963774,324.32224291963774,27000,True,220,109500,0.0,0.0,2,RIGHT,greedy,18715,28512,28525,34244,9664,100332,0.08785774028146479,0,54998,2,2,324.32224291963774,1784.4212401054658,2,2,,,2,RIGHT,False,,
109996,double_dqn,448,,,5.0,5.0,0.05,0.012124396860599518,1.6404998302459717,2.8453292846679688,0.6486709713935852,1.6170704364776611,2.895002603530884,0.07773108035326004,0.7147607207298279,0.6053383350372314,9996,10000,0.9996,324.321531586107,324.321531586107,27000,True,220,109500,0.0,0.0,3,LEFT,greedy,18715,28512,28525,34244,9664,100332,0.08785774028146479,1,54998,2,2,324.321531586107,1784.4173263478106,2,2,,,3,LEFT,False,,
110086,double_dqn,449,5.0,324,0.0,0.0,0.05,,,,,,,,,,10000,10000,1.0,324.1928041143124,324.1928041143124,27022,False,221,110000,0.0,0.0,2,RIGHT,greedy,18717,28520,28562,34287,9668,100418,0.08782224806060716,1,55043,2,2,324.1928041143124,1769.2389963180744,2,2,,,2,RIGHT,False,,
110201,double_dqn,450,4.0,262,0.0,0.0,0.05,,,,,,,,,,10000,10000,1.0,324.1770280586292,324.1770280586292,27051,False,221,110000,0.0,0.0,2,RIGHT,greedy,18729,28541,28610,34322,9676,100526,0.08780239923050398,0,55101,2,2,324.1770280586292,1750.8800649929942,2,2,,,2,RIGHT,False,,
110395,double_dqn,450,,,2.0,2.0,0.05,0.0017298394814133644,1.650829553604126,2.9691176414489746,0.4153520464897156,1.6777302026748657,2.9699761867523193,0.04589404538273811,0.14660847187042236,0.15073421597480774,10000,10000,1.0,323.84285210866165,323.84285210866165,27100,True,221,110000,0.0,0.0,3,LEFT,greedy,18760,28580,28668,34388,9684,100712,0.08772056958585456,0,55198,2,2,323.84285210866165,1719.4572672849083,2,2,,,3,LEFT,False,,
110396,double_dqn,450,,,3.0,3.0,0.05,0.0017298394814133644,1.650829553604126,2.9691176414489746,0.4153520464897156,1.6777302026748657,2.9699761867523193,0.04589404538273811,0.14660847187042236,0.15073421597480774,10000,10000,1.0,323.84214091112284,323.84214091112284,27100,True,221,110000,0.0,0.0,3,LEFT,greedy,18760,28580,28668,34388,9684,100712,0.08772056958585456,1,55198,2,2,323.84214091112284,1719.453491151612,2,2,,,3,LEFT,False,,
110795,double_dqn,450,,,6.0,6.0,0.05,0.007214849349111319,1.8528368473052979,3.001385450363159,0.6308081746101379,1.899836540222168,3.0136265754699707,0.07480626553297043,0.5102038383483887,0.4702857434749603,10000,10000,1.0,323.71058347450185,323.71058347450185,27200,True,222,110500,0.0,0.0,2,RIGHT,greedy,18775,28667,28805,34549,9709,101087,0.08762951731109427,0,55398,2,2,323.71058347450185,1661.0706653686973,2,2,,,2,RIGHT,False,,
110796,double_dqn,450,,,9.0,6.0,0.05,0.007214849349111319,1.8528368473052979,3.001385450363159,0.6308081746101379,1.899836540222168,3.0136265754699707,0.07480626553297043,0.5102038383483887,0.4702857434749603,10000,10000,1.0,323.70990015838913,323.70990015838913,27200,True,222,110500,0.0,0.0,3,LEFT,greedy,18775,28667,28805,34549,9709,101087,0.08762951731109427,1,55398,2,2,323.70990015838913,1661.0671590380177,2,2,,,3,LEFT,False,,
110904,double_dqn,451,10.0,409,0.0,0.0,0.05,,,,,,,,,,10000,10000,1.0,323.0443940702188,323.0443940702188,27227,True,222,110500,0.0,0.0,2,RIGHT,greedy,18776,28689,28851,34588,9714,101190,0.08758926639255572,1,55452,2,2,323.0443940702188,1642.8336151854157,2,2,,,2,RIGHT,False,,
111195,double_dqn,451,,,10.0,10.0,0.05,0.0036103627644479275,1.6902178525924683,2.7299962043762207,0.5446559190750122,1.7010291814804077,2.6170105934143066,0.06509852409362793,0.26656365394592285,0.27442705631256104,10000,10000,1.0,321.09861107669485,321.09861107669485,27300,True,223,111000,0.0,0.0,1,FIRE,greedy,18795,28795,28915,34691,9726,101470,0.08746717507824023,0,55598,2,2,321.09861107669485,1594.537386445345,2,2,,,1,FIRE,False,,
111196,double_dqn,451,,,3.0,3.0,0.05,0.0036103627644479275,1.6902178525924683,2.7299962043762207,0.5446559190750122,1.7010291814804077,2.6170105934143066,0.06509852409362793,0.26656365394592285,0.27442705631256104,10000,10000,1.0,321.09785133510314,321.09785133510314,27300,True,223,111000,0.0,0.0,3,LEFT,greedy,18795,28795,28915,34691,9726,101470,0.08746717507824023,1,55598,2,2,321.09785133510314,1594.5336136592591,2,2,,,3,LEFT,False,,
111403,double_dqn,452,12.0,601,0.0,0.0,0.05,,,,,,,,,,10000,10000,1.0,320.2077453028587,320.2077453028587,27352,True,223,111000,0.0,0.0,0,NOOP,greedy,18816,28869,28961,34758,9735,101669,0.08738465405191914,0,55702,2,2,320.2077453028587,1564.0312021097716,2,2,,,0,NOOP,False,,
111595,double_dqn,452,,,2.0,2.0,0.05,0.005196220241487026,1.8070582151412964,2.6309926509857178,0.7394988536834717,1.8410131931304932,2.4415853023529053,0.07091805338859558,0.39712846279144287,0.30258843302726746,10000,10000,1.0,319.6262998535323,319.6262998535323,27400,True,224,111500,0.0,0.0,1,FIRE,greedy,18829,28909,29013,34845,9741,101855,0.08728807484139217,0,55798,2,2,319.6262998535323,1537.9879509509656,2,2,,,1,FIRE,False,,
111596,double_dqn,452,,,6.0,6.0,0.05,0.005196220241487026,1.8070582151412964,2.6309926509857178,0.7394988536834717,1.8410131931304932,2.4415853023529053,0.07091805338859558,0.39712846279144287,0.30258843302726746,10000,10000,1.0,319.6256972489345,319.6256972489345,27400,True,224,111500,0.0,0.0,3,LEFT,greedy,18829,28909,29013,34845,9741,101855,0.08728807484139217,1,55798,2,2,319.6256972489345,1537.9850513190797,2,2,,,3,LEFT,False,,
111995,double_dqn,452,,,7.0,7.0,0.05,0.008732710033655167,1.6433744430541992,2.257607936859131,0.655409574508667,1.6763850450515747,2.3458614349365234,0.0758965015411377,0.5721498727798462,0.2612169086933136,10000,10000,1.0,318.84190919894905,318.84190919894905,27500,True,224,111500,0.0,0.0,2,RIGHT,greedy,18888,28960,29133,35015,9760,102236,0.08714596949891068,0,55998,2,2,318.84190919894905,1488.3718932413094,2,2,,,2,RIGHT,False,,
111996,double_dqn,452,,,14.0,11.0,0.05,0.008732710033655167,1.6433744430541992,2.257607936859131,0.655409574508667,1.6763850450515747,2.3458614349365234,0.0758965015411377,0.5721498727798462,0.2612169086933136,10000,10000,1.0,318.84137106961924,318.84137106961924,27500,True,224,111500,0.0,0.0,2,RIGHT,greedy,18888,28960,29133,35015,9760,102236,0.08714596949891068,1,55998,2,2,318.84137106961924,1488.3693812234528,2,2,,,2,RIGHT,False,,
112026,double_dqn,453,14.0,561,0.0,0.0,0.05,,,,,,,,,,10000,10000,1.0,318.77756348332196,318.77756348332196,27507,False,225,112000,0.0,0.0,1,FIRE,greedy,18888,28969,29140,35029,9761,102265,0.08713155874529127,1,56013,2,2,318.77756348332196,1484.7569984526287,2,2,,,1,FIRE,False,,
112395,double_dqn,453,,,11.0,11.0,0.05,0.0022367932833731174,1.820204734802246,2.7400312423706055,0.8070682883262634,1.8296247720718384,2.825678586959839,0.05400140956044197,0.16275477409362793,0.18788865208625793,10000,10000,1.0,317.90753200834246,317.90753200834246,27600,True,225,112000,0.0,0.0,1,FIRE,greedy,18906,29085,29247,35158,9781,102615,0.08702266984590198,0,56198,2,2,317.90753200834246,1441.2526205070046,2,2,,,1,FIRE,False,,
112396,double_dqn,453,,,4.0,4.0,0.05,0.0022367932833731174,1.820204734802246,2.7400312423706055,0.8070682883262634,1.8296247720718384,2.825678586959839,0.05400140956044197,0.16275477409362793,0.18788865208625793,10000,10000,1.0,317.90701021386815,317.90701021386815,27600,True,225,112000,0.0,0.0,1,FIRE,greedy,18906,29085,29247,35158,9781,102615,0.08702266984590198,1,56198,2,2,317.90701021386815,1441.2502549208587,2,2,,,1,FIRE,False,,
112447,double_dqn,454,11.0,522,0.0,0.0,0.05,,,,,,,,,,10000,10000,1.0,317.83842986235607,317.83842986235607,27613,True,225,112000,0.0,0.0,2,RIGHT,greedy,18908,29102,29258,35180,9783,102665,0.08700021343198634,0,56224,2,2,317.83842986235607,1435.5838593011815,2,2,,,2,RIGHT,False,,
112795,double_dqn,454,,,3.0,3.0,0.05,0.001597122522071004,1.7670176029205322,2.5134124755859375,0.818185031414032,1.8071550130844116,2.6264328956604004,0.044327639043331146,0.11367666721343994,0.17801931500434875,10000,10000,1.0,318.0757054168511,318.0757054168511,27700,True,226,112500,0.0,0.0,3,LEFT,greedy,18921,29166,29386,35323,9798,102998,0.08686478243909358,0,56398,2,2,318.0757054168511,1401.909474374771,2,2,,,3,LEFT,False,,
112796,double_dqn,454,,,8.0,8.0,0.05,0.001597122522071004,1.7670176029205322,2.5134124755859375,0.818185031414032,1.8071550130844116,2.6264328956604004,0.044327639043331146,0.11367666721343994,0.17801931500434875,10000,10000,1.0,318.07520809674116,318.07520809674116,27700,True,226,112500,0.0,0.0,2,RIGHT,greedy,18921,29166,29386,35323,9798,102998,0.08686478243909358,1,56398,2,2,318.07520809674116,1401.9072824507666,2,2,,,2,RIGHT,False,,
113010,double_dqn,455,9.0,492,0.0,0.0,0.05,,,,,,,,,,10000,10000,1.0,318.27540117968465,318.27540117968465,27753,False,227,113000,0.0,0.0,3,LEFT,greedy,18937,29189,29469,35415,9807,103203,0.08677993097955933,1,56505,2,2,318.27540117968465,1382.3329395586534,2,2,,,3,LEFT,False,,
113195,double_dqn,455,,,8.0,8.0,0.05,0.0052643949165940285,1.7573662996292114,2.915269374847412,0.3498901426792145,1.754213571548462,3.0502748489379883,0.07045095413923264,0.35940924286842346,0.2505801320075989,10000,10000,1.0,318.37995232357827,318.37995232357827,27800,True,227,113000,0.0,0.0,2,RIGHT,greedy,18956,29255,29535,35450,9814,103382,0.08669917664935156,0,56598,2,2,318.37995232357827,1365.5402047294547,2,2,,,2,RIGHT,False,,
113196,double_dqn,455,,,2.0,2.0,0.05,0.0052643949165940285,1.7573662996292114,2.915269374847412,0.3498901426792145,1.754213571548462,3.0502748489379883,0.07045095413923264,0.35940924286842346,0.2505801320075989,10000,10000,1.0,318.37947529880495,318.37947529880495,27800,True,227,113000,1.0,1.0,2,RIGHT,greedy,18956,29255,29535,35450,9814,103382,0.08669917664935156,1,56598,2,2,318.37947529880495,1365.5381587573327,2,2,,,2,RIGHT,False,,
113493,double_dqn,456,13.0,523,0.0,0.0,0.05,,,,,,,,,,10000,10000,1.0,318.41788511960084,318.41788511960084,27874,False,227,113000,0.0,0.0,3,LEFT,greedy,19010,29331,29634,35519,9826,103668,0.08657726399633461,0,56747,2,2,318.41788511960084,1339.058820726396,2,2,,,3,LEFT,False,,
113595,double_dqn,456,,,0.0,0.0,0.05,0.0030181268230080605,1.8512163162231445,2.787989377975464,0.5367269515991211,1.8813294172286987,2.8311767578125,0.05774286761879921,0.22239899635314941,0.19238020479679108,10000,10000,1.0,318.4970708860132,318.4970708860132,27900,True,228,113500,0.0,0.0,2,RIGHT,greedy,19020,29347,29665,35564,9831,103765,0.0865435402655023,0,56798,2,2,318.4970708860132,1330.5381459387893,2,2,,,2,RIGHT,False,,
113596,double_dqn,456,,,5.0,5.0,0.05,0.0030181268230080605,1.8512163162231445,2.787989377975464,0.5367269515991211,1.8813294172286987,2.8311767578125,0.05774286761879921,0.22239899635314941,0.19238020479679108,10000,10000,1.0,318.49658442631403,318.49658442631403,27900,True,228,113500,0.0,0.0,3,LEFT,greedy,19020,29347,29665,35564,9831,103765,0.0865435402655023,1,56798,2,2,318.49658442631403,1330.5361137279924,2,2,,,3,LEFT,False,,
113995,double_dqn,456,,,4.0,4.0,0.05,0.010242072865366936,1.5466420650482178,2.8647007942199707,0.364192396402359,1.5535385608673096,2.9258265495300293,0.07852640748023987,0.6732653379440308,0.2971971035003662,10000,10000,1.0,318.4650425466978,318.4650425466978,28000,True,228,113500,0.0,0.0,0,NOOP,greedy,19061,29406,29816,35713,9851,104145,0.08641531281799361,0,56998,2,2,318.4650425466978,1296.9327304284568,2,2,,,0,NOOP,False,,
113996,double_dqn,456,,,9.0,9.0,0.05,0.010242072865366936,1.5466420650482178,2.8647007942199707,0.364192396402359,1.5535385608673096,2.9258265495300293,0.07852640748023987,0.6732653379440308,0.2971971035003662,10000,10000,1.0,318.4645722579084,318.4645722579084,28000,True,228,113500,0.0,0.0,3,LEFT,greedy,19061,29406,29816,35713,9851,104145,0.08641531281799361,1,56998,2,2,318.4645722579084,1296.930815201219,2,2,,,3,LEFT,False,,
114210,double_dqn,457,15.0,600,0.0,0.0,0.05,,,,,,,,,,10000,10000,1.0,318.2862839303679,318.2862839303679,28053,False,229,114000,0.0,0.0,2,RIGHT,greedy,19078,29447,29897,35788,9861,104349,0.08634095087995797,1,57105,2,2,318.2862839303679,1279.080805337344,2,2,,,2,RIGHT,False,,
114395,double_dqn,457,,,8.0,8.0,0.05,0.0031057382002472878,1.494516372680664,2.5386619567871094,0.2870835065841675,1.5344641208648682,2.7979729175567627,0.053258173167705536,0.2593109607696533,0.26321718096733093,10000,10000,1.0,318.20140787484905,318.20140787484905,28100,True,229,114000,0.0,0.0,3,LEFT,greedy,19085,29476,29962,35873,9871,104525,0.08628798209727613,0,57198,2,2,318.20140787484905,1264.273696000668,2,2,,,3,LEFT,False,,
114396,double_dqn,457,,,2.0,2.0,0.05,0.0031057382002472878,1.494516372680664,2.5386619567871094,0.2870835065841675,1.5344641208648682,2.7979729175567627,0.053258173167705536,0.2593109607696533,0.26321718096733093,10000,10000,1.0,318.2009605541572,318.2009605541572,28100,True,229,114000,0.0,0.0,3,LEFT,greedy,19085,29476,29962,35873,9871,104525,0.08628798209727613,1,57198,2,2,318.2009605541572,1264.2719187119117,2,2,,,3,LEFT,False,,
114497,double_dqn,458,9.0,502,0.0,0.0,0.05,,,,,,,,,,10000,10000,1.0,318.280649074111,318.280649074111,28125,False,229,114000,0.0,0.0,0,NOOP,random,19091,29484,29998,35925,9876,104622,0.08625478174291254,0,57249,2,2,318.280649074111,1256.8112069832928,2,2,,,0,NOOP,False,,
114795,double_dqn,458,,,2.0,2.0,0.05,0.0033121341839432716,1.7605862617492676,2.599776029586792,0.3862588107585907,1.8090872764587402,2.670043706893921,0.06320977210998535,0.2606147527694702,0.40901049971580505,10000,10000,1.0,317.9311546770799,317.9311546770799,28200,True,230,114500,0.0,0.0,0,NOOP,greedy,19142,29529,30101,36024,9890,104906,0.08615282762465591,0,57398,2,2,317.9311546770799,1233.3476896563284,2,2,,,0,NOOP,False,,
114796,double_dqn,458,,,5.0,5.0,0.05,0.0033121341839432716,1.7605862617492676,2.599776029586792,0.3862588107585907,1.8090872764587402,2.670043706893921,0.06320977210998535,0.2606147527694702,0.40901049971580505,10000,10000,1.0,317.93060951609016,317.93060951609016,28200,True,230,114500,0.0,0.0,3,LEFT,greedy,19142,29529,30101,36024,9890,104906,0.08615282762465591,1,57398,2,2,317.93060951609016,1233.345574817825,2,2,,,3,LEFT,False,,
115034,double_dqn,459,8.0,412,0.0,0.0,0.05,,,,,,,,,,10000,10000,1.0,317.69427041605115,317.69427041605115,28259,False,231,115000,0.0,0.0,3,LEFT,greedy,19178,29580,30167,36109,9898,105136,0.08604412608446199,1,57517,2,2,317.69427041605115,1215.4331083889858,2,2,,,3,LEFT,False,,
115195,double_dqn,459,,,8.0,8.0,0.05,0.001543541089631617,1.7021101713180542,2.7357568740844727,0.3391030430793762,1.7219045162200928,2.6824750900268555,0.045377764850854874,0.13938617706298828,0.12237390875816345,10000,10000,1.0,317.76771783237876,317.76771783237876,28300,True,231,115000,0.0,0.0,1,FIRE,greedy,19221,29624,30203,36148,9904,105292,0.08597520747248168,0,57598,2,2,317.76771783237876,1204.44755275792,2,2,,,1,FIRE,False,,
115196,double_dqn,459,,,2.0,2.0,0.05,0.001543541089631617,1.7021101713180542,2.7357568740844727,0.3391030430793762,1.7219045162200928,2.6824750900268555,0.045377764850854874,0.13938617706298828,0.12237390875816345,10000,10000,1.0,317.767305847348,317.767305847348,28300,True,231,115000,0.0,0.0,2,RIGHT,greedy,19221,29624,30203,36148,9904,105292,0.08597520747248168,1,57598,2,2,317.767305847348,1204.4459911947583,2,2,,,2,RIGHT,False,,
115595,double_dqn,459,,,13.0,13.0,0.05,0.001878405804745853,1.7333834171295166,3.1813082695007324,0.5593254566192627,1.720622181892395,3.093302011489868,0.05144566297531128,0.15537971258163452,0.29073047637939453,10000,10000,1.0,317.6508889839467,317.6508889839467,28400,True,232,115500,0.0,0.0,3,LEFT,greedy,19313,29673,30328,36282,9916,105680,0.0857815149313125,0,57798,2,2,317.6508889839467,1177.198389426401,2,2,,,3,LEFT,False,,
115596,double_dqn,459,,,6.0,6.0,0.05,0.001878405804745853,1.7333834171295166,3.1813082695007324,0.5593254566192627,1.720622181892395,3.093302011489868,0.05144566297531128,0.15537971258163452,0.29073047637939453,10000,10000,1.0,317.65047362694025,317.65047362694025,28400,True,232,115500,0.0,0.0,2,RIGHT,greedy,19313,29673,30328,36282,9916,105680,0.0857815149313125,1,57798,2,2,317.65047362694025,1177.1968501340018,2,2,,,2,RIGHT,False,,
115673,double_dqn,460,17.0,588,0.0,0.0,0.05,,,,,,,,,,10000,10000,1.0,317.62818921205616,317.62818921205616,28419,False,232,115500,0.0,0.0,2,RIGHT,greedy,19315,29689,30363,36307,9921,105753,0.08576689662326885,0,57837,2,2,317.62818921205616,1172.046802313238,2,2,,,2,RIGHT,False,,
115995,double_dqn,460,,,3.0,3.0,0.05,0.0018082800088450313,1.6160310506820679,2.4482367038726807,0.5119351744651794,1.619398832321167,2.3997511863708496,0.046180739998817444,0.1563858985900879,0.12283971905708313,10000,10000,1.0,317.66718122628583,317.66718122628583,28500,True,232,115500,0.0,0.0,3,LEFT,greedy,19324,29782,30458,36432,9931,106065,0.08561502120762784,0,57998,2,2,317.66718122628583,1151.7917714905054,2,2,,,3,LEFT,False,,
115996,double_dqn,460,,,10.0,10.0,0.05,0.0018082800088450313,1.6160310506820679,2.4482367038726807,0.5119351744651794,1.619398832321167,2.3997511863708496,0.046180739998817444,0.1563858985900879,0.12283971905708313,10000,10000,1.0,317.66674025428694,317.66674025428694,28500,True,232,115500,0.0,0.0,3,LEFT,greedy,19324,29782,30458,36432,9931,106065,0.08561502120762784,1,57998,2,2,317.66674025428694,1151.790172622414,2,2,,,3,LEFT,False,,
116060,double_dqn,461,10.0,513,0.0,0.0,0.05,,,,,,,,,,10000,10000,1.0,317.69608413853325,317.69608413853325,28516,True,233,116000,0.0,0.0,2,RIGHT,greedy,19327,29792,30484,36457,9933,106127,0.08558504221954162,1,58030,2,2,317.69608413853325,1147.9392131107772,2,2,,,2,RIGHT,False,,
116373,double_dqn,462,6.0,350,0.0,0.0,0.05,,,,,,,,,,10000,10000,1.0,317.7846225132005,317.7846225132005,28594,False,233,116000,0.0,0.0,1,FIRE,greedy,19355,29982,30530,36507,9944,106430,0.085448639730524,0,58187,2,2,317.7846225132005,1129.2862971891777,2,2,,,1,FIRE,False,,
116395,double_dqn,462,,,0.0,0.0,0.05,0.002468656050041318,1.7246086597442627,2.7095603942871094,0.4544869065284729,1.7607636451721191,2.7082698345184326,0.05090136080980301,0.2325751781463623,0.1965438723564148,10000,10000,1.0,317.7453121317933,317.7453121317933,28600,True,233,116000,0.0,0.0,1,FIRE,greedy,19356,29992,30531,36517,9945,106451,0.08544108044949998,0,58198,2,2,317.7453121317933,1127.8446984292575,2,2,,,1,FIRE,False,,
116396,double_dqn,462,,,3.0,3.0,0.05,0.002468656050041318,1.7246086597442627,2.7095603942871094,0.4544869065284729,1.7607636451721191,2.7082698345184326,0.05090136080980301,0.2325751781463623,0.1965438723564148,10000,10000,1.0,317.74494266868817,317.74494266868817,28600,True,233,116000,0.0,0.0,3,LEFT,greedy,19356,29992,30531,36517,9945,106451,0.08544108044949998,1,58198,2,2,317.74494266868817,1127.8433870109975,2,2,,,3,LEFT,False,,
116795,double_dqn,462,,,4.0,4.0,0.05,0.005002155434340239,1.7434320449829102,2.647841691970825,0.5831214785575867,1.7388694286346436,2.6531808376312256,0.07517586648464203,0.32507097721099854,0.41108039021492004,10000,10000,1.0,317.42456269478276,317.42456269478276,28700,True,234,116500,0.0,0.0,1,FIRE,greedy,19380,30068,30639,36709,9967,106829,0.08533682660365081,0,58398,2,2,317.42456269478276,1103.6532276881355,2,2,,,1,FIRE,False,,
116796,double_dqn,462,,,8.0,8.0,0.05,0.005002155434340239,1.7434320449829102,2.647841691970825,0.5831214785575867,1.7388694286346436,2.6531808376312256,0.07517586648464203,0.32507097721099854,0.41108039021492004,10000,10000,1.0,317.4241319703188,317.4241319703188,28700,True,234,116500,0.0,0.0,3,LEFT,greedy,19380,30068,30639,36709,9967,106829,0.08533682660365081,1,58398,2,2,317.4241319703188,1103.6517301025647,2,2,,,3,LEFT,False,,
116804,double_dqn,463,8.0,372,0.0,0.0,0.05,,,,,,,,,,10000,10000,1.0,317.35756053453775,317.35756053453775,28702,True,234,116500,0.0,0.0,3,LEFT,greedy,19381,30070,30639,36714,9967,106837,0.08533098181569124,1,58402,2,2,317.35756053453775,1102.9704981158102,2,2,,,3,LEFT,False,,
117195,double_dqn,463,,,8.0,8.0,0.05,0.004981331527233124,1.683148741722107,2.6898488998413086,0.5879678130149841,1.7130253314971924,2.7322046756744385,0.06582216173410416,0.3647855520248413,0.2622324824333191,10000,10000,1.0,317.5019024164068,317.5019024164068,28800,True,235,117000,0.0,0.0,3,LEFT,greedy,19433,30133,30748,36882,9983,107213,0.0851820881258746,0,58598,2,2,317.5019024164068,1081.9362920328335,2,2,,,3,LEFT,False,,
117196,double_dqn,463,,,3.0,3.0,0.05,0.004981331527233124,1.683148741722107,2.6898488998413086,0.5879678130149841,1.7130253314971924,2.7322046756744385,0.06582216173410416,0.3647855520248413,0.2622324824333191,10000,10000,1.0,317.5015289913229,317.5015289913229,28800,True,235,117000,0.0,0.0,1,FIRE,greedy,19433,30133,30748,36882,9983,107213,0.0851820881258746,1,58598,2,2,317.5015289913229,1081.9350195297475,2,2,,,1,FIRE,False,,
117426,double_dqn,464,5.0,311,0.0,0.0,0.05,,,,,,,,,,10000,10000,1.0,317.4147070826134,317.4147070826134,28857,False,235,117000,0.0,0.0,3,LEFT,greedy,19443,30167,30808,37008,9993,107433,0.08510040365847427,1,58713,2,2,317.4147070826134,1069.4576894836152,2,2,,,3,LEFT,False,,
117531,double_dqn,465,12.0,579,0.0,0.0,0.05,,,,,,,,,,10000,10000,1.0,317.4316130909652,317.4316130909652,28884,True,236,117500,0.0,0.0,3,LEFT,greedy,19468,30176,30826,37062,9999,107533,0.08507470305959228,0,58766,2,2,317.4316130909652,1064.0078812972656,2,2,,,3,LEFT,False,,
117595,double_dqn,465,,,1.0,1.0,0.05,0.002521069487556815,1.696061611175537,2.597184419631958,0.5585309267044067,1.7053471803665161,2.662787675857544,0.046561360359191895,0.22323369979858398,0.17931592464447021,10000,10000,1.0,317.50793901078447,317.50793901078447,28900,True,236,117500,1.0,1.0,3,LEFT,greedy,19478,30186,30840,37092,10003,107593,0.08506241708901663,0,58798,2,2,317.50793901078447,1060.9702090222838,2,2,,,3,LEFT,False,,
117596,double_dqn,465,,,1.0,1.0,0.05,0.002521069487556815,1.696061611175537,2.597184419631958,0.5585309267044067,1.7053471803665161,2.662787675857544,0.046561360359191895,0.22323369979858398,0.17931592464447021,10000,10000,1.0,317.5075952582245,317.5075952582245,28900,True,236,117500,0.0,0.0,2,RIGHT,greedy,19478,30186,30840,37092,10003,107593,0.08506241708901663,1,58798,2,2,317.5075952582245,1060.969060354233,2,2,,,2,RIGHT,False,,
117995,double_dqn,465,,,5.0,5.0,0.05,0.0013615506468340755,1.4594769477844238,2.5522499084472656,0.35426610708236694,1.4750257730484009,2.487476348876953,0.041203685104846954,0.12383264303207397,0.08078683912754059,10000,10000,1.0,317.6093065328836,317.6093065328836,29000,True,236,117500,0.0,0.0,3,LEFT,greedy,19512,30277,30920,37287,10024,107972,0.08495203227228042,0,58998,2,2,317.6093065328836,1041.2488256738754,2,2,,,3,LEFT,False,,
117996,double_dqn,465,,,6.0,6.0,0.05,0.0013615506468340755,1.4594769477844238,2.5522499084472656,0.35426610708236694,1.4750257730484009,2.487476348876953,0.041203685104846954,0.12383264303207397,0.08078683912754059,10000,10000,1.0,317.60895843414994,317.60895843414994,29000,True,236,117500,0.0,0.0,1,FIRE,random,19512,30277,30920,37287,10024,107972,0.08495203227228042,1,58998,2,2,317.60895843414994,1041.2476844686585,2,2,,,1,FIRE,False,,
118126,double_dqn,466,7.0,350,0.0,0.0,0.05,,,,,,,,,,10000,10000,1.0,317.72863633285476,317.72863633285476,29032,False,237,118000,0.0,0.0,2,RIGHT,greedy,19516,30301,30942,37367,10033,108093,0.0849347307112744,1,59063,2,2,317.72863633285476,1035.3087524951673,2,2,,,2,RIGHT,False,,
118395,double_dqn,466,,,9.0,9.0,0.05,0.005366141442209482,1.7303485870361328,2.750624179840088,0.5637598633766174,1.7244491577148438,2.838707208633423,0.06889110803604126,0.428267240524292,0.339143842458725,10000,10000,1.0,317.9934300640848,317.9934300640848,29100,True,237,118000,0.0,0.0,2,RIGHT,greedy,19541,30383,31020,37452,10052,108344,0.08490151694313997,0,59198,2,2,317.9934300640848,1023.2971881351212,2,2,,,2,RIGHT,False,,
118396,double_dqn,466,,,1.0,1.0,0.05,0.005366141442209482,1.7303485870361328,2.750624179840088,0.5637598633766174,1.7244491577148438,2.838707208633423,0.06889110803604126,0.428267240524292,0.339143842458725,10000,10000,1.0,317.9930843139525,317.9930843139525,29100,True,237,118000,0.0,0.0,2,RIGHT,greedy,19541,30383,31020,37452,10052,108344,0.08490151694313997,1,59198,2,2,317.9930843139525,1023.2960755173605,2,2,,,2,RIGHT,False,,
118617,double_dqn,467,11.0,543,0.0,0.0,0.05,,,,,,,,,,10000,10000,1.0,318.0058211256468,318.0058211256468,29155,False,238,118500,0.0,0.0,3,LEFT,greedy,19563,30395,31099,37561,10059,108559,0.08480163213003085,0,59309,2,2,318.0058211256468,1013.0307898346216,2,2,,,3,LEFT,False,,
118778,double_dqn,468,5.0,326,0.0,0.0,0.05,,,,,,,,,,10000,10000,1.0,317.87962608836483,317.87962608836483,29195,False,238,118500,0.0,0.0,3,LEFT,greedy,19595,30437,31129,37617,10069,108709,0.08477159069861422,1,59389,2,2,317.87962608836483,1005.3548361786079,2,2,,,3,LEFT,False,,
118795,double_dqn,468,,,1.0,1.0,0.05,0.0023440024815499783,1.6699410676956177,2.4218645095825195,0.5755372643470764,1.6919820308685303,2.4971940517425537,0.04745915159583092,0.23372530937194824,0.15702757239341736,10000,10000,1.0,317.8669983902392,317.8669983902392,29200,True,238,118500,0.0,0.0,1,FIRE,greedy,19596,30449,31131,37620,10070,108726,0.08476716387757163,0,59398,2,2,317.8669983902392,1004.504361054662,2,2,,,1,FIRE,False,,
118796,double_dqn,468,,,0.0,0.0,0.05,0.0023440024815499783,1.6699410676956177,2.4218645095825195,0.5755372643470764,1.6919820308685303,2.4971940517425537,0.04745915159583092,0.23372530937194824,0.15702757239341736,10000,10000,1.0,317.86668338033223,317.86668338033223,29200,True,238,118500,0.0,0.0,1,FIRE,greedy,19596,30449,31131,37620,10070,108726,0.08476716387757163,1,59398,2,2,317.86668338033223,1004.5033655791111,2,2,,,1,FIRE,False,,
119195,double_dqn,468,,,5.0,5.0,0.05,0.020927345380187035,1.6726648807525635,2.6097352504730225,0.4228498041629791,1.658050298690796,2.5845963954925537,0.08169393986463547,1.1075327396392822,0.7133185267448425,10000,10000,1.0,317.63314841938353,317.63314841938353,29300,True,239,119000,0.0,0.0,1,FIRE,greedy,19647,30571,31222,37756,10093,109103,0.08467566025705561,0,59598,2,2,317.63314841938353,986.1585944727245,2,2,,,1,FIRE,False,,
119196,double_dqn,468,,,3.0,3.0,0.05,0.020927345380187035,1.6726648807525635,2.6097352504730225,0.4228498041629791,1.658050298690796,2.5845963954925537,0.08169393986463547,1.1075327396392822,0.7133185267448425,10000,10000,1.0,317.6327852425842,317.6327852425842,29300,True,239,119000,0.0,0.0,1,FIRE,greedy,19647,30571,31222,37756,10093,109103,0.08467566025705561,1,59598,2,2,317.6327852425842,986.1574669143329,2,2,,,1,FIRE,False,,
119292,double_dqn,469,4.0,257,0.0,0.0,0.05,,,,,,,,,,10000,10000,1.0,317.48589926945186,317.48589926945186,29324,True,239,119000,0.0,0.0,1,FIRE,greedy,19651,30589,31258,37794,10102,109190,0.08468296281393556,1,59646,2,2,317.48589926945186,981.5863543347359,2,2,,,1,FIRE,False,,
119447,double_dqn,470,8.0,415,0.0,0.0,0.05,,,,,,,,,,10000,10000,1.0,317.190125540134,317.190125540134,29363,True,239,119000,0.0,0.0,3,LEFT,greedy,19657,30631,31301,37859,10106,109342,0.08460585359319536,0,59724,2,2,317.190125540134,974.0776973343769,2,2,,,3,LEFT,False,,
119595,double_dqn,470,,,1.0,1.0,0.05,0.0066314637660980225,1.602439045906067,2.6326582431793213,0.4156973659992218,1.5817631483078003,2.881831407546997,0.07561436295509338,0.43231430649757385,0.3276444971561432,10000,10000,1.0,317.2629816476004,317.2629816476004,29400,True,240,119500,0.0,0.0,3,LEFT,greedy,19664,30697,31338,37897,10112,109484,0.08455132278671527,0,59798,2,2,317.2629816476004,968.1410377915498,2,2,,,3,LEFT,False,,
119596,double_dqn,470,,,2.0,2.0,0.05,0.0066314637660980225,1.602439045906067,2.6326582431793213,0.4156973659992218,1.5817631483078003,2.881831407546997,0.07561436295509338,0.43231430649757385,0.3276444971561432,10000,10000,1.0,317.26265599068773,317.26265599068773,29400,True,240,119500,0.0,0.0,2,RIGHT,greedy,19664,30697,31338,37897,10112,109484,0.08455132278671527,1,59798,2,2,317.26265599068773,968.1400440360862,2,2,,,2,RIGHT,False,,
119995,double_dqn,470,,,4.0,4.0,0.05,0.005686730612069368,1.6173932552337646,2.586608409881592,0.5187017321586609,1.6638257503509521,2.7237181663513184,0.06090633571147919,0.49939095973968506,0.39890825748443604,10000,10000,1.0,317.0114205230755,317.0114205230755,29500,True,240,119500,0.0,0.0,3,LEFT,greedy,19707,30810,31440,38039,10134,109862,0.08445281509383647,0,59998,2,2,317.0114205230755,951.1927989869716,2,2,,,3,LEFT,False,,
119996,double_dqn,470,,,7.0,7.0,0.05,0.005686730612069368,1.6173932552337646,2.586608409881592,0.5187017321586609,1.6638257503509521,2.7237181663513184,0.06090633571147919,0.49939095973968506,0.39890825748443604,10000,10000,1.0,317.01015955090037,317.01015955090037,29500,True,240,119500,0.0,0.0,2,RIGHT,greedy,19707,30810,31440,38039,10134,109862,0.08445281509383647,1,59998,2,2,317.01015955090037,951.189015439834,2,2,,,2,RIGHT,False,,
120056,double_dqn,471,8.0,382,0.0,0.0,0.05,,,,,,,,,,10000,10000,1.0,316.983706454207,316.983706454207,29515,True,241,120000,0.0,0.0,1,FIRE,greedy,19712,30820,31466,38058,10138,109918,0.08444392616778837,1,60028,2,2,316.983706454207,948.7384289505951,2,2,,,1,FIRE,False,,
120135,double_dqn,472,5.0,344,0.0,0.0,0.05,,,,,,,,,,10000,10000,1.0,316.7642475472647,316.7642475472647,29535,True,241,120000,0.0,0.0,1,FIRE,greedy,19714,30848,31473,38101,10140,109996,0.08440434174602117,0,60068,2,2,316.7642475472647,944.944121060245,2,2,,,1,FIRE,False,,
120395,double_dqn,472,,,2.0,2.0,0.05,0.009020324796438217,1.803159475326538,2.8837029933929443,0.842823326587677,1.7915520668029785,2.980360507965088,0.07896604388952255,0.5010311603546143,0.6801694631576538,10000,10000,1.0,316.77495340031976,316.77495340031976,29600,True,241,120000,0.0,0.0,2,RIGHT,greedy,19723,30922,31554,38197,10151,110245,0.08431343233994484,0,60198,2,2,316.77495340031976,934.9489431649563,2,2,,,2,RIGHT,False,,
120396,double_dqn,472,,,2.0,2.0,0.05,0.009020324796438217,1.803159475326538,2.8837029933929443,0.842823326587677,1.7915520668029785,2.980360507965088,0.07896604388952255,0.5010311603546143,0.6801694631576538,10000,10000,1.0,316.77463951062794,316.77463951062794,29600,True,241,120000,0.0,0.0,3,LEFT,random,19723,30922,31554,38197,10151,110245,0.08431343233994484,1,60198,2,2,316.77463951062794,934.9480167317504,2,2,,,3,LEFT,False,,
120795,double_dqn,472,,,5.0,5.0,0.05,0.0020234924741089344,1.559867024421692,2.303490400314331,0.581953763961792,1.561704158782959,2.251518726348877,0.043815407902002335,0.24817174673080444,0.15803386270999908,10000,10000,1.0,316.5233267727262,316.5233267727262,29700,True,242,120500,0.0,0.0,3,LEFT,greedy,19771,30991,31669,38365,10172,110624,0.08420808636047551,0,60398,2,2,316.5233267727262,919.2813949999576,2,2,,,3,LEFT,False,,
120796,double_dqn,472,,,7.0,7.0,0.05,0.0020234924741089344,1.559867024421692,2.303490400314331,0.581953763961792,1.561704158782959,2.251518726348877,0.043815407902002335,0.24817174673080444,0.15803386270999908,10000,10000,1.0,316.52302663643013,316.52302663643013,29700,True,242,120500,0.0,0.0,2,RIGHT,greedy,19771,30991,31669,38365,10172,110624,0.08420808636047551,1,60398,2,2,316.52302663643013,919.2805233115555,2,2,,,2,RIGHT,False,,
120812,double_dqn,473,7.0,378,0.0,0.0,0.05,,,,,,,,,,10000,10000,1.0,316.4979017481532,316.4979017481532,29704,True,242,120500,0.0,0.0,2,RIGHT,greedy,19774,30993,31674,38371,10172,110640,0.08419693407939609,1,60406,2,2,316.4979017481532,918.6225376224746,2,2,,,2,RIGHT,False,,
121195,double_dqn,473,,,10.0,10.0,0.05,0.0019722897559404373,1.8028154373168945,2.7182724475860596,0.7139917612075806,1.8439191579818726,2.8429253101348877,0.04600779712200165,0.18598413467407227,0.28900161385536194,10000,10000,1.0,316.61253955429277,316.61253955429277,29800,True,243,121000,0.0,0.0,0,NOOP,random,19811,31046,31810,38529,10194,111002,0.08411168685435162,0,60598,2,2,316.61253955429277,905.174876010145,2,2,,,0,NOOP,False,,
121196,double_dqn,473,,,5.0,5.0,0.05,0.0019722897559404373,1.8028154373168945,2.7182724475860596,0.7139917612075806,1.8439191579818726,2.8429253101348877,0.04600779712200165,0.18598413467407227,0.28900161385536194,10000,10000,1.0,316.61220944614604,316.61220944614604,29800,True,243,121000,0.0,0.0,3,LEFT,greedy,19811,31046,31810,38529,10194,111002,0.08411168685435162,1,60598,2,2,316.61220944614604,905.1739322521966,2,2,,,3,LEFT,False,,
121243,double_dqn,474,11.0,554,0.0,0.0,0.05,,,,,,,,,,10000,10000,1.0,316.6201729526016,316.6201729526016,29812,True,243,121000,0.0,0.0,0,NOOP,greedy,19815,31048,31827,38554,10197,111047,0.08410313087657946,0,60622,2,2,316.6201729526016,903.5091378616369,2,2,,,0,NOOP,False,,
121595,double_dqn,474,,,4.0,4.0,0.05,0.0022665923461318016,1.6813931465148926,2.6731510162353516,0.6827261447906494,1.6993343830108643,2.6231908798217773,0.049765124917030334,0.18668663501739502,0.17233143746852875,10000,10000,1.0,316.320261338952,316.320261338952,29900,True,244,121500,0.0,0.0,0,NOOP,greedy,19912,31105,31937,38642,10209,111387,0.08395835389322018,0,60798,2,2,316.320261338952,890.518579777996,2,2,,,0,NOOP,False,,
121596,double_dqn,474,,,9.0,9.0,0.05,0.0022665923461318016,1.6813931465148926,2.6731510162353516,0.6827261447906494,1.6993343830108643,2.6231908798217773,0.049765124917030334,0.18668663501739502,0.17233143746852875,10000,10000,1.0,316.3199485988251,316.3199485988251,29900,True,244,121500,0.0,0.0,0,NOOP,greedy,19912,31105,31937,38642,10209,111387,0.08395835389322018,1,60798,2,2,316.3199485988251,890.5176993383666,2,2,,,0,NOOP,False,,
121917,double_dqn,475,6.0,337,0.0,0.0,0.05,,,,,,,,,,10000,10000,1.0,316.1405186991423,316.1405186991423,29980,False,244,121500,0.0,0.0,1,FIRE,greedy,19947,31176,32027,38768,10227,111691,0.08388425006971899,0,60959,2,2,316.1405186991423,879.2595072260707,2,2,,,1,FIRE,False,,
121995,double_dqn,475,,,0.0,0.0,0.05,0.003102595219388604,1.7610353231430054,2.616992950439453,0.6138124465942383,1.776335597038269,2.6690869331359863,0.05706079304218292,0.25784850120544434,0.19722487032413483,10000,10000,1.0,316.0499932751125,316.0499932751125,30000,True,244,121500,0.0,0.0,1,FIRE,greedy,19955,31181,32057,38803,10230,111766,0.08385520836748746,0,60998,2,2,316.0499932751125,876.4510588195724,2,2,,,1,FIRE,False,,
121996,double_dqn,475,,,13.0,13.0,0.05,0.003102595219388604,1.7610353231430054,2.616992950439453,0.6138124465942383,1.776335597038269,2.6690869331359863,0.05706079304218292,0.25784850120544434,0.19722487032413483,10000,10000,1.0,316.0496808425893,316.0496808425893,30000,True,244,121500,0.0,0.0,3,LEFT,greedy,19955,31181,32057,38803,10230,111766,0.08385520836748746,1,60998,2,2,316.0496808425893,876.4501924002665,2,2,,,3,LEFT,False,,
122156,double_dqn,476,18.0,672,0.0,0.0,0.05,,,,,,,,,,10000,10000,1.0,315.9921542722891,315.9921542722891,30040,True,245,122000,0.0,0.0,3,LEFT,greedy,19957,31208,32104,38887,10235,111921,0.08378630603490618,1,61078,2,2,315.9921542722891,871.1034843222095,2,2,,,3,LEFT,False,,
122395,double_dqn,476,,,4.0,4.0,0.05,0.0012105689384043217,1.5034151077270508,2.7259838581085205,0.5240529775619507,1.5140163898468018,2.747032642364502,0.03817830979824066,0.14331847429275513,0.1687975972890854,10000,10000,1.0,316.070119503955,316.070119503955,30100,True,245,122000,0.0,0.0,3,LEFT,greedy,20001,31312,32144,38939,10251,112145,0.0837527370175496,0,61198,2,2,316.070119503955,863.6747264423575,2,2,,,3,LEFT,False,,
122396,double_dqn,476,,,2.0,2.0,0.05,0.0012105689384043217,1.5034151077270508,2.7259838581085205,0.5240529775619507,1.5140163898468018,2.747032642364502,0.03817830979824066,0.14331847429275513,0.1687975972890854,10000,10000,1.0,316.0698237636178,316.0698237636178,30100,True,245,122000,0.0,0.0,1,FIRE,greedy,20001,31312,32144,38939,10251,112145,0.0837527370175496,1,61198,2,2,316.0698237636178,863.6739183196054,2,2,,,1,FIRE,False,,
122795,double_dqn,476,,,7.0,7.0,0.05,0.003524250350892544,1.8896737098693848,2.9661166667938232,1.0715678930282593,1.9218052625656128,3.041163206100464,0.05850519612431526,0.265148401260376,0.2598729729652405,10000,10000,1.0,315.90634949328125,315.90634949328125,30200,True,246,122500,0.0,0.0,3,LEFT,greedy,20091,31418,32237,39050,10278,112518,0.08369979478158898,0,61398,2,2,315.90634949328125,850.8518181342553,2,2,,,3,LEFT,False,,
122796,double_dqn,476,,,5.0,5.0,0.05,0.003524250350892544,1.8896737098693848,2.9661166667938232,1.0715678930282593,1.9218052625656128,3.041163206100464,0.05850519612431526,0.265148401260376,0.2598729729652405,10000,10000,1.0,315.906058367724,315.906058367724,30200,True,246,122500,0.0,0.0,2,RIGHT,greedy,20091,31418,32237,39050,10278,112518,0.08369979478158898,1,61398,2,2,315.906058367724,850.8510340262116,2,2,,,2,RIGHT,False,,
122865,double_dqn,477,8.0,474,0.0,0.0,0.05,,,,,,,,,,10000,10000,1.0,315.8945204241382,315.8945204241382,30217,False,246,122500,0.0,0.0,1,FIRE,greedy,20103,31427,32257,39079,10282,112584,0.08368466459394788,0,61433,2,2,315.8945204241382,848.6988573959627,2,2,,,1,FIRE,False,,
123048,double_dqn,478,7.0,446,0.0,0.0,0.05,,,,,,,,,,10000,10000,1.0,315.69062680104736,315.69062680104736,30263,True,247,123000,0.0,0.0,3,LEFT,greedy,20122,31489,32298,39139,10291,112757,0.08363402899681426,1,61524,2,2,315.69062680104736,842.7000227051213,2,2,,,3,LEFT,False,,
123195,double_dqn,478,,,3.0,3.0,0.05,0.001795198768377304,1.5981342792510986,2.426654577255249,0.4744996130466461,1.6075478792190552,2.426628589630127,0.041779775172472,0.1822986602783203,0.14214195311069489,10000,10000,1.0,315.6829011578184,315.6829011578184,30300,True,247,123000,0.0,0.0,1,FIRE,greedy,20137,31563,32321,39175,10295,112901,0.08356602487093737,0,61598,2,2,315.6829011578184,838.309852798728,2,2,,,1,FIRE,False,,
123196,double_dqn,478,,,1.0,1.0,0.05,0.001795198768377304,1.5981342792510986,2.426654577255249,0.4744996130466461,1.6075478792190552,2.426628589630127,0.041779775172472,0.1822986602783203,0.14214195311069489,10000,10000,1.0,315.6826343617118,315.6826343617118,30300,True,247,123000,0.0,0.0,1,FIRE,greedy,20137,31563,32321,39175,10295,112901,0.08356602487093737,1,61598,2,2,315.6826343617118,838.3091443099122,2,2,,,1,FIRE,False,,
123437,double_dqn,479,5.0,286,0.0,0.0,0.05,,,,,,,,,,10000,10000,1.0,315.6675047369391,315.6675047369391,30360,False,247,123000,0.0,0.0,1,FIRE,greedy,20150,31629,32386,39273,10307,113131,0.08349940860999044,0,61719,2,2,315.6675047369391,831.2433964015336,2,2,,,1,FIRE,False,,
123595,double_dqn,479,,,2.0,2.0,0.05,0.0010478559415787458,1.9267805814743042,2.912242889404297,0.8164951205253601,1.9427123069763184,2.8374085426330566,0.03329391032457352,0.1684328317642212,0.09935138374567032,10000,10000,1.0,315.6466827123936,315.6466827123936,30400,True,248,123500,0.0,0.0,3,LEFT,greedy,20153,31682,32428,39333,10318,113278,0.08348166607333571,0,61798,2,2,315.6466827123936,826.6796786853917,2,2,,,3,LEFT,False,,
123596,double_dqn,479,,,8.0,5.0,0.05,0.0010478559415787458,1.9267805814743042,2.912242889404297,0.8164951205253601,1.9427123069763184,2.8374085426330566,0.03329391032457352,0.1684328317642212,0.09935138374567032,10000,10000,1.0,315.64641543223087,315.64641543223087,30400,True,248,123500,0.0,0.0,1,FIRE,fire_reset,20153,31682,32428,39333,10318,113278,0.08348166607333571,1,61798,2,2,315.64641543223087,826.6789786777846,2,2,,,3,LEFT,True,after_life_loss,
123952,double_dqn,480,11.0,452,0.0,0.0,0.05,,,,,,,,,,10000,10000,1.0,315.77939886860804,315.77939886860804,30489,True,248,123500,0.0,0.0,3,LEFT,greedy,20185,31771,32551,39445,10338,113614,0.08340325287207952,1,61976,2,2,315.77939886860804,817.0818313410509,2,2,,,3,LEFT,False,,
123995,double_dqn,480,,,7.0,7.0,0.05,0.0018404873553663492,1.651644229888916,2.720060110092163,0.6241265535354614,1.6824448108673096,2.708177328109741,0.04545389488339424,0.17626559734344482,0.2552237808704376,10000,10000,1.0,315.7562324453776,315.7562324453776,30500,True,248,123500,0.0,0.0,1,FIRE,greedy,20190,31798,32553,39455,10338,113658,0.08337365721474886,0,61998,2,2,315.7562324453776,815.8132563405783,2,2,,,1,FIRE,False,,
123996,double_dqn,480,,,0.0,0.0,0.05,0.0018404873553663492,1.651644229888916,2.720060110092163,0.6241265535354614,1.6824448108673096,2.708177328109741,0.04545389488339424,0.17626559734344482,0.2552237808704376,10000,10000,1.0,315.75595614226296,315.75595614226296,30500,True,248,123500,0.0,0.0,0,NOOP,greedy,20190,31798,32553,39455,10338,113658,0.08337365721474886,1,61998,2,2,315.75595614226296,815.8125424615777,2,2,,,0,NOOP,False,,
124395,double_dqn,480,,,11.0,11.0,0.05,0.001726582646369934,1.718308925628662,2.714505434036255,0.7874990701675415,1.7246813774108887,2.649825096130371,0.04204065725207329,0.16485166549682617,0.15074458718299866,10000,10000,1.0,315.45391669521376,315.45391669521376,30600,True,249,124000,0.0,0.0,3,LEFT,random,20288,31872,32672,39564,10359,114037,0.08327438181292003,0,62198,2,2,315.45391669521376,804.2549069769186,2,2,,,3,LEFT,False,,
124396,double_dqn,480,,,5.0,5.0,0.05,0.001726582646369934,1.718308925628662,2.714505434036255,0.7874990701675415,1.7246813774108887,2.649825096130371,0.04204065725207329,0.16485166549682617,0.15074458718299866,10000,10000,1.0,315.45365523125434,315.45365523125434,30600,True,249,124000,0.0,0.0,1,FIRE,greedy,20288,31872,32672,39564,10359,114037,0.08327438181292003,1,62198,2,2,315.45365523125434,804.2542403702885,2,2,,,1,FIRE,False,,
124527,double_dqn,481,12.0,545,0.0,0.0,0.05,,,,,,,,,,10000,10000,1.0,315.3490069780855,315.3490069780855,30633,True,250,124500,0.0,0.0,3,LEFT,greedy,20297,31885,32711,39635,10369,114159,0.08326641397918541,0,62264,2,2,315.3490069780855,800.5092372180169,2,2,,,3,LEFT,False,,
124718,double_dqn,482,7.0,383,0.0,0.0,0.05,,,,,,,,,,10000,10000,1.0,315.3097228924936,315.3097228924936,30680,False,250,124500,0.0,0.0,3,LEFT,greedy,20306,31950,32762,39700,10376,114342,0.08319568947545664,1,62359,2,2,315.3097228924936,795.4688490109639,2,2,,,3,LEFT,False,,
124795,double_dqn,482,,,3.0,3.0,0.05,0.002510644495487213,1.7361395359039307,2.4759535789489746,0.9784101247787476,1.7786483764648438,2.5370802879333496,0.055072832852602005,0.14516031742095947,0.25723862648010254,10000,10000,1.0,315.3688420797051,315.3688420797051,30700,True,250,124500,0.0,0.0,3,LEFT,greedy,20319,31962,32789,39726,10379,114417,0.0831677297349274,0,62398,2,2,315.3688420797051,793.6112682726825,2,2,,,3,LEFT,False,,
124796,double_dqn,482,,,0.0,0.0,0.05,0.002510644495487213,1.7361395359039307,2.4759535789489746,0.9784101247787476,1.7786483764648438,2.5370802879333496,0.055072832852602005,0.14516031742095947,0.25723862648010254,10000,10000,1.0,315.3685649179813,315.3685649179813,30700,True,250,124500,0.0,0.0,2,RIGHT,greedy,20319,31962,32789,39726,10379,114417,0.0831677297349274,1,62398,2,2,315.3685649179813,793.6105708078802,2,2,,,2,RIGHT,False,,
125195,double_dqn,482,,,6.0,6.0,0.05,0.002173884306102991,1.8170360326766968,2.8310282230377197,0.551671028137207,1.841243028640747,2.8908026218414307,0.04680868983268738,0.19961631298065186,0.1568431556224823,10000,10000,1.0,315.08953740130556,315.08953740130556,30800,True,251,125000,0.0,0.0,2,RIGHT,greedy,20347,32064,32934,39851,10397,114799,0.08304578421035816,0,62598,2,2,315.08953740130556,782.8216725768743,2,2,,,2,RIGHT,False,,
125196,double_dqn,482,,,4.0,4.0,0.05,0.002173884306102991,1.8170360326766968,2.8310282230377197,0.551671028137207,1.841243028640747,2.8908026218414307,0.04680868983268738,0.19961631298065186,0.1568431556224823,10000,10000,1.0,315.08927260887197,315.08927260887197,30800,True,251,125000,0.0,0.0,2,RIGHT,greedy,20347,32064,32934,39851,10397,114799,0.08304578421035816,1,62598,2,2,315.08927260887197,782.8210147154376,2,2,,,2,RIGHT,False,,
125369,double_dqn,483,7.0,421,0.0,0.0,0.05,,,,,,,,,,10000,10000,1.0,315.1767115195087,315.1767115195087,30843,False,251,125000,0.0,0.0,3,LEFT,greedy,20368,32088,32999,39915,10398,114972,0.08293850203397943,0,62685,2,2,315.1767115195087,778.7486070792432,2,2,,,3,LEFT,False,,
125595,double_dqn,483,,,2.0,2.0,0.05,0.0074640242382884026,1.7170733213424683,2.577583074569702,0.5603097677230835,1.7695043087005615,2.948646068572998,0.0683121383190155,0.5992147922515869,0.5577195882797241,10000,10000,1.0,315.11186615268934,315.11186615268934,30900,True,252,125500,0.0,0.0,1,FIRE,greedy,20416,32150,33068,39962,10413,115183,0.08290869135959744,0,62798,2,2,315.11186615268934,773.1049761938032,2,2,,,1,FIRE,False,,
125596,double_dqn,483,,,9.0,9.0,0.05,0.0074640242382884026,1.7170733213424683,2.577583074569702,0.5603097677230835,1.7695043087005615,2.948646068572998,0.0683121383190155,0.5992147922515869,0.5577195882797241,10000,10000,1.0,315.11158955641633,315.11158955641633,30900,True,252,125500,0.0,0.0,0,NOOP,random,20416,32150,33068,39962,10413,115183,0.08290869135959744,1,62798,2,2,315.11158955641633,773.1042975841472,2,2,,,0,NOOP,False,,
125810,double_dqn,484,11.0,546,0.0,0.0,0.05,,,,,,,,,,10000,10000,1.0,314.8288886871911,314.8288886871911,30953,False,252,125500,0.0,0.0,0,NOOP,greedy,20451,32240,33104,40015,10422,115388,0.08283920197122645,1,62905,2,2,314.8288886871911,767.3115553222689,2,2,,,0,NOOP,False,,
125917,double_dqn,485,4.0,274,0.0,0.0,0.05,,,,,,,,,,10000,10000,1.0,314.53617780707845,314.53617780707845,30980,False,252,125500,0.0,0.0,3,LEFT,greedy,20468,32257,33138,40055,10430,115488,0.08283168411188234,0,62959,2,2,314.53617780707845,764.0590793485551,2,2,,,3,LEFT,False,,
125995,double_dqn,485,,,0.0,0.0,0.05,0.002575029619038105,1.8446455001831055,2.9643912315368652,0.788871169090271,1.8533077239990234,2.8896775245666504,0.050696961581707,0.1806889772415161,0.19795438647270203,10000,10000,1.0,314.46370957166937,314.46370957166937,31000,True,252,125500,0.0,0.0,1,FIRE,greedy,20483,32284,33163,40066,10432,115564,0.08279627924696022,0,62998,2,2,314.46370957166937,762.0628087242663,2,2,,,1,FIRE,False,,
125996,double_dqn,485,,,1.0,1.0,0.05,0.002575029619038105,1.8446455001831055,2.9643912315368652,0.788871169090271,1.8533077239990234,2.8896775245666504,0.050696961581707,0.1806889772415161,0.19795438647270203,10000,10000,1.0,314.46344443693295,314.46344443693295,31000,True,252,125500,0.0,0.0,1,FIRE,random,20483,32284,33163,40066,10432,115564,0.08279627924696022,1,62998,2,2,314.46344443693295,762.0621662039506,2,2,,,1,FIRE,False,,
126395,double_dqn,485,,,5.0,5.0,0.05,0.002837863052263856,1.7462964057922363,2.841371536254883,0.6192721724510193,1.771394968032837,2.680633068084717,0.05330616235733032,0.2382495403289795,0.233668714761734,10000,10000,1.0,314.1393522638304,314.1393522638304,31100,True,253,126000,0.0,0.0,1,FIRE,greedy,20548,32396,33257,40195,10449,115947,0.08266875534035888,0,63198,2,2,314.1393522638304,752.1207298215469,2,2,,,1,FIRE,False,,
126396,double_dqn,485,,,5.0,5.0,0.05,0.002837863052263856,1.7462964057922363,2.841371536254883,0.6192721724510193,1.771394968032837,2.680633068084717,0.05330616235733032,0.2382495403289795,0.233668714761734,10000,10000,1.0,314.13910065792203,314.13910065792203,31100,True,253,126000,0.0,0.0,1,FIRE,greedy,20548,32396,33257,40195,10449,115947,0.08266875534035888,1,63198,2,2,314.13910065792203,752.1201274200392,2,2,,,1,FIRE,False,,
126458,double_dqn,486,5.0,324,0.0,0.0,0.05,,,,,,,,,,10000,10000,1.0,314.11536106822194,314.11536106822194,31115,False,253,126000,0.0,0.0,0,NOOP,greedy,20560,32416,33272,40210,10454,116004,0.0826677632099195,1,63229,2,2,314.11536106822194,750.6689910417493,2,2,,,0,NOOP,False,,
126685,double_dqn,487,8.0,384,0.0,0.0,0.05,,,,,,,,,,10000,10000,1.0,313.5463943386827,313.5463943386827,31172,False,254,126500,0.0,0.0,3,LEFT,greedy,20594,32498,33313,40281,10470,116216,0.08264528045719338,0,63343,2,2,313.5463943386827,744.2467682153631,2,2,,,3,LEFT,False,,
126795,double_dqn,487,,,1.0,1.0,0.05,0.006441834382712841,1.632704734802246,2.512415647506714,0.8181068301200867,1.614306926727295,2.3647780418395996,0.08272044360637665,0.3326643705368042,0.39920327067375183,10000,10000,1.0,313.402147396863,313.402147396863,31200,True,254,126500,0.0,0.0,1,FIRE,fire_reset,20616,32543,33348,40289,10474,116322,0.0826051294993533,0,63398,2,2,313.402147396863,741.4938550778593,2,2,,,3,LEFT,True,after_life_loss,
126796,double_dqn,487,,,2.0,2.0,0.05,0.006441834382712841,1.632704734802246,2.512415647506714,0.8181068301200867,1.614306926727295,2.3647780418395996,0.08272044360637665,0.3326643705368042,0.39920327067375183,10000,10000,1.0,313.401872850727,313.401872850727,31200,True,254,126500,0.0,0.0,2,RIGHT,greedy,20616,32543,33348,40289,10474,116322,0.0826051294993533,1,63398,2,2,313.401872850727,741.49320551539,2,2,,,2,RIGHT,False,,
127104,double_dqn,488,6.0,323,0.0,0.0,0.05,,,,,,,,,,10000,10000,1.0,313.14914809480865,313.14914809480865,31277,True,255,127000,0.0,0.0,1,FIRE,greedy,20627,32635,33421,40421,10491,116613,0.0825387084592145,1,63552,2,2,313.14914809480865,734.2552634194686,2,2,,,1,FIRE,False,,
127195,double_dqn,488,,,4.0,4.0,0.05,0.002413177164271474,1.7836335897445679,2.684488296508789,0.6142375469207764,1.8203670978546143,2.702939748764038,0.05309280753135681,0.20785212516784668,0.19826339185237885,10000,10000,1.0,313.1606163557027,313.1606163557027,31300,True,255,127000,0.0,0.0,0,NOOP,greedy,20634,32648,33454,40460,10495,116701,0.08251045630365735,0,63598,2,2,313.1606163557027,732.3278746503155,2,2,,,0,NOOP,False,,
127196,double_dqn,488,,,1.0,1.0,0.05,0.002413177164271474,1.7836335897445679,2.684488296508789,0.6142375469207764,1.8203670978546143,2.702939748764038,0.05309280753135681,0.20785212516784668,0.19826339185237885,10000,10000,1.0,313.1603909794193,313.1603909794193,31300,True,255,127000,0.0,0.0,1,FIRE,greedy,20634,32648,33454,40460,10495,116701,0.08251045630365735,1,63598,2,2,313.1603909794193,732.3273476066005,2,2,,,1,FIRE,False,,
127393,double_dqn,489,7.0,354,0.0,0.0,0.05,,,,,,,,,,10000,10000,1.0,313.09848446967624,313.09848446967624,31349,False,255,127000,0.0,0.0,3,LEFT,greedy,20662,32693,33502,40537,10503,116891,0.08244501310893762,0,63697,2,2,313.09848446967624,728.0219816479874,2,2,,,3,LEFT,False,,
127595,double_dqn,489,,,0.0,0.0,0.05,0.0026493214536458254,1.9578901529312134,2.699321985244751,1.0959101915359497,2.0025086402893066,2.6525306701660156,0.06075872480869293,0.17496490478515625,0.36678576469421387,10000,10000,1.0,312.9700057621039,312.9700057621039,31400,True,256,127500,0.0,0.0,0,NOOP,random,20683,32768,33582,40563,10516,117080,0.08241637668892442,0,63798,2,2,312.9700057621039,723.5418331501196,2,2,,,0,NOOP,False,,
127596,double_dqn,489,,,5.0,5.0,0.05,0.0026493214536458254,1.9578901529312134,2.699321985244751,1.0959101915359497,2.0025086402893066,2.6525306701660156,0.06075872480869293,0.17496490478515625,0.36678576469421387,10000,10000,1.0,312.96977114486685,312.96977114486685,31400,True,256,127500,0.0,0.0,3,LEFT,greedy,20683,32768,33582,40563,10516,117080,0.08241637668892442,1,63798,2,2,312.96977114486685,723.541290748667,2,2,,,3,LEFT,False,,
127814,double_dqn,490,6.0,355,0.0,0.0,0.05,,,,,,,,,,10000,10000,1.0,313.03721569614055,313.03721569614055,31454,False,256,127500,0.0,0.0,3,LEFT,greedy,20700,32791,33661,40662,10531,117283,0.08239316506798942,1,63907,2,2,313.03721569614055,719.2517920289514,2,2,,,3,LEFT,False,,
127995,double_dqn,490,,,5.0,5.0,0.05,0.005630479194223881,1.8159242868423462,2.718156576156616,0.5851932168006897,1.8212509155273438,2.6572868824005127,0.06874235719442368,0.4599723815917969,0.31729015707969666,10000,10000,1.0,313.0656968873999,313.0656968873999,31500,True,256,127500,0.0,0.0,3,LEFT,greedy,20723,32818,33715,40740,10545,117451,0.08238538704334511,0,63998,2,2,313.0656968873999,715.6586108515437,2,2,,,3,LEFT,False,,
127996,double_dqn,490,,,1.0,1.0,0.05,0.005630479194223881,1.8159242868423462,2.718156576156616,0.5851932168006897,1.8212509155273438,2.6572868824005127,0.06874235719442368,0.4599723815917969,0.31729015707969666,10000,10000,1.0,313.0654917370934,313.0654917370934,31500,True,256,127500,0.0,0.0,2,RIGHT,greedy,20723,32818,33715,40740,10545,117451,0.08238538704334511,1,63998,2,2,313.0654917370934,715.6581418842156,2,2,,,2,RIGHT,False,,
128111,double_dqn,491,7.0,359,0.0,0.0,0.05,,,,,,,,,,10000,10000,1.0,313.09850386420317,313.09850386420317,31529,True,257,128000,0.0,0.0,3,LEFT,greedy,20745,32841,33739,40787,10550,117562,0.08234981890845511,0,64056,2,2,313.09850386420317,713.4262152648478,2,2,,,3,LEFT,False,,
128395,double_dqn,491,,,2.0,2.0,0.05,0.001987957861274481,1.7695558071136475,2.826725721359253,0.5488600730895996,1.7713699340820312,2.7904157638549805,0.04583991318941116,0.22617340087890625,0.18577562272548676,10000,10000,1.0,313.16683051260634,313.16683051260634,31600,True,257,128000,0.0,0.0,1,FIRE,greedy,20763,32913,33840,40880,10564,117832,0.08227670643945294,0,64198,2,2,313.16683051260634,708.0111348516799,2,2,,,1,FIRE,False,,
128396,double_dqn,491,,,5.0,5.0,0.05,0.001987957861274481,1.7695558071136475,2.826725721359253,0.5488600730895996,1.7713699340820312,2.7904157638549805,0.04583991318941116,0.22617340087890625,0.18577562272548676,10000,10000,1.0,313.1666212138489,313.1666212138489,31600,True,257,128000,0.0,0.0,2,RIGHT,greedy,20763,32913,33840,40880,10564,117832,0.08227670643945294,1,64198,2,2,313.1666212138489,708.0106616666668,2,2,,,2,RIGHT,False,,
128504,double_dqn,492,6.0,345,0.0,0.0,0.05,,,,,,,,,,10000,10000,1.0,313.1641905232941,313.1641905232941,31627,True,258,128500,0.0,0.0,2,RIGHT,greedy,20771,32933,33872,40928,10569,117935,0.08224646703604557,1,64252,2,2,313.1641905232941,705.9158563535888,2,2,,,2,RIGHT,False,,
128795,double_dqn,492,,,5.0,5.0,0.05,0.0025939648039638996,2.021761894226074,2.8020503520965576,1.20554518699646,2.0553739070892334,2.7530031204223633,0.05159548670053482,0.21617507934570312,0.24541930854320526,10000,10000,1.0,313.1999519553313,313.1999519553313,31700,True,258,128500,0.0,0.0,0,NOOP,greedy,20831,33016,33935,41014,10583,118213,0.08216870089133203,0,64398,2,2,313.1999519553313,700.425423878991,2,2,,,0,NOOP,False,,
128796,double_dqn,492,,,1.0,1.0,0.05,0.0025939648039638996,2.021761894226074,2.8020503520965576,1.20554518699646,2.0553739070892334,2.7530031204223633,0.05159548670053482,0.21617507934570312,0.24541930854320526,10000,10000,1.0,313.19974245475095,313.19974245475095,31700,True,258,128500,0.0,0.0,0,NOOP,greedy,20831,33016,33935,41014,10583,118213,0.08216870089133203,1,64398,2,2,313.19974245475095,700.4249553618923,2,2,,,0,NOOP,False,,
128917,double_dqn,493,7.0,403,0.0,0.0,0.05,,,,,,,,,,10000,10000,1.0,313.215191995003,313.215191995003,31730,False,258,128500,0.0,0.0,3,LEFT,greedy,20860,33020,33978,41060,10592,118326,0.08216075334708885,0,64459,2,2,313.215191995003,698.165089591462,2,2,,,3,LEFT,False,,
129064,double_dqn,494,4.0,280,0.0,0.0,0.05,,,,,,,,,,10000,10000,1.0,313.21121611929277,313.21121611929277,31767,True,259,129000,0.0,0.0,2,RIGHT,greedy,20866,33049,34030,41119,10601,118463,0.08213754416413563,1,64532,2,2,313.21121611929277,695.4358036956442,2,2,,,2,RIGHT,False,,
129195,double_dqn,494,,,3.0,3.0,0.05,0.007830051705241203,1.7299911975860596,2.7803738117218018,0.36946365237236023,1.8017590045928955,2.7849655151367188,0.09081946313381195,0.37076807022094727,0.6688753366470337,10000,10000,1.0,313.1784006803887,313.1784006803887,31800,True,259,129000,0.0,0.0,3,LEFT,greedy,20893,33074,34063,41166,10614,118582,0.08215424626149416,0,64598,2,2,313.1784006803887,692.9270560060196,2,2,,,3,LEFT,False,,
129196,double_dqn,494,,,1.0,1.0,0.05,0.007830051705241203,1.7299911975860596,2.7803738117218018,0.36946365237236023,1.8017590045928955,2.7849655151367188,0.09081946313381195,0.37076807022094727,0.6688753366470337,10000,10000,1.0,313.17815477302537,313.17815477302537,31800,True,259,129000,0.0,0.0,2,RIGHT,random,20893,33074,34063,41166,10614,118582,0.08215424626149416,1,64598,2,2,313.17815477302537,692.9265119203964,2,2,,,2,RIGHT,False,,
129595,double_dqn,494,,,8.0,8.0,0.05,0.00365185784175992,1.645010232925415,2.727322816848755,0.7451665997505188,1.6354855298995972,2.732508659362793,0.05516821891069412,0.3703925609588623,0.569510817527771,10000,10000,1.0,313.05218173545285,313.05218173545285,31900,True,260,129500,0.0,0.0,3,LEFT,greedy,20978,33201,34141,41276,10637,118959,0.08207815056020247,0,64798,2,2,313.05218173545285,685.4019216142003,2,2,,,3,LEFT,False,,
129596,double_dqn,494,,,4.0,4.0,0.05,0.00365185784175992,1.645010232925415,2.727322816848755,0.7451665997505188,1.6354855298995972,2.732508659362793,0.05516821891069412,0.3703925609588623,0.569510817527771,10000,10000,1.0,313.0519810699274,313.0519810699274,31900,True,260,129500,0.0,0.0,1,FIRE,greedy,20978,33201,34141,41276,10637,118959,0.08207815056020247,1,64798,2,2,313.0519810699274,685.4014822735895,2,2,,,1,FIRE,False,,
129870,double_dqn,495,7.0,403,0.0,0.0,0.05,,,,,,,,,,10000,10000,1.0,313.1152824712875,313.1152824712875,31968,False,260,129500,0.0,0.0,1,FIRE,greedy,20995,33305,34231,41339,10651,119219,0.08201278201278202,1,64935,2,2,313.1152824712875,680.6876755029479,2,2,,,1,FIRE,False,,
129995,double_dqn,496,24.0,539,0.0,0.0,0.05,0.005948230158537626,1.7910070419311523,2.7154338359832764,0.5000244379043579,1.805345058441162,2.761690139770508,0.07502520084381104,0.34899628162384033,0.3688971996307373,10000,10000,1.0,313.0372164270884,313.0372164270884,32000,True,260,129500,0.0,0.0,3,LEFT,greedy,20999,33323,34298,41376,10662,119334,0.08201790824333056,0,64998,2,2,313.0372164270884,678.3168753609779,2,2,,,3,LEFT,False,,
129996,double_dqn,496,,,0.0,0.0,0.05,0.005948230158537626,1.7910070419311523,2.7154338359832764,0.5000244379043579,1.805345058441162,2.761690139770508,0.07502520084381104,0.34899628162384033,0.3688971996307373,10000,10000,1.0,313.0369825216232,313.0369825216232,32000,True,260,129500,0.0,0.0,2,RIGHT,random,20999,33323,34298,41376,10662,119334,0.08201790824333056,1,64998,2,2,313.0369825216232,678.3163685138173,2,2,,,2,RIGHT,False,,
130395,double_dqn,496,,,5.0,5.0,0.05,0.0010945781832560897,1.8773748874664307,2.606870174407959,0.505352795124054,1.890444040298462,2.480699300765991,0.038279108703136444,0.12732458114624023,0.16445520520210266,10000,10000,1.0,313.2017018103003,313.2017018103003,32100,True,261,130000,0.0,0.0,2,RIGHT,greedy,21049,33358,34407,41582,10685,119711,0.08194269762876162,0,65198,2,2,313.2017018103003,671.8030186415303,2,2,,,2,RIGHT,False,,
130396,double_dqn,496,,,5.0,5.0,0.05,0.0010945781832560897,1.8773748874664307,2.606870174407959,0.505352795124054,1.890444040298462,2.480699300765991,0.038279108703136444,0.12732458114624023,0.16445520520210266,10000,10000,1.0,313.20149236184255,313.20149236184255,32100,True,261,130000,0.0,0.0,3,LEFT,random,21049,33358,34407,41582,10685,119711,0.08194269762876162,1,65198,2,2,313.20149236184255,671.8025693843733,2,2,,,3,LEFT,False,,
130795,double_dqn,496,,,9.0,9.0,0.05,0.0024344634730368853,1.8811813592910767,2.6485605239868164,0.8551821708679199,1.9039950370788574,2.6843600273132324,0.04779428243637085,0.24489367008209229,0.16160684823989868,10000,10000,1.0,313.28345182423595,313.28345182423595,32200,True,262,130500,0.0,0.0,2,RIGHT,greedy,21071,33429,34568,41728,10699,120097,0.08179913758830545,0,65398,2,2,313.28345182423595,665.2848156384396,2,2,,,2,RIGHT,False,,
130796,double_dqn,496,,,13.0,10.0,0.05,0.0024344634730368853,1.8811813592910767,2.6485605239868164,0.8551821708679199,1.9039950370788574,2.6843600273132324,0.04779428243637085,0.24489367008209229,0.16160684823989868,10000,10000,1.0,313.28324212037046,313.28324212037046,32200,True,262,130500,0.0,0.0,3,LEFT,greedy,21071,33429,34568,41728,10699,120097,0.08179913758830545,1,65398,2,2,313.28324212037046,665.2843703139364,2,2,,,3,LEFT,False,,
130853,double_dqn,497,9.0,429,0.0,0.0,0.05,,,,,,,,,,10000,10000,1.0,313.28840298627273,313.28840298627273,32214,False,262,130500,0.0,0.0,2,RIGHT,greedy,21072,33431,34596,41755,10702,120152,0.08178580708270286,0,65427,2,2,313.28840298627273,664.3391567441131,2,2,,,2,RIGHT,False,,
131170,double_dqn,498,16.0,650,0.0,0.0,0.05,,,,,,,,,,10000,10000,1.0,313.27285025214104,313.27285025214104,32293,False,263,131000,0.0,0.0,2,RIGHT,greedy,21114,33470,34680,41906,10721,120449,0.0817336281161851,1,65585,2,2,313.27285025214104,659.1594444589886,2,2,,,2,RIGHT,False,,
131195,double_dqn,498,,,4.0,4.0,0.05,0.0014231855748221278,1.8073017597198486,2.610722780227661,0.862180233001709,1.8221218585968018,2.645753860473633,0.041150398552417755,0.14486181735992432,0.13435979187488556,10000,10000,1.0,313.2704560548436,313.2704560548436,32300,True,263,131000,0.0,0.0,3,LEFT,greedy,21114,33473,34687,41922,10722,120474,0.08172505259306687,0,65598,2,2,313.2704560548436,658.7355871357106,2,2,,,3,LEFT,False,,
131196,double_dqn,498,,,0.0,0.0,0.05,0.0014231855748221278,1.8073017597198486,2.610722780227661,0.862180233001709,1.8221218585968018,2.645753860473633,0.041150398552417755,0.14486181735992432,0.13435979187488556,10000,10000,1.0,313.27025943879033,313.27025943879033,32300,True,263,131000,0.0,0.0,3,LEFT,greedy,21114,33473,34687,41922,10722,120474,0.08172505259306687,1,65598,2,2,313.27025943879033,658.7351736974538,2,2,,,3,LEFT,False,,
131595,double_dqn,498,,,8.0,8.0,0.05,0.0018936034757643938,1.8384349346160889,2.6795003414154053,0.6789806485176086,1.8418076038360596,2.666518211364746,0.0453328974545002,0.1983017921447754,0.25656500458717346,10000,10000,1.0,313.176627999113,313.176627999113,32400,True,264,131500,0.0,0.0,0,NOOP,greedy,21168,33569,34786,42073,10740,120856,0.08161342290039211,0,65798,2,2,313.176627999113,652.183686830157,2,2,,,0,NOOP,False,,
131596,double_dqn,498,,,4.0,4.0,0.05,0.0018936034757643938,1.8384349346160889,2.6795003414154053,0.6789806485176086,1.8418076038360596,2.666518211364746,0.0453328974545002,0.1983017921447754,0.25656500458717346,10000,10000,1.0,313.17643367767204,313.17643367767204,32400,True,264,131500,0.0,0.0,0,NOOP,greedy,21168,33569,34786,42073,10740,120856,0.08161342290039211,1,65798,2,2,313.17643367767204,652.1832821598767,2,2,,,0,NOOP,False,,
131972,double_dqn,499,6.0,401,0.0,0.0,0.05,,,,,,,,,,10000,10000,1.0,312.87052520256657,312.87052520256657,32494,True,264,131500,0.0,0.0,2,RIGHT,greedy,21198,33730,34880,42164,10763,121209,0.08155517837116964,1,65986,2,2,312.87052520256657,645.7235855128412,2,2,,,2,RIGHT,False,,
131995,double_dqn,499,,,12.0,12.0,0.05,0.008877505548298359,1.693157434463501,2.7160611152648926,0.5256267786026001,1.7213449478149414,2.6484928131103516,0.08289141207933426,0.5256267786026001,0.36887797713279724,10000,10000,1.0,312.84476656053715,312.84476656053715,32500,True,264,131500,0.0,0.0,3,LEFT,greedy,21198,33737,34884,42177,10764,121232,0.08154792569471803,0,65998,2,2,312.84476656053715,645.3034411633433,2,2,,,3,LEFT,False,,
131996,double_dqn,499,,,0.0,0.0,0.05,0.008877505548298359,1.693157434463501,2.7160611152648926,0.5256267786026001,1.7213449478149414,2.6484928131103516,0.08289141207933426,0.5256267786026001,0.36887797713279724,10000,10000,1.0,312.8445594748638,312.8445594748638,32500,True,264,131500,0.0,0.0,2,RIGHT,greedy,21198,33737,34884,42177,10764,121232,0.08154792569471803,1,65998,2,2,312.8445594748638,645.3030140086905,2,2,,,2,RIGHT,False,,
132395,double_dqn,499,,,20.0,17.0,0.05,0.00374122173525393,1.700516700744629,2.8923583030700684,0.5250430703163147,1.7095296382904053,2.881903648376465,0.054726798087358475,0.37461113929748535,0.21330195665359497,10000,10000,1.0,312.8561057748536,312.8561057748536,32600,True,265,132000,0.0,0.0,3,LEFT,greedy,21224,33829,35007,42336,10784,121612,0.08145261186138554,0,66198,2,2,312.8561057748536,639.2902978788665,2,2,,,3,LEFT,False,,
132396,double_dqn,499,,,3.0,3.0,0.05,0.00374122173525393,1.700516700744629,2.8923583030700684,0.5250430703163147,1.7095296382904053,2.881903648376465,0.054726798087358475,0.37461113929748535,0.21330195665359497,10000,10000,1.0,312.8559060654361,312.8559060654361,32600,True,265,132000,0.0,0.0,2,RIGHT,greedy,21224,33829,35007,42336,10784,121612,0.08145261186138554,1,66198,2,2,312.8559060654361,639.2898897925589,2,2,,,2,RIGHT,False,,
132551,double_dqn,500,22.0,849,0.0,0.0,0.05,,,,,,,,,,10000,10000,1.0,312.71508919096294,312.71508919096294,32639,True,266,132500,0.0,0.0,2,RIGHT,greedy,21241,33837,35058,42416,10791,121761,0.08140956002172732,0,66276,2,2,312.71508919096294,636.6891512417135,2,2,,,2,RIGHT,False,,
132680,double_dqn,501,6.0,354,0.0,0.0,0.05,,,,,,,,,,10000,10000,1.0,312.7519487061358,312.7519487061358,32671,True,266,132500,0.0,0.0,0,NOOP,random,21259,33860,35107,42454,10798,121882,0.08138378052457039,1,66340,2,2,312.7519487061358,634.882627820228,2,2,,,0,NOOP,False,,
132795,double_dqn,501,,,3.0,3.0,0.05,0.004564993549138308,1.7320301532745361,2.599914312362671,0.7312727570533752,1.7251956462860107,2.4906768798828125,0.06605033576488495,0.3212248682975769,0.3488960266113281,10000,10000,1.0,312.82159305222604,312.82159305222604,32700,True,266,132500,0.0,0.0,2,RIGHT,greedy,21269,33902,35139,42486,10802,121994,0.08134281153046778,0,66398,2,2,312.82159305222604,633.3311420746952,2,2,,,2,RIGHT,False,,
132796,double_dqn,501,,,1.0,1.0,0.05,0.004564993549138308,1.7320301532745361,2.599914312362671,0.7312727570533752,1.7251956462860107,2.4906768798828125,0.06605033576488495,0.3212248682975769,0.3488960266113281,10000,10000,1.0,312.8213999987862,312.8213999987862,32700,True,266,132500,0.0,0.0,2,RIGHT,greedy,21269,33902,35139,42486,10802,121994,0.08134281153046778,1,66398,2,2,312.8213999987862,633.3307512233018,2,2,,,2,RIGHT,False,,
133195,double_dqn,501,,,7.0,7.0,0.05,0.004773364402353764,1.7384285926818848,2.8531575202941895,0.5757877230644226,1.7910631895065308,2.782684326171875,0.06631067395210266,0.34908151626586914,0.42822539806365967,10000,10000,1.0,312.9817426580592,312.9817426580592,32800,True,267,133000,0.0,0.0,3,LEFT,greedy,21314,33975,35235,42672,10817,122379,0.08121114748190636,0,66598,2,2,312.9817426580592,627.9057144698586,2,2,,,3,LEFT,False,,
133196,double_dqn,501,,,6.0,6.0,0.05,0.004773364402353764,1.7384285926818848,2.8531575202941895,0.5757877230644226,1.7910631895065308,2.782684326171875,0.06631067395210266,0.34908151626586914,0.42822539806365967,10000,10000,1.0,312.981536096062,312.981536096062,32800,True,267,133000,0.0,0.0,2,RIGHT,greedy,21314,33975,35235,42672,10817,122379,0.08121114748190636,1,66598,2,2,312.981536096062,627.9053000640299,2,2,,,2,RIGHT,False,,
133380,double_dqn,502,7.0,350,0.0,0.0,0.05,,,,,,,,,,10000,10000,1.0,313.03580390474224,313.03580390474224,32846,True,267,133000,0.0,0.0,2,RIGHT,greedy,21349,34003,35293,42735,10831,122549,0.08120407857249963,1,66690,2,2,313.03580390474224,625.4151516598939,2,2,,,2,RIGHT,False,,
133595,double_dqn,502,,,12.0,12.0,0.05,0.0013776810374110937,1.6666762828826904,2.2821452617645264,0.8578803539276123,1.6516609191894531,2.2537920475006104,0.0381915345788002,0.18399429321289062,0.27597323060035706,10000,10000,1.0,313.10905155611846,313.10905155611846,32900,True,268,133500,0.0,0.0,1,FIRE,greedy,21392,34037,35351,42816,10843,122753,0.08116260965897183,0,66798,2,2,313.10905155611846,622.5460895894034,2,2,,,1,FIRE,False,,
133596,double_dqn,502,,,1.0,1.0,0.05,0.0013776810374110937,1.6666762828826904,2.2821452617645264,0.8578803539276123,1.6516609191894531,2.2537920475006104,0.0381915345788002,0.18399429321289062,0.27597323060035706,10000,10000,1.0,313.10887238343065,313.10887238343065,32900,True,268,133500,0.0,0.0,0,NOOP,greedy,21392,34037,35351,42816,10843,122753,0.08116260965897183,1,66798,2,2,313.10887238343065,622.5457333452912,2,2,,,0,NOOP,False,,
133985,double_dqn,503,18.0,717,0.0,0.0,0.05,,,,,,,,,,10000,10000,1.0,313.23026165251116,313.23026165251116,32997,False,268,133500,0.0,0.0,3,LEFT,random,21449,34071,35492,42974,10866,123120,0.08109802516680847,0,66993,2,2,313.23026165251116,617.4376189868382,2,2,,,3,LEFT,False,,
133995,double_dqn,503,,,0.0,0.0,0.05,0.0037126969546079636,1.902827262878418,2.8175978660583496,0.7121463418006897,1.910412073135376,2.865169048309326,0.05807289108633995,0.3593931198120117,0.2639755308628082,10000,10000,1.0,313.21740840342034,313.21740840342034,33000,True,268,133500,0.0,0.0,2,RIGHT,greedy,21449,34076,35495,42976,10866,123130,0.08109197289471327,0,66998,2,2,313.21740840342034,617.2767363281667,2,2,,,2,RIGHT,False,,
133996,double_dqn,503,,,6.0,6.0,0.05,0.0037126969546079636,1.902827262878418,2.8175978660583496,0.7121463418006897,1.910412073135376,2.865169048309326,0.05807289108633995,0.3593931198120117,0.2639755308628082,10000,10000,1.0,313.21723063915897,313.21723063915897,33000,True,268,133500,0.0,0.0,3,LEFT,greedy,21449,34076,35495,42976,10866,123130,0.08109197289471327,1,66998,2,2,313.21723063915897,617.2763859972459,2,2,,,3,LEFT,False,,
134126,double_dqn,504,7.0,373,0.0,0.0,0.05,,,,,,,,,,10000,10000,1.0,313.29754179559035,313.29754179559035,33032,False,269,134000,0.0,0.0,2,RIGHT,greedy,21454,34095,35550,43027,10873,123253,0.08106556521479802,1,67063,2,2,313.29754179559035,615.6793367355586,2,2,,,2,RIGHT,False,,
134395,double_dqn,504,,,4.0,4.0,0.05,0.004735804162919521,1.8834662437438965,2.863494396209717,0.7155225872993469,1.8872368335723877,2.9034736156463623,0.05708056315779686,0.3522000312805176,0.21538472175598145,10000,10000,1.0,313.29644332929223,313.29644332929223,33100,True,269,134000,0.0,0.0,2,RIGHT,greedy,21501,34149,35617,43129,10885,123511,0.08099199380933957,0,67198,2,2,313.29644332929223,612.073915537905,2,2,,,2,RIGHT,False,,
134396,double_dqn,504,,,2.0,2.0,0.05,0.004735804162919521,1.8834662437438965,2.863494396209717,0.7155225872993469,1.8872368335723877,2.9034736156463623,0.05708056315779686,0.3522000312805176,0.21538472175598145,10000,10000,1.0,313.2962196024056,313.2962196024056,33100,True,269,134000,0.0,0.0,0,NOOP,greedy,21501,34149,35617,43129,10885,123511,0.08099199380933957,1,67198,2,2,313.2962196024056,612.0734784522168,2,2,,,0,NOOP,False,,
134795,double_dqn,504,,,16.0,10.0,0.05,0.0032503134571015835,1.888985514640808,2.523529052734375,0.7325026988983154,1.8773776292800903,2.477644443511963,0.05510196089744568,0.3415565490722656,0.3437172770500183,10000,10000,1.0,313.12559088743495,313.12559088743495,33200,True,270,134500,0.0,0.0,3,LEFT,greedy,21548,34266,35711,43271,10905,123891,0.08090002670702395,0,67398,2,2,313.12559088743495,606.5076035932676,2,2,,,3,LEFT,False,,
134796,double_dqn,504,,,6.0,6.0,0.05,0.0032503134571015835,1.888985514640808,2.523529052734375,0.7325026988983154,1.8773776292800903,2.477644443511963,0.05510196089744568,0.3415565490722656,0.3437172770500183,10000,10000,1.0,313.1254167484248,313.1254167484248,33200,True,270,134500,0.0,0.0,3,LEFT,greedy,21548,34266,35711,43271,10905,123891,0.08090002670702395,1,67398,2,2,313.1254167484248,606.5072662952736,2,2,,,3,LEFT,False,,
134886,double_dqn,505,6.0,380,0.0,0.0,0.05,,,,,,,,,,10000,10000,1.0,313.1518444461575,313.1518444461575,33222,False,270,134500,0.0,0.0,3,LEFT,greedy,21552,34287,35737,43310,10912,123974,0.08089794344854173,1,67443,2,2,313.1518444461575,605.3975762478416,2,2,,,3,LEFT,False,,
135019,double_dqn,506,18.0,517,0.0,0.0,0.05,,,,,,,,,,10000,10000,1.0,313.1211234048581,313.1211234048581,33256,True,271,135000,0.0,0.0,2,RIGHT,greedy,21556,34304,35787,43373,10919,124101,0.08086950081469411,0,67510,2,2,313.1211234048581,603.6209891793824,2,2,,,2,RIGHT,False,,
135195,double_dqn,506,,,2.0,2.0,0.05,0.0019051693379878998,1.7485604286193848,2.8915767669677734,0.5712754130363464,1.7343895435333252,2.8559248447418213,0.051212944090366364,0.137062668800354,0.3376973867416382,10000,10000,1.0,312.7564541719875,312.7564541719875,33300,True,271,135000,0.0,0.0,1,FIRE,greedy,21590,34349,35834,43423,10925,124271,0.0808086038048463,0,67598,2,2,312.7564541719875,600.6850434457896,2,2,,,1,FIRE,False,,
135196,double_dqn,506,,,3.0,3.0,0.05,0.0019051693379878998,1.7485604286193848,2.8915767669677734,0.5712754130363464,1.7343895435333252,2.8559248447418213,0.051212944090366364,0.137062668800354,0.3376973867416382,10000,10000,1.0,312.7562471220273,312.7562471220273,33300,True,271,135000,0.0,0.0,0,NOOP,greedy,21590,34349,35834,43423,10925,124271,0.0808086038048463,1,67598,2,2,312.7562471220273,600.6846457823275,2,2,,,0,NOOP,False,,
135595,double_dqn,506,,,5.0,5.0,0.05,0.002226345706731081,1.676843523979187,2.57861065864563,0.40702515840530396,1.6974468231201172,2.620804786682129,0.05219811946153641,0.19313311576843262,0.16825293004512787,10000,10000,1.0,312.7529184726321,312.7529184726321,33400,True,272,135500,0.0,0.0,3,LEFT,greedy,21619,34519,35933,43525,10946,124650,0.08072509513554972,0,67798,2,2,312.7529184726321,595.6855367627686,2,2,,,3,LEFT,False,,
135596,double_dqn,506,,,9.0,6.0,0.05,0.002226345706731081,1.676843523979187,2.57861065864563,0.40702515840530396,1.6974468231201172,2.620804786682129,0.05219811946153641,0.19313311576843262,0.16825293004512787,10000,10000,1.0,312.7527349126397,312.7527349126397,33400,True,272,135500,0.0,0.0,1,FIRE,greedy,21619,34519,35933,43525,10946,124650,0.08072509513554972,1,67798,2,2,312.7527349126397,595.6851871448238,2,2,,,1,FIRE,False,,
135750,double_dqn,507,10.0,432,0.0,0.0,0.05,,,,,,,,,,10000,10000,1.0,312.63456895894655,312.63456895894655,33438,False,272,135500,0.0,0.0,3,LEFT,greedy,21638,34558,35982,43572,10954,124796,0.08069244935543278,1,67875,2,2,312.63456895894655,593.5684298766013,2,2,,,3,LEFT,False,,
135995,double_dqn,507,,,8.0,8.0,0.05,0.0010781303280964494,1.8088889122009277,2.9532113075256348,0.945949375629425,1.836186408996582,2.9499430656433105,0.037497662007808685,0.11711430549621582,0.18292273581027985,10000,10000,1.0,312.585203315478,312.585203315478,33500,True,272,135500,0.0,0.0,3,LEFT,greedy,21660,34604,36073,43659,10961,125035,0.08059795876349304,0,67998,2,2,312.585203315478,590.4869611914066,2,2,,,3,LEFT,False,,
135996,double_dqn,507,,,2.0,2.0,0.05,0.0010781303280964494,1.8088889122009277,2.9532113075256348,0.945949375629425,1.836186408996582,2.9499430656433105,0.037497662007808685,0.11711430549621582,0.18292273581027985,10000,10000,1.0,312.5850043461443,312.5850043461443,33500,True,272,135500,0.0,0.0,2,RIGHT,greedy,21660,34604,36073,43659,10961,125035,0.08059795876349304,1,67998,2,2,312.5850043461443,590.4865853297345,2,2,,,2,RIGHT,False,,
136167,double_dqn,508,10.0,574,0.0,0.0,0.05,,,,,,,,,,10000,10000,1.0,312.61362474059416,312.61362474059416,33543,True,273,136000,0.0,0.0,3,LEFT,greedy,21680,34626,36133,43729,10970,125198,0.08056224663650784,0,68084,2,2,312.61362474059416,588.4756145443102,2,2,,,3,LEFT,False,,
136395,double_dqn,508,,,3.0,3.0,0.05,0.0022435723803937435,1.7812739610671997,2.680504322052002,0.6953765153884888,1.8115010261535645,2.49003005027771,0.05037994682788849,0.1775296926498413,0.16098347306251526,10000,10000,1.0,312.5075098050088,312.5075098050088,33600,True,273,136000,0.0,0.0,0,NOOP,greedy,21714,34666,36183,43833,10973,125423,0.08044957330126984,0,68198,2,2,312.5075098050088,585.5694898802612,2,2,,,0,NOOP,False,,
136396,double_dqn,508,,,6.0,6.0,0.05,0.0022435723803937435,1.7812739610671997,2.680504322052002,0.6953765153884888,1.8115010261535645,2.49003005027771,0.05037994682788849,0.1775296926498413,0.16098347306251526,10000,10000,1.0,312.5073340499787,312.5073340499787,33600,True,273,136000,0.0,0.0,3,LEFT,greedy,21714,34666,36183,43833,10973,125423,0.08044957330126984,1,68198,2,2,312.5073340499787,585.5691605544688,2,2,,,3,LEFT,False,,
136500,double_dqn,509,7.0,375,0.0,0.0,0.05,,,,,,,,,,10000,10000,1.0,312.5013891327502,312.5013891327502,33626,True,274,136500,0.0,0.0,3,LEFT,greedy,21730,34674,36207,43889,10978,125522,0.08042490842490843,1,68250,2,2,312.5013891327502,584.3347892687726,2,2,,,3,LEFT,False,,
136791,double_dqn,510,6.0,312,0.0,0.0,0.05,,,,,,,,,,10000,10000,1.0,312.48246760962144,312.48246760962144,33699,True,274,136500,0.0,0.0,2,RIGHT,greedy,21742,34751,36292,44007,10996,125796,0.08038481782560383,0,68396,2,2,312.48246760962144,580.9021215108629,2,2,,,2,RIGHT,False,,
136795,double_dqn,510,,,0.0,0.0,0.05,0.007710449863225222,1.8422086238861084,2.7613189220428467,0.4726933240890503,1.84260892868042,2.783909797668457,0.07209129631519318,0.5109244585037231,0.40907981991767883,10000,10000,1.0,312.46865420327237,312.46865420327237,33700,True,274,136500,0.0,0.0,1,FIRE,fire_reset,21742,34754,36292,44008,10997,125799,0.08038977747887364,0,68398,2,2,312.46865420327237,580.8302807423477,2,2,,,2,RIGHT,True,initial_serve,
136796,double_dqn,510,,,3.0,3.0,0.05,0.007710449863225222,1.8422086238861084,2.7613189220428467,0.4726933240890503,1.84260892868042,2.783909797668457,0.07209129631519318,0.5109244585037231,0.40907981991767883,10000,10000,1.0,312.46847270728614,312.46847270728614,33700,True,274,136500,0.0,0.0,1,FIRE,random,21742,34754,36292,44008,10997,125799,0.08038977747887364,1,68398,2,2,312.46847270728614,580.8299433697401,2,2,,,1,FIRE,False,,
137195,double_dqn,510,,,4.0,4.0,0.05,0.004091770853847265,1.8044767379760742,2.798983335494995,0.6768725514411926,1.8666423559188843,2.8314685821533203,0.07106789201498032,0.28607916831970215,0.46752506494522095,10000,10000,1.0,312.38758034231785,312.38758034231785,33800,True,275,137000,0.0,0.0,3,LEFT,greedy,21786,34824,36392,44194,11022,126174,0.08033761917257062,0,68598,2,2,312.38758034231785,576.1147229896311,2,2,,,3,LEFT,False,,
137196,double_dqn,510,,,6.0,6.0,0.05,0.004091770853847265,1.8044767379760742,2.798983335494995,0.6768725514411926,1.8666423559188843,2.8314685821533203,0.07106789201498032,0.28607916831970215,0.46752506494522095,10000,10000,1.0,312.3874001038889,312.3874001038889,33800,True,275,137000,0.0,0.0,3,LEFT,greedy,21786,34824,36392,44194,11022,126174,0.08033761917257062,1,68598,2,2,312.3874001038889,576.114390588412,2,2,,,3,LEFT,False,,
137288,double_dqn,511,7.0,394,0.0,0.0,0.05,,,,,,,,,,10000,10000,1.0,312.41648574156414,312.41648574156414,33823,True,275,137000,0.0,0.0,2,RIGHT,greedy,21786,34846,36413,44243,11024,126264,0.08029835091195152,1,68644,2,2,312.41648574156414,575.1318721101676,2,2,,,2,RIGHT,False,,
137571,double_dqn,512,7.0,390,0.0,0.0,0.05,,,,,,,,,,10000,10000,1.0,312.3347577194185,312.3347577194185,33894,True,276,137500,0.0,0.0,2,RIGHT,greedy,21819,34878,36534,44341,11036,126536,0.08021981217108133,0,68786,2,2,312.3347577194185,571.8156777517279,2,2,,,2,RIGHT,False,,
137595,double_dqn,512,,,0.0,0.0,0.05,0.0014557733666151762,1.9505568742752075,2.4811222553253174,0.5374042987823486,1.9546799659729004,2.4640932083129883,0.044556304812431335,0.13931632041931152,0.170400470495224,10000,10000,1.0,312.318387472064,312.318387472064,33900,True,276,137500,0.0,0.0,3,LEFT,greedy,21824,34881,36534,44357,11036,126560,0.08020581993662607,0,68798,2,2,312.318387472064,571.520385713987,2,2,,,3,LEFT,False,,
137596,double_dqn,512,,,3.0,3.0,0.05,0.0014557733666151762,1.9505568742752075,2.4811222553253174,0.5374042987823486,1.9546799659729004,2.4640932083129883,0.044556304812431335,0.13931632041931152,0.170400470495224,10000,10000,1.0,312.31820793269446,312.31820793269446,33900,True,276,137500,0.0,0.0,3,LEFT,greedy,21824,34881,36534,44357,11036,126560,0.08020581993662607,1,68798,2,2,312.31820793269446,571.5200571697392,2,2,,,3,LEFT,False,,
137995,double_dqn,512,,,4.0,4.0,0.05,0.004558033309876919,1.7379179000854492,2.4631614685058594,0.885958731174469,1.7945802211761475,2.618436336517334,0.06444933265447617,0.38066601753234863,0.4265536069869995,10000,10000,1.0,311.7844506440676,311.7844506440676,34000,True,276,137500,0.0,0.0,1,FIRE,greedy,21892,34973,36630,44501,11047,126949,0.08005304501579756,0,68998,2,2,311.7844506440676,566.1781115259337,2,2,,,1,FIRE,False,,
137996,double_dqn,512,,,7.0,7.0,0.05,0.004558033309876919,1.7379179000854492,2.4631614685058594,0.885958731174469,1.7945802211761475,2.618436336517334,0.06444933265447617,0.38066601753234863,0.4265536069869995,10000,10000,1.0,311.784264647467,311.784264647467,34000,True,276,137500,0.0,0.0,0,NOOP,greedy,21892,34973,36630,44501,11047,126949,0.08005304501579756,1,68998,2,2,311.784264647467,566.1777737695002,2,2,,,0,NOOP,False,,
138046,double_dqn,513,8.0,379,0.0,0.0,0.05,,,,,,,,,,10000,10000,1.0,311.70306944385686,311.70306944385686,34012,False,277,138000,0.0,0.0,2,RIGHT,greedy,21894,34989,36645,44518,11048,126998,0.08003129391652058,1,69023,2,2,311.70306944385686,565.4912727283639,2,2,,,2,RIGHT,False,,
138359,double_dqn,514,8.0,394,0.0,0.0,0.05,,,,,,,,,,10000,10000,1.0,311.4163461074528,311.4163461074528,34091,True,277,138000,0.0,0.0,1,FIRE,random,21969,35030,36779,44582,11061,127299,0.07994362532523851,0,69180,2,2,311.4163461074528,561.621032943524,2,2,,,1,FIRE,False,,
138395,double_dqn,514,,,0.0,0.0,0.05,0.002646502573043108,1.829326868057251,2.8007559776306152,0.5347945094108582,1.8458119630813599,2.786220073699951,0.053302839398384094,0.20692598819732666,0.15899915993213654,10000,10000,1.0,311.3528351723253,311.3528351723253,34100,True,277,138000,0.0,0.0,3,LEFT,greedy,21980,35045,36781,44590,11061,127335,0.07992283013959942,0,69198,2,2,311.3528351723253,561.125989380523,2,2,,,3,LEFT,False,,
138396,double_dqn,514,,,3.0,3.0,0.05,0.002646502573043108,1.829326868057251,2.8007559776306152,0.5347945094108582,1.8458119630813599,2.786220073699951,0.053302839398384094,0.20692598819732666,0.15899915993213654,10000,10000,1.0,311.35252664726977,311.35252664726977,34100,True,277,138000,0.0,0.0,0,NOOP,greedy,21980,35045,36781,44590,11061,127335,0.07992283013959942,1,69198,2,2,311.35252664726977,561.1254333508119,2,2,,,0,NOOP,False,,
138664,double_dqn,515,5.0,309,0.0,0.0,0.05,,,,,,,,,,10000,10000,1.0,311.28082657451256,311.28082657451256,34167,True,278,138500,0.0,0.0,1,FIRE,greedy,22019,35104,36885,44656,11070,127594,0.07983326602434662,1,69332,2,2,311.28082657451256,558.1864853109897,2,2,,,1,FIRE,False,,
138795,double_dqn,515,,,4.0,4.0,0.05,0.0037194443866610527,1.676144003868103,2.8173367977142334,0.5954198241233826,1.6666810512542725,2.8258955478668213,0.051783427596092224,0.3897649049758911,0.29760441184043884,10000,10000,1.0,311.298798848585,311.298798848585,34200,True,278,138500,0.0,0.0,3,LEFT,greedy,22034,35159,36912,44691,11076,127720,0.07980057062163175,0,69398,2,2,311.298798848585,556.849006147389,2,2,,,3,LEFT,False,,
138796,double_dqn,515,,,2.0,2.0,0.05,0.0037194443866610527,1.676144003868103,2.8173367977142334,0.5954198241233826,1.6666810512542725,2.8258955478668213,0.051783427596092224,0.3897649049758911,0.29760441184043884,10000,10000,1.0,311.29864697883175,311.29864697883175,34200,True,278,138500,0.0,0.0,1,FIRE,greedy,22034,35159,36912,44691,11076,127720,0.07980057062163175,1,69398,2,2,311.29864697883175,556.8487344838892,2,2,,,1,FIRE,False,,
139195,double_dqn,515,,,7.0,7.0,0.05,0.0013619603123515844,1.7600349187850952,2.7287158966064453,0.6816754937171936,1.761507511138916,2.7644546031951904,0.042548973113298416,0.13869798183441162,0.17805451154708862,10000,10000,1.0,311.18683839327684,311.18683839327684,34300,True,279,139000,0.0,0.0,3,LEFT,greedy,22055,35290,37022,44829,11084,128112,0.07962872496336101,0,69598,2,2,311.18683839327684,552.5559133201165,2,2,,,3,LEFT,False,,
139196,double_dqn,515,,,6.0,6.0,0.05,0.0013619603123515844,1.7600349187850952,2.7287158966064453,0.6816754937171936,1.761507511138916,2.7644546031951904,0.042548973113298416,0.13869798183441162,0.17805451154708862,10000,10000,1.0,311.1865871345697,311.1865871345697,34300,True,279,139000,0.0,0.0,2,RIGHT,greedy,22055,35290,37022,44829,11084,128112,0.07962872496336101,1,69598,2,2,311.1865871345697,552.5554671750123,2,2,,,2,RIGHT,False,,
139341,double_dqn,516,12.0,491,0.0,0.0,0.05,,,,,,,,,,10000,10000,1.0,311.05905182335266,311.05905182335266,34336,False,279,139000,0.0,0.0,2,RIGHT,greedy,22063,35334,37083,44862,11090,128252,0.07958835096381565,0,69671,2,2,311.05905182335266,550.8564689030757,2,2,,,2,RIGHT,False,,
139595,double_dqn,516,,,1.0,1.0,0.05,0.0018070396035909653,1.7758779525756836,2.702946901321411,0.43795737624168396,1.8139874935150146,2.748476982116699,0.05086798593401909,0.1164320707321167,0.21721647679805756,10000,10000,1.0,310.9550666817222,310.9550666817222,34400,True,280,139500,0.0,0.0,2,RIGHT,greedy,22071,35440,37150,44935,11107,128489,0.07956531705779535,0,69798,2,2,310.9550666817222,548.1372296254885,2,2,,,2,RIGHT,False,,
139596,double_dqn,516,,,10.0,10.0,0.05,0.0018070396035909653,1.7758779525756836,2.702946901321411,0.43795737624168396,1.8139874935150146,2.748476982116699,0.05086798593401909,0.1164320707321167,0.21721647679805756,10000,10000,1.0,310.9549169874932,310.9549169874932,34400,True,280,139500,0.0,0.0,1,FIRE,greedy,22071,35440,37150,44935,11107,128489,0.07956531705779535,1,69798,2,2,310.9549169874932,548.1369657514156,2,2,,,1,FIRE,False,,
139942,double_dqn,517,17.0,639,0.0,0.0,0.05,,,,,,,,,,10000,10000,1.0,310.8861117519516,310.8861117519516,34486,False,280,139500,0.0,0.0,1,FIRE,greedy,22095,35534,37252,45061,11125,128817,0.07949722027697188,1,69971,2,2,310.8861117519516,544.6149948774676,2,2,,,1,FIRE,False,,
139995,double_dqn,517,,,4.0,4.0,0.05,0.0015169917605817318,1.862784743309021,2.63948655128479,0.6358585357666016,1.8728859424591064,2.750483751296997,0.041747890412807465,0.11099720001220703,0.15017370879650116,10000,10000,1.0,310.8496236793774,310.8496236793774,34500,True,280,139500,0.0,0.0,3,LEFT,greedy,22101,35549,37260,45086,11127,128869,0.07948084230978028,0,69998,2,2,310.8496236793774,544.0257015278792,2,2,,,3,LEFT,False,,
139996,double_dqn,517,,,0.0,0.0,0.05,0.0015169917605817318,1.862784743309021,2.63948655128479,0.6358585357666016,1.8728859424591064,2.750483751296997,0.041747890412807465,0.11099720001220703,0.15017370879650116,10000,10000,1.0,310.8494678517047,310.8494678517047,34500,True,280,139500,0.0,0.0,3,LEFT,greedy,22101,35549,37260,45086,11127,128869,0.07948084230978028,1,69998,2,2,310.8494678517047,544.0254288099716,2,2,,,3,LEFT,False,,
140163,double_dqn,518,6.0,411,0.0,0.0,0.05,,,,,,,,,,10000,10000,1.0,310.7720380429557,310.7720380429557,34542,True,281,140000,0.0,0.0,2,RIGHT,greedy,22141,35581,37303,45139,11135,129029,0.07944265289232613,0,70082,2,2,310.7720380429557,542.2648633135749,2,2,,,2,RIGHT,False,,
140395,double_dqn,518,,,2.0,2.0,0.05,0.0024236193858087063,1.8483186960220337,2.49541974067688,0.9186773300170898,1.8745718002319336,2.521329879760742,0.05383516848087311,0.2369142770767212,0.20845946669578552,10000,10000,1.0,310.82936645581793,310.82936645581793,34600,True,281,140000,0.0,0.0,0,NOOP,greedy,22170,35614,37388,45224,11153,129243,0.07943958517336676,0,70198,2,2,310.82936645581793,540.1425850694502,2,2,,,0,NOOP,False,,
140396,double_dqn,518,,,4.0,4.0,0.05,0.0024236193858087063,1.8483186960220337,2.49541974067688,0.9186773300170898,1.8745718002319336,2.521329879760742,0.05383516848087311,0.2369142770767212,0.20845946669578552,10000,10000,1.0,310.8292121912535,310.8292121912535,34600,True,281,140000,0.0,0.0,3,LEFT,greedy,22170,35614,37388,45224,11153,129243,0.07943958517336676,1,70198,2,2,310.8292121912535,540.1423169967723,2,2,,,3,LEFT,False,,
140656,double_dqn,519,6.0,357,0.0,0.0,0.05,,,,,,,,,,10000,10000,1.0,310.88021237464505,310.88021237464505,34665,True,282,140500,0.0,0.0,2,RIGHT,greedy,22244,35675,37445,45292,11162,129494,0.07935672847230121,1,70328,2,2,310.88021237464505,537.7701587928974,2,2,,,2,RIGHT,False,,
140795,double_dqn,519,,,6.0,6.0,0.05,0.011170190759003162,1.75873863697052,2.6044819355010986,0.7618749141693115,1.8022888898849487,2.5947916507720947,0.0627538189291954,0.8015896081924438,0.35491880774497986,10000,10000,1.0,310.93661077206895,310.93661077206895,34700,True,282,140500,0.0,0.0,3,LEFT,greedy,22282,35730,37465,45319,11167,129629,0.07931333276513537,0,70398,2,2,310.93661077206895,536.5554349723529,2,2,,,3,LEFT,False,,
140796,double_dqn,519,,,1.0,1.0,0.05,0.011170190759003162,1.75873863697052,2.6044819355010986,0.7618749141693115,1.8022888898849487,2.5947916507720947,0.0627538189291954,0.8015896081924438,0.35491880774497986,10000,10000,1.0,310.9364536493663,310.9364536493663,34700,True,282,140500,0.0,0.0,3,LEFT,greedy,22282,35730,37465,45319,11167,129629,0.07931333276513537,1,70398,2,2,310.9364536493663,536.5551638397905,2,2,,,3,LEFT,False,,
141099,double_dqn,520,12.0,468,0.0,0.0,0.05,,,,,,,,,,10000,10000,1.0,311.07705285804775,311.07705285804775,34776,True,283,141000,0.0,0.0,2,RIGHT,greedy,22363,35772,37555,45410,11179,129921,0.07922749822820695,0,70550,2,2,311.07705285804775,533.9777634826099,2,2,,,2,RIGHT,False,,
141195,double_dqn,520,,,0.0,0.0,0.05,0.0012969464296475053,1.8309909105300903,2.9390740394592285,0.5728439092636108,1.8602321147918701,3.0118138790130615,0.03973747417330742,0.10535788536071777,0.14750362932682037,10000,10000,1.0,311.05744993373014,311.05744993373014,34800,True,283,141000,0.0,0.0,1,FIRE,greedy,22387,35805,37572,45432,11185,130011,0.07921612510269413,0,70598,2,2,311.05744993373014,533.0622839698387,2,2,,,1,FIRE,False,,
141196,double_dqn,520,,,6.0,6.0,0.05,0.0012969464296475053,1.8309909105300903,2.9390740394592285,0.5728439092636108,1.8602321147918701,3.0118138790130615,0.03973747417330742,0.10535788536071777,0.14750362932682037,10000,10000,1.0,311.0572808283133,311.0572808283133,34800,True,283,141000,0.0,0.0,1,FIRE,fire_reset,22387,35805,37572,45432,11185,130011,0.07921612510269413,1,70598,2,2,311.0572808283133,533.0619941721833,2,2,,,3,LEFT,True,after_life_loss,
141595,double_dqn,520,,,4.0,4.0,0.05,0.0034659947268664837,1.9322686195373535,2.856415033340454,0.9343332648277283,1.9702672958374023,2.8606362342834473,0.05120983347296715,0.27910780906677246,0.25694507360458374,10000,10000,1.0,311.14529896169483,311.14529896169483,34900,True,284,141500,0.0,0.0,3,LEFT,greedy,22457,35896,37681,45562,11203,130393,0.07911946665160033,0,70798,2,2,311.14529896169483,529.5813269518721,2,2,,,3,LEFT,False,,
141596,double_dqn,520,,,9.0,9.0,0.05,0.0034659947268664837,1.9322686195373535,2.856415033340454,0.9343332648277283,1.9702672958374023,2.8606362342834473,0.05120983347296715,0.27910780906677246,0.25694507360458374,10000,10000,1.0,311.145149541295,311.145149541295,34900,True,284,141500,0.0,0.0,3,LEFT,greedy,22457,35896,37681,45562,11203,130393,0.07911946665160033,1,70798,2,2,311.145149541295,529.5810726325753,2,2,,,3,LEFT,False,,
141695,double_dqn,521,4.0,298,0.0,0.0,0.05,,,,,,,,,,10000,10000,1.0,311.13875767478646,311.13875767478646,34925,True,284,141500,0.0,0.0,1,FIRE,greedy,22465,35909,37718,45604,11210,130486,0.07911303071364047,0,70848,2,2,311.13875767478646,528.6732229408881,2,2,,,1,FIRE,False,,
141788,double_dqn,522,11.0,566,0.0,0.0,0.05,,,,,,,,,,10000,10000,1.0,311.0635375415871,311.0635375415871,34948,True,284,141500,0.0,0.0,2,RIGHT,greedy,22471,35916,37746,45655,11213,130575,0.07908285609501509,1,70894,2,2,311.0635375415871,527.7241894915592,2,2,,,2,RIGHT,False,,
141995,double_dqn,522,,,3.0,3.0,0.05,0.0012173547875136137,1.946195125579834,2.71909761428833,0.8995673060417175,1.9786186218261719,2.72723126411438,0.041438013315200806,0.1281358003616333,0.17057432234287262,10000,10000,1.0,311.0673887459701,311.0673887459701,35000,True,284,141500,0.0,0.0,1,FIRE,greedy,22480,35988,37819,45709,11221,130775,0.07902335277050057,0,70998,2,2,311.0673887459701,525.8872860793024,2,2,,,1,FIRE,False,,
141996,double_dqn,522,,,2.0,2.0,0.05,0.0012173547875136137,1.946195125579834,2.71909761428833,0.8995673060417175,1.9786186218261719,2.72723126411438,0.041438013315200806,0.1281358003616333,0.17057432234287262,10000,10000,1.0,311.06724381847994,311.06724381847994,35000,True,284,141500,0.0,0.0,2,RIGHT,greedy,22480,35988,37819,45709,11221,130775,0.07902335277050057,1,70998,2,2,311.06724381847994,525.8870410663977,2,2,,,2,RIGHT,False,,
142395,double_dqn,522,,,9.0,9.0,0.05,0.004805258475244045,1.8355224132537842,2.8965988159179688,0.4762302339076996,1.8465417623519897,2.926250696182251,0.05546125769615173,0.42850804328918457,0.23097915947437286,10000,10000,1.0,311.1313216490958,311.1313216490958,35100,True,285,142000,0.0,0.0,2,RIGHT,greedy,22508,36099,37927,45862,11247,131149,0.07898396022360178,0,71198,2,2,311.1313216490958,522.5004207654572,2,2,,,2,RIGHT,False,,
142396,double_dqn,522,,,6.0,6.0,0.05,0.004805258475244045,1.8355224132537842,2.8965988159179688,0.4762302339076996,1.8465417623519897,2.926250696182251,0.05546125769615173,0.42850804328918457,0.23097915947437286,10000,10000,1.0,311.1311787146855,311.1311787146855,35100,True,285,142000,0.0,0.0,2,RIGHT,greedy,22508,36099,37927,45862,11247,131149,0.07898396022360178,1,71198,2,2,311.1311787146855,522.50018072762,2,2,,,2,RIGHT,False,,
142656,double_dqn,523,8.0,434,0.0,0.0,0.05,,,,,,,,,,10000,10000,1.0,310.9777211874143,310.9777211874143,35165,True,286,142500,0.0,0.0,2,RIGHT,greedy,22521,36162,38021,45952,11256,131400,0.07890309555854644,1,71328,2,2,310.9777211874143,520.0070071468466,2,2,,,2,RIGHT,False,,
142783,double_dqn,524,12.0,544,0.0,0.0,0.05,,,,,,,,,,10000,10000,1.0,310.94832902748686,310.94832902748686,35197,True,286,142500,0.0,0.0,1,FIRE,greedy,22552,36187,38055,45990,11261,131523,0.07886738009861048,0,71392,2,2,310.94832902748686,518.8674061782522,2,2,,,1,FIRE,False,,
142795,double_dqn,524,,,0.0,0.0,0.05,0.0032353964634239674,1.8738150596618652,2.945551872253418,0.314812570810318,1.9013835191726685,2.944920778274536,0.0636729970574379,0.2256530523300171,0.28397393226623535,10000,10000,1.0,310.9313014614316,310.9313014614316,35200,True,286,142500,0.0,0.0,1,FIRE,greedy,22552,36192,38059,45993,11261,131535,0.07886075240202807,0,71398,2,2,310.9313014614316,518.7371030410153,2,2,,,1,FIRE,False,,
142796,double_dqn,524,,,1.0,1.0,0.05,0.0032353964634239674,1.8738150596618652,2.945551872253418,0.314812570810318,1.9013835191726685,2.944920778274536,0.0636729970574379,0.2256530523300171,0.28397393226623535,10000,10000,1.0,310.93114084320064,310.93114084320064,35200,True,286,142500,0.0,0.0,3,LEFT,greedy,22552,36192,38059,45993,11261,131535,0.07886075240202807,1,71398,2,2,310.93114084320064,518.7368350762416,2,2,,,3,LEFT,False,,
143195,double_dqn,524,,,4.0,4.0,0.05,0.0032964367419481277,1.8935768604278564,2.891632318496704,0.8431470394134521,1.9081591367721558,3.0529022216796875,0.06150893121957779,0.22158479690551758,0.20509393513202667,10000,10000,1.0,310.67993140897704,310.67993140897704,35300,True,287,143000,0.0,0.0,3,LEFT,greedy,22671,36262,38148,46115,11271,131925,0.07871029917036788,0,71598,2,2,310.67993140897704,514.9565174789318,2,2,,,3,LEFT,False,,
143196,double_dqn,524,,,5.0,5.0,0.05,0.0032964367419481277,1.8935768604278564,2.891632318496704,0.8431470394134521,1.9081591367721558,3.0529022216796875,0.06150893121957779,0.22158479690551758,0.20509393513202667,10000,10000,1.0,310.67978415430497,310.67978415430497,35300,True,287,143000,0.0,0.0,1,FIRE,greedy,22671,36262,38148,46115,11271,131925,0.07871029917036788,1,71598,2,2,310.67978415430497,514.9562734021652,2,2,,,1,FIRE,False,,
143501,double_dqn,525,7.0,359,0.0,0.0,0.05,,,,,,,,,,10000,10000,1.0,310.68961427944686,310.68961427944686,35376,False,288,143500,0.0,0.0,0,NOOP,greedy,22710,36313,38252,46227,11289,132213,0.07866789313040934,0,71751,2,2,310.68961427944686,512.4428880089326,2,2,,,0,NOOP,False,,
143528,double_dqn,526,11.0,436,0.0,0.0,0.05,,,,,,,,,,10000,10000,1.0,310.6586365118718,310.6586365118718,35383,True,288,143500,0.0,0.0,3,LEFT,greedy,22713,36315,38259,46241,11289,132239,0.07865364249484422,1,71764,2,2,310.6586365118718,512.1785147637835,2,2,,,3,LEFT,False,,
143595,double_dqn,526,,,1.0,1.0,0.05,0.005888991989195347,1.847076177597046,3.3715944290161133,0.562070369720459,1.8758223056793213,3.5789778232574463,0.06301013380289078,0.464668869972229,0.2847648561000824,10000,10000,1.0,310.6501606301027,310.6501606301027,35400,True,288,143500,0.0,0.0,2,RIGHT,greedy,22726,36321,38276,46273,11290,132306,0.07862335998217221,0,71798,2,2,310.6501606301027,511.60795102578476,2,2,,,2,RIGHT,False,,
143596,double_dqn,526,,,0.0,0.0,0.05,0.005888991989195347,1.847076177597046,3.3715944290161133,0.562070369720459,1.8758223056793213,3.5789778232574463,0.06301013380289078,0.464668869972229,0.2847648561000824,10000,10000,1.0,310.65002471593954,310.65002471593954,35400,True,288,143500,0.0,0.0,0,NOOP,greedy,22726,36321,38276,46273,11290,132306,0.07862335998217221,1,71798,2,2,310.65002471593954,511.6077271895364,2,2,,,0,NOOP,False,,
143995,double_dqn,526,,,5.0,5.0,0.05,0.0032597011886537075,1.969285011291504,3.0123939514160156,0.6860476136207581,1.9801682233810425,2.8618693351745605,0.05724961683154106,0.262295126914978,0.2435363382101059,10000,10000,1.0,310.6348531319998,310.6348531319998,35500,True,288,143500,0.0,0.0,1,FIRE,greedy,22837,36461,38336,46362,11310,132686,0.07854384844023445,0,71998,2,2,310.6348531319998,508.3436711473253,2,2,,,1,FIRE,False,,
143996,double_dqn,526,,,3.0,3.0,0.05,0.0032597011886537075,1.969285011291504,3.0123939514160156,0.6860476136207581,1.9801682233810425,2.8618693351745605,0.05724961683154106,0.262295126914978,0.2435363382101059,10000,10000,1.0,310.6347151771697,310.6347151771697,35500,True,288,143500,0.0,0.0,0,NOOP,greedy,22837,36461,38336,46362,11310,132686,0.07854384844023445,1,71998,2,2,310.6347151771697,508.343445388805,2,2,,,0,NOOP,False,,
144112,double_dqn,527,5.0,292,0.0,0.0,0.05,,,,,,,,,,10000,10000,1.0,310.67121873234925,310.67121873234925,35529,True,289,144000,0.0,0.0,3,LEFT,greedy,22853,36483,38368,46408,11316,132796,0.07852226046408349,1,72056,2,2,310.67121873234925,507.4747310704152,2,2,,,3,LEFT,False,,
144395,double_dqn,527,,,9.0,9.0,0.05,0.0021367825102061033,1.8955628871917725,2.757852554321289,0.42226412892341614,1.933332085609436,2.8056511878967285,0.042050499469041824,0.2826409339904785,0.24584168195724487,10000,10000,1.0,310.51533209408296,310.51533209408296,35600,True,289,144000,0.0,0.0,3,LEFT,greedy,22892,36550,38436,46518,11338,133058,0.07852018061442145,0,72198,2,2,310.51533209408296,504.96859957042534,2,2,,,3,LEFT,False,,
144396,double_dqn,527,,,2.0,2.0,0.05,0.0021367825102061033,1.8955628871917725,2.757852554321289,0.42226412892341614,1.933332085609436,2.8056511878967285,0.042050499469041824,0.2826409339904785,0.24584168195724487,10000,10000,1.0,310.51518180462307,310.51518180462307,35600,True,289,144000,0.0,0.0,3,LEFT,greedy,22892,36550,38436,46518,11338,133058,0.07852018061442145,1,72198,2,2,310.51518180462307,504.9683551655594,2,2,,,3,LEFT,False,,
144609,double_dqn,528,12.0,554,0.0,0.0,0.05,,,,,,,,,,10000,10000,1.0,310.53624265002946,310.53624265002946,35653,False,290,144500,0.0,0.0,2,RIGHT,greedy,22917,36603,38500,46590,11351,133259,0.07849388009128,0,72305,2,2,310.53624265002946,503.3248828695445,2,2,,,2,RIGHT,False,,
144795,double_dqn,528,,,1.0,1.0,0.05,0.005106629338115454,1.8552087545394897,2.89258074760437,0.3817337155342102,1.882608413696289,3.0078980922698975,0.05942753702402115,0.35477304458618164,0.275014728307724,10000,10000,1.0,310.5964029401988,310.5964029401988,35700,True,290,144500,0.0,0.0,1,FIRE,greedy,22925,36637,38558,46676,11355,133441,0.07842067460427084,0,72398,2,2,310.5964029401988,501.9769260662673,2,2,,,1,FIRE,False,,
144796,double_dqn,528,,,6.0,6.0,0.05,0.005106629338115454,1.8552087545394897,2.89258074760437,0.3817337155342102,1.882608413696289,3.0078980922698975,0.05942753702402115,0.35477304458618164,0.275014728307724,10000,10000,1.0,310.5962592990871,310.5962592990871,35700,True,290,144500,0.0,0.0,3,LEFT,greedy,22925,36637,38558,46676,11355,133441,0.07842067460427084,1,72398,2,2,310.5962592990871,501.9766939176558,2,2,,,3,LEFT,False,,
144892,double_dqn,529,10.0,390,0.0,0.0,0.05,,,,,,,,,,10000,10000,1.0,310.5866861354422,310.5866861354422,35724,True,290,144500,0.0,0.0,2,RIGHT,greedy,22934,36660,38602,46696,11360,133532,0.0784032244706402,1,72446,2,2,310.5866861354422,501.21988469589786,2,2,,,2,RIGHT,False,,
145193,double_dqn,530,5.0,292,0.0,0.0,0.05,,,,,,,,,,10000,10000,1.0,310.6334057699831,310.6334057699831,35799,False,291,145000,0.0,0.0,2,RIGHT,greedy,22972,36752,38676,46794,11374,133820,0.07833657038169621,0,72597,2,2,310.6334057699831,498.9833464327889,2,2,,,2,RIGHT,False,,
145195,double_dqn,530,,,0.0,0.0,0.05,0.004904787056148052,1.8150336742401123,2.6800408363342285,0.19508197903633118,1.8068137168884277,2.596862316131592,0.05970453470945358,0.4345822334289551,0.3528950810432434,10000,10000,1.0,310.6189537350582,310.6189537350582,35800,True,291,145000,0.0,0.0,1,FIRE,fire_reset,22973,36753,38676,46794,11374,133822,0.07833549133584947,0,72598,2,2,310.6189537350582,498.94492440166727,2,2,,,1,FIRE,False,initial_serve,
145196,double_dqn,530,,,2.0,2.0,0.05,0.004904787056148052,1.8150336742401123,2.6800408363342285,0.19508197903633118,1.8068137168884277,2.596862316131592,0.05970453470945358,0.4345822334289551,0.3528950810432434,10000,10000,1.0,310.6188147597402,310.6188147597402,35800,True,291,145000,0.0,0.0,0,NOOP,greedy,22973,36753,38676,46794,11374,133822,0.07833549133584947,1,72598,2,2,310.6188147597402,498.9447011666435,2,2,,,0,NOOP,False,,
145595,double_dqn,530,,,4.0,4.0,0.05,0.005380220711231232,1.7947570085525513,3.1562318801879883,0.415112167596817,1.846540927886963,3.3804314136505127,0.06732434034347534,0.31733036041259766,0.5740615725517273,10000,10000,1.0,310.73434930933195,310.73434930933195,35900,True,292,145500,0.0,0.0,3,LEFT,greedy,23071,36834,38773,46918,11394,134202,0.07825764444078134,0,72798,2,2,310.73434930933195,496.11455305335437,2,2,,,3,LEFT,False,,
145596,double_dqn,530,,,6.0,6.0,0.05,0.005380220711231232,1.7947570085525513,3.1562318801879883,0.415112167596817,1.846540927886963,3.3804314136505127,0.06732434034347534,0.31733036041259766,0.5740615725517273,10000,10000,1.0,310.7342004390369,310.7342004390369,35900,True,292,145500,0.0,0.0,3,LEFT,greedy,23071,36834,38773,46918,11394,134202,0.07825764444078134,1,72798,2,2,310.7342004390369,496.11431536891416,2,2,,,3,LEFT,False,,
145738,double_dqn,531,7.0,423,0.0,0.0,0.05,,,,,,,,,,10000,10000,1.0,310.76008464492435,310.76008464492435,35935,False,292,145500,0.0,0.0,3,LEFT,greedy,23095,36845,38830,46968,11397,134341,0.07820197889363104,1,72869,2,2,310.76008464492435,495.0976563905504,2,2,,,3,LEFT,False,,
145917,double_dqn,532,7.0,362,0.0,0.0,0.05,,,,,,,,,,10000,10000,1.0,310.85800865517183,310.85800865517183,35980,False,292,145500,0.0,0.0,2,RIGHT,greedy,23118,36862,38890,47048,11408,134510,0.07818089611973848,0,72959,2,2,310.85800865517183,493.92154391464527,2,2,,,2,RIGHT,False,,
145995,double_dqn,532,,,1.0,1.0,0.05,0.0028415340930223465,1.8513760566711426,3.1087779998779297,0.5994502902030945,1.8893343210220337,2.8826279640197754,0.05364277958869934,0.2261500358581543,0.22225816547870636,10000,10000,1.0,310.89329594726047,310.89329594726047,36000,True,292,145500,0.0,0.0,0,NOOP,greedy,23138,36874,38893,47091,11411,134585,0.0781596756075509,0,72998,2,2,310.89329594726047,493.4035311235351,2,2,,,0,NOOP,False,,
145996,double_dqn,532,,,2.0,2.0,0.05,0.0028415340930223465,1.8513760566711426,3.1087779998779297,0.5994502902030945,1.8893343210220337,2.8826279640197754,0.05364277958869934,0.2261500358581543,0.22225816547870636,10000,10000,1.0,310.8931677637101,310.8931677637101,36000,True,292,145500,0.0,0.0,1,FIRE,fire_reset,23138,36874,38893,47091,11411,134585,0.0781596756075509,1,72998,2,2,310.8931677637101,493.4033276896971,2,2,,,0,NOOP,True,after_life_loss,
146296,double_dqn,533,4.0,279,0.0,0.0,0.05,,,,,,,,,,10000,10000,1.0,310.89003971858983,310.89003971858983,36075,True,293,146000,0.0,0.0,0,NOOP,random,23204,36926,38956,47210,11426,134870,0.07810193033302346,1,73148,2,2,310.89003971858983,491.2084116410793,2,2,,,0,NOOP,False,,
146395,double_dqn,533,,,4.0,4.0,0.05,0.0029469274450093508,1.8724168539047241,2.7813355922698975,1.0052183866500854,1.9229882955551147,2.885157823562622,0.053531989455223083,0.2148648500442505,0.47311630845069885,10000,10000,1.0,310.9152918108339,310.9152918108339,36100,True,293,146000,0.0,0.0,3,LEFT,greedy,23220,36937,38994,47245,11431,134965,0.07808273450094265,0,73198,2,2,310.9152918108339,490.52456095287135,2,2,,,3,LEFT,False,,
146396,double_dqn,533,,,1.0,1.0,0.05,0.0029469274450093508,1.8724168539047241,2.7813355922698975,1.0052183866500854,1.9229882955551147,2.885157823562622,0.053531989455223083,0.2148648500442505,0.47311630845069885,10000,10000,1.0,310.91515200445195,310.91515200445195,36100,True,293,146000,0.0,0.0,3,LEFT,greedy,23220,36937,38994,47245,11431,134965,0.07808273450094265,1,73198,2,2,310.91515200445195,490.52434038326305,2,2,,,3,LEFT,False,,
146701,double_dqn,534,8.0,392,0.0,0.0,0.05,,,,,,,,,,10000,10000,1.0,310.8839817672365,310.8839817672365,36176,False,294,146500,0.0,0.0,2,RIGHT,greedy,23237,37007,39094,47364,11444,135258,0.07800847977532685,0,73351,2,2,310.8839817672365,488.27996545348304,2,2,,,2,RIGHT,False,,
146795,double_dqn,534,,,1.0,1.0,0.05,0.0032376782037317753,1.7244696617126465,2.9524214267730713,0.6535282135009766,1.7827622890472412,2.971327066421509,0.06455644965171814,0.2027815580368042,0.45519134402275085,10000,10000,1.0,310.81194430489603,310.81194430489603,36200,True,294,146500,0.0,0.0,3,LEFT,greedy,23240,37044,39118,47394,11449,135347,0.0779925883539061,0,73398,2,2,310.81194430489603,487.49839918135655,2,2,,,3,LEFT,False,,
146796,double_dqn,534,,,5.0,5.0,0.05,0.0032376782037317753,1.7244696617126465,2.9524214267730713,0.6535282135009766,1.7827622890472412,2.971327066421509,0.06455644965171814,0.2027815580368042,0.45519134402275085,10000,10000,1.0,310.8117851423595,310.8117851423595,36200,True,294,146500,0.0,0.0,1,FIRE,greedy,23240,37044,39118,47394,11449,135347,0.0779925883539061,1,73398,2,2,310.8117851423595,487.4981495401082,2,2,,,1,FIRE,False,,
147195,double_dqn,534,,,5.0,5.0,0.05,0.003971016965806484,1.972862720489502,2.9437243938446045,0.31053534150123596,1.9956364631652832,2.9581050872802734,0.062377478927373886,0.24770963191986084,0.1621432602405548,10000,10000,1.0,310.69375087122626,310.69375087122626,36300,True,295,147000,0.0,0.0,1,FIRE,greedy,23274,37237,39201,47484,11474,135722,0.07795048778499415,0,73598,2,2,310.69375087122626,484.4995058187243,2,2,,,1,FIRE,False,,
147196,double_dqn,534,,,10.0,10.0,0.05,0.003971016965806484,1.972862720489502,2.9437243938446045,0.31053534150123596,1.9956364631652832,2.9581050872802734,0.062377478927373886,0.24770963191986084,0.1621432602405548,10000,10000,1.0,310.69362590287244,310.69362590287244,36300,True,295,147000,0.0,0.0,2,RIGHT,greedy,23274,37237,39201,47484,11474,135722,0.07795048778499415,1,73598,2,2,310.69362590287244,484.4993109415969,2,2,,,2,RIGHT,False,,
147540,double_dqn,535,15.0,622,0.0,0.0,0.05,,,,,,,,,,10000,10000,1.0,310.66623439137976,310.66623439137976,36386,True,296,147500,0.0,0.0,1,FIRE,greedy,23285,37366,39304,47585,11492,136048,0.07789074149383218,1,73770,2,2,310.66623439137976,482.0750549232664,2,2,,,1,FIRE,False,,
147595,double_dqn,535,,,8.0,8.0,0.05,0.0017992579378187656,1.8999085426330566,3.122267007827759,0.4446510374546051,1.9233955144882202,3.0742416381835938,0.044040363281965256,0.14891880750656128,0.18682675063610077,10000,10000,1.0,310.59849395139673,310.59849395139673,36400,True,296,147500,0.0,0.0,2,RIGHT,greedy,23288,37374,39317,47617,11495,136101,0.0778815144041844,0,73798,2,2,310.59849395139673,481.5855882138242,2,2,,,2,RIGHT,False,,
147596,double_dqn,535,,,0.0,0.0,0.05,0.0017992579378187656,1.8999085426330566,3.122267007827759,0.4446510374546051,1.9233955144882202,3.0742416381835938,0.044040363281965256,0.14891880750656128,0.18682675063610077,10000,10000,1.0,310.59832876061125,310.59832876061125,36400,True,296,147500,0.0,0.0,1,FIRE,greedy,23288,37374,39317,47617,11495,136101,0.0778815144041844,1,73798,2,2,310.59832876061125,481.58533208411615,2,2,,,1,FIRE,False,,
147613,double_dqn,536,8.0,456,0.0,0.0,0.05,,,,,,,,,,10000,10000,1.0,310.56406624122366,310.56406624122366,36404,False,296,147500,0.0,0.0,2,RIGHT,greedy,23289,37380,39322,47623,11496,136118,0.07787879198450011,0,73807,2,2,310.56406624122366,481.40887211883046,2,2,,,2,RIGHT,False,,
147995,double_dqn,536,,,3.0,3.0,0.05,0.0032322872430086136,1.9104368686676025,2.59464955329895,0.3563203811645508,1.8890326023101807,2.6071534156799316,0.05737913027405739,0.26937103271484375,0.49409759044647217,10000,10000,1.0,310.49903427914927,310.49903427914927,36500,True,296,147500,0.0,0.0,0,NOOP,greedy,23381,37460,39425,47730,11520,136476,0.07783994162004379,0,73998,2,2,310.49903427914927,478.71296646779916,2,2,,,0,NOOP,False,,
147996,double_dqn,536,,,5.0,5.0,0.05,0.0032322872430086136,1.9104368686676025,2.59464955329895,0.3563203811645508,1.8890326023101807,2.6071534156799316,0.05737913027405739,0.26937103271484375,0.49409759044647217,10000,10000,1.0,310.498907730961,310.498907730961,36500,True,296,147500,0.0,0.0,2,RIGHT,greedy,23381,37460,39425,47730,11520,136476,0.07783994162004379,1,73998,2,2,310.498907730961,478.7127713616895,2,2,,,2,RIGHT,False,,
148295,double_dqn,537,6.0,341,0.0,0.0,0.05,,,,,,,,,,10000,10000,1.0,310.4863535423259,310.4863535423259,36575,True,297,148000,0.0,0.0,3,LEFT,greedy,23413,37510,39478,47895,11538,136758,0.07780385175594756,0,74148,2,2,310.4863535423259,476.68424181001285,2,2,,,3,LEFT,False,,
148395,double_dqn,537,,,1.0,1.0,0.05,0.0024770135059952736,1.8143088817596436,2.937497615814209,0.6418310403823853,1.8307034969329834,2.7919137477874756,0.04766932129859924,0.21290862560272217,0.17301593720912933,10000,10000,1.0,310.518150594197,310.518150594197,36600,True,297,148000,0.0,0.0,0,NOOP,greedy,23427,37524,39515,47930,11542,136854,0.07777837677565433,0,74198,2,2,310.518150594197,476.0688019214032,2,2,,,0,NOOP,False,,
148396,double_dqn,537,,,9.0,9.0,0.05,0.0024770135059952736,1.8143088817596436,2.937497615814209,0.6418310403823853,1.8307034969329834,2.7919137477874756,0.04766932129859924,0.21290862560272217,0.17301593720912933,10000,10000,1.0,310.51801810347115,310.51801810347115,36600,True,297,148000,0.0,0.0,0,NOOP,random,23427,37524,39515,47930,11542,136854,0.07777837677565433,1,74198,2,2,310.51801810347115,476.0685987941432,2,2,,,0,NOOP,False,,
148446,double_dqn,538,9.0,453,0.0,0.0,0.05,,,,,,,,,,10000,10000,1.0,310.52324558415825,310.52324558415825,36612,False,297,148000,0.0,0.0,3,LEFT,greedy,23442,37533,39526,47945,11546,136900,0.07777912506904867,1,74223,2,2,310.52324558415825,475.7455075133753,2,2,,,3,LEFT,False,,
148795,double_dqn,538,,,4.0,4.0,0.05,0.001968992408365011,1.8427233695983887,2.9166078567504883,0.5993766188621521,1.836795449256897,2.807187795639038,0.05173364281654358,0.1198122501373291,0.26043298840522766,10000,10000,1.0,310.4811635764022,310.4811635764022,36700,True,298,148500,0.0,0.0,3,LEFT,greedy,23511,37616,39605,48064,11561,137235,0.07769698110164251,0,74398,2,2,310.4811635764022,473.38260529053963,2,2,,,3,LEFT,False,,
148796,double_dqn,538,,,3.0,3.0,0.05,0.001968992408365011,1.8427233695983887,2.9166078567504883,0.5993766188621521,1.836795449256897,2.807187795639038,0.05173364281654358,0.1198122501373291,0.26043298840522766,10000,10000,1.0,310.4810231155019,310.4810231155019,36700,True,298,148500,0.0,0.0,3,LEFT,greedy,23511,37616,39605,48064,11561,137235,0.07769698110164251,1,74398,2,2,310.4810231155019,473.3823911334353,2,2,,,3,LEFT,False,,
149113,double_dqn,539,7.0,409,0.0,0.0,0.05,,,,,,,,,,10000,10000,1.0,310.6476776754219,310.6476776754219,36779,False,299,149000,0.0,0.0,3,LEFT,greedy,23552,37658,39710,48194,11581,137533,0.07766541035717639,0,74557,2,2,310.6476776754219,471.5754958758487,2,2,,,3,LEFT,False,,
149195,double_dqn,539,,,1.0,1.0,0.05,0.0032216438557952642,1.8195555210113525,2.622875690460205,0.4740009009838104,1.8206437826156616,2.712984561920166,0.05626726895570755,0.23465240001678467,0.2886061370372772,10000,10000,1.0,310.641934725848,310.641934725848,36800,True,299,149000,0.0,0.0,0,NOOP,greedy,23594,37681,39716,48205,11582,137614,0.07762942706238773,0,74598,2,2,310.641934725848,471.039658644581,2,2,,,0,NOOP,False,,
149196,double_dqn,539,,,7.0,7.0,0.05,0.0032216438557952642,1.8195555210113525,2.622875690460205,0.4740009009838104,1.8206437826156616,2.712984561920166,0.05626726895570755,0.23465240001678467,0.2886061370372772,10000,10000,1.0,310.64181036617447,310.64181036617447,36800,True,299,149000,0.0,0.0,2,RIGHT,greedy,23594,37681,39716,48205,11582,137614,0.07762942706238773,1,74598,2,2,310.64181036617447,471.03947007268647,2,2,,,2,RIGHT,False,,
149516,double_dqn,540,10.0,535,0.0,0.0,0.05,,,,,,,,,,10000,10000,1.0,310.54519658632205,310.54519658632205,36880,True,300,149500,0.0,0.0,2,RIGHT,greedy,23654,37751,39810,48301,11593,137923,0.07753685224323818,1,74758,2,2,310.54519658632205,468.8532556426259,2,2,,,2,RIGHT,False,,
149595,double_dqn,540,,,4.0,4.0,0.05,0.0019677060190588236,1.854154109954834,2.989161252975464,0.4225631654262543,1.872265100479126,3.0415055751800537,0.04873443394899368,0.16632485389709473,0.07783608883619308,10000,10000,1.0,310.52279909218026,310.52279909218026,36900,True,300,149500,0.0,0.0,1,FIRE,greedy,23667,37770,39833,48326,11599,137997,0.07753549560148668,0,74798,2,2,310.52279909218026,468.3136609100915,2,2,,,1,FIRE,False,,
149596,double_dqn,540,,,1.0,1.0,0.05,0.0019677060190588236,1.854154109954834,2.989161252975464,0.4225631654262543,1.872265100479126,3.0415055751800537,0.04873443394899368,0.16632485389709473,0.07783608883619308,10000,10000,1.0,310.52267058049307,310.52267058049307,36900,True,300,149500,0.0,0.0,3,LEFT,greedy,23667,37770,39833,48326,11599,137997,0.07753549560148668,1,74798,2,2,310.52267058049307,468.3134670957279,2,2,,,3,LEFT,False,,
149701,double_dqn,541,4.0,294,0.0,0.0,0.05,,,,,,,,,,10000,10000,1.0,310.5389770452498,310.5389770452498,36926,False,300,149500,0.0,0.0,1,FIRE,greedy,23673,37785,39877,48367,11605,138097,0.07752067440648755,0,74851,2,2,310.5389770452498,467.67037485038816,2,2,,,1,FIRE,False,,
149995,double_dqn,541,,,3.0,3.0,0.05,0.0023735829163342714,2.0318360328674316,3.0324337482452393,1.1137903928756714,2.0523812770843506,3.132544755935669,0.05340629816055298,0.1990659236907959,0.187037393450737,10000,10000,1.0,310.5667534456014,310.5667534456014,37000,True,300,149500,0.0,0.0,1,FIRE,greedy,23731,37887,39942,48436,11624,138372,0.07749539987733006,0,74998,2,2,310.5667534456014,465.874977496464,2,2,,,1,FIRE,False,,
149996,double_dqn,541,,,5.0,5.0,0.05,0.0023735829163342714,2.0318360328674316,3.0324337482452393,1.1137903928756714,2.0523812770843506,3.132544755935669,0.05340629816055298,0.1990659236907959,0.187037393450737,10000,10000,1.0,310.56661184349923,310.56661184349923,37000,True,300,149500,0.0,0.0,3,LEFT,greedy,23731,37887,39942,48436,11624,138372,0.07749539987733006,1,74998,2,2,310.56661184349923,465.87476508198165,2,2,,,3,LEFT,False,,
150395,double_dqn,541,,,6.0,6.0,0.05,0.0022942768409848213,1.9279594421386719,3.0802626609802246,-0.01832166686654091,1.9657119512557983,3.0515291690826416,0.054166704416275024,0.13447189331054688,0.3467785716056824,10000,10000,1.0,309.91816105316036,309.91816105316036,37100,True,301,150000,0.0,0.0,3,LEFT,greedy,23788,37992,40044,48572,11634,138762,0.07735578073884944,0,75198,2,2,309.91816105316036,462.4419770393593,2,2,,,3,LEFT,False,,
150396,double_dqn,541,,,8.0,8.0,0.05,0.0022942768409848213,1.9279594421386719,3.0802626609802246,-0.01832166686654091,1.9657119512557983,3.0515291690826416,0.054166704416275024,0.13447189331054688,0.3467785716056824,10000,10000,1.0,309.91800133971907,309.91800133971907,37100,True,301,150000,0.0,0.0,3,LEFT,greedy,23788,37992,40044,48572,11634,138762,0.07735578073884944,1,75198,2,2,309.91800133971907,462.44173872418827,2,2,,,3,LEFT,False,,
150482,double_dqn,542,9.0,483,0.0,0.0,0.05,,,,,,,,,,10000,10000,1.0,309.79912319076624,309.79912319076624,37121,False,301,150000,0.0,0.0,2,RIGHT,greedy,23798,37996,40071,48617,11637,138845,0.077331508087346,1,75241,2,2,309.79912319076624,461.7407358661789,2,2,,,2,RIGHT,False,,
150517,double_dqn,543,8.0,408,0.0,0.0,0.05,,,,,,,,,,10000,10000,1.0,309.74772510108335,309.74772510108335,37130,False,302,150500,0.0,0.0,0,NOOP,greedy,23801,37999,40082,48636,11640,138878,0.0773329435682111,0,75259,2,2,309.74772510108335,461.4455054313795,2,2,,,0,NOOP,False,,
150795,double_dqn,543,,,3.0,3.0,0.05,0.0020800509955734015,1.9760438203811646,2.7515156269073486,1.2276122570037842,1.997943639755249,2.7260615825653076,0.04660318046808243,0.1810762882232666,0.14619667828083038,10000,10000,1.0,309.3407611424074,309.3407611424074,37200,True,302,150500,0.0,0.0,3,LEFT,greedy,23834,38037,40160,48765,11648,139148,0.07724342820764477,0,75398,2,2,309.3407611424074,459.16360950892266,2,2,,,3,LEFT,False,,
150796,double_dqn,543,,,2.0,2.0,0.05,0.0020800509955734015,1.9760438203811646,2.7515156269073486,1.2276122570037842,1.997943639755249,2.7260615825653076,0.04660318046808243,0.1810762882232666,0.14619667828083038,10000,10000,1.0,309.3406083631595,309.3406083631595,37200,True,302,150500,0.0,0.0,2,RIGHT,greedy,23834,38037,40160,48765,11648,139148,0.07724342820764477,1,75398,2,2,309.3406083631595,459.1633827341818,2,2,,,2,RIGHT,False,,
151036,double_dqn,544,4.0,277,0.0,0.0,0.05,,,,,,,,,,10000,10000,1.0,309.23188732613454,309.23188732613454,37260,True,303,151000,0.0,0.0,3,LEFT,greedy,23846,38070,40224,48896,11661,139375,0.07720675865356603,1,75518,2,2,309.23188732613454,457.5706102965559,2,2,,,3,LEFT,False,,
151195,double_dqn,544,,,7.0,7.0,0.05,0.0024077449925243855,1.9630578756332397,2.969268560409546,0.6721171140670776,1.967826008796692,2.991626024246216,0.05031372606754303,0.21415722370147705,0.28635871410369873,10000,10000,1.0,309.24087392482994,309.24087392482994,37300,True,303,151000,0.0,0.0,3,LEFT,greedy,23871,38092,40268,48965,11670,139526,0.0771845816026879,0,75598,2,2,309.24087392482994,456.63707295431857,2,2,,,3,LEFT,False,,
151196,double_dqn,544,,,2.0,2.0,0.05,0.0024077449925243855,1.9630578756332397,2.969268560409546,0.6721171140670776,1.967826008796692,2.991626024246216,0.05031372606754303,0.21415722370147705,0.28635871410369873,10000,10000,1.0,309.2407577403735,309.2407577403735,37300,True,303,151000,0.0,0.0,3,LEFT,greedy,23871,38092,40268,48965,11670,139526,0.0771845816026879,1,75598,2,2,309.2407577403735,456.63690139184223,2,2,,,3,LEFT,False,,
151519,double_dqn,545,10.0,501,0.0,0.0,0.05,,,,,,,,,,10000,10000,1.0,308.8754950843302,308.8754950843302,37381,True,304,151500,0.0,0.0,2,RIGHT,greedy,23900,38137,40344,49139,11683,139837,0.07710533262935586,0,75760,2,2,308.8754950843302,454.20045628083966,2,2,,,2,RIGHT,False,,
151572,double_dqn,546,4.0,268,0.0,0.0,0.05,,,,,,,,,,10000,10000,1.0,308.79366266658513,308.79366266658513,37394,True,304,151500,0.0,0.0,3,LEFT,greedy,23901,38142,40370,49159,11684,139888,0.07708547752883119,1,75786,2,2,308.79366266658513,453.7779515793419,2,2,,,3,LEFT,False,,
151595,double_dqn,546,,,0.0,0.0,0.05,0.0021427213214337826,1.9688067436218262,2.7770557403564453,0.5754518508911133,1.983290672302246,3.01334810256958,0.04695102199912071,0.24477362632751465,0.17452822625637054,10000,10000,1.0,308.7576003118067,308.7576003118067,37400,True,304,151500,0.0,0.0,2,RIGHT,greedy,23902,38147,40385,49162,11687,139909,0.0770930631415077,0,75798,2,2,308.7576003118067,453.58571572281426,2,2,,,2,RIGHT,False,,
151596,double_dqn,546,,,0.0,0.0,0.05,0.0021427213214337826,1.9688067436218262,2.7770557403564453,0.5754518508911133,1.983290672302246,3.01334810256958,0.04695102199912071,0.24477362632751465,0.17452822625637054,10000,10000,1.0,308.75745360835384,308.75745360835384,37400,True,304,151500,0.0,0.0,0,NOOP,random,23902,38147,40385,49162,11687,139909,0.0770930631415077,1,75798,2,2,308.75745360835384,453.5855002055587,2,2,,,0,NOOP,False,,
151995,double_dqn,546,,,5.0,5.0,0.05,0.0015890360809862614,1.8355807065963745,2.670222759246826,0.555144190788269,1.8619706630706787,2.7177350521087646,0.039630912244319916,0.18662023544311523,0.14319536089897156,10000,10000,1.0,308.5937891726304,308.5937891726304,37500,True,304,151500,0.0,0.0,3,LEFT,greedy,23965,38248,40479,49304,11712,140284,0.07705465933314035,0,75998,2,2,308.5937891726304,451.044518608,2,2,,,3,LEFT,False,,
151996,double_dqn,546,,,4.0,4.0,0.05,0.0015890360809862614,1.8355807065963745,2.670222759246826,0.555144190788269,1.8619706630706787,2.7177350521087646,0.039630912244319916,0.18662023544311523,0.14319536089897156,10000,10000,1.0,308.59367287327314,308.59367287327314,37500,True,304,151500,0.0,0.0,3,LEFT,greedy,23965,38248,40479,49304,11712,140284,0.07705465933314035,1,75998,2,2,308.59367287327314,451.04434862341355,2,2,,,3,LEFT,False,,
152211,double_dqn,547,6.0,346,0.0,0.0,0.05,,,,,,,,,,10000,10000,1.0,308.69325725324086,308.69325725324086,37554,True,305,152000,0.0,0.0,3,LEFT,greedy,23980,38287,40529,49416,11723,140489,0.07701758074264842,0,76106,2,2,308.69325725324086,449.96186770311704,2,2,,,3,LEFT,False,,
152310,double_dqn,548,6.0,369,0.0,0.0,0.05,,,,,,,,,,10000,10000,1.0,308.70703087566625,308.70703087566625,37578,False,305,152000,0.0,0.0,3,LEFT,greedy,24001,38297,40564,49448,11724,140586,0.0769745912940713,1,76155,2,2,308.70703087566625,449.4281004843503,2,2,,,3,LEFT,False,,
152395,double_dqn,548,,,2.0,2.0,0.05,0.004873518366366625,1.9924346208572388,2.8335988521575928,0.4377657175064087,2.031036138534546,2.8067922592163086,0.06123841553926468,0.33124518394470215,0.20505966246128082,10000,10000,1.0,308.695916844638,308.695916844638,37600,True,305,152000,0.0,0.0,3,LEFT,greedy,24005,38313,40593,49485,11729,140667,0.07696396230872202,0,76198,2,2,308.695916844638,448.9276179809094,2,2,,,3,LEFT,False,,
152396,double_dqn,548,,,0.0,0.0,0.05,0.004873518366366625,1.9924346208572388,2.8335988521575928,0.4377657175064087,2.031036138534546,2.8067922592163086,0.06123841553926468,0.33124518394470215,0.20505966246128082,10000,10000,1.0,308.69580153838774,308.69580153838774,37600,True,305,152000,0.0,0.0,3,LEFT,greedy,24005,38313,40593,49485,11729,140667,0.07696396230872202,1,76198,2,2,308.69580153838774,448.9274502943367,2,2,,,3,LEFT,False,,
152795,double_dqn,548,,,7.0,7.0,0.05,0.004586685448884964,1.8716394901275635,2.8545589447021484,0.8425845503807068,1.877963662147522,2.889285087585449,0.062383368611335754,0.3518794775009155,0.23753628134727478,10000,10000,1.0,308.7918819182665,308.7918819182665,37700,True,306,152500,0.0,0.0,3,LEFT,greedy,24053,38413,40706,49624,11749,141047,0.07689337417209875,0,76398,2,2,308.7918819182665,446.8346502536503,2,2,,,3,LEFT,False,,
152796,double_dqn,548,,,5.0,5.0,0.05,0.004586685448884964,1.8716394901275635,2.8545589447021484,0.8425845503807068,1.877963662147522,2.889285087585449,0.062383368611335754,0.3518794775009155,0.23753628134727478,10000,10000,1.0,308.7917587453368,308.7917587453368,37700,True,306,152500,0.0,0.0,2,RIGHT,greedy,24053,38413,40706,49624,11749,141047,0.07689337417209875,1,76398,2,2,308.7917587453368,446.8344720173164,2,2,,,2,RIGHT,False,,
153030,double_dqn,549,7.0,360,0.0,0.0,0.05,,,,,,,,,,10000,10000,1.0,308.8721020771916,308.8721020771916,37758,False,307,153000,0.0,0.0,1,FIRE,greedy,24078,38490,40746,49716,11762,141268,0.07686074625890349,1,76515,2,2,308.8721020771916,445.65998284812963,2,2,,,1,FIRE,False,,
153195,double_dqn,549,,,10.0,10.0,0.05,0.014026635326445103,1.79642653465271,2.8375532627105713,0.6975345015525818,1.8310422897338867,2.9408483505249023,0.07289661467075348,0.8688281774520874,0.4845687747001648,10000,10000,1.0,308.8693187010086,308.8693187010086,37800,True,307,153000,0.0,0.0,3,LEFT,greedy,24112,38525,40800,49759,11770,141426,0.07682968223713413,0,76598,2,2,308.8693187010086,444.74720042596914,2,2,,,3,LEFT,False,,
153196,double_dqn,549,,,2.0,2.0,0.05,0.014026635326445103,1.79642653465271,2.8375532627105713,0.6975345015525818,1.8310422897338867,2.9408483505249023,0.07289661467075348,0.8688281774520874,0.4845687747001648,10000,10000,1.0,308.8691838392459,308.8691838392459,37800,True,307,153000,0.0,0.0,3,LEFT,greedy,24112,38525,40800,49759,11770,141426,0.07682968223713413,1,76598,2,2,308.8691838392459,444.74700623578013,2,2,,,3,LEFT,False,,
153261,double_dqn,550,11.0,525,0.0,0.0,0.05,,,,,,,,,,10000,10000,1.0,308.8477268220891,308.8477268220891,37816,False,307,153000,0.0,0.0,1,FIRE,greedy,24116,38546,40810,49790,11772,141490,0.07680964622672287,0,76631,2,2,308.8477268220891,444.3563920638262,2,2,,,1,FIRE,False,,
153595,double_dqn,550,,,4.0,4.0,0.05,0.002941989107057452,1.8711706399917603,2.9275858402252197,0.7349507212638855,1.8963844776153564,2.994608163833618,0.05140114575624466,0.2728543281555176,0.2020016759634018,10000,10000,1.0,308.956047131782,308.956047131782,37900,True,308,153500,0.0,0.0,3,LEFT,greedy,24186,38597,40899,49914,11789,141807,0.07675330086721008,0,76798,2,2,308.956047131782,442.70480087369566,2,2,,,3,LEFT,False,,
153596,double_dqn,550,,,7.0,7.0,0.05,0.002941989107057452,1.8711706399917603,2.9275858402252197,0.7349507212638855,1.8963844776153564,2.994608163833618,0.05140114575624466,0.2728543281555176,0.2020016759634018,10000,10000,1.0,308.95594134114793,308.95594134114793,37900,True,308,153500,0.0,0.0,2,RIGHT,greedy,24186,38597,40899,49914,11789,141807,0.07675330086721008,1,76798,2,2,308.95594134114793,442.7046492857205,2,2,,,2,RIGHT,False,,
153980,double_dqn,551,10.0,475,0.0,0.0,0.05,,,,,,,,,,10000,10000,1.0,309.0267179472188,309.0267179472188,37996,True,308,153500,0.0,0.0,1,FIRE,greedy,24224,38767,40985,50004,11807,142173,0.07667878945317573,1,76990,2,2,309.0267179472188,440.7552244304627,2,2,,,1,FIRE,False,,
153995,double_dqn,551,,,8.0,8.0,0.05,0.0025651396717876196,1.847994327545166,2.795819044113159,0.4064981937408447,1.8288798332214355,2.9106850624084473,0.05639275163412094,0.17674511671066284,0.3111070990562439,10000,10000,1.0,308.9713061461897,308.9713061461897,38000,True,308,153500,0.0,0.0,2,RIGHT,greedy,24224,38769,40991,50012,11807,142189,0.07667082261876931,0,76998,2,2,308.9713061461897,440.59138881851095,2,2,,,2,RIGHT,False,,
153996,double_dqn,551,,,0.0,0.0,0.05,0.0025651396717876196,1.847994327545166,2.795819044113159,0.4064981937408447,1.8288798332214355,2.9106850624084473,0.05639275163412094,0.17674511671066284,0.3111070990562439,10000,10000,1.0,308.9711781451171,308.9711781451171,38000,True,308,153500,0.0,0.0,2,RIGHT,greedy,24224,38769,40991,50012,11807,142189,0.07667082261876931,1,76998,2,2,308.9711781451171,440.5912062896831,2,2,,,2,RIGHT,False,,
154395,double_dqn,551,,,12.0,12.0,0.05,0.0022073034197092056,1.9043208360671997,2.9008216857910156,0.38904815912246704,1.907421350479126,2.7577641010284424,0.04920990765094757,0.18165481090545654,0.23493899405002594,10000,10000,1.0,308.73561181702644,308.73561181702644,38100,True,309,154000,0.0,0.0,1,FIRE,greedy,24275,38893,41085,50143,11816,142580,0.07653048006425037,0,77198,2,2,308.73561181702644,438.15302156501957,2,2,,,1,FIRE,False,,
154396,double_dqn,551,,,5.0,5.0,0.05,0.0022073034197092056,1.9043208360671997,2.9008216857910156,0.38904815912246704,1.907421350479126,2.7577641010284424,0.04920990765094757,0.18165481090545654,0.23493899405002594,10000,10000,1.0,308.73548968240925,308.73548968240925,38100,True,309,154000,0.0,0.0,2,RIGHT,greedy,24275,38893,41085,50143,11816,142580,0.07653048006425037,1,77198,2,2,308.73548968240925,438.15284823337436,2,2,,,2,RIGHT,False,,
154461,double_dqn,552,13.0,600,0.0,0.0,0.05,,,,,,,,,,10000,10000,1.0,308.67145460093394,308.67145460093394,38116,False,309,154000,0.0,0.0,1,FIRE,greedy,24276,38934,41097,50155,11818,142644,0.07651072755758698,0,77231,2,2,308.67145460093394,437.7181357696142,2,2,,,1,FIRE,False,,
154795,double_dqn,552,,,3.0,3.0,0.05,0.0019464804790914059,1.8332220315933228,2.713426113128662,0.1742943674325943,1.8483226299285889,2.713305711746216,0.05222314968705177,0.15287446975708008,0.13243822753429413,10000,10000,1.0,308.5789276379992,308.5789276379992,38200,True,310,154500,0.0,0.0,2,RIGHT,greedy,24303,39103,41144,50246,11830,142966,0.07642316338923487,0,77398,2,2,308.5789276379992,435.8601328806092,2,2,,,2,RIGHT,False,,
154796,double_dqn,552,,,8.0,8.0,0.05,0.0019464804790914059,1.8332220315933228,2.713426113128662,0.1742943674325943,1.8483226299285889,2.713305711746216,0.05222314968705177,0.15287446975708008,0.13243822753429413,10000,10000,1.0,308.5788138165106,308.5788138165106,38200,True,310,154500,0.0,0.0,1,FIRE,greedy,24303,39103,41144,50246,11830,142966,0.07642316338923487,1,77398,2,2,308.5788138165106,435.85997211056076,2,2,,,1,FIRE,False,,
154954,double_dqn,553,9.0,487,0.0,0.0,0.05,,,,,,,,,,10000,10000,1.0,308.5119018127195,308.5119018127195,38239,False,310,154500,0.0,0.0,1,FIRE,greedy,24315,39153,41181,50305,11838,143116,0.07639686616673336,1,77477,2,2,308.5119018127195,434.95608357433616,2,2,,,1,FIRE,False,,
155143,double_dqn,554,6.0,341,0.0,0.0,0.05,,,,,,,,,,10000,10000,1.0,308.5029368655923,308.5029368655923,38287,True,311,155000,0.0,0.0,3,LEFT,greedy,24323,39188,41243,50390,11844,143300,0.07634197906461095,0,77572,2,2,308.5029368655923,433.97631326232636,2,2,,,3,LEFT,False,,
155195,double_dqn,554,,,0.0,0.0,0.05,0.0028230007737874985,1.9558496475219727,2.8767025470733643,0.6752071380615234,1.9838662147521973,2.925781011581421,0.05809193477034569,0.2299668788909912,0.1794678270816803,10000,10000,1.0,308.4920752932506,308.4920752932506,38300,True,311,155000,0.0,0.0,0,NOOP,greedy,24326,39200,41261,50409,11846,143350,0.07632928683728962,0,77598,2,2,308.4920752932506,433.697515374405,2,2,,,0,NOOP,False,,
155196,double_dqn,554,,,1.0,1.0,0.05,0.0028230007737874985,1.9558496475219727,2.8767025470733643,0.6752071380615234,1.9838662147521973,2.925781011581421,0.05809193477034569,0.2299668788909912,0.1794678270816803,10000,10000,1.0,308.4919702914566,308.4919702914566,38300,True,311,155000,0.0,0.0,1,FIRE,fire_reset,24326,39200,41261,50409,11846,143350,0.07632928683728962,1,77598,2,2,308.4919702914566,433.69736775629485,2,2,,,3,LEFT,True,after_life_loss,
155595,double_dqn,554,,,5.0,5.0,0.05,0.0032158445101231337,1.8877677917480469,2.7038204669952393,0.5007872581481934,1.9003655910491943,2.686142921447754,0.0508430153131485,0.2678065299987793,0.11091684550046921,10000,10000,1.0,308.4296313030289,308.4296313030289,38400,True,312,155500,0.0,0.0,2,RIGHT,greedy,24373,39259,41383,50581,11863,143733,0.07624231985398082,0,77798,2,2,308.4296313030289,431.5995477392806,2,2,,,2,RIGHT,False,,
155596,double_dqn,554,,,5.0,5.0,0.05,0.0032158445101231337,1.8877677917480469,2.7038204669952393,0.5007872581481934,1.9003655910491943,2.686142921447754,0.0508430153131485,0.2678065299987793,0.11091684550046921,10000,10000,1.0,308.429512383563,308.429512383563,38400,True,312,155500,0.0,0.0,3,LEFT,greedy,24373,39259,41383,50581,11863,143733,0.07624231985398082,1,77798,2,2,308.429512383563,431.5993813298877,2,2,,,3,LEFT,False,,
155644,double_dqn,555,5.0,345,0.0,0.0,0.05,,,,,,,,,,10000,10000,1.0,308.42057287509755,308.42057287509755,38412,True,312,155500,0.0,0.0,3,LEFT,greedy,24374,39261,41391,50618,11865,143779,0.07623165685795791,1,77822,2,2,308.42057287509755,431.347599422864,2,2,,,3,LEFT,False,,
155829,double_dqn,556,6.0,343,0.0,0.0,0.05,,,,,,,,,,10000,10000,1.0,308.455194622418,308.455194622418,38458,False,312,155500,0.0,0.0,3,LEFT,greedy,24384,39304,41443,50699,11876,143954,0.07621125585574023,0,77915,2,2,308.455194622418,430.4726220491796,2,2,,,3,LEFT,False,,
155995,double_dqn,556,,,1.0,1.0,0.05,0.0017973689828068018,1.9266034364700317,2.764420747756958,0.5623048543930054,1.9284038543701172,2.7133069038391113,0.04335008189082146,0.21971142292022705,0.20533519983291626,10000,10000,1.0,308.48294306617856,308.48294306617856,38500,True,312,155500,0.0,0.0,3,LEFT,greedy,24407,39342,41479,50768,11884,144112,0.07618144054975769,0,77998,2,2,308.48294306617856,429.69234576176507,2,2,,,3,LEFT,False,,
155996,double_dqn,556,,,3.0,3.0,0.05,0.0017973689828068018,1.9266034364700317,2.764420747756958,0.5623048543930054,1.9284038543701172,2.7133069038391113,0.04335008189082146,0.21971142292022705,0.20533519983291626,10000,10000,1.0,308.48283549156974,308.48283549156974,38500,True,312,155500,0.0,0.0,1,FIRE,greedy,24407,39342,41479,50768,11884,144112,0.07618144054975769,1,77998,2,2,308.48283549156974,429.6921959188416,2,2,,,1,FIRE,False,,
156395,double_dqn,556,,,10.0,7.0,0.05,0.001103285700082779,1.8851194381713867,2.6979575157165527,1.2071478366851807,1.8968929052352905,2.5956950187683105,0.03747031092643738,0.10106873512268066,0.08709584921598434,10000,10000,1.0,308.5535832360291,308.5535832360291,38600,True,313,156000,0.0,0.0,2,RIGHT,greedy,24476,39403,41616,50901,11899,144497,0.0760825085040538,0,78198,2,2,308.5535832360291,427.8366036933648,2,2,,,2,RIGHT,False,,
156396,double_dqn,556,,,7.0,7.0,0.05,0.001103285700082779,1.8851194381713867,2.6979575157165527,1.2071478366851807,1.8968929052352905,2.5956950187683105,0.03747031092643738,0.10106873512268066,0.08709584921598434,10000,10000,1.0,308.5534817780245,308.5534817780245,38600,True,313,156000,0.0,0.0,2,RIGHT,greedy,24476,39403,41616,50901,11899,144497,0.0760825085040538,1,78198,2,2,308.5534817780245,427.8364630129435,2,2,,,2,RIGHT,False,,
156718,double_dqn,557,10.0,537,0.0,0.0,0.05,,,,,,,,,,10000,10000,1.0,308.5995000027219,308.5995000027219,38680,False,314,156500,0.0,0.0,2,RIGHT,greedy,24496,39449,41742,51031,11916,144802,0.07603466098342246,1,78359,2,2,308.5995000027219,426.34698368618933,2,2,,,2,RIGHT,False,,
156795,double_dqn,557,,,13.0,10.0,0.05,0.007218379061669111,1.8567662239074707,2.8350729942321777,0.8923671841621399,1.8736376762390137,2.8120405673980713,0.059277065098285675,0.5541075468063354,0.3281063735485077,10000,10000,1.0,308.55693843723884,308.55693843723884,38700,True,314,156500,0.0,0.0,3,LEFT,greedy,24514,39467,41752,51063,11920,144876,0.07602234750886502,0,78398,2,2,308.55693843723884,425.91462179735635,2,2,,,3,LEFT,False,,
156796,double_dqn,557,,,1.0,1.0,0.05,0.007218379061669111,1.8567662239074707,2.8350729942321777,0.8923671841621399,1.8736376762390137,2.8120405673980713,0.059277065098285675,0.5541075468063354,0.3281063735485077,10000,10000,1.0,308.5568118763212,308.5568118763212,38700,True,314,156500,0.0,0.0,1,FIRE,greedy,24514,39467,41752,51063,11920,144876,0.07602234750886502,1,78398,2,2,308.5568118763212,425.91444709979277,2,2,,,1,FIRE,False,,
156861,double_dqn,558,14.0,516,0.0,0.0,0.05,,,,,,,,,,10000,10000,1.0,308.5196980510828,308.5196980510828,38716,False,314,156500,0.0,0.0,2,RIGHT,greedy,24524,39472,41781,51085,11922,144940,0.07600311101477732,0,78431,2,2,308.5196980510828,425.5479659147493,2,2,,,2,RIGHT,False,,
157195,double_dqn,558,,,3.0,3.0,0.05,0.0014806250110268593,1.821808099746704,2.9232378005981445,0.4415406286716461,1.8471667766571045,2.7707791328430176,0.042939089238643646,0.15245866775512695,0.10729941725730896,10000,10000,1.0,308.51888925895366,308.51888925895366,38800,True,315,157000,1.0,1.0,1,FIRE,greedy,24595,39547,41871,51183,11939,145257,0.0759497697142421,0,78598,2,2,308.51888925895366,423.962648751228,2,2,,,1,FIRE,False,,
157196,double_dqn,558,,,4.0,4.0,0.05,0.0014806250110268593,1.821808099746704,2.9232378005981445,0.4415406286716461,1.8471667766571045,2.7707791328430176,0.042939089238643646,0.15245866775512695,0.10729941725730896,10000,10000,1.0,308.51878325148056,308.51878325148056,38800,True,315,157000,0.0,0.0,1,FIRE,fire_reset,24595,39547,41871,51183,11939,145257,0.0759497697142421,1,78598,2,2,308.51878325148056,423.962503077136,2,2,,,2,RIGHT,True,after_life_loss,
157595,double_dqn,558,,,6.0,6.0,0.05,0.0032025794498622417,1.5751969814300537,2.451833724975586,0.4692509174346924,1.6036083698272705,2.309601068496704,0.06428296864032745,0.2163848876953125,0.15017102658748627,10000,10000,1.0,308.531212377137,308.531212377137,38900,True,316,157500,0.0,0.0,2,RIGHT,greedy,24624,39603,42014,51355,11952,145644,0.07583948831188608,0,78798,2,2,308.531212377137,422.10643921268223,2,2,,,2,RIGHT,False,,
157596,double_dqn,558,,,10.0,10.0,0.05,0.0032025794498622417,1.5751969814300537,2.451833724975586,0.4692509174346924,1.6036083698272705,2.309601068496704,0.06428296864032745,0.2163848876953125,0.15017102658748627,10000,10000,1.0,308.5311054447114,308.5311054447114,38900,True,316,157500,1.0,1.0,0,NOOP,greedy,24624,39603,42014,51355,11952,145644,0.07583948831188608,1,78798,2,2,308.5311054447114,422.1062929167368,2,2,,,0,NOOP,False,,
157630,double_dqn,559,10.0,456,0.0,0.0,0.05,,,,,,,,,,10000,10000,1.0,308.54047553027874,308.54047553027874,38908,False,316,157500,0.0,0.0,1,FIRE,greedy,24625,39604,42026,51375,11956,145674,0.0758485059950517,1,78815,2,2,308.54047553027874,421.9610893444199,2,2,,,1,FIRE,False,,
157843,double_dqn,560,16.0,491,0.0,0.0,0.05,,,,,,,,,,10000,10000,1.0,308.4989875892498,308.4989875892498,38962,True,316,157500,0.0,0.0,3,LEFT,greedy,24670,39642,42094,51438,11967,145877,0.0758153620029903,0,78922,2,2,308.4989875892498,420.9141328144453,2,2,,,3,LEFT,False,,
157995,double_dqn,560,,,1.0,1.0,0.05,0.007615462876856327,1.7416880130767822,2.966355085372925,0.2761862576007843,1.7699368000030518,2.9162237644195557,0.07809115946292877,0.5299985408782959,0.3091767132282257,10000,10000,1.0,308.4849247698533,308.4849247698533,39000,True,316,157500,0.0,0.0,2,RIGHT,greedy,24686,39663,42140,51507,11973,146023,0.0757803995037849,0,78998,2,2,308.4849247698533,420.1960839880142,2,2,,,2,RIGHT,False,,
157996,double_dqn,560,,,3.0,3.0,0.05,0.007615462876856327,1.7416880130767822,2.966355085372925,0.2761862576007843,1.7699368000030518,2.9162237644195557,0.07809115946292877,0.5299985408782959,0.3091767132282257,10000,10000,1.0,308.48481975521935,308.48481975521935,39000,True,316,157500,0.0,0.0,3,LEFT,greedy,24686,39663,42140,51507,11973,146023,0.0757803995037849,1,78998,2,2,308.48481975521935,420.1959409445965,2,2,,,3,LEFT,False,,
158278,double_dqn,561,5.0,324,0.0,0.0,0.05,,,,,,,,,,10000,10000,1.0,308.50596263592917,308.50596263592917,39070,False,317,158000,0.0,0.0,2,RIGHT,greedy,24704,39743,42201,51630,11989,146289,0.07574647139842555,1,79139,2,2,308.50596263592917,418.9377359731768,2,2,,,2,RIGHT,False,,
158395,double_dqn,561,,,4.0,4.0,0.05,0.0015686268452554941,1.6594552993774414,2.9022061824798584,0.27073872089385986,1.6720513105392456,2.8192594051361084,0.04437629133462906,0.15380942821502686,0.11270095407962799,10000,10000,1.0,308.5129530903778,308.5129530903778,39100,True,317,158000,0.0,0.0,3,LEFT,greedy,24749,39761,42230,51656,11992,146404,0.07570898255006439,0,79198,2,2,308.5129530903778,418.4123717181269,2,2,,,3,LEFT,False,,
158396,double_dqn,561,,,1.0,1.0,0.05,0.0015686268452554941,1.6594552993774414,2.9022061824798584,0.27073872089385986,1.6720513105392456,2.8192594051361084,0.04437629133462906,0.15380942821502686,0.11270095407962799,10000,10000,1.0,308.51285203596143,308.51285203596143,39100,True,317,158000,0.0,0.0,2,RIGHT,greedy,24749,39761,42230,51656,11992,146404,0.07570898255006439,1,79198,2,2,308.51285203596143,418.41223466580027,2,2,,,2,RIGHT,False,,
158795,double_dqn,561,,,9.0,9.0,0.05,0.0016416346188634634,1.7373265027999878,2.7879583835601807,0.8881288766860962,1.7408760786056519,2.8210861682891846,0.046631187200546265,0.1358482837677002,0.24519158899784088,10000,10000,1.0,308.5408929153503,308.5408929153503,39200,True,318,158500,1.0,1.0,1,FIRE,greedy,24844,39848,42319,51785,12016,146780,0.07566941232776644,0,79398,2,2,308.5408929153503,416.6530004710011,2,2,,,1,FIRE,False,,
158796,double_dqn,561,,,7.0,7.0,0.05,0.0016416346188634634,1.7373265027999878,2.7879583835601807,0.8881288766860962,1.7408760786056519,2.8210861682891846,0.046631187200546265,0.1358482837677002,0.24519158899784088,10000,10000,1.0,308.540791720871,308.540791720871,39200,True,318,158500,0.0,0.0,1,FIRE,greedy,24844,39848,42319,51785,12016,146780,0.07566941232776644,1,79398,2,2,308.540791720871,416.6528638181801,2,2,,,1,FIRE,False,,
158949,double_dqn,562,11.0,553,0.0,0.0,0.05,,,,,,,,,,10000,10000,1.0,308.5512182980511,308.5512182980511,39238,False,318,158500,0.0,0.0,3,LEFT,greedy,24855,39880,42357,51858,12027,146923,0.07566530355457692,0,79475,2,2,308.5512182980511,415.9814770863038,2,2,,,3,LEFT,False,,
159195,double_dqn,562,,,2.0,2.0,0.05,0.003873237408697605,1.9124040603637695,2.7171168327331543,0.5504698157310486,1.9398270845413208,2.6970746517181396,0.04742657393217087,0.36584746837615967,0.24512317776679993,10000,10000,1.0,308.46536820656746,308.46536820656746,39300,True,319,159000,0.0,0.0,0,NOOP,greedy,24898,39961,42404,51933,12035,147161,0.07559863313148571,0,79598,2,2,308.46536820656746,414.778471155253,2,2,,,0,NOOP,False,,
159196,double_dqn,562,,,10.0,10.0,0.05,0.003873237408697605,1.9124040603637695,2.7171168327331543,0.5504698157310486,1.9398270845413208,2.6970746517181396,0.04742657393217087,0.36584746837615967,0.24512317776679993,10000,10000,1.0,308.4652552073749,308.4652552073749,39300,True,319,159000,0.0,0.0,3,LEFT,greedy,24898,39961,42404,51933,12035,147161,0.07559863313148571,1,79598,2,2,308.4652552073749,414.77831921070054,2,2,,,3,LEFT,False,,
159282,double_dqn,563,11.0,502,0.0,0.0,0.05,,,,,,,,,,10000,10000,1.0,308.4145432492451,308.4145432492451,39321,False,319,159000,0.0,0.0,1,FIRE,greedy,24923,39987,42415,51957,12041,147241,0.0755954847377607,1,79641,2,2,308.4145432492451,414.3322195424097,2,2,,,1,FIRE,False,,
159595,double_dqn,563,,,5.0,5.0,0.05,0.0030249720439314842,1.7040998935699463,2.832237720489502,0.6112185716629028,1.703016996383667,2.757673740386963,0.05467488616704941,0.2955368161201477,0.3030436038970947,10000,10000,1.0,308.301869515684,308.301869515684,39400,True,320,159500,0.0,0.0,3,LEFT,greedy,24987,40031,42499,52079,12053,147543,0.07552194290583723,0,79798,2,2,308.301869515684,412.8108024634632,2,2,,,3,LEFT,False,,
159596,double_dqn,563,,,2.0,2.0,0.05,0.0030249720439314842,1.7040998935699463,2.832237720489502,0.6112185716629028,1.703016996383667,2.757673740386963,0.05467488616704941,0.2955368161201477,0.3030436038970947,10000,10000,1.0,308.3017502169359,308.3017502169359,39400,True,320,159500,0.0,0.0,2,RIGHT,greedy,24987,40031,42499,52079,12053,147543,0.07552194290583723,1,79798,2,2,308.3017502169359,412.8106427245294,2,2,,,2,RIGHT,False,,
159960,double_dqn,564,6.0,339,0.0,0.0,0.05,,,,,,,,,,10000,10000,1.0,308.10678507594486,308.10678507594486,39491,True,320,159500,0.0,0.0,1,FIRE,greedy,25007,40114,42587,52252,12077,147883,0.07550012503125782,1,79980,2,2,308.10678507594486,410.98033139383034,2,2,,,1,FIRE,False,,
159995,double_dqn,564,,,10.0,10.0,0.05,0.01117568276822567,1.8189480304718018,2.935438632965088,0.7825381755828857,1.814185380935669,2.9537270069122314,0.07560589909553528,0.7410634160041809,0.662010133266449,10000,10000,1.0,308.10599126481435,308.10599126481435,39500,True,320,159500,0.0,0.0,2,RIGHT,greedy,25009,40116,42606,52265,12080,147916,0.07550188754718867,0,79998,2,2,308.10599126481435,410.82510649380987,2,2,,,2,RIGHT,False,,
159996,double_dqn,564,,,0.0,0.0,0.05,0.01117568276822567,1.8189480304718018,2.935438632965088,0.7825381755828857,1.814185380935669,2.9537270069122314,0.07560589909553528,0.7410634160041809,0.662010133266449,10000,10000,1.0,308.10589379759205,308.10589379759205,39500,True,320,159500,0.0,0.0,2,RIGHT,greedy,25009,40116,42606,52265,12080,147916,0.07550188754718867,1,79998,2,2,308.10589379759205,410.82497653209833,2,2,,,2,RIGHT,False,,
160061,double_dqn,565,11.0,556,0.0,0.0,0.05,,,,,,,,,,10000,10000,1.0,308.11458843390307,308.11458843390307,39516,False,321,160000,0.0,0.0,0,NOOP,random,25022,40125,42625,52290,12085,147977,0.07550199297772113,0,80031,2,2,308.11458843390307,410.55440423152237,2,2,,,0,NOOP,False,,
160395,double_dqn,565,,,3.0,3.0,0.05,0.001444345572963357,1.7799350023269653,2.8400259017944336,0.6091409921646118,1.8090226650238037,2.803180456161499,0.04065848886966705,0.14378297328948975,0.20088335871696472,10000,10000,1.0,308.12136394823773,308.12136394823773,39600,True,321,160000,0.0,0.0,3,LEFT,greedy,25096,40186,42722,52392,12096,148300,0.07541335195391406,0,80198,2,2,308.12136394823773,409.14492923241227,2,2,,,3,LEFT,False,,
160396,double_dqn,565,,,3.0,3.0,0.05,0.001444345572963357,1.7799350023269653,2.8400259017944336,0.6091409921646118,1.8090226650238037,2.803180456161499,0.04065848886966705,0.14378297328948975,0.20088335871696472,10000,10000,1.0,308.12124055111985,308.12124055111985,39600,True,321,160000,0.0,0.0,1,FIRE,greedy,25096,40186,42722,52392,12096,148300,0.07541335195391406,1,80198,2,2,308.12124055111985,409.1447653771559,2,2,,,1,FIRE,False,,
160795,double_dqn,565,,,7.0,7.0,0.05,0.0016601326642557979,1.8382439613342285,2.9558422565460205,0.2878818213939667,1.825369119644165,2.905031442642212,0.04562827944755554,0.12943077087402344,0.3854951560497284,10000,10000,1.0,308.0964696912691,308.0964696912691,39700,True,322,160500,0.0,0.0,3,LEFT,greedy,25142,40318,42807,52529,12114,148682,0.0753376949675365,0,80398,2,2,308.0964696912691,407.4337122547314,2,2,,,3,LEFT,False,,
160796,double_dqn,565,,,7.0,7.0,0.05,0.0016601326642557979,1.8382439613342285,2.9558422565460205,0.2878818213939667,1.825369119644165,2.905031442642212,0.04562827944755554,0.12943077087402344,0.3854951560497284,10000,10000,1.0,308.0963614899294,308.0963614899294,39700,True,322,160500,0.0,0.0,0,NOOP,greedy,25142,40318,42807,52529,12114,148682,0.0753376949675365,1,80398,2,2,308.0963614899294,407.4335691668423,2,2,,,0,NOOP,False,,
160961,double_dqn,566,9.0,450,0.0,0.0,0.05,,,,,,,,,,10000,10000,1.0,308.1451880262947,308.1451880262947,39741,False,322,160500,0.0,0.0,3,LEFT,greedy,25174,40329,42844,52615,12123,148839,0.07531591307265069,0,80481,2,2,308.1451880262947,406.8080587504384,2,2,,,3,LEFT,False,,
161146,double_dqn,567,11.0,593,0.0,0.0,0.05,,,,,,,,,,10000,10000,1.0,308.1566869153131,308.1566869153131,39787,False,323,161000,0.0,0.0,3,LEFT,greedy,25201,40371,42897,52677,12134,149012,0.07529817680860834,1,80573,2,2,308.1566869153131,406.06268169344725,2,2,,,3,LEFT,False,,
161195,double_dqn,567,,,2.0,2.0,0.05,0.0010150790913030505,1.616992473602295,2.5118987560272217,0.8649254441261292,1.6466717720031738,2.4229371547698975,0.03271280974149704,0.153037428855896,0.16714146733283997,10000,10000,1.0,308.11957601931243,308.11957601931243,39800,True,323,161000,0.0,0.0,1,FIRE,greedy,25207,40391,42910,52688,12135,149061,0.07528102434303581,0,80598,2,2,308.11957601931243,405.80792189039386,2,2,,,1,FIRE,False,,
161196,double_dqn,567,,,0.0,0.0,0.05,0.0010150790913030505,1.616992473602295,2.5118987560272217,0.8649254441261292,1.6466717720031738,2.4229371547698975,0.03271280974149704,0.153037428855896,0.16714146733283997,10000,10000,1.0,308.11947533553194,308.11947533553194,39800,True,323,161000,0.0,0.0,3,LEFT,greedy,25207,40391,42910,52688,12135,149061,0.07528102434303581,1,80598,2,2,308.11947533553194,405.8077892851364,2,2,,,3,LEFT,False,,
161595,double_dqn,567,,,5.0,5.0,0.05,0.0029857917688786983,1.791944980621338,2.786841869354248,0.37843582034111023,1.814681053161621,2.7819361686706543,0.05442550405859947,0.2661406993865967,0.12199655175209045,10000,10000,1.0,308.1424779820201,308.1424779820201,39900,True,324,161500,0.0,0.0,1,FIRE,greedy,25279,40519,42967,52831,12154,149442,0.07521225772915172,0,80798,2,2,308.1424779820201,404.203129034211,2,2,,,1,FIRE,False,,
161596,double_dqn,567,,,5.0,5.0,0.05,0.0029857917688786983,1.791944980621338,2.786841869354248,0.37843582034111023,1.814681053161621,2.7819361686706543,0.05442550405859947,0.2661406993865967,0.12199655175209045,10000,10000,1.0,308.14236915026794,308.14236915026794,39900,True,324,161500,0.0,0.0,3,LEFT,greedy,25279,40519,42967,52831,12154,149442,0.07521225772915172,1,80798,2,2,308.14236915026794,404.2029862751372,2,2,,,3,LEFT,False,,
161711,double_dqn,568,6.0,375,0.0,0.0,0.05,,,,,,,,,,10000,10000,1.0,308.08011315807323,308.08011315807323,39929,True,324,161500,0.0,0.0,1,FIRE,greedy,25313,40561,42984,52854,12162,149550,0.0752077767883645,0,80856,2,2,308.08011315807323,403.6512449687122,2,2,,,1,FIRE,False,,
161995,double_dqn,568,,,2.0,2.0,0.05,0.0018855099333450198,1.6625642776489258,2.518303871154785,0.3520280718803406,1.6573798656463623,2.4894840717315674,0.046174876391887665,0.14456701278686523,0.205126091837883,10000,10000,1.0,307.96915176378144,307.96915176378144,40000,True,324,161500,0.0,0.0,1,FIRE,greedy,25399,40619,43029,52949,12179,149817,0.07518086866342379,0,80998,2,2,307.96915176378144,402.36281944904135,2,2,,,1,FIRE,False,,
161996,double_dqn,568,,,9.0,9.0,0.05,0.0018855099333450198,1.6625642776489258,2.518303871154785,0.3520280718803406,1.6573798656463623,2.4894840717315674,0.046174876391887665,0.14456701278686523,0.205126091837883,10000,10000,1.0,307.9690443677704,307.9690443677704,40000,True,324,161500,0.0,0.0,0,NOOP,greedy,25399,40619,43029,52949,12179,149817,0.07518086866342379,1,80998,2,2,307.9690443677704,402.3626791357614,2,2,,,0,NOOP,False,,
162388,double_dqn,569,15.0,621,0.0,0.0,0.05,,,,,,,,,,10000,10000,1.0,307.92183498260437,307.92183498260437,40098,True,325,162000,0.0,0.0,2,RIGHT,greedy,25507,40687,43148,53046,12195,150193,0.07509791363893883,1,81194,2,2,307.92183498260437,400.74061469477425,2,2,,,2,RIGHT,False,,
162395,double_dqn,569,,,5.0,5.0,0.05,0.00222373241558671,1.7271332740783691,3.1857829093933105,0.45944422483444214,1.7564334869384766,3.188039779663086,0.045710768550634384,0.22628307342529297,0.15093408524990082,10000,10000,1.0,307.91210847310276,307.91210847310276,40100,True,325,162000,0.0,0.0,0,NOOP,greedy,25509,40690,43149,53048,12195,150201,0.0750942141432055,0,81198,2,2,307.91210847310276,400.6963168119591,2,2,,,0,NOOP,False,,
162396,double_dqn,569,,,0.0,0.0,0.05,0.00222373241558671,1.7271332740783691,3.1857829093933105,0.45944422483444214,1.7564334869384766,3.188039779663086,0.045710768550634384,0.22628307342529297,0.15093408524990082,10000,10000,1.0,307.9120072756399,307.9120072756399,40100,True,325,162000,0.0,0.0,2,RIGHT,greedy,25509,40690,43149,53048,12195,150201,0.0750942141432055,1,81198,2,2,307.9120072756399,400.6961851203188,2,2,,,2,RIGHT,False,,
162467,double_dqn,570,6.0,378,0.0,0.0,0.05,,,,,,,,,,10000,10000,1.0,307.9165171935025,307.9165171935025,40118,True,325,162000,0.0,0.0,3,LEFT,greedy,25513,40704,43172,53079,12199,150269,0.07508555530935322,0,81234,2,2,307.9165171935025,400.4176595648489,2,2,,,3,LEFT,False,,
162795,double_dqn,570,,,2.0,2.0,0.05,0.002581737469881773,1.713753581047058,2.98984956741333,0.5525070428848267,1.7392263412475586,2.9200735092163086,0.054777342826128006,0.1984461545944214,0.22999313473701477,10000,10000,1.0,307.32415387437834,307.32415387437834,40200,True,326,162500,0.0,0.0,2,RIGHT,greedy,25573,40749,43252,53222,12225,150571,0.07509398265313644,0,81398,2,2,307.32415387437834,398.3624988385669,2,2,,,2,RIGHT,False,,
162796,double_dqn,570,,,4.0,4.0,0.05,0.002581737469881773,1.713753581047058,2.98984956741333,0.5525070428848267,1.7392263412475586,2.9200735092163086,0.054777342826128006,0.1984461545944214,0.22999313473701477,10000,10000,1.0,307.3240398678403,307.3240398678403,40200,True,326,162500,0.0,0.0,2,RIGHT,greedy,25573,40749,43252,53222,12225,150571,0.07509398265313644,1,81398,2,2,307.3240398678403,398.3623510599794,2,2,,,2,RIGHT,False,,
163151,double_dqn,571,6.0,342,0.0,0.0,0.05,,,,,,,,,,10000,10000,1.0,307.05976612996693,307.05976612996693,40289,True,327,163000,0.0,0.0,3,LEFT,greedy,25617,40825,43333,53377,12238,150914,0.07500980680592331,0,81576,2,2,307.05976612996693,396.64155500725525,2,2,,,3,LEFT,False,,
163195,double_dqn,571,,,0.0,0.0,0.05,0.002596593229100108,1.6760303974151611,2.6304216384887695,0.4248039126396179,1.6868007183074951,2.6243696212768555,0.0592651292681694,0.19619226455688477,0.14490872621536255,10000,10000,1.0,307.04905780357905,307.04905780357905,40300,True,327,163000,0.0,0.0,1,FIRE,greedy,25628,40830,43339,53399,12240,150956,0.07500183828035001,0,81598,2,2,307.04905780357905,396.45846285613715,2,2,,,1,FIRE,False,,
163196,double_dqn,571,,,8.0,8.0,0.05,0.002596593229100108,1.6760303974151611,2.6304216384887695,0.4248039126396179,1.6868007183074951,2.6243696212768555,0.0592651292681694,0.19619226455688477,0.14490872621536255,10000,10000,1.0,307.048957401681,307.048957401681,40300,True,327,163000,0.0,0.0,3,LEFT,greedy,25628,40830,43339,53399,12240,150956,0.07500183828035001,1,81598,2,2,307.048957401681,396.45833321827905,2,2,,,3,LEFT,False,,
163472,double_dqn,572,10.0,542,0.0,0.0,0.05,,,,,,,,,,10000,10000,1.0,306.8215430840352,306.8215430840352,40369,True,327,163000,0.0,0.0,3,LEFT,greedy,25655,40879,43396,53542,12251,151221,0.074942497797788,1,81736,2,2,306.8215430840352,395.10911339672145,2,2,,,3,LEFT,False,,
163595,double_dqn,572,,,4.0,4.0,0.05,0.0032508661970496178,1.795064091682434,2.877816915512085,0.40962669253349304,1.8343780040740967,2.9375078678131104,0.05059147626161575,0.27267885208129883,0.24579156935214996,10000,10000,1.0,306.8450814133434,306.8450814133434,40400,True,328,163500,0.0,0.0,1,FIRE,greedy,25673,40914,43422,53587,12253,151343,0.0748979192645297,0,81798,2,2,306.8450814133434,394.66812330097275,2,2,,,1,FIRE,False,,
163596,double_dqn,572,,,1.0,1.0,0.05,0.0032508661970496178,1.795064091682434,2.877816915512085,0.40962669253349304,1.8343780040740967,2.9375078678131104,0.05059147626161575,0.27267885208129883,0.24579156935214996,10000,10000,1.0,306.8449902145403,306.8449902145403,40400,True,328,163500,0.0,0.0,3,LEFT,greedy,25673,40914,43422,53587,12253,151343,0.0748979192645297,1,81798,2,2,306.8449902145403,394.66800599988943,2,2,,,3,LEFT,False,,
163995,double_dqn,572,,,7.0,7.0,0.05,0.0024071643128991127,1.7974915504455566,2.797083854675293,0.7513279914855957,1.786751627922058,2.729546070098877,0.05896203592419624,0.1362459659576416,0.3239865303039551,10000,10000,1.0,306.86231864629866,306.86231864629866,40500,True,328,163500,0.0,0.0,1,FIRE,greedy,25719,41028,43532,53717,12270,151726,0.07481889802190297,0,81998,2,2,306.86231864629866,393.18233021375084,2,2,,,1,FIRE,False,,
163996,double_dqn,572,,,5.0,5.0,0.05,0.0024071643128991127,1.7974915504455566,2.797083854675293,0.7513279914855957,1.786751627922058,2.729546070098877,0.05896203592419624,0.1362459659576416,0.3239865303039551,10000,10000,1.0,306.86221608899183,306.86221608899183,40500,True,328,163500,0.0,0.0,0,NOOP,greedy,25719,41028,43532,53717,12270,151726,0.07481889802190297,1,81998,2,2,306.86221608899183,393.18219880719346,2,2,,,0,NOOP,False,,
164395,double_dqn,572,,,12.0,12.0,0.05,0.003180856816470623,1.5808706283569336,3.03827166557312,0.42618006467819214,1.6072908639907837,2.982173442840576,0.05602462962269783,0.278444766998291,0.22669394314289093,10000,10000,1.0,306.8904080870041,306.8904080870041,40600,True,329,164000,0.0,0.0,0,NOOP,greedy,25772,41090,43657,53877,12286,152110,0.07473417844716417,0,82198,2,2,306.8904080870041,391.72895465456804,2,2,,,0,NOOP,False,,
164396,double_dqn,572,,,8.0,8.0,0.05,0.003180856816470623,1.5808706283569336,3.03827166557312,0.42618006467819214,1.6072908639907837,2.982173442840576,0.05602462962269783,0.278444766998291,0.22669394314289093,10000,10000,1.0,306.8903134604888,306.8903134604888,40600,True,329,164000,0.0,0.0,3,LEFT,greedy,25772,41090,43657,53877,12286,152110,0.07473417844716417,1,82198,2,2,306.8903134604888,391.7288338689555,2,2,,,3,LEFT,False,,
164489,double_dqn,574,14.0,669,0.0,0.0,0.05,,,,,,,,,,10000,10000,1.0,306.9026270292737,306.9026270292737,40623,False,329,164000,0.0,0.0,2,RIGHT,greedy,25785,41090,43696,53919,12291,152199,0.074721867590735,0,82245,2,2,306.9026270292737,391.3972175534597,2,2,,,2,RIGHT,False,,
164490,double_dqn,574,9.0,509,0.0,0.0,0.05,,,,,,,,,,10000,10000,1.0,306.90253530834667,306.90253530834667,40623,False,329,164000,0.0,0.0,3,LEFT,greedy,25785,41090,43696,53919,12291,152199,0.074721867590735,1,82245,2,2,306.90253530834667,391.3971005804772,2,2,,,3,LEFT,False,,
164795,double_dqn,574,,,3.0,3.0,0.05,0.0012681017396971583,1.8639050722122192,2.929277181625366,0.910643458366394,1.8504273891448975,2.9166059494018555,0.03903850167989731,0.15423297882080078,0.32093822956085205,10000,10000,1.0,306.86640025211335,306.86640025211335,40700,True,330,164500,0.0,0.0,3,LEFT,greedy,25837,41169,43780,54010,12310,152486,0.07469841501007306,0,82398,2,2,306.86640025211335,390.22744687903014,2,2,,,3,LEFT,False,,
164796,double_dqn,574,,,3.0,3.0,0.05,0.0012681017396971583,1.8639050722122192,2.929277181625366,0.910643458366394,1.8504273891448975,2.9166059494018555,0.03903850167989731,0.15423297882080078,0.32093822956085205,10000,10000,1.0,306.86630448050846,306.86630448050846,40700,True,330,164500,0.0,0.0,3,LEFT,greedy,25837,41169,43780,54010,12310,152486,0.07469841501007306,1,82398,2,2,306.86630448050846,390.2273250908225,2,2,,,3,LEFT,False,,
165195,double_dqn,574,,,7.0,7.0,0.05,0.005039796698838472,1.7623999118804932,2.7745213508605957,0.40515562891960144,1.7968693971633911,2.837730646133423,0.0565912090241909,0.41733312606811523,0.37546098232269287,10000,10000,1.0,306.95442568403564,306.95442568403564,40800,True,331,165000,0.0,0.0,0,NOOP,random,25887,41274,43889,54146,12334,152862,0.07466282476573283,0,82598,2,2,306.95442568403564,388.88615333225925,2,2,,,0,NOOP,False,,
165196,double_dqn,574,,,6.0,6.0,0.05,0.005039796698838472,1.7623999118804932,2.7745213508605957,0.40515562891960144,1.7968693971633911,2.837730646133423,0.0565912090241909,0.41733312606811523,0.37546098232269287,10000,10000,1.0,306.9543333358199,306.9543333358199,40800,True,331,165000,0.0,0.0,3,LEFT,greedy,25887,41274,43889,54146,12334,152862,0.07466282476573283,1,82598,2,2,306.9543333358199,388.8860363346226,2,2,,,3,LEFT,False,,
165360,double_dqn,575,8.0,435,0.0,0.0,0.05,,,,,,,,,,10000,10000,1.0,307.00535250389834,307.00535250389834,40841,True,331,165000,0.0,0.0,3,LEFT,greedy,25888,41313,43939,54220,12335,153025,0.07459482341557813,1,82680,2,2,307.00535250389834,388.3598920597049,2,2,,,3,LEFT,False,,
165595,double_dqn,575,,,15.0,12.0,0.05,0.003175741294398904,1.8386114835739136,2.829772472381592,0.5000314712524414,1.8635101318359375,2.979773998260498,0.05509990453720093,0.22398805618286133,0.27153488993644714,10000,10000,1.0,307.0459719390605,307.0459719390605,40900,True,332,165500,0.0,0.0,3,LEFT,greedy,25913,41358,43973,54352,12347,153249,0.07456097973381,0,82798,2,2,307.0459719390605,387.5661989238724,2,2,,,3,LEFT,False,,
165596,double_dqn,575,,,2.0,2.0,0.05,0.003175741294398904,1.8386114835739136,2.829772472381592,0.5000314712524414,1.8635101318359375,2.979773998260498,0.05509990453720093,0.22398805618286133,0.27153488993644714,10000,10000,1.0,307.0458786619711,307.0458786619711,40900,True,332,165500,0.0,0.0,2,RIGHT,greedy,25913,41358,43973,54352,12347,153249,0.07456097973381,1,82798,2,2,307.0458786619711,387.56608118564975,2,2,,,2,RIGHT,False,,
165665,double_dqn,576,16.0,588,0.0,0.0,0.05,,,,,,,,,,10000,10000,1.0,307.0179823263312,307.0179823263312,40917,False,332,165500,0.0,0.0,1,FIRE,greedy,25916,41360,43996,54394,12348,153318,0.07453551120930064,0,82833,2,2,307.0179823263312,387.28140179144447,2,2,,,1,FIRE,False,,
165995,double_dqn,576,,,3.0,3.0,0.05,0.0027333113830536604,2.007321834564209,3.0552985668182373,0.5382518172264099,2.021294355392456,2.9478330612182617,0.05737822502851486,0.15719175338745117,0.18465983867645264,10000,10000,1.0,306.9524025229574,306.9524025229574,41000,True,332,165500,0.0,0.0,3,LEFT,greedy,26022,41416,44056,54502,12366,153630,0.07449577098243332,0,82998,2,2,306.9524025229574,386.02999431178284,2,2,,,3,LEFT,False,,
165996,double_dqn,576,,,7.0,7.0,0.05,0.0027333113830536604,2.007321834564209,3.0552985668182373,0.5382518172264099,2.021294355392456,2.9478330612182617,0.05737822502851486,0.15719175338745117,0.18465983867645264,10000,10000,1.0,306.95231015358144,306.95231015358144,41000,True,332,165500,0.0,0.0,3,LEFT,greedy,26022,41416,44056,54502,12366,153630,0.07449577098243332,1,82998,2,2,306.95231015358144,386.02987814605353,2,2,,,3,LEFT,False,,
166395,double_dqn,576,,,7.0,7.0,0.05,0.002435673028230667,1.6944478750228882,2.805748462677002,0.34916701912879944,1.7467551231384277,2.8345730304718018,0.049035750329494476,0.19055914878845215,0.26578468084335327,10000,10000,1.0,306.87432344405573,306.87432344405573,41100,True,333,166000,0.0,0.0,2,RIGHT,greedy,26092,41478,44179,54647,12390,154006,0.07446092454145532,0,83198,2,2,306.87432344405573,384.5311458807541,2,2,,,2,RIGHT,False,,
166396,double_dqn,576,,,21.0,12.0,0.05,0.002435673028230667,1.6944478750228882,2.805748462677002,0.34916701912879944,1.7467551231384277,2.8345730304718018,0.049035750329494476,0.19055914878845215,0.26578468084335327,10000,10000,1.0,306.87421125367456,306.87421125367456,41100,True,333,166000,0.0,0.0,1,FIRE,greedy,26092,41478,44179,54647,12390,154006,0.07446092454145532,1,83198,2,2,306.87421125367456,384.5310052997653,2,2,,,1,FIRE,False,,
166632,double_dqn,577,24.0,636,0.0,0.0,0.05,,,,,,,,,,10000,10000,1.0,306.6604856605393,306.6604856605393,41159,True,334,166500,0.0,0.0,3,LEFT,greedy,26164,41501,44226,54741,12401,154231,0.07442147966777089,1,83316,2,2,306.6604856605393,383.44526688818416,2,2,,,3,LEFT,False,,
166791,double_dqn,578,14.0,563,0.0,0.0,0.05,,,,,,,,,,10000,10000,1.0,306.656600360876,306.656600360876,41199,True,334,166500,0.0,0.0,2,RIGHT,greedy,26170,41529,44288,54805,12411,154381,0.07441004364717732,0,83396,2,2,306.656600360876,382.8891760045457,2,2,,,2,RIGHT,False,,
166795,double_dqn,578,,,0.0,0.0,0.05,0.0033982042223215103,1.8175876140594482,2.947894334793091,0.15955358743667603,1.8426437377929688,2.9041600227355957,0.05445823445916176,0.2691749334335327,0.1723717600107193,10000,10000,1.0,306.64821041926837,306.64821041926837,41200,True,334,166500,0.0,0.0,1,FIRE,fire_reset,26170,41531,44289,54806,12411,154385,0.07440825919086788,0,83398,2,2,306.64821041926837,382.86495377786315,2,2,,,3,LEFT,True,initial_serve,
166796,double_dqn,578,,,2.0,2.0,0.05,0.0033982042223215103,1.8175876140594482,2.947894334793091,0.15955358743667603,1.8426437377929688,2.9041600227355957,0.05445823445916176,0.2691749334335327,0.1723717600107193,10000,10000,1.0,306.6480787933667,306.6480787933667,41200,True,334,166500,0.0,0.0,2,RIGHT,greedy,26170,41531,44289,54806,12411,154385,0.07440825919086788,1,83398,2,2,306.6480787933667,382.8647894366309,2,2,,,2,RIGHT,False,,
167195,double_dqn,578,,,5.0,5.0,0.05,0.004966116975992918,1.6971380710601807,2.8713579177856445,0.7033595442771912,1.6877765655517578,2.8970301151275635,0.0679682120680809,0.3413059711456299,0.6522855758666992,10000,10000,1.0,306.5783935144446,306.5783935144446,41300,True,335,167000,0.0,0.0,3,LEFT,greedy,26226,41607,44411,54952,12426,154770,0.0743199598076509,0,83598,2,2,306.5783935144446,381.41169922347376,2,2,,,3,LEFT,False,,
167196,double_dqn,578,,,5.0,5.0,0.05,0.004966116975992918,1.6971380710601807,2.8713579177856445,0.7033595442771912,1.6877765655517578,2.8970301151275635,0.0679682120680809,0.3413059711456299,0.6522855758666992,10000,10000,1.0,306.5783003577577,306.5783003577577,41300,True,335,167000,0.0,0.0,1,FIRE,greedy,26226,41607,44411,54952,12426,154770,0.0743199598076509,1,83598,2,2,306.5783003577577,381.4115833279932,2,2,,,1,FIRE,False,,
167595,double_dqn,578,,,8.0,8.0,0.05,0.0019642855040729046,1.843308687210083,2.7139246463775635,0.860430121421814,1.8400871753692627,2.6044106483459473,0.046503931283950806,0.1503744125366211,0.21837015450000763,10000,10000,1.0,306.6140308345022,306.6140308345022,41400,True,336,167500,0.0,0.0,1,FIRE,greedy,26300,41709,44523,55064,12447,155149,0.07426788228836011,0,83798,2,2,306.6140308345022,380.1059612383812,2,2,,,1,FIRE,False,,
167596,double_dqn,578,,,9.0,9.0,0.05,0.0019642855040729046,1.843308687210083,2.7139246463775635,0.860430121421814,1.8400871753692627,2.6044106483459473,0.046503931283950806,0.1503744125366211,0.21837015450000763,10000,10000,1.0,306.61394057206985,306.61394057206985,41400,True,336,167500,0.0,0.0,2,RIGHT,greedy,26300,41709,44523,55064,12447,155149,0.07426788228836011,1,83798,2,2,306.61394057206985,380.10584934106026,2,2,,,2,RIGHT,False,,
167626,double_dqn,579,9.0,497,0.0,0.0,0.05,,,,,,,,,,10000,10000,1.0,306.6172497979391,306.6172497979391,41407,False,336,167500,0.0,0.0,3,LEFT,greedy,26300,41722,44529,55075,12448,155178,0.07426055623829239,1,83813,2,2,306.6172497979391,380.00933897191425,2,2,,,3,LEFT,False,,
167723,double_dqn,580,9.0,466,0.0,0.0,0.05,,,,,,,,,,10000,10000,1.0,306.6428046064566,306.6428046064566,41432,True,336,167500,0.0,0.0,3,LEFT,greedy,26302,41760,44560,55102,12455,155269,0.07425890152870192,0,83862,2,2,306.6428046064566,379.7129360331148,2,2,,,3,LEFT,False,,
167995,double_dqn,580,,,3.0,3.0,0.05,0.005023009143769741,1.7815909385681152,3.0768041610717773,0.49834540486335754,1.8048195838928223,2.8657357692718506,0.07270339131355286,0.30423450469970703,0.25888732075691223,10000,10000,1.0,306.7264680489293,306.7264680489293,41500,True,336,167500,0.0,0.0,0,NOOP,greedy,26326,41804,44649,55217,12466,155530,0.0742041477178028,0,83998,2,2,306.7264680489293,378.9106692036879,2,2,,,0,NOOP,False,,
167996,double_dqn,580,,,5.0,5.0,0.05,0.005023009143769741,1.7815909385681152,3.0768041610717773,0.49834540486335754,1.8048195838928223,2.8657357692718506,0.07270339131355286,0.30423450469970703,0.25888732075691223,10000,10000,1.0,306.7263833709576,306.7263833709576,41500,True,336,167500,0.0,0.0,0,NOOP,greedy,26326,41804,44649,55217,12466,155530,0.0742041477178028,1,83998,2,2,306.7263833709576,378.91056459782476,2,2,,,0,NOOP,False,,
168395,double_dqn,580,,,9.0,9.0,0.05,0.00442871730774641,1.9640246629714966,2.934359550476074,0.378342866897583,2.006748914718628,3.15582537651062,0.06329972296953201,0.25479769706726074,0.4021533727645874,10000,10000,1.0,306.8321694158526,306.8321694158526,41600,True,337,168000,0.0,0.0,1,FIRE,greedy,26384,41884,44767,55361,12482,155914,0.07412290078149125,0,84198,2,2,306.8321694158526,377.72172349956077,2,2,,,1,FIRE,False,,
168396,double_dqn,580,,,12.0,9.0,0.05,0.00442871730774641,1.9640246629714966,2.934359550476074,0.378342866897583,2.006748914718628,3.15582537651062,0.06329972296953201,0.25479769706726074,0.4021533727645874,10000,10000,1.0,306.8320748512112,306.8320748512112,41600,True,337,168000,4.0,1.0,3,LEFT,random,26384,41884,44767,55361,12482,155914,0.07412290078149125,1,84198,2,2,306.8320748512112,377.72160708699744,2,2,,,3,LEFT,False,,
168795,double_dqn,580,,,15.0,12.0,0.05,0.0013053891016170382,1.9272453784942627,2.885523796081543,0.9414564967155457,1.938926339149475,2.930327892303467,0.04212162643671036,0.14275884628295898,0.12400265038013458,10000,10000,1.0,306.9147776266974,306.9147776266974,41700,True,338,168500,0.0,0.0,3,LEFT,greedy,26495,42017,44831,55453,12503,156293,0.07407166046588781,0,84398,2,2,306.9147776266974,376.5188877571081,2,2,,,3,LEFT,False,,
168796,double_dqn,580,,,17.0,14.0,0.05,0.0013053891016170382,1.9272453784942627,2.885523796081543,0.9414564967155457,1.938926339149475,2.930327892303467,0.04212162643671036,0.14275884628295898,0.12400265038013458,10000,10000,1.0,306.91467589390015,306.91467589390015,41700,True,338,168500,0.0,0.0,3,LEFT,greedy,26495,42017,44831,55453,12503,156293,0.07407166046588781,1,84398,2,2,306.91467589390015,376.5187629526918,2,2,,,3,LEFT,False,,
168962,double_dqn,581,20.0,668,0.0,0.0,0.05,,,,,,,,,,10000,10000,1.0,306.8866347874282,306.8866347874282,41741,False,338,168500,0.0,0.0,1,FIRE,greedy,26549,42038,44867,55508,12518,156444,0.0740876646819995,1,84481,2,2,306.8866347874282,375.9474753266541,2,2,,,1,FIRE,False,,
169185,double_dqn,582,20.0,731,0.0,0.0,0.05,,,,,,,,,,10000,10000,1.0,306.86447882079545,306.86447882079545,41797,False,339,169000,0.0,0.0,0,NOOP,greedy,26658,42043,44897,55588,12528,156658,0.0740486801508399,0,84593,2,2,306.86447882079545,375.1999950407243,2,2,,,0,NOOP,False,,
169195,double_dqn,582,,,0.0,0.0,0.05,0.004678402561694384,1.961451530456543,2.898766279220581,0.7456510066986084,2.016416549682617,2.894688844680786,0.0640036091208458,0.27163052558898926,0.5573839545249939,10000,10000,1.0,306.8526608864051,306.8526608864051,41800,True,339,169000,0.0,0.0,3,LEFT,greedy,26658,42046,44901,55591,12528,156668,0.07404430364784037,0,84598,2,2,306.8526608864051,375.15349739389706,2,2,,,3,LEFT,False,,
169196,double_dqn,582,,,3.0,3.0,0.05,0.004678402561694384,1.961451530456543,2.898766279220581,0.7456510066986084,2.016416549682617,2.894688844680786,0.0640036091208458,0.27163052558898926,0.5573839545249939,10000,10000,1.0,306.8525656337434,306.8525656337434,41800,True,339,169000,0.0,0.0,2,RIGHT,greedy,26658,42046,44901,55591,12528,156668,0.07404430364784037,1,84598,2,2,306.8525656337434,375.1533809394101,2,2,,,2,RIGHT,False,,
169595,double_dqn,582,,,5.0,5.0,0.05,0.0014619706198573112,2.1066031455993652,3.1109163761138916,0.9818227291107178,2.111281394958496,3.171661138534546,0.04298701882362366,0.13418817520141602,0.22127148509025574,10000,10000,1.0,306.8722835780304,306.8722835780304,41900,True,340,169500,1.0,1.0,1,FIRE,greedy,26725,42170,44985,55716,12550,157046,0.07399938677799005,0,84798,2,2,306.8722835780304,373.90303900870487,2,2,,,1,FIRE,False,,
169596,double_dqn,582,,,6.0,6.0,0.05,0.0014619706198573112,2.1066031455993652,3.1109163761138916,0.9818227291107178,2.111281394958496,3.171661138534546,0.04298701882362366,0.13418817520141602,0.22127148509025574,10000,10000,1.0,306.87219955015235,306.87219955015235,41900,True,340,169500,0.0,0.0,0,NOOP,greedy,26725,42170,44985,55716,12550,157046,0.07399938677799005,1,84798,2,2,306.87219955015235,373.90293662644143,2,2,,,0,NOOP,False,,
169995,double_dqn,582,,,8.0,8.0,0.05,0.0030833417549729347,1.9294697046279907,3.047034978866577,0.491549551486969,1.9258710145950317,2.908276319503784,0.05844498425722122,0.25340861082077026,0.30957409739494324,10000,10000,1.0,306.80202415224545,306.80202415224545,42000,True,340,169500,0.0,0.0,3,LEFT,greedy,26780,42331,45065,55820,12580,157416,0.07400174121744041,0,84998,2,2,306.80202415224545,372.55783828922455,2,2,,,3,LEFT,False,,
169996,double_dqn,582,,,11.0,11.0,0.05,0.0030833417549729347,1.9294697046279907,3.047034978866577,0.491549551486969,1.9258710145950317,2.908276319503784,0.05844498425722122,0.25340861082077026,0.30957409739494324,10000,10000,1.0,306.801939836261,306.801939836261,42000,True,340,169500,0.0,0.0,0,NOOP,greedy,26780,42331,45065,55820,12580,157416,0.07400174121744041,1,84998,2,2,306.801939836261,372.5577359020874,2,2,,,0,NOOP,False,,
170014,double_dqn,583,11.0,526,0.0,0.0,0.05,,,,,,,,,,10000,10000,1.0,306.8025904944502,306.8025904944502,42004,False,341,170000,0.0,0.0,0,NOOP,greedy,26783,42332,45072,55827,12582,157432,0.07400567012128413,1,85007,2,2,306.8025904944502,372.5021825657973,2,2,,,0,NOOP,False,,
170293,double_dqn,584,11.0,554,0.0,0.0,0.05,,,,,,,,,,10000,10000,1.0,306.81375312318625,306.81375312318625,42074,False,341,170000,0.0,0.0,0,NOOP,greedy,26828,42397,45151,55918,12596,157698,0.073966199631226,0,85147,2,2,306.81375312318625,371.6429657891134,2,2,,,0,NOOP,False,,
170395,double_dqn,584,,,1.0,1.0,0.05,0.0037491032853722572,1.9400887489318848,2.857970714569092,0.6048760414123535,1.95794677734375,2.8186607360839844,0.06391134858131409,0.31203693151474,0.1940063238143921,10000,10000,1.0,306.8093528663798,306.8093528663798,42100,True,341,170000,0.0,0.0,1,FIRE,greedy,26889,42413,45161,55933,12598,157798,0.07393366041456373,0,85198,2,2,306.8093528663798,371.3214280003101,2,2,,,1,FIRE,False,,
170396,double_dqn,584,,,4.0,4.0,0.05,0.0037491032853722572,1.9400887489318848,2.857970714569092,0.6048760414123535,1.95794677734375,2.8186607360839844,0.06391134858131409,0.31203693151474,0.1940063238143921,10000,10000,1.0,306.8092700952351,306.8092700952351,42100,True,341,170000,0.0,0.0,0,NOOP,greedy,26889,42413,45161,55933,12598,157798,0.07393366041456373,1,85198,2,2,306.8092700952351,371.321327825073,2,2,,,0,NOOP,False,,
170795,double_dqn,584,,,5.0,5.0,0.05,0.002970917383208871,2.0236926078796387,2.9695944786071777,0.7465048432350159,2.0595104694366455,2.961872100830078,0.058587074279785156,0.21916532516479492,0.22964391112327576,10000,10000,1.0,306.8165209242577,306.8165209242577,42200,True,342,170500,0.0,0.0,3,LEFT,greedy,26914,42574,45264,56044,12611,158185,0.0738366238085201,0,85398,2,2,306.8165209242577,370.0988368536324,2,2,,,3,LEFT,False,,
170796,double_dqn,584,,,8.0,8.0,0.05,0.002970917383208871,2.0236926078796387,2.9695944786071777,0.7465048432350159,2.0595104694366455,2.961872100830078,0.058587074279785156,0.21916532516479492,0.22964391112327576,10000,10000,1.0,306.8164351594121,306.8164351594121,42200,True,342,170500,0.0,0.0,1,FIRE,greedy,26914,42574,45264,56044,12611,158185,0.0738366238085201,1,85398,2,2,306.8164351594121,370.09873339939367,2,2,,,1,FIRE,False,,
170963,double_dqn,585,6.0,335,0.0,0.0,0.05,,,,,,,,,,10000,10000,1.0,306.84529862620053,306.84529862620053,42242,True,342,170500,0.0,0.0,3,LEFT,greedy,26926,42601,45332,56105,12620,158344,0.07381670995063289,0,85482,2,2,306.84529862620053,369.6205092323555,2,2,,,3,LEFT,False,,
171080,double_dqn,586,14.0,533,0.0,0.0,0.05,,,,,,,,,,10000,10000,1.0,306.8700678035049,306.8700678035049,42271,True,343,171000,0.0,0.0,0,NOOP,greedy,26952,42619,45373,56136,12628,158452,0.07381342062193126,1,85540,2,2,306.8700678035049,369.29749015070075,2,2,,,0,NOOP,False,,
171195,double_dqn,586,,,2.0,2.0,0.05,0.0022026714868843555,2.071737766265869,3.009664535522461,0.7493371963500977,2.0664029121398926,3.03085994720459,0.05157026648521423,0.15698206424713135,0.2945166826248169,10000,10000,1.0,306.8829813001404,306.8829813001404,42300,True,343,171000,0.0,0.0,3,LEFT,greedy,26971,42641,45401,56183,12630,158566,0.0737750882029954,0,85598,2,2,306.8829813001404,368.96131009227224,2,2,,,3,LEFT,False,,
171196,double_dqn,586,,,1.0,1.0,0.05,0.0022026714868843555,2.071737766265869,3.009664535522461,0.7493371963500977,2.0664029121398926,3.03085994720459,0.05157026648521423,0.15698206424713135,0.2945166826248169,10000,10000,1.0,306.88290127138254,306.88290127138254,42300,True,343,171000,0.0,0.0,3,LEFT,greedy,26971,42641,45401,56183,12630,158566,0.0737750882029954,1,85598,2,2,306.88290127138254,368.96121387476546,2,2,,,3,LEFT,False,,
171595,double_dqn,586,,,8.0,8.0,0.05,0.003910098224878311,2.2043633460998535,3.015411615371704,0.9564358592033386,2.2167258262634277,2.996691942214966,0.06075160950422287,0.29640626907348633,0.2454576939344406,10000,10000,1.0,306.804174169501,306.804174169501,42400,True,344,171500,0.0,0.0,1,FIRE,greedy,27025,42817,45473,56281,12644,158952,0.073684701275088,0,85798,2,2,306.804174169501,367.662781934673,2,2,,,1,FIRE,False,,
171596,double_dqn,586,,,4.0,4.0,0.05,0.003910098224878311,2.2043633460998535,3.015411615371704,0.9564358592033386,2.2167258262634277,2.996691942214966,0.06075160950422287,0.29640626907348633,0.2454576939344406,10000,10000,1.0,306.8040908164635,306.8040908164635,42400,True,344,171500,0.0,0.0,3,LEFT,greedy,27025,42817,45473,56281,12644,158952,0.073684701275088,1,85798,2,2,306.8040908164635,367.66268204747377,2,2,,,3,LEFT,False,,
171958,double_dqn,587,8.0,439,0.0,0.0,0.05,,,,,,,,,,10000,10000,1.0,306.7377943859298,306.7377943859298,42490,False,344,171500,0.0,0.0,3,LEFT,greedy,27048,42927,45578,56405,12659,159299,0.0736168134079252,1,85979,2,2,306.7377943859298,366.5055841394683,2,2,,,3,LEFT,False,,
171995,double_dqn,587,,,12.0,12.0,0.05,0.0019567799754440784,1.8807711601257324,2.982921838760376,0.887587308883667,1.9023959636688232,2.9322452545166016,0.05111189931631088,0.1473238468170166,0.15381760895252228,10000,10000,1.0,306.74388758417984,306.74388758417984,42500,True,344,171500,0.0,0.0,3,LEFT,greedy,27048,42947,45581,56420,12661,159335,0.07361217702737273,0,85998,2,2,306.74388758417984,366.40036730463214,2,2,,,3,LEFT,False,,
171996,double_dqn,587,,,0.0,0.0,0.05,0.0019567799754440784,1.8807711601257324,2.982921838760376,0.887587308883667,1.9023959636688232,2.9322452545166016,0.05111189931631088,0.1473238468170166,0.15381760895252228,10000,10000,1.0,306.74380760171607,306.74380760171607,42500,True,344,171500,0.0,0.0,1,FIRE,greedy,27048,42947,45581,56420,12661,159335,0.07361217702737273,1,85998,2,2,306.74380760171607,366.4002717669368,2,2,,,1,FIRE,False,,
172179,double_dqn,588,15.0,608,0.0,0.0,0.05,,,,,,,,,,10000,10000,1.0,306.6767320421197,306.6767320421197,42546,True,345,172000,0.0,0.0,2,RIGHT,greedy,27079,42981,45634,56486,12673,159507,0.0736032059472645,0,86090,2,2,306.6767320421197,365.77722168891773,2,2,,,2,RIGHT,False,,
172395,double_dqn,588,,,2.0,2.0,0.05,0.013411125168204308,1.77387535572052,2.918769359588623,0.6532596349716187,1.7870380878448486,2.991177558898926,0.06878998875617981,0.8729666471481323,0.4244617819786072,10000,10000,1.0,306.60462781734253,306.60462781734253,42600,True,345,172000,0.0,0.0,2,RIGHT,greedy,27102,43031,45703,56560,12682,159714,0.07356319172138565,0,86198,2,2,306.60462781734253,365.05754059063054,2,2,,,2,RIGHT,False,,
172396,double_dqn,588,,,4.0,4.0,0.05,0.013411125168204308,1.77387535572052,2.918769359588623,0.6532596349716187,1.7870380878448486,2.991177558898926,0.06878998875617981,0.8729666471481323,0.4244617819786072,10000,10000,1.0,306.604538740013,306.604538740013,42600,True,345,172000,0.0,0.0,2,RIGHT,greedy,27102,43031,45703,56560,12682,159714,0.07356319172138565,1,86198,2,2,306.604538740013,365.05743453107414,2,2,,,2,RIGHT,False,,
172795,double_dqn,588,,,5.0,5.0,0.05,0.006193484179675579,2.1143360137939453,3.048003911972046,1.0062737464904785,2.1832783222198486,3.069305896759033,0.07149694859981537,0.39311110973358154,0.6793918013572693,10000,10000,1.0,306.49786509349656,306.49786509349656,42700,True,346,172500,0.0,0.0,3,LEFT,greedy,27150,43147,45803,56696,12705,160091,0.07352600754647098,0,86398,2,2,306.49786509349656,363.767274964942,2,2,,,3,LEFT,False,,
172796,double_dqn,588,,,12.0,9.0,0.05,0.006193484179675579,2.1143360137939453,3.048003911972046,1.0062737464904785,2.1832783222198486,3.069305896759033,0.07149694859981537,0.39311110973358154,0.6793918013572693,10000,10000,1.0,306.4977831488991,306.4977831488991,42700,True,346,172500,0.0,0.0,2,RIGHT,greedy,27150,43147,45803,56696,12705,160091,0.07352600754647098,1,86398,2,2,306.4977831488991,363.76717770892054,2,2,,,2,RIGHT,False,,
172861,double_dqn,589,6.0,341,0.0,0.0,0.05,,,,,,,,,,10000,10000,1.0,306.49249515310487,306.49249515310487,42716,False,346,172500,0.0,0.0,2,RIGHT,greedy,27163,43152,45825,56722,12708,160154,0.07351528965301801,0,86431,2,2,306.49249515310487,363.5702128486455,2,2,,,2,RIGHT,False,,
172960,double_dqn,590,16.0,501,0.0,0.0,0.05,,,,,,,,,,10000,10000,1.0,306.47884482543793,306.47884482543793,42741,True,346,172500,0.0,0.0,3,LEFT,greedy,27196,43182,45846,56736,12712,160248,0.07349676225716929,1,86480,2,2,306.47884482543793,363.2715255003272,2,2,,,3,LEFT,False,,
173195,double_dqn,590,,,3.0,3.0,0.05,0.006113284267485142,1.7474958896636963,2.8905293941497803,0.48745280504226685,1.7767553329467773,2.9854304790496826,0.0752682238817215,0.348386287689209,0.2743971645832062,10000,10000,1.0,306.4574864185177,306.4574864185177,42800,True,347,173000,0.0,0.0,1,FIRE,greedy,27245,43229,45923,56799,12727,160469,0.07348322132150858,0,86598,2,2,306.4574864185177,362.56906673685444,2,2,,,1,FIRE,False,,
173196,double_dqn,590,,,2.0,2.0,0.05,0.006113284267485142,1.7474958896636963,2.8905293941497803,0.48745280504226685,1.7767553329467773,2.9854304790496826,0.0752682238817215,0.348386287689209,0.2743971645832062,10000,10000,1.0,306.45740327503813,306.45740327503813,42800,True,347,173000,0.0,0.0,3,LEFT,greedy,27245,43229,45923,56799,12727,160469,0.07348322132150858,1,86598,2,2,306.45740327503813,362.5689683700168,2,2,,,3,LEFT,False,,
173595,double_dqn,590,,,6.0,6.0,0.05,0.005724943242967129,2.1111598014831543,2.9955437183380127,0.6416836977005005,2.123032808303833,2.9219675064086914,0.05823757126927376,0.42045873403549194,0.19434842467308044,10000,10000,1.0,306.4868913796062,306.4868913796062,42900,True,348,173500,0.0,0.0,2,RIGHT,greedy,27272,43308,46068,56948,12750,160846,0.07344639277402705,0,86798,2,2,306.4868913796062,361.46596551398255,2,2,,,2,RIGHT,False,,
173596,double_dqn,590,,,6.0,6.0,0.05,0.005724943242967129,2.1111598014831543,2.9955437183380127,0.6416836977005005,2.123032808303833,2.9219675064086914,0.05823757126927376,0.42045873403549194,0.19434842467308044,10000,10000,1.0,306.48680739578987,306.48680739578987,42900,True,348,173500,0.0,0.0,3,LEFT,greedy,27272,43308,46068,56948,12750,160846,0.07344639277402705,1,86798,2,2,306.48680739578987,361.4658664647504,2,2,,,3,LEFT,False,,
173711,double_dqn,591,7.0,425,0.0,0.0,0.05,,,,,,,,,,10000,10000,1.0,306.4790582641467,306.4790582641467,42929,True,348,173500,0.0,0.0,3,LEFT,greedy,27288,43326,46114,56984,12756,160956,0.07343188726167449,0,86856,2,2,306.4790582641467,361.1290574749122,2,2,,,3,LEFT,False,,
173954,double_dqn,592,9.0,497,0.0,0.0,0.05,,,,,,,,,,10000,10000,1.0,306.46216055565617,306.46216055565617,42989,False,348,173500,0.0,0.0,3,LEFT,greedy,27346,43354,46189,57065,12773,161181,0.07342745783368017,1,86977,2,2,306.46216055565617,360.4289063289248,2,2,,,3,LEFT,False,,
173995,double_dqn,592,,,3.0,3.0,0.05,0.010788478888571262,2.0162887573242188,2.9542343616485596,0.6790093183517456,2.021271228790283,2.942153215408325,0.06662881374359131,0.7296553254127502,0.26566264033317566,10000,10000,1.0,306.45341902529907,306.45341902529907,43000,True,348,173500,0.0,0.0,1,FIRE,greedy,27358,43378,46190,57070,12775,161221,0.0734212280742086,0,86998,2,2,306.45341902529907,360.3010236818607,2,2,,,1,FIRE,False,,
173996,double_dqn,592,,,0.0,0.0,0.05,0.010788478888571262,2.0162887573242188,2.9542343616485596,0.6790093183517456,2.021271228790283,2.942153215408325,0.06662881374359131,0.7296553254127502,0.26566264033317566,10000,10000,1.0,306.45333437160207,306.45333437160207,43000,True,348,173500,0.0,0.0,1,FIRE,greedy,27358,43378,46190,57070,12775,161221,0.0734212280742086,1,86998,2,2,306.45333437160207,360.3009241534764,2,2,,,1,FIRE,False,,
174395,double_dqn,592,,,8.0,8.0,0.05,0.004601168446242809,2.080331802368164,2.860873222351074,0.742654025554657,2.1264305114746094,2.9079031944274902,0.06474853307008743,0.3704228401184082,0.3597777783870697,10000,10000,1.0,306.40284703338386,306.40284703338386,43100,True,349,174000,0.0,0.0,0,NOOP,greedy,27459,43486,46283,57168,12802,161594,0.07340764696437992,0,87198,2,2,306.40284703338386,359.12838668230825,2,2,,,0,NOOP,False,,
174396,double_dqn,592,,,3.0,3.0,0.05,0.004601168446242809,2.080331802368164,2.860873222351074,0.742654025554657,2.1264305114746094,2.9079031944274902,0.06474853307008743,0.3704228401184082,0.3597777783870697,10000,10000,1.0,306.402763115014,306.402763115014,43100,True,349,174000,0.0,0.0,3,LEFT,greedy,27459,43486,46283,57168,12802,161594,0.07340764696437992,1,87198,2,2,306.402763115014,359.1282883233372,2,2,,,3,LEFT,False,,
174795,double_dqn,592,,,12.0,12.0,0.05,0.0016310005448758602,2.018807888031006,2.967334747314453,0.9726828932762146,2.045677661895752,3.0115678310394287,0.047681160271167755,0.1159818172454834,0.20770852267742157,10000,10000,1.0,306.3793189175009,306.3793189175009,43200,True,350,174500,0.0,0.0,1,FIRE,greedy,27497,43607,46384,57308,12818,161978,0.0733311975102405,0,87398,2,2,306.3793189175009,357.9996218347471,2,2,,,1,FIRE,False,,
174796,double_dqn,592,,,9.0,9.0,0.05,0.0016310005448758602,2.018807888031006,2.967334747314453,0.9726828932762146,2.045677661895752,3.0115678310394287,0.047681160271167755,0.1159818172454834,0.20770852267742157,10000,10000,1.0,306.3792403550871,306.3792403550871,43200,True,350,174500,0.0,0.0,3,LEFT,greedy,27497,43607,46384,57308,12818,161978,0.0733311975102405,1,87398,2,2,306.3792403550871,357.99953003574933,2,2,,,3,LEFT,False,,
174799,double_dqn,593,12.0,544,0.0,0.0,0.05,,,,,,,,,,10000,10000,1.0,306.3636353226924,306.3636353226924,43201,True,350,174500,0.0,0.0,1,FIRE,greedy,27497,43609,46384,57310,12818,161982,0.07332951945080092,0,87400,2,2,306.3636353226924,357.9703439465684,2,2,,,1,FIRE,False,,
174872,double_dqn,594,10.0,459,0.0,0.0,0.05,,,,,,,,,,10000,10000,1.0,306.36658158179205,306.36658158179205,43219,True,350,174500,0.0,0.0,0,NOOP,greedy,27510,43616,46416,57330,12821,162051,0.07331648291321652,1,87436,2,2,306.36658158179205,357.7768515224058,2,2,,,0,NOOP,False,,
175195,double_dqn,594,,,4.0,4.0,0.05,0.0025688479654490948,1.916591763496399,2.9782450199127197,0.9613133072853088,1.9783507585525513,2.9933724403381348,0.05805366486310959,0.15398383140563965,0.5270636677742004,10000,10000,1.0,306.3690999918979,306.3690999918979,43300,True,351,175000,0.0,0.0,1,FIRE,greedy,27600,43684,46479,57433,12838,162358,0.07327792871983378,0,87598,2,2,306.3690999918979,356.89824486794873,2,2,,,1,FIRE,False,,
175196,double_dqn,594,,,4.0,4.0,0.05,0.0025688479654490948,1.916591763496399,2.9782450199127197,0.9613133072853088,1.9783507585525513,2.9933724403381348,0.05805366486310959,0.15398383140563965,0.5270636677742004,10000,10000,1.0,306.3690061247748,306.3690061247748,43300,True,351,175000,0.0,0.0,1,FIRE,greedy,27600,43684,46479,57433,12838,162358,0.07327792871983378,1,87598,2,2,306.3690061247748,356.89813551941626,2,2,,,1,FIRE,False,,
175595,double_dqn,594,,,9.0,9.0,0.05,0.0038607236929237843,1.951504111289978,2.6830220222473145,0.718773365020752,1.993117332458496,2.7223823070526123,0.05392397567629814,0.2790231704711914,0.45341524481773376,10000,10000,1.0,306.40841196030124,306.40841196030124,43400,True,352,175500,0.0,0.0,0,NOOP,greedy,27669,43845,46558,57524,12856,162740,0.07321351283628329,0,87798,2,2,306.40841196030124,355.8659949374375,2,2,,,0,NOOP,False,,
175596,double_dqn,594,,,7.0,7.0,0.05,0.0038607236929237843,1.951504111289978,2.6830220222473145,0.718773365020752,1.993117332458496,2.7223823070526123,0.05392397567629814,0.2790231704711914,0.45341524481773376,10000,10000,1.0,306.40826665279235,306.40826665279235,43400,True,352,175500,0.0,0.0,0,NOOP,greedy,27669,43845,46558,57524,12856,162740,0.07321351283628329,1,87798,2,2,306.40826665279235,355.8658261757482,2,2,,,0,NOOP,False,,
175866,double_dqn,595,11.0,497,0.0,0.0,0.05,,,,,,,,,,10000,10000,1.0,306.3278054748789,306.3278054748789,43467,False,352,175500,0.0,0.0,1,FIRE,greedy,27692,43953,46620,57601,12868,162998,0.07316934484209568,1,87933,2,2,306.3278054748789,355.0513130891642,2,2,,,1,FIRE,False,,
175995,double_dqn,595,,,13.0,13.0,0.05,0.003425405826419592,1.9344589710235596,2.7648096084594727,0.8441835641860962,1.9812195301055908,2.827657699584961,0.0662175863981247,0.2823137044906616,0.2811777591705322,10000,10000,1.0,306.34824898341617,306.34824898341617,43500,True,352,175500,0.0,0.0,1,FIRE,greedy,27706,43997,46656,57637,12874,163122,0.07314938975885815,0,87998,2,2,306.34824898341617,354.7296333233678,2,2,,,1,FIRE,False,,
175996,double_dqn,595,,,1.0,1.0,0.05,0.003425405826419592,1.9344589710235596,2.7648096084594727,0.8441835641860962,1.9812195301055908,2.827657699584961,0.0662175863981247,0.2823137044906616,0.2811777591705322,10000,10000,1.0,306.34817464104583,306.34817464104583,43500,True,352,175500,0.0,0.0,2,RIGHT,greedy,27706,43997,46656,57637,12874,163122,0.07314938975885815,1,87998,2,2,306.34817464104583,354.72954724015415,2,2,,,2,RIGHT,False,,
176239,double_dqn,596,15.0,720,0.0,0.0,0.05,,,,,,,,,,10000,10000,1.0,306.35678351166104,306.35678351166104,43561,True,353,176000,0.0,0.0,1,FIRE,greedy,27739,44056,46732,57713,12886,163354,0.0731162051747617,0,88120,2,2,306.35678351166104,354.09443550691987,2,2,,,1,FIRE,False,,
176395,double_dqn,596,,,1.0,1.0,0.05,0.004179670475423336,1.9839766025543213,2.784339666366577,0.7764533758163452,1.9857864379882812,2.7976205348968506,0.06323398649692535,0.3712928295135498,0.38613826036453247,10000,10000,1.0,306.3584094787252,306.3584094787252,43600,True,353,176000,0.0,0.0,3,LEFT,greedy,27753,44107,46774,57762,12898,163498,0.07311957187237805,0,88198,2,2,306.3584094787252,353.68604376151376,2,2,,,3,LEFT,False,,
176396,double_dqn,596,,,4.0,4.0,0.05,0.004179670475423336,1.9839766025543213,2.784339666366577,0.7764533758163452,1.9857864379882812,2.7976205348968506,0.06323398649692535,0.3712928295135498,0.38613826036453247,10000,10000,1.0,306.35832360392556,306.35832360392556,43600,True,353,176000,0.0,0.0,3,LEFT,greedy,27753,44107,46774,57762,12898,163498,0.07311957187237805,1,88198,2,2,306.35832360392556,353.68594462038624,2,2,,,3,LEFT,False,,
176486,double_dqn,597,5.0,310,0.0,0.0,0.05,,,,,,,,,,10000,10000,1.0,306.261608233279,306.261608233279,43622,False,353,176000,0.0,0.0,2,RIGHT,greedy,27758,44132,46800,57796,12901,163585,0.07309928266264747,1,88243,2,2,306.261608233279,353.33842919396017,2,2,,,2,RIGHT,False,,
176795,double_dqn,597,,,4.0,4.0,0.05,0.004596405196934938,1.830486536026001,2.9079325199127197,0.5469655990600586,1.8456733226776123,3.2149903774261475,0.07120947539806366,0.30710625648498535,0.20625333487987518,10000,10000,1.0,306.23314901204134,306.23314901204134,43700,True,354,176500,0.0,0.0,1,FIRE,greedy,27833,44182,46908,57873,12913,163883,0.0730389827824159,0,88398,2,2,306.23314901204134,352.4974986505343,2,2,,,1,FIRE,False,,
176796,double_dqn,597,,,4.0,4.0,0.05,0.004596405196934938,1.830486536026001,2.9079325199127197,0.5469655990600586,1.8456733226776123,3.2149903774261475,0.07120947539806366,0.30710625648498535,0.20625333487987518,10000,10000,1.0,306.2330703705532,306.2330703705532,43700,True,354,176500,0.0,0.0,2,RIGHT,greedy,27833,44182,46908,57873,12913,163883,0.0730389827824159,1,88398,2,2,306.2330703705532,352.49740812823796,2,2,,,2,RIGHT,False,,
177131,double_dqn,598,9.0,446,0.0,0.0,0.05,,,,,,,,,,10000,10000,1.0,306.26957051459937,306.26957051459937,43784,True,355,177000,0.0,0.0,2,RIGHT,random,27862,44257,47000,58013,12925,164207,0.07296818192082741,0,88566,2,2,306.26957051459937,351.6707823237568,2,2,,,2,RIGHT,False,,
177195,double_dqn,598,,,0.0,0.0,0.05,0.009102526120841503,1.9956631660461426,2.810553550720215,0.5904096961021423,2.0322160720825195,2.8168904781341553,0.07748985290527344,0.6302785873413086,0.5296905040740967,10000,10000,1.0,306.2598496851657,306.2598496851657,43800,True,355,177000,0.0,0.0,1,FIRE,greedy,27865,44303,47010,58018,12930,164266,0.07297004447052981,0,88598,2,2,306.2598496851657,351.4950277528151,2,2,,,1,FIRE,False,,
177196,double_dqn,598,,,7.0,7.0,0.05,0.009102526120841503,1.9956631660461426,2.810553550720215,0.5904096961021423,2.0322160720825195,2.8168904781341553,0.07748985290527344,0.6302785873413086,0.5296905040740967,10000,10000,1.0,306.2597601378503,306.2597601378503,43800,True,355,177000,0.0,0.0,1,FIRE,greedy,27865,44303,47010,58018,12930,164266,0.07297004447052981,1,88598,2,2,306.2597601378503,351.49492497918624,2,2,,,1,FIRE,False,,
177264,double_dqn,599,7.0,389,0.0,0.0,0.05,,,,,,,,,,10000,10000,1.0,306.2585529128452,306.2585529128452,43817,True,355,177000,0.0,0.0,1,FIRE,greedy,27868,44335,47026,58035,12935,164329,0.07297025904865061,1,88632,2,2,306.2585529128452,351.318959175959,2,2,,,1,FIRE,False,,
177595,double_dqn,599,,,3.0,3.0,0.05,0.002876606769859791,2.0595548152923584,2.975515365600586,0.8184832334518433,2.086033344268799,2.8984572887420654,0.056399524211883545,0.27496421337127686,0.22999289631843567,10000,10000,1.0,306.10422858355696,306.10422858355696,43900,True,356,177500,0.0,0.0,1,FIRE,greedy,27896,44478,47103,58119,12948,164648,0.07290704745602379,0,88798,2,2,306.10422858355696,350.29438746536795,2,2,,,1,FIRE,False,,
177596,double_dqn,599,,,2.0,2.0,0.05,0.002876606769859791,2.0595548152923584,2.975515365600586,0.8184832334518433,2.086033344268799,2.8984572887420654,0.056399524211883545,0.27496421337127686,0.22999289631843567,10000,10000,1.0,306.10414176193757,306.10414176193757,43900,True,356,177500,0.0,0.0,1,FIRE,greedy,27896,44478,47103,58119,12948,164648,0.07290704745602379,1,88798,2,2,306.10414176193757,350.2942881099095,2,2,,,1,FIRE,False,,
177671,double_dqn,600,3.0,270,0.0,0.0,0.05,,,,,,,,,,10000,10000,1.0,306.0703928676154,306.0703928676154,43919,True,356,177500,0.0,0.0,1,FIRE,greedy,27897,44538,47114,58123,12949,164723,0.07288148948624432,0,88836,2,2,306.0703928676154,350.06269209995213,2,2,,,1,FIRE,False,,
177874,double_dqn,601,5.0,305,0.0,0.0,0.05,,,,,,,,,,10000,10000,1.0,305.93015673450714,305.93015673450714,43969,False,356,177500,0.0,0.0,1,FIRE,greedy,27924,44590,47174,58186,12962,164912,0.07287180813384755,1,88937,2,2,305.93015673450714,349.3914573477266,2,2,,,1,FIRE,False,,
177995,double_dqn,601,,,2.0,2.0,0.05,0.009289523586630821,1.9018549919128418,2.840559720993042,0.5405146479606628,1.8705439567565918,2.817080497741699,0.07876718789339066,0.6398946046829224,0.655394434928894,10000,10000,1.0,305.8588558711091,305.8588558711091,44000,True,356,177500,0.0,0.0,0,NOOP,greedy,27941,44613,47214,58228,12965,165031,0.07283871547675229,0,88998,2,2,305.8588558711091,349.002852131096,2,2,,,0,NOOP,False,,
177996,double_dqn,601,,,1.0,1.0,0.05,0.009289523586630821,1.9018549919128418,2.840559720993042,0.5405146479606628,1.8705439567565918,2.817080497741699,0.07876718789339066,0.6398946046829224,0.655394434928894,10000,10000,1.0,305.8587530811196,305.8587530811196,44000,True,356,177500,0.0,0.0,3,LEFT,greedy,27941,44613,47214,58228,12965,165031,0.07283871547675229,1,88998,2,2,305.8587530811196,349.00273484170316,2,2,,,3,LEFT,False,,
178395,double_dqn,601,,,7.0,7.0,0.05,0.004750298336148262,2.005103588104248,2.684988260269165,1.172428011894226,2.065680980682373,2.763427257537842,0.07077883183956146,0.24184274673461914,0.4410686492919922,10000,10000,1.0,305.64850579474086,305.64850579474086,44100,True,357,178000,0.0,0.0,2,RIGHT,greedy,28012,44720,47357,58307,12984,165412,0.07278190093948295,0,89198,2,2,305.64850579474086,347.76309275829504,2,2,,,2,RIGHT,False,,
178396,double_dqn,601,,,4.0,4.0,0.05,0.004750298336148262,2.005103588104248,2.684988260269165,1.172428011894226,2.065680980682373,2.763427257537842,0.07077883183956146,0.24184274673461914,0.4410686492919922,10000,10000,1.0,305.6484159441057,305.6484159441057,44100,True,357,178000,0.0,0.0,0,NOOP,greedy,28012,44720,47357,58307,12984,165412,0.07278190093948295,1,89198,2,2,305.6484159441057,347.76299052735266,2,2,,,0,NOOP,False,,
178747,double_dqn,602,11.0,538,0.0,0.0,0.05,,,,,,,,,,10000,10000,1.0,305.6049638516889,305.6049638516889,44188,True,358,178500,0.0,0.0,1,FIRE,greedy,28037,44816,47467,58428,13003,165745,0.0727448698726699,0,89374,2,2,305.6049638516889,346.84230760502925,2,2,,,1,FIRE,False,,
178795,double_dqn,602,,,0.0,0.0,0.05,0.0036151581443846226,2.041738986968994,3.193321466445923,1.1248995065689087,2.1044461727142334,3.394364595413208,0.05375700071454048,0.3027336597442627,0.552025318145752,10000,10000,1.0,305.5846759095457,305.5846759095457,44200,True,358,178500,0.0,0.0,2,RIGHT,greedy,28038,44825,47488,58445,13006,165790,0.07274211951050359,0,89398,2,2,305.5846759095457,346.7010870724601,2,2,,,2,RIGHT,False,,
178796,double_dqn,602,,,8.0,8.0,0.05,0.0036151581443846226,2.041738986968994,3.193321466445923,1.1248995065689087,2.1044461727142334,3.394364595413208,0.05375700071454048,0.3027336597442627,0.552025318145752,10000,10000,1.0,305.58459010744315,305.58459010744315,44200,True,358,178500,0.0,0.0,2,RIGHT,greedy,28038,44825,47488,58445,13006,165790,0.07274211951050359,1,89398,2,2,305.58459010744315,346.7009897256866,2,2,,,2,RIGHT,False,,
178810,double_dqn,603,8.0,468,0.0,0.0,0.05,,,,,,,,,,10000,10000,1.0,305.57075943352885,305.57075943352885,44203,False,358,178500,0.0,0.0,2,RIGHT,greedy,28038,44829,47490,58453,13006,165804,0.0727364241373525,1,89405,2,2,305.57075943352885,346.6508532820029,2,2,,,2,RIGHT,False,,
179174,double_dqn,604,2.0,182,0.0,0.0,0.05,,,,,,,,,,10000,10000,1.0,305.45643491747103,305.45643491747103,44294,False,359,179000,0.0,0.0,2,RIGHT,greedy,28098,44916,47602,58558,13020,166154,0.07266679317311664,1,89587,2,2,305.45643491747103,345.63020227538686,2,2,,,2,RIGHT,False,,
179195,double_dqn,604,,,3.0,3.0,0.05,0.005122790113091469,1.9707645177841187,2.5619723796844482,0.406598299741745,1.9800360202789307,2.609096050262451,0.060230642557144165,0.44814762473106384,0.34985294938087463,10000,10000,1.0,305.45066117691647,305.45066117691647,44300,True,359,179000,0.0,0.0,3,LEFT,random,28102,44918,47610,58566,13021,166175,0.07266345230920333,0,89598,2,2,305.45066117691647,345.57008359171374,2,2,,,3,LEFT,False,,
179196,double_dqn,604,,,0.0,0.0,0.05,0.005122790113091469,1.9707645177841187,2.5619723796844482,0.406598299741745,1.9800360202789307,2.609096050262451,0.060230642557144165,0.44814762473106384,0.34985294938087463,10000,10000,1.0,305.45058471864945,305.45058471864945,44300,True,359,179000,0.0,0.0,2,RIGHT,greedy,28102,44918,47610,58566,13021,166175,0.07266345230920333,1,89598,2,2,305.45058471864945,345.56999709103434,2,2,,,2,RIGHT,False,,
179595,double_dqn,604,,,8.0,8.0,0.05,0.0017681596800684929,1.9843769073486328,2.8961262702941895,1.0329333543777466,2.007115602493286,2.9849157333374023,0.043187908828258514,0.15171146392822266,0.14352868497371674,10000,10000,1.0,305.45855262447947,305.45855262447947,44400,True,360,179500,0.0,0.0,3,LEFT,greedy,28161,44997,47728,58710,13044,166552,0.07262967994832847,0,89798,2,2,305.45855262447947,344.60986869406764,2,2,,,3,LEFT,False,,
179596,double_dqn,604,,,4.0,4.0,0.05,0.0017681596800684929,1.9843769073486328,2.8961262702941895,1.0329333543777466,2.007115602493286,2.9849157333374023,0.043187908828258514,0.15171146392822266,0.14352868497371674,10000,10000,1.0,305.4584756089944,305.4584756089944,44400,True,360,179500,0.0,0.0,3,LEFT,greedy,28161,44997,47728,58710,13044,166552,0.07262967994832847,1,89798,2,2,305.4584756089944,344.609781807333,2,2,,,3,LEFT,False,,
179679,double_dqn,605,10.0,466,0.0,0.0,0.05,,,,,,,,,,10000,10000,1.0,305.4720999957574,305.4720999957574,44421,True,360,179500,0.0,0.0,3,LEFT,greedy,28171,45006,47764,58739,13050,166630,0.07262911843276937,0,89840,2,2,305.4720999957574,344.4228597341723,2,2,,,3,LEFT,False,,
179995,double_dqn,605,,,4.0,4.0,0.05,0.003534969175234437,1.941460371017456,2.841317892074585,0.9883075952529907,2.003314971923828,3.05355167388916,0.06694555282592773,0.2122337818145752,0.45936015248298645,10000,10000,1.0,305.52219967915306,305.52219967915306,44500,True,360,179500,0.0,0.0,1,FIRE,greedy,28243,45069,47851,58833,13065,166931,0.07258494633214072,0,89998,2,2,305.52219967915306,343.7220226851895,2,2,,,1,FIRE,False,,
179996,double_dqn,605,,,8.0,8.0,0.05,0.003534969175234437,1.941460371017456,2.841317892074585,0.9883075952529907,2.003314971923828,3.05355167388916,0.06694555282592773,0.2122337818145752,0.45936015248298645,10000,10000,1.0,305.5221289676993,305.5221289676993,44500,True,360,179500,0.0,0.0,2,RIGHT,greedy,28243,45069,47851,58833,13065,166931,0.07258494633214072,1,89998,2,2,305.5221289676993,343.72194313259416,2,2,,,2,RIGHT,False,,
180284,double_dqn,606,14.0,555,0.0,0.0,0.05,,,,,,,,,,10000,10000,1.0,305.50612969957155,305.50612969957155,44572,True,361,180000,0.0,0.0,2,RIGHT,greedy,28262,45131,47941,58950,13076,167208,0.07253000820926982,1,90142,2,2,305.50612969957155,343.01895201259003,2,2,,,2,RIGHT,False,,
180395,double_dqn,606,,,12.0,9.0,0.05,0.0014871025923639536,2.124032497406006,2.8646674156188965,0.8899050354957581,2.121446132659912,2.859726905822754,0.044032663106918335,0.11962389945983887,0.2602245807647705,10000,10000,1.0,305.5349232683915,305.5349232683915,44600,True,361,180000,0.0,0.0,0,NOOP,greedy,28272,45183,47963,58978,13082,167314,0.07251823765493692,0,90198,2,2,305.5349232683915,342.78619594211625,2,2,,,0,NOOP,False,,
180396,double_dqn,606,,,0.0,0.0,0.05,0.0014871025923639536,2.124032497406006,2.8646674156188965,0.8899050354957581,2.121446132659912,2.859726905822754,0.044032663106918335,0.11962389945983887,0.2602245807647705,10000,10000,1.0,305.5348493034462,305.5348493034462,44600,True,361,180000,0.0,0.0,1,FIRE,greedy,28272,45183,47963,58978,13082,167314,0.07251823765493692,1,90198,2,2,305.5348493034462,342.7861129592547,2,2,,,1,FIRE,False,,
180795,double_dqn,606,,,21.0,15.0,0.05,0.006090471521019936,1.7861077785491943,2.933800220489502,0.33080947399139404,1.7906919717788696,3.0266945362091064,0.06863906979560852,0.43314942717552185,0.3447277545928955,10000,10000,1.0,305.65026981792954,305.65026981792954,44700,True,362,180500,1.0,1.0,0,NOOP,greedy,28300,45347,48059,59090,13105,167691,0.07248501073032589,0,90398,2,2,305.65026981792954,341.97451719145994,2,2,,,0,NOOP,False,,
180796,double_dqn,606,,,4.0,4.0,0.05,0.006090471521019936,1.7861077785491943,2.933800220489502,0.33080947399139404,1.7906919717788696,3.0266945362091064,0.06863906979560852,0.43314942717552185,0.3447277545928955,10000,10000,1.0,305.6501980133623,305.6501980133623,44700,True,362,180500,0.0,0.0,1,FIRE,greedy,28300,45347,48059,59090,13105,167691,0.07248501073032589,1,90398,2,2,305.6501980133623,341.9744368534572,2,2,,,1,FIRE,False,,
180909,double_dqn,607,21.0,615,0.0,0.0,0.05,,,,,,,,,,10000,10000,1.0,305.6628927663804,305.6628927663804,44728,False,362,180500,0.0,0.0,2,RIGHT,greedy,28305,45378,48097,59130,13111,167799,0.07247250013819026,0,90455,2,2,305.6628927663804,341.7221229166103,2,2,,,2,RIGHT,False,,
181195,double_dqn,607,,,3.0,3.0,0.05,0.0024740444496273994,2.0364058017730713,2.820377826690674,0.7142537832260132,2.042332649230957,2.862715005874634,0.05054806172847748,0.19530272483825684,0.2669222950935364,10000,10000,1.0,305.7000538138666,305.7000538138666,44800,True,363,181000,0.0,0.0,3,LEFT,greedy,28370,45475,48153,59198,13132,168064,0.07247400604869865,0,90598,2,2,305.7000538138666,341.0982496111715,2,2,,,3,LEFT,False,,
181196,double_dqn,607,,,8.0,8.0,0.05,0.0024740444496273994,2.0364058017730713,2.820377826690674,0.7142537832260132,2.042332649230957,2.862715005874634,0.05054806172847748,0.19530272483825684,0.2669222950935364,10000,10000,1.0,305.69997577969735,305.69997577969735,44800,True,363,181000,0.0,0.0,0,NOOP,greedy,28370,45475,48153,59198,13132,168064,0.07247400604869865,1,90598,2,2,305.69997577969735,341.098162541123,2,2,,,0,NOOP,False,,
181260,double_dqn,608,9.0,488,0.0,0.0,0.05,,,,,,,,,,10000,10000,1.0,305.6800878820938,305.6800878820938,44816,True,363,181000,0.0,0.0,2,RIGHT,greedy,28377,45484,48177,59222,13134,168126,0.07245945051307515,1,90630,2,2,305.6800878820938,340.92771800091265,2,2,,,2,RIGHT,False,,
181565,double_dqn,609,6.0,328,0.0,0.0,0.05,,,,,,,,,,10000,10000,1.0,305.6111011600744,305.6111011600744,44892,False,364,181500,0.0,0.0,2,RIGHT,greedy,28433,45611,48237,59285,13153,168413,0.07244197702212969,0,90783,2,2,305.6111011600744,340.1453129565632,2,2,,,2,RIGHT,False,,
181595,double_dqn,609,,,0.0,0.0,0.05,0.0018049926729872823,2.0691118240356445,2.8342857360839844,1.2876720428466797,2.084385633468628,2.7740225791931152,0.0470944307744503,0.17314863204956055,0.1517588496208191,10000,10000,1.0,305.60854058877794,305.60854058877794,44900,True,364,181500,0.0,0.0,1,FIRE,greedy,28442,45622,48241,59291,13155,168441,0.07244102293002048,0,90798,2,2,305.60854058877794,340.07358532746525,2,2,,,1,FIRE,False,,
181596,double_dqn,609,,,3.0,3.0,0.05,0.0018049926729872823,2.0691118240356445,2.8342857360839844,1.2876720428466797,2.084385633468628,2.7740225791931152,0.0470944307744503,0.17314863204956055,0.1517588496208191,10000,10000,1.0,305.6084629833653,305.6084629833653,44900,True,364,181500,0.0,0.0,1,FIRE,greedy,28442,45622,48241,59291,13155,168441,0.07244102293002048,1,90798,2,2,305.6084629833653,340.0734989700917,2,2,,,1,FIRE,False,,
181995,double_dqn,609,,,5.0,5.0,0.05,0.004725289065390825,2.1667675971984863,3.0075907707214355,1.1741153001785278,2.133181095123291,2.774303436279297,0.07034920901060104,0.304002046585083,0.7248990535736084,10000,10000,1.0,305.5540522740433,305.5540522740433,45000,True,364,181500,0.0,0.0,2,RIGHT,greedy,28500,45758,48343,59395,13169,168827,0.07235873315897053,0,90998,2,2,305.5540522740433,339.0995615497511,2,2,,,2,RIGHT,False,,
181996,double_dqn,609,,,8.0,8.0,0.05,0.004725289065390825,2.1667675971984863,3.0075907707214355,1.1741153001785278,2.133181095123291,2.774303436279297,0.07034920901060104,0.304002046585083,0.7248990535736084,10000,10000,1.0,305.5538425384105,305.5538425384105,45000,True,364,181500,0.0,0.0,3,LEFT,greedy,28500,45758,48343,59395,13169,168827,0.07235873315897053,1,90998,2,2,305.5538425384105,339.099328788115,2,2,,,3,LEFT,False,,
182342,double_dqn,610,10.0,541,0.0,0.0,0.05,,,,,,,,,,10000,10000,1.0,305.5299028975133,305.5299028975133,45086,False,365,182000,0.0,0.0,3,LEFT,greedy,28536,45841,48452,59513,13185,169157,0.07230917726031304,1,91171,2,2,305.5299028975133,338.2898979508536,2,2,,,3,LEFT,False,,
182395,double_dqn,610,,,10.0,10.0,0.05,0.0058730351738631725,1.9773547649383545,2.9115076065063477,0.18395832180976868,2.01519775390625,2.9277472496032715,0.07521025836467743,0.2951540946960449,0.32956960797309875,10000,10000,1.0,305.52730819289553,305.52730819289553,45100,True,365,182000,0.0,0.0,1,FIRE,greedy,28558,45849,48462,59527,13187,169209,0.07229873462137328,0,91198,2,2,305.52730819289553,338.16543828068944,2,2,,,1,FIRE,False,,
182396,double_dqn,610,,,0.0,0.0,0.05,0.0058730351738631725,1.9773547649383545,2.9115076065063477,0.18395832180976868,2.01519775390625,2.9277472496032715,0.07521025836467743,0.2951540946960449,0.32956960797309875,10000,10000,1.0,305.52723342106543,305.52723342106543,45100,True,365,182000,0.0,0.0,0,NOOP,greedy,28558,45849,48462,59527,13187,169209,0.07229873462137328,1,91198,2,2,305.52723342106543,338.16535552131563,2,2,,,0,NOOP,False,,
182731,double_dqn,611,16.0,583,0.0,0.0,0.05,,,,,,,,,,10000,10000,1.0,305.49163843116304,305.49163843116304,45184,True,366,182500,0.0,0.0,1,FIRE,greedy,28623,45950,48531,59628,13208,169524,0.0722807171157761,0,91366,2,2,305.49163843116304,337.37307253422665,2,2,,,1,FIRE,False,,
182795,double_dqn,611,,,0.0,0.0,0.05,0.0043897246941924095,1.9399700164794922,3.0290660858154297,0.4801565706729889,1.9555549621582031,3.0135550498962402,0.06331628561019897,0.3075219392776489,0.48645004630088806,10000,10000,1.0,305.48780009346433,305.48780009346433,45200,True,366,182500,0.0,0.0,1,FIRE,greedy,28631,45975,48541,59649,13209,169587,0.07226088098207838,0,91398,2,2,305.48780009346433,337.22612146652557,2,2,,,1,FIRE,False,,
182796,double_dqn,611,,,6.0,6.0,0.05,0.0043897246941924095,1.9399700164794922,3.0290660858154297,0.4801565706729889,1.9555549621582031,3.0135550498962402,0.06331628561019897,0.3075219392776489,0.48645004630088806,10000,10000,1.0,305.4877308869984,305.4877308869984,45200,True,366,182500,0.0,0.0,2,RIGHT,greedy,28631,45975,48541,59649,13209,169587,0.07226088098207838,1,91398,2,2,305.4877308869984,337.22604506992946,2,2,,,2,RIGHT,False,,
183195,double_dqn,611,,,4.0,4.0,0.05,0.007445284631103277,1.7726489305496216,2.9493467807769775,0.16259518265724182,1.8040971755981445,2.8900818824768066,0.07936570793390274,0.4953474998474121,0.37509995698928833,10000,10000,1.0,305.5120246598364,305.5120246598364,45300,True,367,183000,0.0,0.0,1,FIRE,greedy,28730,46054,48641,59771,13233,169963,0.07223410991506365,0,91598,2,2,305.5120246598364,336.36581608240414,2,2,,,1,FIRE,False,,
183196,double_dqn,611,,,9.0,9.0,0.05,0.007445284631103277,1.7726489305496216,2.9493467807769775,0.16259518265724182,1.8040971755981445,2.8900818824768066,0.07936570793390274,0.4953474998474121,0.37509995698928833,10000,10000,1.0,305.51195510204144,305.51195510204144,45300,True,367,183000,0.0,0.0,2,RIGHT,greedy,28730,46054,48641,59771,13233,169963,0.07223410991506365,1,91598,2,2,305.51195510204144,336.36573949993743,2,2,,,2,RIGHT,False,,
183544,double_dqn,612,12.0,601,0.0,0.0,0.05,,,,,,,,,,10000,10000,1.0,305.5442565549057,305.5442565549057,45387,True,368,183500,0.0,0.0,3,LEFT,greedy,28795,46171,48726,59852,13253,170291,0.07220611951357712,1,91772,2,2,305.5442565549057,335.6364013281241,2,2,,,3,LEFT,False,,
183595,double_dqn,612,,,9.0,9.0,0.05,0.00251766387373209,1.9329477548599243,2.8450934886932373,1.1442009210586548,1.9209967851638794,2.841703414916992,0.05261240154504776,0.2610591650009155,0.3797176480293274,10000,10000,1.0,305.5516807948823,305.5516807948823,45400,True,368,183500,1.0,1.0,3,LEFT,greedy,28801,46184,48738,59873,13256,170340,0.07220200875836075,0,91798,2,2,305.5516807948823,335.53080522523334,2,2,,,3,LEFT,False,,
183596,double_dqn,612,,,0.0,0.0,0.05,0.00251766387373209,1.9329477548599243,2.8450934886932373,1.1442009210586548,1.9209967851638794,2.841703414916992,0.05261240154504776,0.2610591650009155,0.3797176480293274,10000,10000,1.0,305.55160395750136,305.55160395750136,45400,True,368,183500,0.0,0.0,3,LEFT,greedy,28801,46184,48738,59873,13256,170340,0.07220200875836075,1,91798,2,2,305.55160395750136,335.5307208489726,2,2,,,3,LEFT,False,,
183773,double_dqn,613,10.0,521,0.0,0.0,0.05,,,,,,,,,,10000,10000,1.0,305.53052393982244,305.53052393982244,45444,False,368,183500,0.0,0.0,3,LEFT,greedy,28841,46219,48794,59920,13264,170510,0.07217560699554888,0,91887,2,2,305.53052393982244,335.11928824287327,2,2,,,3,LEFT,False,,
183995,double_dqn,613,,,2.0,2.0,0.05,0.0028651284519582987,1.8941588401794434,2.848174571990967,0.28588202595710754,1.9181264638900757,2.785519599914551,0.0492071732878685,0.24581754207611084,0.34075865149497986,10000,10000,1.0,305.44334443800966,305.44334443800966,45500,True,368,183500,0.0,0.0,1,FIRE,greedy,28893,46310,48824,59969,13274,170722,0.07214287267114503,0,91998,2,2,305.44334443800966,334.5418448688987,2,2,,,1,FIRE,False,,
183996,double_dqn,613,,,5.0,5.0,0.05,0.0028651284519582987,1.8941588401794434,2.848174571990967,0.28588202595710754,1.9181264638900757,2.785519599914551,0.0492071732878685,0.24581754207611084,0.34075865149497986,10000,10000,1.0,305.4432692424223,305.4432692424223,45500,True,368,183500,0.0,0.0,1,FIRE,greedy,28893,46310,48824,59969,13274,170722,0.07214287267114503,1,91998,2,2,305.4432692424223,334.5417625096953,2,2,,,1,FIRE,False,,
184395,double_dqn,613,,,6.0,6.0,0.05,0.002103458857163787,1.9061665534973145,2.780698776245117,0.10445881634950638,1.9511127471923828,2.7972412109375,0.04919540882110596,0.2366924285888672,0.30730244517326355,10000,10000,1.0,305.27907188210213,305.27907188210213,45600,True,369,184000,0.0,0.0,2,RIGHT,greedy,28967,46442,48915,60072,13297,171099,0.07211110870083949,0,92198,2,2,305.27907188210213,333.5006382931188,2,2,,,2,RIGHT,False,,
184396,double_dqn,613,,,10.0,10.0,0.05,0.002103458857163787,1.9061665534973145,2.780698776245117,0.10445881634950638,1.9511127471923828,2.7972412109375,0.04919540882110596,0.2366924285888672,0.30730244517326355,10000,10000,1.0,305.2789692960409,305.2789692960409,45600,True,369,184000,0.0,0.0,2,RIGHT,greedy,28967,46442,48915,60072,13297,171099,0.07211110870083949,1,92198,2,2,305.2789692960409,333.50052622347476,2,2,,,2,RIGHT,False,,
184644,double_dqn,614,12.0,550,0.0,0.0,0.05,,,,,,,,,,10000,10000,1.0,305.22083718116835,305.22083718116835,45662,True,370,184500,0.0,0.0,3,LEFT,greedy,29009,46488,48985,60162,13308,171336,0.07207382855657374,1,92322,2,2,305.22083718116835,332.907212918102,2,2,,,3,LEFT,False,,
184777,double_dqn,615,13.0,502,0.0,0.0,0.05,,,,,,,,,,10000,10000,1.0,305.2230357910093,305.2230357910093,45695,False,370,184500,0.0,0.0,1,FIRE,greedy,29025,46516,49029,60208,13315,171463,0.07205944430614034,0,92389,2,2,305.2230357910093,332.62463202358583,2,2,,,1,FIRE,False,,
184795,double_dqn,615,,,0.0,0.0,0.05,0.002709976863116026,1.973428726196289,2.90264892578125,0.5756262540817261,2.030674934387207,2.8932042121887207,0.0576639249920845,0.19498980045318604,0.43709972500801086,10000,10000,1.0,305.21888621275707,305.21888621275707,45700,True,370,184500,0.0,0.0,3,LEFT,greedy,29025,46519,49032,60220,13316,171480,0.0720578367497132,0,92398,2,2,305.21888621275707,332.58189830046615,2,2,,,3,LEFT,False,,
184796,double_dqn,615,,,1.0,1.0,0.05,0.002709976863116026,1.973428726196289,2.90264892578125,0.5756262540817261,2.030674934387207,2.8932042121887207,0.0576639249920845,0.19498980045318604,0.43709972500801086,10000,10000,1.0,305.218815131912,305.218815131912,45700,True,370,184500,0.0,0.0,2,RIGHT,greedy,29025,46519,49032,60220,13316,171480,0.0720578367497132,1,92398,2,2,305.218815131912,332.58182084719095,2,2,,,2,RIGHT,False,,
185195,double_dqn,615,,,4.0,4.0,0.05,0.001722358400002122,1.7455281019210815,2.6495232582092285,0.054720550775527954,1.7603627443313599,2.5717077255249023,0.04375059902667999,0.15963172912597656,0.11408039927482605,10000,10000,1.0,305.2355223817304,305.2355223817304,45800,True,371,185000,0.0,0.0,0,NOOP,greedy,29111,46655,49110,60320,13334,171862,0.07199939523531826,0,92598,2,2,305.2355223817304,331.754999078636,2,2,,,0,NOOP,False,,
185196,double_dqn,615,,,5.0,5.0,0.05,0.001722358400002122,1.7455281019210815,2.6495232582092285,0.054720550775527954,1.7603627443313599,2.5717077255249023,0.04375059902667999,0.15963172912597656,0.11408039927482605,10000,10000,1.0,305.2354522830546,305.2354522830546,45800,True,371,185000,0.0,0.0,3,LEFT,greedy,29111,46655,49110,60320,13334,171862,0.07199939523531826,1,92598,2,2,305.2354522830546,331.75492288964614,2,2,,,3,LEFT,False,,
185256,double_dqn,616,5.0,306,0.0,0.0,0.05,,,,,,,,,,10000,10000,1.0,305.2366712799863,305.2366712799863,45815,True,371,185000,0.0,0.0,2,RIGHT,greedy,29116,46674,49128,60338,13335,171921,0.07198147428423371,1,92628,2,2,305.2366712799863,331.6301771995234,2,2,,,2,RIGHT,False,,
185595,double_dqn,616,,,8.0,8.0,0.05,0.0020530535839498043,1.9453160762786865,2.897097587585449,0.23353563249111176,1.938890814781189,2.9191300868988037,0.050975777208805084,0.18587970733642578,0.18778745830059052,10000,10000,1.0,305.28677254695253,305.28677254695253,45900,True,372,185500,0.0,0.0,3,LEFT,random,29223,46768,49177,60428,13353,172243,0.07194659367658786,0,92798,2,2,305.28677254695253,330.9734323895053,2,2,,,3,LEFT,False,,
185596,double_dqn,616,,,4.0,4.0,0.05,0.0020530535839498043,1.9453160762786865,2.897097587585449,0.23353563249111176,1.938890814781189,2.9191300868988037,0.050975777208805084,0.18587970733642578,0.18778745830059052,10000,10000,1.0,305.2867054746607,305.2867054746607,45900,True,372,185500,0.0,0.0,1,FIRE,fire_reset,29223,46768,49177,60428,13353,172243,0.07194659367658786,1,92798,2,2,305.2867054746607,330.97335967378814,2,2,,,0,NOOP,True,after_life_loss,
185957,double_dqn,617,12.0,590,0.0,0.0,0.05,,,,,,,,,,10000,10000,1.0,305.3069113796472,305.3069113796472,45990,False,372,185500,0.0,0.0,2,RIGHT,greedy,29325,46854,49274,60505,13378,172580,0.0719409759192936,0,92979,2,2,305.3069113796472,330.24420429940454,2,2,,,2,RIGHT,False,,
185995,double_dqn,617,,,0.0,0.0,0.05,0.008107439614832401,1.8272322416305542,2.9527854919433594,0.6891664862632751,1.8418164253234863,2.8554201126098633,0.07978097349405289,0.4015103578567505,0.3756590783596039,10000,10000,1.0,305.30595636636576,305.30595636636576,46000,True,372,185500,0.0,0.0,0,NOOP,greedy,29330,46866,49292,60508,13380,172616,0.0719370309038904,0,92998,2,2,305.30595636636576,330.164697545924,2,2,,,0,NOOP,False,,
185996,double_dqn,617,,,9.0,9.0,0.05,0.008107439614832401,1.8272322416305542,2.9527854919433594,0.6891664862632751,1.8418164253234863,2.8554201126098633,0.07978097349405289,0.4015103578567505,0.3756590783596039,10000,10000,1.0,305.3058873213134,305.3058873213134,46000,True,372,185500,0.0,0.0,1,FIRE,fire_reset,29330,46866,49292,60508,13380,172616,0.0719370309038904,1,92998,2,2,305.3058873213134,330.16462287905836,2,2,,,2,RIGHT,True,after_life_loss,
186240,double_dqn,618,10.0,492,0.0,0.0,0.05,,,,,,,,,,10000,10000,1.0,305.27332061447436,305.27332061447436,46061,True,373,186000,0.0,0.0,1,FIRE,greedy,29372,46978,49334,60556,13399,172841,0.07194480240549828,1,93120,2,2,305.27332061447436,329.6272218879853,2,2,,,1,FIRE,False,,
186395,double_dqn,618,,,6.0,6.0,0.05,0.010054466314613819,1.9700592756271362,2.785325288772583,0.6775336861610413,2.025222063064575,2.8008475303649902,0.07697665691375732,0.6495150327682495,0.6165128350257874,10000,10000,1.0,305.22279184370626,305.22279184370626,46100,True,373,186000,0.0,0.0,1,FIRE,fire_reset,29388,47007,49409,60592,13411,172985,0.07194896886199274,0,93198,2,2,305.22279184370626,329.2531338748291,2,2,,,2,RIGHT,True,after_life_loss,
186396,double_dqn,618,,,1.0,1.0,0.05,0.010054466314613819,1.9700592756271362,2.785325288772583,0.6775336861610413,2.025222063064575,2.8008475303649902,0.07697665691375732,0.6495150327682495,0.6165128350257874,10000,10000,1.0,305.2227112946057,305.2227112946057,46100,True,373,186000,0.0,0.0,2,RIGHT,greedy,29388,47007,49409,60592,13411,172985,0.07194896886199274,1,93198,2,2,305.2227112946057,329.25304698405785,2,2,,,2,RIGHT,False,,
186795,double_dqn,618,,,8.0,8.0,0.05,0.0018149890238419175,1.920577049255371,2.7379345893859863,0.7429221272468567,1.9485324621200562,2.734872341156006,0.046507563441991806,0.15815114974975586,0.1805627942085266,10000,10000,1.0,305.1997817865514,305.1997817865514,46200,True,374,186500,0.0,0.0,1,FIRE,greedy,29453,47067,49574,60702,13432,173364,0.07190732135591768,0,93398,2,2,305.1997817865514,328.41431885455927,2,2,,,1,FIRE,False,,
186796,double_dqn,618,,,4.0,4.0,0.05,0.0018149890238419175,1.920577049255371,2.7379345893859863,0.7429221272468567,1.9485324621200562,2.734872341156006,0.046507563441991806,0.15815114974975586,0.1805627942085266,10000,10000,1.0,305.1997123522819,305.1997123522819,46200,True,374,186500,0.0,0.0,2,RIGHT,greedy,29453,47067,49574,60702,13432,173364,0.07190732135591768,1,93398,2,2,305.1997123522819,328.4142441388822,2,2,,,2,RIGHT,False,,
186841,double_dqn,619,9.0,442,0.0,0.0,0.05,,,,,,,,,,10000,10000,1.0,305.19550650461815,305.19550650461815,46211,False,374,186500,0.0,0.0,3,LEFT,greedy,29462,47069,49592,60719,13433,173409,0.07189497008167328,0,93421,2,2,305.19550650461815,328.3165912020443,2,2,,,3,LEFT,False,,
187076,double_dqn,620,8.0,418,0.0,0.0,0.05,,,,,,,,,,10000,10000,1.0,305.19134776006894,305.19134776006894,46270,True,375,187000,0.0,0.0,3,LEFT,random,29517,47108,49664,60787,13454,173622,0.07191729564455088,1,93538,2,2,305.19134776006894,327.83991325716994,2,2,,,3,LEFT,False,,
187195,double_dqn,620,,,3.0,3.0,0.05,0.002780781127512455,1.9640617370605469,2.739551544189453,0.8101171851158142,1.9726414680480957,2.735830545425415,0.05590357258915901,0.2271113395690918,0.31918951869010925,10000,10000,1.0,305.2178158592224,305.2178158592224,46300,True,375,187000,0.0,0.0,0,NOOP,greedy,29537,47121,49728,60810,13464,173732,0.07192461377379858,0,93598,2,2,305.2178158592224,327.6271518050312,2,2,,,0,NOOP,False,,
187196,double_dqn,620,,,1.0,1.0,0.05,0.002780781127512455,1.9640617370605469,2.739551544189453,0.8101171851158142,1.9726414680480957,2.735830545425415,0.05590357258915901,0.2271113395690918,0.31918951869010925,10000,10000,1.0,305.21775143643185,305.21775143643185,46300,True,375,187000,0.0,0.0,0,NOOP,greedy,29537,47121,49728,60810,13464,173732,0.07192461377379858,1,93598,2,2,305.21775143643185,327.62708265226786,2,2,,,0,NOOP,False,,
187595,double_dqn,620,,,7.0,7.0,0.05,0.0040923310443758965,1.7391661405563354,2.835286855697632,0.1180630773305893,1.8097279071807861,2.8559412956237793,0.06237664818763733,0.2500178813934326,0.5861892104148865,10000,10000,1.0,305.10076186352404,305.10076186352404,46400,True,376,187500,0.0,0.0,2,RIGHT,greedy,29712,47182,49787,60915,13481,174115,0.07186187338749227,0,93798,2,2,305.10076186352404,326.7026035580943,2,2,,,2,RIGHT,False,,
187596,double_dqn,620,,,5.0,5.0,0.05,0.0040923310443758965,1.7391661405563354,2.835286855697632,0.1180630773305893,1.8097279071807861,2.8559412956237793,0.06237664818763733,0.2500178813934326,0.5861892104148865,10000,10000,1.0,305.1006875822969,305.1006875822969,46400,True,376,187500,0.0,0.0,0,NOOP,greedy,29712,47182,49787,60915,13481,174115,0.07186187338749227,1,93798,2,2,305.1006875822969,326.702524017584,2,2,,,0,NOOP,False,,
187793,double_dqn,621,9.0,476,0.0,0.0,0.05,,,,,,,,,,10000,10000,1.0,305.1228697602903,305.1228697602903,46449,False,376,187500,0.0,0.0,3,LEFT,greedy,29770,47203,49844,60977,13491,174303,0.07183935588996454,0,93897,2,2,305.1228697602903,326.3334863644666,2,2,,,3,LEFT,False,,
187995,double_dqn,621,,,2.0,2.0,0.05,0.005089926533401012,1.9084901809692383,2.9452335834503174,-0.07264942675828934,1.904670000076294,2.969320297241211,0.05563824251294136,0.39833807945251465,0.3552437424659729,10000,10000,1.0,305.1413636840642,305.1413636840642,46500,True,376,187500,0.0,0.0,3,LEFT,greedy,29814,47253,49901,61028,13506,174490,0.07184195408412945,0,93998,2,2,305.1413636840642,325.95433773779104,2,2,,,3,LEFT,False,,
187996,double_dqn,621,,,10.0,10.0,0.05,0.005089926533401012,1.9084901809692383,2.9452335834503174,-0.07264942675828934,1.904670000076294,2.969320297241211,0.05563824251294136,0.39833807945251465,0.3552437424659729,10000,10000,1.0,305.1412844301224,305.1412844301224,46500,True,376,187500,0.0,0.0,2,RIGHT,greedy,29814,47253,49901,61028,13506,174490,0.07184195408412945,1,93998,2,2,305.1412844301224,325.95425307812457,2,2,,,2,RIGHT,False,,
188290,double_dqn,622,16.0,607,0.0,0.0,0.05,,,,,,,,,,10000,10000,1.0,305.18208713751,305.18208713751,46573,False,377,188000,0.0,0.0,0,NOOP,greedy,29939,47292,49952,61107,13517,174773,0.07178819905464974,1,94145,2,2,305.18208713751,325.420405409003,2,2,,,0,NOOP,False,,
188395,double_dqn,622,,,6.0,6.0,0.05,0.006222230847924948,2.1529617309570312,2.941091537475586,1.043157696723938,2.1569910049438477,2.9585089683532715,0.06855032593011856,0.4554102420806885,0.3609219193458557,10000,10000,1.0,305.174803109317,305.174803109317,46600,True,377,188000,0.0,0.0,2,RIGHT,greedy,29978,47307,49982,61129,13519,174877,0.07175842374572708,0,94198,2,2,305.174803109317,325.20539507773475,2,2,,,2,RIGHT,False,,
188396,double_dqn,622,,,1.0,1.0,0.05,0.006222230847924948,2.1529617309570312,2.941091537475586,1.043157696723938,2.1569910049438477,2.9585089683532715,0.06855032593011856,0.4554102420806885,0.3609219193458557,10000,10000,1.0,305.174736839683,305.174736839683,46600,True,377,188000,0.0,0.0,0,NOOP,greedy,29978,47307,49982,61129,13519,174877,0.07175842374572708,1,94198,2,2,305.174736839683,325.205324458397,2,2,,,0,NOOP,False,,
188795,double_dqn,622,,,14.0,11.0,0.05,0.006142541766166687,1.8888216018676758,2.8723037242889404,0.6210194826126099,1.9215058088302612,2.92911958694458,0.0610269159078598,0.5158530473709106,0.3513045012950897,10000,10000,1.0,305.10895223311337,305.10895223311337,46700,True,378,188500,0.0,0.0,1,FIRE,greedy,30096,47402,50052,61246,13536,175260,0.07169643424648828,0,94398,2,2,305.10895223311337,324.3577962171881,2,2,,,1,FIRE,False,,
188796,double_dqn,622,,,5.0,5.0,0.05,0.006142541766166687,1.8888216018676758,2.8723037242889404,0.6210194826126099,1.9215058088302612,2.92911958694458,0.0610269159078598,0.5158530473709106,0.3513045012950897,10000,10000,1.0,305.10888251629643,305.10888251629643,46700,True,378,188500,0.0,0.0,3,LEFT,greedy,30096,47402,50052,61246,13536,175260,0.07169643424648828,1,94398,2,2,305.10888251629643,324.35772210204686,2,2,,,3,LEFT,False,,
188917,double_dqn,623,18.0,562,0.0,0.0,0.05,,,,,,,,,,10000,10000,1.0,305.09293585351656,305.09293585351656,46730,False,378,188500,0.0,0.0,3,LEFT,greedy,30109,47423,50086,61300,13538,175380,0.07166072052424861,0,94459,2,2,305.09293585351656,324.10505890581567,2,2,,,3,LEFT,False,,
189195,double_dqn,623,,,3.0,3.0,0.05,0.0012173409340903163,1.8974682092666626,2.9328384399414062,0.5015943050384521,1.9387675523757935,2.916144609451294,0.03970712423324585,0.11668658256530762,0.24766938388347626,10000,10000,1.0,305.0857701427701,305.0857701427701,46800,True,379,189000,0.0,0.0,3,LEFT,greedy,30183,47446,50172,61395,13550,175646,0.07161885029281803,0,94598,2,2,305.0857701427701,323.5627571187695,2,2,,,3,LEFT,False,,
189196,double_dqn,623,,,9.0,9.0,0.05,0.0012173409340903163,1.8974682092666626,2.9328384399414062,0.5015943050384521,1.9387675523757935,2.916144609451294,0.03970712423324585,0.11668658256530762,0.24766938388347626,10000,10000,1.0,305.08570252301087,305.08570252301087,46800,True,379,189000,0.0,0.0,3,LEFT,greedy,30183,47446,50172,61395,13550,175646,0.07161885029281803,1,94598,2,2,305.08570252301087,323.56268540373765,2,2,,,3,LEFT,False,,
189595,double_dqn,623,,,6.0,6.0,0.05,0.002596216509118676,2.240262031555176,3.1542117595672607,0.37858062982559204,2.224536418914795,3.1130692958831787,0.05802076309919357,0.14238595962524414,0.5007025003433228,10000,10000,1.0,305.0339015240664,305.0339015240664,46900,True,380,189500,0.0,0.0,0,NOOP,greedy,30236,47595,50260,61505,13568,176028,0.0715626911960168,0,94798,2,2,305.0339015240664,322.7443613183451,2,2,,,0,NOOP,False,,
189596,double_dqn,623,,,17.0,14.0,0.05,0.002596216509118676,2.240262031555176,3.1542117595672607,0.37858062982559204,2.224536418914795,3.1130692958831787,0.05802076309919357,0.14238595962524414,0.5007025003433228,10000,10000,1.0,305.0338366177765,305.0338366177765,46900,True,380,189500,0.0,0.0,0,NOOP,greedy,30236,47595,50260,61505,13568,176028,0.0715626911960168,1,94798,2,2,305.0338366177765,322.74429264355524,2,2,,,0,NOOP,False,,
189630,double_dqn,624,17.0,670,0.0,0.0,0.05,,,,,,,,,,10000,10000,1.0,305.0156398155677,305.0156398155677,46908,False,380,189500,0.0,0.0,1,FIRE,greedy,30244,47605,50268,61513,13568,176062,0.07154986025417918,1,94815,2,2,305.0156398155677,322.66046958733733,2,2,,,1,FIRE,False,,
189851,double_dqn,625,13.0,467,0.0,0.0,0.05,,,,,,,,,,10000,10000,1.0,304.8361885751309,304.8361885751309,46964,True,380,189500,0.0,0.0,3,LEFT,greedy,30291,47646,50321,61594,13575,176277,0.07150306554579357,0,94926,2,2,304.8361885751309,322.05048342477494,2,2,,,3,LEFT,False,,
189995,double_dqn,625,,,1.0,1.0,0.05,0.005664267111569643,2.0637340545654297,3.1473886966705322,0.6313358545303345,2.0735905170440674,3.0551538467407227,0.07503488659858704,0.33487868309020996,0.5467629432678223,10000,10000,1.0,304.7594805100384,304.7594805100384,47000,True,380,189500,0.0,0.0,1,FIRE,fire_reset,30303,47674,50372,61647,13582,176414,0.07148571548874713,0,94998,2,2,304.7594805100384,321.6980880204967,2,2,,,1,FIRE,False,after_life_loss,
189996,double_dqn,625,,,4.0,4.0,0.05,0.005664267111569643,2.0637340545654297,3.1473886966705322,0.6313358545303345,2.0735905170440674,3.0551538467407227,0.07503488659858704,0.33487868309020996,0.5467629432678223,10000,10000,1.0,304.75940579142235,304.75940579142235,47000,True,380,189500,0.0,0.0,3,LEFT,greedy,30303,47674,50372,61647,13582,176414,0.07148571548874713,1,94998,2,2,304.75940579142235,321.6980091490015,2,2,,,3,LEFT,False,,
190384,double_dqn,626,7.0,377,0.0,0.0,0.05,,,,,,,,,,10000,10000,1.0,304.5796076442443,304.5796076442443,47097,True,381,190000,0.0,0.0,2,RIGHT,greedy,30375,47743,50500,61766,13597,176787,0.07141881670728632,1,95192,2,2,304.5796076442443,320.7817977835779,2,2,,,2,RIGHT,False,,
190395,double_dqn,626,,,5.0,5.0,0.05,0.004179717041552067,1.9220072031021118,3.020111083984375,0.5892639756202698,1.974064826965332,3.0611226558685303,0.06507140398025513,0.3303176164627075,0.40029457211494446,10000,10000,1.0,304.5731090316671,304.5731090316671,47100,True,381,190000,0.0,0.0,0,NOOP,greedy,30376,47750,50502,61768,13598,176798,0.07141956763797559,0,95198,2,2,304.5731090316671,320.752586769289,2,2,,,0,NOOP,False,,
190396,double_dqn,626,,,0.0,0.0,0.05,0.004179717041552067,1.9220072031021118,3.020111083984375,0.5892639756202698,1.974064826965332,3.0611226558685303,0.06507140398025513,0.3303176164627075,0.40029457211494446,10000,10000,1.0,304.573029706076,304.573029706076,47100,True,381,190000,0.0,0.0,3,LEFT,greedy,30376,47750,50502,61768,13598,176798,0.07141956763797559,1,95198,2,2,304.573029706076,320.75250322977814,2,2,,,3,LEFT,False,,
190699,double_dqn,627,8.0,424,0.0,0.0,0.05,,,,,,,,,,10000,10000,1.0,304.48008785244855,304.48008785244855,47176,True,382,190500,0.0,0.0,1,FIRE,greedy,30433,47789,50611,61867,13611,177089,0.07137388568432092,0,95350,2,2,304.48008785244855,320.0901474832521,2,2,,,1,FIRE,False,,
190795,double_dqn,627,,,1.0,1.0,0.05,0.0024461615830659866,2.039778232574463,3.039475679397583,0.28557223081588745,2.064406633377075,3.1238856315612793,0.05258996784687042,0.1821455955505371,0.15491698682308197,10000,10000,1.0,304.4324517011348,304.4324517011348,47200,True,382,190500,0.0,0.0,3,LEFT,random,30439,47812,50639,61906,13620,177176,0.0713851443426487,0,95398,2,2,304.4324517011348,319.8626264084856,2,2,,,3,LEFT,False,,
190796,double_dqn,627,,,3.0,3.0,0.05,0.0024461615830659866,2.039778232574463,3.039475679397583,0.28557223081588745,2.064406633377075,3.1238856315612793,0.05258996784687042,0.1821455955505371,0.15491698682308197,10000,10000,1.0,304.43232594600016,304.43232594600016,47200,True,382,190500,0.0,0.0,3,LEFT,greedy,30439,47812,50639,61906,13620,177176,0.0713851443426487,1,95398,2,2,304.43232594600016,319.8624942794454,2,2,,,3,LEFT,False,,
191098,double_dqn,628,6.0,357,0.0,0.0,0.05,,,,,,,,,,10000,10000,1.0,304.36956815020505,304.36956815020505,47275,False,383,191000,0.0,0.0,1,FIRE,greedy,30493,47863,50746,61996,13640,177458,0.07137698981674324,1,95549,2,2,304.36956815020505,319.2409039406347,2,2,,,1,FIRE,False,,
191195,double_dqn,628,,,4.0,4.0,0.05,0.0034245289862155914,1.9882267713546753,2.8470988273620605,0.309203177690506,2.025850534439087,2.8232085704803467,0.05842277780175209,0.2737260162830353,0.24547283351421356,10000,10000,1.0,304.3709315180597,304.3709315180597,47300,True,383,191000,0.0,0.0,1,FIRE,greedy,30514,47896,50768,62018,13642,177554,0.07135086508085943,0,95598,2,2,304.3709315180597,319.0628131854848,2,2,,,1,FIRE,False,,
191196,double_dqn,628,,,1.0,1.0,0.05,0.0034245289862155914,1.9882267713546753,2.8470988273620605,0.309203177690506,2.025850534439087,2.8232085704803467,0.05842277780175209,0.2737260162830353,0.24547283351421356,10000,10000,1.0,304.37086518300686,304.37086518300686,47300,True,383,191000,0.0,0.0,2,RIGHT,greedy,30514,47896,50768,62018,13642,177554,0.07135086508085943,1,95598,2,2,304.37086518300686,319.06274364846143,2,2,,,2,RIGHT,False,,
191409,double_dqn,629,6.0,355,0.0,0.0,0.05,,,,,,,,,,10000,10000,1.0,304.38505126548364,304.38505126548364,47353,False,383,191000,0.0,0.0,1,FIRE,greedy,30541,47965,50846,62058,13653,177757,0.07132856172613761,0,95705,2,2,304.38505126548364,318.6869197173516,2,2,,,1,FIRE,False,,
191595,double_dqn,629,,,2.0,2.0,0.05,0.0012635431485250592,2.152182102203369,3.1841952800750732,0.33270442485809326,2.189526081085205,3.1795380115509033,0.03975296765565872,0.11194151639938354,0.21637536585330963,10000,10000,1.0,304.36913266878634,304.36913266878634,47400,True,384,191500,0.0,0.0,2,RIGHT,greedy,30600,48016,50871,62109,13665,177931,0.07132194826614334,0,95798,2,2,304.36913266878634,318.33217794886673,2,2,,,2,RIGHT,False,,
191596,double_dqn,629,,,5.0,5.0,0.05,0.0012635431485250592,2.152182102203369,3.1841952800750732,0.33270442485809326,2.189526081085205,3.1795380115509033,0.03975296765565872,0.11194151639938354,0.21637536585330963,10000,10000,1.0,304.36905691465086,304.36905691465086,47400,True,384,191500,0.0,0.0,3,LEFT,greedy,30600,48016,50871,62109,13665,177931,0.07132194826614334,1,95798,2,2,304.36905691465086,318.33209871948253,2,2,,,3,LEFT,False,,
191868,double_dqn,630,7.0,385,0.0,0.0,0.05,,,,,,,,,,10000,10000,1.0,304.3639402786502,304.3639402786502,47468,True,384,191500,0.0,0.0,1,FIRE,greedy,30646,48110,50946,62166,13677,178191,0.07128338232534867,1,95934,2,2,304.3639402786502,317.83483091709877,2,2,,,1,FIRE,False,,
191995,double_dqn,630,,,5.0,5.0,0.05,0.004349877592176199,1.9087282419204712,3.0523440837860107,0.5322443246841431,1.9169782400131226,2.9398083686828613,0.0553136020898819,0.25481516122817993,0.2969193160533905,10000,10000,1.0,304.36950487004276,304.36950487004276,47500,True,384,191500,0.0,0.0,3,LEFT,greedy,30659,48130,51006,62201,13686,178310,0.07128273505698035,0,95998,2,2,304.36950487004276,317.6101540122871,2,2,,,3,LEFT,False,,
191996,double_dqn,630,,,1.0,1.0,0.05,0.004349877592176199,1.9087282419204712,3.0523440837860107,0.5322443246841431,1.9169782400131226,2.9398083686828613,0.0553136020898819,0.25481516122817993,0.2969193160533905,10000,10000,1.0,304.36943800462285,304.36943800462285,47500,True,384,191500,0.0,0.0,2,RIGHT,greedy,30659,48130,51006,62201,13686,178310,0.07128273505698035,1,95998,2,2,304.36943800462285,317.610084238095,2,2,,,2,RIGHT,False,,
192395,double_dqn,630,,,13.0,10.0,0.05,0.001780480844900012,1.8783475160598755,2.845898151397705,0.21437953412532806,1.8938263654708862,2.884133815765381,0.04860348254442215,0.1504509449005127,0.10988254100084305,10000,10000,1.0,304.43157651556214,304.43157651556214,47600,True,385,192000,0.0,0.0,1,FIRE,greedy,30753,48225,51114,62304,13707,178689,0.07124368489989397,0,96198,2,2,304.43157651556214,316.95862155985157,2,2,,,1,FIRE,False,,
192396,double_dqn,630,,,5.0,5.0,0.05,0.001780480844900012,1.8783475160598755,2.845898151397705,0.21437953412532806,1.8938263654708862,2.884133815765381,0.04860348254442215,0.1504509449005127,0.10988254100084305,10000,10000,1.0,304.4315110159472,304.4315110159472,47600,True,385,192000,0.0,0.0,1,FIRE,greedy,30753,48225,51114,62304,13707,178689,0.07124368489989397,1,96198,2,2,304.4315110159472,316.9585533649951,2,2,,,1,FIRE,False,,
192425,double_dqn,631,13.0,508,0.0,0.0,0.05,,,,,,,,,,10000,10000,1.0,304.42467657773017,304.42467657773017,47607,False,385,192000,0.0,0.0,1,FIRE,greedy,30755,48232,51119,62320,13709,178717,0.07124297132404145,0,96213,2,2,304.42467657773017,316.89796602225726,2,2,,,1,FIRE,False,,
192502,double_dqn,632,6.0,317,0.0,0.0,0.05,,,,,,,,,,10000,10000,1.0,304.4092256668516,304.4092256668516,47626,False,386,192500,0.0,0.0,1,FIRE,greedy,30759,48279,51138,62326,13711,178791,0.07122523402354261,1,96251,2,2,304.4092256668516,316.74658255670295,2,2,,,1,FIRE,False,,
192795,double_dqn,632,,,3.0,3.0,0.05,0.0020423384848982096,2.2278857231140137,3.21494460105896,1.3443683385849,2.233135461807251,3.124077796936035,0.0436227060854435,0.23837065696716309,0.16934995353221893,10000,10000,1.0,304.4315638802381,304.4315638802381,47700,True,386,192500,0.0,0.0,2,RIGHT,greedy,30842,48337,51219,62398,13727,179069,0.07119960995041391,0,96398,2,2,304.4315638802381,316.24847940565536,2,2,,,2,RIGHT,False,,
192796,double_dqn,632,,,3.0,3.0,0.05,0.0020423384848982096,2.2278857231140137,3.21494460105896,1.3443683385849,2.233135461807251,3.124077796936035,0.0436227060854435,0.23837065696716309,0.16934995353221893,10000,10000,1.0,304.43148757704944,304.43148757704944,47700,True,386,192500,0.0,0.0,2,RIGHT,greedy,30842,48337,51219,62398,13727,179069,0.07119960995041391,1,96398,2,2,304.43148757704944,316.24840014065705,2,2,,,2,RIGHT,False,,
193195,double_dqn,632,,,8.0,8.0,0.05,0.0038994457572698593,1.8510701656341553,2.913752555847168,0.5984939336776733,1.8412033319473267,2.833061933517456,0.061838291585445404,0.2847747206687927,0.5150870084762573,10000,10000,1.0,304.41501696906386,304.41501696906386,47800,True,387,193000,0.0,0.0,3,LEFT,greedy,30908,48455,51335,62498,13741,179455,0.07112466096606555,0,96598,2,2,304.41501696906386,315.52729526135914,2,2,,,3,LEFT,False,,
193196,double_dqn,632,,,7.0,7.0,0.05,0.0038994457572698593,1.8510701656341553,2.913752555847168,0.5984939336776733,1.8412033319473267,2.833061933517456,0.061838291585445404,0.2847747206687927,0.5150870084762573,10000,10000,1.0,304.41495263537394,304.41495263537394,47800,True,387,193000,0.0,0.0,2,RIGHT,greedy,30908,48455,51335,62498,13741,179455,0.07112466096606555,1,96598,2,2,304.41495263537394,315.52722857925073,2,2,,,2,RIGHT,False,,
193369,double_dqn,633,12.0,472,0.0,0.0,0.05,,,,,,,,,,10000,10000,1.0,304.39051364200435,304.39051364200435,47843,False,387,193000,0.0,0.0,1,FIRE,greedy,30933,48518,51379,62540,13752,179618,0.07111754667218287,0,96685,2,2,304.39051364200435,315.19756679315833,2,2,,,1,FIRE,False,,
193508,double_dqn,634,10.0,503,0.0,0.0,0.05,,,,,,,,,,10000,10000,1.0,304.3468507884394,304.3468507884394,47878,True,388,193500,0.0,0.0,1,FIRE,greedy,30966,48568,51399,62575,13757,179751,0.07109266800339004,1,96754,2,2,304.3468507884394,314.9118278776647,2,2,,,1,FIRE,False,,
193595,double_dqn,634,,,2.0,2.0,0.05,0.004218729212880135,2.0082740783691406,2.9716172218322754,0.759037435054779,2.0116477012634277,2.9630866050720215,0.05674922466278076,0.40092676877975464,0.42950573563575745,10000,10000,1.0,304.32611215239854,304.32611215239854,47900,True,388,193500,0.0,0.0,3,LEFT,greedy,30985,48578,51426,62607,13762,179834,0.07108617946651791,0,96798,2,2,304.32611215239854,314.737371299285,2,2,,,3,LEFT,False,,
193596,double_dqn,634,,,1.0,1.0,0.05,0.004218729212880135,2.0082740783691406,2.9716172218322754,0.759037435054779,2.0116477012634277,2.9630866050720215,0.05674922466278076,0.40092676877975464,0.42950573563575745,10000,10000,1.0,304.3260470424757,304.3260470424757,47900,True,388,193500,0.0,0.0,3,LEFT,greedy,30985,48578,51426,62607,13762,179834,0.07108617946651791,1,96798,2,2,304.3260470424757,314.73730396189535,2,2,,,3,LEFT,False,,
193995,double_dqn,634,,,7.0,7.0,0.05,0.0017043737461790442,1.965876817703247,3.29726243019104,0.5398081541061401,2.002305507659912,3.2681307792663574,0.051033880561590195,0.10973429679870605,0.1882391721010208,10000,10000,1.0,304.31493381668076,304.31493381668076,48000,True,388,193500,0.0,0.0,1,FIRE,greedy,31032,48705,51532,62727,13776,180220,0.0710117734386276,0,96998,2,2,304.31493381668076,314.03400091866035,2,2,,,1,FIRE,False,,
193996,double_dqn,634,,,4.0,4.0,0.05,0.0017043737461790442,1.965876817703247,3.29726243019104,0.5398081541061401,2.002305507659912,3.2681307792663574,0.051033880561590195,0.10973429679870605,0.1882391721010208,10000,10000,1.0,304.314862880362,304.314862880362,48000,True,388,193500,0.0,0.0,1,FIRE,greedy,31032,48705,51532,62727,13776,180220,0.0710117734386276,1,96998,2,2,304.314862880362,314.03392771681087,2,2,,,1,FIRE,False,,
194278,double_dqn,635,7.0,385,0.0,0.0,0.05,,,,,,,,,,10000,10000,1.0,304.3033246478026,304.3033246478026,48070,False,389,194000,0.0,0.0,2,RIGHT,greedy,31048,48763,51656,62811,13786,180492,0.07096017047735718,1,97139,2,2,304.3033246478026,313.5378418396964,2,2,,,2,RIGHT,False,,
194381,double_dqn,636,11.0,506,0.0,0.0,0.05,,,,,,,,,,10000,10000,1.0,304.2993574805836,304.2993574805836,48096,False,389,194000,0.0,0.0,1,FIRE,greedy,31058,48809,51676,62839,13792,180590,0.07095307178648229,0,97191,2,2,304.2993574805836,313.355924359469,2,2,,,1,FIRE,False,,
194395,double_dqn,636,,,0.0,0.0,0.05,0.0012712858151644468,1.9996510744094849,2.9717047214508057,-0.06210315227508545,2.0156545639038086,2.9709877967834473,0.04221557825803757,0.09432053565979004,0.1520213633775711,10000,10000,1.0,304.2966256737485,304.2966256737485,48100,True,389,194000,0.0,0.0,3,LEFT,greedy,31058,48815,51677,62846,13793,180603,0.0709531060309883,0,97198,2,2,304.2966256737485,313.3292027441524,2,2,,,3,LEFT,False,,
194396,double_dqn,636,,,1.0,1.0,0.05,0.0012712858151644468,1.9996510744094849,2.9717047214508057,-0.06210315227508545,2.0156545639038086,2.9709877967834473,0.04221557825803757,0.09432053565979004,0.1520213633775711,10000,10000,1.0,304.2965621090806,304.2965621090806,48100,True,389,194000,0.0,0.0,3,LEFT,greedy,31058,48815,51677,62846,13793,180603,0.0709531060309883,1,97198,2,2,304.2965621090806,313.3291372926651,2,2,,,3,LEFT,False,,
194795,double_dqn,636,,,4.0,4.0,0.05,0.002766285790130496,2.085292100906372,3.2665648460388184,0.32806435227394104,2.073570728302002,3.1572153568267822,0.05878671258687973,0.16579139232635498,0.4017004072666168,10000,10000,1.0,304.3500485054534,304.3500485054534,48200,True,390,194500,0.0,0.0,3,LEFT,greedy,31119,48877,51801,62999,13811,180985,0.07089981313784677,0,97398,2,2,304.3500485054534,312.7039751079597,2,2,,,3,LEFT,False,,
194796,double_dqn,636,,,5.0,5.0,0.05,0.002766285790130496,2.085292100906372,3.2665648460388184,0.32806435227394104,2.073570728302002,3.1572153568267822,0.05878671258687973,0.16579139232635498,0.4017004072666168,10000,10000,1.0,304.34998694563967,304.34998694563967,48200,True,390,194500,0.0,0.0,1,FIRE,greedy,31119,48877,51801,62999,13811,180985,0.07089981313784677,1,97398,2,2,304.34998694563967,312.7039118584267,2,2,,,1,FIRE,False,,
195195,double_dqn,636,,,7.0,7.0,0.05,0.0022092703729867935,2.228668689727783,3.0284976959228516,1.1670316457748413,2.223520040512085,3.064116954803467,0.044929638504981995,0.23034870624542236,0.22014565765857697,10000,10000,1.0,304.41535574658843,304.41535574658843,48300,True,391,195000,0.0,0.0,0,NOOP,greedy,31173,49002,51915,63106,13832,181364,0.07086210783007849,0,97598,2,2,304.41535574658843,312.09641046005646,2,2,,,0,NOOP,False,,
195196,double_dqn,636,,,10.0,10.0,0.05,0.0022092703729867935,2.228668689727783,3.0284976959228516,1.1670316457748413,2.223520040512085,3.064116954803467,0.044929638504981995,0.23034870624542236,0.22014565765857697,10000,10000,1.0,304.41529480851295,304.41529480851295,48300,True,391,195000,0.0,0.0,0,NOOP,greedy,31173,49002,51915,63106,13832,181364,0.07086210783007849,1,97598,2,2,304.41529480851295,312.0963479843822,2,2,,,0,NOOP,False,,
195372,double_dqn,637,11.0,547,0.0,0.0,0.05,,,,,,,,,,10000,10000,1.0,304.4328099411884,304.4328099411884,48344,True,391,195000,0.0,0.0,3,LEFT,greedy,31216,49037,51964,63155,13836,181536,0.0708187457772864,1,97686,2,2,304.4328099411884,311.81922861966746,2,2,,,3,LEFT,False,,
195595,double_dqn,637,,,15.0,12.0,0.05,0.0011778780026361346,2.0229337215423584,2.756330966949463,0.8340929746627808,2.0423779487609863,2.7746169567108154,0.036598362028598785,0.13413965702056885,0.09027361124753952,10000,10000,1.0,304.4578729656224,304.4578729656224,48400,True,392,195500,0.0,0.0,3,LEFT,greedy,31262,49077,52023,63234,13850,181746,0.07080921900243359,0,97798,2,2,304.4578729656224,311.4708885339548,2,2,,,3,LEFT,False,,
195596,double_dqn,637,,,2.0,2.0,0.05,0.0011778780026361346,2.0229337215423584,2.756330966949463,0.8340929746627808,2.0423779487609863,2.7746169567108154,0.036598362028598785,0.13413965702056885,0.09027361124753952,10000,10000,1.0,304.4578117808611,304.4578117808611,48400,True,392,195500,0.0,0.0,3,LEFT,greedy,31262,49077,52023,63234,13850,181746,0.07080921900243359,1,97798,2,2,304.4578117808611,311.47082593983697,2,2,,,3,LEFT,False,,
195701,double_dqn,638,20.0,660,0.0,0.0,0.05,,,,,,,,,,10000,10000,1.0,304.4671138673093,304.4671138673093,48426,False,392,195500,0.0,0.0,2,RIGHT,greedy,31297,49089,52044,63272,13855,181847,0.07079641495743529,0,97851,2,2,304.4671138673093,311.3039597817191,2,2,,,2,RIGHT,False,,
195995,double_dqn,638,,,3.0,3.0,0.05,0.00228745024651289,2.252333879470825,3.3214292526245117,1.338126301765442,2.243856430053711,3.2797698974609375,0.04611116275191307,0.19170629978179932,0.3442309498786926,10000,10000,1.0,304.459938091975,304.459938091975,48500,True,392,195500,0.0,0.0,0,NOOP,greedy,31350,49167,52119,63360,13865,182131,0.07074123961713505,0,97998,2,2,304.459938091975,310.80946094772037,2,2,,,0,NOOP,False,,
195996,double_dqn,638,,,6.0,6.0,0.05,0.00228745024651289,2.252333879470825,3.3214292526245117,1.338126301765442,2.243856430053711,3.2797698974609375,0.04611116275191307,0.19170629978179932,0.3442309498786926,10000,10000,1.0,304.45987078818285,304.45987078818285,48500,True,392,195500,0.0,0.0,2,RIGHT,greedy,31350,49167,52119,63360,13865,182131,0.07074123961713505,1,97998,2,2,304.45987078818285,310.80939224030527,2,2,,,2,RIGHT,False,,
196269,double_dqn,639,5.0,284,0.0,0.0,0.05,,,,,,,,,,10000,10000,1.0,304.3560828252512,304.3560828252512,48568,False,393,196000,0.0,0.0,2,RIGHT,greedy,31413,49185,52212,63460,13877,182393,0.07070362256075814,0,98135,2,2,304.3560828252512,310.25225083677185,2,2,,,2,RIGHT,False,,
196395,double_dqn,639,,,1.0,1.0,0.05,0.012229230254888535,2.0335116386413574,3.339077949523926,0.8035991787910461,2.0459818840026855,3.517972469329834,0.08855678886175156,0.752051591873169,0.43070074915885925,10000,10000,1.0,304.3608893008925,304.3608893008925,48600,True,393,196000,0.0,0.0,2,RIGHT,greedy,31433,49218,52235,63510,13880,182516,0.07067353713924927,0,98198,2,2,304.3608893008925,310.05052707134155,2,2,,,2,RIGHT,False,,
196396,double_dqn,639,,,11.0,11.0,0.05,0.012229230254888535,2.0335116386413574,3.339077949523926,0.8035991787910461,2.0459818840026855,3.517972469329834,0.08855678886175156,0.752051591873169,0.43070074915885925,10000,10000,1.0,304.3608305843294,304.3608305843294,48600,True,393,196000,0.0,0.0,3,LEFT,greedy,31433,49218,52235,63510,13880,182516,0.07067353713924927,1,98198,2,2,304.3608305843294,310.0504672571474,2,2,,,3,LEFT,False,,
196652,double_dqn,640,13.0,640,0.0,0.0,0.05,,,,,,,,,,10000,10000,1.0,304.3233060172337,304.3233060172337,48664,True,394,196500,0.0,0.0,1,FIRE,greedy,31493,49281,52292,63586,13894,182758,0.0706527266440209,1,98326,2,2,304.3233060172337,309.59414587851796,2,2,,,1,FIRE,False,,
196795,double_dqn,640,,,6.0,6.0,0.05,0.004553331062197685,2.1589460372924805,3.136389970779419,0.8245832920074463,2.182609796524048,3.0528476238250732,0.059398312121629715,0.374003529548645,0.29876434803009033,10000,10000,1.0,304.30438891342646,304.30438891342646,48700,True,394,196500,0.0,0.0,0,NOOP,greedy,31541,49309,52330,63616,13900,182896,0.07063151690075002,0,98398,2,2,304.30438891342646,309.34070891672525,2,2,,,0,NOOP,False,,
196796,double_dqn,640,,,1.0,1.0,0.05,0.004553331062197685,2.1589460372924805,3.136389970779419,0.8245832920074463,2.182609796524048,3.0528476238250732,0.059398312121629715,0.374003529548645,0.29876434803009033,10000,10000,1.0,304.30433055698984,304.30433055698984,48700,True,394,196500,0.0,0.0,1,FIRE,greedy,31541,49309,52330,63616,13900,182896,0.07063151690075002,1,98398,2,2,304.30433055698984,309.3406495944738,2,2,,,1,FIRE,False,,
197195,double_dqn,640,,,13.0,10.0,0.05,0.003962956368923187,2.0072951316833496,3.1612391471862793,0.362013578414917,2.0493345260620117,3.120607376098633,0.06003284454345703,0.2696082592010498,0.4813818037509918,10000,10000,1.0,304.27342924699917,304.27342924699917,48800,True,395,197000,0.0,0.0,3,LEFT,greedy,31609,49434,52410,63743,13927,183269,0.07062516481064525,0,98598,2,2,304.27342924699917,308.66240973801007,2,2,,,3,LEFT,False,,
197196,double_dqn,640,,,5.0,5.0,0.05,0.003962956368923187,2.0072951316833496,3.1612391471862793,0.362013578414917,2.0493345260620117,3.120607376098633,0.06003284454345703,0.2696082592010498,0.4813818037509918,10000,10000,1.0,304.27336971384943,304.27336971384943,48800,True,395,197000,0.0,0.0,3,LEFT,greedy,31609,49434,52410,63743,13927,183269,0.07062516481064525,1,98598,2,2,304.27336971384943,308.6623493461267,2,2,,,3,LEFT,False,,
197227,double_dqn,641,13.0,479,0.0,0.0,0.05,,,,,,,,,,10000,10000,1.0,304.27042908804736,304.27042908804736,48808,True,395,197000,0.0,0.0,1,FIRE,greedy,31618,49441,52414,63755,13927,183301,0.07061370596467033,0,98614,2,2,304.27042908804736,308.6078505583649,2,2,,,1,FIRE,False,,
197590,double_dqn,642,8.0,469,0.0,0.0,0.05,,,,,,,,,,10000,10000,1.0,304.27543275322694,304.27543275322694,48898,False,396,197500,0.0,0.0,2,RIGHT,greedy,31707,49493,52559,63831,13947,183643,0.07058555594918771,1,98795,2,2,304.27543275322694,308.0324969654171,2,2,,,2,RIGHT,False,,
197595,double_dqn,642,,,4.0,4.0,0.05,0.0036028288304805756,2.072178840637207,3.004934310913086,0.5767921209335327,2.1240622997283936,3.0299723148345947,0.06208861991763115,0.19663500785827637,0.4026082158088684,10000,10000,1.0,304.2664961334076,304.2664961334076,48900,True,396,197500,0.0,0.0,0,NOOP,greedy,31710,49495,52560,63831,13947,183649,0.07058341261968866,0,98798,2,2,304.2664961334076,308.0138661931678,2,2,,,0,NOOP,False,,
197596,double_dqn,642,,,0.0,0.0,0.05,0.0036028288304805756,2.072178840637207,3.004934310913086,0.5767921209335327,2.1240622997283936,3.0299723148345947,0.06208861991763115,0.19663500785827637,0.4026082158088684,10000,10000,1.0,304.26643390621285,304.26643390621285,48900,True,396,197500,0.0,0.0,2,RIGHT,greedy,31710,49495,52560,63831,13947,183649,0.07058341261968866,1,98798,2,2,304.26643390621285,308.01380319957804,2,2,,,2,RIGHT,False,,
197995,double_dqn,642,,,8.0,8.0,0.05,0.002039848593994975,2.0182154178619385,3.0133731365203857,0.10237142443656921,2.0072779655456543,2.9275524616241455,0.05218473821878433,0.14421987533569336,0.29914772510528564,10000,10000,1.0,304.2443595468013,304.2443595468013,49000,True,396,197500,0.0,0.0,3,LEFT,greedy,31753,49598,52685,63960,13965,184031,0.07053172791369523,0,98998,2,2,304.2443595468013,307.3552298707522,2,2,,,3,LEFT,False,,
197996,double_dqn,642,,,4.0,4.0,0.05,0.002039848593994975,2.0182154178619385,3.0133731365203857,0.10237142443656921,2.0072779655456543,2.9275524616241455,0.05218473821878433,0.14421987533569336,0.29914772510528564,10000,10000,1.0,304.24430051093816,304.24430051093816,49000,True,396,197500,0.0,0.0,2,RIGHT,greedy,31753,49598,52685,63960,13965,184031,0.07053172791369523,1,98998,2,2,304.24430051093816,307.3551702312529,2,2,,,2,RIGHT,False,,
198083,double_dqn,643,9.0,428,0.0,0.0,0.05,,,,,,,,,,10000,10000,1.0,304.20952155443314,304.20952155443314,49022,True,397,198000,0.0,0.0,3,LEFT,greedy,31756,49610,52721,63997,13968,184116,0.07051553886230084,0,99042,2,2,304.20952155443314,307.1807780452894,2,2,,,3,LEFT,False,,
198395,double_dqn,643,,,3.0,3.0,0.05,0.005920781753957272,2.1378979682922363,3.0942294597625732,0.9379935264587402,2.1500661373138428,2.9787437915802,0.06871858239173889,0.37264692783355713,0.4591982364654541,10000,10000,1.0,304.14912263684784,304.14912263684784,49100,True,397,198000,0.0,0.0,2,RIGHT,greedy,31821,49703,52786,64086,13984,184412,0.07048529204217827,0,99198,2,2,304.14912263684784,306.6281623981669,2,2,,,2,RIGHT,False,,
198396,double_dqn,643,,,7.0,7.0,0.05,0.005920781753957272,2.1378979682922363,3.0942294597625732,0.9379935264587402,2.1500661373138428,2.9787437915802,0.06871858239173889,0.37264692783355713,0.4591982364654541,10000,10000,1.0,304.1490624674414,304.1490624674414,49100,True,397,198000,0.0,0.0,2,RIGHT,greedy,31821,49703,52786,64086,13984,184412,0.07048529204217827,1,99198,2,2,304.1490624674414,306.62810173833543,2,2,,,2,RIGHT,False,,
198528,double_dqn,644,8.0,469,0.0,0.0,0.05,,,,,,,,,,10000,10000,1.0,304.15321561664064,304.15321561664064,49133,True,398,198500,0.0,0.0,3,LEFT,greedy,31842,49728,52820,64138,13994,184534,0.07048879754996776,1,99264,2,2,304.15321561664064,306.4252272954918,2,2,,,3,LEFT,False,,
198795,double_dqn,644,,,8.0,8.0,0.05,0.0013021683553233743,2.181593418121338,3.2489707469940186,0.6671944260597229,2.183778762817383,3.279193878173828,0.040156807750463486,0.11489677429199219,0.18429352343082428,10000,10000,1.0,304.1853674026078,304.1853674026078,49200,True,398,198500,0.0,0.0,2,RIGHT,greedy,31905,49787,52882,64222,14007,184789,0.07045916416829312,0,99398,2,2,304.1853674026078,306.03887960124314,2,2,,,2,RIGHT,False,,
198796,double_dqn,644,,,3.0,3.0,0.05,0.0013021683553233743,2.181593418121338,3.2489707469940186,0.6671944260597229,2.183778762817383,3.279193878173828,0.040156807750463486,0.11489677429199219,0.18429352343082428,10000,10000,1.0,304.1853061513303,304.1853061513303,49200,True,398,198500,0.0,0.0,1,FIRE,greedy,31905,49787,52882,64222,14007,184789,0.07045916416829312,1,99398,2,2,304.1853061513303,306.0388179767392,2,2,,,1,FIRE,False,,
198837,double_dqn,645,8.0,377,0.0,0.0,0.05,,,,,,,,,,10000,10000,1.0,304.18939615360796,304.18939615360796,49210,False,398,198500,0.0,0.0,2,RIGHT,greedy,31906,49789,52899,64244,14009,184829,0.07045433971373681,0,99419,2,2,304.18939615360796,305.9775144802156,2,2,,,2,RIGHT,False,,
199195,double_dqn,645,,,4.0,4.0,0.05,0.001959377434104681,2.098972797393799,3.0144007205963135,0.7872270941734314,2.079941749572754,3.007068634033203,0.049402330070734024,0.13975811004638672,0.4197039306163788,10000,10000,1.0,304.1734338363694,304.1734338363694,49300,True,399,199000,0.0,0.0,1,FIRE,greedy,31952,49868,53036,64340,14030,185166,0.0704331412277355,0,99598,2,2,304.1734338363694,305.40612185203753,2,2,,,1,FIRE,False,,
199196,double_dqn,645,,,11.0,8.0,0.05,0.001959377434104681,2.098972797393799,3.0144007205963135,0.7872270941734314,2.079941749572754,3.007068634033203,0.049402330070734024,0.13975811004638672,0.4197039306163788,10000,10000,1.0,304.1733671473826,304.1733671473826,49300,True,399,199000,0.0,0.0,2,RIGHT,greedy,31952,49868,53036,64340,14030,185166,0.0704331412277355,1,99598,2,2,304.1733671473826,305.4060548927881,2,2,,,2,RIGHT,False,,
199508,double_dqn,646,14.0,490,0.0,0.0,0.05,,,,,,,,,,10000,10000,1.0,304.09082766769234,304.09082766769234,49378,True,400,199500,0.0,0.0,3,LEFT,greedy,31974,49947,53145,64442,14046,185462,0.07040319185195582,1,99754,2,2,304.09082766769234,304.8425897733145,2,2,,,3,LEFT,False,,
199595,double_dqn,646,,,8.0,8.0,0.05,0.00229562446475029,1.9346001148223877,3.206156015396118,0.5000958442687988,1.9656946659088135,3.163693904876709,0.05499288812279701,0.1930546760559082,0.27826809883117676,10000,10000,1.0,304.08028535332875,304.08028535332875,49400,True,400,199500,0.0,0.0,3,LEFT,greedy,31992,49970,53170,64464,14046,185550,0.07037215174652799,0,99798,2,2,304.08028535332875,304.69701913421727,2,2,,,3,LEFT,False,,
199596,double_dqn,646,,,1.0,1.0,0.05,0.00229562446475029,1.9346001148223877,3.206156015396118,0.5000958442687988,1.9656946659088135,3.163693904876709,0.05499288812279701,0.1930546760559082,0.27826809883117676,10000,10000,1.0,304.08022064376854,304.08022064376854,49400,True,400,199500,0.0,0.0,2,RIGHT,greedy,31992,49970,53170,64464,14046,185550,0.07037215174652799,1,99798,2,2,304.08022064376854,304.6969542934135,2,2,,,2,RIGHT,False,,
199653,double_dqn,647,8.0,408,0.0,0.0,0.05,,,,,,,,,,10000,10000,1.0,304.06178108213476,304.06178108213476,49414,False,400,199500,0.0,0.0,3,LEFT,greedy,32002,49978,53186,64488,14048,185606,0.0703617257856091,0,99827,2,2,304.06178108213476,304.5896343356641,2,2,,,3,LEFT,False,,
199995,double_dqn,647,,,3.0,3.0,0.05,0.010226390324532986,2.3260958194732666,3.0898258686065674,1.1725355386734009,2.3643386363983154,3.0913290977478027,0.05888641998171806,0.7715318202972412,0.38061225414276123,10000,10000,1.0,304.0230381187142,304.0230381187142,49500,True,400,199500,0.0,0.0,2,RIGHT,greedy,32031,50075,53277,64613,14063,185933,0.07031640632812657,0,99998,2,2,304.0230381187142,304.0291188227048,2,2,,,2,RIGHT,False,,
199996,double_dqn,647,,,5.0,5.0,0.05,0.010226390324532986,2.3260958194732666,3.0898258686065674,1.1725355386734009,2.3643386363983154,3.0913290977478027,0.05888641998171806,0.7715318202972412,0.38061225414276123,10000,10000,1.0,304.022924240426,304.022924240426,49500,True,400,199500,0.0,0.0,3,LEFT,greedy,32031,50075,53277,64613,14063,185933,0.07031640632812657,1,99998,2,2,304.022924240426,304.0290049421389,2,2,,,3,LEFT,False,,
200395,double_dqn,647,,,6.0,6.0,0.05,0.0026738224551081657,2.095717191696167,3.070509910583496,0.2641630470752716,2.1472902297973633,3.2137913703918457,0.052493806928396225,0.27161407470703125,0.34854856133461,10000,10000,1.0,303.9811087131146,303.9811087131146,49600,True,401,200000,0.0,0.0,3,LEFT,greedy,32119,50141,53400,64736,14081,186315,0.07026587357033075,0,100198,2,2,303.9811087131146,303.3816001716867,2,2,,,3,LEFT,False,,
200396,double_dqn,647,,,9.0,9.0,0.05,0.0026738224551081657,2.095717191696167,3.070509910583496,0.2641630470752716,2.1472902297973633,3.2137913703918457,0.052493806928396225,0.27161407470703125,0.34854856133461,10000,10000,1.0,303.98104253637507,303.98104253637507,49600,True,401,200000,0.0,0.0,3,LEFT,greedy,32119,50141,53400,64736,14081,186315,0.07026587357033075,1,100198,2,2,303.98104253637507,303.38153412546023,2,2,,,3,LEFT,False,,
200497,double_dqn,648,7.0,422,0.0,0.0,0.05,,,,,,,,,,10000,10000,1.0,303.96792843086246,303.96792843086246,49625,False,401,200000,0.0,0.0,2,RIGHT,greedy,32126,50158,53441,64773,14088,186410,0.07026504005027481,0,100249,2,2,303.96792843086246,303.2147988742615,2,2,,,2,RIGHT,False,,
200706,double_dqn,649,12.0,599,0.0,0.0,0.05,,,,,,,,,,10000,10000,1.0,303.8992843211204,303.8992843211204,49677,False,402,200500,0.0,0.0,1,FIRE,greedy,32142,50265,53470,64829,14096,186610,0.07023208075493508,1,100353,2,2,303.8992843211204,302.83404046906236,2,2,,,1,FIRE,False,,
200795,double_dqn,649,,,2.0,2.0,0.05,0.002958750119432807,2.1721692085266113,3.3557937145233154,1.091382622718811,2.1851558685302734,3.4832801818847656,0.052195955067873,0.2964740991592407,0.2023991048336029,10000,10000,1.0,303.87616453581273,303.87616453581273,49700,True,402,200500,0.0,0.0,2,RIGHT,greedy,32160,50284,53494,64858,14099,186697,0.07021554214227375,0,100398,2,2,303.87616453581273,302.6762884148828,2,2,,,2,RIGHT,False,,
200796,double_dqn,649,,,1.0,1.0,0.05,0.002958750119432807,2.1721692085266113,3.3557937145233154,1.091382622718811,2.1851558685302734,3.4832801818847656,0.052195955067873,0.2964740991592407,0.2023991048336029,10000,10000,1.0,303.8761037974739,303.8761037974739,49700,True,402,200500,0.0,0.0,3,LEFT,greedy,32160,50284,53494,64858,14099,186697,0.07021554214227375,1,100398,2,2,303.8761037974739,302.6762279163735,2,2,,,3,LEFT,False,,
201167,double_dqn,650,6.0,335,0.0,0.0,0.05,,,,,,,,,,10000,10000,1.0,303.8412422059873,303.8412422059873,49793,True,403,201000,0.0,0.0,1,FIRE,greedy,32210,50386,53596,64976,14123,187045,0.07020500278374295,0,100584,2,2,303.8412422059873,302.08729544961875,2,2,,,1,FIRE,False,,
201195,double_dqn,650,,,0.0,0.0,0.05,0.0014475525822490454,2.0793800354003906,2.8500728607177734,0.10656341910362244,2.09403657913208,2.836331605911255,0.04318821057677269,0.12404680252075195,0.1751251220703125,10000,10000,1.0,303.8375422898898,303.8375422898898,49800,True,403,201000,0.0,0.0,2,RIGHT,greedy,32210,50391,53608,64987,14125,187071,0.07020517306507087,0,100598,2,2,303.8375422898898,302.0420676635276,2,2,,,2,RIGHT,False,,
201196,double_dqn,650,,,7.0,7.0,0.05,0.0014475525822490454,2.0793800354003906,2.8500728607177734,0.10656341910362244,2.09403657913208,2.836331605911255,0.04318821057677269,0.12404680252075195,0.1751251220703125,10000,10000,1.0,303.83748162455674,303.83748162455674,49800,True,403,201000,0.0,0.0,2,RIGHT,random,32210,50391,53608,64987,14125,187071,0.07020517306507087,1,100598,2,2,303.83748162455674,302.04200735668564,2,2,,,2,RIGHT,False,,
201595,double_dqn,650,,,5.0,5.0,0.05,0.014617456123232841,2.154414653778076,3.2279481887817383,0.30058982968330383,2.1499786376953125,3.31606125831604,0.0841846615076065,0.867216944694519,0.7759606242179871,10000,10000,1.0,303.7877019204363,303.7877019204363,49900,True,404,201500,0.0,0.0,2,RIGHT,greedy,32283,50464,53780,65069,14137,187459,0.07012539931347844,0,100798,2,2,303.7877019204363,301.40155890169035,2,2,,,2,RIGHT,False,,
201596,double_dqn,650,,,11.0,11.0,0.05,0.014617456123232841,2.154414653778076,3.2279481887817383,0.30058982968330383,2.1499786376953125,3.31606125831604,0.0841846615076065,0.867216944694519,0.7759606242179871,10000,10000,1.0,303.7876452380217,303.7876452380217,49900,True,404,201500,0.0,0.0,1,FIRE,random,32283,50464,53780,65069,14137,187459,0.07012539931347844,1,100798,2,2,303.7876452380217,301.40150266449575,2,2,,,1,FIRE,False,,
201806,double_dqn,651,12.0,550,0.0,0.0,0.05,,,,,,,,,,10000,10000,1.0,303.7767851023786,303.7767851023786,49952,False,404,201500,0.0,0.0,2,RIGHT,greedy,32348,50490,53877,65091,14144,187662,0.07008711336630229,1,100903,2,2,303.7767851023786,301.0823423686748,2,2,,,2,RIGHT,False,,
201995,double_dqn,651,,,8.0,8.0,0.05,0.018001187592744827,2.247504711151123,3.461662769317627,0.8877408504486084,2.2478151321411133,3.8538565635681152,0.08889614045619965,0.9232111573219299,0.42291954159736633,10000,10000,1.0,303.6436314687295,303.6436314687295,50000,True,404,201500,0.0,0.0,1,FIRE,greedy,32399,50540,53920,65137,14153,187843,0.07006574387611636,0,100998,2,2,303.6436314687295,300.67257040549373,2,2,,,1,FIRE,False,,
201996,double_dqn,651,,,2.0,2.0,0.05,0.018001187592744827,2.247504711151123,3.461662769317627,0.8877408504486084,2.2478151321411133,3.8538565635681152,0.08889614045619965,0.9232111573219299,0.42291954159736633,10000,10000,1.0,303.6435705423559,303.6435705423559,50000,True,404,201500,0.0,0.0,1,FIRE,greedy,32399,50540,53920,65137,14153,187843,0.07006574387611636,1,100998,2,2,303.6435705423559,300.6725100752663,2,2,,,1,FIRE,False,,
202175,double_dqn,652,10.0,504,0.0,0.0,0.05,,,,,,,,,,10000,10000,1.0,303.5996990520302,303.5996990520302,50045,True,405,202000,0.0,0.0,2,RIGHT,greedy,32433,50571,53988,65184,14159,188017,0.07003304051915163,0,101088,2,2,303.5996990520302,300.36688045893,2,2,,,2,RIGHT,False,,
202395,double_dqn,652,,,2.0,2.0,0.05,0.009599625132977962,2.3451194763183594,3.254655361175537,0.6538655161857605,2.357630491256714,3.1082019805908203,0.06351204216480255,0.6918461918830872,0.27949580550193787,10000,10000,1.0,303.4989207232104,303.4989207232104,50100,True,405,202000,0.0,0.0,2,RIGHT,greedy,32482,50632,54044,65238,14174,188222,0.07003102828119133,0,101198,2,2,303.4989207232104,299.94808175463345,2,2,,,2,RIGHT,False,,
202396,double_dqn,652,,,6.0,6.0,0.05,0.009599625132977962,2.3451194763183594,3.254655361175537,0.6538655161857605,2.357630491256714,3.1082019805908203,0.06351204216480255,0.6918461918830872,0.27949580550193787,10000,10000,1.0,303.4988567643715,303.4988567643715,50100,True,405,202000,0.0,0.0,0,NOOP,greedy,32482,50632,54044,65238,14174,188222,0.07003102828119133,1,101198,2,2,303.4988567643715,299.94801854409224,2,2,,,0,NOOP,False,,
202580,double_dqn,653,11.0,387,0.0,0.0,0.05,,,,,,,,,,10000,10000,1.0,303.4255494207217,303.4255494207217,50146,True,406,202500,0.0,0.0,1,FIRE,greedy,32509,50676,54099,65296,14188,188392,0.07003652877875408,1,101290,2,2,303.4255494207217,299.60980601311076,2,2,,,1,FIRE,False,,
202795,double_dqn,653,,,7.0,7.0,0.05,0.0034503161441534758,2.1979475021362305,3.213744640350342,1.0582549571990967,2.2594709396362305,3.4064037799835205,0.053706880658864975,0.33680081367492676,0.46909916400909424,10000,10000,1.0,303.350118876645,303.350118876645,50200,True,406,202500,0.0,0.0,3,LEFT,random,32547,50723,54169,65357,14199,188597,0.07001617388903134,0,101398,2,2,303.350118876645,299.22463280530417,2,2,,,3,LEFT,False,,
202796,double_dqn,653,,,2.0,2.0,0.05,0.0034503161441534758,2.1979475021362305,3.213744640350342,1.0582549571990967,2.2594709396362305,3.4064037799835205,0.053706880658864975,0.33680081367492676,0.46909916400909424,10000,10000,1.0,303.35005209607897,303.35005209607897,50200,True,406,202500,0.0,0.0,2,RIGHT,greedy,32547,50723,54169,65357,14199,188597,0.07001617388903134,1,101398,2,2,303.35005209607897,299.22456693293725,2,2,,,2,RIGHT,False,,
203195,double_dqn,653,,,11.0,11.0,0.05,0.0034268395975232124,2.207496166229248,3.0841567516326904,0.9592909812927246,2.2616589069366455,3.131615400314331,0.05544653534889221,0.2925633192062378,0.47324222326278687,10000,10000,1.0,303.11278439421295,303.11278439421295,50300,True,407,203000,0.0,0.0,2,RIGHT,greedy,32585,50827,54303,65481,14217,188979,0.06996692848284415,0,101598,2,2,303.11278439421295,298.41905373157147,2,2,,,2,RIGHT,False,,
203196,double_dqn,653,,,5.0,5.0,0.05,0.0034268395975232124,2.207496166229248,3.0841567516326904,0.9592909812927246,2.2616589069366455,3.131615400314331,0.05544653534889221,0.2925633192062378,0.47324222326278687,10000,10000,1.0,303.11271975698935,303.11271975698935,50300,True,407,203000,0.0,0.0,0,NOOP,greedy,32585,50827,54303,65481,14217,188979,0.06996692848284415,1,101598,2,2,303.11271975698935,298.4189900952615,2,2,,,0,NOOP,False,,
203215,double_dqn,654,11.0,520,0.0,0.0,0.05,,,,,,,,,,10000,10000,1.0,303.108332338834,303.108332338834,50305,True,407,203000,0.0,0.0,1,FIRE,greedy,32589,50839,54305,65483,14217,188999,0.06996004251633729,0,101608,2,2,303.108332338834,298.3862136905542,2,2,,,1,FIRE,False,,
203595,double_dqn,654,,,4.0,4.0,0.05,0.0027186027728021145,2.07952618598938,3.0301458835601807,0.6206575632095337,2.14768123626709,3.0754506587982178,0.05232049897313118,0.24648714065551758,0.47395414113998413,10000,10000,1.0,303.1514199264529,303.1514199264529,50400,True,408,203500,0.0,0.0,1,FIRE,random,32634,50901,54436,65625,14238,189358,0.06993261164266489,0,101798,2,2,303.1514199264529,297.8899595126554,2,2,,,1,FIRE,False,,
203596,double_dqn,654,,,9.0,9.0,0.05,0.0027186027728021145,2.07952618598938,3.0301458835601807,0.6206575632095337,2.14768123626709,3.0754506587982178,0.05232049897313118,0.24648714065551758,0.47395414113998413,10000,10000,1.0,303.15135809512174,303.15135809512174,50400,True,408,203500,0.0,0.0,3,LEFT,greedy,32634,50901,54436,65625,14238,189358,0.06993261164266489,1,101798,2,2,303.15135809512174,297.8898987544616,2,2,,,3,LEFT,False,,
203742,double_dqn,655,11.0,581,0.0,0.0,0.05,,,,,,,,,,10000,10000,1.0,303.1217636560967,303.1217636560967,50436,False,408,203500,0.0,0.0,3,LEFT,greedy,32657,50922,54483,65680,14245,189497,0.06991685563114135,1,101871,2,2,303.1217636560967,297.65492457645144,2,2,,,3,LEFT,False,,
203995,double_dqn,655,,,8.0,8.0,0.05,0.003391014877706766,2.2383291721343994,3.36333966255188,0.5095116496086121,2.291016101837158,3.5091209411621094,0.05714893713593483,0.2565901279449463,0.43501371145248413,10000,10000,1.0,303.09502036861295,303.09502036861295,50500,True,408,203500,0.0,0.0,3,LEFT,greedy,32706,50978,54559,65753,14256,189740,0.06988372321025903,0,101998,2,2,303.09502036861295,297.2718747601618,2,2,,,3,LEFT,False,,
203996,double_dqn,655,,,2.0,2.0,0.05,0.003391014877706766,2.2383291721343994,3.36333966255188,0.5095116496086121,2.291016101837158,3.5091209411621094,0.05714893713593483,0.2565901279449463,0.43501371145248413,10000,10000,1.0,303.0949624197462,303.0949624197462,50500,True,408,203500,0.0,0.0,0,NOOP,greedy,32706,50978,54559,65753,14256,189740,0.06988372321025903,1,101998,2,2,303.0949624197462,297.2718179246247,2,2,,,0,NOOP,False,,
204395,double_dqn,655,,,14.0,11.0,0.05,0.0021028993651270866,2.2972822189331055,3.20623517036438,1.0388100147247314,2.3169214725494385,3.2105064392089844,0.0539388544857502,0.14789128303527832,0.13815268874168396,10000,10000,1.0,303.0932436528272,303.0932436528272,50600,True,409,204000,0.0,0.0,2,RIGHT,greedy,32752,51075,54687,65882,14281,190115,0.06986927337129885,0,102198,2,2,303.0932436528272,296.7117831605774,2,2,,,2,RIGHT,False,,
204396,double_dqn,655,,,5.0,5.0,0.05,0.0021028993651270866,2.2972822189331055,3.20623517036438,1.0388100147247314,2.3169214725494385,3.2105064392089844,0.0539388544857502,0.14789128303527832,0.13815268874168396,10000,10000,1.0,303.09319032656185,303.09319032656185,50600,True,409,204000,0.0,0.0,0,NOOP,greedy,32752,51075,54687,65882,14281,190115,0.06986927337129885,1,102198,2,2,303.09319032656185,296.711730957067,2,2,,,0,NOOP,False,,
204405,double_dqn,656,14.0,595,0.0,0.0,0.05,,,,,,,,,,10000,10000,1.0,303.09105147107954,303.09105147107954,50602,False,409,204000,0.0,0.0,3,LEFT,greedy,32752,51078,54689,65887,14283,190123,0.06987563965832705,0,102203,2,2,303.09105147107954,296.69573332470105,2,2,,,3,LEFT,False,,
204795,double_dqn,656,,,5.0,5.0,0.05,0.009007453918457031,2.2037551403045654,3.447969675064087,0.15568451583385468,2.2380805015563965,3.377631425857544,0.0629252940416336,0.7017967700958252,0.3396724760532379,10000,10000,1.0,303.08689665989897,303.08689665989897,50700,True,410,204500,0.0,0.0,1,FIRE,greedy,32796,51194,54805,66001,14303,190493,0.06984023125451669,0,102398,2,2,303.08689665989897,296.1514947534289,2,2,,,1,FIRE,False,,
204796,double_dqn,656,,,10.0,10.0,0.05,0.009007453918457031,2.2037551403045654,3.447969675064087,0.15568451583385468,2.2380805015563965,3.377631425857544,0.0629252940416336,0.7017967700958252,0.3396724760532379,10000,10000,1.0,303.0868414356036,303.0868414356036,50700,True,410,204500,0.0,0.0,2,RIGHT,greedy,32796,51194,54805,66001,14303,190493,0.06984023125451669,1,102398,2,2,303.0868414356036,296.1514407928064,2,2,,,2,RIGHT,False,,
204870,double_dqn,657,11.0,564,0.0,0.0,0.05,,,,,,,,,,10000,10000,1.0,303.0857439059208,303.0857439059208,50718,False,410,204500,0.0,0.0,2,RIGHT,greedy,32804,51207,54832,66027,14306,190564,0.06982964806950749,1,102435,2,2,303.0857439059208,296.0483281873081,2,2,,,2,RIGHT,False,,
205195,double_dqn,657,,,8.0,8.0,0.05,0.003525541629642248,2.158039093017578,3.126265525817871,0.6872434020042419,2.199446201324463,3.2618050575256348,0.05995628982782364,0.25523841381073,0.2091289609670639,10000,10000,1.0,303.0452473185758,303.0452473185758,50800,True,411,205000,0.0,0.0,2,RIGHT,greedy,32846,51269,54930,66151,14326,190870,0.06981617575391333,0,102598,2,2,303.0452473185758,295.56101262777327,2,2,,,2,RIGHT,False,,
205196,double_dqn,657,,,4.0,4.0,0.05,0.003525541629642248,2.158039093017578,3.126265525817871,0.6872434020042419,2.199446201324463,3.2618050575256348,0.05995628982782364,0.25523841381073,0.2091289609670639,10000,10000,1.0,303.04518559731554,303.04518559731554,50800,True,411,205000,0.0,0.0,1,FIRE,greedy,32846,51269,54930,66151,14326,190870,0.06981617575391333,1,102598,2,2,303.04518559731554,295.56095243082797,2,2,,,1,FIRE,False,,
205575,double_dqn,658,13.0,585,0.0,0.0,0.05,,,,,,,,,,10000,10000,1.0,303.0042128966332,303.0042128966332,50895,True,412,205500,0.0,0.0,3,LEFT,random,32871,51366,55062,66277,14343,191233,0.06976981748842277,0,102788,2,2,303.0042128966332,295.0026240359469,2,2,,,3,LEFT,False,,
205595,double_dqn,658,,,0.0,0.0,0.05,0.0028336336836218834,2.30255389213562,3.605975389480591,0.5494040846824646,2.32397723197937,3.3499791622161865,0.049963075667619705,0.2559962272644043,0.21686673164367676,10000,10000,1.0,303.0004236463984,303.0004236463984,50900,True,412,205500,0.0,0.0,1,FIRE,greedy,32876,51380,55063,66277,14344,191252,0.06976789431701005,0,102798,2,2,303.0004236463984,294.9717560324488,2,2,,,1,FIRE,False,,
205596,double_dqn,658,,,7.0,7.0,0.05,0.0028336336836218834,2.30255389213562,3.605975389480591,0.5494040846824646,2.32397723197937,3.3499791622161865,0.049963075667619705,0.2559962272644043,0.21686673164367676,10000,10000,1.0,303.0003622639709,303.0003622639709,50900,True,412,205500,0.0,0.0,1,FIRE,greedy,32876,51380,55063,66277,14344,191252,0.06976789431701005,1,102798,2,2,303.0003622639709,294.97169627648475,2,2,,,1,FIRE,False,,
205778,double_dqn,659,9.0,454,0.0,0.0,0.05,,,,,,,,,,10000,10000,1.0,303.00736884650587,303.00736884650587,50945,False,412,205500,0.0,0.0,2,RIGHT,greedy,32917,51413,55125,66323,14350,191428,0.06973534585815783,1,102889,2,2,303.00736884650587,294.7316566133614,2,2,,,2,RIGHT,False,,
205995,double_dqn,659,,,5.0,5.0,0.05,0.003720248118042946,2.0542404651641846,3.1932883262634277,0.8289401531219482,2.056732177734375,3.127955913543701,0.058047421276569366,0.35724979639053345,0.4990607798099518,10000,10000,1.0,303.02762852420955,303.02762852420955,51000,True,412,205500,0.0,0.0,2,RIGHT,greedy,32946,51473,55184,66393,14360,191636,0.06971009145808657,0,102998,2,2,303.02762852420955,294.4567689604942,2,2,,,2,RIGHT,False,,
205996,double_dqn,659,,,2.0,2.0,0.05,0.003720248118042946,2.0542404651641846,3.1932883262634277,0.8289401531219482,2.056732177734375,3.127955913543701,0.058047421276569366,0.35724979639053345,0.4990607798099518,10000,10000,1.0,303.0275736866748,303.0275736866748,51000,True,412,205500,0.0,0.0,3,LEFT,greedy,32946,51473,55184,66393,14360,191636,0.06971009145808657,1,102998,2,2,303.0275736866748,294.456715673989,2,2,,,3,LEFT,False,,
206395,double_dqn,659,,,8.0,8.0,0.05,0.005810592323541641,2.1704890727996826,3.244018077850342,0.4085351228713989,2.2228646278381348,3.261911630630493,0.05920230597257614,0.4770472049713135,0.386502742767334,10000,10000,1.0,303.03448173523043,303.03448173523043,51100,True,413,206000,0.0,0.0,3,LEFT,greedy,32979,51585,55302,66530,14376,192020,0.06965251264559391,0,103198,2,2,303.03448173523043,293.9260164490423,2,2,,,3,LEFT,False,,
206396,double_dqn,659,,,6.0,6.0,0.05,0.005810592323541641,2.1704890727996826,3.244018077850342,0.4085351228713989,2.2228646278381348,3.261911630630493,0.05920230597257614,0.4770472049713135,0.386502742767334,10000,10000,1.0,303.03442891380143,303.03442891380143,51100,True,413,206000,0.0,0.0,1,FIRE,greedy,32979,51585,55302,66530,14376,192020,0.06965251264559391,1,103198,2,2,303.03442891380143,293.9259652152946,2,2,,,1,FIRE,False,,
206484,double_dqn,660,7.0,353,0.0,0.0,0.05,,,,,,,,,,10000,10000,1.0,303.0245613846965,303.0245613846965,51122,True,413,206000,0.0,0.0,1,FIRE,greedy,32980,51609,55349,66546,14378,192106,0.06963251389938203,1,103242,2,2,303.0245613846965,293.7987093505018,2,2,,,1,FIRE,False,,
206629,double_dqn,661,10.0,527,0.0,0.0,0.05,,,,,,,,,,10000,10000,1.0,303.036720833707,303.036720833707,51158,False,414,206500,0.0,0.0,3,LEFT,greedy,33005,51623,55396,66606,14381,192249,0.0695978318733969,0,103315,2,2,303.036720833707,293.6156692575677,2,2,,,3,LEFT,False,,
206795,double_dqn,661,,,2.0,2.0,0.05,0.003685874631628394,2.3269786834716797,3.120103597640991,1.0937244892120361,2.3635687828063965,3.327993631362915,0.05776631832122803,0.326371431350708,0.29835814237594604,10000,10000,1.0,303.0504221046856,303.0504221046856,51200,True,414,206500,0.0,0.0,3,LEFT,greedy,33042,51657,55446,66651,14389,192407,0.06958064952900443,0,103398,2,2,303.0504221046856,293.4080634553755,2,2,,,3,LEFT,False,,
206796,double_dqn,661,,,3.0,3.0,0.05,0.003685874631628394,2.3269786834716797,3.120103597640991,1.0937244892120361,2.3635687828063965,3.327993631362915,0.05776631832122803,0.326371431350708,0.29835814237594604,10000,10000,1.0,303.0503687014971,303.0503687014971,51200,True,414,206500,0.0,0.0,1,FIRE,greedy,33042,51657,55446,66651,14389,192407,0.06958064952900443,1,103398,2,2,303.0503687014971,293.4080117513521,2,2,,,1,FIRE,False,,
207195,double_dqn,661,,,6.0,6.0,0.05,0.0016919319750741124,2.3835318088531494,3.4162657260894775,0.6028908491134644,2.394197702407837,3.41024112701416,0.04537714645266533,0.17426156997680664,0.2032126635313034,10000,10000,1.0,303.11151957263667,303.11151957263667,51300,True,415,207000,0.0,0.0,1,FIRE,greedy,33130,51751,55548,66767,14404,192792,0.06951871657754011,0,103598,2,2,303.11151957263667,292.93767682269873,2,2,,,1,FIRE,False,,
207196,double_dqn,661,,,6.0,6.0,0.05,0.0016919319750741124,2.3835318088531494,3.4162657260894775,0.6028908491134644,2.394197702407837,3.41024112701416,0.04537714645266533,0.17426156997680664,0.2032126635313034,10000,10000,1.0,303.11146600442794,303.11146600442794,51300,True,415,207000,0.0,0.0,2,RIGHT,greedy,33130,51751,55548,66767,14404,192792,0.06951871657754011,1,103598,2,2,303.11146600442794,292.93762505249003,2,2,,,2,RIGHT,False,,
207232,double_dqn,662,6.0,374,0.0,0.0,0.05,,,,,,,,,,10000,10000,1.0,303.11573566970725,303.11573566970725,51309,True,415,207000,0.0,0.0,0,NOOP,greedy,33135,51760,55560,66777,14408,192824,0.0695259419394688,1,103616,2,2,303.11573566970725,292.89428591420835,2,2,,,0,NOOP,False,,
207569,double_dqn,663,9.0,470,0.0,0.0,0.05,,,,,,,,,,10000,10000,1.0,303.171884704413,303.171884704413,51393,False,416,207500,0.0,0.0,2,RIGHT,greedy,33172,51843,55672,66883,14420,193150,0.06947054005877536,0,103785,2,2,303.171884704413,292.5043604540997,2,2,,,2,RIGHT,False,,
207595,double_dqn,663,,,0.0,0.0,0.05,0.0015465167816728354,2.39501953125,3.3171019554138184,0.6497751474380493,2.4074721336364746,3.3709983825683594,0.04042225703597069,0.20481610298156738,0.17531289160251617,10000,10000,1.0,303.1677706644469,303.1677706644469,51400,True,416,207500,0.0,0.0,0,NOOP,greedy,33184,51849,55678,66885,14421,193175,0.06946665639029653,0,103798,2,2,303.1677706644469,292.46633944968454,2,2,,,0,NOOP,False,,
207596,double_dqn,663,,,3.0,3.0,0.05,0.0015465167816728354,2.39501953125,3.3171019554138184,0.6497751474380493,2.4074721336364746,3.3709983825683594,0.04042225703597069,0.20481610298156738,0.17531289160251617,10000,10000,1.0,303.1677164213471,303.1677164213471,51400,True,416,207500,0.0,0.0,1,FIRE,greedy,33184,51849,55678,66885,14421,193175,0.06946665639029653,1,103798,2,2,303.1677164213471,292.4662871212962,2,2,,,1,FIRE,False,,
207995,double_dqn,663,,,4.0,4.0,0.05,0.004402191378176212,2.185028553009033,3.3063321113586426,0.319780170917511,2.198406219482422,3.2896246910095215,0.058776963502168655,0.3474266529083252,0.3211112320423126,10000,10000,1.0,303.1327788031139,303.1327788031139,51500,True,416,207500,0.0,0.0,0,NOOP,greedy,33256,52014,55752,66974,14437,193559,0.06940998865362795,0,103998,2,2,303.1327788031139,291.9108367899389,2,2,,,0,NOOP,False,,
207996,double_dqn,663,,,8.0,8.0,0.05,0.004402191378176212,2.185028553009033,3.3063321113586426,0.319780170917511,2.198406219482422,3.2896246910095215,0.058776963502168655,0.3474266529083252,0.3211112320423126,10000,10000,1.0,303.13272298667636,303.13272298667636,51500,True,416,207500,0.0,0.0,1,FIRE,greedy,33256,52014,55752,66974,14437,193559,0.06940998865362795,1,103998,2,2,303.13272298667636,291.9107830398197,2,2,,,1,FIRE,False,,
208262,double_dqn,664,10.0,515,0.0,0.0,0.05,,,,,,,,,,10000,10000,1.0,303.0636932191612,303.0636932191612,51566,False,417,208000,0.0,0.0,2,RIGHT,greedy,33290,52110,55820,67042,14455,193807,0.06940776521881092,1,104131,2,2,303.0636932191612,291.4995606824599,2,2,,,2,RIGHT,False,,
208283,double_dqn,665,6.0,357,0.0,0.0,0.05,,,,,,,,,,10000,10000,1.0,303.0552167830675,303.0552167830675,51572,True,417,208000,0.0,0.0,1,FIRE,greedy,33294,52115,55828,67047,14455,193829,0.0694004340227766,0,104142,2,2,303.0552167830675,291.46297131822075,2,2,,,1,FIRE,False,,
208395,double_dqn,665,,,1.0,1.0,0.05,0.001510454574599862,2.3422012329101562,3.404005765914917,1.247660756111145,2.3438801765441895,3.269890069961548,0.043722640722990036,0.12881219387054443,0.18207038938999176,10000,10000,1.0,303.0543808657035,303.0543808657035,51600,True,417,208000,0.0,0.0,1,FIRE,greedy,33319,52162,55845,67070,14462,193934,0.06939672546498013,0,104198,2,2,303.0543808657035,291.3175797764177,2,2,,,1,FIRE,False,,
208396,double_dqn,665,,,0.0,0.0,0.05,0.001510454574599862,2.3422012329101562,3.404005765914917,1.247660756111145,2.3438801765441895,3.269890069961548,0.043722640722990036,0.12881219387054443,0.18207038938999176,10000,10000,1.0,303.0543280801479,303.0543280801479,51600,True,417,208000,0.0,0.0,3,LEFT,greedy,33319,52162,55845,67070,14462,193934,0.06939672546498013,1,104198,2,2,303.0543280801479,291.3175290351605,2,2,,,3,LEFT,False,,
208795,double_dqn,665,,,4.0,4.0,0.05,0.004168510437011719,2.2109642028808594,3.152914047241211,0.8476356267929077,2.221010208129883,3.1384081840515137,0.05748920142650604,0.35514402389526367,0.2916285991668701,10000,10000,1.0,303.0074229512182,303.0074229512182,51700,True,418,208500,0.0,0.0,3,LEFT,greedy,33414,52293,55947,67142,14483,194313,0.06936435563899691,0,104398,2,2,303.0074229512182,290.7585659515173,2,2,,,3,LEFT,False,,
208796,double_dqn,665,,,5.0,5.0,0.05,0.004168510437011719,2.2109642028808594,3.152914047241211,0.8476356267929077,2.221010208129883,3.1384081840515137,0.05748920142650604,0.35514402389526367,0.2916285991668701,10000,10000,1.0,303.00737029154163,303.00737029154163,51700,True,418,208500,0.0,0.0,3,LEFT,greedy,33414,52293,55947,67142,14483,194313,0.06936435563899691,1,104398,2,2,303.00737029154163,290.75851542057023,2,2,,,3,LEFT,False,,
209046,double_dqn,666,8.0,392,0.0,0.0,0.05,,,,,,,,,,10000,10000,1.0,302.9913454507307,302.9913454507307,51762,False,419,209000,0.0,0.0,0,NOOP,greedy,33465,52328,56011,67242,14496,194550,0.06934358944921214,1,104523,2,2,302.9913454507307,290.4238981764276,2,2,,,0,NOOP,False,,
209081,double_dqn,667,7.0,399,0.0,0.0,0.05,,,,,,,,,,10000,10000,1.0,302.99565752896,302.99565752896,51771,False,419,209000,0.0,0.0,0,NOOP,greedy,33471,52330,56016,67265,14497,194585,0.06933643259582364,0,104541,2,2,302.99565752896,290.38218068732704,2,2,,,0,NOOP,False,,
209195,double_dqn,667,,,1.0,1.0,0.05,0.0028458479791879654,2.4460272789001465,3.3640453815460205,0.2155592143535614,2.4726645946502686,3.414673328399658,0.051364727318286896,0.20220661163330078,0.13420650362968445,10000,10000,1.0,302.98931927228125,302.98931927228125,51800,True,419,209000,0.0,0.0,0,NOOP,random,33480,52363,56059,67294,14499,194697,0.06930820856995354,0,104598,2,2,302.98931927228125,290.2311148507461,2,2,,,0,NOOP,False,,
209196,double_dqn,667,,,1.0,1.0,0.05,0.0028458479791879654,2.4460272789001465,3.3640453815460205,0.2155592143535614,2.4726645946502686,3.414673328399658,0.051364727318286896,0.20220661163330078,0.13420650362968445,10000,10000,1.0,302.9892676524929,302.9892676524929,51800,True,419,209000,0.0,0.0,2,RIGHT,greedy,33480,52363,56059,67294,14499,194697,0.06930820856995354,1,104598,2,2,302.9892676524929,290.23106540455194,2,2,,,2,RIGHT,False,,
209595,double_dqn,667,,,6.0,6.0,0.05,0.0021381916012614965,2.1257436275482178,3.3245577812194824,0.5576197504997253,2.1684391498565674,3.256474733352661,0.051832638680934906,0.17526447772979736,0.22021473944187164,10000,10000,1.0,303.0046512523756,303.0046512523756,51900,True,420,209500,0.0,0.0,0,NOOP,greedy,33533,52459,56162,67442,14522,195074,0.06928567339071356,0,104798,2,2,303.0046512523756,289.7394197046102,2,2,,,0,NOOP,False,,
209596,double_dqn,667,,,6.0,6.0,0.05,0.0021381916012614965,2.1257436275482178,3.3245577812194824,0.5576197504997253,2.1684391498565674,3.256474733352661,0.051832638680934906,0.17526447772979736,0.22021473944187164,10000,10000,1.0,303.00459855908116,303.00459855908116,51900,True,420,209500,0.0,0.0,2,RIGHT,greedy,33533,52459,56162,67442,14522,195074,0.06928567339071356,1,104798,2,2,303.00459855908116,289.7393693181739,2,2,,,2,RIGHT,False,,
209995,double_dqn,667,,,10.0,10.0,0.05,0.011334488168358803,2.1353983879089355,3.277202606201172,0.6585583686828613,2.1600565910339355,3.2862942218780518,0.06855888664722443,0.7687373161315918,0.442248672246933,10000,10000,1.0,303.084797905143,303.084797905143,52000,True,420,209500,0.0,0.0,3,LEFT,random,33593,52574,56265,67564,14547,195449,0.06927274805234386,0,104998,2,2,303.084797905143,289.3132260304393,2,2,,,3,LEFT,False,,
209996,double_dqn,667,,,11.0,11.0,0.05,0.011334488168358803,2.1353983879089355,3.277202606201172,0.6585583686828613,2.1600565910339355,3.2862942218780518,0.06855888664722443,0.7687373161315918,0.442248672246933,10000,10000,1.0,303.0847457097421,303.0847457097421,52000,True,420,209500,0.0,0.0,3,LEFT,greedy,33593,52574,56265,67564,14547,195449,0.06927274805234386,1,104998,2,2,303.0847457097421,289.31317620669387,2,2,,,3,LEFT,False,,
210189,double_dqn,668,11.0,554,0.0,0.0,0.05,,,,,,,,,,10000,10000,1.0,303.0967159586402,303.0967159586402,52048,False,421,210000,0.0,0.0,1,FIRE,greedy,33599,52656,56320,67615,14557,195633,0.06925638707835767,0,105095,2,2,303.0967159586402,289.0820343377193,2,2,,,1,FIRE,False,,
210395,double_dqn,668,,,2.0,2.0,0.05,0.0009248029673472047,2.2842202186584473,3.1942596435546875,0.5678898692131042,2.311275005340576,3.1358072757720947,0.03510509431362152,0.07391548156738281,0.09707888215780258,10000,10000,1.0,303.08602297851195,303.08602297851195,52100,True,421,210000,0.0,0.0,3,LEFT,greedy,33615,52713,56390,67678,14569,195827,0.06924561303446834,0,105198,2,2,303.08602297851195,288.81520567134226,2,2,,,3,LEFT,False,,
210396,double_dqn,668,,,18.0,15.0,0.05,0.0009248029673472047,2.2842202186584473,3.1942596435546875,0.5678898692131042,2.311275005340576,3.1358072757720947,0.03510509431362152,0.07391548156738281,0.09707888215780258,10000,10000,1.0,303.0859671442911,303.0859671442911,52100,True,421,210000,0.0,0.0,2,RIGHT,greedy,33615,52713,56390,67678,14569,195827,0.06924561303446834,1,105198,2,2,303.0859671442911,288.8151524660779,2,2,,,2,RIGHT,False,,
210446,double_dqn,669,18.0,700,0.0,0.0,0.05,,,,,,,,,,10000,10000,1.0,303.08330263875104,303.08330263875104,52112,False,421,210000,0.0,0.0,2,RIGHT,greedy,33615,52720,56421,67690,14570,195876,0.06923391273770943,1,105223,2,2,303.08330263875104,288.7504694923972,2,2,,,2,RIGHT,False,,
210795,double_dqn,669,,,6.0,6.0,0.05,0.008820602670311928,2.2292749881744385,3.344977617263794,1.2300339937210083,2.2375123500823975,3.3573267459869385,0.08011521399021149,0.5564939975738525,0.2560419738292694,10000,10000,1.0,303.04322385947285,303.04322385947285,52200,True,422,210500,0.0,0.0,2,RIGHT,greedy,33704,52800,56516,67776,14593,196203,0.06922806884381108,0,105398,2,2,303.04322385947285,288.27890635348496,2,2,,,2,RIGHT,False,,
210796,double_dqn,669,,,3.0,3.0,0.05,0.008820602670311928,2.2292749881744385,3.344977617263794,1.2300339937210083,2.2375123500823975,3.3573267459869385,0.08011521399021149,0.5564939975738525,0.2560419738292694,10000,10000,1.0,303.043150587438,303.043150587438,52200,True,422,210500,0.0,0.0,1,FIRE,greedy,33704,52800,56516,67776,14593,196203,0.06922806884381108,1,105398,2,2,303.043150587438,288.27883665127615,2,2,,,1,FIRE,False,,
210807,double_dqn,670,6.0,309,0.0,0.0,0.05,,,,,,,,,,10000,10000,1.0,303.03963936509683,303.03963936509683,52203,True,422,210500,0.0,0.0,3,LEFT,greedy,33704,52806,56519,67779,14593,196215,0.06922412811658002,0,105404,2,2,303.03963936509683,288.26068648146946,2,2,,,3,LEFT,False,,
211195,double_dqn,670,,,3.0,3.0,0.05,0.002458627335727215,2.1879749298095703,3.0647501945495605,1.098421335220337,2.2297263145446777,3.0941896438598633,0.05111626535654068,0.17934036254882812,0.2220504730939865,10000,10000,1.0,303.02776978019773,303.02776978019773,52300,True,423,211000,0.0,0.0,3,LEFT,greedy,33806,52896,56603,67891,14617,196579,0.06921059110968011,0,105598,2,2,303.02776978019773,287.77227987741753,2,2,,,3,LEFT,False,,
211196,double_dqn,670,,,13.0,7.0,0.05,0.002458627335727215,2.1879749298095703,3.0647501945495605,1.098421335220337,2.2297263145446777,3.0941896438598633,0.05111626535654068,0.17934036254882812,0.2220504730939865,10000,10000,1.0,303.02771610308224,303.02771610308224,52300,True,423,211000,0.0,0.0,1,FIRE,greedy,33806,52896,56603,67891,14617,196579,0.06921059110968011,1,105598,2,2,303.02771610308224,287.77222890259793,2,2,,,1,FIRE,False,,
211274,double_dqn,671,14.0,414,0.0,0.0,0.05,,,,,,,,,,10000,10000,1.0,303.03494101268865,303.03494101268865,52319,False,423,211000,0.0,0.0,2,RIGHT,greedy,33811,52911,56636,67916,14623,196651,0.06921343847326221,1,105637,2,2,303.03494101268865,287.6835744536674,2,2,,,2,RIGHT,False,,
211595,double_dqn,671,,,7.0,7.0,0.05,0.0030743060633540154,2.2610678672790527,3.0725677013397217,1.2842161655426025,2.321506977081299,3.131160020828247,0.05412082374095917,0.2389845848083496,0.43663766980171204,10000,10000,1.0,303.06312510039544,303.06312510039544,52400,True,424,211500,0.0,0.0,3,LEFT,greedy,33872,52988,56729,68007,14641,196955,0.06919317945518819,0,105798,2,2,303.06312510039544,287.31739945313126,2,2,,,3,LEFT,False,,
211596,double_dqn,671,,,3.0,3.0,0.05,0.0030743060633540154,2.2610678672790527,3.0725677013397217,1.2842161655426025,2.321506977081299,3.131160020828247,0.05412082374095917,0.2389845848083496,0.43663766980171204,10000,10000,1.0,303.06306995711753,303.06306995711753,52400,True,424,211500,0.0,0.0,0,NOOP,greedy,33872,52988,56729,68007,14641,196955,0.06919317945518819,1,105798,2,2,303.06306995711753,287.3173471748371,2,2,,,0,NOOP,False,,
211713,double_dqn,672,8.0,453,0.0,0.0,0.05,,,,,,,,,,10000,10000,1.0,303.0661514577427,303.0661514577427,52429,False,424,211500,0.0,0.0,2,RIGHT,greedy,33898,53004,56767,68045,14648,197066,0.06918767771616426,0,105857,2,2,303.0661514577427,287.17684081549555,2,2,,,2,RIGHT,False,,
211995,double_dqn,672,,,3.0,3.0,0.05,0.004353668540716171,2.114227056503296,3.289296865463257,0.6827223896980286,2.093977212905884,3.2635107040405273,0.0690150260925293,0.24566912651062012,0.5050243139266968,10000,10000,1.0,303.06991878306525,303.06991878306525,52500,True,424,211500,0.0,0.0,3,LEFT,greedy,33983,53064,56832,68117,14664,197332,0.06917111643615917,0,105998,2,2,303.06991878306525,286.8388625590856,2,2,,,3,LEFT,False,,
211996,double_dqn,672,,,8.0,8.0,0.05,0.004353668540716171,2.114227056503296,3.289296865463257,0.6827223896980286,2.093977212905884,3.2635107040405273,0.0690150260925293,0.24566912651062012,0.5050243139266968,10000,10000,1.0,303.0698681809008,303.0698681809008,52500,True,424,211500,0.0,0.0,2,RIGHT,greedy,33983,53064,56832,68117,14664,197332,0.06917111643615917,1,105998,2,2,303.0698681809008,286.8388146669446,2,2,,,2,RIGHT,False,,
212190,double_dqn,673,13.0,458,0.0,0.0,0.05,,,,,,,,,,10000,10000,1.0,303.06692168257484,303.06692168257484,52548,False,425,212000,0.0,0.0,1,FIRE,greedy,33999,53123,56903,68165,14672,197518,0.06914557707714784,1,106095,2,2,303.06692168257484,286.6020595054174,2,2,,,1,FIRE,False,,
212395,double_dqn,673,,,7.0,7.0,0.05,0.008444977924227715,2.181335926055908,3.105773448944092,0.8085170388221741,2.1730782985687256,3.0750110149383545,0.07004645466804504,0.6431763172149658,0.698409914970398,10000,10000,1.0,303.02250163052975,303.02250163052975,52600,True,425,212000,0.0,0.0,2,RIGHT,greedy,34023,53208,56958,68207,14690,197706,0.06916326107836306,0,106198,2,2,303.02250163052975,286.3125345044219,2,2,,,2,RIGHT,False,,
212396,double_dqn,673,,,2.0,2.0,0.05,0.008444977924227715,2.181335926055908,3.105773448944092,0.8085170388221741,2.1730782985687256,3.0750110149383545,0.07004645466804504,0.6431763172149658,0.698409914970398,10000,10000,1.0,303.022388073713,303.022388073713,52600,True,425,212000,0.0,0.0,0,NOOP,greedy,34023,53208,56958,68207,14690,197706,0.06916326107836306,1,106198,2,2,303.022388073713,286.3124272096175,2,2,,,0,NOOP,False,,
212795,double_dqn,673,,,12.0,12.0,0.05,0.003305615857243538,2.0141143798828125,3.2021102905273438,0.012197282165288925,2.020319938659668,3.2282354831695557,0.06086122617125511,0.23683381080627441,0.3212018609046936,10000,10000,1.0,302.95179606351115,302.95179606351115,52700,True,426,212500,0.0,0.0,1,FIRE,fire_reset,34105,53331,57051,68309,14711,198085,0.06913193857027387,0,106398,2,2,302.95179606351115,285.76780380124706,2,2,,,3,LEFT,True,after_life_loss,
212796,double_dqn,673,,,6.0,6.0,0.05,0.003305615857243538,2.0141143798828125,3.2021102905273438,0.012197282165288925,2.020319938659668,3.2282354831695557,0.06086122617125511,0.23683381080627441,0.3212018609046936,10000,10000,1.0,302.9517411402116,302.9517411402116,52700,True,426,212500,0.0,0.0,1,FIRE,greedy,34105,53331,57051,68309,14711,198085,0.06913193857027387,1,106398,2,2,302.9517411402116,285.76775199329967,2,2,,,1,FIRE,False,,
212942,double_dqn,674,6.0,376,0.0,0.0,0.05,,,,,,,,,,10000,10000,1.0,302.92247007702724,302.92247007702724,52736,False,426,212500,0.0,0.0,1,FIRE,random,34119,53370,57089,68364,14719,198223,0.0691221083675367,1,106471,2,2,302.92247007702724,285.56655904421007,2,2,,,1,FIRE,False,,
213105,double_dqn,675,16.0,696,0.0,0.0,0.05,,,,,,,,,,10000,10000,1.0,302.8402849092448,302.8402849092448,52777,False,427,213000,0.0,0.0,2,RIGHT,greedy,34155,53410,57123,68418,14730,198376,0.0691205315664505,0,106553,2,2,302.8402849092448,285.2946870894096,2,2,,,2,RIGHT,False,,
213195,double_dqn,675,,,1.0,1.0,0.05,0.0021047769114375114,2.1325244903564453,3.1965322494506836,0.6943676471710205,2.1432297229766846,3.227973222732544,0.05227432772517204,0.13345110416412354,0.13313038647174835,10000,10000,1.0,302.84638861123045,302.84638861123045,52800,True,427,213000,0.0,0.0,1,FIRE,greedy,34176,53427,57145,68448,14735,198461,0.06911480515581905,0,106598,2,2,302.84638861123045,285.1939938971337,2,2,,,1,FIRE,False,,
213196,double_dqn,675,,,1.0,1.0,0.05,0.0021047769114375114,2.1325244903564453,3.1965322494506836,0.6943676471710205,2.1432297229766846,3.227973222732544,0.05227432772517204,0.13345110416412354,0.13313038647174835,10000,10000,1.0,302.8463357026318,302.8463357026318,52800,True,427,213000,0.0,0.0,1,FIRE,greedy,34176,53427,57145,68448,14735,198461,0.06911480515581905,1,106598,2,2,302.8463357026318,285.19394407248615,2,2,,,1,FIRE,False,,
213558,double_dqn,676,5.0,308,0.0,0.0,0.05,,,,,,,,,,10000,10000,1.0,302.7785203696931,302.7785203696931,52890,False,428,213500,0.0,0.0,2,RIGHT,greedy,34261,53499,57244,68554,14750,198808,0.06906788788057577,1,106779,2,2,302.7785203696931,284.7037428147331,2,2,,,2,RIGHT,False,,
213595,double_dqn,676,,,5.0,5.0,0.05,0.0035270547959953547,2.128918170928955,3.033872127532959,0.6880432367324829,2.145022392272949,3.0439870357513428,0.061271265149116516,0.2360389232635498,0.2188957929611206,10000,10000,1.0,302.7746150470954,302.7746150470954,52900,True,428,213500,0.0,0.0,2,RIGHT,greedy,34264,53507,57256,68569,14753,198843,0.06906964549897938,0,106798,2,2,302.7746150470954,284.65547499735635,2,2,,,2,RIGHT,False,,
213596,double_dqn,676,,,0.0,0.0,0.05,0.0035270547959953547,2.128918170928955,3.033872127532959,0.6880432367324829,2.145022392272949,3.0439870357513428,0.061271265149116516,0.2360389232635498,0.2188957929611206,10000,10000,1.0,302.7745641252107,302.7745641252107,52900,True,428,213500,0.0,0.0,3,LEFT,greedy,34264,53507,57256,68569,14753,198843,0.06906964549897938,1,106798,2,2,302.7745641252107,284.6554271228234,2,2,,,3,LEFT,False,,
213995,double_dqn,676,,,9.0,9.0,0.05,0.003457599086686969,2.1200203895568848,3.0564019680023193,0.18493495881557465,2.1294102668762207,3.0640640258789062,0.05212600901722908,0.32316112518310547,0.378366619348526,10000,10000,1.0,302.7972614531426,302.7972614531426,53000,True,428,213500,0.0,0.0,3,LEFT,greedy,34328,53650,57345,68673,14773,199223,0.0690340006355259,0,106998,2,2,302.7972614531426,284.20910717010554,2,2,,,3,LEFT,False,,
213996,double_dqn,676,,,4.0,4.0,0.05,0.003457599086686969,2.1200203895568848,3.0564019680023193,0.18493495881557465,2.1294102668762207,3.0640640258789062,0.05212600901722908,0.32316112518310547,0.378366619348526,10000,10000,1.0,302.7972111847384,302.7972111847384,53000,True,428,213500,0.0,0.0,3,LEFT,greedy,34328,53650,57345,68673,14773,199223,0.0690340006355259,1,106998,2,2,302.7972111847384,284.2090599875841,2,2,,,3,LEFT,False,,
214162,double_dqn,677,5.0,302,0.0,0.0,0.05,,,,,,,,,,10000,10000,1.0,302.77708247583723,302.77708247583723,53041,False,429,214000,0.0,0.0,2,RIGHT,greedy,34340,53682,57393,68747,14786,199376,0.069041193115492,1,107081,2,2,302.77708247583723,283.99706354649646,2,2,,,2,RIGHT,False,,
214395,double_dqn,677,,,19.0,13.0,0.05,0.002986888401210308,2.2992355823516846,3.3022923469543457,1.1193987131118774,2.323200225830078,3.222010850906372,0.052971091121435165,0.2950727939605713,0.16806688904762268,10000,10000,1.0,302.7174092068391,302.7174092068391,53100,True,429,214000,0.0,0.0,3,LEFT,greedy,34367,53721,57443,68865,14801,199595,0.06903580290677065,0,107198,2,2,302.7174092068391,283.66989083669654,2,2,,,3,LEFT,False,,
214396,double_dqn,677,,,2.0,2.0,0.05,0.002986888401210308,2.2992355823516846,3.3022923469543457,1.1193987131118774,2.323200225830078,3.222010850906372,0.052971091121435165,0.2950727939605713,0.16806688904762268,10000,10000,1.0,302.7173537735872,302.7173537735872,53100,True,429,214000,0.0,0.0,3,LEFT,greedy,34367,53721,57443,68865,14801,199595,0.06903580290677065,1,107198,2,2,302.7173537735872,283.6698388914036,2,2,,,3,LEFT,False,,
214405,double_dqn,678,19.0,650,0.0,0.0,0.05,,,,,,,,,,10000,10000,1.0,302.71507659512196,302.71507659512196,53102,False,429,214000,0.0,0.0,3,LEFT,greedy,34367,53724,57444,68871,14801,199605,0.06903258304338498,0,107203,2,2,302.71507659512196,283.6561400296039,2,2,,,3,LEFT,False,,
214795,double_dqn,678,,,4.0,4.0,0.05,0.0077546825632452965,2.185530662536621,3.0978102684020996,0.6243703365325928,2.231955051422119,2.9735562801361084,0.07640806585550308,0.5144299268722534,0.45381972193717957,10000,10000,1.0,302.76926581277826,302.76926581277826,53200,True,430,214500,0.0,0.0,3,LEFT,greedy,34452,53855,57524,68965,14819,199977,0.06899104266373675,0,107398,2,2,302.76926581277826,283.25737490644934,2,2,,,3,LEFT,False,,
214796,double_dqn,678,,,8.0,8.0,0.05,0.0077546825632452965,2.185530662536621,3.0978102684020996,0.6243703365325928,2.231955051422119,2.9735562801361084,0.07640806585550308,0.5144299268722534,0.45381972193717957,10000,10000,1.0,302.76921726154006,302.76921726154006,53200,True,430,214500,0.0,0.0,2,RIGHT,greedy,34452,53855,57524,68965,14819,199977,0.06899104266373675,1,107398,2,2,302.76921726154006,283.25732948408375,2,2,,,2,RIGHT,False,,
215144,double_dqn,679,11.0,491,0.0,0.0,0.05,,,,,,,,,,10000,10000,1.0,302.8181813867113,302.8181813867113,53287,True,431,215000,0.0,0.0,3,LEFT,random,34486,53921,57634,69103,14841,200303,0.068981705276466,1,107572,2,2,302.8181813867113,282.9045144178707,2,2,,,3,LEFT,False,,
215195,double_dqn,679,,,7.0,7.0,0.05,0.0023654394317418337,2.346585988998413,3.3654420375823975,1.4775323867797852,2.3352901935577393,3.1570346355438232,0.046802818775177,0.20840740203857422,0.36458852887153625,10000,10000,1.0,302.81456445668306,302.81456445668306,53300,True,431,215000,0.0,0.0,0,NOOP,greedy,34496,53924,57651,69125,14842,200354,0.06896968345136527,0,107598,2,2,302.81456445668306,282.84177841600564,2,2,,,0,NOOP,False,,
215196,double_dqn,679,,,0.0,0.0,0.05,0.0023654394317418337,2.346585988998413,3.3654420375823975,1.4775323867797852,2.3352901935577393,3.1570346355438232,0.046802818775177,0.20840740203857422,0.36458852887153625,10000,10000,1.0,302.8145127959988,302.8145127959988,53300,True,431,215000,0.0,0.0,0,NOOP,greedy,34496,53924,57651,69125,14842,200354,0.06896968345136527,1,107598,2,2,302.8145127959988,282.8417301627129,2,2,,,0,NOOP,False,,
215357,double_dqn,680,9.0,476,0.0,0.0,0.05,,,,,,,,,,10000,10000,1.0,302.7769764754594,302.7769764754594,53340,False,431,215000,0.0,0.0,3,LEFT,greedy,34508,53957,57699,69194,14846,200512,0.06893637570928407,0,107679,2,2,302.7769764754594,282.622115933884,2,2,,,3,LEFT,False,,
215595,double_dqn,680,,,2.0,2.0,0.05,0.0041534798219799995,2.2824954986572266,3.306042432785034,0.7132822871208191,2.2824056148529053,3.180156707763672,0.06148239225149155,0.32343554496765137,0.3611874282360077,10000,10000,1.0,302.71656868263005,302.71656868263005,53400,True,432,215500,0.0,0.0,3,LEFT,greedy,34519,54033,57780,69264,14858,200738,0.06891593536058183,0,107798,2,2,302.71656868263005,282.2955869653808,2,2,,,3,LEFT,False,,
215596,double_dqn,680,,,5.0,5.0,0.05,0.0041534798219799995,2.2824954986572266,3.306042432785034,0.7132822871208191,2.2824056148529053,3.180156707763672,0.06148239225149155,0.32343554496765137,0.3611874282360077,10000,10000,1.0,302.7165181853163,302.7165181853163,53400,True,432,215500,0.0,0.0,3,LEFT,greedy,34519,54033,57780,69264,14858,200738,0.06891593536058183,1,107798,2,2,302.7165181853163,282.29553987456944,2,2,,,3,LEFT,False,,
215972,double_dqn,681,8.0,414,0.0,0.0,0.05,,,,,,,,,,10000,10000,1.0,302.6955923396806,302.6955923396806,53494,True,432,215500,0.0,0.0,1,FIRE,greedy,34653,54107,57865,69347,14875,201097,0.06887466893856611,1,107986,2,2,302.6955923396806,281.85153514980124,2,2,,,1,FIRE,False,,
215995,double_dqn,681,,,7.0,7.0,0.05,0.003225365187972784,2.2828569412231445,3.0378189086914062,0.3559573292732239,2.2962164878845215,3.0983035564422607,0.052861858159303665,0.2557713985443115,0.2462875247001648,10000,10000,1.0,302.68620589908153,302.68620589908153,53500,True,432,215500,0.0,0.0,2,RIGHT,greedy,34656,54117,57871,69352,14875,201121,0.06886701605585288,0,107998,2,2,302.68620589908153,281.8157942057399,2,2,,,2,RIGHT,False,,
215996,double_dqn,681,,,0.0,0.0,0.05,0.003225365187972784,2.2828569412231445,3.0378189086914062,0.3559573292732239,2.2962164878845215,3.0983035564422607,0.052861858159303665,0.2557713985443115,0.2462875247001648,10000,10000,1.0,302.6861514787695,302.6861514787695,53500,True,432,215500,0.0,0.0,3,LEFT,greedy,34656,54117,57871,69352,14875,201121,0.06886701605585288,1,107998,2,2,302.6861514787695,281.8157435377439,2,2,,,3,LEFT,False,,
216227,double_dqn,682,9.0,435,0.0,0.0,0.05,,,,,,,,,,10000,10000,1.0,302.66310187437324,302.66310187437324,53558,True,433,216000,0.0,0.0,1,FIRE,greedy,34689,54178,57940,69421,14887,201341,0.06884862275006012,0,108114,2,2,302.66310187437324,281.5338696015245,2,2,,,1,FIRE,False,,
216395,double_dqn,682,,,2.0,2.0,0.05,0.004674493335187435,2.1379342079162598,2.9103808403015137,0.5614960789680481,2.1102423667907715,2.911893367767334,0.07150283455848694,0.2766532897949219,0.595817506313324,10000,10000,1.0,302.6684349267167,302.6684349267167,53600,True,433,216000,0.0,0.0,3,LEFT,greedy,34723,54203,57972,69498,14895,201501,0.06883214107469639,0,108198,2,2,302.6684349267167,281.35089970618316,2,2,,,3,LEFT,False,,
216396,double_dqn,682,,,4.0,4.0,0.05,0.004674493335187435,2.1379342079162598,2.9103808403015137,0.5614960789680481,2.1102423667907715,2.911893367767334,0.07150283455848694,0.2766532897949219,0.595817506313324,10000,10000,1.0,302.6683855006711,302.6683855006711,53600,True,433,216000,1.0,1.0,2,RIGHT,greedy,34723,54203,57972,69498,14895,201501,0.06883214107469639,1,108198,2,2,302.6683855006711,281.3508537613115,2,2,,,2,RIGHT,False,,
216795,double_dqn,682,,,6.0,6.0,0.05,0.003015166847035289,2.190459966659546,3.3111424446105957,1.0099115371704102,2.2209360599517822,3.37150239944458,0.06378258764743805,0.1728801727294922,0.2597205638885498,10000,10000,1.0,302.61847201091297,302.61847201091297,53700,True,434,216500,0.0,0.0,2,RIGHT,greedy,34786,54303,58095,69612,14908,201888,0.06876510636727615,0,108398,2,2,302.61847201091297,280.85925142161494,2,2,,,2,RIGHT,False,,
216796,double_dqn,682,,,8.0,8.0,0.05,0.003015166847035289,2.190459966659546,3.3111424446105957,1.0099115371704102,2.2209360599517822,3.37150239944458,0.06378258764743805,0.1728801727294922,0.2597205638885498,10000,10000,1.0,302.61841743858736,302.61841743858736,53700,True,434,216500,0.0,0.0,3,LEFT,greedy,34786,54303,58095,69612,14908,201888,0.06876510636727615,1,108398,2,2,302.61841743858736,280.85920077321134,2,2,,,3,LEFT,False,,
216804,double_dqn,683,8.0,416,0.0,0.0,0.05,,,,,,,,,,10000,10000,1.0,302.6086634187265,302.6086634187265,53702,True,434,216500,0.0,0.0,2,RIGHT,greedy,34786,54303,58099,69616,14909,201895,0.06876718141731702,1,108402,2,2,302.6086634187265,280.84127540081494,2,2,,,2,RIGHT,False,,
217127,double_dqn,684,9.0,450,0.0,0.0,0.05,,,,,,,,,,10000,10000,1.0,302.4258734812791,302.4258734812791,53783,True,435,217000,0.0,0.0,1,FIRE,greedy,34871,54399,58168,69690,14926,202202,0.06874286135367157,0,108564,2,2,302.4258734812791,280.31352476454464,2,2,,,1,FIRE,False,,
217195,double_dqn,684,,,1.0,1.0,0.05,0.001372557831928134,2.1435680389404297,3.31478214263916,0.3766058683395386,2.1447296142578125,3.2370593547821045,0.04149928689002991,0.1138993501663208,0.2741367220878601,10000,10000,1.0,302.4142757137614,302.4142757137614,53800,True,435,217000,0.0,0.0,1,FIRE,greedy,34874,54414,58191,69717,14930,202266,0.06873975579660767,0,108598,2,2,302.4142757137614,280.2278705242761,2,2,,,1,FIRE,False,,
217196,double_dqn,684,,,4.0,4.0,0.05,0.001372557831928134,2.1435680389404297,3.31478214263916,0.3766058683395386,2.1447296142578125,3.2370593547821045,0.04149928689002991,0.1138993501663208,0.2741367220878601,10000,10000,1.0,302.41422194740943,302.41422194740943,53800,True,435,217000,0.0,0.0,3,LEFT,greedy,34874,54414,58191,69717,14930,202266,0.06873975579660767,1,108598,2,2,302.41422194740943,280.22782070245376,2,2,,,3,LEFT,False,,
217595,double_dqn,684,,,5.0,5.0,0.05,0.001408183015882969,2.186032295227051,2.9651169776916504,0.6995311975479126,2.1949357986450195,2.903632164001465,0.0384257435798645,0.19726181030273438,0.12662726640701294,10000,10000,1.0,302.1351947344105,302.1351947344105,53900,True,436,217500,0.0,0.0,2,RIGHT,greedy,34940,54586,58274,69796,14951,202645,0.06870990275556536,0,108798,2,2,302.1351947344105,279.530808162815,2,2,,,2,RIGHT,False,,
217596,double_dqn,684,,,8.0,8.0,0.05,0.001408183015882969,2.186032295227051,2.9651169776916504,0.6995311975479126,2.1949357986450195,2.903632164001465,0.0384257435798645,0.19726181030273438,0.12662726640701294,10000,10000,1.0,302.13513845522135,302.13513845522135,53900,True,436,217500,0.0,0.0,3,LEFT,greedy,34940,54586,58274,69796,14951,202645,0.06870990275556536,1,108798,2,2,302.13513845522135,279.5307560941798,2,2,,,3,LEFT,False,,
217897,double_dqn,685,7.0,385,0.0,0.0,0.05,,,,,,,,,,10000,10000,1.0,302.0354472830326,302.0354472830326,53975,False,436,217500,0.0,0.0,0,NOOP,greedy,35012,54670,58346,69870,14958,202940,0.0686467980431211,0,108949,2,2,302.0354472830326,279.109568831016,2,2,,,0,NOOP,False,,
217995,double_dqn,685,,,1.0,1.0,0.05,0.002322079846635461,2.1291697025299072,3.2512354850769043,0.38964781165122986,2.1597979068756104,3.2809813022613525,0.04407864063978195,0.270591139793396,0.28950726985931396,10000,10000,1.0,302.00722044144356,302.00722044144356,54000,True,436,217500,0.0,0.0,2,RIGHT,greedy,35026,54730,58363,69877,14965,203031,0.06864804858804749,0,108998,2,2,302.00722044144356,278.977109509445,2,2,,,2,RIGHT,False,,
217996,double_dqn,685,,,13.0,13.0,0.05,0.002322079846635461,2.1291697025299072,3.2512354850769043,0.38964781165122986,2.1597979068756104,3.2809813022613525,0.04407864063978195,0.270591139793396,0.28950726985931396,10000,10000,1.0,302.00716849726734,302.00716849726734,54000,True,436,217500,0.0,0.0,1,FIRE,greedy,35026,54730,58363,69877,14965,203031,0.06864804858804749,1,108998,2,2,302.00716849726734,278.9770615263665,2,2,,,1,FIRE,False,,
218395,double_dqn,685,,,5.0,5.0,0.05,0.0016114498721435666,2.23213529586792,3.0305800437927246,1.3467334508895874,2.2602319717407227,3.009509801864624,0.04371379315853119,0.12484073638916016,0.1578173190355301,10000,10000,1.0,301.8840269877128,301.8840269877128,54100,True,437,218000,0.0,0.0,1,FIRE,greedy,35087,54854,58462,69993,14986,203410,0.0686184728658034,0,109198,2,2,301.8840269877128,278.43112925271345,2,2,,,1,FIRE,False,,
218396,double_dqn,685,,,21.0,18.0,0.05,0.0016114498721435666,2.23213529586792,3.0305800437927246,1.3467334508895874,2.2602319717407227,3.009509801864624,0.04371379315853119,0.12484073638916016,0.1578173190355301,10000,10000,1.0,301.88397764755194,301.88397764755194,54100,True,437,218000,0.0,0.0,1,FIRE,random,35087,54854,58462,69993,14986,203410,0.0686184728658034,1,109198,2,2,301.88397764755194,278.4310837457125,2,2,,,1,FIRE,False,,
218410,double_dqn,686,21.0,803,0.0,0.0,0.05,,,,,,,,,,10000,10000,1.0,301.8799194537284,301.8799194537284,54103,False,437,218000,0.0,0.0,1,FIRE,greedy,35088,54855,58470,69997,14987,203423,0.06861865299207912,1,109205,2,2,301.8799194537284,278.41226757828235,2,2,,,1,FIRE,False,,
218795,double_dqn,686,,,10.0,10.0,0.05,0.0024163019843399525,2.1588306427001953,3.2796642780303955,0.3935445249080658,2.1942121982574463,3.32524037361145,0.04922199994325638,0.18053734302520752,0.22865335643291473,10000,10000,1.0,301.8550005912911,301.8550005912911,54200,True,438,218500,0.0,0.0,1,FIRE,greedy,35118,54917,58590,70171,15010,203786,0.06860271668586262,0,109398,2,2,301.8550005912911,277.97512841077196,2,2,,,1,FIRE,False,,
218796,double_dqn,686,,,3.0,3.0,0.05,0.0024163019843399525,2.1588306427001953,3.2796642780303955,0.3935445249080658,2.1942121982574463,3.32524037361145,0.04922199994325638,0.18053734302520752,0.22865335643291473,10000,10000,1.0,301.8549445236768,301.8549445236768,54200,True,438,218500,0.0,0.0,0,NOOP,random,35118,54917,58590,70171,15010,203786,0.06860271668586262,1,109398,2,2,301.8549445236768,277.97507677868947,2,2,,,0,NOOP,False,,
219079,double_dqn,687,13.0,591,0.0,0.0,0.05,,,,,,,,,,10000,10000,1.0,301.814837175676,301.814837175676,54271,True,439,219000,0.0,0.0,1,FIRE,greedy,35166,54972,58688,70254,15026,204054,0.0685868176008764,0,109540,2,2,301.814837175676,277.6351802504497,2,2,,,1,FIRE,False,,
219114,double_dqn,688,7.0,352,0.0,0.0,0.05,,,,,,,,,,10000,10000,1.0,301.8044543584322,301.8044543584322,54279,False,439,219000,0.0,0.0,0,NOOP,greedy,35170,54987,58693,70264,15026,204088,0.06857617495915368,1,109557,2,2,301.8044543584322,277.5894572102923,2,2,,,0,NOOP,False,,
219195,double_dqn,688,,,1.0,1.0,0.05,0.0038334354758262634,2.1882002353668213,3.1423580646514893,1.0128819942474365,2.2099850177764893,3.420121431350708,0.05413650721311569,0.3274216651916504,0.29313772916793823,10000,10000,1.0,301.7945701551891,301.7945701551891,54300,True,439,219000,0.0,0.0,2,RIGHT,greedy,35180,55005,58746,70265,15032,204164,0.06857789375718536,0,109598,2,2,301.7945701551891,277.493215375251,2,2,,,2,RIGHT,False,,
219196,double_dqn,688,,,1.0,1.0,0.05,0.0038334354758262634,2.1882002353668213,3.1423580646514893,1.0128819942474365,2.2099850177764893,3.420121431350708,0.05413650721311569,0.3274216651916504,0.29313772916793823,10000,10000,1.0,301.794510171825,301.794510171825,54300,True,439,219000,0.0,0.0,0,NOOP,random,35180,55005,58746,70265,15032,204164,0.06857789375718536,1,109598,2,2,301.794510171825,277.4931602219175,2,2,,,0,NOOP,False,,
219595,double_dqn,688,,,6.0,6.0,0.05,0.0024094467516988516,2.078254222869873,3.000375270843506,0.6604620814323425,2.1101784706115723,2.9702954292297363,0.05036456882953644,0.26070284843444824,0.23057647049427032,10000,10000,1.0,301.76598901356834,301.76598901356834,54400,True,440,219500,0.0,0.0,0,NOOP,greedy,35244,55116,58886,70350,15052,204544,0.0685440536257491,0,109798,2,2,301.76598901356834,277.04356384587925,2,2,,,0,NOOP,False,,
219596,double_dqn,688,,,5.0,5.0,0.05,0.0024094467516988516,2.078254222869873,3.000375270843506,0.6604620814323425,2.1101784706115723,2.9702954292297363,0.05036456882953644,0.26070284843444824,0.23057647049427032,10000,10000,1.0,301.76594104414437,301.76594104414437,54400,True,440,219500,0.0,0.0,2,RIGHT,greedy,35244,55116,58886,70350,15052,204544,0.0685440536257491,1,109798,2,2,301.76594104414437,277.0435198063895,2,2,,,2,RIGHT,False,,
219942,double_dqn,689,8.0,414,0.0,0.0,0.05,,,,,,,,,,10000,10000,1.0,301.73724143801144,301.73724143801144,54486,False,440,219500,0.0,0.0,3,LEFT,greedy,35288,55195,58988,70471,15069,204873,0.06851351719998909,1,109971,2,2,301.73724143801144,276.6532672306578,2,2,,,3,LEFT,False,,
219995,double_dqn,689,,,9.0,9.0,0.05,0.001572508830577135,2.271007537841797,3.089536666870117,1.229026198387146,2.2851333618164062,3.1054646968841553,0.03878438100218773,0.1965407133102417,0.13717398047447205,10000,10000,1.0,301.71897539496933,301.71897539496933,54500,True,440,219500,0.0,0.0,2,RIGHT,greedy,35299,55208,59015,70474,15072,204924,0.06851033655157367,0,109998,2,2,301.71897539496933,276.57991812640284,2,2,,,2,RIGHT,False,,
219996,double_dqn,689,,,0.0,0.0,0.05,0.001572508830577135,2.271007537841797,3.089536666870117,1.229026198387146,2.2851333618164062,3.1054646968841553,0.03878438100218773,0.1965407133102417,0.13717398047447205,10000,10000,1.0,301.71891971038133,301.71891971038133,54500,True,440,219500,0.0,0.0,1,FIRE,greedy,35299,55208,59015,70474,15072,204924,0.06851033655157367,1,109998,2,2,301.71891971038133,276.57986708142374,2,2,,,1,FIRE,False,,
220195,double_dqn,690,14.0,558,0.0,0.0,0.05,,,,,,,,,,10000,10000,1.0,301.6809257286053,301.6809257286053,54550,True,441,220000,0.0,0.0,3,LEFT,greedy,35307,55265,59119,70505,15080,205116,0.0684844411342622,0,110098,2,2,301.6809257286053,276.3358727484108,2,2,,,3,LEFT,False,,
220395,double_dqn,690,,,1.0,1.0,0.05,0.002759586786851287,2.1395163536071777,3.5050158500671387,0.46846798062324524,2.107635021209717,3.3120336532592773,0.06186763569712639,0.16668009757995605,0.6588457822799683,10000,10000,1.0,301.67758241455425,301.67758241455425,54600,True,441,220000,0.0,0.0,1,FIRE,random,35362,55336,59155,70543,15091,205305,0.06847220457721556,0,110198,2,2,301.67758241455425,276.1243415638314,2,2,,,1,FIRE,False,,
220396,double_dqn,690,,,4.0,4.0,0.05,0.002759586786851287,2.1395163536071777,3.5050158500671387,0.46846798062324524,2.107635021209717,3.3120336532592773,0.06186763569712639,0.16668009757995605,0.6588457822799683,10000,10000,1.0,301.6774879249635,301.6774879249635,54600,True,441,220000,0.0,0.0,1,FIRE,greedy,35362,55336,59155,70543,15091,205305,0.06847220457721556,1,110198,2,2,301.6774879249635,276.12425507786907,2,2,,,1,FIRE,False,,
220589,double_dqn,691,2.0,197,0.0,0.0,0.05,,,,,,,,,,10000,10000,1.0,301.6637334260738,301.6637334260738,54648,False,442,220500,0.0,0.0,1,FIRE,greedy,35410,55398,59200,70582,15102,205488,0.06846185230518156,0,110295,2,2,301.6637334260738,275.91012089086,2,2,,,1,FIRE,False,,
220795,double_dqn,691,,,2.0,2.0,0.05,0.0037156976759433746,2.227044105529785,3.2402656078338623,0.7569836974143982,2.232515335083008,3.1851017475128174,0.052191004157066345,0.3456946611404419,0.31198251247406006,10000,10000,1.0,301.662270715307,301.662270715307,54700,True,442,220500,1.0,1.0,2,RIGHT,greedy,35432,55483,59266,70615,15116,205680,0.06846138517002119,0,110398,2,2,301.662270715307,275.6954813274319,2,2,,,2,RIGHT,False,,
220796,double_dqn,691,,,12.0,9.0,0.05,0.0037156976759433746,2.227044105529785,3.2402656078338623,0.7569836974143982,2.232515335083008,3.1851017475128174,0.052191004157066345,0.3456946611404419,0.31198251247406006,10000,10000,1.0,301.66222333047955,301.66222333047955,54700,True,442,220500,0.0,0.0,3,LEFT,greedy,35432,55483,59266,70615,15116,205680,0.06846138517002119,1,110398,2,2,301.66222333047955,275.69543802144347,2,2,,,3,LEFT,False,,
221195,double_dqn,691,,,5.0,5.0,0.05,0.006627068854868412,2.286370277404785,3.1377315521240234,1.1626642942428589,2.3203115463256836,3.269129514694214,0.06711012125015259,0.49074482917785645,0.5640618205070496,10000,10000,1.0,301.72152521904945,301.72152521904945,54800,True,443,221000,0.0,0.0,3,LEFT,greedy,35585,55546,59374,70691,15134,206062,0.06841895875151449,0,110598,2,2,301.72152521904945,275.33744716142803,2,2,,,3,LEFT,False,,
221196,double_dqn,691,,,16.0,13.0,0.05,0.006627068854868412,2.286370277404785,3.1377315521240234,1.1626642942428589,2.3203115463256836,3.269129514694214,0.06711012125015259,0.49074482917785645,0.5640618205070496,10000,10000,1.0,301.7214782723427,301.7214782723427,54800,True,443,221000,0.0,0.0,2,RIGHT,greedy,35585,55546,59374,70691,15134,206062,0.06841895875151449,1,110598,2,2,301.7214782723427,275.33740431998217,2,2,,,2,RIGHT,False,,
221393,double_dqn,692,7.0,402,0.0,0.0,0.05,,,,,,,,,,10000,10000,1.0,301.73876947254655,301.73876947254655,54849,False,443,221000,0.0,0.0,0,NOOP,greedy,35624,55565,59438,70767,15140,206254,0.06838487041202562,0,110697,2,2,301.73876947254655,275.1501438646266,2,2,,,0,NOOP,False,,
221508,double_dqn,693,22.0,783,0.0,0.0,0.05,,,,,,,,,,10000,10000,1.0,301.72610547566,301.72610547566,54878,True,444,221500,0.0,0.0,2,RIGHT,random,35638,55596,59476,70798,15146,206362,0.06837676291601207,1,110754,2,2,301.72610547566,275.0219992580838,2,2,,,2,RIGHT,False,,
221595,double_dqn,693,,,2.0,2.0,0.05,0.004283567890524864,2.303243637084961,3.6278858184814453,1.0450495481491089,2.319547176361084,3.2679476737976074,0.05613674968481064,0.39331865310668945,0.20847375690937042,10000,10000,1.0,301.7254116897764,301.7254116897764,54900,True,444,221500,0.0,0.0,0,NOOP,greedy,35649,55630,59503,70814,15149,206447,0.06836314734923013,0,110798,2,2,301.7254116897764,274.93151225701376,2,2,,,0,NOOP,False,,
221596,double_dqn,693,,,1.0,1.0,0.05,0.004283567890524864,2.303243637084961,3.6278858184814453,1.0450495481491089,2.319547176361084,3.2679476737976074,0.05613674968481064,0.39331865310668945,0.20847375690937042,10000,10000,1.0,301.72536414777386,301.72536414777386,54900,True,444,221500,0.0,0.0,2,RIGHT,greedy,35649,55630,59503,70814,15149,206447,0.06836314734923013,1,110798,2,2,301.72536414777386,274.9314689368486,2,2,,,2,RIGHT,False,,
221995,double_dqn,693,,,6.0,6.0,0.05,0.0012933320831507444,2.0422043800354004,2.9924590587615967,0.2907857596874237,2.0463480949401855,2.951469659805298,0.03764898702502251,0.18034934997558594,0.1794038563966751,10000,10000,1.0,301.7631573122452,301.7631573122452,55000,True,444,221500,0.0,0.0,3,LEFT,greedy,35765,55749,59572,70910,15168,206828,0.0683255554154129,0,110998,2,2,301.7631573122452,274.5590587834404,2,2,,,3,LEFT,False,,
221996,double_dqn,693,,,5.0,5.0,0.05,0.0012933320831507444,2.0422043800354004,2.9924590587615967,0.2907857596874237,2.0463480949401855,2.951469659805298,0.03764898702502251,0.18034934997558594,0.1794038563966751,10000,10000,1.0,301.76310939185123,301.76310939185123,55000,True,444,221500,0.0,0.0,3,LEFT,greedy,35765,55749,59572,70910,15168,206828,0.0683255554154129,1,110998,2,2,301.76310939185123,274.5590151830937,2,2,,,3,LEFT,False,,
222358,double_dqn,694,11.0,425,0.0,0.0,0.05,,,,,,,,,,10000,10000,1.0,301.78562460801845,301.78562460801845,55090,False,445,222000,0.0,0.0,0,NOOP,greedy,35867,55836,59617,71038,15182,207176,0.0682772825803434,1,111179,2,2,301.78562460801845,274.2135696750101,2,2,,,0,NOOP,False,,
222395,double_dqn,694,,,11.0,11.0,0.05,0.0019562863744795322,2.1550559997558594,3.193753957748413,1.0049245357513428,2.150524377822876,3.238905906677246,0.048180099576711655,0.2063915729522705,0.24135428667068481,10000,10000,1.0,301.7796550526467,301.7796550526467,55100,True,445,222000,0.0,0.0,0,NOOP,greedy,35882,55840,59626,71048,15184,207212,0.06827460925556215,0,111198,2,2,301.7796550526467,274.16985916651043,2,2,,,0,NOOP,False,,
222396,double_dqn,694,,,0.0,0.0,0.05,0.0019562863744795322,2.1550559997558594,3.193753957748413,1.0049245357513428,2.150524377822876,3.238905906677246,0.048180099576711655,0.2063915729522705,0.24135428667068481,10000,10000,1.0,301.77960423284964,301.77960423284964,55100,True,445,222000,0.0,0.0,3,LEFT,greedy,35882,55840,59626,71048,15184,207212,0.06827460925556215,1,111198,2,2,301.77960423284964,274.1698129962124,2,2,,,3,LEFT,False,,
222511,double_dqn,695,15.0,559,0.0,0.0,0.05,,,,,,,,,,10000,10000,1.0,301.7556701889333,301.7556701889333,55129,True,446,222500,0.0,0.0,0,NOOP,greedy,35913,55869,59655,71075,15188,207324,0.06825699288128281,0,111256,2,2,301.7556701889333,274.03135074555934,2,2,,,0,NOOP,False,,
222795,double_dqn,695,,,3.0,3.0,0.05,0.0042899735271930695,2.1183042526245117,3.1178812980651855,0.09521070122718811,2.1303586959838867,3.1657145023345947,0.04969611391425133,0.44743824005126953,0.3732795715332031,10000,10000,1.0,301.7433169268914,301.7433169268914,55200,True,446,222500,0.0,0.0,3,LEFT,greedy,35968,55969,59716,71143,15209,207587,0.06826424172785867,0,111398,2,2,301.7433169268914,273.7353172662127,2,2,,,3,LEFT,False,,
222796,double_dqn,695,,,3.0,3.0,0.05,0.0042899735271930695,2.1183042526245117,3.1178812980651855,0.09521070122718811,2.1303586959838867,3.1657145023345947,0.04969611391425133,0.44743824005126953,0.3732795715332031,10000,10000,1.0,301.7432688058365,301.7432688058365,55200,True,446,222500,0.0,0.0,3,LEFT,greedy,35968,55969,59716,71143,15209,207587,0.06826424172785867,1,111398,2,2,301.7432688058365,273.7352736117836,2,2,,,3,LEFT,False,,
223064,double_dqn,696,6.0,353,0.0,0.0,0.05,,,,,,,,,,10000,10000,1.0,301.71814945270677,301.71814945270677,55267,True,447,223000,0.0,0.0,1,FIRE,greedy,36025,56042,59767,71230,15219,207845,0.06822705591220457,1,111532,2,2,301.71814945270677,273.4449444578373,2,2,,,1,FIRE,False,,
223195,double_dqn,696,,,6.0,6.0,0.05,0.0013364809565246105,2.125281810760498,3.072868585586548,0.7466839551925659,2.175719738006592,3.114441394805908,0.04288310557603836,0.11470180749893188,0.35290268063545227,10000,10000,1.0,301.7002224001632,301.7002224001632,55300,True,447,223000,0.0,0.0,2,RIGHT,greedy,36043,56091,59803,71259,15228,207968,0.06822702915822865,0,111598,2,2,301.7002224001632,273.2973588380582,2,2,,,2,RIGHT,False,,
223196,double_dqn,696,,,1.0,1.0,0.05,0.0013364809565246105,2.125281810760498,3.072868585586548,0.7466839551925659,2.175719738006592,3.114441394805908,0.04288310557603836,0.11470180749893188,0.35290268063545227,10000,10000,1.0,301.70017496616094,301.70017496616094,55300,True,447,223000,0.0,0.0,2,RIGHT,greedy,36043,56091,59803,71259,15228,207968,0.06822702915822865,1,111598,2,2,301.70017496616094,273.29731586961935,2,2,,,2,RIGHT,False,,
223545,double_dqn,697,9.0,517,0.0,0.0,0.05,,,,,,,,,,10000,10000,1.0,301.7081948446482,301.7081948446482,55387,False,448,223500,0.0,0.0,3,LEFT,greedy,36059,56201,59893,71393,15242,208304,0.06818283485278198,0,111773,2,2,301.7081948446482,272.95768428254144,2,2,,,3,LEFT,False,,
223595,double_dqn,697,,,0.0,0.0,0.05,0.0041715167462825775,1.8336644172668457,3.297515392303467,0.264332115650177,1.8417598009109497,3.2346298694610596,0.05995797738432884,0.24482905864715576,0.23419946432113647,10000,10000,1.0,301.70513624316186,301.70513624316186,55400,True,448,223500,0.0,0.0,0,NOOP,greedy,36070,56206,59893,71427,15243,208353,0.0681720603230827,0,111798,2,2,301.70513624316186,272.90552138995605,2,2,,,0,NOOP,False,,
223596,double_dqn,697,,,5.0,5.0,0.05,0.0041715167462825775,1.8336644172668457,3.297515392303467,0.264332115650177,1.8417598009109497,3.2346298694610596,0.05995797738432884,0.24482905864715576,0.23419946432113647,10000,10000,1.0,301.7050890348667,301.7050890348667,55400,True,448,223500,0.0,0.0,3,LEFT,greedy,36070,56206,59893,71427,15243,208353,0.0681720603230827,1,111798,2,2,301.7050890348667,272.9054786879837,2,2,,,3,LEFT,False,,
223906,double_dqn,698,8.0,421,0.0,0.0,0.05,,,,,,,,,,10000,10000,1.0,301.7122259403352,301.7122259403352,55477,False,448,223500,0.0,0.0,3,LEFT,greedy,36118,56261,59949,71578,15254,208652,0.0681268032120622,1,111953,2,2,301.7122259403352,272.6065632874788,2,2,,,3,LEFT,False,,
223995,double_dqn,698,,,4.0,4.0,0.05,0.0009505091002210975,2.131037712097168,3.1688292026519775,0.2637110650539398,2.142164468765259,3.1831185817718506,0.03457409888505936,0.09970355033874512,0.25167790055274963,10000,10000,1.0,301.7082841007341,301.7082841007341,55500,True,448,223500,0.0,0.0,2,RIGHT,greedy,36142,56286,59977,71591,15258,208738,0.06811728780871087,0,111998,2,2,301.7082841007341,272.514632751976,2,2,,,2,RIGHT,False,,
223996,double_dqn,698,,,1.0,1.0,0.05,0.0009505091002210975,2.131037712097168,3.1688292026519775,0.2637110650539398,2.142164468765259,3.1831185817718506,0.03457409888505936,0.09970355033874512,0.25167790055274963,10000,10000,1.0,301.7082371170738,301.7082371170738,55500,True,448,223500,0.0,0.0,2,RIGHT,greedy,36142,56286,59977,71591,15258,208738,0.06811728780871087,1,111998,2,2,301.7082371170738,272.51459031451043,2,2,,,2,RIGHT,False,,
224133,double_dqn,699,8.0,294,0.0,0.0,0.05,,,,,,,,,,10000,10000,1.0,301.70551411796424,301.70551411796424,55534,False,449,224000,0.0,0.0,2,RIGHT,greedy,36149,56309,60016,71660,15262,208872,0.06809319424986839,0,112067,2,2,301.70551411796424,272.3768818426692,2,2,,,2,RIGHT,False,,
224395,double_dqn,699,,,2.0,2.0,0.05,0.006040969863533974,2.0833563804626465,3.031642198562622,0.4709020256996155,2.086360454559326,3.0460116863250732,0.07984977960586548,0.3394509553909302,0.4589759409427643,10000,10000,1.0,301.68830302426005,301.68830302426005,55600,True,449,224000,0.0,0.0,0,NOOP,greedy,36175,56390,60065,71766,15281,209115,0.06809836182463146,0,112198,2,2,301.68830302426005,272.1054071088775,2,2,,,0,NOOP,False,,
224396,double_dqn,699,,,6.0,6.0,0.05,0.006040969863533974,2.0833563804626465,3.031642198562622,0.4709020256996155,2.086360454559326,3.0460116863250732,0.07984977960586548,0.3394509553909302,0.4589759409427643,10000,10000,1.0,301.6882562709619,301.6882562709619,55600,True,449,224000,0.0,0.0,3,LEFT,greedy,36175,56390,60065,71766,15281,209115,0.06809836182463146,1,112198,2,2,301.6882562709619,272.1053649401057,2,2,,,3,LEFT,False,,
224795,double_dqn,699,,,7.0,7.0,0.05,0.003432810539379716,1.983006477355957,3.11207914352417,0.6296041011810303,2.0270028114318848,3.1205697059631348,0.05585240572690964,0.29646432399749756,0.44582757353782654,10000,10000,1.0,301.676081448482,301.676081448482,55700,True,450,224500,0.0,0.0,1,FIRE,greedy,36314,56489,60136,71857,15299,209497,0.0680572608053524,0,112398,2,2,301.676081448482,271.70572937150615,2,2,,,1,FIRE,False,,
224796,double_dqn,699,,,12.0,9.0,0.05,0.003432810539379716,1.983006477355957,3.11207914352417,0.6296041011810303,2.0270028114318848,3.1205697059631348,0.05585240572690964,0.29646432399749756,0.44582757353782654,10000,10000,1.0,301.6760306920998,301.6760306920998,55700,True,450,224500,0.0,0.0,1,FIRE,greedy,36314,56489,60136,71857,15299,209497,0.0680572608053524,1,112398,2,2,301.6760306920998,271.70568365757424,2,2,,,1,FIRE,False,,
224932,double_dqn,700,14.0,513,0.0,0.0,0.05,,,,,,,,,,10000,10000,1.0,301.6536214154953,301.6536214154953,55734,True,450,224500,0.0,0.0,3,LEFT,greedy,36334,56512,60165,71921,15306,209626,0.0680472320523536,1,112466,2,2,301.6536214154953,271.553934829468,2,2,,,3,LEFT,False,,
225195,double_dqn,700,,,12.0,12.0,0.05,0.0034626461565494537,1.9919748306274414,3.0389060974121094,0.262479692697525,1.9773679971694946,2.997607946395874,0.05444730818271637,0.3452287018299103,0.29473876953125,10000,10000,1.0,301.6591066538889,301.6591066538889,55800,True,451,225000,0.0,0.0,2,RIGHT,greedy,36388,56560,60240,72008,15311,209885,0.06798966233858506,0,112598,2,2,301.6591066538889,271.3042915988896,2,2,,,2,RIGHT,False,,
225196,double_dqn,700,,,2.0,2.0,0.05,0.0034626461565494537,1.9919748306274414,3.0389060974121094,0.262479692697525,1.9773679971694946,2.997607946395874,0.05444730818271637,0.3452287018299103,0.29473876953125,10000,10000,1.0,301.65905766443933,301.65905766443933,55800,True,451,225000,0.0,0.0,0,NOOP,greedy,36388,56560,60240,72008,15311,209885,0.06798966233858506,1,112598,2,2,301.65905766443933,271.30424753906306,2,2,,,0,NOOP,False,,
225571,double_dqn,701,23.0,719,0.0,0.0,0.05,,,,,,,,,,10000,10000,1.0,301.64982390442924,301.64982390442924,55894,True,452,225500,0.0,0.0,3,LEFT,greedy,36456,56598,60305,72213,15335,210237,0.06798272835280975,0,112786,2,2,301.64982390442924,270.9352167591896,2,2,,,3,LEFT,False,,
225595,double_dqn,701,,,0.0,0.0,0.05,0.002362806349992752,2.173301935195923,3.394737720489502,0.7941558957099915,2.1613454818725586,3.231987714767456,0.05337028577923775,0.19278311729431152,0.42262381315231323,10000,10000,1.0,301.6479120349636,301.6479120349636,55900,True,452,225500,0.0,0.0,2,RIGHT,greedy,36468,56600,60313,72215,15337,210259,0.06798436142484796,0,112798,2,2,301.6479120349636,270.91054796108017,2,2,,,2,RIGHT,False,,
225596,double_dqn,701,,,7.0,7.0,0.05,0.002362806349992752,2.173301935195923,3.394737720489502,0.7941558957099915,2.1613454818725586,3.231987714767456,0.05337028577923775,0.19278311729431152,0.42262381315231323,10000,10000,1.0,301.64786277063973,301.64786277063973,55900,True,452,225500,0.0,0.0,0,NOOP,greedy,36468,56600,60313,72215,15337,210259,0.06798436142484796,1,112798,2,2,301.64786277063973,270.91050371669974,2,2,,,0,NOOP,False,,
225918,double_dqn,702,10.0,493,0.0,0.0,0.05,,,,,,,,,,10000,10000,1.0,301.65239611791094,301.65239611791094,55980,False,452,225500,0.0,0.0,3,LEFT,greedy,36560,56674,60369,72315,15351,210567,0.06794943298010783,1,112959,2,2,301.65239611791094,270.607482751339,2,2,,,3,LEFT,False,,
225995,double_dqn,702,,,5.0,5.0,0.05,0.001070220721885562,2.1120035648345947,2.9726696014404297,0.9970129728317261,2.138676166534424,2.9762539863586426,0.034460198134183884,0.1077885627746582,0.07323075085878372,10000,10000,1.0,301.6582366301088,301.6582366301088,56000,True,452,225500,0.0,0.0,2,RIGHT,greedy,36565,56704,60399,72328,15359,210637,0.06796137984743093,0,112998,2,2,301.6582366301088,270.53856807143904,2,2,,,2,RIGHT,False,,
225996,double_dqn,702,,,0.0,0.0,0.05,0.001070220721885562,2.1120035648345947,2.9726696014404297,0.9970129728317261,2.138676166534424,2.9762539863586426,0.034460198134183884,0.1077885627746582,0.07323075085878372,10000,10000,1.0,301.6581917076009,301.6581917076009,56000,True,452,225500,0.0,0.0,1,FIRE,greedy,36565,56704,60399,72328,15359,210637,0.06796137984743093,1,112998,2,2,301.6581917076009,270.5385277832271,2,2,,,1,FIRE,False,,
226395,double_dqn,702,,,9.0,9.0,0.05,0.005193420685827732,2.193587064743042,3.0839591026306152,1.4679704904556274,2.169126033782959,3.007267951965332,0.07648321986198425,0.28096747398376465,0.5149154663085938,10000,10000,1.0,301.683671926763,301.683671926763,56100,True,453,226000,0.0,0.0,0,NOOP,random,36621,56775,60515,72485,15382,211014,0.06794289651760632,0,113198,2,2,301.683671926763,270.1825081075803,2,2,,,0,NOOP,False,,
226396,double_dqn,702,,,4.0,4.0,0.05,0.005193420685827732,2.193587064743042,3.0839591026306152,1.4679704904556274,2.169126033782959,3.007267951965332,0.07648321986198425,0.28096747398376465,0.5149154663085938,10000,10000,1.0,301.6836252666909,301.6836252666909,56100,True,453,226000,0.0,0.0,1,FIRE,greedy,36621,56775,60515,72485,15382,211014,0.06794289651760632,1,113198,2,2,301.6836252666909,270.18246631965314,2,2,,,1,FIRE,False,,
226624,double_dqn,703,6.0,353,0.0,0.0,0.05,,,,,,,,,,10000,10000,1.0,301.7034907613801,301.7034907613801,56157,True,454,226500,0.0,0.0,1,FIRE,greedy,36650,56850,60562,72562,15395,211229,0.06793190482914431,1,113312,2,2,301.7034907613801,269.98535779278416,2,2,,,1,FIRE,False,,
226723,double_dqn,704,12.0,576,0.0,0.0,0.05,,,,,,,,,,10000,10000,1.0,301.7038686938872,301.7038686938872,56182,True,454,226500,0.0,0.0,3,LEFT,greedy,36652,56871,60624,72577,15405,211319,0.0679460489405621,0,113362,2,2,301.7038686938872,269.89168557555354,2,2,,,3,LEFT,False,,
226795,double_dqn,704,,,0.0,0.0,0.05,0.003966143354773521,1.9501581192016602,2.9747121334075928,0.6086851954460144,2.002835750579834,2.9850921630859375,0.05589582771062851,0.40760278701782227,0.4062919020652771,10000,10000,1.0,301.7016196440003,301.7016196440003,56200,True,454,226500,0.0,0.0,3,LEFT,greedy,36664,56878,60645,72609,15410,211386,0.06794652463006402,0,113398,2,2,301.7016196440003,269.8220784913589,2,2,,,3,LEFT,False,,
226796,double_dqn,704,,,1.0,1.0,0.05,0.003966143354773521,1.9501581192016602,2.9747121334075928,0.6086851954460144,2.002835750579834,2.9850921630859375,0.05589582771062851,0.40760278701782227,0.4062919020652771,10000,10000,1.0,301.70157549468433,301.70157549468433,56200,True,454,226500,0.0,0.0,3,LEFT,greedy,36664,56878,60645,72609,15410,211386,0.06794652463006402,1,113398,2,2,301.70157549468433,269.8220390071155,2,2,,,3,LEFT,False,,
227195,double_dqn,704,,,8.0,5.0,0.05,0.002730717882514,2.1616320610046387,3.003330707550049,0.2650788128376007,2.2335546016693115,3.0486929416656494,0.05857161059975624,0.2284717559814453,0.641181468963623,10000,10000,1.0,301.6644343226662,301.6644343226662,56300,True,455,227000,0.0,0.0,1,FIRE,greedy,36758,56971,60750,72717,15425,211771,0.06789292065001144,0,113598,2,2,301.6644343226662,269.41473324779264,2,2,,,1,FIRE,False,,
227196,double_dqn,704,,,5.0,5.0,0.05,0.002730717882514,2.1616320610046387,3.003330707550049,0.2650788128376007,2.2335546016693115,3.0486929416656494,0.05857161059975624,0.2284717559814453,0.641181468963623,10000,10000,1.0,301.66438667417003,301.66438667417003,56300,True,455,227000,0.0,0.0,0,NOOP,greedy,36758,56971,60750,72717,15425,211771,0.06789292065001144,1,113598,2,2,301.66438667417003,269.4146906932008,2,2,,,0,NOOP,False,,
227578,double_dqn,705,9.0,477,0.0,0.0,0.05,,,,,,,,,,10000,10000,1.0,301.6119936911306,301.6119936911306,56395,False,456,227500,0.0,0.0,3,LEFT,greedy,36818,57068,60852,72840,15445,212133,0.06786684125882116,1,113789,2,2,301.6119936911306,269.0128952493381,2,2,,,3,LEFT,False,,
227595,double_dqn,705,,,12.0,9.0,0.05,0.0017294862773269415,2.0208311080932617,2.7350077629089355,0.5923513174057007,2.050910711288452,2.7360472679138184,0.04663093015551567,0.1421058177947998,0.1667771339416504,10000,10000,1.0,301.60644469298074,301.60644469298074,56400,True,456,227500,0.0,0.0,0,NOOP,random,36821,57073,60856,72846,15448,212148,0.06787465509059913,0,113798,2,2,301.60644469298074,268.9912708327206,2,2,,,0,NOOP,False,,
227596,double_dqn,705,,,0.0,0.0,0.05,0.0017294862773269415,2.0208311080932617,2.7350077629089355,0.5923513174057007,2.050910711288452,2.7360472679138184,0.04663093015551567,0.1421058177947998,0.1667771339416504,10000,10000,1.0,301.6063990657375,301.6063990657375,56400,True,456,227500,0.0,0.0,0,NOOP,greedy,36821,57073,60856,72846,15448,212148,0.06787465509059913,1,113798,2,2,301.6063990657375,268.9912301395247,2,2,,,0,NOOP,False,,
227705,double_dqn,706,13.0,491,0.0,0.0,0.05,,,,,,,,,,10000,10000,1.0,301.6002803987765,301.6002803987765,56427,False,456,227500,0.0,0.0,2,RIGHT,greedy,36845,57088,60890,72883,15454,212252,0.06786821603295477,0,113853,2,2,301.6002803987765,268.8839735348527,2,2,,,2,RIGHT,False,,
227995,double_dqn,706,,,2.0,2.0,0.05,0.000976061332039535,1.9224228858947754,3.2010509967803955,0.34040796756744385,1.9456979036331177,3.1981236934661865,0.03649378940463066,0.10601106286048889,0.09795814007520676,10000,10000,1.0,301.5604715635258,301.5604715635258,56500,True,456,227500,0.0,0.0,3,LEFT,greedy,36896,57156,60957,72987,15471,212525,0.06785645362199337,0,113998,2,2,301.5604715635258,268.5809762594051,2,2,,,3,LEFT,False,,
227996,double_dqn,706,,,4.0,4.0,0.05,0.000976061332039535,1.9224228858947754,3.2010509967803955,0.34040796756744385,1.9456979036331177,3.1981236934661865,0.03649378940463066,0.10601106286048889,0.09795814007520676,10000,10000,1.0,301.56042687435473,301.56042687435473,56500,True,456,227500,0.0,0.0,2,RIGHT,greedy,36896,57156,60957,72987,15471,212525,0.06785645362199337,1,113998,2,2,301.56042687435473,268.5809364575666,2,2,,,2,RIGHT,False,,
228395,double_dqn,706,,,6.0,6.0,0.05,0.0025423693004995584,2.0317187309265137,3.0910115242004395,0.9787389636039734,2.057678699493408,3.1583216190338135,0.05256655067205429,0.20797646045684814,0.2297457754611969,10000,10000,1.0,301.4941313328589,301.4941313328589,56600,True,457,228000,0.0,0.0,2,RIGHT,greedy,37026,57227,61033,73110,15493,212903,0.06783393754706737,0,114198,2,2,301.4941313328589,268.1549799834093,2,2,,,2,RIGHT,False,,
228396,double_dqn,706,,,9.0,9.0,0.05,0.0025423693004995584,2.0317187309265137,3.0910115242004395,0.9787389636039734,2.057678699493408,3.1583216190338135,0.05256655067205429,0.20797646045684814,0.2297457754611969,10000,10000,1.0,301.4940868732234,301.4940868732234,56600,True,457,228000,0.0,0.0,3,LEFT,greedy,37026,57227,61033,73110,15493,212903,0.06783393754706737,1,114198,2,2,301.4940868732234,268.15494044011,2,2,,,3,LEFT,False,,
228485,double_dqn,707,10.0,390,0.0,0.0,0.05,,,,,,,,,,10000,10000,1.0,301.48879977705695,301.48879977705695,56622,False,457,228000,0.0,0.0,2,RIGHT,greedy,37038,57240,61068,73140,15499,212987,0.06783347776231366,0,114243,2,2,301.48879977705695,268.0679992600775,2,2,,,2,RIGHT,False,,
228776,double_dqn,708,13.0,599,0.0,0.0,0.05,,,,,,,,,,10000,10000,1.0,301.500882942355,301.500882942355,56695,True,458,228500,0.0,0.0,2,RIGHT,greedy,37102,57298,61162,73214,15519,213257,0.067834912753086,1,114388,2,2,301.500882942355,267.8145228770121,2,2,,,2,RIGHT,False,,
228795,double_dqn,708,,,2.0,2.0,0.05,0.002424104604870081,2.1202311515808105,3.054989814758301,0.8171917200088501,2.112631320953369,2.9252405166625977,0.05460774526000023,0.18453431129455566,0.30301105976104736,10000,10000,1.0,301.49816172565414,301.49816172565414,56700,True,458,228500,0.0,0.0,2,RIGHT,greedy,37103,57309,61166,73218,15519,213277,0.06782898302417874,0,114398,2,2,301.49816172565414,267.793927645978,2,2,,,2,RIGHT,False,,
228796,double_dqn,708,,,0.0,0.0,0.05,0.002424104604870081,2.1202311515808105,3.054989814758301,0.8171917200088501,2.112631320953369,2.9252405166625977,0.05460774526000023,0.18453431129455566,0.30301105976104736,10000,10000,1.0,301.49811747340726,301.49811747340726,56700,True,458,228500,0.0,0.0,2,RIGHT,greedy,37103,57309,61166,73218,15519,213277,0.06782898302417874,1,114398,2,2,301.49811747340726,267.7938883406538,2,2,,,2,RIGHT,False,,
229195,double_dqn,708,,,7.0,7.0,0.05,0.0023114390205591917,2.0296177864074707,2.9704456329345703,0.18821117281913757,2.0352463722229004,2.8763411045074463,0.04872036352753639,0.19088856875896454,0.2180202752351761,10000,10000,1.0,301.53454262987674,301.53454262987674,56800,True,459,229000,1.0,1.0,0,NOOP,greedy,37151,57392,61300,73353,15538,213658,0.06779350424963787,0,114598,2,2,301.53454262987674,267.4638186654278,2,2,,,0,NOOP,False,,
229196,double_dqn,708,,,4.0,4.0,0.05,0.0023114390205591917,2.0296177864074707,2.9704456329345703,0.18821117281913757,2.0352463722229004,2.8763411045074463,0.04872036352753639,0.19088856875896454,0.2180202752351761,10000,10000,1.0,301.53449582984405,301.53449582984405,56800,True,459,229000,0.0,0.0,1,FIRE,random,37151,57392,61300,73353,15538,213658,0.06779350424963787,1,114598,2,2,301.53449582984405,267.463777153383,2,2,,,1,FIRE,False,,
229275,double_dqn,709,8.0,395,0.0,0.0,0.05,,,,,,,,,,10000,10000,1.0,301.538242778547,301.538242778547,56820,True,459,229000,0.0,0.0,3,LEFT,greedy,37172,57398,61327,73379,15543,213733,0.06779165721662973,0,114638,2,2,301.538242778547,267.3948843996339,2,2,,,3,LEFT,False,,
229595,double_dqn,709,,,3.0,3.0,0.05,0.0026695062406361103,2.202883005142212,2.848644733428955,0.6734340786933899,2.200777292251587,2.9160726070404053,0.05272707715630531,0.249851256608963,0.26271384954452515,10000,10000,1.0,301.5142500201307,301.5142500201307,56900,True,460,229500,0.0,0.0,0,NOOP,greedy,37232,57458,61418,73488,15554,214042,0.06774508266694541,0,114798,2,2,301.5142500201307,267.08565753426774,2,2,,,0,NOOP,False,,
229596,double_dqn,709,,,8.0,8.0,0.05,0.0026695062406361103,2.202883005142212,2.848644733428955,0.6734340786933899,2.200777292251587,2.9160726070404053,0.05272707715630531,0.249851256608963,0.26271384954452515,10000,10000,1.0,301.5141939707357,301.5141939707357,56900,True,460,229500,0.0,0.0,1,FIRE,greedy,37232,57458,61418,73488,15554,214042,0.06774508266694541,1,114798,2,2,301.5141939707357,267.08560788490786,2,2,,,1,FIRE,False,,
229788,double_dqn,710,10.0,506,0.0,0.0,0.05,,,,,,,,,,10000,10000,1.0,301.4077470513053,301.4077470513053,56948,True,460,229500,0.0,0.0,3,LEFT,greedy,37270,57487,61482,73549,15564,214224,0.06773199644890072,1,114894,2,2,301.4077470513053,266.8192875282204,2,2,,,3,LEFT,False,,
229995,double_dqn,710,,,9.0,9.0,0.05,0.002918225945904851,2.104797601699829,2.9074742794036865,0.4708588719367981,2.1357314586639404,2.938861846923828,0.04634750634431839,0.3399198055267334,0.2465137392282486,10000,10000,1.0,301.3042637042677,301.3042637042677,57000,True,460,229500,0.0,0.0,3,LEFT,greedy,37333,57528,61533,73602,15579,214417,0.06773596062540219,0,114998,2,2,301.3042637042677,266.5419529636556,2,2,,,3,LEFT,False,,
229996,double_dqn,710,,,2.0,2.0,0.05,0.002918225945904851,2.104797601699829,2.9074742794036865,0.4708588719367981,2.1357314586639404,2.938861846923828,0.04634750634431839,0.3399198055267334,0.2465137392282486,10000,10000,1.0,301.30421467921906,301.30421467921906,57000,True,460,229500,0.0,0.0,1,FIRE,greedy,37333,57528,61533,73602,15579,214417,0.06773596062540219,1,114998,2,2,301.30421467921906,266.5419095947632,2,2,,,1,FIRE,False,,
230395,double_dqn,710,,,14.0,14.0,0.05,0.0013797422870993614,2.28143310546875,2.946612596511841,1.1243298053741455,2.281290054321289,2.93796968460083,0.03984468802809715,0.1765075922012329,0.22151243686676025,10000,10000,1.0,301.1219910086688,301.1219910086688,57100,True,461,230000,0.0,0.0,3,LEFT,greedy,37474,57562,61651,73709,15597,214799,0.06769648778624629,0,115198,2,2,301.1219910086688,266.0254234809091,2,2,,,3,LEFT,False,,
230396,double_dqn,710,,,9.0,6.0,0.05,0.0013797422870993614,2.28143310546875,2.946612596511841,1.1243298053741455,2.281290054321289,2.93796968460083,0.03984468802809715,0.1765075922012329,0.22151243686676025,10000,10000,1.0,301.1219024871848,301.1219024871848,57100,True,461,230000,0.0,0.0,2,RIGHT,greedy,37474,57562,61651,73709,15597,214799,0.06769648778624629,1,115198,2,2,301.1219024871848,266.0253452768391,2,2,,,2,RIGHT,False,,
230544,double_dqn,711,10.0,378,0.0,0.0,0.05,,,,,,,,,,10000,10000,1.0,301.028791305797,301.028791305797,57137,True,462,230500,0.0,0.0,2,RIGHT,greedy,37519,57571,61689,73765,15607,214937,0.06769640502463738,1,115272,2,2,301.028791305797,265.81222293940607,2,2,,,2,RIGHT,False,,
230595,double_dqn,712,22.0,660,0.0,0.0,0.05,,,,,,,,,,10000,10000,1.0,300.98344654121104,300.98344654121104,57150,True,462,230500,0.0,0.0,3,LEFT,greedy,37538,57576,61697,73785,15611,214985,0.06769848566323787,0,115298,2,2,300.98344654121104,265.72628119780506,2,2,,,3,LEFT,False,,
230795,double_dqn,712,,,2.0,2.0,0.05,0.0016600238159298897,2.180067539215088,3.0590407848358154,1.2187751531600952,2.1934900283813477,3.0404622554779053,0.041662395000457764,0.156510591506958,0.15871767699718475,10000,10000,1.0,300.89293666615976,300.89293666615976,57200,True,462,230500,0.0,0.0,3,LEFT,greedy,37585,57640,61731,73840,15618,215178,0.06767015026256955,0,115398,2,2,300.89293666615976,265.4702216077059,2,2,,,3,LEFT,False,,
230796,double_dqn,712,,,2.0,2.0,0.05,0.0016600238159298897,2.180067539215088,3.0590407848358154,1.2187751531600952,2.1934900283813477,3.0404622554779053,0.041662395000457764,0.156510591506958,0.15871767699718475,10000,10000,1.0,300.8928888352531,300.8928888352531,57200,True,462,230500,0.0,0.0,3,LEFT,greedy,37585,57640,61731,73840,15618,215178,0.06767015026256955,1,115398,2,2,300.8928888352531,265.4701794077077,2,2,,,3,LEFT,False,,
231195,double_dqn,712,,,6.0,6.0,0.05,0.0022098906338214874,2.2070465087890625,3.0625693798065186,1.2381155490875244,2.2169077396392822,2.9139914512634277,0.05289292708039284,0.16352438926696777,0.19098849594593048,10000,10000,1.0,300.7731777149255,300.7731777149255,57300,True,463,231000,0.0,0.0,3,LEFT,greedy,37644,57769,61809,73974,15638,215558,0.0676395785394211,0,115598,2,2,300.7731777149255,265.0140080298939,2,2,,,3,LEFT,False,,
231196,double_dqn,712,,,5.0,5.0,0.05,0.0022098906338214874,2.2070465087890625,3.0625693798065186,1.2381155490875244,2.2169077396392822,2.9139914512634277,0.05289292708039284,0.16352438926696777,0.19098849594593048,10000,10000,1.0,300.7731338603619,300.7731338603619,57300,True,463,231000,0.0,0.0,1,FIRE,greedy,37644,57769,61809,73974,15638,215558,0.0676395785394211,1,115598,2,2,300.7731338603619,265.0139693892353,2,2,,,1,FIRE,False,,
231248,double_dqn,713,6.0,352,0.0,0.0,0.05,,,,,,,,,,10000,10000,1.0,300.76391812376755,300.76391812376755,57313,True,463,231000,0.0,0.0,2,RIGHT,greedy,37650,57773,61823,74002,15643,215605,0.06764599045180932,1,115624,2,2,300.76391812376755,264.96043573343974,2,2,,,2,RIGHT,False,,
231315,double_dqn,714,7.0,360,0.0,0.0,0.05,,,,,,,,,,10000,10000,1.0,300.7641196511973,300.7641196511973,57330,True,463,231000,0.0,0.0,1,FIRE,greedy,37658,57792,61843,74023,15647,215669,0.06764339691158415,0,115658,2,2,300.7641196511973,264.90128050365666,2,2,,,1,FIRE,False,,
231595,double_dqn,714,,,2.0,2.0,0.05,0.002188984304666519,1.9336167573928833,2.8210983276367188,0.49994200468063354,1.9662492275238037,2.7379567623138428,0.05399022623896599,0.1811690330505371,0.1826764941215515,10000,10000,1.0,300.71435657896956,300.71435657896956,57400,True,464,231500,0.0,0.0,2,RIGHT,greedy,37699,57897,61909,74091,15656,215940,0.06760047669217085,0,115798,2,2,300.71435657896956,264.61382612793335,2,2,,,2,RIGHT,False,,
231596,double_dqn,714,,,3.0,3.0,0.05,0.002188984304666519,1.9336167573928833,2.8210983276367188,0.49994200468063354,1.9662492275238037,2.7379567623138428,0.05399022623896599,0.1811690330505371,0.1826764941215515,10000,10000,1.0,300.7142998872349,300.7142998872349,57400,True,464,231500,0.0,0.0,2,RIGHT,greedy,37699,57897,61909,74091,15656,215940,0.06760047669217085,1,115798,2,2,300.7142998872349,264.61377624199844,2,2,,,2,RIGHT,False,,
231995,double_dqn,714,,,11.0,8.0,0.05,0.0011009240988641977,2.282351493835449,2.9156506061553955,1.241734504699707,2.289642095565796,2.938314914703369,0.035444535315036774,0.11461865901947021,0.08696691691875458,10000,10000,1.0,300.63298489516865,300.63298489516865,57500,True,464,231500,0.0,0.0,3,LEFT,greedy,37763,57972,62038,74223,15681,216315,0.0675916826152175,0,115998,2,2,300.63298489516865,264.1960739861039,2,2,,,3,LEFT,False,,
231996,double_dqn,714,,,7.0,7.0,0.05,0.0011009240988641977,2.282351493835449,2.9156506061553955,1.241734504699707,2.289642095565796,2.938314914703369,0.035444535315036774,0.11461865901947021,0.08696691691875458,10000,10000,1.0,300.6329377864572,300.6329377864572,57500,True,464,231500,0.0,0.0,2,RIGHT,greedy,37763,57972,62038,74223,15681,216315,0.0675916826152175,1,115998,2,2,300.6329377864572,264.19603258699857,2,2,,,2,RIGHT,False,,
232060,double_dqn,715,7.0,406,0.0,0.0,0.05,,,,,,,,,,10000,10000,1.0,300.6203101370692,300.6203101370692,57516,True,465,232000,0.0,0.0,2,RIGHT,greedy,37764,57976,62084,74236,15686,216374,0.06759458760665345,1,116030,2,2,300.6203101370692,264.1297484870827,2,2,,,2,RIGHT,False,,
232301,double_dqn,716,13.0,493,0.0,0.0,0.05,,,,,,,,,,10000,10000,1.0,300.6202354514853,300.6202354514853,57576,False,465,232000,0.0,0.0,1,FIRE,greedy,37783,58044,62175,74300,15696,216606,0.06756721853449389,0,116151,2,2,300.6202354514853,263.92148998447095,2,2,,,1,FIRE,False,,
232395,double_dqn,716,,,1.0,1.0,0.05,0.002186758676543832,2.109503746032715,3.097264051437378,0.484183132648468,2.1392135620117188,3.114403247833252,0.05339333787560463,0.14525270462036133,0.22482961416244507,10000,10000,1.0,300.62349436695496,300.62349436695496,57600,True,465,232000,0.0,0.0,3,LEFT,greedy,37806,58070,62193,74327,15700,216696,0.06755710081068521,0,116198,2,2,300.62349436695496,263.8436871087603,2,2,,,3,LEFT,False,,
232396,double_dqn,716,,,3.0,3.0,0.05,0.002186758676543832,2.109503746032715,3.097264051437378,0.484183132648468,2.1392135620117188,3.114403247833252,0.05339333787560463,0.14525270462036133,0.22482961416244507,10000,10000,1.0,300.6234499292807,300.6234499292807,57600,True,465,232000,0.0,0.0,0,NOOP,greedy,37806,58070,62193,74327,15700,216696,0.06755710081068521,1,116198,2,2,300.6234499292807,263.84364810781716,2,2,,,0,NOOP,False,,
232712,double_dqn,717,9.0,326,0.0,0.0,0.05,,,,,,,,,,10000,10000,1.0,300.59361245245907,300.59361245245907,57679,True,466,232500,0.0,0.0,2,RIGHT,greedy,37847,58164,62274,74427,15709,217003,0.06750403932758087,1,116356,2,2,300.59361245245907,263.5471575329912,2,2,,,2,RIGHT,False,,
232795,double_dqn,717,,,4.0,4.0,0.05,0.002321225591003895,2.0785155296325684,3.198385715484619,1.060139536857605,2.116084098815918,3.180100440979004,0.05616522207856178,0.17265105247497559,0.26312851905822754,10000,10000,1.0,300.607744782224,300.607744782224,57700,True,466,232500,0.0,0.0,1,FIRE,greedy,37873,58194,62289,74440,15717,217079,0.06751404663310366,0,116398,2,2,300.607744782224,263.4879083493578,2,2,,,1,FIRE,False,,
232796,double_dqn,717,,,1.0,1.0,0.05,0.002321225591003895,2.0785155296325684,3.198385715484619,1.060139536857605,2.116084098815918,3.180100440979004,0.05616522207856178,0.17265105247497559,0.26312851905822754,10000,10000,1.0,300.60767911597713,300.60767911597713,57700,True,466,232500,0.0,0.0,2,RIGHT,greedy,37873,58194,62289,74440,15717,217079,0.06751404663310366,1,116398,2,2,300.60767911597713,263.48785079175207,2,2,,,2,RIGHT,False,,
233195,double_dqn,717,,,8.0,8.0,0.05,0.0013217289233580232,2.255385160446167,3.0910496711730957,1.5566657781600952,2.2498886585235596,3.0825369358062744,0.03848370537161827,0.12122440338134766,0.2130482792854309,10000,10000,1.0,300.6488521202212,300.6488521202212,57800,True,467,233000,0.0,0.0,3,LEFT,greedy,38005,58264,62383,74544,15730,217466,0.06745398720389716,0,116598,2,2,300.6488521202212,263.1839909570374,2,2,,,3,LEFT,False,,
233196,double_dqn,717,,,5.0,5.0,0.05,0.0013217289233580232,2.255385160446167,3.0910496711730957,1.5566657781600952,2.2498886585235596,3.0825369358062744,0.03848370537161827,0.12122440338134766,0.2130482792854309,10000,10000,1.0,300.64880957054254,300.64880957054254,57800,True,467,233000,0.0,0.0,3,LEFT,greedy,38005,58264,62383,74544,15730,217466,0.06745398720389716,1,116598,2,2,300.64880957054254,263.1839537096168,2,2,,,3,LEFT,False,,
233213,double_dqn,718,8.0,456,0.0,0.0,0.05,,,,,,,,,,10000,10000,1.0,300.64697179540025,300.64697179540025,57804,False,467,233000,0.0,0.0,2,RIGHT,greedy,38005,58264,62386,74559,15730,217484,0.06744878094797054,0,116607,2,2,300.64697179540025,263.16709535143633,2,2,,,2,RIGHT,False,,
233595,double_dqn,718,,,3.0,3.0,0.05,0.0031913004349917173,1.9655243158340454,3.05841326713562,-0.01606132835149765,1.9751155376434326,3.066859245300293,0.056217875331640244,0.26797211170196533,0.21651329100131989,10000,10000,1.0,300.69117748335526,300.69117748335526,57900,True,468,233500,0.0,0.0,1,FIRE,fire_reset,38096,58361,62473,74666,15751,217845,0.06742838062295588,0,116798,2,2,300.69117748335526,262.8830814373254,2,2,,,2,RIGHT,True,after_life_loss,
233596,double_dqn,718,,,9.0,9.0,0.05,0.0031913004349917173,1.9655243158340454,3.05841326713562,-0.01606132835149765,1.9751155376434326,3.066859245300293,0.056217875331640244,0.26797211170196533,0.21651329100131989,10000,10000,1.0,300.6911329511729,300.6911329511729,57900,True,468,233500,0.0,0.0,2,RIGHT,greedy,38096,58361,62473,74666,15751,217845,0.06742838062295588,1,116798,2,2,300.6911329511729,262.8830425044993,2,2,,,2,RIGHT,False,,
233738,double_dqn,719,10.0,513,0.0,0.0,0.05,,,,,,,,,,10000,10000,1.0,300.7200633962722,300.7200633962722,57935,False,468,233500,0.0,0.0,3,LEFT,greedy,38115,58393,62501,74729,15761,217977,0.0674301996252214,1,116869,2,2,300.7200633962722,262.7888340565803,2,2,,,3,LEFT,False,,
233995,double_dqn,719,,,7.0,7.0,0.05,0.0012307822471484542,2.0958545207977295,3.060326099395752,0.35006892681121826,2.136383295059204,3.1276345252990723,0.03846363723278046,0.12455081939697266,0.25226256251335144,10000,10000,1.0,300.71372493697993,300.71372493697993,58000,True,468,233500,0.0,0.0,2,RIGHT,greedy,38196,58437,62567,74796,15776,218220,0.067419955896682,0,116998,2,2,300.71372493697993,262.56682580208945,2,2,,,2,RIGHT,False,,
233996,double_dqn,719,,,2.0,2.0,0.05,0.0012307822471484542,2.0958545207977295,3.060326099395752,0.35006892681121826,2.136383295059204,3.1276345252990723,0.03846363723278046,0.12455081939697266,0.25226256251335144,10000,10000,1.0,300.7136818808074,300.7136818808074,58000,True,468,233500,0.0,0.0,0,NOOP,greedy,38196,58437,62567,74796,15776,218220,0.067419955896682,1,116998,2,2,300.7136818808074,262.5667882077876,2,2,,,0,NOOP,False,,
234013,double_dqn,720,7.0,400,0.0,0.0,0.05,,,,,,,,,,10000,10000,1.0,300.7114693930452,300.7114693930452,58004,False,469,234000,0.0,0.0,3,LEFT,greedy,38200,58437,62573,74804,15776,218238,0.06741477005649235,0,117007,2,2,300.7114693930452,262.54978509164744,2,2,,,3,LEFT,False,,
234292,double_dqn,721,4.0,277,0.0,0.0,0.05,,,,,,,,,,10000,10000,1.0,300.6628871788351,300.6628871788351,58074,True,469,234000,0.0,0.0,3,LEFT,greedy,38222,58508,62681,74881,15790,218502,0.06739453331739881,1,117146,2,2,300.6628871788351,262.2751510250188,2,2,,,3,LEFT,False,,
234395,double_dqn,721,,,4.0,4.0,0.05,0.0007179500535130501,2.0898258686065674,2.834172248840332,0.5420284271240234,2.1068172454833984,2.8699278831481934,0.03390975296497345,0.06464564800262451,0.07825800031423569,10000,10000,1.0,300.64513821415875,300.64513821415875,58100,True,469,234000,0.0,0.0,3,LEFT,greedy,38228,58533,62708,74927,15793,218603,0.06737742964897012,0,117198,2,2,300.64513821415875,262.17304762361215,2,2,,,3,LEFT,False,,
234396,double_dqn,721,,,1.0,1.0,0.05,0.0007179500535130501,2.0898258686065674,2.834172248840332,0.5420284271240234,2.1068172454833984,2.8699278831481934,0.03390975296497345,0.06464564800262451,0.07825800031423569,10000,10000,1.0,300.6450922119788,300.6450922119788,58100,True,469,234000,0.0,0.0,3,LEFT,greedy,38228,58533,62708,74927,15793,218603,0.06737742964897012,1,117198,2,2,300.6450922119788,262.1730075081066,2,2,,,3,LEFT,False,,
234795,double_dqn,721,,,8.0,8.0,0.05,0.0012261082883924246,1.9049135446548462,2.7373454570770264,-0.053923431783914566,1.9316214323043823,2.7247886657714844,0.03847081586718559,0.12045609951019287,0.1392611265182495,10000,10000,1.0,300.63145847380406,300.63145847380406,58200,True,470,234500,1.0,1.0,3,LEFT,greedy,38294,58642,62820,75040,15808,218988,0.0673265302645701,0,117398,2,2,300.63145847380406,261.82922313649993,2,2,,,3,LEFT,False,,
234796,double_dqn,721,,,4.0,4.0,0.05,0.0012261082883924246,1.9049135446548462,2.7373454570770264,-0.053923431783914566,1.9316214323043823,2.7247886657714844,0.03847081586718559,0.12045609951019287,0.1392611265182495,10000,10000,1.0,300.63139330223163,300.63139330223163,58200,True,470,234500,0.0,0.0,0,NOOP,greedy,38294,58642,62820,75040,15808,218988,0.0673265302645701,1,117398,2,2,300.63139330223163,261.8291663765645,2,2,,,0,NOOP,False,,
234890,double_dqn,722,4.0,299,0.0,0.0,0.05,,,,,,,,,,10000,10000,1.0,300.61327497124194,300.61327497124194,58223,False,470,234500,0.0,0.0,2,RIGHT,greedy,38318,58655,62848,75069,15818,219072,0.06734216016007492,1,117445,2,2,300.61327497124194,261.73568151084226,2,2,,,2,RIGHT,False,,
235027,double_dqn,723,16.0,507,0.0,0.0,0.05,,,,,,,,,,10000,10000,1.0,300.5669463278954,300.5669463278954,58258,True,471,235000,0.0,0.0,2,RIGHT,greedy,38357,58695,62882,75094,15824,219204,0.06732814813554129,0,117514,2,2,300.5669463278954,261.5814803653783,2,2,,,2,RIGHT,False,,
235195,double_dqn,723,,,1.0,1.0,0.05,0.0031576580367982388,2.0847301483154297,2.890984058380127,0.7119741439819336,2.105250120162964,3.018442153930664,0.057733673602342606,0.1986076831817627,0.21557632088661194,10000,10000,1.0,300.57097874501443,300.57097874501443,58300,True,471,235000,0.0,0.0,1,FIRE,greedy,38403,58734,62919,75140,15831,219365,0.06730981819418698,0,117598,2,2,300.57097874501443,261.4466845058745,2,2,,,1,FIRE,False,,
235196,double_dqn,723,,,3.0,3.0,0.05,0.0031576580367982388,2.0847301483154297,2.890984058380127,0.7119741439819336,2.105250120162964,3.018442153930664,0.057733673602342606,0.1986076831817627,0.21557632088661194,10000,10000,1.0,300.570938383534,300.570938383534,58300,True,471,235000,0.0,0.0,1,FIRE,fire_reset,38403,58734,62919,75140,15831,219365,0.06730981819418698,1,117598,2,2,300.570938383534,261.4466493981096,2,2,,,2,RIGHT,True,after_life_loss,
235595,double_dqn,723,,,5.0,5.0,0.05,0.0012828815961256623,2.084787368774414,2.968512773513794,0.21361538767814636,2.0924670696258545,2.889446496963501,0.03883138298988342,0.14015281200408936,0.13580673933029175,10000,10000,1.0,300.5305642415059,300.5305642415059,58400,True,472,235500,0.0,0.0,3,LEFT,greedy,38477,58836,62995,75288,15858,219738,0.06731014108898284,0,117798,2,2,300.5305642415059,261.0836559081456,2,2,,,3,LEFT,False,,
235596,double_dqn,723,,,7.0,7.0,0.05,0.0012828815961256623,2.084787368774414,2.968512773513794,0.21361538767814636,2.0924670696258545,2.889446496963501,0.03883138298988342,0.14015281200408936,0.13580673933029175,10000,10000,1.0,300.5305172159369,300.5305172159369,58400,True,472,235500,0.0,0.0,3,LEFT,greedy,38477,58836,62995,75288,15858,219738,0.06731014108898284,1,117798,2,2,300.5305172159369,261.0836150550381,2,2,,,3,LEFT,False,,
235760,double_dqn,724,9.0,435,0.0,0.0,0.05,,,,,,,,,,10000,10000,1.0,300.5337474928082,300.5337474928082,58441,True,472,235500,0.0,0.0,0,NOOP,greedy,38504,58882,63025,75349,15865,219895,0.06729300984051578,1,117880,2,2,300.5337474928082,260.9525497528891,2,2,,,0,NOOP,False,,
235783,double_dqn,725,6.0,378,0.0,0.0,0.05,,,,,,,,,,10000,10000,1.0,300.52917008675496,300.52917008675496,58447,True,472,235500,0.0,0.0,0,NOOP,greedy,38505,58892,63027,75360,15867,219917,0.06729464255420214,0,117892,2,2,300.52917008675496,260.9290116646123,2,2,,,0,NOOP,False,,
235995,double_dqn,725,,,2.0,2.0,0.05,0.0018272253219038248,2.156700611114502,3.029714822769165,0.9680700898170471,2.159588575363159,2.9530346393585205,0.04327118396759033,0.19912362098693848,0.1996939480304718,10000,10000,1.0,300.54161879886726,300.54161879886726,58500,True,472,235500,0.0,0.0,1,FIRE,greedy,38545,58971,63064,75416,15880,220116,0.06728927608942524,0,117998,2,2,300.54161879886726,260.7673015017261,2,2,,,1,FIRE,False,,
235996,double_dqn,725,,,2.0,2.0,0.05,0.0018272253219038248,2.156700611114502,3.029714822769165,0.9680700898170471,2.159588575363159,2.9530346393585205,0.04327118396759033,0.19912362098693848,0.1996939480304718,10000,10000,1.0,300.54157675660565,300.54157675660565,58500,True,472,235500,0.0,0.0,0,NOOP,greedy,38545,58971,63064,75416,15880,220116,0.06728927608942524,1,117998,2,2,300.54157675660565,260.76726502342683,2,2,,,0,NOOP,False,,
236395,double_dqn,725,,,7.0,7.0,0.05,0.0030498825944960117,1.947296380996704,2.9609875679016113,-0.04684869572520256,1.9673898220062256,2.8859636783599854,0.05424351990222931,0.2443617582321167,0.2195262312889099,10000,10000,1.0,300.5785459144418,300.5785459144418,58600,True,473,236000,0.0,0.0,3,LEFT,greedy,38609,59077,63155,75555,15902,220494,0.06726848170019797,0,118198,2,2,300.5785459144418,260.47525565262316,2,2,,,3,LEFT,False,,
236396,double_dqn,725,,,6.0,6.0,0.05,0.0030498825944960117,1.947296380996704,2.9609875679016113,-0.04684869572520256,1.9673898220062256,2.8859636783599854,0.05424351990222931,0.2443617582321167,0.2195262312889099,10000,10000,1.0,300.57850239526925,300.57850239526925,58600,True,473,236000,0.0,0.0,2,RIGHT,greedy,38609,59077,63155,75555,15902,220494,0.06726848170019797,1,118198,2,2,300.57850239526925,260.47521793979325,2,2,,,2,RIGHT,False,,
236752,double_dqn,726,12.0,496,0.0,0.0,0.05,,,,,,,,,,10000,10000,1.0,300.57666606641254,300.57666606641254,58689,True,474,236500,0.0,0.0,1,FIRE,greedy,38688,59169,63225,75670,15922,220830,0.06725180779887815,1,118376,2,2,300.57666606641254,260.1867864621918,2,2,,,1,FIRE,False,,
236795,double_dqn,726,,,11.0,11.0,0.05,0.002318350598216057,2.109799385070801,2.9817488193511963,0.934704601764679,2.1157400608062744,3.0047149658203125,0.0518326535820961,0.1996040940284729,0.1753833144903183,10000,10000,1.0,300.5571300190764,300.5571300190764,58700,True,474,236500,0.0,0.0,3,LEFT,greedy,38701,59181,63236,75678,15923,220873,0.06724353451916418,0,118398,2,2,300.5571300190764,260.1345293721937,2,2,,,3,LEFT,False,,
236796,double_dqn,726,,,0.0,0.0,0.05,0.002318350598216057,2.109799385070801,2.9817488193511963,0.934704601764679,2.1157400608062744,3.0047149658203125,0.0518326535820961,0.1996040940284729,0.1753833144903183,10000,10000,1.0,300.55708154876214,300.55708154876214,58700,True,474,236500,0.0,0.0,0,NOOP,greedy,38701,59181,63236,75678,15923,220873,0.06724353451916418,1,118398,2,2,300.55708154876214,260.1344874207604,2,2,,,0,NOOP,False,,
236871,double_dqn,727,12.0,544,0.0,0.0,0.05,,,,,,,,,,10000,10000,1.0,300.53757288190667,300.53757288190667,58719,True,474,236500,0.0,0.0,2,RIGHT,greedy,38705,59195,63264,75708,15925,220947,0.06723040291803167,0,118436,2,2,300.53757288190667,260.05660750074156,2,2,,,2,RIGHT,False,,
237195,double_dqn,727,,,4.0,4.0,0.05,0.0026382601354271173,2.1137664318084717,2.9117116928100586,1.0476691722869873,2.1458466053009033,3.0053493976593018,0.0517805851995945,0.20851385593414307,0.26053085923194885,10000,10000,1.0,300.5451223576108,300.5451223576108,58800,True,475,237000,0.0,0.0,2,RIGHT,greedy,38783,59249,63336,75828,15939,221257,0.06719759186495557,0,118598,2,2,300.5451223576108,259.8038603265979,2,2,,,2,RIGHT,False,,
237196,double_dqn,727,,,5.0,5.0,0.05,0.0026382601354271173,2.1137664318084717,2.9117116928100586,1.0476691722869873,2.1458466053009033,3.0053493976593018,0.0517805851995945,0.20851385593414307,0.26053085923194885,10000,10000,1.0,300.54507317649563,300.54507317649563,58800,True,475,237000,0.0,0.0,0,NOOP,greedy,38783,59249,63336,75828,15939,221257,0.06719759186495557,1,118598,2,2,300.54507317649563,259.8038178123708,2,2,,,0,NOOP,False,,
237595,double_dqn,727,,,12.0,9.0,0.05,0.0010895199375227094,2.0214459896087646,2.952202558517456,1.1531500816345215,2.06504225730896,3.02457332611084,0.03568391501903534,0.11821770668029785,0.27532827854156494,10000,10000,1.0,300.53201146605153,300.53201146605153,58900,True,476,237500,0.0,0.0,3,LEFT,greedy,38886,59327,63422,75961,15964,221632,0.06718968332800215,0,118798,2,2,300.53201146605153,259.474126414605,2,2,,,3,LEFT,False,,
237596,double_dqn,727,,,8.0,8.0,0.05,0.0010895199375227094,2.0214459896087646,2.952202558517456,1.1531500816345215,2.06504225730896,3.02457332611084,0.03568391501903534,0.11821770668029785,0.27532827854156494,10000,10000,1.0,300.5319701778904,300.5319701778904,58900,True,476,237500,0.0,0.0,2,RIGHT,greedy,38886,59327,63422,75961,15964,221632,0.06718968332800215,1,118798,2,2,300.5319701778904,259.4740907671228,2,2,,,2,RIGHT,False,,
237828,double_dqn,728,10.0,538,0.0,0.0,0.05,,,,,,,,,,10000,10000,1.0,300.5158708098018,300.5158708098018,58958,True,476,237500,0.0,0.0,1,FIRE,greedy,38937,59384,63462,76045,15975,221853,0.06717039204803471,1,118914,2,2,300.5158708098018,259.2763753480916,2,2,,,1,FIRE,False,,
237969,double_dqn,729,18.0,549,0.0,0.0,0.05,,,,,,,,,,10000,10000,1.0,300.5047724831613,300.5047724831613,58993,False,476,237500,0.0,0.0,1,FIRE,greedy,38979,59405,63508,76078,15987,221983,0.06718073706769762,0,118985,2,2,300.5047724831613,259.1546013909469,2,2,,,1,FIRE,False,,
237995,double_dqn,729,,,0.0,0.0,0.05,0.001787696615792811,2.0308902263641357,3.067965507507324,0.27540066838264465,2.0110819339752197,2.9941964149475098,0.04652894288301468,0.18393778800964355,0.4643140137195587,10000,10000,1.0,300.50184083964507,300.50184083964507,59000,True,476,237500,0.0,0.0,2,RIGHT,greedy,38993,59411,63510,76082,15989,222007,0.06718180137481303,0,118998,2,2,300.50184083964507,259.1315549453323,2,2,,,2,RIGHT,False,,
237996,double_dqn,729,,,2.0,2.0,0.05,0.001787696615792811,2.0308902263641357,3.067965507507324,0.27540066838264465,2.0110819339752197,2.9941964149475098,0.04652894288301468,0.18393778800964355,0.4643140137195587,10000,10000,1.0,300.5017965383978,300.5017965383978,59000,True,476,237500,0.0,0.0,0,NOOP,greedy,38993,59411,63510,76082,15989,222007,0.06718180137481303,1,118998,2,2,300.5017965383978,259.1315167430669,2,2,,,0,NOOP,False,,
238395,double_dqn,729,,,4.0,4.0,0.05,0.0013294204836711287,2.243987560272217,3.251121759414673,0.20465798676013947,2.234543800354004,3.179539680480957,0.04254002124071121,0.11372530460357666,0.2862328290939331,10000,10000,1.0,300.48271494256426,300.48271494256426,59100,True,477,238000,0.0,0.0,2,RIGHT,greedy,39075,59546,63583,76192,16007,222389,0.06714458296280139,0,119198,2,2,300.48271494256426,258.800389142199,2,2,,,2,RIGHT,False,,
238396,double_dqn,729,,,6.0,6.0,0.05,0.0013294204836711287,2.243987560272217,3.251121759414673,0.20465798676013947,2.234543800354004,3.179539680480957,0.04254002124071121,0.11372530460357666,0.2862328290939331,10000,10000,1.0,300.4826755374772,300.4826755374772,59100,True,477,238000,0.0,0.0,2,RIGHT,random,39075,59546,63583,76192,16007,222389,0.06714458296280139,1,119198,2,2,300.4826755374772,258.80035520330216,2,2,,,2,RIGHT,False,,
238719,double_dqn,730,7.0,375,0.0,0.0,0.05,,,,,,,,,,10000,10000,1.0,300.4863741074107,300.4863741074107,59181,True,478,238500,0.0,0.0,0,NOOP,greedy,39137,59629,63660,76294,16025,222695,0.06712885388739946,0,119360,2,2,300.4863741074107,258.54998279599585,2,2,,,0,NOOP,False,,
238795,double_dqn,730,,,0.0,0.0,0.05,0.002309896284714341,2.0938055515289307,2.8236875534057617,0.2106650471687317,2.12432861328125,2.8047902584075928,0.05439858138561249,0.16176828742027283,0.18885540962219238,10000,10000,1.0,300.48975172663637,300.48975172663637,59200,True,478,238500,0.0,0.0,2,RIGHT,greedy,39150,59665,63671,76310,16029,222767,0.06712423993701737,0,119398,2,2,300.48975172663637,258.4935832203877,2,2,,,2,RIGHT,False,,
238796,double_dqn,730,,,11.0,11.0,0.05,0.002309896284714341,2.0938055515289307,2.8236875534057617,0.2106650471687317,2.12432861328125,2.8047902584075928,0.05439858138561249,0.16176828742027283,0.18885540962219238,10000,10000,1.0,300.48971217304864,300.48971217304864,59200,True,478,238500,0.0,0.0,2,RIGHT,greedy,39150,59665,63671,76310,16029,222767,0.06712423993701737,1,119398,2,2,300.48971217304864,258.49354919477264,2,2,,,2,RIGHT,False,,
239134,double_dqn,731,18.0,653,0.0,0.0,0.05,,,,,,,,,,10000,10000,1.0,300.4652694785054,300.4652694785054,59284,False,479,239000,0.0,0.0,1,FIRE,greedy,39194,59777,63767,76396,16050,223084,0.06711718116202631,1,119567,2,2,300.4652694785054,258.2095740490208,2,2,,,1,FIRE,False,,
239195,double_dqn,731,,,5.0,5.0,0.05,0.0015248102135956287,2.0865254402160645,2.8222222328186035,0.9285217523574829,2.114960193634033,2.884958267211914,0.04484696313738823,0.1430063247680664,0.220308318734169,10000,10000,1.0,300.44107867513503,300.44107867513503,59300,True,479,239000,0.0,0.0,0,NOOP,greedy,39225,59785,63775,76411,16056,223140,0.0671248683088346,0,119598,2,2,300.44107867513503,258.1406946132705,2,2,,,0,NOOP,False,,
239196,double_dqn,731,,,0.0,0.0,0.05,0.0015248102135956287,2.0865254402160645,2.8222222328186035,0.9285217523574829,2.114960193634033,2.884958267211914,0.04484696313738823,0.1430063247680664,0.220308318734169,10000,10000,1.0,300.44103542189214,300.44103542189214,59300,True,479,239000,0.0,0.0,0,NOOP,greedy,39225,59785,63775,76411,16056,223140,0.0671248683088346,1,119598,2,2,300.44103542189214,258.1406574498366,2,2,,,0,NOOP,False,,
239595,double_dqn,731,,,13.0,10.0,0.05,0.0008275936124846339,2.1054229736328125,3.150026798248291,1.0374112129211426,2.10219669342041,3.080944299697876,0.03333735093474388,0.08520936965942383,0.19307927787303925,10000,10000,1.0,300.42370996405117,300.42370996405117,59400,True,480,239500,0.0,0.0,3,LEFT,greedy,39280,59920,63874,76522,16080,223516,0.06711297350540076,0,119798,2,2,300.42370996405117,257.81655352784753,2,2,,,3,LEFT,False,,
239596,double_dqn,731,,,4.0,4.0,0.05,0.0008275936124846339,2.1054229736328125,3.150026798248291,1.0374112129211426,2.10219669342041,3.080944299697876,0.03333735093474388,0.08520936965942383,0.19307927787303925,10000,10000,1.0,300.42366664584495,300.42366664584495,59400,True,480,239500,0.0,0.0,3,LEFT,greedy,39280,59920,63874,76522,16080,223516,0.06711297350540076,1,119798,2,2,300.42366664584495,257.816516353183,2,2,,,3,LEFT,False,,
239722,double_dqn,732,5.0,294,0.0,0.0,0.05,,,,,,,,,,10000,10000,1.0,300.4239410506024,300.4239410506024,59431,False,480,239500,0.0,0.0,3,LEFT,greedy,39288,59939,63917,76578,16084,223638,0.06709438432851386,1,119861,2,2,300.4239410506024,257.71971484996106,2,2,,,3,LEFT,False,,
239995,double_dqn,732,,,20.0,14.0,0.05,0.0021478082053363323,2.132119655609131,2.9092984199523926,1.1970447301864624,2.1522865295410156,2.8970396518707275,0.051445122808218,0.15787780284881592,0.15664803981781006,10000,10000,1.0,300.4146820444268,300.4146820444268,59500,True,480,239500,0.0,0.0,3,LEFT,greedy,39323,60001,64014,76658,16095,223901,0.06706361772696212,0,119998,2,2,300.4146820444268,257.50136443874914,2,2,,,3,LEFT,False,,
239996,double_dqn,732,,,3.0,3.0,0.05,0.0021478082053363323,2.132119655609131,2.9092984199523926,1.1970447301864624,2.1522865295410156,2.8970396518707275,0.051445122808218,0.15787780284881592,0.15664803981781006,10000,10000,1.0,300.4146389171273,300.4146389171273,59500,True,480,239500,0.0,0.0,3,LEFT,greedy,39323,60001,64014,76658,16095,223901,0.06706361772696212,1,119998,2,2,300.4146389171273,257.50132747205237,2,2,,,3,LEFT,False,,
240103,double_dqn,733,21.0,692,0.0,0.0,0.05,,,,,,,,,,10000,10000,1.0,300.4151525815253,300.4151525815253,59527,True,481,240000,0.0,0.0,2,RIGHT,greedy,39336,60033,64043,76692,16101,224003,0.06705844134208509,0,120052,2,2,300.4151525815253,257.41905939671443,2,2,,,2,RIGHT,False,,
240395,double_dqn,733,,,2.0,2.0,0.05,0.0014298383612185717,2.0042810440063477,3.0117294788360596,-0.04531647637486458,2.0338902473449707,3.0851519107818604,0.04508426785469055,0.10877180099487305,0.228711798787117,10000,10000,1.0,300.43047435463166,300.43047435463166,59600,True,481,240000,0.0,0.0,1,FIRE,greedy,39377,60174,64104,76741,16114,224282,0.06703106540874224,0,120198,2,2,300.43047435463166,257.20919510867844,2,2,,,1,FIRE,False,,
240396,double_dqn,733,,,8.0,8.0,0.05,0.0014298383612185717,2.0042810440063477,3.0117294788360596,-0.04531647637486458,2.0338902473449707,3.0851519107818604,0.04508426785469055,0.10877180099487305,0.228711798787117,10000,10000,1.0,300.4304327598915,300.4304327598915,59600,True,481,240000,0.0,0.0,1,FIRE,greedy,39377,60174,64104,76741,16114,224282,0.06703106540874224,1,120198,2,2,300.4304327598915,257.20915949794465,2,2,,,1,FIRE,False,,
240795,double_dqn,733,,,5.0,5.0,0.05,0.0019198317313566804,2.140986680984497,3.007610321044922,1.060884952545166,2.1939187049865723,3.0302090644836426,0.04419277235865593,0.21675682067871094,0.38036802411079407,10000,10000,1.0,300.465040906483,300.465040906483,59700,True,482,240500,0.0,0.0,3,LEFT,greedy,39411,60304,64210,76871,16132,224664,0.06699446834665028,0,120398,2,2,300.465040906483,256.9347850440264,2,2,,,3,LEFT,False,,
240796,double_dqn,733,,,13.0,13.0,0.05,0.0019198317313566804,2.140986680984497,3.007610321044922,1.060884952545166,2.1939187049865723,3.0302090644836426,0.04419277235865593,0.21675682067871094,0.38036802411079407,10000,10000,1.0,300.46500051050106,300.46500051050106,59700,True,482,240500,0.0,0.0,3,LEFT,greedy,39411,60304,64210,76871,16132,224664,0.06699446834665028,1,120398,2,2,300.46500051050106,256.93475050046385,2,2,,,3,LEFT,False,,
240943,double_dqn,734,7.0,420,0.0,0.0,0.05,,,,,,,,,,10000,10000,1.0,300.4664096562153,300.4664096562153,59737,True,482,240500,0.0,0.0,2,RIGHT,greedy,39427,60340,64258,76919,16143,224801,0.06699897071518693,0,120472,2,2,300.4664096562153,256.82391094408825,2,2,,,2,RIGHT,False,,
241004,double_dqn,735,15.0,641,0.0,0.0,0.05,,,,,,,,,,10000,10000,1.0,300.46007163236703,300.46007163236703,59752,True,483,241000,0.0,0.0,0,NOOP,greedy,39461,60353,64262,76928,16145,224859,0.06699058936781133,1,120502,2,2,300.46007163236703,256.77313800915925,2,2,,,0,NOOP,False,,
241195,double_dqn,735,,,2.0,2.0,0.05,0.0031344378367066383,1.9289672374725342,3.0224318504333496,0.06475134193897247,1.990107774734497,3.0850942134857178,0.06035968288779259,0.2597494125366211,0.478024423122406,10000,10000,1.0,300.47589422174036,300.47589422174036,59800,True,483,241000,0.0,0.0,0,NOOP,greedy,39495,60409,64311,76981,16154,225042,0.06697457669281415,0,120598,2,2,300.47589422174036,256.6417737850466,2,2,,,0,NOOP,False,,
241196,double_dqn,735,,,1.0,1.0,0.05,0.0031344378367066383,1.9289672374725342,3.0224318504333496,0.06475134193897247,1.990107774734497,3.0850942134857178,0.06035968288779259,0.2597494125366211,0.478024423122406,10000,10000,1.0,300.47585489637385,300.47585489637385,59800,True,483,241000,0.0,0.0,0,NOOP,greedy,39495,60409,64311,76981,16154,225042,0.06697457669281415,1,120598,2,2,300.47585489637385,256.6417401965558,2,2,,,0,NOOP,False,,
241595,double_dqn,735,,,6.0,6.0,0.05,0.0026913543697446585,2.0123629570007324,2.942384719848633,0.34142202138900757,2.0159244537353516,2.976593255996704,0.054159559309482574,0.18533015251159668,0.22376354038715363,10000,10000,1.0,300.4482657952217,300.4482657952217,59900,True,484,241500,0.0,0.0,3,LEFT,greedy,39554,60513,64424,77105,16170,225426,0.06692991605821288,0,120798,2,2,300.4482657952217,256.3176192232209,2,2,,,3,LEFT,False,,
241596,double_dqn,735,,,5.0,5.0,0.05,0.0026913543697446585,2.0123629570007324,2.942384719848633,0.34142202138900757,2.0159244537353516,2.976593255996704,0.054159559309482574,0.18533015251159668,0.22376354038715363,10000,10000,1.0,300.4482116704148,300.4482116704148,59900,True,484,241500,0.0,0.0,1,FIRE,greedy,39554,60513,64424,77105,16170,225426,0.06692991605821288,1,120798,2,2,300.4482116704148,256.3175730484108,2,2,,,1,FIRE,False,,
241775,double_dqn,736,8.0,416,0.0,0.0,0.05,,,,,,,,,,10000,10000,1.0,300.4110147791124,300.4110147791124,59945,True,484,241500,0.0,0.0,1,FIRE,greedy,39568,60582,64465,77161,16179,225597,0.0669173118919992,0,120888,2,2,300.4110147791124,256.1511592555675,2,2,,,1,FIRE,False,,
241995,double_dqn,736,,,2.0,2.0,0.05,0.0013563500251621008,2.1812996864318848,3.055051326751709,0.6664092540740967,2.169820785522461,2.999755859375,0.041455380618572235,0.13979756832122803,0.3285936117172241,10000,10000,1.0,300.3852984699332,300.3852984699332,60000,True,484,241500,0.0,0.0,0,NOOP,greedy,39596,60692,64512,77196,16189,225807,0.06689779996363576,0,120998,2,2,300.3852984699332,255.9651000328529,2,2,,,0,NOOP,False,,
241996,double_dqn,736,,,12.0,9.0,0.05,0.0013563500251621008,2.1812996864318848,3.055051326751709,0.6664092540740967,2.169820785522461,2.999755859375,0.041455380618572235,0.13979756832122803,0.3285936117172241,10000,10000,1.0,300.38521274779487,300.38521274779487,60000,True,484,241500,0.0,0.0,1,FIRE,greedy,39596,60692,64512,77196,16189,225807,0.06689779996363576,1,120998,2,2,300.38521274779487,255.96502698708193,2,2,,,1,FIRE,False,,
242162,double_dqn,737,14.0,579,0.0,0.0,0.05,,,,,,,,,,10000,10000,1.0,300.286082112268,300.286082112268,60041,False,485,242000,0.0,0.0,1,FIRE,greedy,39618,60779,64542,77223,16199,225963,0.0668932367588639,1,121081,2,2,300.286082112268,255.75708774662374,2,2,,,1,FIRE,False,,
242395,double_dqn,737,,,6.0,6.0,0.05,0.0026852942537516356,2.041820526123047,2.9748079776763916,0.31785106658935547,2.081615924835205,2.9645943641662598,0.04900887981057167,0.2733945846557617,0.32761141657829285,10000,10000,1.0,300.1863150899793,300.1863150899793,60100,True,485,242000,0.0,0.0,2,RIGHT,greedy,39650,60836,64600,77310,16207,226189,0.06686166438390072,0,121198,2,2,300.1863150899793,255.4986166484684,2,2,,,2,RIGHT,False,,
242396,double_dqn,737,,,2.0,2.0,0.05,0.0026852942537516356,2.041820526123047,2.9748079776763916,0.31785106658935547,2.081615924835205,2.9645943641662598,0.04900887981057167,0.2733945846557617,0.32761141657829285,10000,10000,1.0,300.18623079759027,300.18623079759027,60100,True,485,242000,0.0,0.0,2,RIGHT,greedy,39650,60836,64600,77310,16207,226189,0.06686166438390072,1,121198,2,2,300.18623079759027,255.4985449043958,2,2,,,2,RIGHT,False,,
242649,double_dqn,738,12.0,437,0.0,0.0,0.05,,,,,,,,,,10000,10000,1.0,300.09046443194774,300.09046443194774,60163,False,486,242500,0.0,0.0,3,LEFT,greedy,39700,60886,64654,77410,16221,226429,0.06684937152276942,0,121325,2,2,300.09046443194774,255.2294118275924,2,2,,,3,LEFT,False,,
242784,double_dqn,739,5.0,311,0.0,0.0,0.05,,,,,,,,,,10000,10000,1.0,300.0539328367411,300.0539328367411,60197,True,486,242500,0.0,0.0,1,FIRE,greedy,39714,60941,64684,77445,16224,226560,0.06682483194938711,1,121392,2,2,300.0539328367411,255.09964012016528,2,2,,,1,FIRE,False,,
242795,double_dqn,739,,,2.0,2.0,0.05,0.001569862011820078,2.273582696914673,3.361341714859009,1.0752453804016113,2.293541193008423,3.3125417232513428,0.04337836802005768,0.12821614742279053,0.17795588076114655,10000,10000,1.0,300.0497103422033,300.0497103422033,60200,True,486,242500,1.0,1.0,2,RIGHT,greedy,39722,60943,64686,77445,16225,226571,0.0668256478689929,0,121398,2,2,300.0497103422033,255.0872204832264,2,2,,,2,RIGHT,False,,
242796,double_dqn,739,,,0.0,0.0,0.05,0.001569862011820078,2.273582696914673,3.361341714859009,1.0752453804016113,2.293541193008423,3.3125417232513428,0.04337836802005768,0.12821614742279053,0.17795588076114655,10000,10000,1.0,300.0496658303722,300.0496658303722,60200,True,486,242500,0.0,0.0,0,NOOP,greedy,39722,60943,64686,77445,16225,226571,0.0668256478689929,1,121398,2,2,300.0496658303722,255.0871826414992,2,2,,,0,NOOP,False,,
243195,double_dqn,739,,,5.0,5.0,0.05,0.0038067621644586325,1.9491814374923706,3.0762479305267334,0.10825514793395996,1.9610819816589355,2.993532419204712,0.05546179413795471,0.2827571630477905,0.24450795352458954,10000,10000,1.0,299.9391416116096,299.9391416116096,60300,True,487,243000,0.0,0.0,0,NOOP,greedy,39794,61090,64774,77538,16248,226948,0.06681030938008849,0,121598,2,2,299.9391416116096,254.69985014727024,2,2,,,0,NOOP,False,,
243196,double_dqn,739,,,4.0,4.0,0.05,0.0038067621644586325,1.9491814374923706,3.0762479305267334,0.10825514793395996,1.9610819816589355,2.993532419204712,0.05546179413795471,0.2827571630477905,0.24450795352458954,10000,10000,1.0,299.93910033536565,299.93910033536565,60300,True,487,243000,0.0,0.0,2,RIGHT,greedy,39794,61090,64774,77538,16248,226948,0.06681030938008849,1,121598,2,2,299.93910033536565,254.6998150966493,2,2,,,2,RIGHT,False,,
243595,double_dqn,739,,,14.0,11.0,0.05,0.002984107006341219,2.08882999420166,2.9787001609802246,0.6067636013031006,2.1156845092773438,2.921253204345703,0.05745440348982811,0.20855975151062012,0.1780620664358139,10000,10000,1.0,299.86899260895194,299.86899260895194,60400,True,488,243500,0.0,0.0,0,NOOP,greedy,39926,61162,64864,77644,16270,227326,0.06679091610699683,0,121798,2,2,299.86899260895194,254.34861390139784,2,2,,,0,NOOP,False,,
243596,double_dqn,739,,,8.0,8.0,0.05,0.002984107006341219,2.08882999420166,2.9787001609802246,0.6067636013031006,2.1156845092773438,2.921253204345703,0.05745440348982811,0.20855975151062012,0.1780620664358139,10000,10000,1.0,299.86894996402015,299.86894996402015,60400,True,488,243500,0.0,0.0,1,FIRE,greedy,39926,61162,64864,77644,16270,227326,0.06679091610699683,1,121798,2,2,299.86894996402015,254.3485777300045,2,2,,,1,FIRE,False,,
243650,double_dqn,740,8.0,433,0.0,0.0,0.05,,,,,,,,,,10000,10000,1.0,299.85210213055916,299.85210213055916,60413,False,488,243500,0.0,0.0,0,NOOP,greedy,39948,61176,64877,77649,16274,227376,0.06679253026882824,1,121825,2,2,299.85210213055916,254.29503892833532,2,2,,,0,NOOP,False,,
243935,double_dqn,741,16.0,643,0.0,0.0,0.05,,,,,,,,,,10000,10000,1.0,299.73159518341254,299.73159518341254,60485,True,488,243500,0.0,0.0,0,NOOP,greedy,40001,61270,64959,77706,16292,227644,0.06678800996982816,0,121968,2,2,299.73159518341254,253.98554358416558,2,2,,,0,NOOP,False,,
243995,double_dqn,741,,,0.0,0.0,0.05,0.001878436771221459,2.0044522285461426,3.041023015975952,0.27987396717071533,2.0235514640808105,2.9922237396240234,0.049154169857501984,0.13499760627746582,0.14203308522701263,10000,10000,1.0,299.72944080966255,299.72944080966255,60500,True,488,243500,0.0,0.0,1,FIRE,greedy,40007,61305,64978,77706,16293,227703,0.06677568484729259,0,121998,2,2,299.72944080966255,253.94033389745002,2,2,,,1,FIRE,False,,
243996,double_dqn,741,,,3.0,3.0,0.05,0.001878436771221459,2.0044522285461426,3.041023015975952,0.27987396717071533,2.0235514640808105,2.9922237396240234,0.049154169857501984,0.13499760627746582,0.14203308522701263,10000,10000,1.0,299.72939626383817,299.72939626383817,60500,True,488,243500,0.0,0.0,1,FIRE,greedy,40007,61305,64978,77706,16293,227703,0.06677568484729259,1,121998,2,2,299.72939626383817,253.94029615680805,2,2,,,1,FIRE,False,,
244395,double_dqn,741,,,5.0,5.0,0.05,0.0032032416202127934,2.064035415649414,2.9464030265808105,1.0871937274932861,2.11151123046875,2.9045848846435547,0.05455094575881958,0.2694215774536133,0.42453235387802124,10000,10000,1.0,299.6872114663391,299.6872114663391,60600,True,489,244000,0.0,0.0,0,NOOP,greedy,40085,61424,65068,77819,16313,228083,0.06674822828524199,0,122198,2,2,299.6872114663391,253.616290387294,2,2,,,0,NOOP,False,,
244396,double_dqn,741,,,10.0,7.0,0.05,0.0032032416202127934,2.064035415649414,2.9464030265808105,1.0871937274932861,2.11151123046875,2.9045848846435547,0.05455094575881958,0.2694215774536133,0.42453235387802124,10000,10000,1.0,299.6871699175912,299.6871699175912,60600,True,489,244000,0.0,0.0,0,NOOP,greedy,40085,61424,65068,77819,16313,228083,0.06674822828524199,1,122198,2,2,299.6871699175912,253.61625522583594,2,2,,,0,NOOP,False,,
244502,double_dqn,742,11.0,426,0.0,0.0,0.05,,,,,,,,,,10000,10000,1.0,299.6697451810359,299.6697451810359,60626,False,490,244500,0.0,0.0,1,FIRE,greedy,40090,61460,65099,77853,16319,228183,0.06674383031631644,1,122251,2,2,299.6697451810359,253.5253907774759,2,2,,,1,FIRE,False,,
244795,double_dqn,742,,,8.0,8.0,0.05,0.003979219123721123,2.179391384124756,3.0859792232513428,0.5308922529220581,2.1829824447631836,3.152198314666748,0.05708377808332443,0.2934725284576416,0.274684339761734,10000,10000,1.0,299.68854254117844,299.68854254117844,60700,True,490,244500,0.0,0.0,1,FIRE,greedy,40123,61594,65182,77897,16345,228451,0.06676988186081471,0,122398,2,2,299.68854254117844,253.3307427688276,2,2,,,1,FIRE,False,,
244796,double_dqn,742,,,2.0,2.0,0.05,0.003979219123721123,2.179391384124756,3.0859792232513428,0.5308922529220581,2.1829824447631836,3.152198314666748,0.05708377808332443,0.2934725284576416,0.274684339761734,10000,10000,1.0,299.6884828088359,299.6884828088359,60700,True,490,244500,0.0,0.0,2,RIGHT,greedy,40123,61594,65182,77897,16345,228451,0.06676988186081471,1,122398,2,2,299.6884828088359,253.33069227627763,2,2,,,2,RIGHT,False,,
244861,double_dqn,743,9.0,463,0.0,0.0,0.05,,,,,,,,,,10000,10000,1.0,299.6840382085124,299.6840382085124,60716,False,490,244500,0.0,0.0,0,NOOP,random,40143,61627,65188,77904,16353,228509,0.0667845561990019,0,122431,2,2,299.6840382085124,253.27978684476525,2,2,,,0,NOOP,False,,
245195,double_dqn,743,,,3.0,3.0,0.05,0.001585839781910181,1.9990301132202148,2.9206998348236084,0.030945170670747757,2.001415729522705,2.876098394393921,0.04617053270339966,0.17416167259216309,0.23108357191085815,10000,10000,1.0,299.6764577000881,299.6764577000881,60800,True,491,245000,0.0,0.0,1,FIRE,greedy,40194,61705,65308,77989,16365,228831,0.06674252434786865,0,122598,2,2,299.6764577000881,253.03544423479576,2,2,,,1,FIRE,False,,
245196,double_dqn,743,,,8.0,8.0,0.05,0.001585839781910181,1.9990301132202148,2.9206998348236084,0.030945170670747757,2.001415729522705,2.876098394393921,0.04617053270339966,0.17416167259216309,0.23108357191085815,10000,10000,1.0,299.6764165688586,299.6764165688586,60800,True,491,245000,0.0,0.0,1,FIRE,greedy,40194,61705,65308,77989,16365,228831,0.06674252434786865,1,122598,2,2,299.6764165688586,253.03540950514426,2,2,,,1,FIRE,False,,
245440,double_dqn,744,10.0,469,0.0,0.0,0.05,,,,,,,,,,10000,10000,1.0,299.6601220651467,299.6601220651467,60861,True,491,245000,0.0,0.0,1,FIRE,greedy,40219,61790,65376,78055,16375,229065,0.06671691655801826,1,122720,2,2,299.6601220651467,252.84852983934823,2,2,,,1,FIRE,False,,
245595,double_dqn,744,,,8.0,8.0,0.05,0.002358378143981099,2.1142609119415283,3.0986127853393555,0.16976000368595123,2.0903167724609375,3.0640037059783936,0.050522852689027786,0.2021397203207016,0.4223763048648834,10000,10000,1.0,299.6607793915496,299.6607793915496,60900,True,492,245500,0.0,0.0,3,LEFT,greedy,40250,61814,65414,78118,16377,229219,0.06668268212837343,0,122798,2,2,299.6607793915496,252.73870427569102,2,2,,,3,LEFT,False,,
245596,double_dqn,744,,,1.0,1.0,0.05,0.002358378143981099,2.1142609119415283,3.0986127853393555,0.16976000368595123,2.0903167724609375,3.0640037059783936,0.050522852689027786,0.2021397203207016,0.4223763048648834,10000,10000,1.0,299.66074133789925,299.66074133789925,60900,True,492,245500,0.0,0.0,2,RIGHT,greedy,40250,61814,65414,78118,16377,229219,0.06668268212837343,1,122798,2,2,299.66074133789925,252.7386721806324,2,2,,,2,RIGHT,False,,
245995,double_dqn,744,,,13.0,13.0,0.05,0.0015280029037967324,1.8908679485321045,2.980313777923584,0.24229803681373596,1.9275562763214111,2.952261447906494,0.03996594250202179,0.19305086135864258,0.21629266440868378,10000,10000,1.0,299.65186801624304,299.65186801624304,61000,True,492,245500,0.0,0.0,1,FIRE,greedy,40353,61900,65513,78230,16396,229600,0.06665149026813444,0,122998,2,2,299.65186801624304,252.44924835106346,2,2,,,1,FIRE,False,,
245996,double_dqn,744,,,6.0,6.0,0.05,0.0015280029037967324,1.8908679485321045,2.980313777923584,0.24229803681373596,1.9275562763214111,2.952261447906494,0.03996594250202179,0.19305086135864258,0.21629266440868378,10000,10000,1.0,299.651828777618,299.651828777618,61000,True,492,245500,0.0,0.0,0,NOOP,greedy,40353,61900,65513,78230,16396,229600,0.06665149026813444,1,122998,2,2,299.651828777618,252.4492152934975,2,2,,,0,NOOP,False,,
246395,double_dqn,744,,,21.0,18.0,0.05,0.0031208505388349295,2.1058969497680664,2.957638740539551,0.8812628388404846,2.1251306533813477,3.0128283500671387,0.052675604820251465,0.3233325481414795,0.20002338290214539,10000,10000,1.0,299.5161352597458,299.5161352597458,61100,True,493,246000,0.0,0.0,3,LEFT,greedy,40410,61988,65573,78425,16418,229978,0.06663257520414292,0,123198,2,2,299.5161352597458,252.0546246600328,2,2,,,3,LEFT,False,,
246396,double_dqn,744,,,15.0,12.0,0.05,0.0031208505388349295,2.1058969497680664,2.957638740539551,0.8812628388404846,2.1251306533813477,3.0128283500671387,0.052675604820251465,0.3233325481414795,0.20002338290214539,10000,10000,1.0,299.5160864816324,299.5160864816324,61100,True,493,246000,0.0,0.0,0,NOOP,random,40410,61988,65573,78425,16418,229978,0.06663257520414292,1,123198,2,2,299.5160864816324,252.05458361132918,2,2,,,0,NOOP,False,,
246499,double_dqn,745,25.0,819,0.0,0.0,0.05,,,,,,,,,,10000,10000,1.0,299.4951841648069,299.4951841648069,61126,True,494,246500,0.0,0.0,0,NOOP,greedy,40446,62010,65587,78457,16423,230077,0.06662474645030426,0,123250,2,2,299.4951841648069,251.96437848677442,2,2,,,0,NOOP,False,,
246795,double_dqn,745,,,3.0,3.0,0.05,0.005602839402854443,1.9377212524414062,2.9373483657836914,0.5106003284454346,1.9776564836502075,2.870612382888794,0.06490304321050644,0.4213923215866089,0.5782144069671631,10000,10000,1.0,299.4957475077479,299.4957475077479,61200,True,494,246500,0.0,0.0,3,LEFT,greedy,40503,62091,65660,78542,16440,230356,0.06661372145415646,0,123398,2,2,299.4957475077479,251.75874172975477,2,2,,,3,LEFT,False,,
246796,double_dqn,745,,,19.0,16.0,0.05,0.005602839402854443,1.9377212524414062,2.9373483657836914,0.5106003284454346,1.9776564836502075,2.870612382888794,0.06490304321050644,0.4213923215866089,0.5782144069671631,10000,10000,1.0,299.4957074849185,299.4957074849185,61200,True,494,246500,0.0,0.0,1,FIRE,greedy,40503,62091,65660,78542,16440,230356,0.06661372145415646,1,123398,2,2,299.4957074849185,251.75870808621468,2,2,,,1,FIRE,False,,
247110,double_dqn,746,28.0,835,0.0,0.0,0.05,,,,,,,,,,10000,10000,1.0,299.5123544907302,299.5123544907302,61278,False,495,247000,0.0,0.0,1,FIRE,random,40572,62158,65751,78629,16456,230654,0.06659382461252074,1,123555,2,2,299.5123544907302,251.5549517986688,2,2,,,1,FIRE,False,,
247195,double_dqn,746,,,8.0,8.0,0.05,0.0010446591768413782,1.9493621587753296,2.8985376358032227,0.8434783220291138,1.9743939638137817,2.9356586933135986,0.03878667950630188,0.08945751190185547,0.14446404576301575,10000,10000,1.0,299.51181562028233,299.51181562028233,61300,True,495,247000,0.0,0.0,0,NOOP,greedy,40592,62188,65772,78644,16463,230733,0.06659897409343193,0,123598,2,2,299.51181562028233,251.49502287450514,2,2,,,0,NOOP,False,,
247196,double_dqn,746,,,1.0,1.0,0.05,0.0010446591768413782,1.9493621587753296,2.8985376358032227,0.8434783220291138,1.9743939638137817,2.9356586933135986,0.03878667950630188,0.08945751190185547,0.14446404576301575,10000,10000,1.0,299.51177679893306,299.51177679893306,61300,True,495,247000,0.0,0.0,2,RIGHT,greedy,40592,62188,65772,78644,16463,230733,0.06659897409343193,1,123598,2,2,299.51177679893306,251.49499027687253,2,2,,,2,RIGHT,False,,
247595,double_dqn,746,,,17.0,14.0,0.05,0.0014800806529819965,2.015763282775879,2.926518678665161,0.3608001470565796,2.0408809185028076,2.933042526245117,0.04443329572677612,0.1284341812133789,0.1418285071849823,10000,10000,1.0,299.5529140284188,299.5529140284188,61400,True,496,247500,0.0,0.0,3,LEFT,greedy,40676,62247,65901,78772,16479,231117,0.06655600252023458,0,123798,2,2,299.5529140284188,251.25377144970182,2,2,,,3,LEFT,False,,
247596,double_dqn,746,,,5.0,5.0,0.05,0.0014800806529819965,2.015763282775879,2.926518678665161,0.3608001470565796,2.0408809185028076,2.933042526245117,0.04443329572677612,0.1284341812133789,0.1418285071849823,10000,10000,1.0,299.55287530165344,299.55287530165344,61400,True,496,247500,0.0,0.0,1,FIRE,fire_reset,40676,62247,65901,78772,16479,231117,0.06655600252023458,1,123798,2,2,299.55287530165344,251.25373896714066,2,2,,,2,RIGHT,True,after_life_loss,
247965,double_dqn,747,23.0,733,0.0,0.0,0.05,,,,,,,,,,10000,10000,1.0,299.58469344490663,299.58469344490663,61492,False,496,247500,0.0,0.0,0,NOOP,greedy,40734,62303,66017,78912,16497,231469,0.06652928224030714,0,123983,2,2,299.58469344490663,251.02664833394064,2,2,,,0,NOOP,False,,
247995,double_dqn,747,,,0.0,0.0,0.05,0.001499545993283391,2.065671443939209,3.0138044357299805,-0.11459439247846603,2.114346981048584,2.9825942516326904,0.041425589472055435,0.15660452842712402,0.29142341017723083,10000,10000,1.0,299.5792520777859,299.5792520777859,61500,True,496,247500,0.0,0.0,1,FIRE,greedy,40736,62316,66026,78918,16497,231499,0.06652123421345506,0,123998,2,2,299.5792520777859,251.00156827982713,2,2,,,1,FIRE,False,,
247996,double_dqn,747,,,8.0,8.0,0.05,0.001499545993283391,2.065671443939209,3.0138044357299805,-0.11459439247846603,2.114346981048584,2.9825942516326904,0.041425589472055435,0.15660452842712402,0.29142341017723083,10000,10000,1.0,299.5792127817609,299.5792127817609,61500,True,496,247500,0.0,0.0,3,LEFT,greedy,40736,62316,66026,78918,16497,231499,0.06652123421345506,1,123998,2,2,299.5792127817609,251.00153535577167,2,2,,,3,LEFT,False,,
248186,double_dqn,748,10.0,538,0.0,0.0,0.05,,,,,,,,,,10000,10000,1.0,299.5885261593403,299.5885261593403,61547,False,497,248000,0.0,0.0,2,RIGHT,greedy,40753,62379,66089,78965,16508,231678,0.06651463015641494,1,124093,2,2,299.5885261593403,250.8795633642248,2,2,,,2,RIGHT,False,,
248395,double_dqn,748,,,6.0,6.0,0.05,0.0040826983749866486,2.193588972091675,2.948336601257324,1.081761121749878,2.20611572265625,2.93308424949646,0.054961856454610825,0.31481266021728516,0.3402462303638458,10000,10000,1.0,299.59407752211416,299.59407752211416,61600,True,497,248000,0.0,0.0,2,RIGHT,greedy,40793,62436,66147,79020,16517,231879,0.06649462954314884,0,124198,2,2,299.59407752211416,250.74116040925318,2,2,,,2,RIGHT,False,,
248396,double_dqn,748,,,2.0,2.0,0.05,0.0040826983749866486,2.193588972091675,2.948336601257324,1.081761121749878,2.20611572265625,2.93308424949646,0.054961856454610825,0.31481266021728516,0.3402462303638458,10000,10000,1.0,299.59400481974603,299.59400481974603,61600,True,497,248000,0.0,0.0,2,RIGHT,greedy,40793,62436,66147,79020,16517,231879,0.06649462954314884,1,124198,2,2,299.59400481974603,250.7410995620018,2,2,,,2,RIGHT,False,,
248795,double_dqn,748,,,9.0,9.0,0.05,0.0018756260396912694,2.113138437271118,3.0034677982330322,0.19505736231803894,2.129030227661133,3.0120656490325928,0.043446578085422516,0.18542663753032684,0.12773536145687103,10000,10000,1.0,299.54563700396164,299.54563700396164,61700,True,498,248500,0.0,0.0,1,FIRE,greedy,40860,62582,66245,79109,16535,232261,0.06646007170533288,0,124398,2,2,299.54563700396164,250.4293001963683,2,2,,,1,FIRE,False,,
248796,double_dqn,748,,,6.0,6.0,0.05,0.0018756260396912694,2.113138437271118,3.0034677982330322,0.19505736231803894,2.129030227661133,3.0120656490325928,0.043446578085422516,0.18542663753032684,0.12773536145687103,10000,10000,1.0,299.54559551586743,299.54559551586743,61700,True,498,248500,0.0,0.0,1,FIRE,greedy,40860,62582,66245,79109,16535,232261,0.06646007170533288,1,124398,2,2,299.54559551586743,250.42926551105455,2,2,,,1,FIRE,False,,
249195,double_dqn,748,,,17.0,14.0,0.05,0.003474099561572075,2.072582483291626,3.027287006378174,0.38633671402931213,2.135502576828003,3.238574743270874,0.0651107057929039,0.21604037284851074,0.5732763409614563,10000,10000,1.0,299.49550706896133,299.49550706896133,61800,True,499,249000,0.0,0.0,3,LEFT,greedy,40893,62705,66354,79244,16558,232638,0.06644568933690749,0,124598,2,2,299.49550706896133,250.11757144815172,2,2,,,3,LEFT,False,,
249196,double_dqn,748,,,10.0,10.0,0.05,0.003474099561572075,2.072582483291626,3.027287006378174,0.38633671402931213,2.135502576828003,3.238574743270874,0.0651107057929039,0.21604037284851074,0.5732763409614563,10000,10000,1.0,299.4954681709796,299.4954681709796,61800,True,499,249000,0.0,0.0,3,LEFT,greedy,40893,62705,66354,79244,16558,232638,0.06644568933690749,1,124598,2,2,299.4954681709796,250.11753896329472,2,2,,,3,LEFT,False,,
249203,double_dqn,749,17.0,619,0.0,0.0,0.05,,,,,,,,,,10000,10000,1.0,299.4919825995158,299.4919825995158,61802,True,499,249000,0.0,0.0,0,NOOP,greedy,40896,62705,66355,79248,16558,232646,0.06644355628320572,0,124602,2,2,299.4919825995158,250.1092465072308,2,2,,,0,NOOP,False,,
249366,double_dqn,750,12.0,590,0.0,0.0,0.05,,,,,,,,,,10000,10000,1.0,299.4760706383131,299.4760706383131,61842,False,499,249000,0.0,0.0,3,LEFT,greedy,40938,62752,66397,79279,16570,232796,0.06644851343005863,1,124683,2,2,299.4760706383131,249.98711162779207,2,2,,,3,LEFT,False,,
249595,double_dqn,750,,,4.0,4.0,0.05,0.011877951212227345,1.9501228332519531,3.4237303733825684,0.039482250809669495,1.953831672668457,3.0287320613861084,0.09364870935678482,0.4980584383010864,0.7975915670394897,10000,10000,1.0,299.43686839174535,299.43686839174535,61900,True,500,249500,0.0,0.0,0,NOOP,greedy,40981,62847,66440,79328,16580,233016,0.06642734659209282,0,124798,2,2,299.43686839174535,249.80027742421615,2,2,,,0,NOOP,False,,
249596,double_dqn,750,,,2.0,2.0,0.05,0.011877951212227345,1.9501228332519531,3.4237303733825684,0.039482250809669495,1.953831672668457,3.0287320613861084,0.09364870935678482,0.4980584383010864,0.7975915670394897,10000,10000,1.0,299.4368318904213,299.4368318904213,61900,True,500,249500,0.0,0.0,2,RIGHT,greedy,40981,62847,66440,79328,16580,233016,0.06642734659209282,1,124798,2,2,299.4368318904213,249.80024697358746,2,2,,,2,RIGHT,False,,
249995,double_dqn,750,,,8.0,8.0,0.05,0.001225535525009036,2.0837011337280273,2.9523239135742188,0.6254984140396118,2.09283447265625,2.950594902038574,0.036558039486408234,0.13057708740234375,0.13443215191364288,10000,10000,1.0,299.42454730571075,299.42454730571075,62000,True,500,249500,0.0,0.0,3,LEFT,random,41053,62976,66533,79434,16601,233395,0.0664050624809997,0,124998,2,2,299.42454730571075,249.5231177106005,2,2,,,3,LEFT,False,,
249996,double_dqn,750,,,7.0,7.0,0.05,0.001225535525009036,2.0837011337280273,2.9523239135742188,0.6254984140396118,2.09283447265625,2.950594902038574,0.036558039486408234,0.13057708740234375,0.13443215191364288,10000,10000,1.0,299.4245096497171,299.4245096497171,62000,True,500,249500,0.0,0.0,3,LEFT,greedy,41053,62976,66533,79434,16601,233395,0.0664050624809997,1,124998,2,2,299.4245096497171,249.52308633027104,2,2,,,3,LEFT,False,,
249999,double_dqn,750,,,8.0,8.0,0.05,0.0043947733938694,2.004089593887329,2.9863693714141846,0.8528549671173096,1.990919589996338,2.925356149673462,0.05837051197886467,0.3271772861480713,0.4450395107269287,10000,10000,1.0,299.04222290336503,299.04222290336503,62001,True,501,250000,0.0,0.0,3,LEFT,greedy,41055,62976,66534,79435,16601,233399,0.066404,0,125000,2,2,299.04222290336503,249.20185241947087,2,2,,,3,LEFT,False,,
250000,double_dqn,750,,,7.0,7.0,0.05,0.0043947733938694,2.004089593887329,2.9863693714141846,0.8528549671173096,1.990919589996338,2.925356149673462,0.05837051197886467,0.3271772861480713,0.4450395107269287,10000,10000,1.0,299.0421843309004,299.0421843309004,62001,True,501,250000,0.0,0.0,0,NOOP,greedy,41055,62976,66534,79435,16601,233399,0.066404,1,125000,2,2,299.0421843309004,249.20182027575032,2,2,,,0,NOOP,False,,
