global_step,algorithm,episode,raw_episode_return,episode_length,current_raw_episode_return,current_training_episode_return,epsilon,loss,q_mean,q_max,q_min,target_mean,target_max,td_error_mean_abs,td_error_max_abs,gradient_norm,replay_size,replay_capacity,replay_occupancy,steps_per_second,sps,optimizer_updates,optimizer_updated,target_sync_count,last_target_sync_step,raw_reward,training_reward,action,action_name,action_source,noop_count,fire_count,right_count,left_count,random_decision_count,greedy_decision_count,random_decision_ratio,environment_index,vector_iteration,num_envs,transition_batch_size,environment_transitions_per_second,vector_iterations_per_second,action_inference_batch_size,replay_insert_batch_size,action_inference_batches_per_second,replay_insertion_calls_per_second,requested_action,requested_action_name,action_overridden,fire_reset_reason,fire_reset_auto_count
100400,dqn,439,3.0,254,0.0,0.0,0.05,,,,,,,,,,400,10000,0.04,535.679251320696,535.679251320696,24751,False,201,100000,0.0,0.0,3,LEFT,greedy,19701,30277,28127,22295,9354,91046,0.09316733067729084,1,50200,2,2,535.679251320696,67227.74604074736,2,2,,,3,LEFT,False,,
100575,dqn,440,6.0,355,0.0,0.0,0.05,,,,,,,,,,576,10000,0.0576,584.142064208857,584.142064208857,24751,False,202,100500,0.0,0.0,3,LEFT,greedy,19733,30344,28139,22360,9359,91217,0.09305400890868597,0,50288,2,2,584.142064208857,50998.84743912327,2,2,,,3,LEFT,False,,
100973,dqn,441,2.0,199,0.0,0.0,0.05,,,,,,,,,,974,10000,0.0974,645.979108323775,645.979108323775,24751,False,202,100500,0.0,0.0,2,RIGHT,greedy,19830,30447,28194,22503,9379,91595,0.09288529720522115,0,50487,2,2,645.979108323775,33484.13474532076,2,2,,,2,RIGHT,False,,
101104,dqn,442,6.0,352,0.0,0.0,0.05,,,,,,,,,,1104,10000,0.1104,534.8438667648245,534.8438667648245,24777,True,203,101000,0.0,0.0,3,LEFT,random,19853,30476,28203,22572,9387,91717,0.09284499129609115,1,50552,2,2,534.8438667648245,24490.423145557434,2,2,,,3,LEFT,False,,
101195,dqn,442,,,2.0,2.0,0.05,0.002741437405347824,1.5478618144989014,2.500739574432373,0.5032068490982056,1.569911241531372,2.5034821033477783,0.04657606780529022,0.2959582805633545,0.114674873650074,1196,10000,0.1196,521.5559374034264,521.5559374034264,24800,True,203,101000,0.0,0.0,1,FIRE,greedy,19856,30507,28218,22615,9391,91805,0.09280011067631132,0,50598,2,2,521.5559374034264,22064.95595379479,2,2,,,1,FIRE,False,,
101196,dqn,442,,,1.0,1.0,0.05,0.002741437405347824,1.5478618144989014,2.500739574432373,0.5032068490982056,1.569911241531372,2.5034821033477783,0.04657606780529022,0.2959582805633545,0.114674873650074,1196,10000,0.1196,521.5424959594685,521.5424959594685,24800,True,203,101000,0.0,0.0,2,RIGHT,greedy,19856,30507,28218,22615,9391,91805,0.09280011067631132,1,50598,2,2,521.5424959594685,22064.38729979698,2,2,,,2,RIGHT,False,,
101595,dqn,442,,,5.0,5.0,0.05,0.004379664082080126,1.4330435991287231,2.5839428901672363,0.3801920711994171,1.482987642288208,2.61177134513855,0.06108362227678299,0.3301602602005005,0.29308828711509705,1596,10000,0.1596,493.6399930496678,493.6399930496678,24900,True,204,101500,0.0,0.0,0,NOOP,greedy,19901,30566,28363,22766,9409,92187,0.09261191385487617,0,50798,2,2,493.6399930496678,15711.732059484351,2,2,,,0,NOOP,False,,
101596,dqn,442,,,4.0,4.0,0.05,0.004379664082080126,1.4330435991287231,2.5839428901672363,0.3801920711994171,1.482987642288208,2.61177134513855,0.06108362227678299,0.3301602602005005,0.29308828711509705,1596,10000,0.1596,493.6317331186491,493.6317331186491,24900,True,204,101500,0.0,0.0,2,RIGHT,greedy,19901,30566,28363,22766,9409,92187,0.09261191385487617,1,50798,2,2,493.6317331186491,15711.469159750086,2,2,,,2,RIGHT,False,,
101624,dqn,443,4.0,260,0.0,0.0,0.05,,,,,,,,,,1624,10000,0.1624,491.39989664979214,491.39989664979214,24907,True,204,101500,0.0,0.0,3,LEFT,greedy,19907,30567,28368,22782,9410,92214,0.09259623710934425,1,50812,2,2,491.39989664979214,15375.007111187953,2,2,,,3,LEFT,False,,
101777,dqn,444,8.0,402,0.0,0.0,0.05,,,,,,,,,,1778,10000,0.1778,483.01514462076784,483.01514462076784,24945,False,204,101500,0.0,0.0,2,RIGHT,greedy,19938,30612,28396,22832,9414,92364,0.0924954312326829,0,50889,2,2,483.01514462076784,13824.610626887657,2,2,,,2,RIGHT,False,,
101995,dqn,444,,,1.0,1.0,0.05,0.004321001470088959,1.4942412376403809,2.713099241256714,0.3581449091434479,1.5146369934082031,2.805713415145874,0.06609928607940674,0.2410358190536499,0.18050463497638702,1996,10000,0.1996,470.6020044248965,470.6020044248965,25000,True,204,101500,0.0,0.0,1,FIRE,greedy,19969,30690,28434,22903,9426,92570,0.09241538883877799,0,50998,2,2,470.6020044248965,12023.928367565566,2,2,,,1,FIRE,False,,
101996,dqn,444,,,3.0,3.0,0.05,0.004321001470088959,1.4942412376403809,2.713099241256714,0.3581449091434479,1.5146369934082031,2.805713415145874,0.06609928607940674,0.2410358190536499,0.18050463497638702,1996,10000,0.1996,470.59528064641205,470.59528064641205,25000,True,204,101500,0.0,0.0,3,LEFT,greedy,19969,30690,28434,22903,9426,92570,0.09241538883877799,1,50998,2,2,470.59528064641205,12023.756574351564,2,2,,,3,LEFT,False,,
102272,dqn,445,5.0,324,0.0,0.0,0.05,,,,,,,,,,2272,10000,0.2272,452.25883482462086,452.25883482462086,25069,True,205,102000,0.0,0.0,1,FIRE,greedy,20015,30733,28499,23025,9439,92833,0.09229310075093868,1,51136,2,2,452.25883482462086,10179.008704925975,2,2,,,1,FIRE,False,,
102395,dqn,445,,,5.0,5.0,0.05,0.0043968502432107925,1.4303672313690186,2.5793259143829346,0.36471590399742126,1.4696290493011475,2.6112287044525146,0.06278887391090393,0.27930039167404175,0.3069828748703003,2396,10000,0.2396,446.72893551604136,446.72893551604136,25100,True,205,102000,0.0,0.0,3,LEFT,greedy,20021,30747,28573,23055,9447,92949,0.0922594632602836,0,51198,2,2,446.72893551604136,9545.754607909135,2,2,,,3,LEFT,False,,
102396,dqn,445,,,1.0,1.0,0.05,0.0043968502432107925,1.4303672313690186,2.5793259143829346,0.36471590399742126,1.4696290493011475,2.6112287044525146,0.06278887391090393,0.27930039167404175,0.3069828748703003,2396,10000,0.2396,446.72451276976824,446.72451276976824,25100,True,205,102000,0.0,0.0,2,RIGHT,greedy,20021,30747,28573,23055,9447,92949,0.0922594632602836,1,51198,2,2,446.72451276976824,9545.66010216469,2,2,,,2,RIGHT,False,,
102555,dqn,446,6.0,389,0.0,0.0,0.05,,,,,,,,,,2556,10000,0.2556,443.44144636578585,443.44144636578585,25140,True,206,102500,0.0,0.0,3,LEFT,greedy,20038,30794,28610,23114,9454,93102,0.092183782518819,0,51278,2,2,443.44144636578585,8896.240409524557,2,2,,,3,LEFT,False,,
102795,dqn,446,,,0.0,0.0,0.05,0.0046243323013186455,1.4398713111877441,2.418182849884033,0.3845362067222595,1.4298243522644043,2.368093729019165,0.059542156755924225,0.3845362067222595,0.2663154602050781,2796,10000,0.2796,438.9273832963423,438.9273832963423,25200,True,206,102500,0.0,0.0,2,RIGHT,random,20102,30827,28733,23134,9470,93326,0.09212420716759406,0,51398,2,2,438.9273832963423,8068.665824987626,2,2,,,2,RIGHT,False,,
102796,dqn,446,,,4.0,4.0,0.05,0.0046243323013186455,1.4398713111877441,2.418182849884033,0.3845362067222595,1.4298243522644043,2.368093729019165,0.059542156755924225,0.3845362067222595,0.2663154602050781,2796,10000,0.2796,438.9231457124978,438.9231457124978,25200,True,206,102500,0.0,0.0,2,RIGHT,greedy,20102,30827,28733,23134,9470,93326,0.09212420716759406,1,51398,2,2,438.9231457124978,8068.587926799342,2,2,,,2,RIGHT,False,,
102803,dqn,447,0.0,124,0.0,0.0,0.05,,,,,,,,,,2804,10000,0.2804,438.2278808429405,438.2278808429405,25202,True,206,102500,0.0,0.0,1,FIRE,greedy,20102,30831,28737,23134,9470,93334,0.092117038247539,0,51402,2,2,438.2278808429405,8033.448477563776,2,2,,,1,FIRE,False,,
102866,dqn,448,4.0,297,0.0,0.0,0.05,,,,,,,,,,2866,10000,0.2866,436.2661239849171,436.2661239849171,25217,False,206,102500,0.0,0.0,0,NOOP,greedy,20117,30846,28764,23139,9473,93393,0.09209068108024031,1,51433,2,2,436.2661239849171,7829.195936816553,2,2,,,0,NOOP,False,,
103195,dqn,448,,,3.0,3.0,0.05,0.0027486379258334637,1.6050522327423096,2.590327024459839,0.5422607660293579,1.6415901184082031,2.5526106357574463,0.05665421485900879,0.20769739151000977,0.27266108989715576,3196,10000,0.3196,427.4437962228142,427.4437962228142,25300,True,207,103000,0.0,0.0,2,RIGHT,greedy,20141,30972,28894,23189,9487,93709,0.09193185782394667,0,51598,2,2,427.4437962228142,6900.890174438287,2,2,,,2,RIGHT,False,,
103196,dqn,448,,,2.0,2.0,0.05,0.0027486379258334637,1.6050522327423096,2.590327024459839,0.5422607660293579,1.6415901184082031,2.5526106357574463,0.05665421485900879,0.20769739151000977,0.27266108989715576,3196,10000,0.3196,427.4406405876954,427.4406405876954,25300,True,207,103000,0.0,0.0,0,NOOP,random,20141,30972,28894,23189,9487,93709,0.09193185782394667,1,51598,2,2,427.4406405876954,6900.839228111359,2,2,,,0,NOOP,False,,
103357,dqn,449,4.0,277,0.0,0.0,0.05,,,,,,,,,,3358,10000,0.3358,425.85066206200247,425.85066206200247,25340,False,207,103000,0.0,0.0,2,RIGHT,greedy,20192,30984,28973,23209,9495,93863,0.09186516766965305,0,51679,2,2,425.85066206200247,6553.763062746345,2,2,,,2,RIGHT,False,,
103414,dqn,450,4.0,274,0.0,0.0,0.05,,,,,,,,,,3414,10000,0.3414,424.82560902957937,424.82560902957937,25354,False,207,103000,0.0,0.0,2,RIGHT,greedy,20209,30995,28998,23212,9500,93914,0.09186377086274586,1,51707,2,2,424.82560902957937,6434.228988310621,2,2,,,2,RIGHT,False,,
103595,dqn,450,,,2.0,2.0,0.05,0.0018740276573225856,1.3922119140625,2.305652618408203,0.42728191614151,1.4432587623596191,2.293879508972168,0.052359141409397125,0.11100244522094727,0.4538423418998718,3596,10000,0.3596,422.9298548046019,422.9298548046019,25400,True,208,103500,0.0,0.0,3,LEFT,random,20215,31050,29086,23245,9511,94085,0.09180856403722151,0,51798,2,2,422.9298548046019,6092.024643817789,2,2,,,3,LEFT,False,,
103596,dqn,450,,,2.0,2.0,0.05,0.0018740276573225856,1.3922119140625,2.305652618408203,0.42728191614151,1.4432587623596191,2.293879508972168,0.052359141409397125,0.11100244522094727,0.4538423418998718,3596,10000,0.3596,422.92441815113847,422.92441815113847,25400,True,208,103500,0.0,0.0,3,LEFT,greedy,20215,31050,29086,23245,9511,94085,0.09180856403722151,1,51798,2,2,422.92441815113847,6091.946332422878,2,2,,,3,LEFT,False,,
103995,dqn,450,,,5.0,5.0,0.05,0.002245384268462658,1.6680176258087158,2.4858245849609375,0.3965575695037842,1.673811674118042,2.506491184234619,0.048483382910490036,0.20339369773864746,0.1732119470834732,3996,10000,0.3996,419.2435078222691,419.2435078222691,25500,True,208,103500,0.0,0.0,3,LEFT,greedy,20276,31091,29292,23337,9530,94466,0.09163813992845879,0,51998,2,2,419.2435078222691,5455.411391326914,2,2,,,3,LEFT,False,,
103996,dqn,450,,,6.0,6.0,0.05,0.002245384268462658,1.6680176258087158,2.4858245849609375,0.3965575695037842,1.673811674118042,2.506491184234619,0.048483382910490036,0.20339369773864746,0.1732119470834732,3996,10000,0.3996,419.24100067855005,419.24100067855005,25500,True,208,103500,0.0,0.0,1,FIRE,greedy,20276,31091,29292,23337,9530,94466,0.09163813992845879,1,51998,2,2,419.24100067855005,5455.378767087899,2,2,,,1,FIRE,False,,
104047,dqn,451,5.0,345,0.0,0.0,0.05,,,,,,,,,,4048,10000,0.4048,419.077709348183,419.077709348183,25513,True,209,104000,0.0,0.0,2,RIGHT,greedy,20278,31098,29307,23365,9533,94515,0.09162117484238044,0,52024,2,2,419.077709348183,5385.8939602593555,2,2,,,2,RIGHT,False,,
104395,dqn,451,,,3.0,3.0,0.05,0.0014213449321687222,1.496812343597412,2.375915765762329,0.4660222828388214,1.5192227363586426,2.3507697582244873,0.04184433072805405,0.13099360466003418,0.15895257890224457,4396,10000,0.4396,420.70034415467427,420.70034415467427,25600,True,209,104000,0.0,0.0,2,RIGHT,greedy,20311,31142,29465,23478,9550,94846,0.09147860071267098,0,52198,2,2,420.70034415467427,4995.385933618219,2,2,,,2,RIGHT,False,,
104396,dqn,451,,,9.0,9.0,0.05,0.0014213449321687222,1.496812343597412,2.375915765762329,0.4660222828388214,1.5192227363586426,2.3507697582244873,0.04184433072805405,0.13099360466003418,0.15895257890224457,4396,10000,0.4396,420.698250569686,420.698250569686,25600,True,209,104000,0.0,0.0,2,RIGHT,greedy,20311,31142,29465,23478,9550,94846,0.09147860071267098,1,52198,2,2,420.698250569686,4995.361074439597,2,2,,,2,RIGHT,False,,
104494,dqn,452,13.0,540,0.0,0.0,0.05,,,,,,,,,,4494,10000,0.4494,420.8695952530819,420.8695952530819,25624,False,209,104000,0.0,0.0,0,NOOP,greedy,20336,31151,29512,23495,9557,94937,0.09145979673474075,1,52247,2,2,420.8695952530819,4893.007063459673,2,2,,,0,NOOP,False,,
104703,dqn,453,5.0,328,0.0,0.0,0.05,,,,,,,,,,4704,10000,0.4704,421.50393733531394,421.50393733531394,25677,True,210,104500,0.0,0.0,2,RIGHT,greedy,20349,31211,29630,23514,9569,95135,0.09139096882640586,0,52352,2,2,421.50393733531394,4691.023411432474,2,2,,,2,RIGHT,False,,
104795,dqn,453,,,1.0,1.0,0.05,0.007089440710842609,1.4937336444854736,2.3541877269744873,0.5017296671867371,1.488257646560669,2.361807346343994,0.06063096225261688,0.5672301054000854,0.4098876714706421,4796,10000,0.4796,421.80442515436636,421.80442515436636,25700,True,210,104500,0.0,0.0,0,NOOP,greedy,20362,31248,29644,23542,9572,95224,0.09133936409786633,0,52398,2,2,421.80442515436636,4608.362858473413,2,2,,,0,NOOP,False,,
104796,dqn,453,,,2.0,2.0,0.05,0.007089440710842609,1.4937336444854736,2.3541877269744873,0.5017296671867371,1.488257646560669,2.361807346343994,0.06063096225261688,0.5672301054000854,0.4098876714706421,4796,10000,0.4796,421.8024367469921,421.8024367469921,25700,True,210,104500,0.0,0.0,2,RIGHT,greedy,20362,31248,29644,23542,9572,95224,0.09133936409786633,1,52398,2,2,421.8024367469921,4608.341134418034,2,2,,,2,RIGHT,False,,
105195,dqn,453,,,3.0,3.0,0.05,0.002218712354078889,1.3634450435638428,2.424708366394043,0.4608808755874634,1.3742589950561523,2.466567277908325,0.05113935470581055,0.20732486248016357,0.17543290555477142,5196,10000,0.5196,422.7566761956389,422.7566761956389,25800,True,211,105000,0.0,0.0,0,NOOP,greedy,20416,31323,29797,23660,9586,95610,0.0911251378379406,0,52598,2,2,422.7566761956389,4279.475684091265,2,2,,,0,NOOP,False,,
105196,dqn,453,,,6.0,6.0,0.05,0.002218712354078889,1.3634450435638428,2.424708366394043,0.4608808755874634,1.3742589950561523,2.466567277908325,0.05113935470581055,0.20732486248016357,0.17543290555477142,5196,10000,0.5196,422.75467434086835,422.75467434086835,25800,True,211,105000,0.0,0.0,0,NOOP,greedy,20416,31323,29797,23660,9586,95610,0.0911251378379406,1,52598,2,2,422.75467434086835,4279.4554197423,2,2,,,0,NOOP,False,,
105237,dqn,454,3.0,267,0.0,0.0,0.05,,,,,,,,,,5238,10000,0.5238,422.3029286505584,422.3029286505584,25810,False,211,105000,0.0,0.0,2,RIGHT,greedy,20446,31324,29799,23669,9586,95652,0.09108877021608164,0,52619,2,2,422.3029286505584,4242.298167747944,2,2,,,2,RIGHT,False,,
105244,dqn,455,6.0,375,0.0,0.0,0.05,,,,,,,,,,5244,10000,0.5244,421.938225861512,421.938225861512,25812,True,211,105000,0.0,0.0,1,FIRE,greedy,20447,31327,29799,23671,9587,95657,0.09109307894036715,1,52622,2,2,421.938225861512,4234.026186362412,2,2,,,1,FIRE,False,,
105595,dqn,455,,,3.0,3.0,0.05,0.006046212278306484,1.456884503364563,2.7446320056915283,0.5078461170196533,1.4429067373275757,2.8090856075286865,0.060153085738420486,0.5138828754425049,0.3215343952178955,5596,10000,0.5596,421.0849547313019,421.0849547313019,25900,True,212,105500,0.0,0.0,0,NOOP,greedy,20490,31399,29939,23768,9607,95989,0.09097882495549074,0,52798,2,2,421.0849547313019,3972.916983542401,2,2,,,0,NOOP,False,,
105596,dqn,455,,,4.0,4.0,0.05,0.006046212278306484,1.456884503364563,2.7446320056915283,0.5078461170196533,1.4429067373275757,2.8090856075286865,0.060153085738420486,0.5138828754425049,0.3215343952178955,5596,10000,0.5596,421.0831866843202,421.0831866843202,25900,True,212,105500,0.0,0.0,2,RIGHT,greedy,20490,31399,29939,23768,9607,95989,0.09097882495549074,1,52798,2,2,421.0831866843202,3972.9003021012754,2,2,,,2,RIGHT,False,,
105775,dqn,456,3.0,269,0.0,0.0,0.05,,,,,,,,,,5776,10000,0.5776,421.212528376898,421.212528376898,25945,True,212,105500,0.0,0.0,1,FIRE,greedy,20552,31419,29989,23816,9614,96162,0.09089018302828619,0,52888,2,2,421.212528376898,3856.836599861042,2,2,,,1,FIRE,False,,
105982,dqn,457,6.0,369,0.0,0.0,0.05,,,,,,,,,,5982,10000,0.5982,420.64835201712856,420.64835201712856,25996,False,212,105500,0.0,0.0,2,RIGHT,greedy,20565,31472,30090,23855,9622,96360,0.09078900190598403,1,52991,2,2,420.64835201712856,3726.2749618421362,2,2,,,2,RIGHT,False,,
105995,dqn,457,,,2.0,2.0,0.05,0.005962878465652466,1.586162805557251,2.6202211380004883,0.45552635192871094,1.5668628215789795,2.530571460723877,0.05717572197318077,0.48320069909095764,0.38518768548965454,5996,10000,0.5996,420.06145998155455,420.06145998155455,26000,True,212,105500,0.0,0.0,0,NOOP,greedy,20567,31474,30094,23861,9622,96374,0.09077701045322464,0,52998,2,2,420.06145998155455,3712.878128102473,2,2,,,0,NOOP,False,,
105996,dqn,457,,,0.0,0.0,0.05,0.005962878465652466,1.586162805557251,2.6202211380004883,0.45552635192871094,1.5668628215789795,2.530571460723877,0.05717572197318077,0.48320069909095764,0.38518768548965454,5996,10000,0.5996,420.0550358941558,420.0550358941558,26000,True,212,105500,0.0,0.0,2,RIGHT,greedy,20567,31474,30094,23861,9622,96374,0.09077701045322464,1,52998,2,2,420.0550358941558,3712.8213462839344,2,2,,,2,RIGHT,False,,
106395,dqn,457,,,5.0,5.0,0.05,0.0024239299818873405,1.4671213626861572,2.1039257049560547,0.3534716069698334,1.4899747371673584,2.1360292434692383,0.05243496224284172,0.2023332118988037,0.16455894708633423,6396,10000,0.6396,415.7059721788746,415.7059721788746,26100,True,213,106000,0.0,0.0,0,NOOP,greedy,20616,31520,30240,24020,9634,96762,0.09054851686153614,0,53198,2,2,415.7059721788746,3457.586977481515,2,2,,,0,NOOP,False,,
106396,dqn,457,,,4.0,4.0,0.05,0.0024239299818873405,1.4671213626861572,2.1039257049560547,0.3534716069698334,1.4899747371673584,2.1360292434692383,0.05243496224284172,0.2023332118988037,0.16455894708633423,6396,10000,0.6396,415.70357563984857,415.70357563984857,26100,True,213,106000,0.0,0.0,3,LEFT,greedy,20616,31520,30240,24020,9634,96762,0.09054851686153614,1,53198,2,2,415.70357563984857,3457.5670445416927,2,2,,,3,LEFT,False,,
106710,dqn,458,6.0,364,0.0,0.0,0.05,,,,,,,,,,6710,10000,0.671,412.41447470090594,412.41447470090594,26178,False,214,106500,0.0,0.0,0,NOOP,greedy,20724,31538,30355,24093,9648,97062,0.09041326960922125,1,53355,2,2,412.41447470090594,3279.3404318430457,2,2,,,0,NOOP,False,,
106795,dqn,458,,,10.0,10.0,0.05,0.0030994494445621967,1.4731169939041138,2.240905523300171,0.45577242970466614,1.4669764041900635,2.273277759552002,0.048319313675165176,0.3041040897369385,0.23548473417758942,6796,10000,0.6796,411.5771267888861,411.5771267888861,26200,True,214,106500,0.0,0.0,0,NOOP,greedy,20743,31553,30404,24096,9651,97145,0.09036855312933069,0,53398,2,2,411.5771267888861,3233.872191917737,2,2,,,0,NOOP,False,,
106796,dqn,458,,,1.0,1.0,0.05,0.0030994494445621967,1.4731169939041138,2.240905523300171,0.45577242970466614,1.4669764041900635,2.273277759552002,0.048319313675165176,0.3041040897369385,0.23548473417758942,6796,10000,0.6796,411.57570851370525,411.57570851370525,26200,True,214,106500,0.0,0.0,1,FIRE,greedy,20743,31553,30404,24096,9651,97145,0.09036855312933069,1,53398,2,2,411.57570851370525,3233.861048148151,2,2,,,1,FIRE,False,,
106811,dqn,459,10.0,518,0.0,0.0,0.05,,,,,,,,,,6812,10000,0.6812,411.34998173803456,411.34998173803456,26204,True,214,106500,0.0,0.0,3,LEFT,greedy,20745,31555,30404,24108,9651,97161,0.09035501629030446,0,53406,2,2,411.34998173803456,3224.979025939735,2,2,,,3,LEFT,False,,
107195,dqn,459,,,3.0,3.0,0.05,0.0012875404208898544,1.4441304206848145,2.598098039627075,0.6787542104721069,1.4656014442443848,2.5289032459259033,0.03709735721349716,0.14659148454666138,0.08430228382349014,7196,10000,0.7196,409.35968960023047,409.35968960023047,26300,True,215,107000,0.0,0.0,1,FIRE,greedy,20765,31650,30544,24237,9670,97526,0.09020858987275644,0,53598,2,2,409.35968960023047,3049.035664701661,2,2,,,1,FIRE,False,,
107196,dqn,459,,,4.0,4.0,0.05,0.0012875404208898544,1.4441304206848145,2.598098039627075,0.6787542104721069,1.4656014442443848,2.5289032459259033,0.03709735721349716,0.14659148454666138,0.08430228382349014,7196,10000,0.7196,409.3582760638378,409.3582760638378,26300,True,215,107000,0.0,0.0,2,RIGHT,greedy,20765,31650,30544,24237,9670,97526,0.09020858987275644,1,53598,2,2,409.3582760638378,3049.025136252026,2,2,,,2,RIGHT,False,,
107327,dqn,460,4.0,258,0.0,0.0,0.05,,,,,,,,,,7328,10000,0.7328,408.501773699401,408.501773699401,26333,True,215,107000,0.0,0.0,1,FIRE,greedy,20809,31663,30578,24278,9677,97651,0.09016286523553965,0,53664,2,2,408.501773699401,2991.517355868539,2,2,,,1,FIRE,False,,
107512,dqn,461,9.0,401,0.0,0.0,0.05,,,,,,,,,,7512,10000,0.7512,407.16551246134117,407.16551246134117,26379,True,216,107500,0.0,0.0,0,NOOP,random,20834,31686,30658,24334,9684,97828,0.09007366619540144,1,53756,2,2,407.16551246134117,2913.6833450308645,2,2,,,0,NOOP,False,,
107595,dqn,461,,,2.0,2.0,0.05,0.002163985278457403,1.6113910675048828,2.5081541538238525,0.4055514335632324,1.6318347454071045,2.4803218841552734,0.042234405875205994,0.2644212245941162,0.23119619488716125,7596,10000,0.7596,406.950299667422,406.950299667422,26400,True,216,107500,0.0,0.0,3,LEFT,random,20846,31699,30668,24383,9688,97908,0.09004052195248893,0,53798,2,2,406.950299667422,2882.1896026208487,2,2,,,3,LEFT,False,,
107596,dqn,461,,,1.0,1.0,0.05,0.002163985278457403,1.6113910675048828,2.5081541538238525,0.4055514335632324,1.6318347454071045,2.4803218841552734,0.042234405875205994,0.2644212245941162,0.23119619488716125,7596,10000,0.7596,406.9490634969164,406.9490634969164,26400,True,216,107500,0.0,0.0,2,RIGHT,greedy,20846,31699,30668,24383,9688,97908,0.09004052195248893,1,53798,2,2,406.9490634969164,2882.1808475522785,2,2,,,2,RIGHT,False,,
107995,dqn,461,,,5.0,5.0,0.05,0.005613747984170914,1.4276838302612305,2.375063896179199,0.4392773509025574,1.4608827829360962,2.254457712173462,0.06966190040111542,0.31851279735565186,0.3240714371204376,7996,10000,0.7996,406.3791173898288,406.3791173898288,26500,True,216,107500,0.0,0.0,0,NOOP,greedy,20934,31748,30782,24532,9709,98287,0.08990147783251232,0,53998,2,2,406.3791173898288,2744.3296124082012,2,2,,,0,NOOP,False,,
107996,dqn,461,,,5.0,5.0,0.05,0.005613747984170914,1.4276838302612305,2.375063896179199,0.4392773509025574,1.4608827829360962,2.254457712173462,0.06966190040111542,0.31851279735565186,0.3240714371204376,7996,10000,0.7996,406.37798972244144,406.37798972244144,26500,True,216,107500,0.0,0.0,2,RIGHT,greedy,20934,31748,30782,24532,9709,98287,0.08990147783251232,1,53998,2,2,406.37798972244144,2744.321997127613,2,2,,,2,RIGHT,False,,
108173,dqn,462,9.0,423,0.0,0.0,0.05,,,,,,,,,,8174,10000,0.8174,405.98616517846705,405.98616517846705,26544,False,217,108000,0.0,0.0,3,LEFT,greedy,20974,31759,30830,24611,9722,98452,0.08987372196646144,0,54087,2,2,405.98616517846705,2686.392673844843,2,2,,,3,LEFT,False,,
108395,dqn,462,,,2.0,2.0,0.05,0.001893648412078619,1.520155906677246,2.6796932220458984,0.5611723065376282,1.5285106897354126,2.8757896423339844,0.04789421334862709,0.19609642028808594,0.1963312178850174,8396,10000,0.8396,405.0128199401653,405.0128199401653,26600,True,217,108000,0.0,0.0,3,LEFT,greedy,21003,31798,30888,24707,9734,98662,0.08980036163696077,0,54198,2,2,405.0128199401653,2614.445547298366,2,2,,,3,LEFT,False,,
108396,dqn,462,,,9.0,9.0,0.05,0.001893648412078619,1.520155906677246,2.6796932220458984,0.5611723065376282,1.5285106897354126,2.8757896423339844,0.04789421334862709,0.19609642028808594,0.1963312178850174,8396,10000,0.8396,405.01171217523154,405.01171217523154,26600,True,217,108000,0.0,0.0,1,FIRE,greedy,21003,31798,30888,24707,9734,98662,0.08980036163696077,1,54198,2,2,405.01171217523154,2614.4383964355884,2,2,,,1,FIRE,False,,
108604,dqn,463,11.0,546,0.0,0.0,0.05,,,,,,,,,,8604,10000,0.8604,403.90215865347864,403.90215865347864,26652,True,218,108500,0.0,0.0,3,LEFT,greedy,21044,31817,30954,24789,9747,98857,0.08974807557732681,1,54302,2,2,403.90215865347864,2549.1277335194322,2,2,,,3,LEFT,False,,
108795,dqn,463,,,6.0,6.0,0.05,0.010037246160209179,1.5415037870407104,2.7829463481903076,0.580500602722168,1.5200753211975098,2.659529447555542,0.08543653786182404,0.6336880326271057,0.49719420075416565,8796,10000,0.8796,403.60883193920745,403.60883193920745,26700,True,218,108500,0.0,0.0,3,LEFT,greedy,21066,31855,30992,24883,9757,99039,0.0896816059413949,0,54398,2,2,403.60883193920745,2496.0792678295825,2,2,,,3,LEFT,False,,
108796,dqn,463,,,2.0,2.0,0.05,0.010037246160209179,1.5415037870407104,2.7829463481903076,0.580500602722168,1.5200753211975098,2.659529447555542,0.08543653786182404,0.6336880326271057,0.49719420075416565,8796,10000,0.8796,403.6077985382226,403.6077985382226,26700,True,218,108500,0.0,0.0,3,LEFT,random,21066,31855,30992,24883,9757,99039,0.0896816059413949,1,54398,2,2,403.6077985382226,2496.072876862464,2,2,,,3,LEFT,False,,
108881,dqn,464,10.0,354,0.0,0.0,0.05,,,,,,,,,,8882,10000,0.8882,403.71103070085326,403.71103070085326,26721,False,218,108500,0.0,0.0,3,LEFT,greedy,21070,31859,31023,24930,9757,99125,0.08961077129369409,0,54441,2,2,403.71103070085326,2474.491355819089,2,2,,,3,LEFT,False,,
109195,dqn,464,,,3.0,3.0,0.05,0.009874619543552399,1.6453754901885986,2.8597962856292725,0.5180453062057495,1.6065640449523926,2.72438383102417,0.08286374062299728,0.6267914772033691,0.5488678812980652,9196,10000,0.9196,403.75359123775434,403.75359123775434,26800,True,219,109000,0.0,0.0,2,RIGHT,greedy,21110,31912,31105,25069,9771,99425,0.08948129968130701,0,54598,2,2,403.75359123775434,2397.144255589268,2,2,,,2,RIGHT,False,,
109196,dqn,464,,,5.0,5.0,0.05,0.009874619543552399,1.6453754901885986,2.8597962856292725,0.5180453062057495,1.6065640449523926,2.72438383102417,0.08286374062299728,0.6267914772033691,0.5488678812980652,9196,10000,0.9196,403.75258435052405,403.75258435052405,26800,True,219,109000,0.0,0.0,3,LEFT,greedy,21110,31912,31105,25069,9771,99425,0.08948129968130701,1,54598,2,2,403.75258435052405,2397.138277552187,2,2,,,3,LEFT,False,,
109212,dqn,465,5.0,304,0.0,0.0,0.05,,,,,,,,,,9212,10000,0.9212,403.68528025818625,403.68528025818625,26804,True,219,109000,0.0,0.0,3,LEFT,greedy,21111,31912,31108,25081,9772,99440,0.08947734681170567,1,54606,2,2,403.68528025818625,2392.926445264711,2,2,,,3,LEFT,False,,
109595,dqn,465,,,6.0,6.0,0.05,0.0031429266091436148,1.6919763088226318,2.867910623550415,0.45937296748161316,1.7172595262527466,2.9536802768707275,0.05688275769352913,0.21419072151184082,0.17419441044330597,9596,10000,0.9596,404.82153244873695,404.82153244873695,26900,True,220,109500,0.0,0.0,3,LEFT,greedy,21156,31982,31231,25227,9797,99799,0.08939194861126319,0,54798,2,2,404.82153244873695,2311.7351328809805,2,2,,,3,LEFT,False,,
109596,dqn,465,,,3.0,3.0,0.05,0.0031429266091436148,1.6919763088226318,2.867910623550415,0.45937296748161316,1.7172595262527466,2.9536802768707275,0.05688275769352913,0.21419072151184082,0.17419441044330597,9596,10000,0.9596,404.82059316180187,404.82059316180187,26900,True,220,109500,0.0,0.0,3,LEFT,greedy,21156,31982,31231,25227,9797,99799,0.08939194861126319,1,54798,2,2,404.82059316180187,2311.7297690788264,2,2,,,3,LEFT,False,,
109689,dqn,466,7.0,404,0.0,0.0,0.05,,,,,,,,,,9690,10000,0.969,404.91095732433934,404.91095732433934,26923,False,220,109500,0.0,0.0,3,LEFT,greedy,21167,31986,31251,25286,9802,99888,0.08936092624669523,0,54845,2,2,404.91095732433934,2291.779303865159,2,2,,,3,LEFT,False,,
109724,dqn,467,4.0,256,0.0,0.0,0.05,,,,,,,,,,9724,10000,0.9724,404.7178430106514,404.7178430106514,26932,True,220,109500,0.0,0.0,2,RIGHT,greedy,21167,31989,31267,25301,9804,99920,0.08935146367248734,1,54862,2,2,404.7178430106514,2283.384440893702,2,2,,,2,RIGHT,False,,
109995,dqn,467,,,3.0,3.0,0.05,0.0025922737549990416,1.609537124633789,2.4857139587402344,0.5993699431419373,1.597548007965088,2.555844306945801,0.05952863395214081,0.19772613048553467,0.41709980368614197,9996,10000,0.9996,405.3158462651599,405.3158462651599,27000,True,220,109500,0.0,0.0,0,NOOP,greedy,21203,32067,31352,25374,9814,100182,0.08922142623368122,0,54998,2,2,405.3158462651599,2230.0481105333397,2,2,,,0,NOOP,False,,
109996,dqn,467,,,2.0,2.0,0.05,0.0025922737549990416,1.609537124633789,2.4857139587402344,0.5993699431419373,1.597548007965088,2.555844306945801,0.05952863395214081,0.19772613048553467,0.41709980368614197,9996,10000,0.9996,405.3149357873519,405.3149357873519,27000,True,220,109500,0.0,0.0,0,NOOP,greedy,21203,32067,31352,25374,9814,100182,0.08922142623368122,1,54998,2,2,405.3149357873519,2230.0431010837115,2,2,,,0,NOOP,False,,
110395,dqn,467,,,6.0,6.0,0.05,0.0035766600631177425,1.6394634246826172,2.566343069076538,0.8622770309448242,1.694717526435852,2.601907968521118,0.06599463522434235,0.2504931688308716,0.4322982132434845,10000,10000,1.0,406.63843265009365,406.63843265009365,27100,True,221,110000,0.0,0.0,1,FIRE,greedy,21312,32132,31464,25488,9837,100559,0.08910648936555672,0,55198,2,2,406.63843265009365,2159.063890479018,2,2,,,1,FIRE,False,,
110396,dqn,467,,,5.0,5.0,0.05,0.0035766600631177425,1.6394634246826172,2.566343069076538,0.8622770309448242,1.694717526435852,2.601907968521118,0.06599463522434235,0.2504931688308716,0.4322982132434845,10000,10000,1.0,406.6375435267216,406.6375435267216,27100,True,221,110000,0.0,0.0,1,FIRE,greedy,21312,32132,31464,25488,9837,100559,0.08910648936555672,1,55198,2,2,406.6375435267216,2159.0591696410133,2,2,,,1,FIRE,False,,
110670,dqn,468,8.0,473,0.0,0.0,0.05,,,,,,,,,,10000,10000,1.0,407.48339785062984,407.48339785062984,27168,False,222,110500,0.0,0.0,0,NOOP,greedy,21385,32150,31545,25590,9848,100822,0.08898527152796602,1,55335,2,2,407.48339785062984,2113.2234133143957,2,2,,,0,NOOP,False,,
110795,dqn,468,,,10.0,10.0,0.05,0.0036574890837073326,1.6637370586395264,2.6599695682525635,0.6958041191101074,1.673020839691162,2.659325122833252,0.06231303513050079,0.2511436939239502,0.26993364095687866,10000,10000,1.0,407.3675446654094,407.3675446654094,27200,True,222,110500,0.0,0.0,2,RIGHT,greedy,21403,32158,31592,25643,9856,100940,0.08895628001010866,0,55398,2,2,407.3675446654094,2090.343390086546,2,2,,,2,RIGHT,False,,
110796,dqn,468,,,1.0,1.0,0.05,0.0036574890837073326,1.6637370586395264,2.6599695682525635,0.6958041191101074,1.673020839691162,2.659325122833252,0.06231303513050079,0.2511436939239502,0.26993364095687866,10000,10000,1.0,407.36651325636586,407.36651325636586,27200,True,222,110500,0.0,0.0,2,RIGHT,greedy,21403,32158,31592,25643,9856,100940,0.08895628001010866,1,55398,2,2,407.36651325636586,2090.3380975709665,2,2,,,2,RIGHT,False,,
110887,dqn,469,11.0,599,0.0,0.0,0.05,,,,,,,,,,10000,10000,1.0,407.4514319728058,407.4514319728058,27223,True,222,110500,0.0,0.0,2,RIGHT,greedy,21419,32185,31616,25668,9862,101026,0.0889365846620013,0,55444,2,2,407.4514319728058,2074.8289120408012,2,2,,,2,RIGHT,False,,
111190,dqn,470,4.0,260,0.0,0.0,0.05,,,,,,,,,,10000,10000,1.0,408.1619328304356,408.1619328304356,27298,False,223,111000,0.0,0.0,3,LEFT,greedy,21440,32253,31700,25797,9878,101312,0.08883892436370178,1,55595,2,2,408.1619328304356,2027.8608271410249,2,2,,,3,LEFT,False,,
111195,dqn,470,,,2.0,2.0,0.05,0.0035510973539203405,1.56637704372406,2.539472818374634,0.2547760009765625,1.585433006286621,2.615204095840454,0.06044137477874756,0.2852237820625305,0.18019451200962067,10000,10000,1.0,408.0983643050355,408.0983643050355,27300,True,223,111000,0.0,0.0,2,RIGHT,greedy,21440,32255,31702,25799,9878,101318,0.08883413072412677,0,55598,2,2,408.0983643050355,2026.5677794418866,2,2,,,2,RIGHT,False,,
111196,dqn,470,,,0.0,0.0,0.05,0.0035510973539203405,1.56637704372406,2.539472818374634,0.2547760009765625,1.585433006286621,2.615204095840454,0.06044137477874756,0.2852237820625305,0.18019451200962067,10000,10000,1.0,408.09750599854556,408.09750599854556,27300,True,223,111000,0.0,0.0,3,LEFT,greedy,21440,32255,31702,25799,9878,101318,0.08883413072412677,1,55598,2,2,408.09750599854556,2026.563517194278,2,2,,,3,LEFT,False,,
111541,dqn,471,9.0,327,0.0,0.0,0.05,,,,,,,,,,10000,10000,1.0,408.75159620003365,408.75159620003365,27386,False,224,111500,0.0,0.0,3,LEFT,random,21467,32322,31835,25918,9896,101646,0.08871994405694716,0,55771,2,2,408.75159620003365,1975.0896960381283,2,2,,,3,LEFT,False,,
111595,dqn,471,,,0.0,0.0,0.05,0.002564669121056795,1.8004482984542847,2.5304980278015137,0.6953607797622681,1.8090245723724365,2.471585512161255,0.052143171429634094,0.19310688972473145,0.1853969842195511,10000,10000,1.0,408.7143179509923,408.7143179509923,27400,True,224,111500,0.0,0.0,1,FIRE,greedy,21472,32326,31869,25929,9899,101697,0.08870389619699631,0,55798,2,2,408.7143179509923,1966.6644975016789,2,2,,,1,FIRE,False,,
111596,dqn,471,,,2.0,2.0,0.05,0.002564669121056795,1.8004482984542847,2.5304980278015137,0.6953607797622681,1.8090245723724365,2.471585512161255,0.052143171429634094,0.19310688972473145,0.1853969842195511,10000,10000,1.0,408.7135083581476,408.7135083581476,27400,True,224,111500,0.0,0.0,0,NOOP,greedy,21472,32326,31869,25929,9899,101697,0.08870389619699631,1,55798,2,2,408.7135083581476,1966.660601877192,2,2,,,0,NOOP,False,,
111840,dqn,472,5.0,325,0.0,0.0,0.05,,,,,,,,,,10000,10000,1.0,407.9684339396261,407.9684339396261,27461,True,224,111500,0.0,0.0,2,RIGHT,greedy,21508,32370,31944,26018,9907,101933,0.0885819027181688,1,55920,2,2,407.9684339396261,1926.8238873229639,2,2,,,2,RIGHT,False,,
111995,dqn,472,,,4.0,4.0,0.05,0.00324906874448061,1.6593616008758545,2.7070727348327637,0.3671155571937561,1.708025574684143,2.769179344177246,0.061295993626117706,0.2061213254928589,0.24929694831371307,10000,10000,1.0,407.6117339072174,407.6117339072174,27500,True,224,111500,0.0,0.0,3,LEFT,greedy,21515,32392,32004,26085,9918,102078,0.08855673416907747,0,55998,2,2,407.6117339072174,1902.7544077472792,2,2,,,3,LEFT,False,,
111996,dqn,472,,,1.0,1.0,0.05,0.00324906874448061,1.6593616008758545,2.7070727348327637,0.3671155571937561,1.708025574684143,2.769179344177246,0.061295993626117706,0.2061213254928589,0.24929694831371307,10000,10000,1.0,407.61096799332165,407.61096799332165,27500,True,224,111500,0.0,0.0,2,RIGHT,greedy,21515,32392,32004,26085,9918,102078,0.08855673416907747,1,55998,2,2,407.61096799332165,1902.7508324183082,2,2,,,2,RIGHT,False,,
112395,dqn,472,,,7.0,7.0,0.05,0.0017055869102478027,1.3615162372589111,2.5195608139038086,0.2648969888687134,1.388877034187317,2.471884250640869,0.04214370623230934,0.1508197784423828,0.23570385575294495,10000,10000,1.0,406.7139256045318,406.7139256045318,27600,True,225,112000,0.0,0.0,0,NOOP,greedy,21548,32454,32137,26257,9949,102447,0.08851738496031887,0,56198,2,2,406.7139256045318,1843.8616643371633,2,2,,,0,NOOP,False,,
112396,dqn,472,,,5.0,5.0,0.05,0.0017055869102478027,1.3615162372589111,2.5195608139038086,0.2648969888687134,1.388877034187317,2.471884250640869,0.04214370623230934,0.1508197784423828,0.23570385575294495,10000,10000,1.0,406.71312361090617,406.71312361090617,27600,True,225,112000,0.0,0.0,3,LEFT,greedy,21548,32454,32137,26257,9949,102447,0.08851738496031887,1,56198,2,2,406.71312361090617,1843.8580284515733,2,2,,,3,LEFT,False,,
112608,dqn,473,7.0,384,0.0,0.0,0.05,,,,,,,,,,10000,10000,1.0,406.07694927675294,406.07694927675294,27653,True,226,112500,0.0,0.0,0,NOOP,greedy,21594,32463,32207,26344,9961,102647,0.08845730321113952,1,56304,2,2,406.07694927675294,1813.432467645804,2,2,,,0,NOOP,False,,
112631,dqn,474,9.0,545,0.0,0.0,0.05,,,,,,,,,,10000,10000,1.0,405.94591344824727,405.94591344824727,27659,True,226,112500,0.0,0.0,3,LEFT,greedy,21594,32465,32212,26361,9962,102670,0.0884473329071667,0,56316,2,2,405.94591344824727,1809.7886369340954,2,2,,,3,LEFT,False,,
112795,dqn,474,,,1.0,1.0,0.05,0.005102624651044607,1.7326586246490479,2.8186159133911133,0.5725539326667786,1.8018450736999512,2.9943995475769043,0.06953459233045578,0.36136603355407715,0.4728569984436035,10000,10000,1.0,405.78312880801434,405.78312880801434,27700,True,226,112500,0.0,0.0,3,LEFT,greedy,21599,32499,32268,26430,9967,102829,0.08836306251994752,0,56398,2,2,405.78312880801434,1788.4774068860888,2,2,,,3,LEFT,False,,
112796,dqn,474,,,1.0,1.0,0.05,0.005102624651044607,1.7326586246490479,2.8186159133911133,0.5725539326667786,1.8018450736999512,2.9943995475769043,0.06953459233045578,0.36136603355407715,0.4728569984436035,10000,10000,1.0,405.7824197771579,405.7824197771579,27700,True,226,112500,0.0,0.0,3,LEFT,greedy,21599,32499,32268,26430,9967,102829,0.08836306251994752,1,56398,2,2,405.7824197771579,1788.4742818530908,2,2,,,3,LEFT,False,,
113195,dqn,474,,,6.0,6.0,0.05,0.004388889297842979,1.7486298084259033,2.6290032863616943,0.5519336462020874,1.7775015830993652,2.6448450088500977,0.0613994300365448,0.3755342960357666,0.33739471435546875,10000,10000,1.0,405.52624093320424,405.52624093320424,27800,True,227,113000,0.0,0.0,3,LEFT,greedy,21628,32519,32411,26638,9986,103210,0.08821866497049366,0,56598,2,2,405.52624093320424,1739.312987597567,2,2,,,3,LEFT,False,,
113196,dqn,474,,,6.0,6.0,0.05,0.004388889297842979,1.7486298084259033,2.6290032863616943,0.5519336462020874,1.7775015830993652,2.6448450088500977,0.0613994300365448,0.3755342960357666,0.33739471435546875,10000,10000,1.0,405.52553931011363,405.52553931011363,27800,True,227,113000,0.0,0.0,2,RIGHT,greedy,21628,32519,32411,26638,9986,103210,0.08821866497049366,1,56598,2,2,405.52553931011363,1739.309978317203,2,2,,,2,RIGHT,False,,
113322,dqn,475,7.0,357,0.0,0.0,0.05,,,,,,,,,,10000,10000,1.0,404.67397775918494,404.67397775918494,27831,False,227,113000,0.0,0.0,2,RIGHT,greedy,21644,32524,32459,26695,9990,103332,0.0881558744109705,1,56661,2,2,404.67397775918494,1721.1554011269461,2,2,,,2,RIGHT,False,,
113595,dqn,475,,,10.0,10.0,0.05,0.001667734351940453,1.5720843076705933,2.5873215198516846,0.4302070736885071,1.5586997270584106,2.5511858463287354,0.04571542516350746,0.14217770099639893,0.3297869861125946,10000,10000,1.0,404.2669129765416,404.2669129765416,27900,True,228,113500,0.0,0.0,3,LEFT,greedy,21674,32560,32551,26811,10007,103589,0.08809289059473925,0,56798,2,2,404.2669129765416,1688.8461402796124,2,2,,,3,LEFT,False,,
113596,dqn,475,,,2.0,2.0,0.05,0.001667734351940453,1.5720843076705933,2.5873215198516846,0.4302070736885071,1.5586997270584106,2.5511858463287354,0.04571542516350746,0.14217770099639893,0.3297869861125946,10000,10000,1.0,404.2662314128985,404.2662314128985,27900,True,228,113500,0.0,0.0,1,FIRE,greedy,21674,32560,32551,26811,10007,103589,0.08809289059473925,1,56798,2,2,404.2662314128985,1688.8432930119013,2,2,,,1,FIRE,False,,
113611,dqn,476,10.0,490,0.0,0.0,0.05,,,,,,,,,,10000,10000,1.0,404.2029445009542,404.2029445009542,27904,True,228,113500,0.0,0.0,2,RIGHT,greedy,21675,32562,32555,26820,10008,103604,0.08808928634299194,0,56806,2,2,404.2029445009542,1686.8316533441964,2,2,,,2,RIGHT,False,,
113995,dqn,476,,,3.0,3.0,0.05,0.004318072460591793,1.6776020526885986,2.8816323280334473,0.26382267475128174,1.7194541692733765,2.676478147506714,0.07030017673969269,0.2581937313079834,0.2779231667518616,10000,10000,1.0,404.06655980921613,404.06655980921613,28000,True,228,113500,0.0,0.0,2,RIGHT,greedy,21723,32659,32675,26939,10021,103975,0.08790659321379697,0,56998,2,2,404.06655980921613,1645.5405670195557,2,2,,,2,RIGHT,False,,
113996,dqn,476,,,7.0,7.0,0.05,0.004318072460591793,1.6776020526885986,2.8816323280334473,0.26382267475128174,1.7194541692733765,2.676478147506714,0.07030017673969269,0.2581937313079834,0.2779231667518616,10000,10000,1.0,404.0654189298643,404.0654189298643,28000,True,228,113500,1.0,1.0,2,RIGHT,greedy,21723,32659,32675,26939,10021,103975,0.08790659321379697,1,56998,2,2,404.0654189298643,1645.5359208462708,2,2,,,2,RIGHT,False,,
114286,dqn,477,9.0,482,0.0,0.0,0.05,,,,,,,,,,10000,10000,1.0,404.4365506246223,404.4365506246223,28072,False,229,114000,0.0,0.0,3,LEFT,greedy,21769,32681,32788,27048,10032,104254,0.08777978055054862,1,57143,2,2,404.4365506246223,1617.7178925061455,2,2,,,3,LEFT,False,,
114321,dqn,478,6.0,355,0.0,0.0,0.05,,,,,,,,,,10000,10000,1.0,404.4280871350998,404.4280871350998,28081,False,229,114000,0.0,0.0,3,LEFT,greedy,21770,32684,32791,27077,10034,104288,0.08776963314147758,0,57161,2,2,404.4280871350998,1614.1260919375395,2,2,,,3,LEFT,False,,
114395,dqn,478,,,1.0,1.0,0.05,0.0012759766541421413,1.7290948629379272,2.5721402168273926,0.4053904116153717,1.7308692932128906,2.568321704864502,0.03852080553770065,0.13063323497772217,0.23411905765533447,10000,10000,1.0,404.5474460126637,404.5474460126637,28100,True,229,114000,0.0,0.0,3,LEFT,greedy,21770,32703,32802,27121,10038,104358,0.0877478233504668,0,57198,2,2,404.5474460126637,1607.3426519194456,2,2,,,3,LEFT,False,,
114396,dqn,478,,,1.0,1.0,0.05,0.0012759766541421413,1.7290948629379272,2.5721402168273926,0.4053904116153717,1.7308692932128906,2.568321704864502,0.03852080553770065,0.13063323497772217,0.23411905765533447,10000,10000,1.0,404.54677073449136,404.54677073449136,28100,True,229,114000,0.0,0.0,1,FIRE,fire_reset,21770,32703,32802,27121,10038,104358,0.0877478233504668,1,57198,2,2,404.54677073449136,1607.3399689129924,2,2,,,2,RIGHT,True,after_life_loss,
114795,dqn,478,,,4.0,4.0,0.05,0.00254248920828104,1.6565446853637695,2.8458619117736816,0.3220376968383789,1.6623066663742065,2.78414249420166,0.058325186371803284,0.17341768741607666,0.2759735584259033,10000,10000,1.0,405.1711570879531,405.1711570879531,28200,True,230,114500,0.0,0.0,3,LEFT,greedy,21790,32780,32945,27281,10057,104739,0.08760758214571936,0,57398,2,2,405.1711570879531,1571.7771069569026,2,2,,,3,LEFT,False,,
114796,dqn,478,,,4.0,4.0,0.05,0.00254248920828104,1.6565446853637695,2.8458619117736816,0.3220376968383789,1.6623066663742065,2.78414249420166,0.058325186371803284,0.17341768741607666,0.2759735584259033,10000,10000,1.0,405.1704381239579,405.1704381239579,28200,True,230,114500,0.0,0.0,2,RIGHT,greedy,21790,32780,32945,27281,10057,104739,0.08760758214571936,1,57398,2,2,405.1704381239579,1571.7743178858434,2,2,,,2,RIGHT,False,,
115021,dqn,479,6.0,350,0.0,0.0,0.05,,,,,,,,,,10000,10000,1.0,405.3427444084099,405.3427444084099,28256,False,231,115000,0.0,0.0,3,LEFT,greedy,21845,32786,33009,27382,10071,104951,0.08755716297751734,0,57511,2,2,405.3427444084099,1551.835080127284,2,2,,,3,LEFT,False,,
115088,dqn,480,7.0,401,0.0,0.0,0.05,,,,,,,,,,10000,10000,1.0,405.3594134914321,405.3594134914321,28273,True,231,115000,0.0,0.0,3,LEFT,greedy,21848,32804,33023,27413,10074,105014,0.0875330182121507,1,57544,2,2,405.3594134914321,1545.9969571812678,2,2,,,3,LEFT,False,,
115195,dqn,480,,,1.0,1.0,0.05,0.001649240031838417,1.5111989974975586,2.4897775650024414,0.30575162172317505,1.537287712097168,2.459383010864258,0.0421280637383461,0.13992536067962646,0.09745028614997864,10000,10000,1.0,405.577561557647,405.577561557647,28300,True,231,115000,0.0,0.0,3,LEFT,greedy,21852,32836,33052,27456,10082,105114,0.08752040001388937,0,57598,2,2,405.577561557647,1537.276677454419,2,2,,,3,LEFT,False,,
115196,dqn,480,,,0.0,0.0,0.05,0.001649240031838417,1.5111989974975586,2.4897775650024414,0.30575162172317505,1.537287712097168,2.459383010864258,0.0421280637383461,0.13992536067962646,0.09745028614997864,10000,10000,1.0,405.576577590048,405.576577590048,28300,True,231,115000,0.0,0.0,0,NOOP,greedy,21852,32836,33052,27456,10082,105114,0.08752040001388937,1,57598,2,2,405.576577590048,1537.2729478830997,2,2,,,0,NOOP,False,,
115595,dqn,480,,,4.0,4.0,0.05,0.004661531187593937,1.7226756811141968,2.7855141162872314,0.294742226600647,1.6822247505187988,2.618035078048706,0.06696692854166031,0.32233548164367676,0.8681730628013611,10000,10000,1.0,406.02724165936394,406.02724165936394,28400,True,232,115500,0.0,0.0,0,NOOP,greedy,21884,32929,33175,27608,10105,105491,0.08741651960275441,0,57798,2,2,406.02724165936394,1504.716755156958,2,2,,,0,NOOP,False,,
115596,dqn,480,,,4.0,4.0,0.05,0.004661531187593937,1.7226756811141968,2.7855141162872314,0.294742226600647,1.6822247505187988,2.618035078048706,0.06696692854166031,0.32233548164367676,0.8681730628013611,10000,10000,1.0,406.02654823285417,406.02654823285417,28400,True,232,115500,0.0,0.0,2,RIGHT,greedy,21884,32929,33175,27608,10105,105491,0.08741651960275441,1,57798,2,2,406.02654823285417,1504.714185352815,2,2,,,2,RIGHT,False,,
115677,dqn,481,5.0,328,0.0,0.0,0.05,,,,,,,,,,10000,10000,1.0,406.05092330769565,406.05092330769565,28420,False,232,115500,0.0,0.0,3,LEFT,greedy,21901,32933,33190,27654,10108,105570,0.08738048721450924,0,57839,2,2,406.05092330769565,1497.9958765910071,2,2,,,3,LEFT,False,,
115995,dqn,481,,,3.0,3.0,0.05,0.002961584832519293,1.771153450012207,3.0205252170562744,0.8068950176239014,1.770987868309021,2.8366212844848633,0.053900137543678284,0.23067474365234375,0.46945035457611084,10000,10000,1.0,406.47702074235997,406.47702074235997,28500,True,232,115500,0.0,0.0,3,LEFT,greedy,21940,32982,33285,27789,10119,105877,0.0872357667505776,0,57998,2,2,406.47702074235997,1473.7968397734053,2,2,,,3,LEFT,False,,
115996,dqn,481,,,9.0,9.0,0.05,0.002961584832519293,1.771153450012207,3.0205252170562744,0.8068950176239014,1.770987868309021,2.8366212844848633,0.053900137543678284,0.23067474365234375,0.46945035457611084,10000,10000,1.0,406.47645780894726,406.47645780894726,28500,True,232,115500,0.0,0.0,2,RIGHT,greedy,21940,32982,33285,27789,10119,105877,0.0872357667505776,1,57998,2,2,406.47645780894726,1473.7947986998827,2,2,,,2,RIGHT,False,,
116156,dqn,482,11.0,534,0.0,0.0,0.05,,,,,,,,,,10000,10000,1.0,406.5536928378991,406.5536928378991,28540,True,233,116000,0.0,0.0,2,RIGHT,greedy,21975,32989,33343,27849,10131,106025,0.08721891249698681,1,58078,2,2,406.5536928378991,1461.4895625550573,2,2,,,2,RIGHT,False,,
116317,dqn,483,6.0,320,0.0,0.0,0.05,,,,,,,,,,10000,10000,1.0,406.71877583879444,406.71877583879444,28580,False,233,116000,0.0,0.0,3,LEFT,greedy,21976,33027,33381,27934,10135,106183,0.08713182826389725,0,58159,2,2,406.71877583879444,1449.5867927447264,2,2,,,3,LEFT,False,,
116395,dqn,483,,,0.0,0.0,0.05,0.004153369925916195,1.634848952293396,2.4706430435180664,0.48121172189712524,1.6847456693649292,2.5757336616516113,0.05439183861017227,0.41180288791656494,0.4404236078262329,10000,10000,1.0,406.8394949761595,406.8394949761595,28600,True,233,116000,0.0,0.0,1,FIRE,greedy,21987,33053,33392,27964,10141,106255,0.08712498711295921,0,58198,2,2,406.8394949761595,1444.0866631265267,2,2,,,1,FIRE,False,,
116396,dqn,483,,,2.0,2.0,0.05,0.004153369925916195,1.634848952293396,2.4706430435180664,0.48121172189712524,1.6847456693649292,2.5757336616516113,0.05439183861017227,0.41180288791656494,0.4404236078262329,10000,10000,1.0,406.83894681525044,406.83894681525044,28600,True,233,116000,0.0,0.0,1,FIRE,greedy,21987,33053,33392,27964,10141,106255,0.08712498711295921,1,58198,2,2,406.83894681525044,1444.0847174160738,2,2,,,1,FIRE,False,,
116795,dqn,483,,,3.0,3.0,0.05,0.0030655646696686745,1.707012414932251,2.8058972358703613,0.5999031662940979,1.7633774280548096,2.832756519317627,0.0551486499607563,0.3121066093444824,0.4029780924320221,10000,10000,1.0,407.13937856295905,407.13937856295905,28700,True,234,116500,0.0,0.0,3,LEFT,greedy,22072,33102,33535,28087,10164,106632,0.08702352820302064,0,58398,2,2,407.13937856295905,1415.5826047463493,2,2,,,3,LEFT,False,,
116796,dqn,483,,,5.0,5.0,0.05,0.0030655646696686745,1.707012414932251,2.8058972358703613,0.5999031662940979,1.7633774280548096,2.832756519317627,0.0551486499607563,0.3121066093444824,0.4029780924320221,10000,10000,1.0,407.1388101001905,407.1388101001905,28700,True,234,116500,0.0,0.0,2,RIGHT,greedy,22072,33102,33535,28087,10164,106632,0.08702352820302064,1,58398,2,2,407.1388101001905,1415.580628258569,2,2,,,2,RIGHT,False,,
116909,dqn,484,4.0,296,0.0,0.0,0.05,,,,,,,,,,10000,10000,1.0,406.99302295499217,406.99302295499217,28728,False,234,116500,0.0,0.0,3,LEFT,greedy,22077,33112,33565,28156,10170,106740,0.0869899923017706,0,58455,2,2,406.99302295499217,1406.9058046619791,2,2,,,3,LEFT,False,,
116994,dqn,485,7.0,419,0.0,0.0,0.05,,,,,,,,,,10000,10000,1.0,406.88539247427195,406.88539247427195,28749,False,234,116500,0.0,0.0,2,RIGHT,greedy,22086,33152,33573,28183,10174,106820,0.08696172453288203,1,58497,2,2,406.88539247427195,1400.5869603134922,2,2,,,2,RIGHT,False,,
117195,dqn,485,,,2.0,2.0,0.05,0.015334423631429672,1.4443320035934448,2.6710472106933594,0.5723419785499573,1.4473748207092285,2.6388227939605713,0.09042072296142578,0.8822773694992065,0.37616032361984253,10000,10000,1.0,406.5422944022122,406.5422944022122,28800,True,235,117000,0.0,0.0,2,RIGHT,greedy,22107,33248,33622,28219,10181,107015,0.08687156558244309,0,58598,2,2,406.5422944022122,1385.3550457886038,2,2,,,2,RIGHT,False,,
117196,dqn,485,,,2.0,2.0,0.05,0.015334423631429672,1.4443320035934448,2.6710472106933594,0.5723419785499573,1.4473748207092285,2.6388227939605713,0.09042072296142578,0.8822773694992065,0.37616032361984253,10000,10000,1.0,406.54175809042766,406.54175809042766,28800,True,235,117000,0.0,0.0,1,FIRE,fire_reset,22107,33248,33622,28219,10181,107015,0.08687156558244309,1,58598,2,2,406.54175809042766,1385.353218224173,2,2,,,2,RIGHT,True,after_life_loss,
117567,dqn,486,6.0,329,0.0,0.0,0.05,,,,,,,,,,10000,10000,1.0,405.7956938420846,405.7956938420846,28893,True,236,117500,0.0,0.0,3,LEFT,greedy,22146,33343,33716,28363,10196,107372,0.08672427871529668,0,58784,2,2,405.7956938420846,1357.8263926920024,2,2,,,3,LEFT,False,,
117595,dqn,486,,,0.0,0.0,0.05,0.00725674768909812,1.7314329147338867,2.7683305740356445,0.5182094573974609,1.7150546312332153,2.836790084838867,0.07578384131193161,0.5455060005187988,0.47908392548561096,10000,10000,1.0,405.73134960739554,405.73134960739554,28900,True,236,117500,0.0,0.0,3,LEFT,greedy,22148,33345,33725,28378,10196,107400,0.08670362937514882,0,58798,2,2,405.73134960739554,1355.7735788938191,2,2,,,3,LEFT,False,,
117596,dqn,486,,,6.0,6.0,0.05,0.00725674768909812,1.7314329147338867,2.7683305740356445,0.5182094573974609,1.7150546312332153,2.836790084838867,0.07578384131193161,0.5455060005187988,0.47908392548561096,10000,10000,1.0,405.7307910909265,405.7307910909265,28900,True,236,117500,0.0,0.0,2,RIGHT,greedy,22148,33345,33725,28378,10196,107400,0.08670362937514882,1,58798,2,2,405.7307910909265,1355.771712580376,2,2,,,2,RIGHT,False,,
117760,dqn,487,7.0,383,0.0,0.0,0.05,,,,,,,,,,10000,10000,1.0,405.62235707214796,405.62235707214796,28941,True,236,117500,0.0,0.0,2,RIGHT,greedy,22186,33355,33778,28441,10199,107561,0.08660835597826087,1,58880,2,2,405.62235707214796,1344.7660126355895,2,2,,,2,RIGHT,False,,
117995,dqn,487,,,4.0,4.0,0.05,0.0038517878856509924,1.533123254776001,2.8733584880828857,0.4624697268009186,1.5429370403289795,2.9219279289245605,0.06090269982814789,0.33204299211502075,0.25441086292266846,10000,10000,1.0,405.10520531036116,405.10520531036116,29000,True,236,117500,0.0,0.0,2,RIGHT,greedy,22222,33386,33860,28528,10212,107784,0.08654530662056341,0,58998,2,2,405.10520531036116,1328.094960152294,2,2,,,2,RIGHT,False,,
117996,dqn,487,,,2.0,2.0,0.05,0.0038517878856509924,1.533123254776001,2.8733584880828857,0.4624697268009186,1.5429370403289795,2.9219279289245605,0.06090269982814789,0.33204299211502075,0.25441086292266846,10000,10000,1.0,405.1046672748053,405.1046672748053,29000,True,236,117500,0.0,0.0,3,LEFT,greedy,22222,33386,33860,28528,10212,107784,0.08654530662056341,1,58998,2,2,405.1046672748053,1328.0931962591112,2,2,,,3,LEFT,False,,
118395,dqn,487,,,8.0,8.0,0.05,0.006168200634419918,1.8489127159118652,2.8514108657836914,0.748104989528656,1.8546823263168335,2.7915892601013184,0.06195772439241409,0.49656033515930176,0.4930962026119232,10000,10000,1.0,404.36319671036887,404.36319671036887,29100,True,237,118000,0.0,0.0,2,RIGHT,greedy,22299,33419,33995,28683,10225,108171,0.08636271495658637,0,59198,2,2,404.36319671036887,1301.233557233117,2,2,,,2,RIGHT,False,,
118396,dqn,487,,,11.0,8.0,0.05,0.006168200634419918,1.8489127159118652,2.8514108657836914,0.748104989528656,1.8546823263168335,2.7915892601013184,0.06195772439241409,0.49656033515930176,0.4930962026119232,10000,10000,1.0,404.3627265202081,404.3627265202081,29100,True,237,118000,0.0,0.0,2,RIGHT,greedy,22299,33419,33995,28683,10225,108171,0.08636271495658637,1,59198,2,2,404.3627265202081,1301.2320441695629,2,2,,,2,RIGHT,False,,
118759,dqn,488,12.0,596,0.0,0.0,0.05,,,,,,,,,,10000,10000,1.0,403.97023149354067,403.97023149354067,29191,True,238,118500,0.0,0.0,2,RIGHT,greedy,22420,33437,34109,28794,10239,108521,0.08621589760862243,0,59380,2,2,403.97023149354067,1278.664837211431,2,2,,,2,RIGHT,False,,
118795,dqn,488,,,0.0,0.0,0.05,0.002574094571173191,1.4936190843582153,2.6665494441986084,0.39746057987213135,1.5038580894470215,2.627589464187622,0.06155174970626831,0.1570570468902588,0.2087145894765854,10000,10000,1.0,403.8111080522058,403.8111080522058,29200,True,238,118500,0.0,0.0,2,RIGHT,greedy,22420,33442,34125,28809,10239,108557,0.08618977069935015,0,59398,2,2,403.8111080522058,1276.0998189021557,2,2,,,2,RIGHT,False,,
118796,dqn,488,,,14.0,11.0,0.05,0.002574094571173191,1.4936190843582153,2.6665494441986084,0.39746057987213135,1.5038580894470215,2.627589464187622,0.06155174970626831,0.1570570468902588,0.2087145894765854,10000,10000,1.0,403.8105623671749,403.8105623671749,29200,True,238,118500,0.0,0.0,2,RIGHT,greedy,22420,33442,34125,28809,10239,108557,0.08618977069935015,1,59398,2,2,403.8105623671749,1276.0980944608136,2,2,,,2,RIGHT,False,,
118850,dqn,489,14.0,545,0.0,0.0,0.05,,,,,,,,,,10000,10000,1.0,403.48325099906765,403.48325099906765,29213,False,238,118500,0.0,0.0,3,LEFT,greedy,22420,33452,34147,28831,10241,108609,0.08616743794699201,1,59425,2,2,403.48325099906765,1271.9889756296868,2,2,,,3,LEFT,False,,
119195,dqn,489,,,4.0,4.0,0.05,0.0045265089720487595,1.7215220928192139,2.8084986209869385,0.6367121338844299,1.7689683437347412,2.940232992172241,0.05869215726852417,0.3855549097061157,0.42350664734840393,10000,10000,1.0,402.7056127769253,402.7056127769253,29300,True,239,119000,0.0,0.0,1,FIRE,greedy,22465,33509,34239,28983,10265,108931,0.08611866170005705,0,59598,2,2,402.7056127769253,1250.2838669659927,2,2,,,1,FIRE,False,,
119196,dqn,489,,,2.0,2.0,0.05,0.0045265089720487595,1.7215220928192139,2.8084986209869385,0.6367121338844299,1.7689683437347412,2.940232992172241,0.05869215726852417,0.3855549097061157,0.42350664734840393,10000,10000,1.0,402.7050425242337,402.7050425242337,29300,True,239,119000,0.0,0.0,2,RIGHT,greedy,22465,33509,34239,28983,10265,108931,0.08611866170005705,1,59598,2,2,402.7050425242337,1250.2820964971493,2,2,,,2,RIGHT,False,,
119246,dqn,490,2.0,198,0.0,0.0,0.05,,,,,,,,,,10000,10000,1.0,402.53684130239157,402.53684130239157,29312,False,239,119000,0.0,0.0,3,LEFT,greedy,22467,33518,34247,29014,10269,108977,0.08611609613739664,1,59623,2,2,402.53684130239157,1247.035960146134,2,2,,,3,LEFT,False,,
119565,dqn,491,7.0,403,0.0,0.0,0.05,,,,,,,,,,10000,10000,1.0,402.69612278229835,402.69612278229835,29392,False,240,119500,0.0,0.0,3,LEFT,greedy,22510,33587,34337,29132,10288,109278,0.08604452770854591,0,59783,2,2,402.69612278229835,1230.4192123220967,2,2,,,3,LEFT,False,,
119595,dqn,491,,,0.0,0.0,0.05,0.0021205544471740723,1.6290942430496216,2.7672195434570312,0.5415397882461548,1.6686389446258545,2.6930954456329346,0.051959529519081116,0.13744735717773438,0.273782342672348,10000,10000,1.0,402.72232813142966,402.72232813142966,29400,True,240,119500,0.0,0.0,2,RIGHT,greedy,22510,33591,34343,29152,10289,109307,0.08603130539482925,0,59798,2,2,402.72232813142966,1228.9237486019204,2,2,,,2,RIGHT,False,,
119596,dqn,491,,,3.0,3.0,0.05,0.0021205544471740723,1.6290942430496216,2.7672195434570312,0.5415397882461548,1.6686389446258545,2.6930954456329346,0.051959529519081116,0.13744735717773438,0.273782342672348,10000,10000,1.0,402.72182575265936,402.72182575265936,29400,True,240,119500,0.0,0.0,1,FIRE,random,22510,33591,34343,29152,10289,109307,0.08603130539482925,1,59798,2,2,402.72182575265936,1228.9222155724394,2,2,,,1,FIRE,False,,
119972,dqn,492,7.0,363,0.0,0.0,0.05,,,,,,,,,,10000,10000,1.0,403.2843956103925,403.2843956103925,29494,True,240,119500,0.0,0.0,0,NOOP,greedy,22607,33643,34419,29303,10302,109670,0.08587003634181309,1,59986,2,2,403.2843956103925,1211.266661079762,2,2,,,0,NOOP,False,,
119995,dqn,492,,,4.0,4.0,0.05,0.003231382928788662,1.801859736442566,2.809156894683838,0.7584880590438843,1.7949347496032715,2.790191888809204,0.0591716393828392,0.19091582298278809,0.46066802740097046,10000,10000,1.0,403.30798469229256,403.30798469229256,29500,True,240,119500,0.0,0.0,1,FIRE,greedy,22608,33659,34420,29309,10303,109693,0.0858611953731791,0,59998,2,2,403.30798469229256,1210.12564840809,2,2,,,1,FIRE,False,,
119996,dqn,492,,,0.0,0.0,0.05,0.003231382928788662,1.801859736442566,2.809156894683838,0.7584880590438843,1.7949347496032715,2.790191888809204,0.0591716393828392,0.19091582298278809,0.46066802740097046,10000,10000,1.0,403.307553565107,403.307553565107,29500,True,240,119500,0.0,0.0,3,LEFT,greedy,22608,33659,34420,29309,10303,109693,0.0858611953731791,1,59998,2,2,403.307553565107,1210.1243548109267,2,2,,,3,LEFT,False,,
120377,dqn,493,7.0,406,0.0,0.0,0.05,,,,,,,,,,10000,10000,1.0,403.8906670219437,403.8906670219437,29595,False,241,120000,0.0,0.0,2,RIGHT,greedy,22643,33823,34492,29420,10324,110054,0.08576317931848013,0,60189,2,2,403.8906670219437,1192.942161025801,2,2,,,2,RIGHT,False,,
120395,dqn,493,,,0.0,0.0,0.05,0.0022888935636729,1.7180559635162354,2.6547157764434814,0.6715040802955627,1.7800827026367188,2.8292298316955566,0.051613740622997284,0.18877577781677246,0.45661038160324097,10000,10000,1.0,403.85333903252763,403.85333903252763,29600,True,241,120000,0.0,0.0,3,LEFT,greedy,22644,33829,34495,29428,10325,110071,0.08575866307850759,0,60198,2,2,403.85333903252763,1191.957408466371,2,2,,,3,LEFT,False,,
120396,dqn,493,,,4.0,4.0,0.05,0.0022888935636729,1.7180559635162354,2.6547157764434814,0.6715040802955627,1.7800827026367188,2.8292298316955566,0.051613740622997284,0.18877577781677246,0.45661038160324097,10000,10000,1.0,403.85290801875567,403.85290801875567,29600,True,241,120000,0.0,0.0,0,NOOP,greedy,22644,33829,34495,29428,10325,110071,0.08575866307850759,1,60198,2,2,403.85290801875567,1191.9561363460018,2,2,,,0,NOOP,False,,
120546,dqn,494,5.0,287,0.0,0.0,0.05,,,,,,,,,,10000,10000,1.0,404.0678052291792,404.0678052291792,29637,False,242,120500,0.0,0.0,3,LEFT,greedy,22658,33854,34549,29485,10330,110216,0.0856934282348647,1,60273,2,2,404.0678052291792,1185.358650081686,2,2,,,3,LEFT,False,,
120795,dqn,494,,,3.0,3.0,0.05,0.0038997142110019922,1.7783327102661133,2.6160073280334473,0.8467164635658264,1.8515777587890625,2.6738181114196777,0.0642353743314743,0.25597524642944336,0.6544400453567505,10000,10000,1.0,404.43067534738645,404.43067534738645,29700,True,242,120500,0.0,0.0,2,RIGHT,greedy,22667,33947,34615,29567,10346,110450,0.08564853140832478,0,60398,2,2,404.43067534738645,1174.5914565123796,2,2,,,2,RIGHT,False,,
120796,dqn,494,,,2.0,2.0,0.05,0.0038997142110019922,1.7783327102661133,2.6160073280334473,0.8467164635658264,1.8515777587890625,2.6738181114196777,0.0642353743314743,0.25597524642944336,0.6544400453567505,10000,10000,1.0,404.4302592814877,404.4302592814877,29700,True,242,120500,0.0,0.0,3,LEFT,greedy,22667,33947,34615,29567,10346,110450,0.08564853140832478,1,60398,2,2,404.4302592814877,1174.5902481286446,2,2,,,3,LEFT,False,,
121069,dqn,495,5.0,346,0.0,0.0,0.05,,,,,,,,,,10000,10000,1.0,404.72454340969057,404.72454340969057,29768,False,243,121000,0.0,0.0,1,FIRE,greedy,22690,33973,34708,29699,10365,110705,0.08561162963574792,0,60535,2,2,404.72454340969057,1162.790708842222,2,2,,,1,FIRE,False,,
121195,dqn,495,,,0.0,0.0,0.05,0.0025660512037575245,1.7556880712509155,2.4417595863342285,0.948558509349823,1.7834159135818481,2.4776270389556885,0.05488850921392441,0.17199015617370605,0.11836888641119003,10000,10000,1.0,404.50055454427877,404.50055454427877,29800,True,243,121000,0.0,0.0,0,NOOP,random,22695,33999,34749,29753,10374,110822,0.08559688438562328,0,60598,2,2,404.50055454427877,1156.4410551176734,2,2,,,0,NOOP,False,,
121196,dqn,495,,,6.0,6.0,0.05,0.0025660512037575245,1.7556880712509155,2.4417595863342285,0.948558509349823,1.7834159135818481,2.4776270389556885,0.05488850921392441,0.17199015617370605,0.11836888641119003,10000,10000,1.0,404.50006822167455,404.50006822167455,29800,True,243,121000,0.0,0.0,3,LEFT,greedy,22695,33999,34749,29753,10374,110822,0.08559688438562328,1,60598,2,2,404.50006822167455,1156.4396647526435,2,2,,,3,LEFT,False,,
121220,dqn,496,6.0,337,0.0,0.0,0.05,,,,,,,,,,10000,10000,1.0,404.40263197397206,404.40263197397206,29806,True,243,121000,0.0,0.0,1,FIRE,greedy,22695,34015,34752,29758,10375,110845,0.08558818676786009,1,60610,2,2,404.40263197397206,1155.0821641820191,2,2,,,1,FIRE,False,,
121595,dqn,496,,,4.0,4.0,0.05,0.003224077168852091,1.8135182857513428,2.5749664306640625,0.9871464967727661,1.804133415222168,2.4716954231262207,0.05993221327662468,0.18678998947143555,0.4431028366088867,10000,10000,1.0,404.39848101335554,404.39848101335554,29900,True,244,121500,0.0,0.0,0,NOOP,greedy,22737,34109,34847,29903,10391,111205,0.08545511365505444,0,60798,2,2,404.39848101335554,1138.480220811724,2,2,,,0,NOOP,False,,
121596,dqn,496,,,3.0,3.0,0.05,0.003224077168852091,1.8135182857513428,2.5749664306640625,0.9871464967727661,1.804133415222168,2.4716954231262207,0.05993221327662468,0.18678998947143555,0.4431028366088867,10000,10000,1.0,404.3980622477947,404.3980622477947,29900,True,244,121500,0.0,0.0,0,NOOP,random,22737,34109,34847,29903,10391,111205,0.08545511365505444,1,60798,2,2,404.3980622477947,1138.4790418846742,2,2,,,0,NOOP,False,,
121783,dqn,497,6.0,357,0.0,0.0,0.05,,,,,,,,,,10000,10000,1.0,404.58544183554176,404.58544183554176,29947,True,244,121500,0.0,0.0,1,FIRE,greedy,22761,34135,34919,29969,10404,111380,0.08542994153583394,0,60892,2,2,404.58544183554176,1130.9225451822351,2,2,,,1,FIRE,False,,
121790,dqn,498,5.0,285,0.0,0.0,0.05,,,,,,,,,,10000,10000,1.0,404.56290364780364,404.56290364780364,29948,False,244,121500,0.0,0.0,2,RIGHT,greedy,22762,34137,34921,29970,10404,111386,0.08542573281878643,1,60895,2,2,404.56290364780364,1130.603855788573,2,2,,,2,RIGHT,False,,
121995,dqn,498,,,2.0,2.0,0.05,0.00477093830704689,1.8610780239105225,2.8730125427246094,0.8318766355514526,1.8886151313781738,2.8536598682403564,0.05501045286655426,0.40723681449890137,0.4465508460998535,10000,10000,1.0,404.3705031689138,404.3705031689138,30000,True,244,121500,0.0,0.0,0,NOOP,greedy,22786,34197,34977,30036,10415,111581,0.08537165152955835,0,60998,2,2,404.3705031689138,1121.37624805862,2,2,,,0,NOOP,False,,
121996,dqn,498,,,2.0,2.0,0.05,0.00477093830704689,1.8610780239105225,2.8730125427246094,0.8318766355514526,1.8886151313781738,2.8536598682403564,0.05501045286655426,0.40723681449890137,0.4465508460998535,10000,10000,1.0,404.3700675444811,404.3700675444811,30000,True,244,121500,0.0,0.0,0,NOOP,greedy,22786,34197,34977,30036,10415,111581,0.08537165152955835,1,60998,2,2,404.3700675444811,1121.3750400108318,2,2,,,0,NOOP,False,,
122395,dqn,498,,,6.0,6.0,0.05,0.0024366984143853188,1.8984700441360474,2.7735776901245117,0.6404702067375183,1.9366154670715332,2.8178648948669434,0.05013000965118408,0.21551358699798584,0.2629009485244751,10000,10000,1.0,404.0908128744249,404.0908128744249,30100,True,245,122000,0.0,0.0,0,NOOP,greedy,22868,34269,35093,30166,10432,111964,0.08523154351449394,0,61198,2,2,404.0908128744249,1104.194926160433,2,2,,,0,NOOP,False,,
122396,dqn,498,,,6.0,6.0,0.05,0.0024366984143853188,1.8984700441360474,2.7735776901245117,0.6404702067375183,1.9366154670715332,2.8178648948669434,0.05013000965118408,0.21551358699798584,0.2629009485244751,10000,10000,1.0,404.09040020412255,404.09040020412255,30100,True,245,122000,0.0,0.0,2,RIGHT,greedy,22868,34269,35093,30166,10432,111964,0.08523154351449394,1,61198,2,2,404.09040020412255,1104.1937985216953,2,2,,,2,RIGHT,False,,
122546,dqn,499,7.0,378,0.0,0.0,0.05,,,,,,,,,,10000,10000,1.0,403.79829880677545,403.79829880677545,30137,False,246,122500,0.0,0.0,0,NOOP,greedy,22917,34286,35139,30204,10437,112109,0.08516801853997683,1,61273,2,2,403.79829880677545,1097.39790485175,2,2,,,0,NOOP,False,,
122795,dqn,499,,,10.0,10.0,0.05,0.002921896521002054,1.696158766746521,2.7270467281341553,0.8252164125442505,1.7400604486465454,2.890380859375,0.058607637882232666,0.18505966663360596,0.3459372818470001,10000,10000,1.0,403.4497009517763,403.4497009517763,30200,True,246,122500,0.0,0.0,2,RIGHT,greedy,22962,34359,35213,30262,10445,112351,0.08505977393400437,0,61398,2,2,403.4497009517763,1086.6382145568155,2,2,,,2,RIGHT,False,,
122796,dqn,499,,,2.0,2.0,0.05,0.002921896521002054,1.696158766746521,2.7270467281341553,0.8252164125442505,1.7400604486465454,2.890380859375,0.058607637882232666,0.18505966663360596,0.3459372818470001,10000,10000,1.0,403.4492646753846,403.4492646753846,30200,True,246,122500,0.0,0.0,0,NOOP,greedy,22962,34359,35213,30262,10445,112351,0.08505977393400437,1,61398,2,2,403.4492646753846,1086.6370395042666,2,2,,,0,NOOP,False,,
122897,dqn,500,11.0,557,0.0,0.0,0.05,,,,,,,,,,10000,10000,1.0,403.3361653759529,403.3361653759529,30225,False,246,122500,0.0,0.0,1,FIRE,greedy,22987,34398,35225,30288,10448,112450,0.08501358850428811,0,61449,2,2,403.3361653759529,1082.3916510693916,2,2,,,1,FIRE,False,,
123194,dqn,501,6.0,324,0.0,0.0,0.05,,,,,,,,,,10000,10000,1.0,403.07227128090926,403.07227128090926,30299,False,247,123000,0.0,0.0,2,RIGHT,greedy,23020,34471,35309,30394,10457,112737,0.08488238063542056,1,61597,2,2,403.07227128090926,1070.4510948560044,2,2,,,2,RIGHT,False,,
123195,dqn,501,,,3.0,3.0,0.05,0.001949288765899837,1.6179535388946533,2.576106309890747,0.43444201350212097,1.6411000490188599,2.562812328338623,0.049838922917842865,0.144095778465271,0.11116588115692139,10000,10000,1.0,403.0340814315769,403.0340814315769,30300,True,247,123000,0.0,0.0,1,FIRE,fire_reset,23020,34473,35309,30394,10457,112739,0.08488100262995552,0,61598,2,2,403.0340814315769,1070.2747606493479,2,2,,,2,RIGHT,True,after_life_loss,
123196,dqn,501,,,0.0,0.0,0.05,0.001949288765899837,1.6179535388946533,2.576106309890747,0.43444201350212097,1.6411000490188599,2.562812328338623,0.049838922917842865,0.144095778465271,0.11116588115692139,10000,10000,1.0,403.033631853479,403.033631853479,30300,True,247,123000,0.0,0.0,1,FIRE,fire_reset,23020,34473,35309,30394,10457,112739,0.08488100262995552,1,61598,2,2,403.033631853479,1070.2735667749007,2,2,,,1,FIRE,False,initial_serve,
123595,dqn,501,,,7.0,7.0,0.05,0.0017217446584254503,1.815454125404358,2.74336576461792,0.6761986017227173,1.8250235319137573,2.7184126377105713,0.04523206874728203,0.15712666511535645,0.24866944551467896,10000,10000,1.0,402.68457704530823,402.68457704530823,30400,True,248,123500,0.0,0.0,2,RIGHT,random,23044,34544,35482,30526,10483,113113,0.08481666073335707,0,61798,2,2,402.68457704530823,1054.6322042823342,2,2,,,2,RIGHT,False,,
123596,dqn,501,,,4.0,4.0,0.05,0.0017217446584254503,1.815454125404358,2.74336576461792,0.6761986017227173,1.8250235319137573,2.7184126377105713,0.04523206874728203,0.15712666511535645,0.24866944551467896,10000,10000,1.0,402.6841599064439,402.6841599064439,30400,True,248,123500,0.0,0.0,3,LEFT,greedy,23044,34544,35482,30526,10483,113113,0.08481666073335707,1,61798,2,2,402.6841599064439,1054.6311117943048,2,2,,,3,LEFT,False,,
123755,dqn,502,8.0,429,0.0,0.0,0.05,,,,,,,,,,10000,10000,1.0,402.51191904026945,402.51191904026945,30440,True,248,123500,0.0,0.0,3,LEFT,greedy,23070,34564,35527,30595,10495,113261,0.08480396910048806,0,61878,2,2,402.51191904026945,1048.4354489970447,2,2,,,3,LEFT,False,,
123946,dqn,503,6.0,376,0.0,0.0,0.05,,,,,,,,,,10000,10000,1.0,402.43743375997195,402.43743375997195,30487,False,248,123500,0.0,0.0,2,RIGHT,greedy,23106,34592,35581,30667,10506,113440,0.08476271924870508,1,61973,2,2,402.43743375997195,1041.520716712885,2,2,,,2,RIGHT,False,,
123995,dqn,503,,,2.0,2.0,0.05,0.0017586296889930964,1.7096147537231445,2.5452795028686523,0.5328934788703918,1.7357761859893799,2.506464719772339,0.0443619042634964,0.16129159927368164,0.18660631775856018,10000,10000,1.0,402.36797544455857,402.36797544455857,30500,True,248,123500,0.0,0.0,3,LEFT,random,23107,34622,35593,30674,10508,113488,0.08474466918287686,0,61998,2,2,402.36797544455857,1039.5903376234264,2,2,,,3,LEFT,False,,
123996,dqn,503,,,0.0,0.0,0.05,0.0017586296889930964,1.7096147537231445,2.5452795028686523,0.5328934788703918,1.7357761859893799,2.506464719772339,0.0443619042634964,0.16129159927368164,0.18660631775856018,10000,10000,1.0,402.36756388059143,402.36756388059143,30500,True,248,123500,0.0,0.0,3,LEFT,random,23107,34622,35593,30674,10508,113488,0.08474466918287686,1,61998,2,2,402.36756388059143,1039.5892742735834,2,2,,,3,LEFT,False,,
124395,dqn,503,,,6.0,6.0,0.05,0.006622073706239462,1.6987919807434082,2.8370795249938965,0.5666934847831726,1.7361056804656982,2.8733184337615967,0.057814449071884155,0.5811331272125244,0.43000900745391846,10000,10000,1.0,402.1802806931255,402.1802806931255,30600,True,249,124000,0.0,0.0,1,FIRE,greedy,23154,34734,35707,30801,10532,113864,0.08466510177176115,0,62198,2,2,402.1802806931255,1025.3651868564937,2,2,,,1,FIRE,False,,
124396,dqn,503,,,5.0,5.0,0.05,0.006622073706239462,1.6987919807434082,2.8370795249938965,0.5666934847831726,1.7361056804656982,2.8733184337615967,0.057814449071884155,0.5811331272125244,0.43000900745391846,10000,10000,1.0,402.17987824461915,402.17987824461915,30600,True,249,124000,0.0,0.0,2,RIGHT,greedy,23154,34734,35707,30801,10532,113864,0.08466510177176115,1,62198,2,2,402.17987824461915,1025.364160807461,2,2,,,2,RIGHT,False,,
124663,dqn,504,11.0,454,0.0,0.0,0.05,,,,,,,,,,10000,10000,1.0,402.3341212422331,402.3341212422331,30667,True,250,124500,0.0,0.0,1,FIRE,random,23215,34810,35753,30886,10546,114118,0.08459539241481101,0,62332,2,2,402.3341212422331,1016.7973745244435,2,2,,,1,FIRE,False,,
124795,dqn,504,,,1.0,1.0,0.05,0.0032907123677432537,1.7645885944366455,2.3228421211242676,0.9700005650520325,1.7371665239334106,2.3403406143188477,0.054364241659641266,0.3391273021697998,0.5194007754325867,10000,10000,1.0,402.5183388772261,402.5183388772261,30700,True,250,124500,0.0,0.0,2,RIGHT,greedy,23268,34830,35783,30915,10555,114241,0.08457803134715856,0,62398,2,2,402.5183388772261,1012.9189913397788,2,2,,,2,RIGHT,False,,
124796,dqn,504,,,9.0,9.0,0.05,0.0032907123677432537,1.7645885944366455,2.3228421211242676,0.9700005650520325,1.7371665239334106,2.3403406143188477,0.054364241659641266,0.3391273021697998,0.5194007754325867,10000,10000,1.0,402.5179892996292,402.5179892996292,30700,True,250,124500,0.0,0.0,3,LEFT,greedy,23268,34830,35783,30915,10555,114241,0.08457803134715856,1,62398,2,2,402.5179892996292,1012.9181116437435,2,2,,,3,LEFT,False,,
125130,dqn,505,12.0,592,0.0,0.0,0.05,,,,,,,,,,10000,10000,1.0,402.8931285819141,402.8931285819141,30783,False,251,125000,0.0,0.0,3,LEFT,greedy,23349,34871,35902,31008,10568,114562,0.0844561655877887,1,62565,2,2,402.8931285819141,1003.0644086640452,2,2,,,3,LEFT,False,,
125195,dqn,505,,,5.0,5.0,0.05,0.002965006045997143,1.7961885929107666,2.7180206775665283,0.6567052602767944,1.8121531009674072,2.6683499813079834,0.044734347611665726,0.33196377754211426,0.20150506496429443,10000,10000,1.0,402.9116355932658,402.9116355932658,30800,True,251,125000,0.0,0.0,3,LEFT,greedy,23362,34878,35930,31026,10571,114625,0.08443560497140484,0,62598,2,2,402.9116355932658,1001.0105796502324,2,2,,,3,LEFT,False,,
125196,dqn,505,,,0.0,0.0,0.05,0.002965006045997143,1.7961885929107666,2.7180206775665283,0.6567052602767944,1.8121531009674072,2.6683499813079834,0.044734347611665726,0.33196377754211426,0.20150506496429443,10000,10000,1.0,402.91124257075825,402.91124257075825,30800,True,251,125000,0.0,0.0,0,NOOP,greedy,23362,34878,35930,31026,10571,114625,0.08443560497140484,1,62598,2,2,402.91124257075825,1001.0096032086175,2,2,,,0,NOOP,False,,
125331,dqn,506,6.0,334,0.0,0.0,0.05,,,,,,,,,,10000,10000,1.0,402.94596447843855,402.94596447843855,30834,True,251,125000,0.0,0.0,0,NOOP,greedy,23376,34887,35975,31094,10575,114757,0.08437589761593209,0,62666,2,2,402.94596447843855,996.8029294965194,2,2,,,0,NOOP,False,,
125595,dqn,506,,,2.0,2.0,0.05,0.0015375670045614243,1.6909942626953125,2.656951427459717,0.5631508827209473,1.7087225914001465,2.6421093940734863,0.045929085463285446,0.1110384464263916,0.09851562976837158,10000,10000,1.0,402.85180866599495,402.85180866599495,30900,True,252,125500,0.0,0.0,3,LEFT,greedy,23393,34937,36058,31208,10592,115004,0.08433389598394854,0,62798,2,2,402.85180866599495,988.3688029616795,2,2,,,3,LEFT,False,,
125596,dqn,506,,,5.0,5.0,0.05,0.0015375670045614243,1.6909942626953125,2.656951427459717,0.5631508827209473,1.7087225914001465,2.6421093940734863,0.045929085463285446,0.1110384464263916,0.09851562976837158,10000,10000,1.0,402.8511625777262,402.8511625777262,30900,True,252,125500,0.0,0.0,3,LEFT,greedy,23393,34937,36058,31208,10592,115004,0.08433389598394854,1,62798,2,2,402.8511625777262,988.367217829194,2,2,,,3,LEFT,False,,
125706,dqn,507,5.0,288,0.0,0.0,0.05,,,,,,,,,,10000,10000,1.0,402.9559118880592,402.9559118880592,30927,False,252,125500,0.0,0.0,3,LEFT,greedy,23396,34945,36104,31261,10600,115106,0.08432373951919558,1,62853,2,2,402.9559118880592,985.2558908387218,2,2,,,3,LEFT,False,,
125995,dqn,507,,,6.0,6.0,0.05,0.003813942428678274,1.6787683963775635,2.6082923412323,0.8433403968811035,1.7265300750732422,2.6770405769348145,0.057417646050453186,0.3126842975616455,0.44462868571281433,10000,10000,1.0,403.34960653547756,403.34960653547756,31000,True,252,125500,0.0,0.0,3,LEFT,greedy,23426,34980,36206,31384,10616,115380,0.0842566430680339,0,62998,2,2,403.34960653547756,977.4664760933226,2,2,,,3,LEFT,False,,
125996,dqn,507,,,1.0,1.0,0.05,0.003813942428678274,1.6787683963775635,2.6082923412323,0.8433403968811035,1.7265300750732422,2.6770405769348145,0.057417646050453186,0.3126842975616455,0.44462868571281433,10000,10000,1.0,403.3492360442361,403.3492360442361,31000,True,252,125500,0.0,0.0,0,NOOP,greedy,23426,34980,36206,31384,10616,115380,0.0842566430680339,1,62998,2,2,403.3492360442361,977.4655782549155,2,2,,,0,NOOP,False,,
126115,dqn,508,7.0,392,0.0,0.0,0.05,,,,,,,,,,10000,10000,1.0,403.3408607977311,403.3408607977311,31030,True,253,126000,0.0,0.0,3,LEFT,greedy,23461,34984,36257,31414,10625,115491,0.08424783532620762,0,63058,2,2,403.3408607977311,973.8806861764178,2,2,,,3,LEFT,False,,
126296,dqn,509,5.0,295,0.0,0.0,0.05,,,,,,,,,,10000,10000,1.0,403.54618078674645,403.54618078674645,31075,True,253,126000,0.0,0.0,2,RIGHT,greedy,23509,35014,36283,31490,10632,115664,0.08418318869956293,1,63148,2,2,403.54618078674645,969.087854590868,2,2,,,2,RIGHT,False,,
126395,dqn,509,,,2.0,2.0,0.05,0.0022947234101593494,1.6390888690948486,2.728562116622925,0.42913609743118286,1.676998496055603,2.6805734634399414,0.05204536020755768,0.22143685817718506,0.26445886492729187,10000,10000,1.0,403.62588527756867,403.62588527756867,31100,True,253,126000,0.0,0.0,3,LEFT,greedy,23515,35048,36311,31522,10635,115761,0.0841403208962309,0,63198,2,2,403.62588527756867,966.3717494230862,2,2,,,3,LEFT,False,,
126396,dqn,509,,,0.0,0.0,0.05,0.0022947234101593494,1.6390888690948486,2.728562116622925,0.42913609743118286,1.676998496055603,2.6805734634399414,0.05204536020755768,0.22143685817718506,0.26445886492729187,10000,10000,1.0,403.62553409542033,403.62553409542033,31100,True,253,126000,0.0,0.0,3,LEFT,greedy,23515,35048,36311,31522,10635,115761,0.0841403208962309,1,63198,2,2,403.62553409542033,966.3709086135162,2,2,,,3,LEFT,False,,
126721,dqn,510,5.0,303,0.0,0.0,0.05,,,,,,,,,,10000,10000,1.0,404.01926199776926,404.01926199776926,31181,False,254,126500,0.0,0.0,3,LEFT,greedy,23536,35119,36447,31620,10648,116074,0.08402645160272092,0,63361,2,2,404.01926199776926,957.977114715989,2,2,,,3,LEFT,False,,
126795,dqn,510,,,0.0,0.0,0.05,0.003583258017897606,1.7169265747070312,2.76816463470459,0.654268741607666,1.777158498764038,2.643754005432129,0.0600624717772007,0.33998119831085205,0.4464534819126129,10000,10000,1.0,404.04660668294173,404.04660668294173,31200,True,254,126500,0.0,0.0,1,FIRE,greedy,23542,35136,36479,31639,10654,116142,0.08402473264140825,0,63398,2,2,404.04660668294173,955.9541263802486,2,2,,,1,FIRE,False,,
126796,dqn,510,,,4.0,4.0,0.05,0.003583258017897606,1.7169265747070312,2.76816463470459,0.654268741607666,1.777158498764038,2.643754005432129,0.0600624717772007,0.33998119831085205,0.4464534819126129,10000,10000,1.0,404.04625758453636,404.04625758453636,31200,True,254,126500,0.0,0.0,3,LEFT,greedy,23542,35136,36479,31639,10654,116142,0.08402473264140825,1,63398,2,2,404.04625758453636,955.9533004308267,2,2,,,3,LEFT,False,,
126944,dqn,511,5.0,324,0.0,0.0,0.05,,,,,,,,,,10000,10000,1.0,403.8422653862046,403.8422653862046,31237,True,254,126500,0.0,0.0,2,RIGHT,greedy,23547,35160,36545,31692,10660,116284,0.08397403579531132,1,63472,2,2,403.8422653862046,951.3315123438679,2,2,,,2,RIGHT,False,,
127195,dqn,511,,,5.0,5.0,0.05,0.0012163030914962292,1.8194973468780518,2.69486403465271,0.506062388420105,1.8286153078079224,2.6367781162261963,0.03883736953139305,0.12913036346435547,0.1496291309595108,10000,10000,1.0,403.7272714507961,403.7272714507961,31300,True,255,127000,0.0,0.0,2,RIGHT,greedy,23552,35207,36641,31796,10678,116518,0.08394918079184881,0,63598,2,2,403.7272714507961,944.1185104327008,2,2,,,2,RIGHT,False,,
127196,dqn,511,,,2.0,2.0,0.05,0.0012163030914962292,1.8194973468780518,2.69486403465271,0.506062388420105,1.8286153078079224,2.6367781162261963,0.03883736953139305,0.12913036346435547,0.1496291309595108,10000,10000,1.0,403.7269340238312,403.7269340238312,31300,True,255,127000,0.0,0.0,2,RIGHT,greedy,23552,35207,36641,31796,10678,116518,0.08394918079184881,1,63598,2,2,403.7269340238312,944.1177213578327,2,2,,,2,RIGHT,False,,
127595,dqn,511,,,9.0,9.0,0.05,0.003445766167715192,1.8634965419769287,2.6959385871887207,0.5595763921737671,1.8677575588226318,2.7419118881225586,0.06288543343544006,0.2530015707015991,0.34771329164505005,10000,10000,1.0,403.18187288640047,403.18187288640047,31400,True,256,127500,0.0,0.0,3,LEFT,greedy,23614,35270,36778,31934,10693,116903,0.08380356750995328,0,63798,2,2,403.18187288640047,932.098750775713,2,2,,,3,LEFT,False,,
127596,dqn,511,,,6.0,6.0,0.05,0.003445766167715192,1.8634965419769287,2.6959385871887207,0.5595763921737671,1.8677575588226318,2.7419118881225586,0.06288543343544006,0.2530015707015991,0.34771329164505005,10000,10000,1.0,403.18117426852666,403.18117426852666,31400,True,256,127500,0.0,0.0,0,NOOP,greedy,23614,35270,36778,31934,10693,116903,0.08380356750995328,1,63798,2,2,403.18117426852666,932.0971356712372,2,2,,,0,NOOP,False,,
127626,dqn,512,6.0,341,0.0,0.0,0.05,,,,,,,,,,10000,10000,1.0,403.1556713198889,403.1556713198889,31407,False,256,127500,0.0,0.0,0,NOOP,greedy,23623,35274,36781,31948,10693,116933,0.0837838684907464,1,63813,2,2,403.1556713198889,931.2449451218442,2,2,,,0,NOOP,False,,
127711,dqn,513,10.0,495,0.0,0.0,0.05,,,,,,,,,,10000,10000,1.0,403.03953006235287,403.03953006235287,31429,True,256,127500,0.0,0.0,0,NOOP,greedy,23645,35299,36796,31972,10703,117009,0.08380575043848659,0,63856,2,2,403.03953006235287,928.7129125166573,2,2,,,0,NOOP,False,,
127995,dqn,513,,,3.0,3.0,0.05,0.0018674901220947504,1.8344049453735352,2.9616081714630127,0.6361666917800903,1.8504812717437744,2.9657652378082275,0.04741770401597023,0.14034605026245117,0.14110605418682098,10000,10000,1.0,402.8919786548088,402.8919786548088,31500,True,256,127500,0.0,0.0,1,FIRE,greedy,23705,35372,36849,32070,10719,117277,0.08374480452514141,0,63998,2,2,402.8919786548088,920.998744461725,2,2,,,1,FIRE,False,,
127996,dqn,513,,,4.0,4.0,0.05,0.0018674901220947504,1.8344049453735352,2.9616081714630127,0.6361666917800903,1.8504812717437744,2.9657652378082275,0.04741770401597023,0.14034605026245117,0.14110605418682098,10000,10000,1.0,402.8916377304101,402.8916377304101,31500,True,256,127500,1.0,1.0,3,LEFT,greedy,23705,35372,36849,32070,10719,117277,0.08374480452514141,1,63998,2,2,402.8916377304101,920.9979651189736,2,2,,,3,LEFT,False,,
128306,dqn,514,6.0,340,0.0,0.0,0.05,,,,,,,,,,10000,10000,1.0,402.7715486329251,402.7715486329251,31577,False,257,128000,0.0,0.0,3,LEFT,greedy,23724,35466,36933,32183,10733,117573,0.0836515829345471,1,64153,2,2,402.7715486329251,912.8454447625254,2,2,,,3,LEFT,False,,
128395,dqn,514,,,5.0,5.0,0.05,0.0020679126027971506,1.7656521797180176,2.6859750747680664,0.5702587962150574,1.7951772212982178,2.578261613845825,0.0521509125828743,0.16743099689483643,0.11657704412937164,10000,10000,1.0,402.6445768402906,402.6445768402906,31600,True,257,128000,0.0,0.0,3,LEFT,greedy,23726,35514,36944,32212,10735,117661,0.08360852363001962,0,64198,2,2,402.6445768402906,910.3034421747068,2,2,,,3,LEFT,False,,
128396,dqn,514,,,0.0,0.0,0.05,0.0020679126027971506,1.7656521797180176,2.6859750747680664,0.5702587962150574,1.7951772212982178,2.578261613845825,0.0521509125828743,0.16743099689483643,0.11657704412937164,10000,10000,1.0,402.6442519794822,402.6442519794822,31600,True,257,128000,0.0,0.0,3,LEFT,greedy,23726,35514,36944,32212,10735,117661,0.08360852363001962,1,64198,2,2,402.6442519794822,910.3027077256936,2,2,,,3,LEFT,False,,
128399,dqn,515,5.0,344,0.0,0.0,0.05,,,,,,,,,,10000,10000,1.0,402.5964020342589,402.5964020342589,31601,True,257,128000,0.0,0.0,2,RIGHT,greedy,23726,35514,36947,32213,10736,117664,0.08361370716510903,0,64200,2,2,402.5964020342589,910.0946834718108,2,2,,,2,RIGHT,False,,
128795,dqn,515,,,4.0,4.0,0.05,0.0019485941156744957,1.8329508304595947,2.603400945663452,0.7537144422531128,1.8723299503326416,2.733328104019165,0.04826948791742325,0.1659235954284668,0.20609240233898163,10000,10000,1.0,402.2879213265901,402.2879213265901,31700,True,258,128500,0.0,0.0,3,LEFT,greedy,23787,35632,37065,32312,10752,118044,0.0834808534426535,0,64398,2,2,402.2879213265901,899.6575065144377,2,2,,,3,LEFT,False,,
128796,dqn,515,,,4.0,4.0,0.05,0.0019485941156744957,1.8329508304595947,2.603400945663452,0.7537144422531128,1.8723299503326416,2.733328104019165,0.04826948791742325,0.1659235954284668,0.20609240233898163,10000,10000,1.0,402.2876161565919,402.2876161565919,31700,True,258,128500,0.0,0.0,1,FIRE,greedy,23787,35632,37065,32312,10752,118044,0.0834808534426535,1,64398,2,2,402.2876161565919,899.6568240468192,2,2,,,1,FIRE,False,,
129045,dqn,516,5.0,323,0.0,0.0,0.05,,,,,,,,,,10000,10000,1.0,402.16586435946886,402.16586435946886,31762,False,259,129000,0.0,0.0,3,LEFT,greedy,23915,35656,37110,32365,10760,118286,0.08338111991072951,0,64523,2,2,402.16586435946886,893.3742362482272,2,2,,,3,LEFT,False,,
129160,dqn,517,10.0,427,0.0,0.0,0.05,,,,,,,,,,10000,10000,1.0,401.98524576796876,401.98524576796876,31791,True,259,129000,0.0,0.0,3,LEFT,greedy,23928,35691,37148,32393,10764,118396,0.08333849489005885,1,64580,2,2,401.98524576796876,890.2677356548498,2,2,,,3,LEFT,False,,
129195,dqn,517,,,1.0,1.0,0.05,0.0025360158178955317,1.7082147598266602,3.1011321544647217,0.6685836315155029,1.7249306440353394,2.925382614135742,0.050080373883247375,0.1914200782775879,0.205144003033638,10000,10000,1.0,401.92586752414417,401.92586752414417,31800,True,259,129000,0.0,0.0,1,FIRE,greedy,23928,35727,37148,32393,10765,118431,0.0833230130963807,0,64598,2,2,401.92586752414417,889.2864498672648,2,2,,,1,FIRE,False,,
129196,dqn,517,,,0.0,0.0,0.05,0.0025360158178955317,1.7082147598266602,3.1011321544647217,0.6685836315155029,1.7249306440353394,2.925382614135742,0.050080373883247375,0.1914200782775879,0.205144003033638,10000,10000,1.0,401.9255388583155,401.9255388583155,31800,True,259,129000,0.0,0.0,1,FIRE,greedy,23928,35727,37148,32393,10765,118431,0.0833230130963807,1,64598,2,2,401.9255388583155,889.2857226732931,2,2,,,1,FIRE,False,,
129595,dqn,517,,,4.0,4.0,0.05,0.0019707358442246914,1.8922449350357056,2.8532471656799316,0.8122214078903198,1.8895553350448608,2.7859911918640137,0.04889311641454697,0.15007758140563965,0.19011378288269043,10000,10000,1.0,401.9424238396317,401.9424238396317,31900,True,260,129500,0.0,0.0,0,NOOP,greedy,24002,35829,37252,32513,10781,118815,0.08318929596592488,0,64798,2,2,401.9424238396317,880.0197722651864,2,2,,,0,NOOP,False,,
129596,dqn,517,,,4.0,4.0,0.05,0.0019707358442246914,1.8922449350357056,2.8532471656799316,0.8122214078903198,1.8895553350448608,2.7859911918640137,0.04889311641454697,0.15007758140563965,0.19011378288269043,10000,10000,1.0,401.94213507069395,401.94213507069395,31900,True,260,129500,0.0,0.0,1,FIRE,greedy,24002,35829,37252,32513,10781,118815,0.08318929596592488,1,64798,2,2,401.94213507069395,880.0191400294237,2,2,,,1,FIRE,False,,
129904,dqn,518,7.0,372,0.0,0.0,0.05,,,,,,,,,,10000,10000,1.0,402.1540859674401,402.1540859674401,31977,True,260,129500,0.0,0.0,2,RIGHT,greedy,24139,35859,37328,32578,10792,119112,0.08307673358788029,1,64952,2,2,402.1540859674401,873.4855601844961,2,2,,,2,RIGHT,False,,
129995,dqn,519,8.0,475,0.0,0.0,0.05,0.0016159111401066184,1.8065519332885742,2.6746222972869873,0.4520544707775116,1.8313636779785156,2.605233907699585,0.04815293475985527,0.13230371475219727,0.14117304980754852,10000,10000,1.0,402.1827394213256,402.1827394213256,32000,True,260,129500,0.0,0.0,2,RIGHT,greedy,24162,35871,37371,32592,10796,119200,0.08304870919105203,0,64998,2,2,402.1827394213256,871.4853212730804,2,2,,,2,RIGHT,False,,
129996,dqn,519,,,0.0,0.0,0.05,0.0016159111401066184,1.8065519332885742,2.6746222972869873,0.4520544707775116,1.8313636779785156,2.605233907699585,0.04815293475985527,0.13230371475219727,0.14117304980754852,10000,10000,1.0,402.18244769141137,402.18244769141137,32000,True,260,129500,0.0,0.0,3,LEFT,greedy,24162,35871,37371,32592,10796,119200,0.08304870919105203,1,64998,2,2,402.18244769141137,871.4846891267621,2,2,,,3,LEFT,False,,
130362,dqn,520,3.0,229,0.0,0.0,0.05,,,,,,,,,,10000,10000,1.0,402.4813872313915,402.4813872313915,32091,False,261,130000,0.0,0.0,3,LEFT,greedy,24200,35972,37487,32703,10811,119551,0.08293060861293935,1,65181,2,2,402.4813872313915,864.0451650460882,2,2,,,3,LEFT,False,,
130395,dqn,520,,,3.0,3.0,0.05,0.0034160311333835125,1.783949851989746,2.6900112628936768,0.3865933120250702,1.8273121118545532,2.7203543186187744,0.05371912196278572,0.3031289577484131,0.31885603070259094,10000,10000,1.0,402.47956116665523,402.47956116665523,32100,True,261,130000,0.0,0.0,2,RIGHT,greedy,24201,35982,37500,32713,10814,119582,0.08293199177888892,0,65198,2,2,402.47956116665523,863.299856196328,2,2,,,2,RIGHT,False,,
130396,dqn,520,,,0.0,0.0,0.05,0.0034160311333835125,1.783949851989746,2.6900112628936768,0.3865933120250702,1.8273121118545532,2.7203543186187744,0.05371912196278572,0.3031289577484131,0.31885603070259094,10000,10000,1.0,402.4792478033919,402.4792478033919,32100,True,261,130000,0.0,0.0,3,LEFT,greedy,24201,35982,37500,32713,10814,119582,0.08293199177888892,1,65198,2,2,402.4792478033919,863.2991840467674,2,2,,,3,LEFT,False,,
130623,dqn,521,5.0,314,0.0,0.0,0.05,,,,,,,,,,10000,10000,1.0,402.4613592615822,402.4613592615822,32157,True,262,130500,0.0,0.0,1,FIRE,greedy,24215,36038,37595,32776,10828,119796,0.08289441450269476,0,65312,2,2,402.4613592615822,858.3319062203649,2,2,,,1,FIRE,False,,
130795,dqn,521,,,2.0,2.0,0.05,0.002272014506161213,1.8880470991134644,2.835522413253784,0.5331372022628784,1.8875272274017334,2.7876415252685547,0.05073371157050133,0.1992626190185547,0.3504660725593567,10000,10000,1.0,402.23739181029566,402.23739181029566,32200,True,262,130500,0.0,0.0,3,LEFT,greedy,24221,36108,37661,32806,10836,119960,0.08284657023150555,0,65398,2,2,402.23739181029566,854.1862887910675,2,2,,,3,LEFT,False,,
130796,dqn,521,,,4.0,4.0,0.05,0.002272014506161213,1.8880470991134644,2.835522413253784,0.5331372022628784,1.8875272274017334,2.7876415252685547,0.05073371157050133,0.1992626190185547,0.3504660725593567,10000,10000,1.0,402.23707710951055,402.23707710951055,32200,True,262,130500,0.0,0.0,3,LEFT,greedy,24221,36108,37661,32806,10836,119960,0.08284657023150555,1,65398,2,2,402.23707710951055,854.1856204964207,2,2,,,3,LEFT,False,,
131195,dqn,521,,,6.0,6.0,0.05,0.012941091321408749,1.7351497411727905,2.8366074562072754,0.6674624085426331,1.738504409790039,2.69490122795105,0.07306672632694244,0.8208563327789307,0.33070504665374756,10000,10000,1.0,402.07371879065454,402.07371879065454,32300,True,263,131000,0.0,0.0,3,LEFT,greedy,24266,36239,37767,32924,10855,120341,0.08273880301228696,0,65598,2,2,402.07371879065454,845.4683871403179,2,2,,,3,LEFT,False,,
131196,dqn,521,,,8.0,8.0,0.05,0.012941091321408749,1.7351497411727905,2.8366074562072754,0.6674624085426331,1.738504409790039,2.69490122795105,0.07306672632694244,0.8208563327789307,0.33070504665374756,10000,10000,1.0,402.0734218527371,402.0734218527371,32300,True,263,131000,0.0,0.0,2,RIGHT,greedy,24266,36239,37767,32924,10855,120341,0.08273880301228696,1,65598,2,2,402.0734218527371,845.4677627482963,2,2,,,2,RIGHT,False,,
131198,dqn,522,8.0,418,0.0,0.0,0.05,,,,,,,,,,10000,10000,1.0,402.0526329502219,402.0526329502219,32300,False,263,131000,0.0,0.0,1,FIRE,greedy,24266,36240,37768,32924,10855,120343,0.08273754173081907,1,65599,2,2,402.0526329502219,845.3827382813515,2,2,,,1,FIRE,False,,
131531,dqn,523,9.0,454,0.0,0.0,0.05,,,,,,,,,,10000,10000,1.0,401.81386413969693,401.81386413969693,32384,True,264,131500,0.0,0.0,1,FIRE,greedy,24348,36301,37882,33001,10872,120660,0.08265669190767266,0,65766,2,2,401.81386413969693,838.0594503682389,2,2,,,1,FIRE,False,,
131595,dqn,523,,,0.0,0.0,0.05,0.003792060073465109,1.8105168342590332,2.9080686569213867,0.6201112866401672,1.793219804763794,2.7660024166107178,0.05480491369962692,0.3471546173095703,0.5053644180297852,10000,10000,1.0,401.7775924510499,401.7775924510499,32400,True,264,131500,0.0,0.0,2,RIGHT,greedy,24359,36323,37898,33016,10874,120722,0.0826316909328551,0,65798,2,2,401.7775924510499,836.6933164987397,2,2,,,2,RIGHT,False,,
131596,dqn,523,,,3.0,3.0,0.05,0.003792060073465109,1.8105168342590332,2.9080686569213867,0.6201112866401672,1.793219804763794,2.7660024166107178,0.05480491369962692,0.3471546173095703,0.5053644180297852,10000,10000,1.0,401.7772818216604,401.7772818216604,32400,True,264,131500,0.0,0.0,3,LEFT,greedy,24359,36323,37898,33016,10874,120722,0.0826316909328551,1,65798,2,2,401.7772818216604,836.692669619623,2,2,,,3,LEFT,False,,
131875,dqn,524,1.0,172,0.0,0.0,0.05,,,,,,,,,,10000,10000,1.0,401.89351456083944,401.89351456083944,32470,True,264,131500,0.0,0.0,2,RIGHT,greedy,24386,36369,37995,33126,10886,120990,0.08254724134793291,0,65938,2,2,401.89351456083944,831.3481792920263,2,2,,,2,RIGHT,False,,
131882,dqn,525,5.0,342,0.0,0.0,0.05,,,,,,,,,,10000,10000,1.0,401.8703445669096,401.8703445669096,32471,False,264,131500,0.0,0.0,2,RIGHT,greedy,24386,36372,37996,33128,10886,120996,0.08254348584340547,1,65941,2,2,401.8703445669096,831.1816194431524,2,2,,,2,RIGHT,False,,
131995,dqn,525,,,1.0,1.0,0.05,0.0012498416472226381,1.6845965385437012,2.7081916332244873,0.6404178142547607,1.6863490343093872,2.615107774734497,0.0402793288230896,0.09308385848999023,0.2626337707042694,10000,10000,1.0,401.688772112018,401.688772112018,32500,True,264,131500,0.0,0.0,1,FIRE,greedy,24393,36418,38028,33157,10895,121101,0.08254038001151551,0,65998,2,2,401.688772112018,828.561557127421,2,2,,,1,FIRE,False,,
131996,dqn,525,,,1.0,1.0,0.05,0.0012498416472226381,1.6845965385437012,2.7081916332244873,0.6404178142547607,1.6863490343093872,2.615107774734497,0.0402793288230896,0.09308385848999023,0.2626337707042694,10000,10000,1.0,401.6884735703383,401.6884735703383,32500,True,264,131500,0.0,0.0,2,RIGHT,greedy,24393,36418,38028,33157,10895,121101,0.08254038001151551,1,65998,2,2,401.6884735703383,828.5609413268905,2,2,,,2,RIGHT,False,,
132395,dqn,525,,,4.0,4.0,0.05,0.0015973958652466536,1.8449898958206177,2.6612319946289062,0.6861286759376526,1.8726938962936401,2.7433760166168213,0.04258204996585846,0.15305757522583008,0.14731955528259277,10000,10000,1.0,401.432338737657,401.432338737657,32600,True,265,132000,0.0,0.0,1,FIRE,random,24425,36544,38169,33258,10914,121482,0.08243451463790447,0,66198,2,2,401.432338737657,820.2870094997969,2,2,,,1,FIRE,False,,
132396,dqn,525,,,6.0,6.0,0.05,0.0015973958652466536,1.8449898958206177,2.6612319946289062,0.6861286759376526,1.8726938962936401,2.7433760166168213,0.04258204996585846,0.15305757522583008,0.14731955528259277,10000,10000,1.0,401.43204973083357,401.43204973083357,32600,True,265,132000,0.0,0.0,3,LEFT,greedy,24425,36544,38169,33258,10914,121482,0.08243451463790447,1,66198,2,2,401.43204973083357,820.2864189431325,2,2,,,3,LEFT,False,,
132579,dqn,526,6.0,352,0.0,0.0,0.05,,,,,,,,,,10000,10000,1.0,401.4263474076178,401.4263474076178,32646,True,266,132500,0.0,0.0,1,FIRE,greedy,24488,36565,38217,33310,10921,121659,0.08237290692412129,0,66290,2,2,401.4263474076178,816.7757080924182,2,2,,,1,FIRE,False,,
132795,dqn,526,,,2.0,2.0,0.05,0.002782234223559499,1.6862684488296509,2.8997786045074463,0.418523907661438,1.7502317428588867,2.9116883277893066,0.056782715022563934,0.20086705684661865,0.49957484006881714,10000,10000,1.0,401.3435546993066,401.3435546993066,32700,True,266,132500,0.0,0.0,2,RIGHT,greedy,24521,36638,38285,33352,10933,121863,0.08232928702671767,0,66398,2,2,401.3435546993066,812.5505959545237,2,2,,,2,RIGHT,False,,
132796,dqn,526,,,12.0,12.0,0.05,0.002782234223559499,1.6862684488296509,2.8997786045074463,0.418523907661438,1.7502317428588867,2.9116883277893066,0.056782715022563934,0.20086705684661865,0.49957484006881714,10000,10000,1.0,401.34328505931506,401.34328505931506,32700,True,266,132500,0.0,0.0,2,RIGHT,greedy,24521,36638,38285,33352,10933,121863,0.08232928702671767,1,66398,2,2,401.34328505931506,812.5500500478229,2,2,,,2,RIGHT,False,,
133078,dqn,527,14.0,598,0.0,0.0,0.05,,,,,,,,,,10000,10000,1.0,401.3886167701283,401.3886167701283,32770,False,267,133000,0.0,0.0,0,NOOP,greedy,24650,36673,38351,33404,10944,122134,0.08223748478336014,1,66539,2,2,401.3886167701283,807.4247890219351,2,2,,,0,NOOP,False,,
133129,dqn,528,4.0,275,0.0,0.0,0.05,,,,,,,,,,10000,10000,1.0,401.32722268052476,401.32722268052476,32783,False,267,133000,0.0,0.0,2,RIGHT,greedy,24654,36682,38380,33414,10949,122181,0.08224292045369189,0,66565,2,2,401.32722268052476,806.3491270066143,2,2,,,2,RIGHT,False,,
133195,dqn,528,,,1.0,1.0,0.05,0.0014916572254151106,1.8372925519943237,3.010408401489258,0.5790292620658875,1.840686321258545,2.8733396530151367,0.04172831028699875,0.1370687484741211,0.2533532381057739,10000,10000,1.0,401.30202997293816,401.30202997293816,32800,True,267,133000,0.0,0.0,1,FIRE,greedy,24655,36721,38389,33431,10953,122243,0.08223219916514009,0,66598,2,2,401.30202997293816,805.0943665543359,2,2,,,1,FIRE,False,,
133196,dqn,528,,,1.0,1.0,0.05,0.0014916572254151106,1.8372925519943237,3.010408401489258,0.5790292620658875,1.840686321258545,2.8733396530151367,0.04172831028699875,0.1370687484741211,0.2533532381057739,10000,10000,1.0,401.3017471437826,401.3017471437826,32800,True,267,133000,0.0,0.0,2,RIGHT,greedy,24655,36721,38389,33431,10953,122243,0.08223219916514009,1,66598,2,2,401.3017471437826,805.0937991409096,2,2,,,2,RIGHT,False,,
133595,dqn,528,,,3.0,3.0,0.05,0.0015070068184286356,1.9122018814086914,3.1095242500305176,0.8061608076095581,1.9155000448226929,3.075040817260742,0.04253295063972473,0.11275672912597656,0.1967015117406845,10000,10000,1.0,401.2328645296967,401.2328645296967,32900,True,268,133500,0.0,0.0,2,RIGHT,greedy,24691,36834,38534,33537,10971,122625,0.0821207221773107,0,66798,2,2,401.2328645296967,797.760235886852,2,2,,,2,RIGHT,False,,
133596,dqn,528,,,4.0,4.0,0.05,0.0015070068184286356,1.9122018814086914,3.1095242500305176,0.8061608076095581,1.9155000448226929,3.075040817260742,0.04253295063972473,0.11275672912597656,0.1967015117406845,10000,10000,1.0,401.2325861226579,401.2325861226579,32900,True,268,133500,0.0,0.0,3,LEFT,greedy,24691,36834,38534,33537,10971,122625,0.0821207221773107,1,66798,2,2,401.2325861226579,797.759682337817,2,2,,,3,LEFT,False,,
133748,dqn,529,6.0,335,0.0,0.0,0.05,,,,,,,,,,10000,10000,1.0,401.16358503510594,401.16358503510594,32938,True,268,133500,0.0,0.0,3,LEFT,greedy,24721,36837,38586,33604,10981,122767,0.08210216227532374,1,66874,2,2,401.16358503510594,794.9334356298943,2,2,,,3,LEFT,False,,
133771,dqn,530,6.0,321,0.0,0.0,0.05,,,,,,,,,,10000,10000,1.0,401.0908078533539,401.0908078533539,32944,True,268,133500,0.0,0.0,3,LEFT,greedy,24721,36840,38592,33619,10982,122790,0.08209490775349101,0,66886,2,2,401.0908078533539,794.3669244960154,2,2,,,3,LEFT,False,,
133995,dqn,530,,,1.0,1.0,0.05,0.0013655239017680287,2.021859645843506,3.0953569412231445,1.0335019826889038,2.028621196746826,3.0350542068481445,0.04110680893063545,0.14753508567810059,0.29139068722724915,10000,10000,1.0,400.8384078384925,400.8384078384925,33000,True,268,133500,0.0,0.0,2,RIGHT,greedy,24756,36928,38652,33660,10992,123004,0.08203229947162602,0,66998,2,2,400.8384078384925,789.9568081057572,2,2,,,2,RIGHT,False,,
133996,dqn,530,,,2.0,2.0,0.05,0.0013655239017680287,2.021859645843506,3.0953569412231445,1.0335019826889038,2.028621196746826,3.0350542068481445,0.04110680893063545,0.14753508567810059,0.29139068722724915,10000,10000,1.0,400.8381133967114,400.8381133967114,33000,True,268,133500,0.0,0.0,0,NOOP,greedy,24756,36928,38652,33660,10992,123004,0.08203229947162602,1,66998,2,2,400.8381133967114,789.9562278312998,2,2,,,0,NOOP,False,,
134274,dqn,531,4.0,263,0.0,0.0,0.05,,,,,,,,,,10000,10000,1.0,400.78970797688874,400.78970797688874,33069,False,269,134000,0.0,0.0,2,RIGHT,greedy,24779,37004,38743,33748,11010,123264,0.08199651458957058,1,67137,2,2,400.78970797688874,785.0796120804218,2,2,,,2,RIGHT,False,,
134395,dqn,531,,,5.0,5.0,0.05,0.0009414367959834635,1.8948354721069336,2.9491922855377197,0.741398274898529,1.8996002674102783,2.887956142425537,0.031313106417655945,0.16462457180023193,0.1820627599954605,10000,10000,1.0,400.82543797071963,400.82543797071963,33100,True,269,134000,0.0,0.0,3,LEFT,greedy,24787,37020,38784,33805,11013,123383,0.08194440310723533,0,67198,2,2,400.82543797071963,783.0755838108041,2,2,,,3,LEFT,False,,
134396,dqn,531,,,1.0,1.0,0.05,0.0009414367959834635,1.8948354721069336,2.9491922855377197,0.741398274898529,1.8996002674102783,2.887956142425537,0.031313106417655945,0.16462457180023193,0.1820627599954605,10000,10000,1.0,400.82518574134696,400.82518574134696,33100,True,269,134000,0.0,0.0,3,LEFT,greedy,24787,37020,38784,33805,11013,123383,0.08194440310723533,1,67198,2,2,400.82518574134696,783.0750910410233,2,2,,,3,LEFT,False,,
134457,dqn,532,6.0,343,0.0,0.0,0.05,,,,,,,,,,10000,10000,1.0,400.8517824679032,400.8517824679032,33115,False,269,134000,0.0,0.0,3,LEFT,greedy,24805,37029,38803,33821,11018,123440,0.08194380401314909,0,67229,2,2,400.8517824679032,782.0786024590709,2,2,,,3,LEFT,False,,
134795,dqn,532,,,3.0,3.0,0.05,0.003260037861764431,1.6285998821258545,2.7625701427459717,0.8965916633605957,1.6593701839447021,2.7534103393554688,0.05429035425186157,0.247386634349823,0.3213857114315033,10000,10000,1.0,400.82148637760133,400.82148637760133,33200,True,270,134500,0.0,0.0,1,FIRE,greedy,24820,37093,38936,33947,11025,123771,0.08179026083860055,0,67398,2,2,400.82148637760133,776.3698855867794,2,2,,,1,FIRE,False,,
134796,dqn,532,,,4.0,4.0,0.05,0.003260037861764431,1.6285998821258545,2.7625701427459717,0.8965916633605957,1.6593701839447021,2.7534103393554688,0.05429035425186157,0.247386634349823,0.3213857114315033,10000,10000,1.0,400.8212407463968,400.8212407463968,33200,True,270,134500,0.0,0.0,3,LEFT,greedy,24820,37093,38936,33947,11025,123771,0.08179026083860055,1,67398,2,2,400.8212407463968,776.3694098122098,2,2,,,3,LEFT,False,,
135195,dqn,532,,,9.0,9.0,0.05,0.012624398805201054,1.9796574115753174,2.747058391571045,0.7350487112998962,1.9937231540679932,2.7733895778656006,0.07847899943590164,0.7981300354003906,0.5328108072280884,10000,10000,1.0,400.66841500378814,400.66841500378814,33300,True,271,135000,0.0,0.0,3,LEFT,greedy,24871,37126,39098,34101,11036,124160,0.08162963401284061,0,67598,2,2,400.66841500378814,769.5301601723512,2,2,,,3,LEFT,False,,
135196,dqn,532,,,9.0,9.0,0.05,0.012624398805201054,1.9796574115753174,2.747058391571045,0.7350487112998962,1.9937231540679932,2.7733895778656006,0.07847899943590164,0.7981300354003906,0.5328108072280884,10000,10000,1.0,400.66813494771964,400.66813494771964,33300,True,271,135000,0.0,0.0,3,LEFT,greedy,24871,37126,39098,34101,11036,124160,0.08162963401284061,1,67598,2,2,400.66813494771964,769.529622292191,2,2,,,3,LEFT,False,,
135218,dqn,533,9.0,472,0.0,0.0,0.05,,,,,,,,,,10000,10000,1.0,400.6323142342539,400.6323142342539,33305,False,271,135000,0.0,0.0,2,RIGHT,greedy,24871,37126,39105,34116,11036,124182,0.08161635285243089,1,67609,2,2,400.6323142342539,769.1052908473982,2,2,,,2,RIGHT,False,,
135435,dqn,534,11.0,489,0.0,0.0,0.05,,,,,,,,,,10000,10000,1.0,400.22317264542806,400.22317264542806,33360,True,271,135000,0.0,0.0,2,RIGHT,greedy,24911,37171,39191,34163,11045,124391,0.08155143388759266,0,67718,2,2,400.22317264542806,764.8242692516959,2,2,,,2,RIGHT,False,,
135595,dqn,534,,,1.0,1.0,0.05,0.009189838543534279,1.9258978366851807,2.9957773685455322,0.5211001038551331,1.941239356994629,3.0677788257598877,0.07953551411628723,0.5587657690048218,0.28652817010879517,10000,10000,1.0,400.05096322879405,400.05096322879405,33400,True,272,135500,0.0,0.0,2,RIGHT,greedy,24913,37221,39250,34212,11051,124545,0.08149945426118764,0,67798,2,2,400.05096322879405,761.9579504715635,2,2,,,2,RIGHT,False,,
135596,dqn,534,,,2.0,2.0,0.05,0.009189838543534279,1.9258978366851807,2.9957773685455322,0.5211001038551331,1.941239356994629,3.0677788257598877,0.07953551411628723,0.5587657690048218,0.28652817010879517,10000,10000,1.0,400.05066873925614,400.05066873925614,33400,True,272,135500,0.0,0.0,3,LEFT,greedy,24913,37221,39250,34212,11051,124545,0.08149945426118764,1,67798,2,2,400.05066873925614,761.957389571415,2,2,,,3,LEFT,False,,
135768,dqn,535,4.0,275,0.0,0.0,0.05,,,,,,,,,,10000,10000,1.0,399.8923322764542,399.8923322764542,33443,True,272,135500,0.0,0.0,2,RIGHT,greedy,24922,37298,39285,34263,11060,124708,0.0814624948441459,1,67884,2,2,399.8923322764542,758.9546825166299,2,2,,,2,RIGHT,False,,
135995,dqn,535,,,5.0,5.0,0.05,0.0035027917474508286,1.8211002349853516,2.7712185382843018,0.6910367012023926,1.8494360446929932,2.795687198638916,0.06197255104780197,0.2897549867630005,0.2759425640106201,10000,10000,1.0,400.0206180203809,400.0206180203809,33500,True,272,135500,0.0,0.0,1,FIRE,fire_reset,24941,37377,39360,34318,11070,124926,0.08139945292508603,0,67998,2,2,400.0206180203809,755.6562391418452,2,2,,,0,NOOP,True,after_life_loss,
135996,dqn,535,,,2.0,2.0,0.05,0.0035027917474508286,1.8211002349853516,2.7712185382843018,0.6910367012023926,1.8494360446929932,2.795687198638916,0.06197255104780197,0.2897549867630005,0.2759425640106201,10000,10000,1.0,400.02036018765295,400.02036018765295,33500,True,272,135500,0.0,0.0,2,RIGHT,greedy,24941,37377,39360,34318,11070,124926,0.08139945292508603,1,67998,2,2,400.02036018765295,755.6557520846767,2,2,,,2,RIGHT,False,,
136349,dqn,536,11.0,457,0.0,0.0,0.05,,,,,,,,,,10000,10000,1.0,400.0556344767374,400.0556344767374,33588,False,273,136000,0.0,0.0,1,FIRE,greedy,25052,37429,39465,34404,11083,125267,0.08128346167950129,0,68175,2,2,400.0556344767374,750.3106707139359,2,2,,,1,FIRE,False,,
136395,dqn,536,,,0.0,0.0,0.05,0.005350297316908836,1.848496437072754,2.9957871437072754,0.3353199362754822,1.8813914060592651,3.0210719108581543,0.06355711072683334,0.4055110216140747,0.252606600522995,10000,10000,1.0,400.0710168922043,400.0710168922043,33600,True,273,136000,0.0,0.0,1,FIRE,greedy,25070,37446,39468,34412,11083,125313,0.08125604856447403,0,68198,2,2,400.0710168922043,749.6440051108514,2,2,,,1,FIRE,False,,
136396,dqn,536,,,6.0,6.0,0.05,0.005350297316908836,1.848496437072754,2.9957871437072754,0.3353199362754822,1.8813914060592651,3.0210719108581543,0.06355711072683334,0.4055110216140747,0.252606600522995,10000,10000,1.0,400.07078161891064,400.07078161891064,33600,True,273,136000,0.0,0.0,0,NOOP,greedy,25070,37446,39468,34412,11083,125313,0.08125604856447403,1,68198,2,2,400.07078161891064,749.6435642610855,2,2,,,0,NOOP,False,,
136602,dqn,537,8.0,417,0.0,0.0,0.05,,,,,,,,,,10000,10000,1.0,400.15210940362545,400.15210940362545,33651,False,274,136500,0.0,0.0,0,NOOP,greedy,25120,37485,39529,34468,11095,125507,0.08122135839885214,1,68301,2,2,400.15210940362545,746.7020715910885,2,2,,,0,NOOP,False,,
136795,dqn,537,,,4.0,4.0,0.05,0.007409033365547657,1.8277586698532104,2.799722671508789,0.6294559240341187,1.8695449829101562,2.7455878257751465,0.06908510625362396,0.4765293598175049,0.5314403176307678,10000,10000,1.0,400.157872046755,400.157872046755,33700,True,274,136500,0.0,0.0,1,FIRE,greedy,25132,37548,39588,34528,11103,125693,0.08116465393724963,0,68398,2,2,400.157872046755,743.8308004199899,2,2,,,1,FIRE,False,,
136796,dqn,537,,,2.0,2.0,0.05,0.007409033365547657,1.8277586698532104,2.799722671508789,0.6294559240341187,1.8695449829101562,2.7455878257751465,0.06908510625362396,0.4765293598175049,0.5314403176307678,10000,10000,1.0,400.157616165168,400.157616165168,33700,True,274,136500,0.0,0.0,2,RIGHT,greedy,25132,37548,39588,34528,11103,125693,0.08116465393724963,1,68398,2,2,400.157616165168,743.8303247762028,2,2,,,2,RIGHT,False,,
137085,dqn,538,6.0,368,0.0,0.0,0.05,,,,,,,,,,10000,10000,1.0,399.95964598512893,399.95964598512893,33772,False,275,137000,0.0,0.0,3,LEFT,greedy,25204,37619,39662,34601,11111,125975,0.08105131085595903,0,68543,2,2,399.95964598512893,739.2124795005849,2,2,,,3,LEFT,False,,
137195,dqn,538,,,1.0,1.0,0.05,0.002121101599186659,1.6904213428497314,2.663722038269043,0.582105815410614,1.746037244796753,2.638059139251709,0.044761113822460175,0.213958740234375,0.42573270201683044,10000,10000,1.0,399.90738611091,399.90738611091,33800,True,275,137000,0.0,0.0,1,FIRE,fire_reset,25221,37651,39686,34638,11119,126077,0.08104463686987959,0,68598,2,2,399.90738611091,737.5214236056621,2,2,,,0,NOOP,True,after_life_loss,
137196,dqn,538,,,6.0,6.0,0.05,0.002121101599186659,1.6904213428497314,2.663722038269043,0.582105815410614,1.746037244796753,2.638059139251709,0.044761113822460175,0.213958740234375,0.42573270201683044,10000,10000,1.0,399.9071449071842,399.9071449071842,33800,True,275,137000,0.0,0.0,3,LEFT,greedy,25221,37651,39686,34638,11119,126077,0.08104463686987959,1,68598,2,2,399.9071449071842,737.5209787703791,2,2,,,3,LEFT,False,,
137334,dqn,539,7.0,366,0.0,0.0,0.05,,,,,,,,,,10000,10000,1.0,399.9212878977705,399.9212878977705,33834,False,275,137000,0.0,0.0,0,NOOP,random,25233,37677,39736,34688,11128,126206,0.08102873287022878,1,68667,2,2,399.9212878977705,735.5599473958378,2,2,,,0,NOOP,False,,
137595,dqn,539,,,4.0,4.0,0.05,0.0013948557898402214,1.8005759716033936,2.7618296146392822,0.7543160915374756,1.8240153789520264,2.794132709503174,0.04525768384337425,0.10808014869689941,0.1527213603258133,10000,10000,1.0,399.82602569577807,399.82602569577807,33900,True,276,137500,0.0,0.0,2,RIGHT,greedy,25280,37749,39822,34745,11141,126455,0.08096892351521846,0,68798,2,2,399.82602569577807,731.6531257532222,2,2,,,2,RIGHT,False,,
137596,dqn,539,,,2.0,2.0,0.05,0.0013948557898402214,1.8005759716033936,2.7618296146392822,0.7543160915374756,1.8240153789520264,2.794132709503174,0.04525768384337425,0.10808014869689941,0.1527213603258133,10000,10000,1.0,399.8255171478644,399.8255171478644,33900,True,276,137500,0.0,0.0,0,NOOP,greedy,25280,37749,39822,34745,11141,126455,0.08096892351521846,1,68798,2,2,399.8255171478644,731.6521951467915,2,2,,,0,NOOP,False,,
137697,dqn,540,5.0,306,0.0,0.0,0.05,,,,,,,,,,10000,10000,1.0,399.73690783842704,399.73690783842704,33925,False,276,137500,0.0,0.0,2,RIGHT,greedy,25309,37765,39851,34773,11143,126555,0.08092347020290781,0,68849,2,2,399.73690783842704,730.0516305312713,2,2,,,2,RIGHT,False,,
137995,dqn,540,,,3.0,3.0,0.05,0.0010908214608207345,2.0289535522460938,2.835608720779419,1.0346145629882812,2.063528060913086,2.827785015106201,0.03643585368990898,0.11707544326782227,0.19812899827957153,10000,10000,1.0,399.6149191335732,399.6149191335732,34000,True,276,137500,0.0,0.0,1,FIRE,greedy,25334,37879,39925,34858,11156,126840,0.08084292298327488,0,68998,2,2,399.6149191335732,725.671917843412,2,2,,,1,FIRE,False,,
137996,dqn,540,,,7.0,7.0,0.05,0.0010908214608207345,2.0289535522460938,2.835608720779419,1.0346145629882812,2.063528060913086,2.827785015106201,0.03643585368990898,0.11707544326782227,0.19812899827957153,10000,10000,1.0,399.61469007724975,399.61469007724975,34000,True,276,137500,0.0,0.0,2,RIGHT,greedy,25334,37879,39925,34858,11156,126840,0.08084292298327488,1,68998,2,2,399.61469007724975,725.6715018936223,2,2,,,2,RIGHT,False,,
138395,dqn,540,,,7.0,7.0,0.05,0.004872789606451988,1.9728070497512817,2.8532960414886475,0.6719565391540527,1.9727619886398315,2.7879412174224854,0.0699286237359047,0.29310357570648193,0.3626723885536194,10000,10000,1.0,399.60093317292444,399.60093317292444,34100,True,277,138000,0.0,0.0,1,FIRE,greedy,25394,37975,40047,34980,11176,127220,0.08075377901095407,0,69198,2,2,399.60093317292444,720.1683866470473,2,2,,,1,FIRE,False,,
138396,dqn,540,,,15.0,12.0,0.05,0.004872789606451988,1.9728070497512817,2.8532960414886475,0.6719565391540527,1.9727619886398315,2.7879412174224854,0.0699286237359047,0.29310357570648193,0.3626723885536194,10000,10000,1.0,399.60068905168663,399.60068905168663,34100,True,277,138000,0.0,0.0,2,RIGHT,greedy,25394,37975,40047,34980,11176,127220,0.08075377901095407,1,69198,2,2,399.60068905168663,720.1679466871187,2,2,,,2,RIGHT,False,,
138508,dqn,541,19.0,587,0.0,0.0,0.05,,,,,,,,,,10000,10000,1.0,399.58961478290996,399.58961478290996,34128,True,278,138500,0.0,0.0,3,LEFT,greedy,25401,37984,40096,35027,11180,127328,0.08071735928610622,1,69254,2,2,399.58961478290996,718.6345482023385,2,2,,,3,LEFT,False,,
138795,dqn,541,,,12.0,12.0,0.05,0.001870207954198122,1.7903239727020264,2.773531675338745,0.5359446406364441,1.81644606590271,2.8753662109375,0.04719987511634827,0.17602121829986572,0.19599294662475586,10000,10000,1.0,399.5023874212969,399.5023874212969,34200,True,278,138500,0.0,0.0,2,RIGHT,greedy,25416,38066,40207,35107,11194,127602,0.08065073921438658,0,69398,2,2,399.5023874212969,714.6269378869771,2,2,,,2,RIGHT,False,,
138796,dqn,541,,,2.0,2.0,0.05,0.001870207954198122,1.7903239727020264,2.773531675338745,0.5359446406364441,1.81644606590271,2.8753662109375,0.04719987511634827,0.17602121829986572,0.19599294662475586,10000,10000,1.0,399.50214922826467,399.50214922826467,34200,True,278,138500,0.0,0.0,2,RIGHT,greedy,25416,38066,40207,35107,11194,127602,0.08065073921438658,1,69398,2,2,399.50214922826467,714.6265118090296,2,2,,,2,RIGHT,False,,
138821,dqn,542,12.0,562,0.0,0.0,0.05,,,,,,,,,,10000,10000,1.0,399.47959648277396,399.47959648277396,34206,False,278,138500,0.0,0.0,3,LEFT,greedy,25417,38071,40216,35118,11194,127628,0.08063563412139287,0,69411,2,2,399.47959648277396,714.2413649854676,2,2,,,3,LEFT,False,,
139192,dqn,543,9.0,342,0.0,0.0,0.05,,,,,,,,,,10000,10000,1.0,399.43502203183635,399.43502203183635,34299,True,279,139000,0.0,0.0,2,RIGHT,greedy,25477,38175,40309,35231,11213,127979,0.08055779067762515,1,69596,2,2,399.43502203183635,709.3049549226292,2,2,,,2,RIGHT,False,,
139195,dqn,543,,,3.0,3.0,0.05,0.0013674458023160696,2.0160984992980957,2.8900492191314697,0.7078823447227478,2.0478198528289795,2.9089083671569824,0.04202250391244888,0.09894275665283203,0.20841556787490845,10000,10000,1.0,399.42578640255397,399.42578640255397,34300,True,279,139000,0.0,0.0,0,NOOP,greedy,25478,38177,40309,35232,11213,127983,0.08055547573206126,0,69598,2,2,399.42578640255397,709.2365517411204,2,2,,,0,NOOP,False,,
139196,dqn,543,,,0.0,0.0,0.05,0.0013674458023160696,2.0160984992980957,2.8900492191314697,0.7078823447227478,2.0478198528289795,2.9089083671569824,0.04202250391244888,0.09894275665283203,0.20841556787490845,10000,10000,1.0,399.42556497651196,399.42556497651196,34300,True,279,139000,0.0,0.0,1,FIRE,fire_reset,25478,38177,40309,35232,11213,127983,0.08055547573206126,1,69598,2,2,399.42556497651196,709.2361585681008,2,2,,,0,NOOP,True,initial_serve,
139595,dqn,543,,,7.0,7.0,0.05,0.004168907180428505,2.0529568195343018,2.919661045074463,0.8460924029350281,2.094849109649658,2.8823254108428955,0.06189248710870743,0.38672971725463867,0.4894801676273346,10000,10000,1.0,399.51795549474303,399.51795549474303,34400,True,280,139500,0.0,0.0,0,NOOP,random,25582,38285,40396,35333,11233,128363,0.08046792171695465,0,69798,2,2,399.51795549474303,704.2517996166804,2,2,,,0,NOOP,False,,
139596,dqn,543,,,4.0,4.0,0.05,0.004168907180428505,2.0529568195343018,2.919661045074463,0.8460924029350281,2.094849109649658,2.8823254108428955,0.06189248710870743,0.38672971725463867,0.4894801676273346,10000,10000,1.0,399.5175342475284,399.5175342475284,34400,True,280,139500,0.0,0.0,3,LEFT,greedy,25582,38285,40396,35333,11233,128363,0.08046792171695465,1,69798,2,2,399.5175342475284,704.2510570615462,2,2,,,3,LEFT,False,,
139995,dqn,543,,,11.0,11.0,0.05,0.002578538842499256,1.824265480041504,2.632164716720581,0.6323588490486145,1.8457975387573242,2.6294915676116943,0.05729764699935913,0.17283809185028076,0.27305886149406433,10000,10000,1.0,399.70137003078173,399.70137003078173,34500,True,280,139500,0.0,0.0,2,RIGHT,greedy,25623,38326,40569,35478,11259,128737,0.08042372639218263,0,69998,2,2,399.70137003078173,699.5273652218887,2,2,,,2,RIGHT,False,,
139996,dqn,543,,,8.0,8.0,0.05,0.002578538842499256,1.824265480041504,2.632164716720581,0.6323588490486145,1.8457975387573242,2.6294915676116943,0.05729764699935913,0.17283809185028076,0.27305886149406433,10000,10000,1.0,399.7011279685434,399.7011279685434,34500,True,280,139500,0.0,0.0,0,NOOP,greedy,25623,38326,40569,35478,11259,128737,0.08042372639218263,1,69998,2,2,399.7011279685434,699.5269415827107,2,2,,,0,NOOP,False,,
140139,dqn,544,13.0,659,0.0,0.0,0.05,,,,,,,,,,10000,10000,1.0,399.73162850962706,399.73162850962706,34536,True,281,140000,0.0,0.0,1,FIRE,greedy,25667,38329,40615,35529,11267,128873,0.08039817325531612,0,70070,2,2,399.73162850962706,697.7876235592818,2,2,,,1,FIRE,False,,
140390,dqn,545,12.0,599,0.0,0.0,0.05,,,,,,,,,,10000,10000,1.0,399.81283413977496,399.81283413977496,34598,False,281,140000,0.0,0.0,2,RIGHT,greedy,25733,38382,40672,35603,11282,129108,0.08036184913455374,1,70195,2,2,399.81283413977496,694.8467910978337,2,2,,,2,RIGHT,False,,
140395,dqn,545,,,2.0,2.0,0.05,0.0021653766743838787,2.0256333351135254,3.0616116523742676,0.8986520767211914,2.0387463569641113,2.972153425216675,0.047669608145952225,0.24587154388427734,0.23284806311130524,10000,10000,1.0,399.49371815749737,399.49371815749737,34600,True,281,140000,0.0,0.0,1,FIRE,greedy,25733,38388,40672,35603,11282,129114,0.08035841476965155,0,70198,2,2,399.49371815749737,694.2187352020002,2,2,,,1,FIRE,False,,
140396,dqn,545,,,0.0,0.0,0.05,0.0021653766743838787,2.0256333351135254,3.0616116523742676,0.8986520767211914,2.0387463569641113,2.972153425216675,0.047669608145952225,0.24587154388427734,0.23284806311130524,10000,10000,1.0,399.49349059348754,399.49349059348754,34600,True,281,140000,0.0,0.0,1,FIRE,greedy,25733,38388,40672,35603,11282,129114,0.08035841476965155,1,70198,2,2,399.49349059348754,694.2183397534815,2,2,,,1,FIRE,False,,
140655,dqn,546,4.0,258,0.0,0.0,0.05,,,,,,,,,,10000,10000,1.0,399.6478632063936,399.6478632063936,34665,True,282,140500,0.0,0.0,3,LEFT,greedy,25764,38449,40751,35692,11296,129360,0.08030940734842452,0,70328,2,2,399.6478632063936,691.3231730514377,2,2,,,3,LEFT,False,,
140795,dqn,546,,,1.0,1.0,0.05,0.0019821031019091606,1.9330769777297974,2.883427858352661,0.8002468347549438,1.9623072147369385,2.8816566467285156,0.04833708703517914,0.13667583465576172,0.18607035279273987,10000,10000,1.0,399.67956663580696,399.67956663580696,34700,True,282,140500,0.0,0.0,0,NOOP,greedy,25776,38520,40776,35724,11303,129493,0.08027926929742323,0,70398,2,2,399.67956663580696,689.6911984515036,2,2,,,0,NOOP,False,,
140796,dqn,546,,,3.0,3.0,0.05,0.0019821031019091606,1.9330769777297974,2.883427858352661,0.8002468347549438,1.9623072147369385,2.8816566467285156,0.04833708703517914,0.13667583465576172,0.18607035279273987,10000,10000,1.0,399.67934070221764,399.67934070221764,34700,True,282,140500,0.0,0.0,3,LEFT,greedy,25776,38520,40776,35724,11303,129493,0.08027926929742323,1,70398,2,2,399.67934070221764,689.6908085781625,2,2,,,3,LEFT,False,,
141160,dqn,547,7.0,385,0.0,0.0,0.05,,,,,,,,,,10000,10000,1.0,399.80051819083,399.80051819083,34791,True,283,141000,0.0,0.0,2,RIGHT,greedy,25858,38576,40874,35852,11324,129836,0.08022102578634174,1,70580,2,2,399.80051819083,685.5665834282988,2,2,,,2,RIGHT,False,,
141195,dqn,547,,,4.0,4.0,0.05,0.003215801203623414,1.8941411972045898,2.828399896621704,0.4865649938583374,1.8895089626312256,2.808361530303955,0.05442846938967705,0.3169839382171631,0.4099752604961395,10000,10000,1.0,399.800623361404,399.800623361404,34800,True,283,141000,0.0,0.0,3,LEFT,greedy,25858,38578,40883,35877,11325,129871,0.08020765460777926,0,70598,2,2,399.800623361404,685.1423538224196,2,2,,,3,LEFT,False,,
141196,dqn,547,,,0.0,0.0,0.05,0.003215801203623414,1.8941411972045898,2.828399896621704,0.4865649938583374,1.8895089626312256,2.808361530303955,0.05442846938967705,0.3169839382171631,0.4099752604961395,10000,10000,1.0,399.8004049180386,399.8004049180386,34800,True,283,141000,0.0,0.0,3,LEFT,greedy,25858,38578,40883,35877,11325,129871,0.08020765460777926,1,70598,2,2,399.8004049180386,685.1419794738249,2,2,,,3,LEFT,False,,
141247,dqn,548,4.0,296,0.0,0.0,0.05,,,,,,,,,,10000,10000,1.0,399.81185696130717,399.81185696130717,34813,True,283,141000,0.0,0.0,2,RIGHT,greedy,25862,38591,40900,35895,11325,129923,0.08017812641594925,0,70624,2,2,399.81185696130717,684.5498590485686,2,2,,,2,RIGHT,False,,
141595,dqn,548,,,2.0,2.0,0.05,0.0028946460224688053,1.953738808631897,3.0405526161193848,0.8815582394599915,1.9822638034820557,2.903846025466919,0.052905309945344925,0.2864842414855957,0.17099831998348236,10000,10000,1.0,400.021124684821,400.021124684821,34900,True,284,141500,0.0,0.0,0,NOOP,greedy,25932,38731,40968,35965,11340,130256,0.08008700810757366,0,70798,2,2,400.021124684821,680.851418055485,2,2,,,0,NOOP,False,,
141596,dqn,548,,,4.0,4.0,0.05,0.0028946460224688053,1.953738808631897,3.0405526161193848,0.8815582394599915,1.9822638034820557,2.903846025466919,0.052905309945344925,0.2864842414855957,0.17099831998348236,10000,10000,1.0,400.0209115651812,400.0209115651812,34900,True,284,141500,0.0,0.0,1,FIRE,greedy,25932,38731,40968,35965,11340,130256,0.08008700810757366,1,70798,2,2,400.0209115651812,680.8510553176195,2,2,,,1,FIRE,False,,
141797,dqn,549,4.0,275,0.0,0.0,0.05,,,,,,,,,,10000,10000,1.0,400.11736061144745,400.11736061144745,34950,False,284,141500,0.0,0.0,1,FIRE,greedy,25952,38777,41036,36033,11356,130442,0.08008575579345266,0,70899,2,2,400.11736061144745,678.6908643952106,2,2,,,1,FIRE,False,,
141995,dqn,549,,,1.0,1.0,0.05,0.002852662932127714,1.9390664100646973,2.9881181716918945,0.7573749423027039,1.9809321165084839,2.998706102371216,0.059561241418123245,0.2051560878753662,0.28605788946151733,10000,10000,1.0,400.19837054526914,400.19837054526914,35000,True,284,141500,0.0,0.0,1,FIRE,greedy,25975,38861,41075,36085,11368,130628,0.08005859319980844,0,70998,2,2,400.19837054526914,676.5711951608015,2,2,,,1,FIRE,False,,
141996,dqn,549,,,8.0,8.0,0.05,0.002852662932127714,1.9390664100646973,2.9881181716918945,0.7573749423027039,1.9809321165084839,2.998706102371216,0.059561241418123245,0.2051560878753662,0.28605788946151733,10000,10000,1.0,400.1981646067072,400.1981646067072,35000,True,284,141500,0.0,0.0,0,NOOP,greedy,25975,38861,41075,36085,11368,130628,0.08005859319980844,1,70998,2,2,400.1981646067072,676.5708470032146,2,2,,,0,NOOP,False,,
142221,dqn,550,3.0,212,0.0,0.0,0.05,,,,,,,,,,10000,10000,1.0,400.2381950951624,400.2381950951624,35056,False,285,142000,0.0,0.0,1,FIRE,random,26038,38905,41119,36160,11375,130847,0.07998059371967768,0,71111,2,2,400.2381950951624,674.087875785422,2,2,,,1,FIRE,False,,
142240,dqn,551,10.0,540,0.0,0.0,0.05,,,,,,,,,,10000,10000,1.0,400.21284008574764,400.21284008574764,35061,True,285,142000,0.0,0.0,0,NOOP,greedy,26043,38910,41121,36166,11377,130863,0.07998453318335208,1,71120,2,2,400.21284008574764,673.8432099171016,2,2,,,0,NOOP,False,,
142395,dqn,551,,,2.0,2.0,0.05,0.004304463975131512,1.9130403995513916,2.812295436859131,0.3698633015155792,1.91387939453125,2.7928097248077393,0.06199720501899719,0.35820233821868896,0.3444966673851013,10000,10000,1.0,400.268466885219,400.268466885219,35100,True,285,142000,0.0,0.0,1,FIRE,greedy,26058,38962,41173,36203,11384,131012,0.07994606590072754,0,71198,2,2,400.268466885219,672.1934688483307,2,2,,,1,FIRE,False,,
142396,dqn,551,,,1.0,1.0,0.05,0.004304463975131512,1.9130403995513916,2.812295436859131,0.3698633015155792,1.91387939453125,2.7928097248077393,0.06199720501899719,0.35820233821868896,0.3444966673851013,10000,10000,1.0,400.26827302201906,400.26827302201906,35100,True,285,142000,0.0,0.0,2,RIGHT,greedy,26058,38962,41173,36203,11384,131012,0.07994606590072754,1,71198,2,2,400.26827302201906,672.1931432828973,2,2,,,2,RIGHT,False,,
142795,dqn,551,,,5.0,5.0,0.05,0.007237756624817848,1.982292652130127,2.7567412853240967,0.440658837556839,1.9864985942840576,2.9368557929992676,0.06925888359546661,0.4544028639793396,0.3168468475341797,10000,10000,1.0,400.17802105773364,400.17802105773364,35200,True,286,142500,0.0,0.0,3,LEFT,greedy,26138,39126,41240,36292,11403,131393,0.07985517801619094,0,71398,2,2,400.17802105773364,667.6303941368368,2,2,,,3,LEFT,False,,
142796,dqn,551,,,5.0,5.0,0.05,0.007237756624817848,1.982292652130127,2.7567412853240967,0.440658837556839,1.9864985942840576,2.9368557929992676,0.06925888359546661,0.4544028639793396,0.3168468475341797,10000,10000,1.0,400.17780027929854,400.17780027929854,35200,True,286,142500,0.0,0.0,0,NOOP,greedy,26138,39126,41240,36292,11403,131393,0.07985517801619094,1,71398,2,2,400.17780027929854,667.6300258047798,2,2,,,0,NOOP,False,,
142952,dqn,552,6.0,356,0.0,0.0,0.05,,,,,,,,,,10000,10000,1.0,400.1227480303416,400.1227480303416,35239,True,286,142500,0.0,0.0,1,FIRE,greedy,26166,39142,41289,36355,11405,131547,0.07978202473557558,1,71476,2,2,400.1227480303416,665.8403226442703,2,2,,,1,FIRE,False,,
143195,dqn,552,,,10.0,10.0,0.05,0.0074561163783073425,1.789501667022705,2.626520872116089,0.43250787258148193,1.8488515615463257,2.664207696914673,0.08816695213317871,0.32744312286376953,0.5037216544151306,10000,10000,1.0,400.0425966276425,400.0425966276425,35300,True,287,143000,0.0,0.0,3,LEFT,greedy,26191,39230,41354,36421,11419,131777,0.0797438475935082,0,71598,2,2,400.0425966276425,663.0764384050826,2,2,,,3,LEFT,False,,
143196,dqn,552,,,2.0,2.0,0.05,0.0074561163783073425,1.789501667022705,2.626520872116089,0.43250787258148193,1.8488515615463257,2.664207696914673,0.08816695213317871,0.32744312286376953,0.5037216544151306,10000,10000,1.0,400.04237433766184,400.04237433766184,35300,True,287,143000,0.0,0.0,2,RIGHT,greedy,26191,39230,41354,36421,11419,131777,0.0797438475935082,1,71598,2,2,400.04237433766184,663.0760699561977,2,2,,,2,RIGHT,False,,
143535,dqn,553,17.0,657,0.0,0.0,0.05,,,,,,,,,,10000,10000,1.0,399.8301078374029,399.8301078374029,35385,True,288,143500,0.0,0.0,3,LEFT,greedy,26222,39280,41479,36555,11433,132103,0.07965249136105228,0,71768,2,2,399.8301078374029,659.1098672196512,2,2,,,3,LEFT,False,,
143595,dqn,553,,,0.0,0.0,0.05,0.015565994195640087,2.0689384937286377,3.0174243450164795,0.8162412643432617,2.1251754760742188,3.171872138977051,0.08005183935165405,0.9179832935333252,0.4851580560207367,10000,10000,1.0,399.7975188250378,399.7975188250378,35400,True,288,143500,0.0,0.0,1,FIRE,greedy,26224,39288,41503,36581,11436,132160,0.07964010139558204,0,71798,2,2,399.7975188250378,658.4242191164342,2,2,,,1,FIRE,False,,
143596,dqn,553,,,5.0,5.0,0.05,0.015565994195640087,2.0689384937286377,3.0174243450164795,0.8162412643432617,2.1251754760742188,3.171872138977051,0.08005183935165405,0.9179832935333252,0.4851580560207367,10000,10000,1.0,399.79732157588137,399.79732157588137,35400,True,288,143500,0.0,0.0,2,RIGHT,greedy,26224,39288,41503,36581,11436,132160,0.07964010139558204,1,71798,2,2,399.79732157588137,658.4238942679405,2,2,,,2,RIGHT,False,,
143666,dqn,554,6.0,357,0.0,0.0,0.05,,,,,,,,,,10000,10000,1.0,399.7425634457075,399.7425634457075,35417,False,288,143500,0.0,0.0,1,FIRE,greedy,26229,39301,41528,36608,11441,132225,0.07963610039953782,1,71833,2,2,399.7425634457075,657.5987624237509,2,2,,,1,FIRE,False,,
143995,dqn,554,,,5.0,5.0,0.05,0.014863218180835247,2.021763324737549,3.076162099838257,1.2144073247909546,2.024857521057129,3.1128475666046143,0.07776954025030136,0.9025310277938843,0.7329276204109192,10000,10000,1.0,399.6739559505118,399.6739559505118,35500,True,288,143500,0.0,0.0,1,FIRE,fire_reset,26261,39434,41625,36676,11457,132539,0.07956471013083696,0,71998,2,2,399.6739559505118,654.0532203046856,2,2,,,3,LEFT,True,after_life_loss,
143996,dqn,554,,,2.0,2.0,0.05,0.014863218180835247,2.021763324737549,3.076162099838257,1.2144073247909546,2.024857521057129,3.1128475666046143,0.07776954025030136,0.9025310277938843,0.7329276204109192,10000,10000,1.0,399.6737468184799,399.6737468184799,35500,True,288,143500,0.0,0.0,2,RIGHT,greedy,26261,39434,41625,36676,11457,132539,0.07956471013083696,1,71998,2,2,399.6737468184799,654.052878067027,2,2,,,2,RIGHT,False,,
144306,dqn,555,6.0,320,0.0,0.0,0.05,,,,,,,,,,10000,10000,1.0,399.4494626051776,399.4494626051776,35577,False,289,144000,0.0,0.0,1,FIRE,greedy,26284,39499,41746,36777,11470,132836,0.07948387454437099,1,72153,2,2,399.4494626051776,650.5095715106617,2,2,,,1,FIRE,False,,
144395,dqn,555,,,8.0,8.0,0.05,0.002334622433409095,1.905306100845337,2.763599395751953,0.747209906578064,1.9439141750335693,2.8388149738311768,0.05127240717411041,0.20421504974365234,0.37968188524246216,10000,10000,1.0,399.3881717936137,399.3881717936137,35600,True,289,144000,0.0,0.0,0,NOOP,greedy,26292,39542,41766,36796,11475,132921,0.07946896035901271,0,72198,2,2,399.3881717936137,649.4960633200136,2,2,,,0,NOOP,False,,
144396,dqn,555,,,1.0,1.0,0.05,0.002334622433409095,1.905306100845337,2.763599395751953,0.747209906578064,1.9439141750335693,2.8388149738311768,0.05127240717411041,0.20421504974365234,0.37968188524246216,10000,10000,1.0,399.387969512497,399.387969512497,35600,True,289,144000,0.0,0.0,1,FIRE,greedy,26292,39542,41766,36796,11475,132921,0.07946896035901271,1,72198,2,2,399.387969512497,649.4957343648811,2,2,,,1,FIRE,False,,
144701,dqn,556,14.0,583,0.0,0.0,0.05,,,,,,,,,,10000,10000,1.0,399.5149490627068,399.5149490627068,35676,False,290,144500,0.0,0.0,2,RIGHT,greedy,26308,39585,41931,36878,11487,133215,0.07938383712733756,0,72351,2,2,399.5149490627068,646.6222110786073,2,2,,,2,RIGHT,False,,
144795,dqn,556,,,1.0,1.0,0.05,0.003203882835805416,2.0088043212890625,3.2137672901153564,0.9627965092658997,2.021418571472168,3.050325870513916,0.06137803569436073,0.24741947650909424,0.1836366057395935,10000,10000,1.0,399.5170299667483,399.5170299667483,35700,True,290,144500,0.0,0.0,1,FIRE,random,26313,39605,41982,36896,11494,133302,0.07938064587419542,0,72398,2,2,399.5170299667483,645.687872478182,2,2,,,1,FIRE,False,,
144796,dqn,556,,,5.0,5.0,0.05,0.003203882835805416,2.0088043212890625,3.2137672901153564,0.9627965092658997,2.021418571472168,3.050325870513916,0.06137803569436073,0.24741947650909424,0.1836366057395935,10000,10000,1.0,399.5168290057606,399.5168290057606,35700,True,290,144500,0.0,0.0,2,RIGHT,greedy,26313,39605,41982,36896,11494,133302,0.07938064587419542,1,72398,2,2,399.5168290057606,645.6875476908441,2,2,,,2,RIGHT,False,,
145036,dqn,557,7.0,365,0.0,0.0,0.05,,,,,,,,,,10000,10000,1.0,399.63631320775175,399.63631320775175,35760,True,291,145000,0.0,0.0,1,FIRE,greedy,26346,39694,42030,36966,11506,133530,0.07933202791031192,1,72518,2,2,399.63631320775175,643.5035562927378,2,2,,,1,FIRE,False,,
145195,dqn,557,,,4.0,4.0,0.05,0.0015640223864465952,2.1154799461364746,2.9233174324035645,1.1550188064575195,2.140132427215576,2.9566009044647217,0.04018209129571915,0.18291842937469482,0.111863873898983,10000,10000,1.0,399.6928357548416,399.6928357548416,35800,True,291,145000,0.0,0.0,3,LEFT,greedy,26351,39749,42081,37015,11512,133684,0.07928593074189372,0,72598,2,2,399.6928357548416,642.0236412543144,2,2,,,3,LEFT,False,,
145196,dqn,557,,,1.0,1.0,0.05,0.0015640223864465952,2.1154799461364746,2.9233174324035645,1.1550188064575195,2.140132427215576,2.9566009044647217,0.04018209129571915,0.18291842937469482,0.111863873898983,10000,10000,1.0,399.69264382124555,399.69264382124555,35800,True,291,145000,0.0,0.0,1,FIRE,greedy,26351,39749,42081,37015,11512,133684,0.07928593074189372,1,72598,2,2,399.69264382124555,642.0233329528008,2,2,,,1,FIRE,False,,
145275,dqn,558,5.0,287,0.0,0.0,0.05,,,,,,,,,,10000,10000,1.0,399.6836979695414,399.6836979695414,35820,True,291,145000,0.0,0.0,3,LEFT,greedy,26362,39776,42099,37039,11516,133760,0.07926980368402213,0,72638,2,2,399.6836979695414,641.2276802966594,2,2,,,3,LEFT,False,,
145595,dqn,558,,,2.0,2.0,0.05,0.0043980893678963184,2.0009615421295166,2.8219668865203857,0.7905160188674927,1.998378038406372,2.8432540893554688,0.058693885803222656,0.4251079559326172,0.4344158172607422,10000,10000,1.0,399.87936300169315,399.87936300169315,35900,True,292,145500,0.0,0.0,2,RIGHT,greedy,26391,39855,42211,37139,11529,134067,0.07918486771614605,0,72798,2,2,399.87936300169315,638.4423604657702,2,2,,,2,RIGHT,False,,
145596,dqn,558,,,5.0,5.0,0.05,0.0043980893678963184,2.0009615421295166,2.8219668865203857,0.7905160188674927,1.998378038406372,2.8432540893554688,0.058693885803222656,0.4251079559326172,0.4344158172607422,10000,10000,1.0,399.8789702224491,399.8789702224491,35900,True,292,145500,0.0,0.0,1,FIRE,greedy,26391,39855,42211,37139,11529,134067,0.07918486771614605,1,72798,2,2,399.8789702224491,638.4417333593703,2,2,,,1,FIRE,False,,
145769,dqn,559,3.0,247,0.0,0.0,0.05,,,,,,,,,,10000,10000,1.0,399.97827585809506,399.97827585809506,35943,False,292,145500,0.0,0.0,3,LEFT,greedy,26410,39887,42261,37212,11533,134237,0.07911778829663169,0,72885,2,2,399.97827585809506,636.9328519973183,2,2,,,3,LEFT,False,,
145780,dqn,560,6.0,372,0.0,0.0,0.05,,,,,,,,,,10000,10000,1.0,399.94645994155144,399.94645994155144,35946,True,292,145500,0.0,0.0,0,NOOP,greedy,26413,39889,42262,37216,11534,134246,0.07911922074358622,1,72890,2,2,399.94645994155144,636.7867510952311,2,2,,,0,NOOP,False,,
145995,dqn,560,,,1.0,1.0,0.05,0.0017740174662321806,1.966477632522583,3.111767053604126,0.8027252554893494,1.9775891304016113,3.0451297760009766,0.042754411697387695,0.19393491744995117,0.22251583635807037,10000,10000,1.0,400.0576320956571,400.0576320956571,36000,True,292,145500,0.0,0.0,2,RIGHT,greedy,26451,39965,42337,37243,11552,134444,0.07912545549193128,0,72998,2,2,400.0576320956571,634.9118842446903,2,2,,,2,RIGHT,False,,
145996,dqn,560,,,2.0,2.0,0.05,0.0017740174662321806,1.966477632522583,3.111767053604126,0.8027252554893494,1.9775891304016113,3.0451297760009766,0.042754411697387695,0.19393491744995117,0.22251583635807037,10000,10000,1.0,400.05742993347167,400.05742993347167,36000,True,292,145500,0.0,0.0,2,RIGHT,greedy,26451,39965,42337,37243,11552,134444,0.07912545549193128,1,72998,2,2,400.05742993347167,634.9115634029821,2,2,,,2,RIGHT,False,,
146395,dqn,560,,,5.0,5.0,0.05,0.002882427303120494,1.945117473602295,2.953315019607544,0.8547578454017639,1.9640790224075317,3.002182722091675,0.049597691744565964,0.29225778579711914,0.24815677106380463,10000,10000,1.0,400.2319778909079,400.2319778909079,36100,True,293,146000,0.0,0.0,2,RIGHT,greedy,26533,40058,42450,37355,11569,134827,0.07902538320719145,0,73198,2,2,400.2319778909079,631.4376307797801,2,2,,,2,RIGHT,False,,
146396,dqn,560,,,5.0,5.0,0.05,0.002882427303120494,1.945117473602295,2.953315019607544,0.8547578454017639,1.9640790224075317,3.002182722091675,0.049597691744565964,0.29225778579711914,0.24815677106380463,10000,10000,1.0,400.2317852374968,400.2317852374968,36100,True,293,146000,0.0,0.0,0,NOOP,greedy,26533,40058,42450,37355,11569,134827,0.07902538320719145,1,73198,2,2,400.2317852374968,631.4373268345179,2,2,,,0,NOOP,False,,
146477,dqn,561,6.0,354,0.0,0.0,0.05,,,,,,,,,,10000,10000,1.0,400.2309986800059,400.2309986800059,36120,False,293,146000,0.0,0.0,3,LEFT,greedy,26545,40068,42481,37384,11570,134908,0.07898797088982645,0,73239,2,2,400.2309986800059,630.6751175249569,2,2,,,3,LEFT,False,,
146516,dqn,562,6.0,368,0.0,0.0,0.05,,,,,,,,,,10000,10000,1.0,400.2041096021864,400.2041096021864,36130,True,294,146500,0.0,0.0,3,LEFT,greedy,26547,40070,42506,37393,11571,134945,0.07897430997297224,1,73258,2,2,400.2041096021864,630.2810357992297,2,2,,,3,LEFT,False,,
146795,dqn,562,,,3.0,3.0,0.05,0.0015153530985116959,1.8332353830337524,2.8228256702423096,0.7409818768501282,1.862903118133545,2.868690252304077,0.04137720167636871,0.13187211751937866,0.2198719084262848,10000,10000,1.0,400.180371921576,400.180371921576,36200,True,294,146500,0.0,0.0,0,NOOP,greedy,26618,40168,42574,37436,11583,135213,0.07890541976620616,0,73398,2,2,400.180371921576,627.6698636272296,2,2,,,0,NOOP,False,,
146796,dqn,562,,,3.0,3.0,0.05,0.0015153530985116959,1.8332353830337524,2.8228256702423096,0.7409818768501282,1.862903118133545,2.868690252304077,0.04137720167636871,0.13187211751937866,0.2198719084262848,10000,10000,1.0,400.1801878085743,400.1801878085743,36200,True,294,146500,0.0,0.0,1,FIRE,greedy,26618,40168,42574,37436,11583,135213,0.07890541976620616,1,73398,2,2,400.1801878085743,627.6695748519903,2,2,,,1,FIRE,False,,
147195,dqn,562,,,6.0,6.0,0.05,0.0023286808282136917,2.054635763168335,3.3502588272094727,1.3048454523086548,2.0480995178222656,3.1788508892059326,0.049042489379644394,0.2130124568939209,0.44248124957084656,10000,10000,1.0,400.3239991535465,400.3239991535465,36300,True,295,147000,0.0,0.0,0,NOOP,greedy,26649,40296,42728,37523,11596,135600,0.07877931465528955,0,73598,2,2,400.3239991535465,624.2699739321704,2,2,,,0,NOOP,False,,
147196,dqn,562,,,6.0,6.0,0.05,0.0023286808282136917,2.054635763168335,3.3502588272094727,1.3048454523086548,2.0480995178222656,3.1788508892059326,0.049042489379644394,0.2130124568939209,0.44248124957084656,10000,10000,1.0,400.32379337878837,400.32379337878837,36300,True,295,147000,0.0,0.0,2,RIGHT,greedy,26649,40296,42728,37523,11596,135600,0.07877931465528955,1,73598,2,2,400.32379337878837,624.2696530445814,2,2,,,2,RIGHT,False,,
147348,dqn,563,8.0,416,0.0,0.0,0.05,,,,,,,,,,10000,10000,1.0,400.2088963991005,400.2088963991005,36338,True,295,147000,0.0,0.0,2,RIGHT,greedy,26669,40299,42789,37591,11604,135744,0.07875234139587914,1,73674,2,2,400.2088963991005,622.7293704762045,2,2,,,2,RIGHT,False,,
147401,dqn,564,9.0,462,0.0,0.0,0.05,,,,,,,,,,10000,10000,1.0,400.2032257684336,400.2032257684336,36351,False,295,147000,0.0,0.0,3,LEFT,greedy,26674,40303,42811,37614,11605,135797,0.07873027503018955,0,73701,2,2,400.2032257684336,622.2391026192845,2,2,,,3,LEFT,False,,
147595,dqn,564,,,1.0,1.0,0.05,0.00234052212908864,2.09332275390625,3.2735321521759033,0.9663673639297485,2.097330093383789,3.1894993782043457,0.053799379616975784,0.17438983917236328,0.2301204651594162,10000,10000,1.0,400.2026524121664,400.2026524121664,36400,True,296,147500,0.0,0.0,1,FIRE,greedy,26720,40361,42852,37663,11619,135977,0.07872164557305077,0,73798,2,2,400.2026524121664,620.5175927118468,2,2,,,1,FIRE,False,,
147596,dqn,564,,,2.0,2.0,0.05,0.00234052212908864,2.09332275390625,3.2735321521759033,0.9663673639297485,2.097330093383789,3.1894993782043457,0.053799379616975784,0.17438983917236328,0.2301204651594162,10000,10000,1.0,400.20245824948984,400.20245824948984,36400,True,296,147500,0.0,0.0,2,RIGHT,greedy,26720,40361,42852,37663,11619,135977,0.07872164557305077,1,73798,2,2,400.20245824948984,620.5172916609769,2,2,,,2,RIGHT,False,,
147701,dqn,565,1.0,150,0.0,0.0,0.05,,,,,,,,,,10000,10000,1.0,400.20283677833555,400.20283677833555,36426,False,296,147500,0.0,0.0,1,FIRE,greedy,26735,40375,42896,37696,11624,136078,0.07869900204465749,0,73851,2,2,400.20283677833555,619.5836589433748,2,2,,,1,FIRE,False,,
147995,dqn,565,,,2.0,2.0,0.05,0.004038342274725437,2.0579569339752197,2.9495022296905518,1.148377776145935,2.097766876220703,3.315011501312256,0.052277788519859314,0.37867021560668945,0.5700229406356812,10000,10000,1.0,400.1682834531291,400.1682834531291,36500,True,296,147500,0.0,0.0,0,NOOP,greedy,26805,40467,42946,37778,11638,136358,0.07863726046649909,0,73998,2,2,400.1682834531291,616.9608433820453,2,2,,,0,NOOP,False,,
147996,dqn,565,,,6.0,6.0,0.05,0.004038342274725437,2.0579569339752197,2.9495022296905518,1.148377776145935,2.097766876220703,3.315011501312256,0.052277788519859314,0.37867021560668945,0.5700229406356812,10000,10000,1.0,400.1680809323621,400.1680809323621,36500,True,296,147500,0.0,0.0,3,LEFT,greedy,26805,40467,42946,37778,11638,136358,0.07863726046649909,1,73998,2,2,400.1680809323621,616.9605311449482,2,2,,,3,LEFT,False,,
148018,dqn,566,6.0,335,0.0,0.0,0.05,,,,,,,,,,10000,10000,1.0,400.1583699793063,400.1583699793063,36505,False,297,148000,0.0,0.0,2,RIGHT,greedy,26807,40467,42956,37788,11639,136379,0.07863232850058777,1,74009,2,2,400.1583699793063,616.7545671164663,2,2,,,2,RIGHT,False,,
148257,dqn,567,5.0,278,0.0,0.0,0.05,,,,,,,,,,10000,10000,1.0,400.13552569880034,400.13552569880034,36565,False,297,148000,0.0,0.0,2,RIGHT,greedy,26821,40534,43037,37866,11648,136610,0.07856574350119387,0,74129,2,2,400.13552569880034,614.647237443043,2,2,,,2,RIGHT,False,,
148395,dqn,567,,,0.0,0.0,0.05,0.002298774430528283,2.1281659603118896,3.1749632358551025,1.2687932252883911,2.1512742042541504,3.181406259536743,0.052972059696912766,0.16474533081054688,0.1977228820323944,10000,10000,1.0,400.09744963848874,400.09744963848874,36600,True,297,148000,0.0,0.0,3,LEFT,random,26868,40584,43052,37892,11656,136740,0.07854659155233294,0,74198,2,2,400.09744963848874,613.406698245239,2,2,,,3,LEFT,False,,
148396,dqn,567,,,3.0,3.0,0.05,0.002298774430528283,2.1281659603118896,3.1749632358551025,1.2687932252883911,2.1512742042541504,3.181406259536743,0.052972059696912766,0.16474533081054688,0.1977228820323944,10000,10000,1.0,400.09727300921503,400.09727300921503,36600,True,297,148000,0.0,0.0,1,FIRE,greedy,26868,40584,43052,37892,11656,136740,0.07854659155233294,1,74198,2,2,400.09727300921503,613.4064274472629,2,2,,,1,FIRE,False,,
148781,dqn,568,4.0,262,0.0,0.0,0.05,,,,,,,,,,10000,10000,1.0,400.08675014520446,400.08675014520446,36696,False,298,148500,0.0,0.0,2,RIGHT,greedy,26919,40668,43179,38016,11683,137099,0.07852428385154119,0,74391,2,2,400.08675014520446,610.1195816090342,2,2,,,2,RIGHT,False,,
148795,dqn,568,,,0.0,0.0,0.05,0.0032370612025260925,2.2407522201538086,3.195289373397827,1.3511054515838623,2.2682433128356934,3.07494854927063,0.06511732190847397,0.17719697952270508,0.16907672584056854,10000,10000,1.0,400.0618661130536,400.0618661130536,36700,True,298,148500,0.0,0.0,3,LEFT,greedy,26919,40675,43182,38020,11683,137113,0.07851689561547354,0,74398,2,2,400.0618661130536,609.9639871112174,2,2,,,3,LEFT,False,,
148796,dqn,568,,,7.0,7.0,0.05,0.0032370612025260925,2.2407522201538086,3.195289373397827,1.3511054515838623,2.2682433128356934,3.07494854927063,0.06511732190847397,0.17719697952270508,0.16907672584056854,10000,10000,1.0,400.06168374608797,400.06168374608797,36700,True,298,148500,0.0,0.0,1,FIRE,greedy,26919,40675,43182,38020,11683,137113,0.07851689561547354,1,74398,2,2,400.06168374608797,609.9637090610183,2,2,,,1,FIRE,False,,
148910,dqn,569,8.0,446,0.0,0.0,0.05,,,,,,,,,,10000,10000,1.0,400.05420615872157,400.05420615872157,36728,False,298,148500,0.0,0.0,2,RIGHT,greedy,26923,40692,43230,38065,11690,137220,0.07850379423813042,1,74455,2,2,400.05420615872157,608.9968497147336,2,2,,,2,RIGHT,False,,
149195,dqn,569,,,4.0,4.0,0.05,0.0017875195480883121,1.859241008758545,3.0751607418060303,0.8669769167900085,1.9208221435546875,3.112884998321533,0.0489630289375782,0.14317965507507324,0.37178221344947815,10000,10000,1.0,400.0140601741702,400.0140601741702,36800,True,299,149000,0.0,0.0,3,LEFT,greedy,26956,40766,43311,38163,11709,137487,0.07848065631786375,0,74598,2,2,400.0140601741702,606.5584368825259,2,2,,,3,LEFT,False,,
149196,dqn,569,,,3.0,3.0,0.05,0.0017875195480883121,1.859241008758545,3.0751607418060303,0.8669769167900085,1.9208221435546875,3.112884998321533,0.0489630289375782,0.14317965507507324,0.37178221344947815,10000,10000,1.0,400.01387478040107,400.01387478040107,36800,True,299,149000,0.0,0.0,0,NOOP,greedy,26956,40766,43311,38163,11709,137487,0.07848065631786375,1,74598,2,2,400.01387478040107,606.5581557620204,2,2,,,0,NOOP,False,,
149595,dqn,569,,,8.0,8.0,0.05,0.0020580939017236233,1.8736697435379028,3.1433722972869873,0.7381947636604309,1.908998727798462,3.1831626892089844,0.052393414080142975,0.1473383903503418,0.13186129927635193,10000,10000,1.0,399.8595941039849,399.8595941039849,36900,True,300,149500,0.0,0.0,1,FIRE,greedy,26983,40809,43461,38343,11725,137871,0.07837776411133987,0,74798,2,2,399.8595941039849,603.046574719531,2,2,,,1,FIRE,False,,
149596,dqn,569,,,7.0,7.0,0.05,0.0020580939017236233,1.8736697435379028,3.1433722972869873,0.7381947636604309,1.908998727798462,3.1831626892089844,0.052393414080142975,0.1473383903503418,0.13186129927635193,10000,10000,1.0,399.8593971293922,399.8593971293922,36900,True,300,149500,0.0,0.0,1,FIRE,greedy,26983,40809,43461,38343,11725,137871,0.07837776411133987,1,74798,2,2,399.8593971293922,603.0462776531227,2,2,,,1,FIRE,False,,
149726,dqn,570,8.0,408,0.0,0.0,0.05,,,,,,,,,,10000,10000,1.0,399.81129415049446,399.81129415049446,36932,False,300,149500,0.0,0.0,2,RIGHT,greedy,26987,40818,43507,38414,11729,137997,0.07833642787491818,1,74863,2,2,399.81129415049446,601.919979768903,2,2,,,2,RIGHT,False,,
149835,dqn,571,10.0,527,0.0,0.0,0.05,,,,,,,,,,10000,10000,1.0,399.79176429312326,399.79176429312326,36960,True,300,149500,0.0,0.0,0,NOOP,random,27006,40847,43536,38447,11734,138102,0.07831228810165781,0,74918,2,2,399.79176429312326,601.0032787003814,2,2,,,0,NOOP,False,,
149995,dqn,571,,,2.0,2.0,0.05,0.00848694983869791,2.077702760696411,3.2356345653533936,1.053005337715149,2.1322484016418457,3.2731175422668457,0.08273729681968689,0.5484335422515869,0.683233916759491,10000,10000,1.0,399.83151639238827,399.83151639238827,37000,True,300,149500,0.0,0.0,1,FIRE,greedy,27020,40902,43598,38476,11742,138254,0.07828208752233393,0,74998,2,2,399.83151639238827,599.7792636690202,2,2,,,1,FIRE,False,,
149996,dqn,571,,,2.0,2.0,0.05,0.00848694983869791,2.077702760696411,3.2356345653533936,1.053005337715149,2.1322484016418457,3.2731175422668457,0.08273729681968689,0.5484335422515869,0.683233916759491,10000,10000,1.0,399.83134436387917,399.83134436387917,37000,True,300,149500,0.0,0.0,2,RIGHT,greedy,27020,40902,43598,38476,11742,138254,0.07828208752233393,1,74998,2,2,399.83134436387917,599.7790056124933,2,2,,,2,RIGHT,False,,
150395,dqn,571,,,5.0,5.0,0.05,0.005211538169533014,2.2014169692993164,3.278472423553467,0.8570461273193359,2.2157278060913086,3.555832624435425,0.06779150664806366,0.3694533109664917,0.29723185300827026,10000,10000,1.0,399.99070106563903,399.99070106563903,37100,True,301,150000,0.0,0.0,2,RIGHT,random,27083,41036,43692,38585,11760,138636,0.07819356897789835,0,75198,2,2,399.99070106563903,596.8430180715518,2,2,,,2,RIGHT,False,,
150396,dqn,571,,,6.0,6.0,0.05,0.005211538169533014,2.2014169692993164,3.278472423553467,0.8570461273193359,2.2157278060913086,3.555832624435425,0.06779150664806366,0.3694533109664917,0.29723185300827026,10000,10000,1.0,399.99050931341407,399.99050931341407,37100,True,301,150000,0.0,0.0,3,LEFT,greedy,27083,41036,43692,38585,11760,138636,0.07819356897789835,1,75198,2,2,399.99050931341407,596.8427319499585,2,2,,,3,LEFT,False,,
150425,dqn,572,5.0,295,0.0,0.0,0.05,,,,,,,,,,10000,10000,1.0,399.9909083893266,399.9909083893266,37107,False,301,150000,0.0,0.0,3,LEFT,greedy,27087,41036,43696,38607,11764,138662,0.07820456570007844,0,75213,2,2,399.9909083893266,596.6072302519815,2,2,,,3,LEFT,False,,
150532,dqn,573,8.0,403,0.0,0.0,0.05,,,,,,,,,,10000,10000,1.0,399.97300997481216,399.97300997481216,37134,True,302,150500,0.0,0.0,3,LEFT,greedy,27102,41075,43719,38636,11768,138764,0.07817606887572078,1,75266,2,2,399.97300997481216,595.7486062052602,2,2,,,3,LEFT,False,,
150795,dqn,573,,,3.0,3.0,0.05,0.015577811747789383,2.007225513458252,3.004511833190918,0.8666840195655823,2.0089786052703857,2.9965124130249023,0.07815099507570267,0.925571858882904,0.4863470494747162,10000,10000,1.0,400.0611915000958,400.0611915000958,37200,True,302,150500,0.0,0.0,1,FIRE,fire_reset,27139,41161,43771,38725,11778,139018,0.07810552004031937,0,75398,2,2,400.0611915000958,593.8226182519139,2,2,,,1,FIRE,False,after_life_loss,
150796,dqn,573,,,2.0,2.0,0.05,0.015577811747789383,2.007225513458252,3.004511833190918,0.8666840195655823,2.0089786052703857,2.9965124130249023,0.07815099507570267,0.925571858882904,0.4863470494747162,10000,10000,1.0,400.0610267122219,400.0610267122219,37200,True,302,150500,0.0,0.0,1,FIRE,greedy,27139,41161,43771,38725,11778,139018,0.07810552004031937,1,75398,2,2,400.0610267122219,593.8223736524156,2,2,,,1,FIRE,False,,
151139,dqn,574,7.0,357,0.0,0.0,0.05,,,,,,,,,,10000,10000,1.0,400.1842174568283,400.1842174568283,37286,True,303,151000,0.0,0.0,3,LEFT,greedy,27178,41217,43884,38861,11793,139347,0.07802699483922192,0,75570,2,2,400.1842174568283,591.3555203991497,2,2,,,3,LEFT,False,,
151146,dqn,575,5.0,307,0.0,0.0,0.05,,,,,,,,,,10000,10000,1.0,400.16793689900044,400.16793689900044,37287,False,303,151000,0.0,0.0,1,FIRE,random,27178,41221,43885,38862,11794,139352,0.07803051354319665,1,75573,2,2,400.16793689900044,591.2855647610401,2,2,,,1,FIRE,False,,
151195,dqn,575,,,0.0,0.0,0.05,0.0024040748830884695,1.919788122177124,3.232525110244751,0.8931634426116943,1.950956106185913,3.1613824367523193,0.05969437211751938,0.20485150814056396,0.18035325407981873,10000,10000,1.0,400.1842654847342,400.1842654847342,37300,True,303,151000,0.0,0.0,0,NOOP,greedy,27184,41233,43890,38889,11796,139400,0.07801793698245986,0,75598,2,2,400.1842654847342,590.9276135267392,2,2,,,0,NOOP,False,,
151196,dqn,575,,,0.0,0.0,0.05,0.0024040748830884695,1.919788122177124,3.232525110244751,0.8931634426116943,1.950956106185913,3.1613824367523193,0.05969437211751938,0.20485150814056396,0.18035325407981873,10000,10000,1.0,400.18408968434966,400.18408968434966,37300,True,303,151000,0.0,0.0,3,LEFT,greedy,27184,41233,43890,38889,11796,139400,0.07801793698245986,1,75598,2,2,400.18408968434966,590.9273539330702,2,2,,,3,LEFT,False,,
151595,dqn,575,,,3.0,3.0,0.05,0.0020127163734287024,2.098404884338379,2.935429334640503,0.6131701469421387,2.1288135051727295,2.90744948387146,0.05018072575330734,0.14797425270080566,0.16600342094898224,10000,10000,1.0,400.3145934567046,400.3145934567046,37400,True,304,151500,0.0,0.0,3,LEFT,greedy,27226,41384,43998,38988,11816,139780,0.07794400907675664,0,75798,2,2,400.3145934567046,588.0891068073357,2,2,,,3,LEFT,False,,
151596,dqn,575,,,3.0,3.0,0.05,0.0020127163734287024,2.098404884338379,2.935429334640503,0.6131701469421387,2.1288135051727295,2.90744948387146,0.05018072575330734,0.14797425270080566,0.16600342094898224,10000,10000,1.0,400.3144123827966,400.3144123827966,37400,True,304,151500,0.0,0.0,1,FIRE,greedy,27226,41384,43998,38988,11816,139780,0.07794400907675664,1,75798,2,2,400.3144123827966,588.088840797566,2,2,,,1,FIRE,False,,
151653,dqn,576,4.0,257,0.0,0.0,0.05,,,,,,,,,,10000,10000,1.0,400.3328347379265,400.3328347379265,37414,False,304,151500,0.0,0.0,3,LEFT,greedy,27229,41385,44017,39023,11820,139834,0.07794057525683463,0,75827,2,2,400.3328347379265,587.6802930977805,2,2,,,3,LEFT,False,,
151668,dqn,577,4.0,261,0.0,0.0,0.05,,,,,,,,,,10000,10000,1.0,400.30477055108645,400.30477055108645,37418,True,304,151500,0.0,0.0,3,LEFT,greedy,27229,41391,44020,39028,11820,139848,0.07793338080544347,1,75834,2,2,400.30477055108645,587.5341017645562,2,2,,,3,LEFT,False,,
151995,dqn,577,,,3.0,3.0,0.05,0.0023201757576316595,2.022932529449463,3.082963705062866,0.9240210056304932,2.076686382293701,3.166072130203247,0.050458647310733795,0.2055191993713379,0.3267676532268524,10000,10000,1.0,400.45472821975517,400.45472821975517,37500,True,304,151500,0.0,0.0,3,LEFT,greedy,27273,41492,44119,39112,11839,140157,0.07789020763704307,0,75998,2,2,400.45472821975517,585.3096091092575,2,2,,,3,LEFT,False,,
151996,dqn,577,,,3.0,3.0,0.05,0.0023201757576316595,2.022932529449463,3.082963705062866,0.9240210056304932,2.076686382293701,3.166072130203247,0.050458647310733795,0.2055191993713379,0.3267676532268524,10000,10000,1.0,400.4544888894051,400.4544888894051,37500,True,304,151500,0.0,0.0,3,LEFT,greedy,27273,41492,44119,39112,11839,140157,0.07789020763704307,1,75998,2,2,400.4544888894051,585.3092593010425,2,2,,,3,LEFT,False,,
152395,dqn,577,,,6.0,6.0,0.05,0.0027012662030756474,1.9986159801483154,2.9899868965148926,0.7991660833358765,2.0245776176452637,2.9860339164733887,0.051793478429317474,0.2843952178955078,0.22557595372200012,10000,10000,1.0,400.5221014581902,400.5221014581902,37600,True,305,152000,0.0,0.0,2,RIGHT,greedy,27332,41575,44245,39244,11863,140533,0.07784325047901519,0,76198,2,2,400.5221014581902,582.4678045444533,2,2,,,2,RIGHT,False,,
152396,dqn,577,,,7.0,7.0,0.05,0.0027012662030756474,1.9986159801483154,2.9899868965148926,0.7991660833358765,2.0245776176452637,2.9860339164733887,0.051793478429317474,0.2843952178955078,0.22557595372200012,10000,10000,1.0,400.52191531026625,400.52191531026625,37600,True,305,152000,0.0,0.0,3,LEFT,greedy,27332,41575,44245,39244,11863,140533,0.07784325047901519,1,76198,2,2,400.52191531026625,582.4675338348666,2,2,,,3,LEFT,False,,
152463,dqn,578,7.0,405,0.0,0.0,0.05,,,,,,,,,,10000,10000,1.0,400.4251036359274,400.4251036359274,37617,True,305,152000,0.0,0.0,1,FIRE,random,27339,41585,44270,39270,11867,140597,0.07783476755168434,0,76232,2,2,400.4251036359274,581.831474923262,2,2,,,1,FIRE,False,,
152795,dqn,578,,,2.0,2.0,0.05,0.008756406605243683,1.8640773296356201,2.9879558086395264,0.4252323806285858,1.845094919204712,2.8099327087402344,0.065798819065094,0.6453690528869629,0.5445709824562073,10000,10000,1.0,400.2424807161373,400.2424807161373,37700,True,306,152500,0.0,0.0,3,LEFT,greedy,27382,41650,44375,39389,11890,140906,0.07781617319825126,0,76398,2,2,400.2424807161373,579.167456658676,2,2,,,3,LEFT,False,,
152796,dqn,578,,,10.0,10.0,0.05,0.008756406605243683,1.8640773296356201,2.9879558086395264,0.4252323806285858,1.845094919204712,2.8099327087402344,0.065798819065094,0.6453690528869629,0.5445709824562073,10000,10000,1.0,400.242288954239,400.242288954239,37700,True,306,152500,0.0,0.0,2,RIGHT,greedy,27382,41650,44375,39389,11890,140906,0.07781617319825126,1,76398,2,2,400.242288954239,579.167179171262,2,2,,,2,RIGHT,False,,
152926,dqn,579,12.0,629,0.0,0.0,0.05,,,,,,,,,,10000,10000,1.0,400.18055714856405,400.18055714856405,37732,False,306,152500,0.0,0.0,2,RIGHT,greedy,27403,41657,44433,39433,11895,141031,0.07778271843898356,1,76463,2,2,400.18055714856405,578.1469587962562,2,2,,,2,RIGHT,False,,
153195,dqn,579,,,6.0,6.0,0.05,0.003060753457248211,1.9356063604354858,2.7872023582458496,0.6418144702911377,1.9826892614364624,2.8385446071624756,0.06234274059534073,0.18768763542175293,0.3954545259475708,10000,10000,1.0,399.8046152230168,399.8046152230168,37800,True,307,153000,0.0,0.0,2,RIGHT,greedy,27431,41731,44517,39517,11903,141293,0.07769785111882817,0,76598,2,2,399.8046152230168,575.6867793979367,2,2,,,2,RIGHT,False,,
153196,dqn,579,,,3.0,3.0,0.05,0.003060753457248211,1.9356063604354858,2.7872023582458496,0.6418144702911377,1.9826892614364624,2.8385446071624756,0.06234274059534073,0.18768763542175293,0.3954545259475708,10000,10000,1.0,399.80441420172633,399.80441420172633,37800,True,307,153000,0.0,0.0,3,LEFT,greedy,27431,41731,44517,39517,11903,141293,0.07769785111882817,1,76598,2,2,399.80441420172633,575.6864899433009,2,2,,,3,LEFT,False,,
153349,dqn,580,7.0,443,0.0,0.0,0.05,,,,,,,,,,10000,10000,1.0,399.68754607734184,399.68754607734184,37838,False,307,153000,0.0,0.0,3,LEFT,greedy,27451,41760,44561,39578,11907,141443,0.07764590805347245,0,76675,2,2,399.68754607734184,574.4337881064702,2,2,,,3,LEFT,False,,
153595,dqn,580,,,3.0,3.0,0.05,0.006099938414990902,1.987278938293457,2.7689106464385986,0.640630304813385,2.0275988578796387,2.8183207511901855,0.055260252207517624,0.5513720512390137,0.42209598422050476,10000,10000,1.0,399.319966947947,399.319966947947,37900,True,308,153500,0.0,0.0,1,FIRE,greedy,27484,41840,44644,39628,11919,141677,0.07759967707492382,0,76798,2,2,399.319966947947,572.1877532216665,2,2,,,1,FIRE,False,,
153596,dqn,580,,,9.0,9.0,0.05,0.006099938414990902,1.987278938293457,2.7689106464385986,0.640630304813385,2.0275988578796387,2.8183207511901855,0.055260252207517624,0.5513720512390137,0.42209598422050476,10000,10000,1.0,399.31962272255186,399.31962272255186,37900,True,308,153500,0.0,0.0,0,NOOP,greedy,27484,41840,44644,39628,11919,141677,0.07759967707492382,1,76798,2,2,399.31962272255186,572.1872599792249,2,2,,,0,NOOP,False,,
153995,dqn,580,,,6.0,6.0,0.05,0.0039083524607121944,1.922598123550415,2.8985652923583984,0.9146556854248047,1.9344441890716553,2.8671226501464844,0.06471183896064758,0.22120928764343262,0.2791474163532257,10000,10000,1.0,399.1082923203796,399.1082923203796,38000,True,308,153500,0.0,0.0,2,RIGHT,greedy,27548,41960,44753,39735,11933,142063,0.07748902568897893,0,76998,2,2,399.1082923203796,569.1262369820836,2,2,,,2,RIGHT,False,,
153996,dqn,580,,,12.0,12.0,0.05,0.0039083524607121944,1.922598123550415,2.8985652923583984,0.9146556854248047,1.9344441890716553,2.8671226501464844,0.06471183896064758,0.22120928764343262,0.2791474163532257,10000,10000,1.0,399.1081256460171,399.1081256460171,38000,True,308,153500,0.0,0.0,3,LEFT,greedy,27548,41960,44753,39735,11933,142063,0.07748902568897893,1,76998,2,2,399.1081256460171,569.1259993053563,2,2,,,3,LEFT,False,,
154056,dqn,581,13.0,565,0.0,0.0,0.05,,,,,,,,,,10000,10000,1.0,399.0698341867917,399.0698341867917,38015,True,309,154000,0.0,0.0,3,LEFT,greedy,27549,41967,44782,39758,11940,142116,0.07750428415641065,1,77028,2,2,399.0698341867917,568.6612251690874,2,2,,,3,LEFT,False,,
154117,dqn,582,7.0,384,0.0,0.0,0.05,,,,,,,,,,10000,10000,1.0,399.070607487208,399.070607487208,38030,False,309,154000,0.0,0.0,3,LEFT,greedy,27564,41977,44798,39779,11943,142175,0.07749257062770085,0,77059,2,2,399.070607487208,568.2394386776444,2,2,,,3,LEFT,False,,
154395,dqn,582,,,3.0,3.0,0.05,0.0027926359325647354,1.8891408443450928,2.9411749839782715,0.5858817100524902,1.8730573654174805,2.9287242889404297,0.056193262338638306,0.21997308731079102,0.4927275478839874,10000,10000,1.0,398.9958089092336,398.9958089092336,38100,True,309,154000,0.0,0.0,1,FIRE,greedy,27616,42048,44864,39868,11950,142446,0.07739837819632633,0,77198,2,2,398.9958089092336,566.2489605150197,2,2,,,1,FIRE,False,,
154396,dqn,582,,,3.0,3.0,0.05,0.0027926359325647354,1.8891408443450928,2.9411749839782715,0.5858817100524902,1.8730573654174805,2.9287242889404297,0.056193262338638306,0.21997308731079102,0.4927275478839874,10000,10000,1.0,398.9956338961079,398.9956338961079,38100,True,309,154000,0.0,0.0,1,FIRE,greedy,27616,42048,44864,39868,11950,142446,0.07739837819632633,1,77198,2,2,398.9956338961079,566.248712138976,2,2,,,1,FIRE,False,,
154795,dqn,582,,,7.0,7.0,0.05,0.0014999797567725182,1.958458423614502,2.8273673057556152,0.6514958739280701,1.9894449710845947,2.827368974685669,0.042942069470882416,0.13008809089660645,0.3092019557952881,10000,10000,1.0,398.99941873928,398.99941873928,38200,True,310,154500,0.0,0.0,1,FIRE,greedy,27658,42202,44952,39984,11972,142824,0.07734049975451562,0,77398,2,2,398.99941873928,563.576848886466,2,2,,,1,FIRE,False,,
154796,dqn,582,,,11.0,8.0,0.05,0.0014999797567725182,1.958458423614502,2.8273673057556152,0.6514958739280701,1.9894449710845947,2.827368974685669,0.042942069470882416,0.13008809089660645,0.3092019557952881,10000,10000,1.0,398.9992551689617,398.9992551689617,38200,True,310,154500,0.0,0.0,3,LEFT,greedy,27658,42202,44952,39984,11972,142824,0.07734049975451562,1,77398,2,2,398.9992551689617,563.5766178474213,2,2,,,3,LEFT,False,,
154942,dqn,583,12.0,443,0.0,0.0,0.05,,,,,,,,,,10000,10000,1.0,399.06610425625115,399.06610425625115,38236,False,310,154500,0.0,0.0,3,LEFT,greedy,27687,42261,44981,40013,11981,142961,0.07732570897497128,1,77471,2,2,399.06610425625115,562.7033992726153,2,2,,,3,LEFT,False,,
155163,dqn,584,17.0,523,0.0,0.0,0.05,,,,,,,,,,10000,10000,1.0,399.0786220586277,399.0786220586277,38292,True,311,155000,0.0,0.0,3,LEFT,greedy,27703,42349,45038,40074,11995,143169,0.07730530277641721,0,77582,2,2,399.0786220586277,561.259474594889,2,2,,,3,LEFT,False,,
155195,dqn,584,,,0.0,0.0,0.05,0.003509639296680689,1.9265655279159546,2.623180627822876,1.0216223001480103,1.9639849662780762,2.8338732719421387,0.05443093180656433,0.273975133895874,0.20689143240451813,10000,10000,1.0,399.03924282424185,399.03924282424185,38300,True,311,155000,0.0,0.0,0,NOOP,greedy,27704,42357,45050,40085,11995,143201,0.07728936312791566,0,77598,2,2,399.03924282424185,560.9944047517124,2,2,,,0,NOOP,False,,
155196,dqn,584,,,2.0,2.0,0.05,0.003509639296680689,1.9265655279159546,2.623180627822876,1.0216223001480103,1.9639849662780762,2.8338732719421387,0.05443093180656433,0.273975133895874,0.20689143240451813,10000,10000,1.0,399.03905617463187,399.03905617463187,38300,True,311,155000,0.0,0.0,1,FIRE,greedy,27704,42357,45050,40085,11995,143201,0.07728936312791566,1,77598,2,2,399.03905617463187,560.9941423479796,2,2,,,1,FIRE,False,,
155552,dqn,585,5.0,305,0.0,0.0,0.05,,,,,,,,,,10000,10000,1.0,399.0444743867332,399.0444743867332,38389,True,312,155500,0.0,0.0,3,LEFT,greedy,27790,42448,45130,40184,12007,143545,0.07718962147706233,1,77776,2,2,399.0444743867332,558.6852505742828,2,2,,,3,LEFT,False,,
155595,dqn,585,,,4.0,4.0,0.05,0.002143333898857236,1.8906828165054321,2.9103598594665527,0.834412693977356,1.9302992820739746,2.89174747467041,0.04793624207377434,0.1780073642730713,0.2561567723751068,10000,10000,1.0,399.0294214371848,399.0294214371848,38400,True,312,155500,0.0,0.0,1,FIRE,greedy,27795,42455,45143,40203,12011,143585,0.07719350111828067,0,77798,2,2,399.0294214371848,558.3799361279607,2,2,,,1,FIRE,False,,
155596,dqn,585,,,0.0,0.0,0.05,0.002143333898857236,1.8906828165054321,2.9103598594665527,0.834412693977356,1.9302992820739746,2.89174747467041,0.04793624207377434,0.1780073642730713,0.2561567723751068,10000,10000,1.0,399.0292495999441,399.0292495999441,38400,True,312,155500,0.0,0.0,2,RIGHT,greedy,27795,42455,45143,40203,12011,143585,0.07719350111828067,1,77798,2,2,399.0292495999441,558.3796956683295,2,2,,,2,RIGHT,False,,
155949,dqn,586,6.0,393,0.0,0.0,0.05,,,,,,,,,,10000,10000,1.0,398.9382324898006,398.9382324898006,38488,False,312,155500,0.0,0.0,3,LEFT,greedy,27830,42561,45245,40314,12031,143919,0.0771465213209362,0,77975,2,2,398.9382324898006,555.9822820087971,2,2,,,3,LEFT,False,,
155995,dqn,586,,,0.0,0.0,0.05,0.0031309863552451134,1.7904613018035889,2.9676079750061035,0.38256052136421204,1.838038682937622,2.9425125122070312,0.04986679553985596,0.3222630023956299,0.2657240033149719,10000,10000,1.0,398.9193346747245,398.9193346747245,38500,True,312,155500,0.0,0.0,0,NOOP,greedy,27833,42565,45260,40338,12034,143962,0.07714300366676069,0,77998,2,2,398.9193346747245,555.6630878269726,2,2,,,0,NOOP,False,,
155996,dqn,586,,,4.0,4.0,0.05,0.0031309863552451134,1.7904613018035889,2.9676079750061035,0.38256052136421204,1.838038682937622,2.9425125122070312,0.04986679553985596,0.3222630023956299,0.2657240033149719,10000,10000,1.0,398.91917552689625,398.91917552689625,38500,True,312,155500,0.0,0.0,2,RIGHT,greedy,27833,42565,45260,40338,12034,143962,0.07714300366676069,1,77998,2,2,398.91917552689625,555.6628661466328,2,2,,,2,RIGHT,False,,
156395,dqn,586,,,4.0,4.0,0.05,0.004428332671523094,1.8878685235977173,2.7755656242370605,0.9944189190864563,1.8770864009857178,2.7402563095092773,0.07152511179447174,0.24468648433685303,0.4805229604244232,10000,10000,1.0,399.10811155498925,399.10811155498925,38600,True,313,156000,0.0,0.0,2,RIGHT,greedy,27911,42677,45364,40444,12056,144340,0.07708637049540909,0,78198,2,2,399.10811155498925,553.3983989534196,2,2,,,2,RIGHT,False,,
156396,dqn,586,,,8.0,8.0,0.05,0.004428332671523094,1.8878685235977173,2.7755656242370605,0.9944189190864563,1.8770864009857178,2.7402563095092773,0.07152511179447174,0.24468648433685303,0.4805229604244232,10000,10000,1.0,399.10795140890514,399.10795140890514,38600,True,313,156000,0.0,0.0,1,FIRE,greedy,27911,42677,45364,40444,12056,144340,0.07708637049540909,1,78198,2,2,399.10795140890514,553.3981768968289,2,2,,,1,FIRE,False,,
156606,dqn,587,10.0,527,0.0,0.0,0.05,,,,,,,,,,10000,10000,1.0,399.10445461466503,399.10445461466503,38652,False,314,156500,0.0,0.0,2,RIGHT,greedy,27945,42691,45442,40528,12065,144541,0.07704047099089435,1,78303,2,2,399.10445461466503,552.0806294331364,2,2,,,2,RIGHT,False,,
156793,dqn,588,9.0,422,0.0,0.0,0.05,,,,,,,,,,10000,10000,1.0,399.09314013885836,399.09314013885836,38699,False,314,156500,0.0,0.0,3,LEFT,greedy,27968,42725,45497,40604,12077,144717,0.07702463104455527,0,78397,2,2,399.09314013885836,550.8980685893946,2,2,,,3,LEFT,False,,
156795,dqn,588,,,0.0,0.0,0.05,0.0029260856099426746,2.0175905227661133,3.0294599533081055,0.815705418586731,2.0683541297912598,3.0018370151519775,0.061287201941013336,0.20330595970153809,0.3879758417606354,10000,10000,1.0,399.0797348915175,399.0797348915175,38700,True,314,156500,0.0,0.0,1,FIRE,fire_reset,27968,42726,45498,40604,12077,144719,0.07702364856246333,0,78398,2,2,399.0797348915175,550.867192337932,2,2,,,1,FIRE,False,initial_serve,
156796,dqn,588,,,1.0,1.0,0.05,0.0029260856099426746,2.0175905227661133,3.0294599533081055,0.815705418586731,2.0683541297912598,3.0018370151519775,0.061287201941013336,0.20330595970153809,0.3879758417606354,10000,10000,1.0,399.07958346750274,399.07958346750274,38700,True,314,156500,0.0,0.0,2,RIGHT,greedy,27968,42726,45498,40604,12077,144719,0.07702364856246333,1,78398,2,2,399.07958346750274,550.8669833207493,2,2,,,2,RIGHT,False,,
157195,dqn,588,,,4.0,4.0,0.05,0.004711495712399483,1.9600306749343872,2.8554041385650635,0.8776620030403137,1.9896607398986816,2.7688148021698,0.06107284128665924,0.4167618751525879,0.22596867382526398,10000,10000,1.0,399.2185855274626,399.2185855274626,38800,True,315,157000,0.0,0.0,0,NOOP,greedy,28023,42813,45629,40731,12096,145100,0.07694852286317717,0,78598,2,2,399.2185855274626,548.6009928192095,2,2,,,0,NOOP,False,,
157196,dqn,588,,,7.0,7.0,0.05,0.004711495712399483,1.9600306749343872,2.8554041385650635,0.8776620030403137,1.9896607398986816,2.7688148021698,0.06107284128665924,0.4167618751525879,0.22596867382526398,10000,10000,1.0,399.2184233544868,399.2184233544868,38800,True,315,157000,0.0,0.0,3,LEFT,greedy,28023,42813,45629,40731,12096,145100,0.07694852286317717,1,78598,2,2,399.2184233544868,548.6007699632133,2,2,,,3,LEFT,False,,
157440,dqn,589,12.0,417,0.0,0.0,0.05,,,,,,,,,,10000,10000,1.0,399.1584061885083,399.1584061885083,38861,True,315,157000,0.0,0.0,1,FIRE,greedy,28056,42857,45718,40809,12103,145337,0.07687372967479675,1,78720,2,2,399.1584061885083,547.0360329937217,2,2,,,1,FIRE,False,,
157595,dqn,589,,,8.0,8.0,0.05,0.0065243663266301155,1.9807264804840088,2.809246778488159,0.4778158664703369,2.008082389831543,2.837399482727051,0.07706687599420547,0.3853154182434082,0.5571292638778687,10000,10000,1.0,399.09052759393705,399.09052759393705,38900,True,316,157500,0.0,0.0,3,LEFT,greedy,28083,42885,45768,40860,12110,145486,0.07684205182872662,0,78798,2,2,399.09052759393705,546.0020729451186,2,2,,,3,LEFT,False,,
157596,dqn,589,,,2.0,2.0,0.05,0.0065243663266301155,1.9807264804840088,2.809246778488159,0.4778158664703369,2.008082389831543,2.837399482727051,0.07706687599420547,0.3853154182434082,0.5571292638778687,10000,10000,1.0,399.090186626552,399.090186626552,38900,True,316,157500,0.0,0.0,3,LEFT,greedy,28083,42885,45768,40860,12110,145486,0.07684205182872662,1,78798,2,2,399.090186626552,546.0016064622378,2,2,,,3,LEFT,False,,
157761,dqn,590,13.0,484,0.0,0.0,0.05,,,,,,,,,,10000,10000,1.0,399.0735003165284,399.0735003165284,38941,False,316,157500,0.0,0.0,3,LEFT,greedy,28109,42905,45830,40918,12115,145647,0.0767928905566613,0,78881,2,2,399.0735003165284,544.9831511801543,2,2,,,3,LEFT,False,,
157995,dqn,590,,,3.0,3.0,0.05,0.004783559590578079,1.9571069478988647,2.8667855262756348,0.9989080429077148,2.0104918479919434,2.9401755332946777,0.06527988612651825,0.42537248134613037,0.5139151811599731,10000,10000,1.0,399.0653627180298,399.0653627180298,39000,True,316,157500,0.0,0.0,1,FIRE,greedy,28140,42966,45904,40986,12126,145870,0.07674877845008735,0,78998,2,2,399.0653627180298,543.5782730532953,2,2,,,1,FIRE,False,,
157996,dqn,590,,,10.0,7.0,0.05,0.004783559590578079,1.9571069478988647,2.8667855262756348,0.9989080429077148,2.0104918479919434,2.9401755332946777,0.06527988612651825,0.42537248134613037,0.5139151811599731,10000,10000,1.0,399.06520619996417,399.06520619996417,39000,True,316,157500,0.0,0.0,3,LEFT,greedy,28140,42966,45904,40986,12126,145870,0.07674877845008735,1,78998,2,2,399.06520619996417,543.5780598555896,2,2,,,3,LEFT,False,,
158395,dqn,590,,,8.0,8.0,0.05,0.004451874643564224,1.9769712686538696,2.8868720531463623,0.5797717571258545,2.037548303604126,2.924419403076172,0.061518095433712006,0.36789941787719727,0.6273000836372375,10000,10000,1.0,399.029887251764,399.029887251764,39100,True,317,158000,1.0,1.0,2,RIGHT,greedy,28200,43033,46041,41122,12152,146244,0.07671910906841081,0,79198,2,2,399.029887251764,541.1735223399755,2,2,,,2,RIGHT,False,,
158396,dqn,590,,,18.0,12.0,0.05,0.004451874643564224,1.9769712686538696,2.8868720531463623,0.5797717571258545,2.037548303604126,2.924419403076172,0.061518095433712006,0.36789941787719727,0.6273000836372375,10000,10000,1.0,399.029731015134,399.029731015134,39100,True,317,158000,0.0,0.0,3,LEFT,greedy,28200,43033,46041,41122,12152,146244,0.07671910906841081,1,79198,2,2,399.029731015134,541.1733104482598,2,2,,,3,LEFT,False,,
158733,dqn,591,10.0,486,0.0,0.0,0.05,,,,,,,,,,10000,10000,1.0,398.9588205904719,398.9588205904719,39184,False,318,158500,0.0,0.0,3,LEFT,greedy,28245,43098,46165,41226,12169,146565,0.07666284475915683,0,79367,2,2,398.9588205904719,539.1113275752372,2,2,,,3,LEFT,False,,
158744,dqn,592,24.0,652,0.0,0.0,0.05,,,,,,,,,,10000,10000,1.0,398.9378961699433,398.9378961699433,39187,True,318,158500,0.0,0.0,1,FIRE,greedy,28246,43104,46167,41227,12170,146574,0.07666431487174319,1,79372,2,2,398.9378961699433,539.0252399360061,2,2,,,1,FIRE,False,,
158795,dqn,592,,,0.0,0.0,0.05,0.007421031594276428,1.9017168283462524,2.96767520904541,0.6174758076667786,1.8971099853515625,3.0205564498901367,0.06635429710149765,0.5975648164749146,0.5832760334014893,10000,10000,1.0,398.89822134838874,398.89822134838874,39200,True,318,158500,0.0,0.0,0,NOOP,greedy,28248,43112,46200,41236,12172,146624,0.07665180483135596,0,79398,2,2,398.89822134838874,538.6713548305901,2,2,,,0,NOOP,False,,
158796,dqn,592,,,0.0,0.0,0.05,0.007421031594276428,1.9017168283462524,2.96767520904541,0.6174758076667786,1.8971099853515625,3.0205564498901367,0.06635429710149765,0.5975648164749146,0.5832760334014893,10000,10000,1.0,398.89805924061596,398.89805924061596,39200,True,318,158500,0.0,0.0,1,FIRE,greedy,28248,43112,46200,41236,12172,146624,0.07665180483135596,1,79398,2,2,398.89805924061596,538.67113592058,2,2,,,1,FIRE,False,,
159195,dqn,592,,,4.0,4.0,0.05,0.004821436479687691,1.8477516174316406,2.486726999282837,0.925352156162262,1.864689588546753,2.4029970169067383,0.06648677587509155,0.37085556983947754,0.44057562947273254,10000,10000,1.0,398.46290115513114,398.46290115513114,39300,True,319,159000,0.0,0.0,3,LEFT,greedy,28280,43232,46325,41359,12196,147000,0.07660996507449935,0,79598,2,2,398.46290115513114,535.7938037392075,2,2,,,3,LEFT,False,,
159196,dqn,592,,,4.0,4.0,0.05,0.004821436479687691,1.8477516174316406,2.486726999282837,0.925352156162262,1.864689588546753,2.4029970169067383,0.06648677587509155,0.37085556983947754,0.44057562947273254,10000,10000,1.0,398.4627463947657,398.4627463947657,39300,True,319,159000,0.0,0.0,1,FIRE,greedy,28280,43232,46325,41359,12196,147000,0.07660996507449935,1,79598,2,2,398.4627463947657,535.7935956404243,2,2,,,1,FIRE,False,,
159412,dqn,593,6.0,334,0.0,0.0,0.05,,,,,,,,,,10000,10000,1.0,398.326244277912,398.326244277912,39354,True,319,159000,0.0,0.0,3,LEFT,greedy,28329,43281,46376,41426,12212,147200,0.07660652899405314,1,79706,2,2,398.326244277912,534.3868515857951,2,2,,,3,LEFT,False,,
159535,dqn,594,7.0,401,0.0,0.0,0.05,,,,,,,,,,10000,10000,1.0,398.2874991566043,398.2874991566043,39385,True,320,159500,0.0,0.0,1,FIRE,greedy,28356,43327,46399,41454,12220,147316,0.07659713168187744,0,79768,2,2,398.2874991566043,533.636744704448,2,2,,,1,FIRE,False,,
159595,dqn,594,,,0.0,0.0,0.05,0.004396465606987476,2.153977632522583,3.217787981033325,0.5366659164428711,2.1703574657440186,3.1088380813598633,0.06765729188919067,0.3056774139404297,0.39562147855758667,10000,10000,1.0,398.2673714685189,398.2673714685189,39400,True,320,159500,0.0,0.0,1,FIRE,greedy,28362,43332,46435,41467,12222,147374,0.07658086668838818,0,79798,2,2,398.2673714685189,533.2730335667641,2,2,,,1,FIRE,False,,
159596,dqn,594,,,1.0,1.0,0.05,0.004396465606987476,2.153977632522583,3.217787981033325,0.5366659164428711,2.1703574657440186,3.1088380813598633,0.06765729188919067,0.3056774139404297,0.39562147855758667,10000,10000,1.0,398.26720778380565,398.26720778380565,39400,True,320,159500,0.0,0.0,2,RIGHT,greedy,28362,43332,46435,41467,12222,147374,0.07658086668838818,1,79798,2,2,398.26720778380565,533.2728143958004,2,2,,,2,RIGHT,False,,
159995,dqn,594,,,6.0,6.0,0.05,0.0027581185568124056,2.0663390159606934,2.790095329284668,0.9821481108665466,2.075462579727173,2.8058860301971436,0.05643681436777115,0.21690773963928223,0.2397526055574417,10000,10000,1.0,398.44213799441115,398.44213799441115,39500,True,320,159500,0.0,0.0,1,FIRE,greedy,28428,43490,46518,41560,12238,147758,0.07648941223530588,0,79998,2,2,398.44213799441115,531.2783211426912,2,2,,,1,FIRE,False,,
159996,dqn,594,,,6.0,6.0,0.05,0.0027581185568124056,2.0663390159606934,2.790095329284668,0.9821481108665466,2.075462579727173,2.8058860301971436,0.05643681436777115,0.21690773963928223,0.2397526055574417,10000,10000,1.0,398.441982667437,398.441982667437,39500,True,320,159500,0.0,0.0,1,FIRE,greedy,28428,43490,46518,41560,12238,147758,0.07648941223530588,1,79998,2,2,398.441982667437,531.2781140314291,2,2,,,1,FIRE,False,,
160175,dqn,595,6.0,320,0.0,0.0,0.05,,,,,,,,,,10000,10000,1.0,398.4837320514533,398.4837320514533,39545,True,321,160000,0.0,0.0,1,FIRE,greedy,28442,43557,46556,41621,12247,147929,0.07645964439116971,0,80088,2,2,398.4837320514533,530.3404203093723,2,2,,,1,FIRE,False,,
160256,dqn,596,8.0,422,0.0,0.0,0.05,,,,,,,,,,10000,10000,1.0,398.45813050211547,398.45813050211547,39565,True,321,160000,0.0,0.0,2,RIGHT,greedy,28455,43585,46576,41640,12251,148005,0.0764464357028754,1,80128,2,2,398.45813050211547,529.8667863926166,2,2,,,2,RIGHT,False,,
160395,dqn,596,,,2.0,2.0,0.05,0.00428818678483367,1.8293375968933105,2.8143115043640137,0.6178193092346191,1.8420822620391846,2.888023853302002,0.062329456210136414,0.37875986099243164,0.3457188308238983,10000,10000,1.0,398.5238306741234,398.5238306741234,39600,True,321,160000,0.0,0.0,1,FIRE,greedy,28476,43636,46607,41677,12256,148140,0.07641088306441557,0,80198,2,2,398.5238306741234,529.1875980595296,2,2,,,1,FIRE,False,,
160396,dqn,596,,,1.0,1.0,0.05,0.00428818678483367,1.8293375968933105,2.8143115043640137,0.6178193092346191,1.8420822620391846,2.888023853302002,0.062329456210136414,0.37875986099243164,0.3457188308238983,10000,10000,1.0,398.52368867241063,398.52368867241063,39600,True,321,160000,0.0,0.0,3,LEFT,greedy,28476,43636,46607,41677,12256,148140,0.07641088306441557,1,80198,2,2,398.52368867241063,529.1874094998011,2,2,,,3,LEFT,False,,
160770,dqn,597,4.0,257,0.0,0.0,0.05,,,,,,,,,,10000,10000,1.0,398.6842522194046,398.6842522194046,39693,False,322,160500,0.0,0.0,1,FIRE,greedy,28541,43759,46687,41783,12267,148503,0.07630154879641725,1,80385,2,2,398.6842522194046,527.369320629535,2,2,,,1,FIRE,False,,
160795,dqn,597,,,6.0,6.0,0.05,0.002774770138785243,1.814517855644226,3.2075047492980957,0.6763898730278015,1.8873844146728516,3.267404794692993,0.05754449591040611,0.1731855869293213,0.4852043390274048,10000,10000,1.0,398.68480678697085,398.68480678697085,39700,True,322,160500,0.0,0.0,3,LEFT,greedy,28545,43770,46687,41794,12272,148524,0.07632030647528545,0,80398,2,2,398.68480678697085,527.2297699858359,2,2,,,3,LEFT,False,,
160796,dqn,597,,,0.0,0.0,0.05,0.002774770138785243,1.814517855644226,3.2075047492980957,0.6763898730278015,1.8873844146728516,3.267404794692993,0.05754449591040611,0.1731855869293213,0.4852043390274048,10000,10000,1.0,398.6846640368596,398.6846640368596,39700,True,322,160500,0.0,0.0,0,NOOP,random,28545,43770,46687,41794,12272,148524,0.07632030647528545,1,80398,2,2,398.6846640368596,527.229581209873,2,2,,,0,NOOP,False,,
160935,dqn,598,7.0,380,0.0,0.0,0.05,,,,,,,,,,10000,10000,1.0,398.7345016524703,398.7345016524703,39735,True,322,160500,0.0,0.0,3,LEFT,greedy,28573,43828,46709,41826,12280,148656,0.07630362380076552,0,80468,2,2,398.7345016524703,526.5420749470097,2,2,,,3,LEFT,False,,
161195,dqn,598,,,2.0,2.0,0.05,0.0034671903122216463,2.017791986465454,3.2132551670074463,0.4658876061439514,2.0341458320617676,3.1064071655273438,0.06540210545063019,0.21273446083068848,0.2302410751581192,10000,10000,1.0,398.72123721896594,398.72123721896594,39800,True,323,161000,0.0,0.0,3,LEFT,greedy,28621,43914,46783,41878,12298,148898,0.07629221568773419,0,80598,2,2,398.72123721896594,525.134555810416,2,2,,,3,LEFT,False,,
161196,dqn,598,,,4.0,4.0,0.05,0.0034671903122216463,2.017791986465454,3.2132551670074463,0.4658876061439514,2.0341458320617676,3.1064071655273438,0.06540210545063019,0.21273446083068848,0.2302410751581192,10000,10000,1.0,398.72107745034634,398.72107745034634,39800,True,323,161000,0.0,0.0,1,FIRE,greedy,28621,43914,46783,41878,12298,148898,0.07629221568773419,1,80598,2,2,398.72107745034634,525.1343453876563,2,2,,,1,FIRE,False,,
161438,dqn,599,6.0,334,0.0,0.0,0.05,,,,,,,,,,10000,10000,1.0,398.6512897151282,398.6512897151282,39860,False,323,161000,0.0,0.0,3,LEFT,greedy,28679,44021,46818,41920,12312,149126,0.07626457215773239,1,80719,2,2,398.6512897151282,523.7594559477104,2,2,,,3,LEFT,False,,
161523,dqn,600,5.0,294,0.0,0.0,0.05,,,,,,,,,,10000,10000,1.0,398.5934432709086,398.5934432709086,39882,True,324,161500,0.0,0.0,2,RIGHT,greedy,28699,44049,46834,41942,12316,149208,0.0762487308387608,0,80762,2,2,398.5934432709086,523.2300186178585,2,2,,,2,RIGHT,False,,
161595,dqn,600,,,0.0,0.0,0.05,0.0017515677027404308,2.049010992050171,3.098850965499878,0.8193671107292175,2.038832664489746,3.0332446098327637,0.047432661056518555,0.12133193016052246,0.3696977496147156,10000,10000,1.0,398.5703107724765,398.5703107724765,39900,True,324,161500,0.0,0.0,0,NOOP,greedy,28720,44072,46856,41948,12319,149277,0.07623332260699522,0,80798,2,2,398.5703107724765,522.8210268490576,2,2,,,0,NOOP,False,,
161596,dqn,600,,,1.0,1.0,0.05,0.0017515677027404308,2.049010992050171,3.098850965499878,0.8193671107292175,2.038832664489746,3.0332446098327637,0.047432661056518555,0.12133193016052246,0.3696977496147156,10000,10000,1.0,398.57015293554366,398.57015293554366,39900,True,324,161500,0.0,0.0,2,RIGHT,greedy,28720,44072,46856,41948,12319,149277,0.07623332260699522,1,80798,2,2,398.57015293554366,522.820819807878,2,2,,,2,RIGHT,False,,
161995,dqn,600,,,5.0,5.0,0.05,0.004486876539885998,1.9190304279327393,2.7422547340393066,0.7249144911766052,1.979711890220642,2.9966955184936523,0.0602685920894146,0.39322853088378906,0.4169141948223114,10000,10000,1.0,398.55426606476175,398.55426606476175,40000,True,324,161500,0.0,0.0,3,LEFT,greedy,28844,44192,46941,42019,12336,149660,0.07615002839576286,0,80998,2,2,398.55426606476175,520.7126015019287,2,2,,,3,LEFT,False,,
161996,dqn,600,,,5.0,5.0,0.05,0.004486876539885998,1.9190304279327393,2.7422547340393066,0.7249144911766052,1.979711890220642,2.9966955184936523,0.0602685920894146,0.39322853088378906,0.4169141948223114,10000,10000,1.0,398.55411310183473,398.55411310183473,40000,True,324,161500,0.0,0.0,2,RIGHT,greedy,28844,44192,46941,42019,12336,149660,0.07615002839576286,1,80998,2,2,398.55411310183473,520.712401655307,2,2,,,2,RIGHT,False,,
162302,dqn,601,8.0,432,0.0,0.0,0.05,,,,,,,,,,10000,10000,1.0,398.3565729313314,398.3565729313314,40076,False,325,162000,0.0,0.0,3,LEFT,greedy,28892,44241,47031,42138,12357,149945,0.07613584552254439,1,81151,2,2,398.3565729313314,518.8763482705286,2,2,,,3,LEFT,False,,
162395,dqn,601,,,8.0,8.0,0.05,0.008809068240225315,2.0281918048858643,3.0303328037261963,1.044345498085022,2.0437569618225098,2.9984049797058105,0.0711631327867508,0.6344394683837891,0.47008100152015686,10000,10000,1.0,398.35627383838363,398.35627383838363,40100,True,325,162000,0.0,0.0,2,RIGHT,greedy,28900,44278,47063,42155,12359,150037,0.07610409123377423,0,81198,2,2,398.35627383838363,518.3943317380773,2,2,,,2,RIGHT,False,,
162396,dqn,601,,,0.0,0.0,0.05,0.008809068240225315,2.0281918048858643,3.0303328037261963,1.044345498085022,2.0437569618225098,2.9984049797058105,0.0711631327867508,0.6344394683837891,0.47008100152015686,10000,10000,1.0,398.3561204810638,398.3561204810638,40100,True,325,162000,0.0,0.0,1,FIRE,greedy,28900,44278,47063,42155,12359,150037,0.07610409123377423,1,81198,2,2,398.3561204810638,518.394132169072,2,2,,,1,FIRE,False,,
162489,dqn,602,16.0,483,0.0,0.0,0.05,,,,,,,,,,10000,10000,1.0,398.3389854583236,398.3389854583236,40123,False,325,162000,0.0,0.0,0,NOOP,greedy,28920,44290,47093,42187,12362,150128,0.0760785279094098,0,81245,2,2,398.3389854583236,517.8916766452472,2,2,,,0,NOOP,False,,
162795,dqn,602,,,3.0,3.0,0.05,0.0025137565098702908,2.0218000411987305,2.9839792251586914,0.40587830543518066,2.057116985321045,3.0112416744232178,0.047029171139001846,0.267078161239624,0.16042697429656982,10000,10000,1.0,398.21915475763296,398.21915475763296,40200,True,326,162500,0.0,0.0,0,NOOP,greedy,28985,44369,47170,42272,12374,150422,0.07600923855622989,0,81398,2,2,398.21915475763296,516.1832403172465,2,2,,,0,NOOP,False,,
162796,dqn,602,,,3.0,3.0,0.05,0.0025137565098702908,2.0218000411987305,2.9839792251586914,0.40587830543518066,2.057116985321045,3.0112416744232178,0.047029171139001846,0.267078161239624,0.16042697429656982,10000,10000,1.0,398.21899086561615,398.21899086561615,40200,True,326,162500,0.0,0.0,0,NOOP,greedy,28985,44369,47170,42272,12374,150422,0.07600923855622989,1,81398,2,2,398.21899086561615,516.1830278756516,2,2,,,0,NOOP,False,,
162954,dqn,603,5.0,326,0.0,0.0,0.05,,,,,,,,,,10000,10000,1.0,398.1393735466074,398.1393735466074,40239,False,326,162500,0.0,0.0,2,RIGHT,greedy,28996,44399,47232,42327,12382,150572,0.07598463370030806,1,81477,2,2,398.1393735466074,515.2842033620886,2,2,,,2,RIGHT,False,,
163195,dqn,603,,,6.0,6.0,0.05,0.0017104456201195717,2.1251726150512695,3.1239681243896484,0.8636283278465271,2.121339797973633,3.2301125526428223,0.048018231987953186,0.1243894100189209,0.19740521907806396,10000,10000,1.0,398.11975265399343,398.11975265399343,40300,True,327,163000,0.0,0.0,1,FIRE,greedy,29062,44420,47307,42407,12396,150800,0.07595774406235448,0,81598,2,2,398.11975265399343,514.0479710276055,2,2,,,1,FIRE,False,,
163196,dqn,603,,,2.0,2.0,0.05,0.0017104456201195717,2.1251726150512695,3.1239681243896484,0.8636283278465271,2.121339797973633,3.2301125526428223,0.048018231987953186,0.1243894100189209,0.19740521907806396,10000,10000,1.0,398.11961521249356,398.11961521249356,40300,True,327,163000,0.0,0.0,1,FIRE,greedy,29062,44420,47307,42407,12396,150800,0.07595774406235448,1,81598,2,2,398.11961521249356,514.0477935646093,2,2,,,1,FIRE,False,,
163257,dqn,604,7.0,384,0.0,0.0,0.05,,,,,,,,,,10000,10000,1.0,398.0991236949334,398.0991236949334,40315,False,327,163000,0.0,0.0,3,LEFT,greedy,29068,44432,47330,42428,12400,150858,0.07595339891460143,0,81629,2,2,398.0991236949334,513.7126271474551,2,2,,,3,LEFT,False,,
163595,dqn,604,,,4.0,4.0,0.05,0.004511726554483175,2.1158230304718018,3.1435046195983887,1.1096638441085815,2.11881685256958,3.051999568939209,0.07372809201478958,0.24757933616638184,0.3439891040325165,10000,10000,1.0,398.05818061089155,398.05818061089155,40400,True,328,163500,0.0,0.0,1,FIRE,greedy,29142,44517,47430,42507,12417,151179,0.07590038876256143,0,81798,2,2,398.05818061089155,511.9875944652133,2,2,,,1,FIRE,False,,
163596,dqn,604,,,6.0,6.0,0.05,0.004511726554483175,2.1158230304718018,3.1435046195983887,1.1096638441085815,2.11881685256958,3.051999568939209,0.07372809201478958,0.24757933616638184,0.3439891040325165,10000,10000,1.0,398.05804905916193,398.05804905916193,40400,True,328,163500,0.0,0.0,3,LEFT,greedy,29142,44517,47430,42507,12417,151179,0.07590038876256143,1,81798,2,2,398.05804905916193,511.98742526167257,2,2,,,3,LEFT,False,,
163720,dqn,605,7.0,383,0.0,0.0,0.05,,,,,,,,,,10000,10000,1.0,398.0531177037495,398.0531177037495,40431,True,328,163500,0.0,0.0,2,RIGHT,greedy,29157,44565,47457,42541,12421,151299,0.07586733447349132,1,81860,2,2,398.0531177037495,511.37206866335424,2,2,,,2,RIGHT,False,,
163889,dqn,606,6.0,316,0.0,0.0,0.05,,,,,,,,,,10000,10000,1.0,398.04920030664914,398.04920030664914,40473,False,328,163500,0.0,0.0,3,LEFT,greedy,29194,44612,47494,42590,12424,151466,0.07580694368173775,0,81945,2,2,398.04920030664914,510.53594802204356,2,2,,,3,LEFT,False,,
163995,dqn,606,,,1.0,1.0,0.05,0.005480787716805935,2.089951515197754,3.0076332092285156,1.0046550035476685,2.126344680786133,3.2430596351623535,0.06255415081977844,0.4435417652130127,0.4147583246231079,10000,10000,1.0,398.03202730640623,398.03202730640623,40500,True,328,163500,0.0,0.0,1,FIRE,greedy,29208,44637,47525,42626,12430,151566,0.07579453157394082,0,81998,2,2,398.03202730640623,509.9979713586896,2,2,,,1,FIRE,False,,
163996,dqn,606,,,2.0,2.0,0.05,0.005480787716805935,2.089951515197754,3.0076332092285156,1.0046550035476685,2.126344680786133,3.2430596351623535,0.06255415081977844,0.4435417652130127,0.4147583246231079,10000,10000,1.0,398.031886691573,398.031886691573,40500,True,328,163500,0.0,0.0,3,LEFT,greedy,29208,44637,47525,42626,12430,151566,0.07579453157394082,1,81998,2,2,398.031886691573,509.9977911890681,2,2,,,3,LEFT,False,,
164322,dqn,607,5.0,301,0.0,0.0,0.05,,,,,,,,,,10000,10000,1.0,398.0020564075536,398.0020564075536,40581,False,329,164000,0.0,0.0,3,LEFT,greedy,29291,44684,47622,42725,12447,151875,0.07574761748274729,1,82161,2,2,398.0020564075536,508.3835539395699,2,2,,,3,LEFT,False,,
164395,dqn,607,,,5.0,5.0,0.05,0.0018070735968649387,2.0098226070404053,2.9296162128448486,0.6144827008247375,2.046367645263672,3.0039467811584473,0.04710903391242027,0.13455510139465332,0.3265939950942993,10000,10000,1.0,397.96088761720404,397.96088761720404,40600,True,329,164000,0.0,0.0,3,LEFT,greedy,29297,44698,47657,42744,12449,151947,0.07572568675636877,0,82198,2,2,397.96088761720404,507.97548047019905,2,2,,,3,LEFT,False,,
164396,dqn,607,,,0.0,0.0,0.05,0.0018070735968649387,2.0098226070404053,2.9296162128448486,0.6144827008247375,2.046367645263672,3.0039467811584473,0.04710903391242027,0.13455510139465332,0.3265939950942993,10000,10000,1.0,397.96075309015873,397.96075309015873,40600,True,329,164000,0.0,0.0,2,RIGHT,greedy,29297,44698,47657,42744,12449,151947,0.07572568675636877,1,82198,2,2,397.96075309015873,507.9753087537249,2,2,,,2,RIGHT,False,,
164795,dqn,607,,,8.0,8.0,0.05,0.003047678153961897,2.091320514678955,2.8001694679260254,0.5054720044136047,2.0603833198547363,2.773866891860962,0.06563197076320648,0.14913392066955566,0.6812095046043396,10000,10000,1.0,397.97088479885474,397.97088479885474,40700,True,330,164500,0.0,0.0,3,LEFT,greedy,29417,44792,47756,42831,12470,152326,0.07566931236195053,0,82398,2,2,397.97088479885474,506.0806988958583,2,2,,,3,LEFT,False,,
164796,dqn,607,,,5.0,5.0,0.05,0.003047678153961897,2.091320514678955,2.8001694679260254,0.5054720044136047,2.0603833198547363,2.773866891860962,0.06563197076320648,0.14913392066955566,0.6812095046043396,10000,10000,1.0,397.9707268971108,397.9707268971108,40700,True,330,164500,0.0,0.0,3,LEFT,greedy,29417,44792,47756,42831,12470,152326,0.07566931236195053,1,82398,2,2,397.9707268971108,506.08049809969964,2,2,,,3,LEFT,False,,
164973,dqn,608,10.0,542,0.0,0.0,0.05,,,,,,,,,,10000,10000,1.0,398.0496022834872,398.0496022834872,40744,False,330,164500,0.0,0.0,3,LEFT,greedy,29431,44838,47809,42896,12476,152498,0.075624037727157,0,82487,2,2,398.0496022834872,505.33932870929925,2,2,,,3,LEFT,False,,
165010,dqn,609,6.0,344,0.0,0.0,0.05,,,,,,,,,,10000,10000,1.0,398.03261046212907,398.03261046212907,40753,False,331,165000,0.0,0.0,1,FIRE,greedy,29438,44844,47820,42908,12477,152533,0.07561359917580752,1,82505,2,2,398.03261046212907,505.1481391505608,2,2,,,1,FIRE,False,,
165195,dqn,609,,,2.0,2.0,0.05,0.006286994554102421,2.122081756591797,3.3393850326538086,0.419260174036026,2.179095506668091,3.2682085037231445,0.06994055211544037,0.40825843811035156,0.43755194544792175,10000,10000,1.0,398.0751183769555,398.0751183769555,40800,True,331,165000,0.0,0.0,2,RIGHT,greedy,29471,44910,47872,42943,12484,152712,0.0755708370662728,0,82598,2,2,398.0751183769555,504.32861874501157,2,2,,,2,RIGHT,False,,
165196,dqn,609,,,2.0,2.0,0.05,0.006286994554102421,2.122081756591797,3.3393850326538086,0.419260174036026,2.179095506668091,3.2682085037231445,0.06994055211544037,0.40825843811035156,0.43755194544792175,10000,10000,1.0,398.0749832371068,398.0749832371068,40800,True,331,165000,0.0,0.0,3,LEFT,greedy,29471,44910,47872,42943,12484,152712,0.0755708370662728,1,82598,2,2,398.0749832371068,504.3284475338755,2,2,,,3,LEFT,False,,
165595,dqn,609,,,5.0,5.0,0.05,0.004584816750138998,2.1005024909973145,3.071627616882324,0.6962806582450867,2.1777796745300293,3.10341739654541,0.07235349714756012,0.314084529876709,0.796833872795105,10000,10000,1.0,398.1954650323723,398.1954650323723,40900,True,332,165500,0.0,0.0,0,NOOP,greedy,29623,45048,47928,42997,12505,153091,0.07551510906060532,0,82798,2,2,398.1954650323723,502.6188809340564,2,2,,,0,NOOP,False,,
165596,dqn,609,,,5.0,5.0,0.05,0.004584816750138998,2.1005024909973145,3.071627616882324,0.6962806582450867,2.1777796745300293,3.10341739654541,0.07235349714756012,0.314084529876709,0.796833872795105,10000,10000,1.0,398.195334019496,398.195334019496,40900,True,332,165500,0.0,0.0,0,NOOP,greedy,29623,45048,47928,42997,12505,153091,0.07551510906060532,1,82798,2,2,398.195334019496,502.6187155641538,2,2,,,0,NOOP,False,,
165643,dqn,610,6.0,335,0.0,0.0,0.05,,,,,,,,,,10000,10000,1.0,398.19747786850655,398.19747786850655,40912,True,332,165500,0.0,0.0,2,RIGHT,greedy,29631,45048,47945,43020,12506,153138,0.07549926348071768,0,82822,2,2,398.19747786850655,502.39948071454285,2,2,,,2,RIGHT,False,,
165995,dqn,610,,,3.0,3.0,0.05,0.0031354192178696394,2.3061695098876953,3.171435832977295,1.1857690811157227,2.31123685836792,3.143728494644165,0.05025750771164894,0.2678558826446533,0.27890631556510925,10000,10000,1.0,398.3395051500327,398.3395051500327,41000,True,332,165500,0.0,0.0,2,RIGHT,greedy,29689,45101,48060,43146,12521,153475,0.07542952842237162,0,82998,2,2,398.3395051500327,500.9603953033883,2,2,,,2,RIGHT,False,,
165996,dqn,610,,,10.0,10.0,0.05,0.0031354192178696394,2.3061695098876953,3.171435832977295,1.1857690811157227,2.31123685836792,3.143728494644165,0.05025750771164894,0.2678558826446533,0.27890631556510925,10000,10000,1.0,398.3393608919437,398.3393608919437,41000,True,332,165500,0.0,0.0,3,LEFT,greedy,29689,45101,48060,43146,12521,153475,0.07542952842237162,1,82998,2,2,398.3393608919437,500.96021388128895,2,2,,,3,LEFT,False,,
166052,dqn,611,10.0,521,0.0,0.0,0.05,,,,,,,,,,10000,10000,1.0,398.323332552675,398.323332552675,41014,True,333,166000,0.0,0.0,2,RIGHT,greedy,29696,45110,48083,43163,12523,153529,0.07541613470479128,1,83026,2,2,398.323332552675,500.6842034838975,2,2,,,2,RIGHT,False,,
166395,dqn,611,,,7.0,7.0,0.05,0.003894592635333538,2.0709753036499023,3.0569372177124023,0.3219076097011566,2.0992002487182617,3.0566177368164062,0.04897819459438324,0.4037736654281616,0.1604084074497223,10000,10000,1.0,398.48964334851536,398.48964334851536,41100,True,333,166000,0.0,0.0,0,NOOP,greedy,29776,45191,48175,43254,12549,153847,0.07541647635760475,0,83198,2,2,398.48964334851536,499.3304016403064,2,2,,,0,NOOP,False,,
166396,dqn,611,,,4.0,4.0,0.05,0.003894592635333538,2.0709753036499023,3.0569372177124023,0.3219076097011566,2.0992002487182617,3.0566177368164062,0.04897819459438324,0.4037736654281616,0.1604084074497223,10000,10000,1.0,398.4895101357084,398.4895101357084,41100,True,333,166000,0.0,0.0,1,FIRE,greedy,29776,45191,48175,43254,12549,153847,0.07541647635760475,1,83198,2,2,398.4895101357084,499.3302347170111,2,2,,,1,FIRE,False,,
166451,dqn,612,8.0,404,0.0,0.0,0.05,,,,,,,,,,10000,10000,1.0,398.5022977299031,398.5022977299031,41114,True,333,166000,0.0,0.0,3,LEFT,greedy,29790,45202,48190,43270,12551,153901,0.0754031192175522,0,83226,2,2,398.5022977299031,499.09336409542095,2,2,,,3,LEFT,False,,
166795,dqn,612,,,5.0,5.0,0.05,0.0025389869697391987,2.1667633056640625,3.075860023498535,0.4364798069000244,2.2117977142333984,2.978553295135498,0.05352727323770523,0.18076777458190918,0.3631271421909332,10000,10000,1.0,398.6186275952443,398.6186275952443,41200,True,334,166500,0.0,0.0,1,FIRE,greedy,29853,45303,48267,43373,12570,154226,0.07536151946089835,0,83398,2,2,398.6186275952443,497.69441739308013,2,2,,,1,FIRE,False,,
166796,dqn,612,,,7.0,7.0,0.05,0.0025389869697391987,2.1667633056640625,3.075860023498535,0.4364798069000244,2.2117977142333984,2.978553295135498,0.05352727323770523,0.18076777458190918,0.3631271421909332,10000,10000,1.0,398.6184967593521,398.6184967593521,41200,True,334,166500,0.0,0.0,2,RIGHT,greedy,29853,45303,48267,43373,12570,154226,0.07536151946089835,1,83398,2,2,398.6184967593521,497.69425403821265,2,2,,,2,RIGHT,False,,
166836,dqn,613,7.0,392,0.0,0.0,0.05,,,,,,,,,,10000,10000,1.0,398.62555060038574,398.62555060038574,41210,True,334,166500,0.0,0.0,2,RIGHT,greedy,29853,45308,48287,43388,12570,154266,0.07534345105372942,1,83418,2,2,398.62555060038574,497.52448051922585,2,2,,,2,RIGHT,False,,
167195,dqn,613,,,9.0,9.0,0.05,0.004032252822071314,1.9083586931228638,2.959299087524414,0.7006646990776062,1.9709185361862183,3.0519628524780273,0.07497036457061768,0.23224139213562012,0.5255226492881775,10000,10000,1.0,398.7762968105438,398.7762968105438,41300,True,335,167000,0.0,0.0,3,LEFT,greedy,29901,45408,48389,43498,12587,154609,0.07528290150482068,0,83598,2,2,398.7762968105438,496.1143648545723,2,2,,,3,LEFT,False,,
167196,dqn,613,,,3.0,3.0,0.05,0.004032252822071314,1.9083586931228638,2.959299087524414,0.7006646990776062,1.9709185361862183,3.0519628524780273,0.07497036457061768,0.23224139213562012,0.5255226492881775,10000,10000,1.0,398.77616854382853,398.77616854382853,41300,True,335,167000,0.0,0.0,0,NOOP,greedy,29901,45408,48389,43498,12587,154609,0.07528290150482068,1,83598,2,2,398.77616854382853,496.11420527898946,2,2,,,0,NOOP,False,,
167455,dqn,614,11.0,502,0.0,0.0,0.05,,,,,,,,,,10000,10000,1.0,398.6884554117726,398.6884554117726,41365,True,335,167000,0.0,0.0,3,LEFT,greedy,29964,45474,48443,43575,12597,154859,0.07522573093827632,0,83728,2,2,398.6884554117726,494.8616430668421,2,2,,,3,LEFT,False,,
167506,dqn,615,6.0,335,0.0,0.0,0.05,,,,,,,,,,10000,10000,1.0,398.66586108757315,398.66586108757315,41377,False,336,167500,0.0,0.0,3,LEFT,greedy,29968,45480,48467,43591,12599,154907,0.07521521617136102,1,83753,2,2,398.66586108757315,494.61472852290933,2,2,,,3,LEFT,False,,
167595,dqn,615,,,1.0,1.0,0.05,0.001656672335229814,2.0769917964935303,3.006655216217041,0.7493872046470642,2.1109604835510254,2.952965021133423,0.047342896461486816,0.11117589473724365,0.30290913581848145,10000,10000,1.0,398.6281064751314,398.6281064751314,41400,True,336,167500,0.0,0.0,3,LEFT,greedy,29968,45516,48487,43625,12601,154995,0.07518675863385761,0,83798,2,2,398.6281064751314,494.1747746375978,2,2,,,3,LEFT,False,,
167596,dqn,615,,,1.0,1.0,0.05,0.001656672335229814,2.0769917964935303,3.006655216217041,0.7493872046470642,2.1109604835510254,2.952965021133423,0.047342896461486816,0.11117589473724365,0.30290913581848145,10000,10000,1.0,398.6279760064031,398.6279760064031,41400,True,336,167500,0.0,0.0,3,LEFT,greedy,29968,45516,48487,43625,12601,154995,0.07518675863385761,1,83798,2,2,398.6279760064031,494.17461289698457,2,2,,,3,LEFT,False,,
167995,dqn,615,,,5.0,5.0,0.05,0.0014576931716874242,1.9553183317184448,2.9624645709991455,0.568633496761322,1.9884202480316162,2.9929518699645996,0.04176755249500275,0.1328074336051941,0.1668381541967392,10000,10000,1.0,398.6139840736579,398.6139840736579,41500,True,336,167500,0.0,0.0,2,RIGHT,greedy,30058,45611,48579,43748,12632,155364,0.0751922664825353,0,83998,2,2,398.6139840736579,492.4227518415659,2,2,,,2,RIGHT,False,,
167996,dqn,615,,,4.0,4.0,0.05,0.0014576931716874242,1.9553183317184448,2.9624645709991455,0.568633496761322,1.9884202480316162,2.9929518699645996,0.04176755249500275,0.1328074336051941,0.1668381541967392,10000,10000,1.0,398.61385438162745,398.61385438162745,41500,True,336,167500,0.0,0.0,2,RIGHT,greedy,30058,45611,48579,43748,12632,155364,0.0751922664825353,1,83998,2,2,398.61385438162745,492.4225916281537,2,2,,,2,RIGHT,False,,
168253,dqn,616,7.0,399,0.0,0.0,0.05,,,,,,,,,,10000,10000,1.0,398.527736454544,398.527736454544,41564,False,337,168000,0.0,0.0,3,LEFT,greedy,30090,45632,48676,43856,12647,155607,0.07516611789318531,0,84127,2,2,398.527736454544,491.2084696092745,2,2,,,3,LEFT,False,,
168312,dqn,617,7.0,403,0.0,0.0,0.05,,,,,,,,,,10000,10000,1.0,398.4740848144909,398.4740848144909,41579,True,337,168000,0.0,0.0,2,RIGHT,greedy,30104,45637,48691,43880,12652,155660,0.07516992252483483,1,84156,2,2,398.4740848144909,490.894499965574,2,2,,,2,RIGHT,False,,
168395,dqn,617,,,1.0,1.0,0.05,0.004268075339496136,2.048556327819824,2.968329906463623,0.23954878747463226,2.0453081130981445,2.97479510307312,0.051577337086200714,0.4457833766937256,0.3891771137714386,10000,10000,1.0,398.40042566937274,398.40042566937274,41600,True,337,168000,0.0,0.0,0,NOOP,greedy,30121,45663,48719,43893,12657,155739,0.07516211786503242,0,84198,2,2,398.40042566937274,490.4456260674578,2,2,,,0,NOOP,False,,
168396,dqn,617,,,1.0,1.0,0.05,0.004268075339496136,2.048556327819824,2.968329906463623,0.23954878747463226,2.0453081130981445,2.97479510307312,0.051577337086200714,0.4457833766937256,0.3891771137714386,10000,10000,1.0,398.400287591287,398.400287591287,41600,True,337,168000,0.0,0.0,1,FIRE,greedy,30121,45663,48719,43893,12657,155739,0.07516211786503242,1,84198,2,2,398.400287591287,490.4454560882388,2,2,,,1,FIRE,False,,
168795,dqn,617,,,5.0,5.0,0.05,0.00123355642426759,2.1300923824310303,2.942061424255371,0.7312898635864258,2.1572823524475098,2.938922882080078,0.03532324731349945,0.1527719497680664,0.13251066207885742,10000,10000,1.0,398.0418085710597,398.0418085710597,41700,True,338,168500,0.0,0.0,1,FIRE,greedy,30201,45789,48801,44005,12681,156115,0.07512618782435602,0,84398,2,2,398.0418085710597,488.31229373481443,2,2,,,1,FIRE,False,,
168796,dqn,617,,,5.0,5.0,0.05,0.00123355642426759,2.1300923824310303,2.942061424255371,0.7312898635864258,2.1572823524475098,2.938922882080078,0.03532324731349945,0.1527719497680664,0.13251066207885742,10000,10000,1.0,398.04166854863263,398.04166854863263,41700,True,338,168500,0.0,0.0,0,NOOP,greedy,30201,45789,48801,44005,12681,156115,0.07512618782435602,1,84398,2,2,398.04166854863263,488.3121219571995,2,2,,,0,NOOP,False,,
169195,dqn,617,,,9.0,9.0,0.05,0.0036504766903817654,1.8214082717895508,2.93110990524292,0.2837565541267395,1.8527380228042603,2.8842475414276123,0.05972791463136673,0.23064088821411133,0.20784367620944977,10000,10000,1.0,397.7133631234213,397.7133631234213,41800,True,339,169000,0.0,0.0,0,NOOP,greedy,30273,45887,48916,44120,12700,156496,0.07506087614364405,0,84598,2,2,397.7133631234213,486.2384399895253,2,2,,,0,NOOP,False,,
169196,dqn,617,,,10.0,10.0,0.05,0.0036504766903817654,1.8214082717895508,2.93110990524292,0.2837565541267395,1.8527380228042603,2.8842475414276123,0.05972791463136673,0.23064088821411133,0.20784367620944977,10000,10000,1.0,397.7132177400046,397.7132177400046,41800,True,339,169000,0.0,0.0,3,LEFT,greedy,30273,45887,48916,44120,12700,156496,0.07506087614364405,1,84598,2,2,397.7132177400046,486.2382622459233,2,2,,,3,LEFT,False,,
169388,dqn,618,12.0,538,0.0,0.0,0.05,,,,,,,,,,10000,10000,1.0,397.57492929914,397.57492929914,41848,True,339,169000,0.0,0.0,1,FIRE,greedy,30303,45918,48975,44192,12712,156676,0.07504663848678773,1,84694,2,2,397.57492929914,485.2742702205189,2,2,,,1,FIRE,False,,
169389,dqn,619,14.0,568,0.0,0.0,0.05,,,,,,,,,,10000,10000,1.0,397.5633675227519,397.5633675227519,41848,False,339,169000,0.0,0.0,2,RIGHT,greedy,30303,45919,48976,44192,12712,156678,0.07504575240569102,0,84695,2,2,397.5633675227519,485.2519010280944,2,2,,,2,RIGHT,False,,
169595,dqn,619,,,2.0,2.0,0.05,0.0025872786063700914,2.079603433609009,2.916987419128418,0.8898545503616333,2.100506544113159,2.895763874053955,0.053522493690252304,0.2247370481491089,0.21265578269958496,10000,10000,1.0,397.4347284329321,397.4347284329321,41900,True,340,169500,0.0,0.0,1,FIRE,greedy,30324,45999,49022,44251,12719,156877,0.07499587254416377,0,84798,2,2,397.4347284329321,484.2472283127734,2,2,,,1,FIRE,False,,
169596,dqn,619,,,1.0,1.0,0.05,0.0025872786063700914,2.079603433609009,2.916987419128418,0.8898545503616333,2.100506544113159,2.895763874053955,0.053522493690252304,0.2247370481491089,0.21265578269958496,10000,10000,1.0,397.4346045129591,397.4346045129591,41900,True,340,169500,0.0,0.0,3,LEFT,greedy,30324,45999,49022,44251,12719,156877,0.07499587254416377,1,84798,2,2,397.4346045129591,484.2470773247012,2,2,,,3,LEFT,False,,
169995,dqn,619,,,7.0,7.0,0.05,0.002260377164930105,1.8916157484054565,3.07163143157959,0.8634226322174072,1.8821096420288086,3.0493760108947754,0.05601884797215462,0.1368333101272583,0.44765204191207886,10000,10000,1.0,397.59184217357796,397.59184217357796,42000,True,340,169500,0.0,0.0,3,LEFT,greedy,30392,46083,49135,44386,12745,157251,0.07497235229064213,0,84998,2,2,397.59184217357796,482.8063232337531,2,2,,,3,LEFT,False,,
169996,dqn,619,,,5.0,5.0,0.05,0.002260377164930105,1.8916157484054565,3.07163143157959,0.8634226322174072,1.8821096420288086,3.0493760108947754,0.05601884797215462,0.1368333101272583,0.44765204191207886,10000,10000,1.0,397.59171954211297,397.59171954211297,42000,True,340,169500,0.0,0.0,3,LEFT,greedy,30392,46083,49135,44386,12745,157251,0.07497235229064213,1,84998,2,2,397.59171954211297,482.80617431911134,2,2,,,3,LEFT,False,,
170008,dqn,620,5.0,310,0.0,0.0,0.05,,,,,,,,,,10000,10000,1.0,397.58497251354976,397.58497251354976,42003,True,341,170000,0.0,0.0,3,LEFT,greedy,30392,46087,49137,44392,12745,157263,0.07496706037362948,1,85004,2,2,397.58497251354976,482.749300130582,2,2,,,3,LEFT,False,,
170353,dqn,621,9.0,482,0.0,0.0,0.05,,,,,,,,,,10000,10000,1.0,397.5469161687034,397.5469161687034,42089,False,341,170000,0.0,0.0,1,FIRE,greedy,30487,46161,49236,44470,12752,157602,0.07485588832666096,0,85177,2,2,397.5469161687034,481.3067299443052,2,2,,,1,FIRE,False,,
170395,dqn,621,,,0.0,0.0,0.05,0.0010957586346194148,2.059953451156616,3.065070152282715,0.535851240158081,2.07039213180542,3.0659475326538086,0.0326794795691967,0.15310227870941162,0.20634698867797852,10000,10000,1.0,397.5391019441189,397.5391019441189,42100,True,341,170000,0.0,0.0,2,RIGHT,greedy,30500,46166,49248,44482,12754,157642,0.0748491748632597,0,85198,2,2,397.5391019441189,481.1287062821047,2,2,,,2,RIGHT,False,,
170396,dqn,621,,,4.0,4.0,0.05,0.0010957586346194148,2.059953451156616,3.065070152282715,0.535851240158081,2.07039213180542,3.0659475326538086,0.0326794795691967,0.15310227870941162,0.20634698867797852,10000,10000,1.0,397.5389719603622,397.5389719603622,42100,True,341,170000,0.0,0.0,3,LEFT,greedy,30500,46166,49248,44482,12754,157642,0.0748491748632597,1,85198,2,2,397.5389719603622,481.12854896697166,2,2,,,3,LEFT,False,,
170795,dqn,621,,,5.0,5.0,0.05,0.0025944591034203768,2.1202642917633057,3.0428738594055176,0.8079129457473755,2.1181907653808594,2.9369888305664062,0.05691918730735779,0.16549766063690186,0.3444523811340332,10000,10000,1.0,397.72365465077263,397.72365465077263,42200,True,342,170500,0.0,0.0,0,NOOP,random,30631,46247,49334,44584,12773,158023,0.07478512377339047,0,85398,2,2,397.72365465077263,479.7559842345144,2,2,,,0,NOOP,False,,
170796,dqn,621,,,11.0,8.0,0.05,0.0025944591034203768,2.1202642917633057,3.0428738594055176,0.8079129457473755,2.1181907653808594,2.9369888305664062,0.05691918730735779,0.16549766063690186,0.3444523811340332,10000,10000,1.0,397.7235373470514,397.7235373470514,42200,True,342,170500,0.0,0.0,2,RIGHT,greedy,30631,46247,49334,44584,12773,158023,0.07478512377339047,1,85398,2,2,397.7235373470514,479.7558427363622,2,2,,,2,RIGHT,False,,
171100,dqn,622,14.0,546,0.0,0.0,0.05,,,,,,,,,,10000,10000,1.0,397.8080093849473,397.8080093849473,42276,True,343,171000,0.0,0.0,1,FIRE,greedy,30691,46314,49414,44681,12788,158312,0.07473991817650497,1,85550,2,2,397.8080093849473,478.6564726143775,2,2,,,1,FIRE,False,,
171195,dqn,622,,,9.0,9.0,0.05,0.002293583005666733,1.937739372253418,2.9454567432403564,0.42914915084838867,1.986447811126709,2.944063425064087,0.05354635789990425,0.18753409385681152,0.35266363620758057,10000,10000,1.0,397.83796668038116,397.83796668038116,42300,True,343,171000,0.0,0.0,0,NOOP,greedy,30706,46335,49450,44705,12792,158404,0.07472137199467277,0,85598,2,2,397.83796668038116,478.31527433995257,2,2,,,0,NOOP,False,,
171196,dqn,622,,,1.0,1.0,0.05,0.002293583005666733,1.937739372253418,2.9454567432403564,0.42914915084838867,1.986447811126709,2.944063425064087,0.05354635789990425,0.18753409385681152,0.35266363620758057,10000,10000,1.0,397.83783418434444,397.83783418434444,42300,True,343,171000,0.0,0.0,3,LEFT,greedy,30706,46335,49450,44705,12792,158404,0.07472137199467277,1,85598,2,2,397.83783418434444,478.3151150417371,2,2,,,3,LEFT,False,,
171539,dqn,623,12.0,593,0.0,0.0,0.05,,,,,,,,,,10000,10000,1.0,397.8734864556001,397.8734864556001,42386,True,344,171500,0.0,0.0,0,NOOP,greedy,30786,46411,49551,44792,12805,158735,0.07464731258015624,0,85770,2,2,397.8734864556001,477.0143826292538,2,2,,,0,NOOP,False,,
171595,dqn,623,,,0.0,0.0,0.05,0.002874495228752494,2.361450433731079,3.432652473449707,0.9889185428619385,2.344572067260742,3.353320598602295,0.06429014354944229,0.18284845352172852,0.5694364309310913,10000,10000,1.0,397.88589280601826,397.88589280601826,42400,True,344,171500,0.0,0.0,3,LEFT,greedy,30804,46416,49568,44808,12807,158789,0.07463460686729294,0,85798,2,2,397.88589280601826,476.8117468988596,2,2,,,3,LEFT,False,,
171596,dqn,623,,,5.0,5.0,0.05,0.002874495228752494,2.361450433731079,3.432652473449707,0.9889185428619385,2.344572067260742,3.353320598602295,0.06429014354944229,0.18284845352172852,0.5694364309310913,10000,10000,1.0,397.88576146072114,397.88576146072114,42400,True,344,171500,0.0,0.0,1,FIRE,greedy,30804,46416,49568,44808,12807,158789,0.07463460686729294,1,85798,2,2,397.88576146072114,476.8115894995105,2,2,,,1,FIRE,False,,
171995,dqn,623,,,4.0,4.0,0.05,0.003100383561104536,2.1279025077819824,2.8080623149871826,0.9763668775558472,2.154191255569458,2.8696043491363525,0.05413714423775673,0.24183011054992676,0.18321193754673004,10000,10000,1.0,398.02227972351517,398.02227972351517,42500,True,344,171500,0.0,0.0,0,NOOP,greedy,30859,46494,49707,44936,12825,159171,0.07456568757412962,0,85998,2,2,398.02227972351517,475.43085743184145,2,2,,,0,NOOP,False,,
171996,dqn,623,,,11.0,8.0,0.05,0.003100383561104536,2.1279025077819824,2.8080623149871826,0.9763668775558472,2.154191255569458,2.8696043491363525,0.05413714423775673,0.24183011054992676,0.18321193754673004,10000,10000,1.0,398.02209444801645,398.02209444801645,42500,True,344,171500,0.0,0.0,2,RIGHT,greedy,30859,46494,49707,44936,12825,159171,0.07456568757412962,1,85998,2,2,398.02209444801645,475.43063612340296,2,2,,,2,RIGHT,False,,
172054,dqn,624,12.0,477,0.0,0.0,0.05,,,,,,,,,,10000,10000,1.0,398.0221354607874,398.0221354607874,42514,False,345,172000,0.0,0.0,1,FIRE,greedy,30871,46507,49720,44956,12827,159227,0.07455217547979123,1,86027,2,2,398.0221354607874,475.20818063237516,2,2,,,1,FIRE,False,,
172395,dqn,624,,,8.0,8.0,0.05,0.0028389557264745235,2.0011119842529297,3.1375865936279297,0.6845678687095642,2.017685651779175,3.023564100265503,0.06126999109983444,0.18944454193115234,0.2172042280435562,10000,10000,1.0,397.94624820276874,397.94624820276874,42600,True,345,172000,0.0,0.0,2,RIGHT,greedy,30936,46593,49817,45050,12850,159546,0.07453769228984432,0,86198,2,2,397.94624820276874,473.8130656746541,2,2,,,2,RIGHT,False,,
172396,dqn,624,,,3.0,3.0,0.05,0.0028389557264745235,2.0011119842529297,3.1375865936279297,0.6845678687095642,2.017685651779175,3.023564100265503,0.06126999109983444,0.18944454193115234,0.2172042280435562,10000,10000,1.0,397.94612264436176,397.94612264436176,42600,True,345,172000,0.0,0.0,3,LEFT,greedy,30936,46593,49817,45050,12850,159546,0.07453769228984432,1,86198,2,2,397.94612264436176,473.8129161790527,2,2,,,3,LEFT,False,,
172555,dqn,625,10.0,508,0.0,0.0,0.05,,,,,,,,,,10000,10000,1.0,397.8416854976011,397.8416854976011,42640,True,346,172500,0.0,0.0,0,NOOP,greedy,30960,46623,49868,45105,12859,159697,0.0745207352975266,0,86278,2,2,397.8416854976011,473.0826525905787,2,2,,,0,NOOP,False,,
172728,dqn,626,9.0,337,0.0,0.0,0.05,,,,,,,,,,10000,10000,1.0,397.81908736665486,397.81908736665486,42683,True,346,172500,0.0,0.0,1,FIRE,greedy,30985,46664,49917,45162,12865,159863,0.07448126534204066,1,86364,2,2,397.81908736665486,472.40743126902674,2,2,,,1,FIRE,False,,
172795,dqn,626,,,2.0,2.0,0.05,0.0029174117371439934,2.1657423973083496,2.974886655807495,0.9701500535011292,2.1557726860046387,2.984530448913574,0.05616079270839691,0.19766438007354736,0.44529420137405396,10000,10000,1.0,397.8031180183201,397.8031180183201,42700,True,346,172500,0.0,0.0,3,LEFT,greedy,31001,46677,49935,45183,12867,159929,0.07446352924836223,0,86398,2,2,397.8031180183201,472.1329989360242,2,2,,,3,LEFT,False,,
172796,dqn,626,,,1.0,1.0,0.05,0.0029174117371439934,2.1657423973083496,2.974886655807495,0.9701500535011292,2.1557726860046387,2.984530448913574,0.05616079270839691,0.19766438007354736,0.44529420137405396,10000,10000,1.0,397.8029623708076,397.8029623708076,42700,True,346,172500,0.0,0.0,2,RIGHT,random,31001,46677,49935,45183,12867,159929,0.07446352924836223,1,86398,2,2,397.8029623708076,472.13281420563,2,2,,,2,RIGHT,False,,
173195,dqn,626,,,4.0,4.0,0.05,0.0034837087150663137,2.1846330165863037,3.028461217880249,1.1327050924301147,2.1589131355285645,3.119347333908081,0.06299813091754913,0.239068865776062,0.5346141457557678,10000,10000,1.0,397.763975430973,397.763975430973,42800,True,347,173000,0.0,0.0,3,LEFT,greedy,31063,46769,50043,45321,12894,160302,0.07444744682325227,0,86598,2,2,397.763975430973,470.5935398706405,2,2,,,3,LEFT,False,,
173196,dqn,626,,,4.0,4.0,0.05,0.0034837087150663137,2.1846330165863037,3.028461217880249,1.1327050924301147,2.1589131355285645,3.119347333908081,0.06299813091754913,0.239068865776062,0.5346141457557678,10000,10000,1.0,397.7638571950545,397.7638571950545,42800,True,347,173000,0.0,0.0,2,RIGHT,greedy,31063,46769,50043,45321,12894,160302,0.07444744682325227,1,86598,2,2,397.7638571950545,470.5933999860284,2,2,,,2,RIGHT,False,,
173383,dqn,627,6.0,414,0.0,0.0,0.05,,,,,,,,,,10000,10000,1.0,397.76735003335966,397.76735003335966,42847,True,347,173000,0.0,0.0,0,NOOP,greedy,31089,46819,50099,45377,12900,160484,0.0744013288423384,0,86692,2,2,397.76735003335966,469.9014377669794,2,2,,,0,NOOP,False,,
173595,dqn,627,,,2.0,2.0,0.05,0.00383435795083642,2.1008644104003906,2.947786331176758,0.8142002820968628,2.125060558319092,2.958784580230713,0.048278532922267914,0.3827691078186035,0.29489758610725403,10000,10000,1.0,397.75361925654926,397.75361925654926,42900,True,348,173500,0.0,0.0,3,LEFT,greedy,31108,46882,50154,45452,12916,160680,0.07440263600543791,0,86798,2,2,397.75361925654926,469.1045524788027,2,2,,,3,LEFT,False,,
173596,dqn,627,,,8.0,8.0,0.05,0.00383435795083642,2.1008644104003906,2.947786331176758,0.8142002820968628,2.125060558319092,2.958784580230713,0.048278532922267914,0.3827691078186035,0.29489758610725403,10000,10000,1.0,397.7534919954917,397.7534919954917,42900,True,348,173500,0.0,0.0,1,FIRE,greedy,31108,46882,50154,45452,12916,160680,0.07440263600543791,1,86798,2,2,397.7534919954917,469.10440238905227,2,2,,,1,FIRE,False,,
173644,dqn,628,9.0,458,0.0,0.0,0.05,,,,,,,,,,10000,10000,1.0,397.71831115433685,397.71831115433685,42912,True,348,173500,0.0,0.0,2,RIGHT,greedy,31109,46899,50170,45466,12920,160724,0.0744051046969662,1,86822,2,2,397.71831115433685,468.8867960871467,2,2,,,2,RIGHT,False,,
173995,dqn,628,,,5.0,5.0,0.05,0.001556220930069685,2.3846259117126465,3.1852643489837646,1.4869263172149658,2.4010469913482666,3.196342706680298,0.04131218045949936,0.1823723316192627,0.19473016262054443,10000,10000,1.0,397.712288143416,397.712288143416,43000,True,348,173500,0.0,0.0,2,RIGHT,greedy,31137,47030,50251,45578,12941,161055,0.07437527299478149,0,86998,2,2,397.712288143416,467.5951895224189,2,2,,,2,RIGHT,False,,
173996,dqn,628,,,4.0,4.0,0.05,0.001556220930069685,2.3846259117126465,3.1852643489837646,1.4869263172149658,2.4010469913482666,3.196342706680298,0.04131218045949936,0.1823723316192627,0.19473016262054443,10000,10000,1.0,397.7121665133974,397.7121665133974,43000,True,348,173500,0.0,0.0,1,FIRE,fire_reset,31137,47030,50251,45578,12941,161055,0.07437527299478149,1,86998,2,2,397.7121665133974,467.595046520522,2,2,,,2,RIGHT,True,after_life_loss,
174027,dqn,629,5.0,322,0.0,0.0,0.05,,,,,,,,,,10000,10000,1.0,397.6986139408284,397.6986139408284,43008,True,349,174000,0.0,0.0,3,LEFT,greedy,31148,47035,50263,45582,12943,161085,0.07437308938791459,0,87014,2,2,397.6986139408284,467.4629490658567,2,2,,,3,LEFT,False,,
174395,dqn,629,,,3.0,3.0,0.05,0.006998466793447733,1.9752589464187622,2.851519823074341,0.590334415435791,1.9957146644592285,3.001898765563965,0.06746824830770493,0.516181468963623,0.5424895882606506,10000,10000,1.0,397.6444185191153,397.6444185191153,43100,True,349,174000,0.0,0.0,0,NOOP,greedy,31223,47159,50349,45665,12962,161434,0.07432509919952293,0,87198,2,2,397.6444185191153,466.070729690169,2,2,,,0,NOOP,False,,
174396,dqn,629,,,8.0,8.0,0.05,0.006998466793447733,1.9752589464187622,2.851519823074341,0.590334415435791,1.9957146644592285,3.001898765563965,0.06746824830770493,0.516181468963623,0.5424895882606506,10000,10000,1.0,397.644290994821,397.644290994821,43100,True,349,174000,0.0,0.0,2,RIGHT,greedy,31223,47159,50349,45665,12962,161434,0.07432509919952293,1,87198,2,2,397.644290994821,466.07058022160334,2,2,,,2,RIGHT,False,,
174795,dqn,629,,,7.0,7.0,0.05,0.0018217614851891994,2.1366991996765137,3.365691661834717,1.081230878829956,2.13873028755188,3.280792474746704,0.04724958539009094,0.16469907760620117,0.262886643409729,10000,10000,1.0,397.4440215352133,397.4440215352133,43200,True,350,174500,0.0,0.0,2,RIGHT,greedy,31266,47260,50482,45788,12976,161820,0.07423510835488226,0,87398,2,2,397.4440215352133,464.4073559299237,2,2,,,2,RIGHT,False,,
174796,dqn,629,,,15.0,12.0,0.05,0.0018217614851891994,2.1366991996765137,3.365691661834717,1.081230878829956,2.13873028755188,3.280792474746704,0.04724958539009094,0.16469907760620117,0.262886643409729,10000,10000,1.0,397.443903902202,397.443903902202,43200,True,350,174500,0.0,0.0,2,RIGHT,greedy,31266,47260,50482,45788,12976,161820,0.07423510835488226,1,87398,2,2,397.443903902202,464.40721847752087,2,2,,,2,RIGHT,False,,
174963,dqn,630,8.0,468,0.0,0.0,0.05,,,,,,,,,,10000,10000,1.0,397.51422230498383,397.51422230498383,43242,True,350,174500,0.0,0.0,2,RIGHT,greedy,31291,47291,50536,45846,12980,161984,0.07418668983333715,0,87482,2,2,397.51422230498383,463.8938583277919,2,2,,,2,RIGHT,False,,
175044,dqn,631,17.0,700,0.0,0.0,0.05,,,,,,,,,,10000,10000,1.0,397.5206945120223,397.5206945120223,43262,True,351,175000,0.0,0.0,1,FIRE,greedy,31307,47322,50551,45864,12984,162060,0.07417563584013162,1,87522,2,2,397.5206945120223,463.618759995219,2,2,,,1,FIRE,False,,
175195,dqn,631,,,1.0,1.0,0.05,0.0013730269856750965,2.072097063064575,3.1486706733703613,0.6662271022796631,2.106161594390869,3.1228270530700684,0.03809930756688118,0.13757824897766113,0.14550282061100006,10000,10000,1.0,397.55529042794484,397.55529042794484,43300,True,351,175000,0.0,0.0,2,RIGHT,random,31364,47349,50595,45888,12990,162206,0.0741455284367223,0,87598,2,2,397.55529042794484,463.1236811919133,2,2,,,2,RIGHT,False,,
175196,dqn,631,,,1.0,1.0,0.05,0.0013730269856750965,2.072097063064575,3.1486706733703613,0.6662271022796631,2.106161594390869,3.1228270530700684,0.03809930756688118,0.13757824897766113,0.14550282061100006,10000,10000,1.0,397.5551710433508,397.5551710433508,43300,True,351,175000,0.0,0.0,0,NOOP,greedy,31364,47349,50595,45888,12990,162206,0.0741455284367223,1,87598,2,2,397.5551710433508,463.1235421173393,2,2,,,0,NOOP,False,,
175595,dqn,631,,,6.0,6.0,0.05,0.001058065565302968,2.004135847091675,3.1952157020568848,0.4369511902332306,2.028804302215576,3.0999693870544434,0.03595202788710594,0.12310171127319336,0.09186026453971863,10000,10000,1.0,397.6032206884237,397.6032206884237,43400,True,352,175500,0.0,0.0,3,LEFT,greedy,31449,47445,50695,46007,13009,162587,0.07408483108954646,0,87798,2,2,397.6032206884237,461.7806176253006,2,2,,,3,LEFT,False,,
175596,dqn,631,,,4.0,4.0,0.05,0.001058065565302968,2.004135847091675,3.1952157020568848,0.4369511902332306,2.028804302215576,3.0999693870544434,0.03595202788710594,0.12310171127319336,0.09186026453971863,10000,10000,1.0,397.603107971246,397.603107971246,43400,True,352,175500,0.0,0.0,0,NOOP,greedy,31449,47445,50695,46007,13009,162587,0.07408483108954646,1,87798,2,2,397.603107971246,461.78048671436926,2,2,,,0,NOOP,False,,
175663,dqn,632,7.0,350,0.0,0.0,0.05,,,,,,,,,,10000,10000,1.0,397.62070630370215,397.62070630370215,43417,True,352,175500,0.0,0.0,1,FIRE,greedy,31455,47452,50720,46037,13010,162654,0.07406184534110574,0,87832,2,2,397.62070630370215,461.56457332505244,2,2,,,1,FIRE,False,,
175972,dqn,633,8.0,464,0.0,0.0,0.05,,,,,,,,,,10000,10000,1.0,397.6490643122536,397.6490643122536,43494,True,352,175500,0.0,0.0,3,LEFT,greedy,31514,47541,50827,46090,13022,162950,0.07400040915600209,1,87986,2,2,397.6490643122536,460.5321772834458,2,2,,,3,LEFT,False,,
175995,dqn,633,,,3.0,3.0,0.05,0.003463608445599675,2.0795645713806152,2.948805093765259,0.5541911125183105,2.0856285095214844,2.8347558975219727,0.06392483413219452,0.21136832237243652,0.220374196767807,10000,10000,1.0,397.65408515382273,397.65408515382273,43500,True,352,175500,0.0,0.0,2,RIGHT,greedy,31515,47544,50845,46092,13024,162972,0.07400168185640582,0,87998,2,2,397.65408515382273,460.45534219387986,2,2,,,2,RIGHT,False,,
175996,dqn,633,,,0.0,0.0,0.05,0.003463608445599675,2.0795645713806152,2.948805093765259,0.5541911125183105,2.0856285095214844,2.8347558975219727,0.06392483413219452,0.21136832237243652,0.220374196767807,10000,10000,1.0,397.65395822803987,397.65395822803987,43500,True,352,175500,0.0,0.0,2,RIGHT,greedy,31515,47544,50845,46092,13024,162972,0.07400168185640582,1,87998,2,2,397.65395822803987,460.45519522278875,2,2,,,2,RIGHT,False,,
176395,dqn,633,,,7.0,7.0,0.05,0.0018042955780401826,2.135310411453247,2.989384412765503,0.9291288256645203,2.1652274131774902,2.841308832168579,0.047997549176216125,0.1496131420135498,0.126708984375,10000,10000,1.0,397.81317521466866,397.81317521466866,43600,True,353,176000,1.0,1.0,2,RIGHT,greedy,31602,47623,50969,46202,13047,163349,0.07396426222816845,0,88198,2,2,397.81317521466866,459.2691558142226,2,2,,,2,RIGHT,False,,
176396,dqn,633,,,3.0,3.0,0.05,0.0018042955780401826,2.135310411453247,2.989384412765503,0.9291288256645203,2.1652274131774902,2.841308832168579,0.047997549176216125,0.1496131420135498,0.126708984375,10000,10000,1.0,397.8130592100446,397.8130592100446,43600,True,353,176000,0.0,0.0,2,RIGHT,greedy,31602,47623,50969,46202,13047,163349,0.07396426222816845,1,88198,2,2,397.8130592100446,459.269021888679,2,2,,,2,RIGHT,False,,
176795,dqn,633,,,11.0,11.0,0.05,0.0021350241731852293,2.079700231552124,3.2678067684173584,0.7537733912467957,2.070455551147461,3.196397066116333,0.052174896001815796,0.15262126922607422,0.4200770854949951,10000,10000,1.0,397.9455841062953,397.9455841062953,43700,True,354,176500,0.0,0.0,2,RIGHT,greedy,31684,47655,51136,46321,13060,163736,0.0738704495576823,0,88398,2,2,397.9455841062953,458.06544278124244,2,2,,,2,RIGHT,False,,
176796,dqn,633,,,8.0,8.0,0.05,0.0021350241731852293,2.079700231552124,3.2678067684173584,0.7537733912467957,2.070455551147461,3.196397066116333,0.052174896001815796,0.15262126922607422,0.4200770854949951,10000,10000,1.0,397.9454723408585,397.9454723408585,43700,True,354,176500,0.0,0.0,3,LEFT,greedy,31684,47655,51136,46321,13060,163736,0.0738704495576823,1,88398,2,2,397.9454723408585,458.0653141307777,2,2,,,3,LEFT,False,,
176861,dqn,634,12.0,599,0.0,0.0,0.05,,,,,,,,,,10000,10000,1.0,397.95342116304266,397.95342116304266,43716,False,354,176500,0.0,0.0,1,FIRE,random,31690,47656,51156,46360,13062,163800,0.0738541914034671,0,88431,2,2,397.95342116304266,457.85198130245146,2,2,,,1,FIRE,False,,
176894,dqn,635,9.0,461,0.0,0.0,0.05,,,,,,,,,,10000,10000,1.0,397.9496693612284,397.9496693612284,43724,False,354,176500,0.0,0.0,3,LEFT,greedy,31693,47660,51167,46374,13064,163830,0.07385213743823985,1,88447,2,2,397.9496693612284,457.73993297256703,2,2,,,3,LEFT,False,,
177195,dqn,635,,,3.0,3.0,0.05,0.002574404701590538,1.8744193315505981,2.8070108890533447,0.0698135495185852,1.8769580125808716,2.7839810848236084,0.056715138256549835,0.19202399253845215,0.24677607417106628,10000,10000,1.0,398.06878965636673,398.06878965636673,43800,True,355,177000,0.0,0.0,1,FIRE,random,31752,47777,51220,46447,13075,164121,0.07378834736675771,0,88598,2,2,398.06878965636673,456.864327503689,2,2,,,1,FIRE,False,,
177196,dqn,635,,,3.0,3.0,0.05,0.002574404701590538,1.8744193315505981,2.8070108890533447,0.0698135495185852,1.8769580125808716,2.7839810848236084,0.056715138256549835,0.19202399253845215,0.24677607417106628,10000,10000,1.0,398.0686796323365,398.0686796323365,43800,True,355,177000,0.0,0.0,0,NOOP,greedy,31752,47777,51220,46447,13075,164121,0.07378834736675771,1,88598,2,2,398.0686796323365,456.8642012288946,2,2,,,0,NOOP,False,,
177595,dqn,635,,,7.0,7.0,0.05,0.0022082675714045763,2.181013584136963,3.1649391651153564,0.6422267556190491,2.2017951011657715,3.156322717666626,0.053907133638858795,0.15165209770202637,0.16269390285015106,10000,10000,1.0,397.9289354809486,397.9289354809486,43900,True,356,177500,1.0,1.0,3,LEFT,greedy,31861,47860,51335,46540,13097,164499,0.0737460303159981,0,88798,2,2,397.9289354809486,455.375194763097,2,2,,,3,LEFT,False,,
177596,dqn,635,,,7.0,7.0,0.05,0.0022082675714045763,2.181013584136963,3.1649391651153564,0.6422267556190491,2.2017951011657715,3.156322717666626,0.053907133638858795,0.15165209770202637,0.16269390285015106,10000,10000,1.0,397.92881324493743,397.92881324493743,43900,True,356,177500,0.0,0.0,2,RIGHT,greedy,31861,47860,51335,46540,13097,164499,0.0737460303159981,1,88798,2,2,397.92881324493743,455.37505488071486,2,2,,,2,RIGHT,False,,
177661,dqn,636,7.0,400,0.0,0.0,0.05,,,,,,,,,,10000,10000,1.0,397.88674359117715,397.88674359117715,43916,False,356,177500,0.0,0.0,1,FIRE,random,31873,47870,51357,46562,13103,164559,0.07375240625457329,0,88831,2,2,397.88674359117715,455.1090278379112,2,2,,,1,FIRE,False,,
177824,dqn,637,9.0,465,0.0,0.0,0.05,,,,,,,,,,10000,10000,1.0,397.743394185051,397.743394185051,43957,True,356,177500,0.0,0.0,0,NOOP,greedy,31922,47901,51403,46598,13108,164716,0.07371333453302141,1,88912,2,2,397.743394185051,454.41201510820895,2,2,,,0,NOOP,False,,
177995,dqn,637,,,3.0,3.0,0.05,0.0032060337252914906,2.114647150039673,3.216907262802124,0.4538677930831909,2.123826026916504,3.168564558029175,0.060250960290431976,0.23682332038879395,0.3320627212524414,10000,10000,1.0,397.6654377369168,397.6654377369168,44000,True,356,177500,0.0,0.0,3,LEFT,greedy,31962,47947,51445,46642,13116,164880,0.07368704914717185,0,88998,2,2,397.6654377369168,453.75953417752345,2,2,,,3,LEFT,False,,
177996,dqn,637,,,1.0,1.0,0.05,0.0032060337252914906,2.114647150039673,3.216907262802124,0.4538677930831909,2.123826026916504,3.168564558029175,0.060250960290431976,0.23682332038879395,0.3320627212524414,10000,10000,1.0,397.6652905394472,397.6652905394472,44000,True,356,177500,0.0,0.0,3,LEFT,greedy,31962,47947,51445,46642,13116,164880,0.07368704914717185,1,88998,2,2,397.6652905394472,453.75936621659724,2,2,,,3,LEFT,False,,
178395,dqn,637,,,6.0,6.0,0.05,0.001953728264197707,2.094676971435547,3.014869213104248,0.8413875102996826,2.113762855529785,3.0385026931762695,0.04949653148651123,0.14281296730041504,0.16045509278774261,10000,10000,1.0,397.61984646310606,397.61984646310606,44100,True,357,178000,0.0,0.0,1,FIRE,greedy,32066,48020,51539,46771,13135,165261,0.07362833247382228,0,89198,2,2,397.61984646310606,452.4069476097777,2,2,,,1,FIRE,False,,
178396,dqn,637,,,5.0,5.0,0.05,0.001953728264197707,2.094676971435547,3.014869213104248,0.8413875102996826,2.113762855529785,3.0385026931762695,0.04949653148651123,0.14281296730041504,0.16045509278774261,10000,10000,1.0,397.61973756121904,397.61973756121904,44100,True,357,178000,0.0,0.0,2,RIGHT,greedy,32066,48020,51539,46771,13135,165261,0.07362833247382228,1,89198,2,2,397.61973756121904,452.40682370255644,2,2,,,2,RIGHT,False,,
178445,dqn,638,7.0,392,0.0,0.0,0.05,,,,,,,,,,10000,10000,1.0,397.6104505011839,397.6104505011839,44112,False,357,178000,0.0,0.0,0,NOOP,greedy,32077,48022,51547,46800,13139,165307,0.07363011779473902,0,89223,2,2,397.6104505011839,452.23462286244205,2,2,,,0,NOOP,False,,
178752,dqn,639,10.0,464,0.0,0.0,0.05,,,,,,,,,,10000,10000,1.0,397.5160422257778,397.5160422257778,44189,True,358,178500,0.0,0.0,0,NOOP,greedy,32182,48049,51638,46883,13152,165600,0.07357679914070892,1,89376,2,2,397.5160422257778,451.142749263144,2,2,,,0,NOOP,False,,
178795,dqn,639,,,4.0,4.0,0.05,0.012199699878692627,2.048403263092041,2.8408381938934326,0.33703911304473877,2.0814905166625977,2.9138970375061035,0.09454032778739929,0.6451301574707031,0.29962655901908875,10000,10000,1.0,397.5101966290751,397.5101966290751,44200,True,358,178500,0.0,0.0,2,RIGHT,greedy,32189,48056,51649,46902,13157,165639,0.07358665741962908,0,89398,2,2,397.5101966290751,450.9951845048741,2,2,,,2,RIGHT,False,,
178796,dqn,639,,,0.0,0.0,0.05,0.012199699878692627,2.048403263092041,2.8408381938934326,0.33703911304473877,2.0814905166625977,2.9138970375061035,0.09454032778739929,0.6451301574707031,0.29962655901908875,10000,10000,1.0,397.5100793153495,397.5100793153495,44200,True,358,178500,0.0,0.0,3,LEFT,greedy,32189,48056,51649,46902,13157,165639,0.07358665741962908,1,89398,2,2,397.5100793153495,450.99505140658937,2,2,,,3,LEFT,False,,
179195,dqn,639,,,8.0,8.0,0.05,0.006911825854331255,2.1072075366973877,3.2107925415039062,0.3491417467594147,2.161013603210449,3.2238659858703613,0.07518862187862396,0.41250860691070557,0.6281518340110779,10000,10000,1.0,397.48554865915844,397.48554865915844,44300,True,359,179000,0.0,0.0,0,NOOP,greedy,32311,48134,51742,47009,13175,166021,0.0735228464921092,0,89598,2,2,397.48554865915844,449.69329497403,2,2,,,0,NOOP,False,,
179196,dqn,639,,,4.0,4.0,0.05,0.006911825854331255,2.1072075366973877,3.2107925415039062,0.3491417467594147,2.161013603210449,3.2238659858703613,0.07518862187862396,0.41250860691070557,0.6281518340110779,10000,10000,1.0,397.48541359891306,397.48541359891306,44300,True,359,179000,0.0,0.0,1,FIRE,greedy,32311,48134,51742,47009,13175,166021,0.0735228464921092,1,89598,2,2,397.48541359891306,449.69314217429434,2,2,,,1,FIRE,False,,
179257,dqn,640,8.0,406,0.0,0.0,0.05,,,,,,,,,,10000,10000,1.0,397.46036895678964,397.46036895678964,44315,False,359,179000,0.0,0.0,0,NOOP,greedy,32336,48149,51757,47016,13180,166078,0.07352530988854054,0,89629,2,2,397.46036895678964,449.4685130741136,2,2,,,0,NOOP,False,,
179595,dqn,640,,,3.0,3.0,0.05,0.0013568861177191138,2.066288471221924,2.9713242053985596,0.4187399744987488,2.0874574184417725,3.0141913890838623,0.03995734825730324,0.12516999244689941,0.14230722188949585,10000,10000,1.0,397.4170402826179,397.4170402826179,44400,True,360,179500,0.0,0.0,1,FIRE,greedy,32392,48246,51837,47121,13196,166400,0.073476023964899,0,89798,2,2,397.4170402826179,448.35488445774314,2,2,,,1,FIRE,False,,
179596,dqn,640,,,8.0,8.0,0.05,0.0013568861177191138,2.066288471221924,2.9713242053985596,0.4187399744987488,2.0874574184417725,3.0141913890838623,0.03995734825730324,0.12516999244689941,0.14230722188949585,10000,10000,1.0,397.4169251947846,397.4169251947846,44400,True,360,179500,0.0,0.0,3,LEFT,greedy,32392,48246,51837,47121,13196,166400,0.073476023964899,1,89798,2,2,397.4169251947846,448.354754618841,2,2,,,3,LEFT,False,,
179636,dqn,641,8.0,442,0.0,0.0,0.05,,,,,,,,,,10000,10000,1.0,397.39495738866015,397.39495738866015,44410,True,360,179500,0.0,0.0,3,LEFT,greedy,32396,48254,51843,47143,13198,166438,0.07347079649958806,1,89818,2,2,397.39495738866015,448.20458439317235,2,2,,,3,LEFT,False,,
179995,dqn,641,,,8.0,8.0,0.05,0.002458179835230112,2.044090747833252,3.1321935653686523,0.47427400946617126,2.065664291381836,3.129683256149292,0.04713815450668335,0.2765533924102783,0.17633867263793945,10000,10000,1.0,397.54903495945916,397.54903495945916,44500,True,360,179500,0.0,0.0,1,FIRE,greedy,32462,48381,51926,47227,13218,166778,0.07343496522144936,0,89998,2,2,397.54903495945916,447.2550883579355,2,2,,,1,FIRE,False,,
179996,dqn,641,,,3.0,3.0,0.05,0.002458179835230112,2.044090747833252,3.1321935653686523,0.47427400946617126,2.065664291381836,3.129683256149292,0.04713815450668335,0.2765533924102783,0.17633867263793945,10000,10000,1.0,397.54892689098267,397.54892689098267,44500,True,360,179500,0.0,0.0,1,FIRE,fire_reset,32462,48381,51926,47227,13218,166778,0.07343496522144936,1,89998,2,2,397.54892689098267,447.2549667775221,2,2,,,0,NOOP,True,after_life_loss,
180276,dqn,642,6.0,320,0.0,0.0,0.05,,,,,,,,,,10000,10000,1.0,397.6819084106179,397.6819084106179,44570,True,361,180000,0.0,0.0,0,NOOP,greedy,32494,48433,52014,47335,13229,167047,0.07338192549202334,1,90138,2,2,397.6819084106179,446.5375935561846,2,2,,,0,NOOP,False,,
180395,dqn,642,,,13.0,13.0,0.05,0.0030403025448322296,2.0994677543640137,3.2788102626800537,0.6015748381614685,2.109435558319092,3.326984405517578,0.05356507748365402,0.20566439628601074,0.2532216012477875,10000,10000,1.0,397.7268776059239,397.7268776059239,44600,True,361,180000,0.0,0.0,2,RIGHT,greedy,32520,48455,52045,47376,13235,167161,0.07336637175990599,0,90198,2,2,397.7268776059239,446.21833059230715,2,2,,,2,RIGHT,False,,
180396,dqn,642,,,1.0,1.0,0.05,0.0030403025448322296,2.0994677543640137,3.2788102626800537,0.6015748381614685,2.109435558319092,3.326984405517578,0.05356507748365402,0.20566439628601074,0.2532216012477875,10000,10000,1.0,397.7267695849196,397.7267695849196,44600,True,361,180000,0.0,0.0,1,FIRE,greedy,32520,48455,52045,47376,13235,167161,0.07336637175990599,1,90198,2,2,397.7267695849196,446.2182094012212,2,2,,,1,FIRE,False,,
180443,dqn,643,13.0,593,0.0,0.0,0.05,,,,,,,,,,10000,10000,1.0,397.735138774254,397.735138774254,44612,True,361,180000,0.0,0.0,2,RIGHT,greedy,32520,48459,52075,47390,13236,167208,0.07335239741969808,0,90222,2,2,397.735138774254,446.0800021193717,2,2,,,2,RIGHT,False,,
180795,dqn,643,,,2.0,2.0,0.05,0.0016091635916382074,2.1318836212158203,3.115272283554077,1.1041967868804932,2.155928134918213,3.0255863666534424,0.04574145749211311,0.13003778457641602,0.1428188979625702,10000,10000,1.0,397.8597491408258,397.8597491408258,44700,True,362,180500,0.0,0.0,0,NOOP,greedy,32602,48566,52165,47463,13261,167535,0.07334786167835572,0,90398,2,2,397.8597491408258,445.14240312431764,2,2,,,0,NOOP,False,,
180796,dqn,643,,,4.0,4.0,0.05,0.0016091635916382074,2.1318836212158203,3.115272283554077,1.1041967868804932,2.155928134918213,3.0255863666534424,0.04574145749211311,0.13003778457641602,0.1428188979625702,10000,10000,1.0,397.85963119937696,397.85963119937696,44700,True,362,180500,0.0,0.0,0,NOOP,greedy,32602,48566,52165,47463,13261,167535,0.07334786167835572,1,90398,2,2,397.85963119937696,445.1422711664102,2,2,,,0,NOOP,False,,
181028,dqn,644,6.0,376,0.0,0.0,0.05,,,,,,,,,,10000,10000,1.0,397.8992069002739,397.8992069002739,44758,True,363,181000,0.0,0.0,3,LEFT,greedy,32645,48592,52235,47556,13276,167752,0.07333672139116601,1,90514,2,2,397.8992069002739,444.48152260171037,2,2,,,3,LEFT,False,,
181195,dqn,644,,,7.0,7.0,0.05,0.003395217005163431,2.2511167526245117,3.2844979763031006,0.650193989276886,2.265399217605591,3.1931090354919434,0.061740692704916,0.22502493858337402,0.3378484547138214,10000,10000,1.0,397.93576024247454,397.93576024247454,44800,True,363,181000,0.0,0.0,0,NOOP,greedy,32659,48610,52287,47640,13283,167913,0.0733073577783174,0,90598,2,2,397.93576024247454,444.01428649745935,2,2,,,0,NOOP,False,,
181196,dqn,644,,,1.0,1.0,0.05,0.003395217005163431,2.2511167526245117,3.2844979763031006,0.650193989276886,2.265399217605591,3.1931090354919434,0.061740692704916,0.22502493858337402,0.3378484547138214,10000,10000,1.0,397.9356416670379,397.9356416670379,44800,True,363,181000,0.0,0.0,2,RIGHT,greedy,32659,48610,52287,47640,13283,167913,0.0733073577783174,1,90598,2,2,397.9356416670379,444.01415419171263,2,2,,,2,RIGHT,False,,
181391,dqn,645,9.0,474,0.0,0.0,0.05,,,,,,,,,,10000,10000,1.0,398.0028448830158,398.0028448830158,44849,True,363,181000,0.0,0.0,3,LEFT,greedy,32693,48644,52356,47699,13288,168104,0.07325571138749228,0,90696,2,2,398.0028448830158,443.4989436248035,2,2,,,3,LEFT,False,,
181595,dqn,645,,,2.0,2.0,0.05,0.004911351017653942,2.164259910583496,3.1543216705322266,0.722709059715271,2.1962661743164062,3.282080888748169,0.06549502909183502,0.3984825611114502,0.28149840235710144,10000,10000,1.0,398.0902640712082,398.0902640712082,44900,True,364,181500,0.0,0.0,2,RIGHT,greedy,32710,48693,52444,47749,13293,168303,0.07320095156280976,0,90798,2,2,398.0902640712082,442.9849477564778,2,2,,,2,RIGHT,False,,
181596,dqn,645,,,6.0,6.0,0.05,0.004911351017653942,2.164259910583496,3.1543216705322266,0.722709059715271,2.1962661743164062,3.282080888748169,0.06549502909183502,0.3984825611114502,0.28149840235710144,10000,10000,1.0,398.0901584155847,398.0901584155847,44900,True,364,181500,0.0,0.0,2,RIGHT,greedy,32710,48693,52444,47749,13293,168303,0.07320095156280976,1,90798,2,2,398.0901584155847,442.984830185527,2,2,,,2,RIGHT,False,,
181995,dqn,645,,,7.0,7.0,0.05,0.0019088414264842868,2.144897937774658,3.088805913925171,0.536621630191803,2.1788976192474365,3.0583722591400146,0.05005021020770073,0.1680392026901245,0.162123441696167,10000,10000,1.0,398.21352155815316,398.21352155815316,45000,True,364,181500,0.0,0.0,3,LEFT,greedy,32775,48801,52547,47873,13306,168690,0.07311149695597706,0,90998,2,2,398.21352155815316,441.9317288007808,2,2,,,3,LEFT,False,,
181996,dqn,645,,,10.0,10.0,0.05,0.0019088414264842868,2.144897937774658,3.088805913925171,0.536621630191803,2.1788976192474365,3.0583722591400146,0.05005021020770073,0.1680392026901245,0.162123441696167,10000,10000,1.0,398.2134186731051,398.2134186731051,45000,True,364,181500,0.0,0.0,1,FIRE,greedy,32775,48801,52547,47873,13306,168690,0.07311149695597706,1,90998,2,2,398.2134186731051,441.931614620411,2,2,,,1,FIRE,False,,
182146,dqn,646,11.0,559,0.0,0.0,0.05,,,,,,,,,,10000,10000,1.0,398.2749428663543,398.2749428663543,45037,False,365,182000,0.0,0.0,2,RIGHT,greedy,32787,48852,52596,47911,13311,168835,0.07307873903352256,1,91073,2,2,398.2749428663543,441.55642236587886,2,2,,,2,RIGHT,False,,
182395,dqn,646,,,11.0,11.0,0.05,0.005034050904214382,2.125880241394043,3.198833703994751,0.5331277847290039,2.1267433166503906,3.0880093574523926,0.063450887799263,0.40061402320861816,0.36517781019210815,10000,10000,1.0,398.2705888045066,398.2705888045066,45100,True,365,182000,0.0,0.0,3,LEFT,greedy,32824,48913,52665,47994,13324,169072,0.07304984758437685,0,91198,2,2,398.2705888045066,440.8160730835647,2,2,,,3,LEFT,False,,
182396,dqn,646,,,2.0,2.0,0.05,0.005034050904214382,2.125880241394043,3.198833703994751,0.5331277847290039,2.1267433166503906,3.0880093574523926,0.063450887799263,0.40061402320861816,0.36517781019210815,10000,10000,1.0,398.2704729143217,398.2704729143217,45100,True,365,182000,0.0,0.0,3,LEFT,greedy,32824,48913,52665,47994,13324,169072,0.07304984758437685,1,91198,2,2,398.2704729143217,440.81594481334423,2,2,,,3,LEFT,False,,
182493,dqn,647,12.0,551,0.0,0.0,0.05,,,,,,,,,,10000,10000,1.0,398.25321680303705,398.25321680303705,45124,False,365,182000,0.0,0.0,2,RIGHT,greedy,32831,48932,52705,48026,13327,169167,0.0730270584238386,0,91247,2,2,398.25321680303705,440.5097494802861,2,2,,,2,RIGHT,False,,
182795,dqn,647,,,3.0,3.0,0.05,0.002288702642545104,2.1731019020080566,2.962339162826538,0.8870015740394592,2.1712446212768555,2.981382369995117,0.04783763736486435,0.2507261037826538,0.29317060112953186,10000,10000,1.0,398.0322934462432,398.0322934462432,45200,True,366,182500,0.0,0.0,3,LEFT,greedy,32868,49010,52810,48108,13342,169454,0.07298846801899385,0,91398,2,2,398.0322934462432,439.3854238900398,2,2,,,3,LEFT,False,,
182796,dqn,647,,,6.0,6.0,0.05,0.002288702642545104,2.1731019020080566,2.962339162826538,0.8870015740394592,2.1712446212768555,2.981382369995117,0.04783763736486435,0.2507261037826538,0.29317060112953186,10000,10000,1.0,398.03218342015924,398.03218342015924,45200,True,366,182500,0.0,0.0,0,NOOP,greedy,32868,49010,52810,48108,13342,169454,0.07298846801899385,1,91398,2,2,398.03218342015924,439.38530243291603,2,2,,,0,NOOP,False,,
182928,dqn,648,7.0,391,0.0,0.0,0.05,,,,,,,,,,10000,10000,1.0,397.9628465776152,397.9628465776152,45233,True,366,182500,0.0,0.0,2,RIGHT,greedy,32892,49041,52844,48151,13345,169583,0.07295219977258813,1,91464,2,2,397.9628465776152,438.9262227399069,2,2,,,2,RIGHT,False,,
183195,dqn,648,,,6.0,6.0,0.05,0.005442902911454439,2.0679736137390137,3.0467581748962402,0.901698648929596,2.1099352836608887,3.0354108810424805,0.06091749295592308,0.4187558889389038,0.3302641212940216,10000,10000,1.0,397.87106099048356,397.87106099048356,45300,True,367,183000,0.0,0.0,3,LEFT,greedy,32961,49099,52892,48244,13357,169839,0.07291098058909583,0,91598,2,2,397.87106099048356,438.05223141264383,2,2,,,3,LEFT,False,,
183196,dqn,648,,,2.0,2.0,0.05,0.005442902911454439,2.0679736137390137,3.0467581748962402,0.901698648929596,2.1099352836608887,3.0354108810424805,0.06091749295592308,0.4187558889389038,0.3302641212940216,10000,10000,1.0,397.87095919315044,397.87095919315044,45300,True,367,183000,0.0,0.0,2,RIGHT,greedy,32961,49099,52892,48244,13357,169839,0.07291098058909583,1,91598,2,2,397.87095919315044,438.052119334754,2,2,,,2,RIGHT,False,,
183197,dqn,649,6.0,352,0.0,0.0,0.05,,,,,,,,,,10000,10000,1.0,397.86089252851855,397.86089252851855,45300,False,367,183000,0.0,0.0,2,RIGHT,greedy,32961,49099,52894,48244,13357,169841,0.07291018460900228,0,91599,2,2,397.86089252851855,438.03528804442135,2,2,,,2,RIGHT,False,,
183595,dqn,649,,,3.0,3.0,0.05,0.0013455150183290243,2.11187744140625,3.1509339809417725,0.4213103950023651,2.138822555541992,3.168238401412964,0.03842535987496376,0.14006507396697998,0.12361127883195877,10000,10000,1.0,397.7683104166542,397.7683104166542,45400,True,368,183500,0.0,0.0,2,RIGHT,greedy,33014,49196,53014,48372,13380,170216,0.07287740473648663,0,91798,2,2,397.7683104166542,436.7952457010864,2,2,,,2,RIGHT,False,,
183596,dqn,649,,,6.0,6.0,0.05,0.0013455150183290243,2.11187744140625,3.1509339809417725,0.4213103950023651,2.138822555541992,3.168238401412964,0.03842535987496376,0.14006507396697998,0.12361127883195877,10000,10000,1.0,397.7682072664903,397.7682072664903,45400,True,368,183500,0.0,0.0,2,RIGHT,greedy,33014,49196,53014,48372,13380,170216,0.07287740473648663,1,91798,2,2,397.7682072664903,436.7951324303708,2,2,,,2,RIGHT,False,,
183598,dqn,650,6.0,335,0.0,0.0,0.05,,,,,,,,,,10000,10000,1.0,397.7585686592467,397.7585686592467,45400,False,368,183500,0.0,0.0,3,LEFT,greedy,33014,49196,53015,48373,13380,170218,0.0728766108563274,1,91799,2,2,397.7585686592467,436.778856484009,2,2,,,3,LEFT,False,,
183911,dqn,651,6.0,357,0.0,0.0,0.05,,,,,,,,,,10000,10000,1.0,397.6725585099755,397.6725585099755,45479,True,368,183500,0.0,0.0,3,LEFT,greedy,33064,49268,53099,48481,13394,170518,0.07282830919135239,0,91956,2,2,397.6725585099755,435.7943773279544,2,2,,,3,LEFT,False,,
183995,dqn,651,,,1.0,1.0,0.05,0.001551215653307736,2.1730480194091797,2.925694704055786,1.1124571561813354,2.1883130073547363,2.971676826477051,0.0473412349820137,0.1080697774887085,0.1327868402004242,10000,10000,1.0,397.6348279371545,397.6348279371545,45500,True,368,183500,0.0,0.0,1,FIRE,greedy,33094,49294,53114,48494,13396,170600,0.0728059305637079,0,91998,2,2,397.6348279371545,435.5160829154048,2,2,,,1,FIRE,False,,
183996,dqn,651,,,3.0,3.0,0.05,0.001551215653307736,2.1730480194091797,2.925694704055786,1.1124571561813354,2.1883130073547363,2.971676826477051,0.0473412349820137,0.1080697774887085,0.1327868402004242,10000,10000,1.0,397.6347059580934,397.6347059580934,45500,True,368,183500,0.0,0.0,0,NOOP,greedy,33094,49294,53114,48494,13396,170600,0.0728059305637079,1,91998,2,2,397.6347059580934,435.5159493158326,2,2,,,0,NOOP,False,,
184395,dqn,651,,,5.0,5.0,0.05,0.005568275228142738,2.3298258781433105,3.2025721073150635,0.6628124713897705,2.3810906410217285,3.2721872329711914,0.06040911376476288,0.44312286376953125,0.4879647493362427,10000,10000,1.0,397.486883854697,397.486883854697,45600,True,369,184000,0.0,0.0,2,RIGHT,greedy,33204,49413,53195,48584,13411,170985,0.07272934336970434,0,92198,2,2,397.486883854697,434.23261431389346,2,2,,,2,RIGHT,False,,
184396,dqn,651,,,8.0,8.0,0.05,0.005568275228142738,2.3298258781433105,3.2025721073150635,0.6628124713897705,2.3810906410217285,3.2721872329711914,0.06040911376476288,0.44312286376953125,0.4879647493362427,10000,10000,1.0,397.4867754617241,397.4867754617241,45600,True,369,184000,0.0,0.0,2,RIGHT,greedy,33204,49413,53195,48584,13411,170985,0.07272934336970434,1,92198,2,2,397.4867754617241,434.2324959005171,2,2,,,2,RIGHT,False,,
184664,dqn,652,11.0,533,0.0,0.0,0.05,,,,,,,,,,10000,10000,1.0,397.4412310677925,397.4412310677925,45667,True,370,184500,0.0,0.0,3,LEFT,greedy,33260,49475,53256,48673,13425,171239,0.07269960577048044,1,92332,2,2,397.4412310677925,433.43739661428015,2,2,,,3,LEFT,False,,
184747,dqn,653,8.0,418,0.0,0.0,0.05,,,,,,,,,,10000,10000,1.0,397.3513521347095,397.3513521347095,45688,True,370,184500,0.0,0.0,3,LEFT,greedy,33275,49497,53271,48705,13432,171316,0.0727044406434711,0,92374,2,2,397.3513521347095,433.10678484556155,2,2,,,3,LEFT,False,,
184795,dqn,653,,,0.0,0.0,0.05,0.0029277957510203123,2.0777313709259033,3.043905735015869,0.4361048638820648,2.135389804840088,3.252373218536377,0.05632049962878227,0.2697725296020508,0.47820812463760376,10000,10000,1.0,397.3046253731878,397.3046253731878,45700,True,370,184500,0.0,0.0,0,NOOP,greedy,33279,49522,53280,48715,13433,171363,0.07269096733695535,0,92398,2,2,397.3046253731878,432.92316589499274,2,2,,,0,NOOP,False,,
184796,dqn,653,,,1.0,1.0,0.05,0.0029277957510203123,2.0777313709259033,3.043905735015869,0.4361048638820648,2.135389804840088,3.252373218536377,0.05632049962878227,0.2697725296020508,0.47820812463760376,10000,10000,1.0,397.3044972993152,397.3044972993152,45700,True,370,184500,1.0,1.0,3,LEFT,greedy,33279,49522,53280,48715,13433,171363,0.07269096733695535,1,92398,2,2,397.3044972993152,432.92302633923913,2,2,,,3,LEFT,False,,
185118,dqn,654,3.0,227,0.0,0.0,0.05,,,,,,,,,,10000,10000,1.0,397.09792005903046,397.09792005903046,45780,False,371,185000,0.0,0.0,3,LEFT,greedy,33341,49601,53353,48823,13455,171663,0.0726833695264642,1,92559,2,2,397.09792005903046,431.8121476390869,2,2,,,3,LEFT,False,,
185195,dqn,654,,,4.0,4.0,0.05,0.003952468745410442,2.2616615295410156,3.303853988647461,0.1291888952255249,2.265838623046875,3.2550301551818848,0.07073730230331421,0.22977828979492188,0.4047706127166748,10000,10000,1.0,397.0644745067326,397.0644745067326,45800,True,371,185000,0.0,0.0,1,FIRE,greedy,33348,49641,53362,48845,13457,171739,0.07266355644830341,0,92598,2,2,397.0644745067326,431.5622354379833,2,2,,,1,FIRE,False,,
185196,dqn,654,,,0.0,0.0,0.05,0.003952468745410442,2.2616615295410156,3.303853988647461,0.1291888952255249,2.265838623046875,3.2550301551818848,0.07073730230331421,0.22977828979492188,0.4047706127166748,10000,10000,1.0,397.06436217807465,397.06436217807465,45800,True,371,185000,0.0,0.0,2,RIGHT,greedy,33348,49641,53362,48845,13457,171739,0.07266355644830341,1,92598,2,2,397.06436217807465,431.5621133499854,2,2,,,2,RIGHT,False,,
185595,dqn,654,,,7.0,7.0,0.05,0.0051697976887226105,1.9489994049072266,3.012402296066284,0.25478798151016235,1.9809386730194092,2.9861209392547607,0.07017641514539719,0.29241514205932617,0.35596179962158203,10000,10000,1.0,396.8837417122394,396.8837417122394,45900,True,372,185500,0.0,0.0,1,FIRE,greedy,33427,49759,53438,48972,13474,172122,0.0725985473824867,0,92798,2,2,396.8837417122394,430.2773197744333,2,2,,,1,FIRE,False,,
185596,dqn,654,,,3.0,3.0,0.05,0.0051697976887226105,1.9489994049072266,3.012402296066284,0.25478798151016235,1.9809386730194092,2.9861209392547607,0.07017641514539719,0.29241514205932617,0.35596179962158203,10000,10000,1.0,396.883628169587,396.883628169587,45900,True,372,185500,0.0,0.0,3,LEFT,greedy,33427,49759,53438,48972,13474,172122,0.0725985473824867,1,92798,2,2,396.883628169587,430.27719667836504,2,2,,,3,LEFT,False,,
185666,dqn,655,4.0,274,0.0,0.0,0.05,,,,,,,,,,10000,10000,1.0,396.83605622505905,396.83605622505905,45917,False,372,185500,0.0,0.0,1,FIRE,greedy,33436,49769,53465,48996,13478,172188,0.07259272026111405,1,92833,2,2,396.83605622505905,430.0362058172543,2,2,,,1,FIRE,False,,
185917,dqn,656,14.0,585,0.0,0.0,0.05,,,,,,,,,,10000,10000,1.0,396.7222717071588,396.7222717071588,45980,False,372,185500,0.0,0.0,1,FIRE,greedy,33472,49827,53532,49087,13486,172432,0.07253735517808926,0,92959,2,2,396.7222717071588,429.23375376086244,2,2,,,1,FIRE,False,,
185995,dqn,656,,,0.0,0.0,0.05,0.0012119801249355078,2.1171927452087402,2.961970806121826,0.7604081034660339,2.1532740592956543,3.0063648223876953,0.04102097824215889,0.11047101020812988,0.22853773832321167,10000,10000,1.0,396.7140149907633,396.7140149907633,46000,True,372,185500,0.0,0.0,2,RIGHT,greedy,33489,49842,53550,49115,13487,172509,0.07251231209273318,0,92998,2,2,396.7140149907633,429.0154189277525,2,2,,,2,RIGHT,False,,
185996,dqn,656,,,2.0,2.0,0.05,0.0012119801249355078,2.1171927452087402,2.961970806121826,0.7604081034660339,2.1532740592956543,3.0063648223876953,0.04102097824215889,0.11047101020812988,0.22853773832321167,10000,10000,1.0,396.71389676574205,396.71389676574205,46000,True,372,185500,0.0,0.0,3,LEFT,greedy,33489,49842,53550,49115,13487,172509,0.07251231209273318,1,92998,2,2,396.71389676574205,429.0152910765673,2,2,,,3,LEFT,False,,
186360,dqn,657,5.0,347,0.0,0.0,0.05,,,,,,,,,,10000,10000,1.0,396.8143286211995,396.8143286211995,46091,True,373,186000,0.0,0.0,3,LEFT,greedy,33553,49897,53663,49247,13501,172859,0.07244580382056236,1,93180,2,2,396.8143286211995,428.15144906117837,2,2,,,3,LEFT,False,,
186395,dqn,657,,,5.0,5.0,0.05,0.006096820812672377,1.8803523778915405,3.1496059894561768,0.07699660956859589,1.9431051015853882,3.118025779724121,0.06619969755411148,0.4539119303226471,0.586367666721344,10000,10000,1.0,396.82059909992023,396.82059909992023,46100,True,373,186000,0.0,0.0,2,RIGHT,greedy,33564,49900,53668,49264,13504,172892,0.07244790660743793,0,93198,2,2,396.82059909992023,428.0624820004904,2,2,,,2,RIGHT,False,,
186396,dqn,657,,,0.0,0.0,0.05,0.006096820812672377,1.8803523778915405,3.1496059894561768,0.07699660956859589,1.9431051015853882,3.118025779724121,0.06619969755411148,0.4539119303226471,0.586367666721344,10000,10000,1.0,396.82049976734413,396.82049976734413,46100,True,373,186000,0.0,0.0,0,NOOP,greedy,33564,49900,53668,49264,13504,172892,0.07244790660743793,1,93198,2,2,396.82049976734413,428.0623748474112,2,2,,,0,NOOP,False,,
186795,dqn,657,,,8.0,8.0,0.05,0.004937934223562479,2.292924404144287,3.1650092601776123,1.3772934675216675,2.3268589973449707,3.1559979915618896,0.06409066915512085,0.3818819522857666,0.23988625407218933,10000,10000,1.0,396.9376833044943,396.9376833044943,46200,True,374,186500,0.0,0.0,3,LEFT,greedy,33660,50003,53747,49386,13528,173268,0.07242125099038524,0,93398,2,2,396.9376833044943,427.1301182689659,2,2,,,3,LEFT,False,,
186796,dqn,657,,,5.0,5.0,0.05,0.004937934223562479,2.292924404144287,3.1650092601776123,1.3772934675216675,2.3268589973449707,3.1559979915618896,0.06409066915512085,0.3818819522857666,0.23988625407218933,10000,10000,1.0,396.9375899989739,396.9375899989739,46200,True,374,186500,0.0,0.0,1,FIRE,greedy,33660,50003,53747,49386,13528,173268,0.07242125099038524,1,93398,2,2,396.9375899989739,427.1300178663091,2,2,,,1,FIRE,False,,
186805,dqn,658,8.0,444,0.0,0.0,0.05,,,,,,,,,,10000,10000,1.0,396.9160692287184,396.9160692287184,46202,False,374,186500,0.0,0.0,3,LEFT,greedy,33660,50003,53752,49391,13528,173278,0.07241737417427706,0,93403,2,2,396.9160692287184,427.08051994297614,2,2,,,3,LEFT,False,,
187195,dqn,658,,,3.0,3.0,0.05,0.0025863139890134335,2.047198534011841,2.7734034061431885,0.43933454155921936,2.1064419746398926,2.778491497039795,0.046668507158756256,0.26187992095947266,0.3983868658542633,10000,10000,1.0,396.8743814812221,396.8743814812221,46300,True,375,187000,0.0,0.0,3,LEFT,greedy,33723,50142,53831,49500,13555,173641,0.0724107352721212,0,93598,2,2,396.8743814812221,426.01321571952184,2,2,,,3,LEFT,False,,
187196,dqn,658,,,9.0,9.0,0.05,0.0025863139890134335,2.047198534011841,2.7734034061431885,0.43933454155921936,2.1064419746398926,2.778491497039795,0.046668507158756256,0.26187992095947266,0.3983868658542633,10000,10000,1.0,396.87427725285204,396.87427725285204,46300,True,375,187000,0.0,0.0,3,LEFT,greedy,33723,50142,53831,49500,13555,173641,0.0724107352721212,1,93598,2,2,396.87427725285204,426.0131038386216,2,2,,,3,LEFT,False,,
187346,dqn,659,10.0,493,0.0,0.0,0.05,,,,,,,,,,10000,10000,1.0,396.8390972191066,396.8390972191066,46337,False,375,187000,0.0,0.0,3,LEFT,greedy,33759,50156,53873,49558,13561,173785,0.0723847853703842,1,93673,2,2,396.8390972191066,425.58455743600587,2,2,,,3,LEFT,False,,
187595,dqn,659,,,8.0,8.0,0.05,0.010330390185117722,2.016380786895752,3.0946781635284424,0.3291102349758148,2.0162525177001953,3.0203440189361572,0.06781287491321564,0.5948026776313782,0.6217387914657593,10000,10000,1.0,396.8547694680916,396.8547694680916,46400,True,376,187500,0.0,0.0,3,LEFT,greedy,33782,50212,53939,49663,13573,174023,0.0723522889613851,0,93798,2,2,396.8547694680916,424.95300774656437,2,2,,,3,LEFT,False,,
187596,dqn,659,,,2.0,2.0,0.05,0.010330390185117722,2.016380786895752,3.0946781635284424,0.3291102349758148,2.0162525177001953,3.0203440189361572,0.06781287491321564,0.5948026776313782,0.6217387914657593,10000,10000,1.0,396.854672558205,396.854672558205,46400,True,376,187500,0.0,0.0,3,LEFT,greedy,33782,50212,53939,49663,13573,174023,0.0723522889613851,1,93798,2,2,396.854672558205,424.952903975233,2,2,,,3,LEFT,False,,
187655,dqn,660,8.0,425,0.0,0.0,0.05,,,,,,,,,,10000,10000,1.0,396.85035300431895,396.85035300431895,46415,True,376,187500,0.0,0.0,1,FIRE,greedy,33786,50228,53955,49687,13579,174077,0.07236112887411007,0,93828,2,2,396.85035300431895,424.79322489834396,2,2,,,1,FIRE,False,,
187995,dqn,660,,,3.0,3.0,0.05,0.0027049053460359573,2.2935550212860107,3.2144904136657715,0.7736614942550659,2.3024816513061523,3.0812859535217285,0.05571475625038147,0.18072795867919922,0.31238874793052673,10000,10000,1.0,396.76990663299495,396.76990663299495,46500,True,376,187500,0.0,0.0,3,LEFT,greedy,33817,50339,54013,49827,13595,174401,0.07231536841209388,0,93998,2,2,396.76990663299495,423.83264788954335,2,2,,,3,LEFT,False,,
187996,dqn,660,,,6.0,6.0,0.05,0.0027049053460359573,2.2935550212860107,3.2144904136657715,0.7736614942550659,2.3024816513061523,3.0812859535217285,0.05571475625038147,0.18072795867919922,0.31238874793052673,10000,10000,1.0,396.7698080580451,396.7698080580451,46500,True,376,187500,0.0,0.0,3,LEFT,greedy,33817,50339,54013,49827,13595,174401,0.07231536841209388,1,93998,2,2,396.7698080580451,423.8325425910283,2,2,,,3,LEFT,False,,
188026,dqn,661,6.0,340,0.0,0.0,0.05,,,,,,,,,,10000,10000,1.0,396.76360684052577,396.76360684052577,46507,False,377,188000,0.0,0.0,3,LEFT,greedy,33817,50343,54030,49836,13598,174428,0.07231978556157127,1,94013,2,2,396.76360684052577,423.74908515550345,2,2,,,3,LEFT,False,,
188239,dqn,662,5.0,292,0.0,0.0,0.05,,,,,,,,,,10000,10000,1.0,396.76461139378233,396.76461139378233,46561,True,377,188000,0.0,0.0,1,FIRE,greedy,33851,50392,54080,49917,13613,174627,0.07231725456863579,0,94120,2,2,396.76461139378233,423.20359501793735,2,2,,,1,FIRE,False,,
188395,dqn,662,,,1.0,1.0,0.05,0.005251066293567419,2.128209114074707,3.200000047683716,0.4101320803165436,2.1814703941345215,3.267115592956543,0.0670197606086731,0.44328486919403076,0.5445769429206848,10000,10000,1.0,396.76812798737757,396.76812798737757,46600,True,377,188000,0.0,0.0,1,FIRE,fire_reset,33871,50440,54112,49973,13618,174778,0.07228391260960955,0,94198,2,2,396.76812798737757,422.8105810235191,2,2,,,1,FIRE,False,after_life_loss,
188396,dqn,662,,,3.0,3.0,0.05,0.005251066293567419,2.128209114074707,3.200000047683716,0.4101320803165436,2.1814703941345215,3.267115592956543,0.0670197606086731,0.44328486919403076,0.5445769429206848,10000,10000,1.0,396.7680051048104,396.7680051048104,46600,True,377,188000,0.0,0.0,2,RIGHT,greedy,33871,50440,54112,49973,13618,174778,0.07228391260960955,1,94198,2,2,396.7680051048104,422.8104500753759,2,2,,,2,RIGHT,False,,
188634,dqn,663,5.0,304,0.0,0.0,0.05,,,,,,,,,,10000,10000,1.0,396.7664393775481,396.7664393775481,46659,False,378,188500,0.0,0.0,2,RIGHT,greedy,33887,50470,54202,50075,13626,175008,0.07223512198225135,1,94317,2,2,396.7664393775481,422.20615410307795,2,2,,,2,RIGHT,False,,
188795,dqn,663,,,5.0,5.0,0.05,0.004485745914280415,2.1921849250793457,3.0332982540130615,0.8087733387947083,2.216585636138916,3.1920008659362793,0.0665966123342514,0.3137550354003906,0.3242570459842682,10000,10000,1.0,396.7722081307704,396.7722081307704,46700,True,378,188500,0.0,0.0,3,LEFT,greedy,33912,50509,54247,50128,13630,175166,0.07219432615097778,0,94398,2,2,396.7722081307704,421.80394278040075,2,2,,,3,LEFT,False,,
188796,dqn,663,,,2.0,2.0,0.05,0.004485745914280415,2.1921849250793457,3.0332982540130615,0.8087733387947083,2.216585636138916,3.1920008659362793,0.0665966123342514,0.3137550354003906,0.3242570459842682,10000,10000,1.0,396.77210530149216,396.77210530149216,46700,True,378,188500,0.0,0.0,2,RIGHT,greedy,33912,50509,54247,50128,13630,175166,0.07219432615097778,1,94398,2,2,396.77210530149216,421.80383346378505,2,2,,,2,RIGHT,False,,
188941,dqn,664,6.0,351,0.0,0.0,0.05,,,,,,,,,,10000,10000,1.0,396.7771297402752,396.7771297402752,46736,False,378,188500,0.0,0.0,2,RIGHT,greedy,33923,50529,54289,50201,13634,175308,0.07215971038731463,0,94471,2,2,396.7771297402752,421.4424256672162,2,2,,,2,RIGHT,False,,
189195,dqn,664,,,2.0,2.0,0.05,0.0022256888914853334,2.106508255004883,3.0409622192382812,1.1338720321655273,2.122929096221924,2.9864614009857178,0.04886463284492493,0.1928091049194336,0.14758391678333282,10000,10000,1.0,396.758052746596,396.758052746596,46800,True,379,189000,0.0,0.0,0,NOOP,greedy,34002,50589,54348,50257,13643,175553,0.07211040402545509,0,94598,2,2,396.758052746596,420.78701145480164,2,2,,,0,NOOP,False,,
189196,dqn,664,,,6.0,6.0,0.05,0.0022256888914853334,2.106508255004883,3.0409622192382812,1.1338720321655273,2.122929096221924,2.9864614009857178,0.04886463284492493,0.1928091049194336,0.14758391678333282,10000,10000,1.0,396.75795638626977,396.75795638626977,46800,True,379,189000,0.0,0.0,0,NOOP,greedy,34002,50589,54348,50257,13643,175553,0.07211040402545509,1,94598,2,2,396.75795638626977,420.7869092585805,2,2,,,0,NOOP,False,,
189582,dqn,665,9.0,474,0.0,0.0,0.05,,,,,,,,,,10000,10000,1.0,396.78625123604235,396.78625123604235,46896,False,380,189500,0.0,0.0,0,NOOP,greedy,34072,50687,54453,50370,13659,175923,0.0720479792385353,1,94791,2,2,396.78625123604235,419.85851556022067,2,2,,,0,NOOP,False,,
189595,dqn,665,,,7.0,7.0,0.05,0.004705406259745359,2.159160614013672,3.1386194229125977,0.7565777897834778,2.1675853729248047,3.098200798034668,0.05517534911632538,0.45653200149536133,0.45093849301338196,10000,10000,1.0,396.77340585766274,396.77340585766274,46900,True,380,189500,0.0,0.0,0,NOOP,greedy,34078,50689,54453,50376,13660,175936,0.07204793350070676,0,94798,2,2,396.77340585766274,419.81031885904184,2,2,,,0,NOOP,False,,
189596,dqn,665,,,0.0,0.0,0.05,0.004705406259745359,2.159160614013672,3.1386194229125977,0.7565777897834778,2.1675853729248047,3.098200798034668,0.05517534911632538,0.45653200149536133,0.45093849301338196,10000,10000,1.0,396.77330658139283,396.77330658139283,46900,True,380,189500,0.0,0.0,3,LEFT,greedy,34078,50689,54453,50376,13660,175936,0.07204793350070676,1,94798,2,2,396.77330658139283,419.8102138187294,2,2,,,3,LEFT,False,,
189995,dqn,665,,,11.0,11.0,0.05,0.0024528787471354008,2.0314786434173584,3.2204747200012207,0.974659264087677,2.0844063758850098,3.2163708209991455,0.05182192474603653,0.23665869235992432,0.358827143907547,10000,10000,1.0,396.8962653834215,396.8962653834215,47000,True,380,189500,0.0,0.0,0,NOOP,greedy,34142,50776,54584,50494,13683,176313,0.0720173056274869,0,94998,2,2,396.8962653834215,418.9558582480808,2,2,,,0,NOOP,False,,
189996,dqn,665,,,3.0,3.0,0.05,0.0024528787471354008,2.0314786434173584,3.2204747200012207,0.974659264087677,2.0844063758850098,3.2163708209991455,0.05182192474603653,0.23665869235992432,0.358827143907547,10000,10000,1.0,396.89616438671806,396.89616438671806,47000,True,380,189500,0.0,0.0,3,LEFT,greedy,34142,50776,54584,50494,13683,176313,0.0720173056274869,1,94998,2,2,396.89616438671806,418.9557516379555,2,2,,,3,LEFT,False,,
190277,dqn,666,14.0,668,0.0,0.0,0.05,,,,,,,,,,10000,10000,1.0,396.92304715674896,396.92304715674896,47070,False,381,190000,0.0,0.0,1,FIRE,greedy,34189,50891,54629,50569,13699,176579,0.07199466044419219,0,95139,2,2,396.92304715674896,418.2952854897753,2,2,,,1,FIRE,False,,
190395,dqn,666,,,1.0,1.0,0.05,0.0018582516349852085,2.075437068939209,2.9321799278259277,0.6415830254554749,2.0972800254821777,3.0563676357269287,0.03648452088236809,0.2693352699279785,0.21700024604797363,10000,10000,1.0,396.93604820272293,396.93604820272293,47100,True,381,190000,0.0,0.0,3,LEFT,random,34230,50912,54648,50606,13705,176691,0.07198155423433265,0,95198,2,2,396.93604820272293,418.0220133280546,2,2,,,3,LEFT,False,,
190396,dqn,666,,,8.0,8.0,0.05,0.0018582516349852085,2.075437068939209,2.9321799278259277,0.6415830254554749,2.0972800254821777,3.0563676357269287,0.03648452088236809,0.2693352699279785,0.21700024604797363,10000,10000,1.0,396.935939789516,396.935939789516,47100,True,381,190000,0.0,0.0,3,LEFT,greedy,34230,50912,54648,50606,13705,176691,0.07198155423433265,1,95198,2,2,396.935939789516,418.02189915574075,2,2,,,3,LEFT,False,,
190795,dqn,666,,,5.0,5.0,0.05,0.002402658574283123,2.1783864498138428,2.931885242462158,0.6281882524490356,2.192383289337158,2.9250669479370117,0.05087839066982269,0.25335681438446045,0.14013886451721191,10000,10000,1.0,397.0106518126465,397.0106518126465,47200,True,382,190500,0.0,0.0,2,RIGHT,greedy,34311,50998,54758,50729,13722,177074,0.07191974674521479,0,95398,2,2,397.0106518126465,417.13315742568886,2,2,,,2,RIGHT,False,,
190796,dqn,666,,,15.0,12.0,0.05,0.002402658574283123,2.1783864498138428,2.931885242462158,0.6281882524490356,2.192383289337158,2.9250669479370117,0.05087839066982269,0.25335681438446045,0.14013886451721191,10000,10000,1.0,397.01055876536043,397.01055876536043,47200,True,382,190500,4.0,1.0,3,LEFT,greedy,34311,50998,54758,50729,13722,177074,0.07191974674521479,1,95398,2,2,397.01055876536043,417.1330596622963,2,2,,,3,LEFT,False,,
190864,dqn,667,15.0,641,0.0,0.0,0.05,,,,,,,,,,10000,10000,1.0,397.017027698057,397.017027698057,47217,True,382,190500,0.0,0.0,1,FIRE,greedy,34313,51028,54773,50750,13724,177140,0.07190460222986,1,95432,2,2,397.017027698057,416.97623907467175,2,2,,,1,FIRE,False,,
191047,dqn,668,7.0,385,0.0,0.0,0.05,,,,,,,,,,10000,10000,1.0,397.0321366368558,397.0321366368558,47263,True,383,191000,0.0,0.0,1,FIRE,greedy,34329,51101,54820,50798,13729,177319,0.07186152171182111,0,95524,2,2,397.0321366368558,416.550586724574,2,2,,,1,FIRE,False,,
191195,dqn,668,,,1.0,1.0,0.05,0.0017666518688201904,1.800710678100586,2.8358986377716064,0.40064239501953125,1.821915626525879,2.9283175468444824,0.04075882211327553,0.15400418639183044,0.16688939929008484,10000,10000,1.0,397.0450325304035,397.0450325304035,47300,True,383,191000,0.0,0.0,0,NOOP,greedy,34400,51132,54846,50818,13736,177460,0.07184250716542187,0,95598,2,2,397.0450325304035,416.21026163254436,2,2,,,0,NOOP,False,,
191196,dqn,668,,,4.0,4.0,0.05,0.0017666518688201904,1.800710678100586,2.8358986377716064,0.40064239501953125,1.821915626525879,2.9283175468444824,0.04075882211327553,0.15400418639183044,0.16688939929008484,10000,10000,1.0,397.0449320968747,397.0449320968747,47300,True,383,191000,0.0,0.0,1,FIRE,greedy,34400,51132,54846,50818,13736,177460,0.07184250716542187,1,95598,2,2,397.0449320968747,416.21015635112315,2,2,,,1,FIRE,False,,
191595,dqn,668,,,6.0,6.0,0.05,0.0030779128428548574,2.078457832336426,3.1955618858337402,0.2702059745788574,2.1267995834350586,3.0674936771392822,0.06566183269023895,0.14950156211853027,0.2848505973815918,10000,10000,1.0,397.19420945421933,397.19420945421933,47400,True,384,191500,0.0,0.0,1,FIRE,greedy,34504,51213,54945,50934,13754,177842,0.07178646735839997,0,95798,2,2,397.19420945421933,415.4156390813497,2,2,,,1,FIRE,False,,
191596,dqn,668,,,8.0,8.0,0.05,0.0030779128428548574,2.078457832336426,3.1955618858337402,0.2702059745788574,2.1267995834350586,3.0674936771392822,0.06566183269023895,0.14950156211853027,0.2848505973815918,10000,10000,1.0,397.19411368991354,397.19411368991354,47400,True,384,191500,0.0,0.0,2,RIGHT,greedy,34504,51213,54945,50934,13754,177842,0.07178646735839997,1,95798,2,2,397.19411368991354,415.4155389238213,2,2,,,2,RIGHT,False,,
191995,dqn,668,,,10.0,10.0,0.05,0.002322244690731168,1.9905658960342407,2.846435546875,0.5842011570930481,2.0156350135803223,2.8691306114196777,0.05009455233812332,0.1978393793106079,0.14606201648712158,10000,10000,1.0,397.3084123165246,397.3084123165246,47500,True,384,191500,0.0,0.0,2,RIGHT,greedy,34587,51262,55075,51072,13774,178222,0.07174107793912374,0,95998,2,2,397.3084123165246,414.5920797160934,2,2,,,2,RIGHT,False,,
191996,dqn,668,,,12.0,12.0,0.05,0.002322244690731168,1.9905658960342407,2.846435546875,0.5842011570930481,2.0156350135803223,2.8691306114196777,0.05009455233812332,0.1978393793106079,0.14606201648712158,10000,10000,1.0,397.3083198305806,397.3083198305806,47500,True,384,191500,0.0,0.0,3,LEFT,greedy,34587,51262,55075,51072,13774,178222,0.07174107793912374,1,95998,2,2,397.3083198305806,414.59198320683595,2,2,,,3,LEFT,False,,
192125,dqn,669,15.0,539,0.0,0.0,0.05,,,,,,,,,,10000,10000,1.0,397.3309459536287,397.3309459536287,47532,False,385,192000,0.0,0.0,1,FIRE,greedy,34600,51293,55120,51113,13787,178339,0.07176019903604926,0,96063,2,2,397.3309459536287,414.31086404645197,2,2,,,1,FIRE,False,,
192188,dqn,670,14.0,662,0.0,0.0,0.05,,,,,,,,,,10000,10000,1.0,397.3388025522479,397.3388025522479,47548,True,385,192000,0.0,0.0,1,FIRE,greedy,34608,51314,55129,51137,13791,178397,0.07175786209336692,1,96094,2,2,397.3388025522479,414.17402365227264,2,2,,,1,FIRE,False,,
192395,dqn,670,,,2.0,2.0,0.05,0.002757298992946744,2.0749611854553223,3.0304439067840576,0.17780931293964386,2.0742170810699463,3.122627019882202,0.058367252349853516,0.20374691486358643,0.28438901901245117,10000,10000,1.0,397.3717945797251,397.3717945797251,47600,True,385,192000,0.0,0.0,1,FIRE,random,34653,51374,55195,51174,13800,178596,0.0717270629327013,0,96198,2,2,397.3717945797251,413.72323363544297,2,2,,,1,FIRE,False,,
192396,dqn,670,,,2.0,2.0,0.05,0.002757298992946744,2.0749611854553223,3.0304439067840576,0.17780931293964386,2.0742170810699463,3.122627019882202,0.058367252349853516,0.20374691486358643,0.28438901901245117,10000,10000,1.0,397.3716869134151,397.3716869134151,47600,True,385,192000,0.0,0.0,0,NOOP,greedy,34653,51374,55195,51174,13800,178596,0.0717270629327013,1,96198,2,2,397.3716869134151,413.72312153877556,2,2,,,0,NOOP,False,,
192795,dqn,670,,,6.0,6.0,0.05,0.002729828003793955,2.1002604961395264,3.1853723526000977,0.4617917239665985,2.147958517074585,3.4260060787200928,0.05297587066888809,0.2526125907897949,0.4224660098552704,10000,10000,1.0,397.337989446048,397.337989446048,47700,True,386,192500,0.0,0.0,0,NOOP,greedy,34744,51434,55309,51309,13824,178972,0.07170273242183448,0,96398,2,2,397.337989446048,412.76119128647935,2,2,,,0,NOOP,False,,
192796,dqn,670,,,7.0,7.0,0.05,0.002729828003793955,2.1002604961395264,3.1853723526000977,0.4617917239665985,2.147958517074585,3.4260060787200928,0.05297587066888809,0.2526125907897949,0.4224660098552704,10000,10000,1.0,397.337897743779,397.337897743779,47700,True,386,192500,0.0,0.0,0,NOOP,greedy,34744,51434,55309,51309,13824,178972,0.07170273242183448,1,96398,2,2,397.337897743779,412.761096024665,2,2,,,0,NOOP,False,,
192901,dqn,671,7.0,388,0.0,0.0,0.05,,,,,,,,,,10000,10000,1.0,397.32292909670963,397.32292909670963,47726,False,386,192500,0.0,0.0,1,FIRE,greedy,34767,51457,55335,51343,13827,179075,0.07167888357818997,0,96451,2,2,397.32292909670963,412.5012791361514,2,2,,,1,FIRE,False,,
193195,dqn,671,,,3.0,3.0,0.05,0.003082619048655033,2.0139408111572266,3.14097261428833,0.8108812570571899,2.065871238708496,3.1662838459014893,0.055201493203639984,0.25670456886291504,0.355872243642807,10000,10000,1.0,397.2740021022783,397.2740021022783,47800,True,387,193000,0.0,0.0,0,NOOP,greedy,34837,51498,55434,51427,13838,179358,0.07162674175448767,0,96598,2,2,397.2740021022783,411.77597810073263,2,2,,,0,NOOP,False,,
193196,dqn,671,,,15.0,12.0,0.05,0.003082619048655033,2.0139408111572266,3.14097261428833,0.8108812570571899,2.065871238708496,3.1662838459014893,0.055201493203639984,0.25670456886291504,0.355872243642807,10000,10000,1.0,397.2739010010781,397.2739010010781,47800,True,387,193000,0.0,0.0,1,FIRE,greedy,34837,51498,55434,51427,13838,179358,0.07162674175448767,1,96598,2,2,397.2739010010781,411.7758733089633,2,2,,,1,FIRE,False,,
193490,dqn,672,17.0,651,0.0,0.0,0.05,,,,,,,,,,10000,10000,1.0,397.1564630390028,397.1564630390028,47873,False,387,193000,0.0,0.0,1,FIRE,greedy,34951,51544,55505,51490,13854,179636,0.07160059951418678,1,96745,2,2,397.1564630390028,410.98408403795406,2,2,,,1,FIRE,False,,
193595,dqn,672,,,7.0,7.0,0.05,0.001495183794759214,1.9731374979019165,3.0269088745117188,0.5969752669334412,1.9818291664123535,2.937028169631958,0.04342073202133179,0.13652139902114868,0.173024520277977,10000,10000,1.0,397.10487027733546,397.10487027733546,47900,True,388,193500,0.0,0.0,3,LEFT,greedy,34970,51563,55538,51525,13861,179735,0.07159755366846422,0,96798,2,2,397.10487027733546,410.6901708738142,2,2,,,3,LEFT,False,,
193596,dqn,672,,,1.0,1.0,0.05,0.001495183794759214,1.9731374979019165,3.0269088745117188,0.5969752669334412,1.9818291664123535,2.937028169631958,0.04342073202133179,0.13652139902114868,0.173024520277977,10000,10000,1.0,397.10477222095733,397.10477222095733,47900,True,388,193500,0.0,0.0,2,RIGHT,greedy,34970,51563,55538,51525,13861,179735,0.07159755366846422,1,96798,2,2,397.10477222095733,410.69006946284276,2,2,,,2,RIGHT,False,,
193995,dqn,672,,,11.0,11.0,0.05,0.003560447134077549,2.004034996032715,3.0007245540618896,0.2550070285797119,1.9920399188995361,3.0093295574188232,0.06633317470550537,0.24082469940185547,0.4158441126346588,10000,10000,1.0,397.0392241510964,397.0392241510964,48000,True,388,193500,0.0,0.0,3,LEFT,greedy,35078,51633,55646,51639,13881,180115,0.07155302171178787,0,96998,2,2,397.0392241510964,409.71967598842554,2,2,,,3,LEFT,False,,
193996,dqn,672,,,5.0,5.0,0.05,0.003560447134077549,2.004034996032715,3.0007245540618896,0.2550070285797119,1.9920399188995361,3.0093295574188232,0.06633317470550537,0.24082469940185547,0.4158441126346588,10000,10000,1.0,397.0391307368464,397.0391307368464,48000,True,388,193500,0.0,0.0,2,RIGHT,greedy,35078,51633,55646,51639,13881,180115,0.07155302171178787,1,96998,2,2,397.0391307368464,409.7195795907552,2,2,,,2,RIGHT,False,,
194117,dqn,673,13.0,608,0.0,0.0,0.05,,,,,,,,,,10000,10000,1.0,397.0227980948688,397.0227980948688,48030,False,389,194000,0.0,0.0,0,NOOP,greedy,35104,51647,55685,51682,13888,180230,0.07154411234403817,0,97059,2,2,397.0227980948688,409.42896959444386,2,2,,,0,NOOP,False,,
194395,dqn,673,,,2.0,2.0,0.05,0.0016428242670372128,2.001314401626587,3.1017422676086426,-0.11558032035827637,2.0335586071014404,3.1922316551208496,0.048328910022974014,0.1034696102142334,0.14924292266368866,10000,10000,1.0,396.9627311447385,396.9627311447385,48100,True,389,194000,0.0,0.0,3,LEFT,greedy,35151,51705,55767,51773,13899,180497,0.07149838474042676,0,97198,2,2,396.9627311447385,408.74595895807335,2,2,,,3,LEFT,False,,
194396,dqn,673,,,10.0,10.0,0.05,0.0016428242670372128,2.001314401626587,3.1017422676086426,-0.11558032035827637,2.0335586071014404,3.1922316551208496,0.048328910022974014,0.1034696102142334,0.14924292266368866,10000,10000,1.0,396.9626396643925,396.9626396643925,48100,True,389,194000,0.0,0.0,2,RIGHT,greedy,35151,51705,55767,51773,13899,180497,0.07149838474042676,1,97198,2,2,396.9626396643925,408.7458647622741,2,2,,,2,RIGHT,False,,
194614,dqn,674,13.0,562,0.0,0.0,0.05,,,,,,,,,,10000,10000,1.0,396.9652925998446,396.9652925998446,48154,False,390,194500,0.0,0.0,2,RIGHT,greedy,35185,51724,55851,51854,13903,180711,0.07143884818152857,1,97307,2,2,396.9652925998446,408.2641229312055,2,2,,,2,RIGHT,False,,
194795,dqn,674,,,7.0,7.0,0.05,0.0020231353119015694,2.2404277324676514,3.0332741737365723,1.0778039693832397,2.212005138397217,2.9779903888702393,0.051177650690078735,0.18361568450927734,0.5345219969749451,10000,10000,1.0,396.9590727372732,396.9590727372732,48200,True,390,194500,0.0,0.0,3,LEFT,greedy,35213,51815,55883,51885,13909,180887,0.07140290355038091,0,97398,2,2,396.9590727372732,407.8549703201077,2,2,,,3,LEFT,False,,
194796,dqn,674,,,1.0,1.0,0.05,0.0020231353119015694,2.2404277324676514,3.0332741737365723,1.0778039693832397,2.212005138397217,2.9779903888702393,0.051177650690078735,0.18361568450927734,0.5345219969749451,10000,10000,1.0,396.9589774894924,396.9589774894924,48200,True,390,194500,0.0,0.0,3,LEFT,greedy,35213,51815,55883,51885,13909,180887,0.07140290355038091,1,97398,2,2,396.9589774894924,407.8548724579263,2,2,,,3,LEFT,False,,
194957,dqn,675,8.0,420,0.0,0.0,0.05,,,,,,,,,,10000,10000,1.0,397.00156563409786,397.00156563409786,48240,False,390,194500,0.0,0.0,2,RIGHT,random,35227,51845,55947,51939,13913,181045,0.0713640886755096,0,97479,2,2,397.00156563409786,407.5413932101163,2,2,,,2,RIGHT,False,,
195195,dqn,675,,,2.0,2.0,0.05,0.0018117435975000262,2.133518695831299,3.2727465629577637,0.7264755368232727,2.1682772636413574,3.25441575050354,0.048014018684625626,0.16159141063690186,0.2594936490058899,10000,10000,1.0,397.06229492813037,397.06229492813037,48300,True,391,195000,0.0,0.0,3,LEFT,greedy,35275,51920,56001,52000,13918,181278,0.07130269062890633,0,97598,2,2,397.06229492813037,407.08103135001124,2,2,,,3,LEFT,False,,
195196,dqn,675,,,5.0,5.0,0.05,0.0018117435975000262,2.133518695831299,3.2727465629577637,0.7264755368232727,2.1682772636413574,3.25441575050354,0.048014018684625626,0.16159141063690186,0.2594936490058899,10000,10000,1.0,397.06220069331135,397.06220069331135,48300,True,391,195000,0.0,0.0,0,NOOP,greedy,35275,51920,56001,52000,13918,181278,0.07130269062890633,1,97598,2,2,397.06220069331135,407.08093473744486,2,2,,,0,NOOP,False,,
195524,dqn,676,9.0,455,0.0,0.0,0.05,,,,,,,,,,10000,10000,1.0,397.15085810408203,397.15085810408203,48382,True,392,195500,0.0,0.0,0,NOOP,greedy,35356,51971,56097,52100,13933,181591,0.07125979419406313,1,97762,2,2,397.15085810408203,406.4555733634612,2,2,,,0,NOOP,False,,
195595,dqn,676,,,6.0,6.0,0.05,0.0011874681804329157,2.173095703125,3.209723472595215,0.5533572435379028,2.1973204612731934,3.214709520339966,0.03707919642329216,0.12148332595825195,0.1512589156627655,10000,10000,1.0,397.15526882380794,397.15526882380794,48400,True,392,195500,0.0,0.0,2,RIGHT,greedy,35365,51989,56114,52128,13937,181659,0.07125401337450664,0,97798,2,2,397.15526882380794,406.303516678844,2,2,,,2,RIGHT,False,,
195596,dqn,676,,,1.0,1.0,0.05,0.0011874681804329157,2.173095703125,3.209723472595215,0.5533572435379028,2.1973204612731934,3.214709520339966,0.03707919642329216,0.12148332595825195,0.1512589156627655,10000,10000,1.0,397.1551769193422,397.1551769193422,48400,True,392,195500,0.0,0.0,1,FIRE,greedy,35365,51989,56114,52128,13937,181659,0.07125401337450664,1,97798,2,2,397.1551769193422,406.30342265741064,2,2,,,1,FIRE,False,,
195995,dqn,676,,,10.0,10.0,0.05,0.0017330986447632313,2.0220115184783936,3.3966217041015625,0.787299633026123,2.020855188369751,3.235208511352539,0.04573182761669159,0.16213417053222656,0.2580898404121399,10000,10000,1.0,397.27430412809315,397.27430412809315,48500,True,392,195500,0.0,0.0,0,NOOP,greedy,35472,52080,56218,52226,13959,182037,0.07122084124165799,0,97998,2,2,397.27430412809315,405.5594738941714,2,2,,,0,NOOP,False,,
195996,dqn,676,,,4.0,4.0,0.05,0.0017330986447632313,2.0220115184783936,3.3966217041015625,0.787299633026123,2.020855188369751,3.235208511352539,0.04573182761669159,0.16213417053222656,0.2580898404121399,10000,10000,1.0,397.274214853463,397.274214853463,48500,True,392,195500,0.0,0.0,0,NOOP,greedy,35472,52080,56218,52226,13959,182037,0.07122084124165799,1,97998,2,2,397.274214853463,405.5593827577156,2,2,,,0,NOOP,False,,
196213,dqn,677,19.0,628,0.0,0.0,0.05,,,,,,,,,,10000,10000,1.0,397.34589084233875,397.34589084233875,48554,False,393,196000,0.0,0.0,1,FIRE,greedy,35525,52123,56274,52292,13968,182246,0.0711875809065612,0,98107,2,2,397.34589084233875,405.1636280881091,2,2,,,1,FIRE,False,,
196314,dqn,678,7.0,395,0.0,0.0,0.05,,,,,,,,,,10000,10000,1.0,397.36455732289534,397.36455732289534,48579,False,393,196000,0.0,0.0,0,NOOP,greedy,35564,52133,56312,52305,13971,182343,0.0711666004462239,1,98157,2,2,397.36455732289534,404.9682585412654,2,2,,,0,NOOP,False,,
196395,dqn,678,,,2.0,2.0,0.05,0.0037535883020609617,2.0721991062164307,3.387826442718506,-0.08207978308200836,2.0729596614837646,3.3787291049957275,0.0636054128408432,0.24708032608032227,0.3410784900188446,10000,10000,1.0,397.3920467134656,397.3920467134656,48600,True,393,196000,0.0,0.0,0,NOOP,greedy,35575,52154,56349,52318,13978,182418,0.07117252897207682,0,98198,2,2,397.3920467134656,404.8207830529161,2,2,,,0,NOOP,False,,
196396,dqn,678,,,1.0,1.0,0.05,0.0037535883020609617,2.0721991062164307,3.387826442718506,-0.08207978308200836,2.0729596614837646,3.3787291049957275,0.0636054128408432,0.24708032608032227,0.3410784900188446,10000,10000,1.0,397.39195546339846,397.39195546339846,48600,True,393,196000,0.0,0.0,3,LEFT,greedy,35575,52154,56349,52318,13978,182418,0.07117252897207682,1,98198,2,2,397.39195546339846,404.82069009704554,2,2,,,3,LEFT,False,,
196795,dqn,678,,,7.0,7.0,0.05,0.004060420673340559,2.0444412231445312,3.353368043899536,0.2378368079662323,2.0707430839538574,3.3861143589019775,0.05928654223680496,0.29210805892944336,0.2610529363155365,10000,10000,1.0,397.4488938211937,397.4488938211937,48700,True,394,196500,0.0,0.0,2,RIGHT,greedy,35668,52221,56473,52434,14000,182796,0.07113965731010793,0,98398,2,2,397.4488938211937,404.0267805923573,2,2,,,2,RIGHT,False,,
196796,dqn,678,,,5.0,5.0,0.05,0.004060420673340559,2.0444412231445312,3.353368043899536,0.2378368079662323,2.0707430839538574,3.3861143589019775,0.05928654223680496,0.29210805892944336,0.2610529363155365,10000,10000,1.0,397.4487957412241,397.4487957412241,48700,True,394,196500,0.0,0.0,3,LEFT,greedy,35668,52221,56473,52434,14000,182796,0.07113965731010793,1,98398,2,2,397.4487957412241,404.02668088913765,2,2,,,3,LEFT,False,,
197195,dqn,678,,,11.0,11.0,0.05,0.00200056959874928,2.0711636543273926,2.9716529846191406,0.781853199005127,2.0856175422668457,3.0605123043060303,0.05175149440765381,0.15810275077819824,0.13423573970794678,10000,10000,1.0,397.5469512536549,397.5469512536549,48800,True,395,197000,0.0,0.0,1,FIRE,greedy,35816,52324,56556,52500,14019,183177,0.07109170571411184,0,98598,2,2,397.5469512536549,403.2813521102501,2,2,,,1,FIRE,False,,
197196,dqn,678,,,9.0,9.0,0.05,0.00200056959874928,2.0711636543273926,2.9716529846191406,0.781853199005127,2.0856175422668457,3.0605123043060303,0.05175149440765381,0.15810275077819824,0.13423573970794678,10000,10000,1.0,397.5468593832475,397.5468593832475,48800,True,395,197000,0.0,0.0,0,NOOP,greedy,35816,52324,56556,52500,14019,183177,0.07109170571411184,1,98598,2,2,397.5468593832475,403.2812589146615,2,2,,,0,NOOP,False,,
197471,dqn,679,14.0,629,0.0,0.0,0.05,,,,,,,,,,10000,10000,1.0,397.5885704982476,397.5885704982476,48869,True,395,197000,0.0,0.0,0,NOOP,greedy,35904,52420,56604,52544,14037,183435,0.07108349538162373,0,98736,2,2,397.5885704982476,402.7444301616359,2,2,,,0,NOOP,False,,
197518,dqn,680,12.0,602,0.0,0.0,0.05,,,,,,,,,,10000,10000,1.0,397.5753981878956,397.5753981878956,48880,False,396,197500,0.0,0.0,3,LEFT,greedy,35910,52430,56620,52558,14039,183479,0.07107706639394891,1,98759,2,2,397.5753981878956,402.63488535079046,2,2,,,3,LEFT,False,,
197595,dqn,680,,,1.0,1.0,0.05,0.012726640328764915,1.9870657920837402,3.1502599716186523,0.7915404438972473,1.972233533859253,3.2455196380615234,0.07477118819952011,0.8237156867980957,0.4924854338169098,10000,10000,1.0,397.5514244170861,397.5514244170861,48900,True,396,197500,0.0,0.0,0,NOOP,greedy,35941,52442,56633,52580,14043,183553,0.07106925241401647,0,98798,2,2,397.5514244170861,402.44769897904905,2,2,,,0,NOOP,False,,
197596,dqn,680,,,1.0,1.0,0.05,0.012726640328764915,1.9870657920837402,3.1502599716186523,0.7915404438972473,1.972233533859253,3.2455196380615234,0.07477118819952011,0.8237156867980957,0.4924854338169098,10000,10000,1.0,397.5512375379179,397.5512375379179,48900,True,396,197500,0.0,0.0,2,RIGHT,greedy,35941,52442,56633,52580,14043,183553,0.07106925241401647,1,98798,2,2,397.5512375379179,402.4475097982624,2,2,,,2,RIGHT,False,,
197995,dqn,680,,,5.0,5.0,0.05,0.002019390696659684,2.210031032562256,3.412750005722046,1.0544137954711914,2.2244176864624023,3.41555118560791,0.05108213424682617,0.1926863193511963,0.13946203887462616,10000,10000,1.0,397.53583214182527,397.53583214182527,49000,True,396,197500,0.0,0.0,2,RIGHT,greedy,36014,52556,56750,52676,14065,183931,0.07103678862199236,0,98998,2,2,397.53583214182527,401.6005991099271,2,2,,,2,RIGHT,False,,
197996,dqn,680,,,3.0,3.0,0.05,0.002019390696659684,2.210031032562256,3.412750005722046,1.0544137954711914,2.2244176864624023,3.41555118560791,0.05108213424682617,0.1926863193511963,0.13946203887462616,10000,10000,1.0,397.5357432842553,397.5357432842553,49000,True,396,197500,0.0,0.0,2,RIGHT,greedy,36014,52556,56750,52676,14065,183931,0.07103678862199236,1,98998,2,2,397.5357432842553,401.6005093437968,2,2,,,2,RIGHT,False,,
198216,dqn,681,6.0,349,0.0,0.0,0.05,,,,,,,,,,10000,10000,1.0,397.5316765377942,397.5316765377942,49055,True,397,198000,0.0,0.0,2,RIGHT,greedy,36058,52599,56818,52741,14071,184145,0.07098821487670016,1,99108,2,2,397.5316765377942,401.1420684848468,2,2,,,2,RIGHT,False,,
198395,dqn,681,,,9.0,9.0,0.05,0.0019450854742899537,2.063412666320801,3.0262324810028076,0.6190014481544495,2.077003002166748,3.079150438308716,0.046852223575115204,0.1623755693435669,0.23245197534561157,10000,10000,1.0,397.5218408610822,397.5218408610822,49100,True,397,198000,0.0,0.0,3,LEFT,greedy,36098,52637,56869,52792,14081,184315,0.07097421318978205,0,99198,2,2,397.5218408610822,400.7619371695763,2,2,,,3,LEFT,False,,
198396,dqn,681,,,2.0,2.0,0.05,0.0019450854742899537,2.063412666320801,3.0262324810028076,0.6190014481544495,2.077003002166748,3.079150438308716,0.046852223575115204,0.1623755693435669,0.23245197534561157,10000,10000,1.0,397.5217541373873,397.5217541373873,49100,True,397,198000,0.0,0.0,3,LEFT,greedy,36098,52637,56869,52792,14081,184315,0.07097421318978205,1,99198,2,2,397.5217541373873,400.76184973901934,2,2,,,3,LEFT,False,,
198509,dqn,682,10.0,519,0.0,0.0,0.05,,,,,,,,,,10000,10000,1.0,397.515161497128,397.515161497128,49128,False,398,198500,0.0,0.0,3,LEFT,greedy,36116,52656,56907,52831,14087,184423,0.07096367941161655,0,99255,2,2,397.515161497128,400.5214430453501,2,2,,,3,LEFT,False,,
198795,dqn,682,,,3.0,3.0,0.05,0.0030247559770941734,2.181206226348877,3.3372039794921875,0.8251846432685852,2.2295303344726562,3.346818685531616,0.059273481369018555,0.19217991828918457,0.4771699905395508,10000,10000,1.0,397.51907906607534,397.51907906607534,49200,True,398,198500,0.0,0.0,0,NOOP,greedy,36172,52762,56969,52893,14104,184692,0.07094710155133906,0,99398,2,2,397.51907906607534,399.9413075530361,2,2,,,0,NOOP,False,,
198796,dqn,682,,,6.0,6.0,0.05,0.0030247559770941734,2.181206226348877,3.3372039794921875,0.8251846432685852,2.2295303344726562,3.346818685531616,0.059273481369018555,0.19217991828918457,0.4771699905395508,10000,10000,1.0,397.51898741622176,397.51898741622176,49200,True,398,198500,0.0,0.0,3,LEFT,greedy,36172,52762,56969,52893,14104,184692,0.07094710155133906,1,99398,2,2,397.51898741622176,399.9412153447266,2,2,,,3,LEFT,False,,
199126,dqn,683,12.0,455,0.0,0.0,0.05,,,,,,,,,,10000,10000,1.0,397.4842519720276,397.4842519720276,49282,False,399,199000,0.0,0.0,3,LEFT,greedy,36226,52800,57088,53012,14123,185003,0.07092494199652481,1,99563,2,2,397.4842519720276,399.2365734427999,2,2,,,3,LEFT,False,,
199195,dqn,683,,,11.0,8.0,0.05,0.006561425514519215,2.0504112243652344,3.2234086990356445,0.5521124601364136,2.1163313388824463,3.235135316848755,0.07471168786287308,0.511652946472168,0.6782001852989197,10000,10000,1.0,397.4754172326732,397.4754172326732,49300,True,399,199000,0.0,0.0,2,RIGHT,greedy,36245,52809,57115,53027,14127,185069,0.0709200987971646,0,99598,2,2,397.4754172326732,399.08621925823405,2,2,,,2,RIGHT,False,,
199196,dqn,683,,,0.0,0.0,0.05,0.006561425514519215,2.0504112243652344,3.2234086990356445,0.5521124601364136,2.1163313388824463,3.235135316848755,0.07471168786287308,0.511652946472168,0.6782001852989197,10000,10000,1.0,397.47533250262893,397.47533250262893,49300,True,399,199000,0.0,0.0,0,NOOP,greedy,36245,52809,57115,53027,14127,185069,0.0709200987971646,1,99598,2,2,397.47533250262893,399.0861341848143,2,2,,,0,NOOP,False,,
199595,dqn,683,,,21.0,12.0,0.05,0.002215656917542219,2.053098678588867,3.2848315238952637,0.08685175329446793,2.0873143672943115,3.254636287689209,0.05155128985643387,0.17603802680969238,0.2185259461402893,10000,10000,1.0,397.5049480179814,397.5049480179814,49400,True,400,199500,0.0,0.0,2,RIGHT,greedy,36343,52860,57240,53153,14150,185446,0.07089320427263071,0,99798,2,2,397.5049480179814,398.31116513011074,2,2,,,2,RIGHT,False,,
199596,dqn,683,,,5.0,5.0,0.05,0.002215656917542219,2.053098678588867,3.2848315238952637,0.08685175329446793,2.0873143672943115,3.254636287689209,0.05155128985643387,0.17603802680969238,0.2185259461402893,10000,10000,1.0,397.50485441386024,397.50485441386024,49400,True,400,199500,0.0,0.0,1,FIRE,random,36343,52860,57240,53153,14150,185446,0.07089320427263071,1,99798,2,2,397.50485441386024,398.3110713361423,2,2,,,1,FIRE,False,,
199609,dqn,684,21.0,550,0.0,0.0,0.05,,,,,,,,,,10000,10000,1.0,397.49550155797033,397.49550155797033,49403,False,400,199500,0.0,0.0,3,LEFT,greedy,36343,52860,57246,53161,14150,185460,0.07088823205250237,0,99805,2,2,397.49550155797033,398.2736525749747,2,2,,,3,LEFT,False,,
199995,dqn,684,,,4.0,4.0,0.05,0.0034800164867192507,2.1206464767456055,3.340332508087158,0.3832114338874817,2.1471927165985107,3.3442440032958984,0.060143984854221344,0.23847103118896484,0.25887638330459595,10000,10000,1.0,397.4146976066073,397.4146976066073,49500,True,400,199500,0.0,0.0,1,FIRE,greedy,36431,52913,57375,53277,14174,185822,0.07087141742834857,0,99998,2,2,397.4146976066073,397.4226462185039,2,2,,,1,FIRE,False,,
199996,dqn,684,,,10.0,10.0,0.05,0.0034800164867192507,2.1206464767456055,3.340332508087158,0.3832114338874817,2.1471927165985107,3.3442440032958984,0.060143984854221344,0.23847103118896484,0.25887638330459595,10000,10000,1.0,397.41460331344183,397.41460331344183,49500,True,400,199500,0.0,0.0,0,NOOP,greedy,36431,52913,57375,53277,14174,185822,0.07087141742834857,1,99998,2,2,397.41460331344183,397.4225519234525,2,2,,,0,NOOP,False,,
200252,dqn,685,12.0,563,0.0,0.0,0.05,,,,,,,,,,10000,10000,1.0,397.4465652695528,397.4465652695528,49564,True,401,200000,0.0,0.0,0,NOOP,greedy,36529,52944,57440,53339,14192,186060,0.07087070291432794,1,100126,2,2,397.4465652695528,396.9470413974708,2,2,,,0,NOOP,False,,
200395,dqn,685,,,7.0,7.0,0.05,0.004652426112443209,2.162198543548584,3.1842503547668457,1.205561876296997,2.1730449199676514,3.377851724624634,0.07122468203306198,0.3352905511856079,0.25971555709838867,10000,10000,1.0,397.44791676070514,397.44791676070514,49600,True,401,200000,0.0,0.0,3,LEFT,greedy,36554,52984,57484,53374,14199,186197,0.07085470767879598,0,100198,2,2,397.44791676070514,396.6640739032345,2,2,,,3,LEFT,False,,
200396,dqn,685,,,1.0,1.0,0.05,0.004652426112443209,2.162198543548584,3.1842503547668457,1.205561876296997,2.1730449199676514,3.377851724624634,0.07122468203306198,0.3352905511856079,0.25971555709838867,10000,10000,1.0,397.4478229850491,397.4478229850491,49600,True,401,200000,0.0,0.0,2,RIGHT,greedy,36554,52984,57484,53374,14199,186197,0.07085470767879598,1,100198,2,2,397.4478229850491,396.6639803125219,2,2,,,2,RIGHT,False,,
200457,dqn,686,7.0,424,0.0,0.0,0.05,,,,,,,,,,10000,10000,1.0,397.45484552563636,397.45484552563636,49615,False,401,200000,0.0,0.0,3,LEFT,greedy,36557,52992,57514,53395,14203,186255,0.07085274720889163,0,100229,2,2,397.45484552563636,396.5488235102133,2,2,,,3,LEFT,False,,
200795,dqn,686,,,4.0,4.0,0.05,0.0027023176662623882,2.226067066192627,3.179994821548462,0.9671199321746826,2.2613697052001953,3.217312812805176,0.050351452082395554,0.2912108898162842,0.2902677655220032,10000,10000,1.0,397.3451609894356,397.3451609894356,49700,True,402,200500,0.0,0.0,3,LEFT,greedy,36605,53049,57626,53516,14212,186584,0.07077830235662065,0,100398,2,2,397.3451609894356,395.7762160504123,2,2,,,3,LEFT,False,,
200796,dqn,686,,,5.0,5.0,0.05,0.0027023176662623882,2.226067066192627,3.179994821548462,0.9671199321746826,2.2613697052001953,3.217312812805176,0.050351452082395554,0.2912108898162842,0.2902677655220032,10000,10000,1.0,397.3449854004672,397.3449854004672,49700,True,402,200500,0.0,0.0,2,RIGHT,greedy,36605,53049,57626,53516,14212,186584,0.07077830235662065,1,100398,2,2,397.3449854004672,395.7760411547691,2,2,,,2,RIGHT,False,,
201195,dqn,686,,,8.0,8.0,0.05,0.0028254722710698843,2.152479648590088,3.2424464225769043,0.458421915769577,2.176041603088379,3.21211576461792,0.05596185475587845,0.17278432846069336,0.13879568874835968,10000,10000,1.0,397.1274579070186,397.1274579070186,49800,True,403,201000,0.0,0.0,1,FIRE,greedy,36623,53165,57763,53645,14235,186961,0.07075190361637408,0,100598,2,2,397.1274579070186,394.7807028986349,2,2,,,1,FIRE,False,,
201196,dqn,686,,,10.0,10.0,0.05,0.0028254722710698843,2.152479648590088,3.2424464225769043,0.458421915769577,2.176041603088379,3.21211576461792,0.05596185475587845,0.17278432846069336,0.13879568874835968,10000,10000,1.0,397.1273500613155,397.1273500613155,49800,True,403,201000,0.0,0.0,2,RIGHT,greedy,36623,53165,57763,53645,14235,186961,0.07075190361637408,1,100598,2,2,397.1273500613155,394.7805956902271,2,2,,,2,RIGHT,False,,
201236,dqn,687,10.0,492,0.0,0.0,0.05,,,,,,,,,,10000,10000,1.0,397.09873223908426,397.09873223908426,49810,True,403,201000,0.0,0.0,2,RIGHT,greedy,36630,53178,57779,53649,14236,187000,0.07074280943767516,1,100618,2,2,397.09873223908426,394.67462405105084,2,2,,,2,RIGHT,False,,
201595,dqn,687,,,12.0,12.0,0.05,0.0018589859828352928,2.1172757148742676,3.1447386741638184,0.7254008650779724,2.158106803894043,3.130403757095337,0.047875791788101196,0.19132137298583984,0.24125373363494873,10000,10000,1.0,396.95820348200226,396.95820348200226,49900,True,404,201500,0.0,0.0,2,RIGHT,greedy,36689,53273,57882,53752,14257,187339,0.07072064921923055,0,100798,2,2,396.95820348200226,393.8402397198597,2,2,,,2,RIGHT,False,,
201596,dqn,687,,,4.0,4.0,0.05,0.0018589859828352928,2.1172757148742676,3.1447386741638184,0.7254008650779724,2.158106803894043,3.130403757095337,0.047875791788101196,0.19132137298583984,0.24125373363494873,10000,10000,1.0,396.9581048381354,396.9581048381354,49900,True,404,201500,0.0,0.0,2,RIGHT,greedy,36689,53273,57882,53752,14257,187339,0.07072064921923055,1,100798,2,2,396.9581048381354,393.8401418508049,2,2,,,2,RIGHT,False,,
201891,dqn,688,15.0,717,0.0,0.0,0.05,,,,,,,,,,10000,10000,1.0,396.8388916558918,396.8388916558918,49974,True,404,201500,0.0,0.0,3,LEFT,greedy,36758,53295,57987,53852,14270,187622,0.0706813543874943,0,100946,2,2,396.8388916558918,393.15450434867955,2,2,,,3,LEFT,False,,
201995,dqn,688,,,1.0,1.0,0.05,0.0015454492531716824,1.9514257907867432,3.2824530601501465,0.37278395891189575,2.004286766052246,3.194939613342285,0.04330635815858841,0.12423884868621826,0.30257973074913025,10000,10000,1.0,396.79114353341544,396.79114353341544,50000,True,404,201500,0.0,0.0,1,FIRE,greedy,36775,53318,58026,53877,14277,187719,0.0706796174181667,0,100998,2,2,396.79114353341544,392.9086622474204,2,2,,,1,FIRE,False,,
201996,dqn,688,,,8.0,8.0,0.05,0.0015454492531716824,1.9514257907867432,3.2824530601501465,0.37278395891189575,2.004286766052246,3.194939613342285,0.04330635815858841,0.12423884868621826,0.30257973074913025,10000,10000,1.0,396.79094857389777,396.79094857389777,50000,True,404,201500,0.0,0.0,2,RIGHT,random,36775,53318,58026,53877,14277,187719,0.0706796174181667,1,100998,2,2,396.79094857389777,392.9084691955226,2,2,,,2,RIGHT,False,,
202395,dqn,688,,,5.0,5.0,0.05,0.0012336550280451775,2.237165689468384,3.390176296234131,1.0953786373138428,2.248981237411499,3.3466925621032715,0.03974400833249092,0.11582720279693604,0.12999802827835083,10000,10000,1.0,396.7676688476854,396.7676688476854,50100,True,405,202000,0.0,0.0,1,FIRE,greedy,36895,53376,58146,53979,14296,188100,0.07063380699223305,0,101198,2,2,396.7676688476854,392.12561576671027,2,2,,,1,FIRE,False,,
202396,dqn,688,,,12.0,12.0,0.05,0.0012336550280451775,2.237165689468384,3.390176296234131,1.0953786373138428,2.248981237411499,3.3466925621032715,0.03974400833249092,0.11582720279693604,0.12999802827835083,10000,10000,1.0,396.76758536626846,396.76758536626846,50100,True,405,202000,0.0,0.0,0,NOOP,greedy,36895,53376,58146,53979,14296,188100,0.07063380699223305,1,101198,2,2,396.76758536626846,392.12553326199884,2,2,,,0,NOOP,False,,
202590,dqn,689,14.0,677,0.0,0.0,0.05,,,,,,,,,,10000,10000,1.0,396.763019866784,396.763019866784,50148,False,406,202500,0.0,0.0,0,NOOP,greedy,36958,53415,58193,54024,14310,188280,0.07063527321190582,1,101295,2,2,396.763019866784,391.7546553992191,2,2,,,0,NOOP,False,,
202795,dqn,689,,,8.0,8.0,0.05,0.001373374368995428,2.1741185188293457,3.2609405517578125,1.0594202280044556,2.1906826496124268,3.2701075077056885,0.044522933661937714,0.11119997501373291,0.11334347724914551,10000,10000,1.0,396.6974588464278,396.6974588464278,50200,True,406,202500,0.0,0.0,2,RIGHT,greedy,36990,53461,58242,54103,14321,188475,0.0706177636639776,0,101398,2,2,396.6974588464278,391.3024721984327,2,2,,,2,RIGHT,False,,
202796,dqn,689,,,1.0,1.0,0.05,0.001373374368995428,2.1741185188293457,3.2609405517578125,1.0594202280044556,2.1906826496124268,3.2701075077056885,0.044522933661937714,0.11119997501373291,0.11334347724914551,10000,10000,1.0,396.6973702080549,396.6973702080549,50200,True,406,202500,0.0,0.0,2,RIGHT,greedy,36990,53461,58242,54103,14321,188475,0.0706177636639776,1,101398,2,2,396.6973702080549,391.3023847655196,2,2,,,2,RIGHT,False,,
202901,dqn,690,9.0,505,0.0,0.0,0.05,,,,,,,,,,10000,10000,1.0,396.65502607391477,396.65502607391477,50226,False,406,202500,0.0,0.0,2,RIGHT,greedy,37005,53484,58271,54142,14326,188576,0.07060551399197643,0,101451,2,2,396.65502607391477,391.06187489285657,2,2,,,2,RIGHT,False,,
203004,dqn,691,3.0,207,0.0,0.0,0.05,,,,,,,,,,10000,10000,1.0,396.62276585109424,396.62276585109424,50252,True,407,203000,0.0,0.0,2,RIGHT,greedy,37020,53497,58303,54184,14333,188671,0.07060452010797817,1,101502,2,2,396.62276585109424,390.839229344664,2,2,,,2,RIGHT,False,,
203195,dqn,691,,,3.0,3.0,0.05,0.0016615977510809898,2.0991649627685547,3.3313798904418945,0.8268520832061768,2.129138946533203,3.364351511001587,0.04666483402252197,0.14176607131958008,0.1777144968509674,10000,10000,1.0,396.5886138876412,396.5886138876412,50300,True,407,203000,0.0,0.0,2,RIGHT,greedy,37059,53524,58364,54249,14340,188856,0.07057225535935746,0,101598,2,2,396.5886138876412,390.447401001556,2,2,,,2,RIGHT,False,,
203196,dqn,691,,,2.0,2.0,0.05,0.0016615977510809898,2.0991649627685547,3.3313798904418945,0.8268520832061768,2.129138946533203,3.364351511001587,0.04666483402252197,0.14176607131958008,0.1777144968509674,10000,10000,1.0,396.58852899471776,396.58852899471776,50300,True,407,203000,0.0,0.0,3,LEFT,greedy,37059,53524,58364,54249,14340,188856,0.07057225535935746,1,101598,2,2,396.58852899471776,390.44731742320766,2,2,,,3,LEFT,False,,
203595,dqn,691,,,6.0,6.0,0.05,0.0023880628868937492,1.963152527809143,3.024674654006958,0.5610760450363159,1.965301752090454,3.0007741451263428,0.0469016470015049,0.21845030784606934,0.2028598040342331,10000,10000,1.0,396.57784905888883,396.57784905888883,50400,True,408,203500,0.0,0.0,2,RIGHT,greedy,37144,53613,58481,54358,14359,189237,0.07052692587280693,0,101798,2,2,396.57784905888883,389.6948905218036,2,2,,,2,RIGHT,False,,
203596,dqn,691,,,6.0,6.0,0.05,0.0023880628868937492,1.963152527809143,3.024674654006958,0.5610760450363159,1.965301752090454,3.0007741451263428,0.0469016470015049,0.21845030784606934,0.2028598040342331,10000,10000,1.0,396.57775781844447,396.57775781844447,50400,True,408,203500,0.0,0.0,0,NOOP,greedy,37144,53613,58481,54358,14359,189237,0.07052692587280693,1,101798,2,2,396.57775781844447,389.6948008649177,2,2,,,0,NOOP,False,,
203617,dqn,692,6.0,358,0.0,0.0,0.05,,,,,,,,,,10000,10000,1.0,396.5654278811823,396.5654278811823,50405,False,408,203500,0.0,0.0,2,RIGHT,greedy,37155,53613,58486,54364,14360,189258,0.07052421691598974,0,101809,2,2,396.5654278811823,389.64204720372226,2,2,,,2,RIGHT,False,,
203995,dqn,692,,,4.0,4.0,0.05,0.0011990641942247748,2.122666835784912,3.4071099758148193,0.6161020994186401,2.1304149627685547,3.3236136436462402,0.033537451177835464,0.13286685943603516,0.2044169306755066,10000,10000,1.0,396.5168068870373,396.5168068870373,50500,True,408,203500,0.0,0.0,2,RIGHT,greedy,37267,53699,58576,54454,14376,189620,0.0704719700386282,0,101998,2,2,396.5168068870373,388.8988160012311,2,2,,,2,RIGHT,False,,
203996,dqn,692,,,10.0,10.0,0.05,0.0011990641942247748,2.122666835784912,3.4071099758148193,0.6161020994186401,2.1304149627685547,3.3236136436462402,0.033537451177835464,0.13286685943603516,0.2044169306755066,10000,10000,1.0,396.5166434569123,396.5166434569123,50500,True,408,203500,0.0,0.0,3,LEFT,greedy,37267,53699,58576,54454,14376,189620,0.0704719700386282,1,101998,2,2,396.5166434569123,388.898655710971,2,2,,,3,LEFT,False,,
204072,dqn,693,11.0,534,0.0,0.0,0.05,,,,,,,,,,10000,10000,1.0,396.4950273896908,396.4950273896908,50519,True,409,204000,0.0,0.0,3,LEFT,greedy,37291,53700,58605,54476,14379,189693,0.07046042573209456,1,102036,2,2,396.4950273896908,388.738244818342,2,2,,,3,LEFT,False,,
204395,dqn,693,,,8.0,8.0,0.05,0.001851358450949192,2.095641613006592,3.1036319732666016,0.6976170539855957,2.116088390350342,3.1353256702423096,0.0504370853304863,0.13397598266601562,0.12314842641353607,10000,10000,1.0,396.50009612796543,396.50009612796543,50600,True,409,204000,0.0,0.0,3,LEFT,greedy,37365,53782,58680,54569,14397,189999,0.07043679915458229,0,102198,2,2,396.50009612796543,388.1520060546938,2,2,,,3,LEFT,False,,
204396,dqn,693,,,2.0,2.0,0.05,0.001851358450949192,2.095641613006592,3.1036319732666016,0.6976170539855957,2.116088390350342,3.1353256702423096,0.0504370853304863,0.13397598266601562,0.12314842641353607,10000,10000,1.0,396.5000152598328,396.5000152598328,50600,True,409,204000,0.0,0.0,0,NOOP,greedy,37365,53782,58680,54569,14397,189999,0.07043679915458229,1,102198,2,2,396.5000152598328,388.15192688919495,2,2,,,0,NOOP,False,,
204653,dqn,694,13.0,518,0.0,0.0,0.05,,,,,,,,,,10000,10000,1.0,396.52125365333814,396.52125365333814,50664,False,410,204500,0.0,0.0,3,LEFT,greedy,37435,53813,58741,54665,14408,190246,0.07040175124844861,0,102327,2,2,396.52125365333814,387.7045342039973,2,2,,,3,LEFT,False,,
204692,dqn,695,5.0,310,0.0,0.0,0.05,,,,,,,,,,10000,10000,1.0,396.5103479234789,396.5103479234789,50674,True,410,204500,0.0,0.0,0,NOOP,greedy,37446,53819,58752,54675,14411,190281,0.07040333769761398,1,102346,2,2,396.5103479234789,387.6251105010543,2,2,,,0,NOOP,False,,
204795,dqn,695,,,1.0,1.0,0.05,0.0018211464630439878,2.0827760696411133,2.90097975730896,1.0270733833312988,2.0920605659484863,2.971982002258301,0.045736558735370636,0.17641925811767578,0.21164029836654663,10000,10000,1.0,396.51545835437855,396.51545835437855,50700,True,410,204500,0.0,0.0,1,FIRE,greedy,37462,53846,58776,54712,14412,190384,0.07037246821226976,0,102398,2,2,396.51545835437855,387.44217245478507,2,2,,,1,FIRE,False,,
204796,dqn,695,,,1.0,1.0,0.05,0.0018211464630439878,2.0827760696411133,2.90097975730896,1.0270733833312988,2.0920605659484863,2.971982002258301,0.045736558735370636,0.17641925811767578,0.21164029836654663,10000,10000,1.0,396.5153758384542,396.5153758384542,50700,True,410,204500,0.0,0.0,1,FIRE,greedy,37462,53846,58776,54712,14412,190384,0.07037246821226976,1,102398,2,2,396.5153758384542,387.44209182703565,2,2,,,1,FIRE,False,,
205195,dqn,695,,,5.0,5.0,0.05,0.003772344905883074,2.197340726852417,3.143686294555664,0.4300353527069092,2.1989188194274902,3.157240152359009,0.06293065845966339,0.27709484100341797,0.2504178285598755,10000,10000,1.0,396.61131815137554,396.61131815137554,50800,True,411,205000,0.0,0.0,3,LEFT,greedy,37509,53928,58902,54857,14426,190770,0.07030351468839549,0,102598,2,2,396.61131815137554,386.8163049896843,2,2,,,3,LEFT,False,,
205196,dqn,695,,,4.0,4.0,0.05,0.003772344905883074,2.197340726852417,3.143686294555664,0.4300353527069092,2.1989188194274902,3.157240152359009,0.06293065845966339,0.27709484100341797,0.2504178285598755,10000,10000,1.0,396.6112279844402,396.6112279844402,50800,True,411,205000,0.0,0.0,3,LEFT,greedy,37509,53928,58902,54857,14426,190770,0.07030351468839549,1,102598,2,2,396.6112279844402,386.8162170495798,2,2,,,3,LEFT,False,,
205306,dqn,696,5.0,307,0.0,0.0,0.05,,,,,,,,,,10000,10000,1.0,396.6295261581455,396.6295261581455,50827,False,411,205000,0.0,0.0,3,LEFT,greedy,37513,53931,58938,54924,14428,190878,0.07027558863355186,1,102653,2,2,396.6295261581455,386.63714079646087,2,2,,,3,LEFT,False,,
205435,dqn,697,7.0,391,0.0,0.0,0.05,,,,,,,,,,10000,10000,1.0,396.6456932175315,396.6456932175315,50860,True,411,205000,0.0,0.0,2,RIGHT,greedy,37524,53942,58984,54986,14437,190999,0.07027492747132927,0,102718,2,2,396.6456932175315,386.4206942213134,2,2,,,2,RIGHT,False,,
205595,dqn,697,,,1.0,1.0,0.05,0.0037254232447594404,2.31139874458313,3.280594825744629,1.360642910003662,2.3746542930603027,3.396698474884033,0.054578278213739395,0.36010265350341797,0.5340580940246582,10000,10000,1.0,396.6838222704044,396.6838222704044,50900,True,412,205500,0.0,0.0,2,RIGHT,greedy,37564,53999,59009,55024,14445,191151,0.07025914901068114,0,102798,2,2,396.6838222704044,386.17280542589714,2,2,,,2,RIGHT,False,,
205596,dqn,697,,,2.0,2.0,0.05,0.0037254232447594404,2.31139874458313,3.280594825744629,1.360642910003662,2.3746542930603027,3.396698474884033,0.054578278213739395,0.36010265350341797,0.5340580940246582,10000,10000,1.0,396.6837434393135,396.6837434393135,50900,True,412,205500,0.0,0.0,1,FIRE,greedy,37564,53999,59009,55024,14445,191151,0.07025914901068114,1,102798,2,2,396.6837434393135,386.17272868361067,2,2,,,1,FIRE,False,,
205995,dqn,697,,,5.0,5.0,0.05,0.0012614665320143104,2.108119010925293,3.2152528762817383,0.40776437520980835,2.145648956298828,3.239712953567505,0.040447674691677094,0.11808741092681885,0.23928233981132507,10000,10000,1.0,396.7160265314827,396.7160265314827,51000,True,412,205500,0.0,0.0,2,RIGHT,greedy,37682,54046,59125,55143,14459,191537,0.07019068331423911,0,102998,2,2,396.7160265314827,385.4952762433456,2,2,,,2,RIGHT,False,,
205996,dqn,697,,,6.0,6.0,0.05,0.0012614665320143104,2.108119010925293,3.2152528762817383,0.40776437520980835,2.145648956298828,3.239712953567505,0.040447674691677094,0.11808741092681885,0.23928233981132507,10000,10000,1.0,396.71586305426155,396.71586305426155,51000,True,412,205500,0.0,0.0,0,NOOP,greedy,37682,54046,59125,55143,14459,191537,0.07019068331423911,1,102998,2,2,396.71586305426155,385.4951173899282,2,2,,,0,NOOP,False,,
206216,dqn,698,8.0,455,0.0,0.0,0.05,,,,,,,,,,10000,10000,1.0,396.72055555797056,396.72055555797056,51055,True,413,206000,0.0,0.0,0,NOOP,greedy,37719,54077,59200,55220,14467,191749,0.07015459518175117,1,103108,2,2,396.72055555797056,385.11206449566197,2,2,,,0,NOOP,False,,
206343,dqn,699,9.0,454,0.0,0.0,0.05,,,,,,,,,,10000,10000,1.0,396.7440450657321,396.7440450657321,51087,True,413,206000,0.0,0.0,0,NOOP,greedy,37743,54112,59223,55266,14479,191865,0.07016923196216028,0,103172,2,2,396.7440450657321,384.91007125481184,2,2,,,0,NOOP,False,,
206395,dqn,699,,,0.0,0.0,0.05,0.0018929245416074991,2.159445285797119,3.219003438949585,0.702720046043396,2.1799049377441406,3.2324390411376953,0.04686901718378067,0.20397734642028809,0.160355344414711,10000,10000,1.0,396.7548040508061,396.7548040508061,51100,True,413,206000,0.0,0.0,1,FIRE,greedy,37752,54119,59236,55289,14481,191915,0.0701612434349503,0,103198,2,2,396.7548040508061,384.82933821229267,2,2,,,1,FIRE,False,,
206396,dqn,699,,,1.0,1.0,0.05,0.0018929245416074991,2.159445285797119,3.219003438949585,0.702720046043396,2.1799049377441406,3.2324390411376953,0.04686901718378067,0.20397734642028809,0.160355344414711,10000,10000,1.0,396.7547186827317,396.7547186827317,51100,True,413,206000,1.0,1.0,3,LEFT,greedy,37752,54119,59236,55289,14481,191915,0.0701612434349503,1,103198,2,2,396.7547186827317,384.82925541017096,2,2,,,3,LEFT,False,,
206795,dqn,699,,,5.0,5.0,0.05,0.0024817506782710552,2.0115807056427,3.3623974323272705,0.5451511740684509,2.064803123474121,3.3195252418518066,0.05291571468114853,0.19922113418579102,0.5706514716148376,10000,10000,1.0,396.83931804105384,396.83931804105384,51200,True,414,206500,0.0,0.0,1,FIRE,greedy,37776,54226,59372,55422,14505,192291,0.07014158881216272,0,103398,2,2,396.83931804105384,384.2128151504633,2,2,,,1,FIRE,False,,
206796,dqn,699,,,5.0,5.0,0.05,0.0024817506782710552,2.0115807056427,3.3623974323272705,0.5451511740684509,2.064803123474121,3.3195252418518066,0.05291571468114853,0.19922113418579102,0.5706514716148376,10000,10000,1.0,396.8392329568286,396.8392329568286,51200,True,414,206500,0.0,0.0,2,RIGHT,greedy,37776,54226,59372,55422,14505,192291,0.07014158881216272,1,103398,2,2,396.8392329568286,384.21273277342004,2,2,,,2,RIGHT,False,,
207182,dqn,700,8.0,483,0.0,0.0,0.05,,,,,,,,,,10000,10000,1.0,396.90122356225777,396.90122356225777,51296,False,415,207000,0.0,0.0,1,FIRE,greedy,37800,54290,59515,55577,14522,192660,0.07009296174378082,1,103591,2,2,396.90122356225777,383.60354024031875,2,2,,,1,FIRE,False,,
207195,dqn,700,,,9.0,9.0,0.05,0.002602812834084034,2.0375232696533203,2.957632303237915,0.5966105461120605,2.1023566722869873,2.981755018234253,0.060909003019332886,0.15572810173034668,0.6048531532287598,10000,10000,1.0,396.8981708168139,396.8981708168139,51300,True,415,207000,0.0,0.0,2,RIGHT,greedy,37802,54293,59517,55584,14523,192673,0.07009305198942065,0,103598,2,2,396.8981708168139,383.5764086372653,2,2,,,2,RIGHT,False,,
207196,dqn,700,,,0.0,0.0,0.05,0.002602812834084034,2.0375232696533203,2.957632303237915,0.5966105461120605,2.1023566722869873,2.981755018234253,0.060909003019332886,0.15572810173034668,0.6048531532287598,10000,10000,1.0,396.8980923438049,396.8980923438049,51300,True,415,207000,0.0,0.0,3,LEFT,greedy,37802,54293,59517,55584,14523,192673,0.07009305198942065,1,103598,2,2,396.8980923438049,383.5763327981781,2,2,,,3,LEFT,False,,
207223,dqn,701,9.0,440,0.0,0.0,0.05,,,,,,,,,,10000,10000,1.0,396.8969238976798,396.8969238976798,51307,True,415,207000,0.0,0.0,3,LEFT,greedy,37807,54298,59524,55595,14524,192700,0.0700884067482531,0,103612,2,2,396.8969238976798,383.52686039400135,2,2,,,3,LEFT,False,,
207595,dqn,701,,,4.0,4.0,0.05,0.0023866617120802402,2.207401752471924,3.1913158893585205,1.1144109964370728,2.2328672409057617,3.192469358444214,0.05026084557175636,0.20776891708374023,0.15049724280834198,10000,10000,1.0,396.9206957642867,396.9206957642867,51400,True,416,207500,0.0,0.0,3,LEFT,greedy,37892,54444,59586,55674,14541,193055,0.07004470221006186,0,103798,2,2,396.9206957642867,382.90990723578415,2,2,,,3,LEFT,False,,
207596,dqn,701,,,4.0,4.0,0.05,0.0023866617120802402,2.207401752471924,3.1913158893585205,1.1144109964370728,2.2328672409057617,3.192469358444214,0.05026084557175636,0.20776891708374023,0.15049724280834198,10000,10000,1.0,396.920616695587,396.920616695587,51400,True,416,207500,0.0,0.0,1,FIRE,fire_reset,37892,54444,59586,55674,14541,193055,0.07004470221006186,1,103798,2,2,396.920616695587,382.90983095810753,2,2,,,3,LEFT,True,after_life_loss,
207995,dqn,701,,,9.0,9.0,0.05,0.006785427685827017,2.0936477184295654,3.2563326358795166,0.3339979648590088,2.1121573448181152,3.2144856452941895,0.06951956450939178,0.4343360960483551,0.26376044750213623,10000,10000,1.0,396.9438704941012,396.9438704941012,51500,True,416,207500,1.0,1.0,3,LEFT,greedy,37978,54526,59681,55811,14557,193439,0.06998692282543895,0,103998,2,2,396.9438704941012,382.24905222087426,2,2,,,3,LEFT,False,,
207996,dqn,701,,,7.0,7.0,0.05,0.006785427685827017,2.0936477184295654,3.2563326358795166,0.3339979648590088,2.1121573448181152,3.2144856452941895,0.06951956450939178,0.4343360960483551,0.26376044750213623,10000,10000,1.0,396.94370037670285,396.94370037670285,51500,True,416,207500,0.0,0.0,1,FIRE,greedy,37978,54526,59681,55811,14557,193439,0.06998692282543895,1,103998,2,2,396.94370037670285,382.2488884012032,2,2,,,1,FIRE,False,,
208150,dqn,702,9.0,484,0.0,0.0,0.05,,,,,,,,,,10000,10000,1.0,396.9597822581086,396.9597822581086,51538,False,417,208000,0.0,0.0,1,FIRE,greedy,38014,54573,59709,55854,14563,193587,0.06996396829209704,1,104075,2,2,396.9597822581086,382.002675344546,2,2,,,1,FIRE,False,,
208395,dqn,702,,,13.0,13.0,0.05,0.002926178742200136,2.2349305152893066,3.3928301334381104,0.4931944012641907,2.239975929260254,3.3052685260772705,0.057741906493902206,0.22916126251220703,0.3620961010456085,10000,10000,1.0,396.96510676213603,396.96510676213603,51600,True,417,208000,0.0,0.0,2,RIGHT,random,38068,54642,59791,55895,14577,193819,0.06994855947331043,0,104198,2,2,396.96510676213603,381.5912966751638,2,2,,,2,RIGHT,False,,
208396,dqn,702,,,2.0,2.0,0.05,0.002926178742200136,2.2349305152893066,3.3928301334381104,0.4931944012641907,2.239975929260254,3.3052685260772705,0.057741906493902206,0.22916126251220703,0.3620961010456085,10000,10000,1.0,396.96502084505005,396.96502084505005,51600,True,417,208000,0.0,0.0,1,FIRE,greedy,38068,54642,59791,55895,14577,193819,0.06994855947331043,1,104198,2,2,396.96502084505005,381.5912140855061,2,2,,,1,FIRE,False,,
208585,dqn,703,15.0,681,0.0,0.0,0.05,,,,,,,,,,10000,10000,1.0,396.9336359375517,396.9336359375517,51647,False,418,208500,0.0,0.0,1,FIRE,greedy,38115,54674,59835,55962,14583,194003,0.06991360877527734,0,104293,2,2,396.9336359375517,381.2406727647678,2,2,,,1,FIRE,False,,
208795,dqn,703,,,2.0,2.0,0.05,0.0032710249070078135,2.2139809131622314,3.291020631790161,1.0796085596084595,2.282090425491333,3.3382298946380615,0.05540023371577263,0.2647879123687744,0.6283696293830872,10000,10000,1.0,396.9421624221666,396.9421624221666,51700,True,418,208500,0.0,0.0,1,FIRE,greedy,38146,54714,59900,56036,14596,194200,0.06990555374624034,0,104398,2,2,396.9421624221666,380.8960611837691,2,2,,,1,FIRE,False,,
208796,dqn,703,,,7.0,7.0,0.05,0.0032710249070078135,2.2139809131622314,3.291020631790161,1.0796085596084595,2.282090425491333,3.3382298946380615,0.05540023371577263,0.2647879123687744,0.6283696293830872,10000,10000,1.0,396.9420816102648,396.9420816102648,51700,True,418,208500,0.0,0.0,1,FIRE,greedy,38146,54714,59900,56036,14596,194200,0.06990555374624034,1,104398,2,2,396.9420816102648,380.8959836386303,2,2,,,1,FIRE,False,,
208942,dqn,704,8.0,396,0.0,0.0,0.05,,,,,,,,,,10000,10000,1.0,396.9416568991455,396.9416568991455,51736,False,418,208500,0.0,0.0,3,LEFT,greedy,38167,54739,59931,56105,14605,194337,0.06989978080041351,1,104471,2,2,396.9416568991455,380.65109726194333,2,2,,,3,LEFT,False,,
209195,dqn,704,,,6.0,6.0,0.05,0.0025138079654425383,2.1988141536712646,2.9544830322265625,0.45929765701293945,2.237370014190674,3.0602242946624756,0.04962631314992905,0.2563974857330322,0.22500279545783997,10000,10000,1.0,396.9068220729925,396.9068220729925,51800,True,419,209000,0.0,0.0,2,RIGHT,greedy,38219,54797,59988,56192,14618,194578,0.06987705309852961,0,104598,2,2,396.9068220729925,380.1939610900662,2,2,,,2,RIGHT,False,,
209196,dqn,704,,,2.0,2.0,0.05,0.0025138079654425383,2.1988141536712646,2.9544830322265625,0.45929765701293945,2.237370014190674,3.0602242946624756,0.04962631314992905,0.2563974857330322,0.22500279545783997,10000,10000,1.0,396.90673479063327,396.90673479063327,51800,True,419,209000,0.0,0.0,0,NOOP,greedy,38219,54797,59988,56192,14618,194578,0.06987705309852961,1,104598,2,2,396.90673479063327,380.1938774829725,2,2,,,0,NOOP,False,,
209487,dqn,705,9.0,451,0.0,0.0,0.05,,,,,,,,,,10000,10000,1.0,396.83501401688125,396.83501401688125,51873,True,419,209000,0.0,0.0,3,LEFT,greedy,38277,54887,60058,56266,14630,194858,0.06983693576720384,0,104744,2,2,396.83501401688125,379.64056981755266,2,2,,,3,LEFT,False,,
209595,dqn,705,,,1.0,1.0,0.05,0.0024248920381069183,2.0383126735687256,3.264432191848755,0.0670713409781456,2.059441566467285,3.273132085800171,0.05618405342102051,0.17781519889831543,0.12475582957267761,10000,10000,1.0,396.82725565615635,396.82725565615635,51900,True,420,209500,0.0,0.0,1,FIRE,fire_reset,38304,54912,60085,56295,14633,194963,0.06981526365006965,0,104798,2,2,396.82725565615635,379.4545671215544,2,2,,,0,NOOP,True,after_life_loss,
209596,dqn,705,,,6.0,6.0,0.05,0.0024248920381069183,2.0383126735687256,3.264432191848755,0.0670713409781456,2.059441566467285,3.273132085800171,0.05618405342102051,0.17781519889831543,0.12475582957267761,10000,10000,1.0,396.82717691743244,396.82717691743244,51900,True,420,209500,0.0,0.0,0,NOOP,greedy,38304,54912,60085,56295,14633,194963,0.06981526365006965,1,104798,2,2,396.82717691743244,379.4544918299307,2,2,,,0,NOOP,False,,
209942,dqn,706,13.0,500,0.0,0.0,0.05,,,,,,,,,,10000,10000,1.0,396.79228127701606,396.79228127701606,51986,False,420,209500,0.0,0.0,1,FIRE,greedy,38359,55034,60153,56396,14654,195288,0.0698002305398634,1,104971,2,2,396.79228127701606,378.8514176377513,2,2,,,1,FIRE,False,,
209995,dqn,706,,,4.0,4.0,0.05,0.0033969387877732515,2.2417144775390625,3.1624133586883545,0.970467746257782,2.244649887084961,3.267206907272339,0.057592131197452545,0.3002195358276367,0.4318433701992035,10000,10000,1.0,396.7685306133238,396.7685306133238,52000,True,420,209500,0.0,0.0,3,LEFT,greedy,38366,55047,60162,56421,14656,195340,0.06979180555820111,0,104998,2,2,396.7685306133238,378.7401557996452,2,2,,,3,LEFT,False,,
209996,dqn,706,,,0.0,0.0,0.05,0.0033969387877732515,2.2417144775390625,3.1624133586883545,0.970467746257782,2.244649887084961,3.267206907272339,0.057592131197452545,0.3002195358276367,0.4318433701992035,10000,10000,1.0,396.7684437398976,396.7684437398976,52000,True,420,209500,0.0,0.0,1,FIRE,greedy,38366,55047,60162,56421,14656,195340,0.06979180555820111,1,104998,2,2,396.7684437398976,378.7400728735751,2,2,,,1,FIRE,False,,
210297,dqn,707,7.0,405,0.0,0.0,0.05,,,,,,,,,,10000,10000,1.0,396.83853150013965,396.83853150013965,52075,False,421,210000,0.0,0.0,1,FIRE,greedy,38429,55123,60226,56520,14670,195628,0.06975815271662117,0,105149,2,2,396.83853150013965,378.31306776830206,2,2,,,1,FIRE,False,,
210395,dqn,707,,,1.0,1.0,0.05,0.005124743562191725,2.1154396533966064,2.992129325866699,0.6600285768508911,2.147937297821045,2.9531331062316895,0.06296935677528381,0.4269838333129883,0.6752306222915649,10000,10000,1.0,396.8621061313408,396.8621061313408,52100,True,421,210000,0.0,0.0,1,FIRE,greedy,38441,55155,60240,56560,14677,195719,0.06975893077815168,0,105198,2,2,396.8621061313408,378.1758382622993,2,2,,,1,FIRE,False,,
210396,dqn,707,,,4.0,4.0,0.05,0.005124743562191725,2.1154396533966064,2.992129325866699,0.6600285768508911,2.147937297821045,2.9531331062316895,0.06296935677528381,0.4269838333129883,0.6752306222915649,10000,10000,1.0,396.86202124420913,396.86202124420913,52100,True,421,210000,0.0,0.0,1,FIRE,greedy,38441,55155,60240,56560,14677,195719,0.06975893077815168,1,105198,2,2,396.86202124420913,378.17575737208153,2,2,,,1,FIRE,False,,
210795,dqn,707,,,5.0,5.0,0.05,0.001890137791633606,2.2639217376708984,3.216184139251709,0.4997532367706299,2.3076729774475098,3.390291929244995,0.04564879089593887,0.19130754470825195,0.3659203052520752,10000,10000,1.0,396.97398706682503,396.97398706682503,52200,True,422,210500,0.0,0.0,2,RIGHT,greedy,38495,55228,60384,56689,14700,196096,0.06973566860851249,0,105398,2,2,396.97398706682503,377.63334677126636,2,2,,,2,RIGHT,False,,
210796,dqn,707,,,7.0,7.0,0.05,0.001890137791633606,2.2639217376708984,3.216184139251709,0.4997532367706299,2.3076729774475098,3.390291929244995,0.04564879089593887,0.19130754470825195,0.3659203052520752,10000,10000,1.0,396.97390158472587,396.97390158472587,52200,True,422,210500,0.0,0.0,0,NOOP,greedy,38495,55228,60384,56689,14700,196096,0.06973566860851249,1,105398,2,2,396.97390158472587,377.6332654538696,2,2,,,0,NOOP,False,,
211136,dqn,708,12.0,597,0.0,0.0,0.05,,,,,,,,,,10000,10000,1.0,397.0623021738931,397.0623021738931,52285,True,423,211000,0.0,0.0,0,NOOP,greedy,38567,55278,60479,56812,14718,196418,0.06970862382540163,1,105568,2,2,397.0623021738931,377.16917214848064,2,2,,,0,NOOP,False,,
211195,dqn,708,,,9.0,9.0,0.05,0.0016830000095069408,2.1829640865325928,3.118447780609131,0.31447407603263855,2.1891512870788574,3.15195369720459,0.04365840554237366,0.15651869773864746,0.24033477902412415,10000,10000,1.0,397.0798103116627,397.0798103116627,52300,True,423,211000,0.0,0.0,3,LEFT,greedy,38574,55283,60507,56832,14722,196474,0.06970775961665941,0,105598,2,2,397.0798103116627,377.08940797592504,2,2,,,3,LEFT,False,,
211196,dqn,708,,,0.0,0.0,0.05,0.0016830000095069408,2.1829640865325928,3.118447780609131,0.31447407603263855,2.1891512870788574,3.15195369720459,0.04365840554237366,0.15651869773864746,0.24033477902412415,10000,10000,1.0,397.0797255172058,397.0797255172058,52300,True,423,211000,0.0,0.0,3,LEFT,greedy,38574,55283,60507,56832,14722,196474,0.06970775961665941,1,105598,2,2,397.0797255172058,377.08932745032104,2,2,,,3,LEFT,False,,
211237,dqn,709,9.0,470,0.0,0.0,0.05,,,,,,,,,,10000,10000,1.0,397.08853067231433,397.08853067231433,52310,False,423,211000,0.0,0.0,0,NOOP,greedy,38582,55285,60524,56847,14725,196513,0.06970810176199357,0,105619,2,2,397.08853067231433,377.03027311781193,2,2,,,0,NOOP,False,,
211595,dqn,709,,,3.0,3.0,0.05,0.003516368567943573,2.0575270652770996,3.2351603507995605,0.39643344283103943,2.0969431400299072,3.1528992652893066,0.05533776432275772,0.33667898178100586,0.5298482179641724,10000,10000,1.0,397.21498986519265,397.21498986519265,52400,True,424,211500,0.0,0.0,2,RIGHT,greedy,38610,55371,60654,56961,14748,196848,0.06969886009187319,0,105798,2,2,397.21498986519265,376.5775789253885,2,2,,,2,RIGHT,False,,
211596,dqn,709,,,6.0,3.0,0.05,0.003516368567943573,2.0575270652770996,3.2351603507995605,0.39643344283103943,2.0969431400299072,3.1528992652893066,0.05533776432275772,0.33667898178100586,0.5298482179641724,10000,10000,1.0,397.21488481635924,397.21488481635924,52400,True,424,211500,0.0,0.0,0,NOOP,greedy,38610,55371,60654,56961,14748,196848,0.06969886009187319,1,105798,2,2,397.21488481635924,376.57747933439526,2,2,,,0,NOOP,False,,
211760,dqn,710,8.0,312,0.0,0.0,0.05,,,,,,,,,,10000,10000,1.0,397.2657602513555,397.2657602513555,52441,True,424,211500,0.0,0.0,0,NOOP,greedy,38657,55387,60687,57029,14754,197006,0.06967321496033245,1,105880,2,2,397.2657602513555,376.3645194650458,2,2,,,0,NOOP,False,,
211995,dqn,710,,,11.0,8.0,0.05,0.005263247527182102,2.0642170906066895,3.2996418476104736,0.6866877675056458,2.0519661903381348,3.372392416000366,0.07710517197847366,0.2750069499015808,0.4668971300125122,10000,10000,1.0,397.3225440015778,397.3225440015778,52500,True,424,211500,0.0,0.0,3,LEFT,greedy,38678,55418,60780,57120,14767,197229,0.06965697465989924,0,105998,2,2,397.3225440015778,376.043742804022,2,2,,,3,LEFT,False,,
211996,dqn,710,,,2.0,2.0,0.05,0.005263247527182102,2.0642170906066895,3.2996418476104736,0.6866877675056458,2.0519661903381348,3.372392416000366,0.07710517197847366,0.2750069499015808,0.4668971300125122,10000,10000,1.0,397.32239966246,397.32239966246,52500,True,424,211500,0.0,0.0,0,NOOP,greedy,38678,55418,60780,57120,14767,197229,0.06965697465989924,1,105998,2,2,397.32239966246,376.04360619505553,2,2,,,0,NOOP,False,,
212181,dqn,711,13.0,472,0.0,0.0,0.05,,,,,,,,,,10000,10000,1.0,397.21804868530893,397.21804868530893,52546,False,425,212000,0.0,0.0,0,NOOP,greedy,38739,55456,60813,57174,14774,197408,0.06962890348851458,0,106091,2,2,397.21804868530893,375.6508174490837,2,2,,,0,NOOP,False,,
212395,dqn,711,,,1.0,1.0,0.05,0.0015010361094027758,2.2368173599243164,3.0068788528442383,1.227358341217041,2.2748026847839355,3.007159471511841,0.04144764691591263,0.14757680892944336,0.3017813563346863,10000,10000,1.0,397.2495600585128,397.2495600585128,52600,True,425,212000,0.0,0.0,3,LEFT,greedy,38774,55511,60873,57238,14786,197610,0.06961524699146876,0,106198,2,2,397.2495600585128,375.3435067003625,2,2,,,3,LEFT,False,,
212396,dqn,711,,,7.0,7.0,0.05,0.0015010361094027758,2.2368173599243164,3.0068788528442383,1.227358341217041,2.2748026847839355,3.007159471511841,0.04144764691591263,0.14757680892944336,0.3017813563346863,10000,10000,1.0,397.2494812924074,397.2494812924074,52600,True,425,212000,0.0,0.0,1,FIRE,random,38774,55511,60873,57238,14786,197610,0.06961524699146876,1,106198,2,2,397.2494812924074,375.3434322777597,2,2,,,1,FIRE,False,,
212673,dqn,712,3.0,246,0.0,0.0,0.05,,,,,,,,,,10000,10000,1.0,397.2182255661069,397.2182255661069,52669,False,426,212500,0.0,0.0,0,NOOP,greedy,38813,55558,60954,57349,14794,197880,0.0695618646378965,0,106337,2,2,397.2182255661069,374.8779172836955,2,2,,,0,NOOP,False,,
212795,dqn,712,,,1.0,1.0,0.05,0.0020295027643442154,2.3101723194122314,3.0608575344085693,1.3300961256027222,2.315622329711914,3.045180320739746,0.03916560858488083,0.28398680686950684,0.2885640263557434,10000,10000,1.0,397.186449311011,397.186449311011,52700,True,426,212500,0.0,0.0,2,RIGHT,greedy,38825,55604,60989,57378,14800,197996,0.06955017951465253,0,106398,2,2,397.186449311011,374.65729133828285,2,2,,,2,RIGHT,False,,
212796,dqn,712,,,14.0,11.0,0.05,0.0020295027643442154,2.3101723194122314,3.0608575344085693,1.3300961256027222,2.315622329711914,3.045180320739746,0.03916560858488083,0.28398680686950684,0.2885640263557434,10000,10000,1.0,397.1863697302719,397.1863697302719,52700,True,426,212500,0.0,0.0,3,LEFT,greedy,38825,55604,60989,57378,14800,197996,0.06955017951465253,1,106398,2,2,397.1863697302719,374.657216271512,2,2,,,3,LEFT,False,,
213064,dqn,713,17.0,652,0.0,0.0,0.05,,,,,,,,,,10000,10000,1.0,397.16686233089433,397.16686233089433,52767,True,427,213000,0.0,0.0,2,RIGHT,greedy,38850,55655,61118,57441,14809,198255,0.06950493748357302,1,106532,2,2,397.16686233089433,374.2215044385024,2,2,,,2,RIGHT,False,,
213195,dqn,713,,,8.0,5.0,0.05,0.0020370411220937967,2.4405665397644043,3.1331706047058105,0.7974510788917542,2.4381961822509766,3.0733797550201416,0.05464790016412735,0.1616222858428955,0.3290800452232361,10000,10000,1.0,397.1360137604942,397.1360137604942,52800,True,427,213000,0.0,0.0,2,RIGHT,greedy,38864,55671,61169,57492,14816,198380,0.06949473723709639,0,106598,2,2,397.1360137604942,373.9876390936178,2,2,,,2,RIGHT,False,,
213196,dqn,713,,,1.0,1.0,0.05,0.0020370411220937967,2.4405665397644043,3.1331706047058105,0.7974510788917542,2.4381961822509766,3.0733797550201416,0.05464790016412735,0.1616222858428955,0.3290800452232361,10000,10000,1.0,397.13592960465223,397.13592960465223,52800,True,427,213000,0.0,0.0,2,RIGHT,greedy,38864,55671,61169,57492,14816,198380,0.06949473723709639,1,106598,2,2,397.13592960465223,373.987559843075,2,2,,,2,RIGHT,False,,
213595,dqn,713,,,12.0,9.0,0.05,0.0020163189619779587,2.089588165283203,3.174138307571411,0.7673856019973755,2.1157217025756836,3.204746961593628,0.0456584133207798,0.19522786140441895,0.18848426640033722,10000,10000,1.0,397.082279150432,397.082279150432,52900,True,428,213500,0.0,0.0,0,NOOP,greedy,38928,55731,61293,57644,14834,198762,0.06944886608363453,0,106798,2,2,397.082279150432,373.31942364790865,2,2,,,0,NOOP,False,,
213596,dqn,713,,,8.0,5.0,0.05,0.0020163189619779587,2.089588165283203,3.174138307571411,0.7673856019973755,2.1157217025756836,3.204746961593628,0.0456584133207798,0.19522786140441895,0.18848426640033722,10000,10000,1.0,397.08219878354686,397.08219878354686,52900,True,428,213500,0.0,0.0,0,NOOP,greedy,38928,55731,61293,57644,14834,198762,0.06944886608363453,1,106798,2,2,397.08219878354686,373.31934809047186,2,2,,,0,NOOP,False,,
213634,dqn,714,8.0,285,0.0,0.0,0.05,,,,,,,,,,10000,10000,1.0,397.0742535793112,397.0742535793112,52909,False,428,213500,0.0,0.0,0,NOOP,greedy,38958,55732,61296,57648,14836,198798,0.06944587472031606,1,106817,2,2,397.0742535793112,373.2534324637105,2,2,,,0,NOOP,False,,
213639,dqn,715,12.0,483,0.0,0.0,0.05,,,,,,,,,,10000,10000,1.0,397.06161602007205,397.06161602007205,52911,True,428,213500,0.0,0.0,0,NOOP,greedy,38962,55734,61296,57648,14836,198804,0.06944392435873432,0,106820,2,2,397.06161602007205,373.2323286102085,2,2,,,0,NOOP,False,,
213995,dqn,715,,,3.0,3.0,0.05,0.001523114275187254,2.2778143882751465,3.3639421463012695,0.5068820118904114,2.2995972633361816,3.401547908782959,0.04503808915615082,0.11454272270202637,0.15655577182769775,10000,10000,1.0,397.0452925581775,397.0452925581775,53000,True,428,213500,0.0,0.0,1,FIRE,greedy,39047,55818,61379,57752,14851,199145,0.06939849342978373,0,106998,2,2,397.0452925581775,372.67142893733006,2,2,,,1,FIRE,False,,
213996,dqn,715,,,4.0,4.0,0.05,0.001523114275187254,2.2778143882751465,3.3639421463012695,0.5068820118904114,2.2995972633361816,3.401547908782959,0.04503808915615082,0.11454272270202637,0.15655577182769775,10000,10000,1.0,397.04514444973967,397.04514444973967,53000,True,428,213500,0.0,0.0,0,NOOP,greedy,39047,55818,61379,57752,14851,199145,0.06939849342978373,1,106998,2,2,397.04514444973967,372.6712899209906,2,2,,,0,NOOP,False,,
214379,dqn,716,6.0,370,0.0,0.0,0.05,,,,,,,,,,10000,10000,1.0,397.0098456866058,397.0098456866058,53096,True,429,214000,0.0,0.0,2,RIGHT,greedy,39072,55894,61517,57897,14868,199512,0.06935348446683459,0,107190,2,2,397.0098456866058,372.0535527115516,2,2,,,2,RIGHT,False,,
214395,dqn,716,,,0.0,0.0,0.05,0.0016980116488412023,2.212505340576172,3.4866271018981934,0.6909729838371277,2.2258358001708984,3.4551033973693848,0.04655752331018448,0.1396026611328125,0.19870923459529877,10000,10000,1.0,397.0077838865444,397.0077838865444,53100,True,429,214000,0.0,0.0,1,FIRE,random,39073,55899,61522,57902,14870,199526,0.06935763726935204,0,107198,2,2,397.0077838865444,372.02734725925546,2,2,,,1,FIRE,False,,
214396,dqn,716,,,7.0,7.0,0.05,0.0016980116488412023,2.212505340576172,3.4866271018981934,0.6909729838371277,2.2258358001708984,3.4551033973693848,0.04655752331018448,0.1396026611328125,0.19870923459529877,10000,10000,1.0,397.0077009424954,397.0077009424954,53100,True,429,214000,0.0,0.0,2,RIGHT,greedy,39073,55899,61522,57902,14870,199526,0.06935763726935204,1,107198,2,2,397.0077009424954,372.02726953419364,2,2,,,2,RIGHT,False,,
214602,dqn,717,9.0,484,0.0,0.0,0.05,,,,,,,,,,10000,10000,1.0,396.96570350973417,396.96570350973417,53151,False,430,214500,0.0,0.0,0,NOOP,greedy,39128,55936,61579,57959,14885,199717,0.06936095656144864,1,107301,2,2,396.96570350973417,371.676034906005,2,2,,,0,NOOP,False,,
214795,dqn,717,,,4.0,4.0,0.05,0.011873001232743263,2.2523274421691895,3.3670167922973633,0.2733714282512665,2.2999324798583984,3.4537928104400635,0.08485468477010727,0.7224366664886475,0.6051281690597534,10000,10000,1.0,396.95992242897984,396.95992242897984,53200,True,430,214500,0.0,0.0,1,FIRE,greedy,39136,55986,61658,58016,14893,199903,0.06933555559693849,0,107398,2,2,396.95992242897984,371.3779378116622,2,2,,,1,FIRE,False,,
214796,dqn,717,,,1.0,1.0,0.05,0.011873001232743263,2.2523274421691895,3.3670167922973633,0.2733714282512665,2.2999324798583984,3.4537928104400635,0.08485468477010727,0.7224366664886475,0.6051281690597534,10000,10000,1.0,396.95984802995986,396.95984802995986,53200,True,430,214500,0.0,0.0,1,FIRE,greedy,39136,55986,61658,58016,14893,199903,0.06933555559693849,1,107398,2,2,396.95984802995986,371.37786820726876,2,2,,,1,FIRE,False,,
215195,dqn,717,,,8.0,8.0,0.05,0.0014010821469128132,2.1169872283935547,3.233304262161255,-0.05462456867098808,2.143782615661621,3.208475112915039,0.03983991593122482,0.1294090747833252,0.16059847176074982,10000,10000,1.0,396.98316640904767,396.98316640904767,53300,True,431,215000,0.0,0.0,0,NOOP,greedy,39219,56059,61776,58142,14907,200289,0.06927173367534713,0,107598,2,2,396.98316640904767,370.79928764263263,2,2,,,0,NOOP,False,,
215196,dqn,717,,,6.0,6.0,0.05,0.0014010821469128132,2.1169872283935547,3.233304262161255,-0.05462456867098808,2.143782615661621,3.208475112915039,0.03983991593122482,0.1294090747833252,0.16059847176074982,10000,10000,1.0,396.98309075527885,396.98309075527885,53300,True,431,215000,0.0,0.0,2,RIGHT,greedy,39219,56059,61776,58142,14907,200289,0.06927173367534713,1,107598,2,2,396.98309075527885,370.7992169787709,2,2,,,2,RIGHT,False,,
215485,dqn,718,10.0,553,0.0,0.0,0.05,,,,,,,,,,10000,10000,1.0,397.03184608061605,397.03184608061605,53372,False,431,215000,0.0,0.0,1,FIRE,greedy,39257,56095,61881,58253,14923,200563,0.06925275887992724,0,107743,2,2,397.03184608061605,370.4120169740386,2,2,,,1,FIRE,False,,
215595,dqn,718,,,1.0,1.0,0.05,0.014649547636508942,2.350022554397583,3.104755401611328,0.30086052417755127,2.3394317626953125,3.0281689167022705,0.07806427776813507,0.8586530685424805,0.6396610736846924,10000,10000,1.0,397.04550715404264,397.04550715404264,53400,True,432,215500,0.0,0.0,3,LEFT,greedy,39274,56110,61911,58301,14928,200668,0.06924061670902985,0,107798,2,2,397.04550715404264,370.2611818764619,2,2,,,3,LEFT,False,,
215596,dqn,718,,,10.0,10.0,0.05,0.014649547636508942,2.350022554397583,3.104755401611328,0.30086052417755127,2.3394317626953125,3.0281689167022705,0.07806427776813507,0.8586530685424805,0.6396610736846924,10000,10000,1.0,397.0454295560318,397.0454295560318,53400,True,432,215500,0.0,0.0,3,LEFT,greedy,39274,56110,61911,58301,14928,200668,0.06924061670902985,1,107798,2,2,397.0454295560318,370.2611095131416,2,2,,,3,LEFT,False,,
215642,dqn,719,10.0,520,0.0,0.0,0.05,,,,,,,,,,10000,10000,1.0,397.0453453912521,397.0453453912521,53411,False,432,215500,0.0,0.0,1,FIRE,greedy,39284,56119,61928,58311,14930,200712,0.06923512117305534,1,107821,2,2,397.0453453912521,370.192717052889,2,2,,,1,FIRE,False,,
215995,dqn,719,,,5.0,5.0,0.05,0.0018880246207118034,2.033489227294922,3.1992058753967285,0.769755482673645,2.069305896759033,3.089710235595703,0.051153119653463364,0.16084760427474976,0.2779717743396759,10000,10000,1.0,397.12635934530493,397.12635934530493,53500,True,432,215500,0.0,0.0,3,LEFT,greedy,39353,56205,62015,58423,14950,201046,0.06921424470823534,0,107998,2,2,397.12635934530493,369.7442373579627,2,2,,,3,LEFT,False,,
215996,dqn,719,,,2.0,2.0,0.05,0.0018880246207118034,2.033489227294922,3.1992058753967285,0.769755482673645,2.069305896759033,3.089710235595703,0.051153119653463364,0.16084760427474976,0.2779717743396759,10000,10000,1.0,397.12621277952917,397.12621277952917,53500,True,432,215500,0.0,0.0,0,NOOP,greedy,39353,56205,62015,58423,14950,201046,0.06921424470823534,1,107998,2,2,397.12621277952917,369.74410089799295,2,2,,,0,NOOP,False,,
216160,dqn,720,4.0,259,0.0,0.0,0.05,,,,,,,,,,10000,10000,1.0,397.1515038684862,397.1515038684862,53541,True,433,216000,0.0,0.0,2,RIGHT,greedy,39372,56237,62065,58486,14952,201208,0.06917098445595855,1,108080,2,2,397.1515038684862,369.52595160215213,2,2,,,2,RIGHT,False,,
216395,dqn,720,,,8.0,8.0,0.05,0.0022150203585624695,2.164242744445801,3.325011968612671,0.5514405369758606,2.2054195404052734,3.26273512840271,0.04579906165599823,0.21018266677856445,0.29955655336380005,10000,10000,1.0,397.197765329475,397.197765329475,53600,True,433,216000,0.0,0.0,3,LEFT,greedy,39420,56281,62146,58549,14965,201431,0.06915562210022366,0,108198,2,2,397.197765329475,369.22234280489477,2,2,,,3,LEFT,False,,
216396,dqn,720,,,2.0,2.0,0.05,0.0022150203585624695,2.164242744445801,3.325011968612671,0.5514405369758606,2.2054195404052734,3.26273512840271,0.04579906165599823,0.21018266677856445,0.29955655336380005,10000,10000,1.0,397.1976856305169,397.1976856305169,53600,True,433,216000,0.0,0.0,2,RIGHT,greedy,39420,56281,62146,58549,14965,201431,0.06915562210022366,1,108198,2,2,397.1976856305169,369.22226871929166,2,2,,,2,RIGHT,False,,
216575,dqn,721,10.0,545,0.0,0.0,0.05,,,,,,,,,,10000,10000,1.0,397.22445152621884,397.22445152621884,53645,True,434,216500,0.0,0.0,2,RIGHT,greedy,39447,56313,62203,58613,14973,201603,0.06913508421985816,0,108288,2,2,397.22445152621884,368.98367937543907,2,2,,,2,RIGHT,False,,
216795,dqn,721,,,2.0,2.0,0.05,0.0009455872932448983,2.239009141921997,2.90667986869812,1.0528457164764404,2.2510244846343994,2.927680253982544,0.03087063878774643,0.14951777458190918,0.1784186065196991,10000,10000,1.0,397.2983308030232,397.2983308030232,53700,True,434,216500,0.0,0.0,3,LEFT,greedy,39532,56369,62240,58655,14985,201811,0.06912027897193675,0,108398,2,2,397.2983308030232,368.73133037420894,2,2,,,3,LEFT,False,,
216796,dqn,721,,,5.0,5.0,0.05,0.0009455872932448983,2.239009141921997,2.90667986869812,1.0528457164764404,2.2510244846343994,2.927680253982544,0.03087063878774643,0.14951777458190918,0.1784186065196991,10000,10000,1.0,397.29825674269955,397.29825674269955,53700,True,434,216500,0.0,0.0,0,NOOP,greedy,39532,56369,62240,58655,14985,201811,0.06912027897193675,1,108398,2,2,397.29825674269955,368.7312616390557,2,2,,,0,NOOP,False,,
216962,dqn,722,7.0,401,0.0,0.0,0.05,,,,,,,,,,10000,10000,1.0,397.33241907667247,397.33241907667247,53741,False,434,216500,0.0,0.0,1,FIRE,greedy,39552,56399,62291,58720,14993,201969,0.06910426710668227,1,108481,2,2,397.33241907667247,368.5215553244345,2,2,,,1,FIRE,False,,
217195,dqn,722,,,6.0,6.0,0.05,0.0014600066933780909,2.2393860816955566,3.041853904724121,0.9113373160362244,2.273848056793213,3.1299166679382324,0.04134386032819748,0.1504366397857666,0.20864537358283997,10000,10000,1.0,397.25840543006706,397.25840543006706,53800,True,435,217000,0.0,0.0,0,NOOP,greedy,39634,56426,62342,58794,15000,202196,0.06906204534153483,0,108598,2,2,397.25840543006706,368.11382908029645,2,2,,,0,NOOP,False,,
217196,dqn,722,,,2.0,2.0,0.05,0.0014600066933780909,2.2393860816955566,3.041853904724121,0.9113373160362244,2.273848056793213,3.1299166679382324,0.04134386032819748,0.1504366397857666,0.20864537358283997,10000,10000,1.0,397.2583239619244,397.2583239619244,53800,True,435,217000,0.0,0.0,1,FIRE,greedy,39634,56426,62342,58794,15000,202196,0.06906204534153483,1,108598,2,2,397.2583239619244,368.1137535890053,2,2,,,1,FIRE,False,,
217595,dqn,722,,,14.0,11.0,0.05,0.0013021703343838453,2.4293041229248047,3.2763512134552,1.5762242078781128,2.451335906982422,3.2878663539886475,0.03850751742720604,0.12080597877502441,0.15373916923999786,10000,10000,1.0,397.1255319427203,397.1255319427203,53900,True,436,217500,0.0,0.0,2,RIGHT,greedy,39730,56502,62465,58899,15014,202582,0.0689994301365834,0,108798,2,2,397.1255319427203,367.41439865560125,2,2,,,2,RIGHT,False,,
217596,dqn,722,,,7.0,7.0,0.05,0.0013021703343838453,2.4293041229248047,3.2763512134552,1.5762242078781128,2.451335906982422,3.2878663539886475,0.03850751742720604,0.12080597877502441,0.15373916923999786,10000,10000,1.0,397.12544061320324,397.12544061320324,53900,True,436,217500,0.0,0.0,1,FIRE,greedy,39730,56502,62465,58899,15014,202582,0.0689994301365834,1,108798,2,2,397.12544061320324,367.4143141589449,2,2,,,1,FIRE,False,,
217605,dqn,723,14.0,515,0.0,0.0,0.05,,,,,,,,,,10000,10000,1.0,397.1180326605103,397.1180326605103,53902,False,436,217500,0.0,0.0,2,RIGHT,greedy,39731,56505,62469,58901,15015,202591,0.06900085475584312,0,108803,2,2,397.1180326605103,367.39310330732707,2,2,,,2,RIGHT,False,,
217994,dqn,724,10.0,516,0.0,0.0,0.05,,,,,,,,,,10000,10000,1.0,396.9512514287893,396.9512514287893,53999,False,436,217500,0.0,0.0,2,RIGHT,greedy,39805,56585,62561,59043,15035,202959,0.06896978815930714,1,108997,2,2,396.9512514287893,366.6838614843445,2,2,,,2,RIGHT,False,,
217995,dqn,724,,,3.0,3.0,0.05,0.0016903746873140335,1.9377834796905518,3.113161087036133,0.3909408152103424,1.9675393104553223,3.1215384006500244,0.04707283526659012,0.14732885360717773,0.17128688097000122,10000,10000,1.0,396.94177642115994,396.94177642115994,54000,True,436,217500,0.0,0.0,2,RIGHT,greedy,39805,56586,62562,59043,15035,202961,0.06896915539734674,0,108998,2,2,396.94177642115994,366.67225792699406,2,2,,,2,RIGHT,False,,
217996,dqn,724,,,0.0,0.0,0.05,0.0016903746873140335,1.9377834796905518,3.113161087036133,0.3909408152103424,1.9675393104553223,3.1215384006500244,0.04707283526659012,0.14732885360717773,0.17128688097000122,10000,10000,1.0,396.94163047038546,396.94163047038546,54000,True,436,217500,0.0,0.0,1,FIRE,fire_reset,39805,56586,62562,59043,15035,202961,0.06896915539734674,1,108998,2,2,396.94163047038546,366.6721231059619,2,2,,,1,FIRE,False,initial_serve,
218245,dqn,725,5.0,320,0.0,0.0,0.05,,,,,,,,,,10000,10000,1.0,396.8888991996414,396.8888991996414,54062,False,437,218000,0.0,0.0,3,LEFT,greedy,39900,56616,62623,59107,15047,203199,0.0689451353060308,0,109123,2,2,396.8888991996414,366.26784286455757,2,2,,,3,LEFT,False,,
218395,dqn,725,,,1.0,1.0,0.05,0.004060152918100357,1.9877938032150269,3.0156848430633545,0.6250101327896118,2.0388526916503906,3.038043975830078,0.06099175289273262,0.3529210090637207,0.47105666995048523,10000,10000,1.0,396.8210676205182,396.8210676205182,54100,True,437,218000,0.0,0.0,1,FIRE,greedy,39946,56667,62640,59143,15050,203346,0.06891151852598033,0,109198,2,2,396.8210676205182,365.9926597353403,2,2,,,1,FIRE,False,,
218396,dqn,725,,,3.0,3.0,0.05,0.004060152918100357,1.9877938032150269,3.0156848430633545,0.6250101327896118,2.0388526916503906,3.038043975830078,0.06099175289273262,0.3529210090637207,0.47105666995048523,10000,10000,1.0,396.82098622438986,396.82098622438986,54100,True,437,218000,0.0,0.0,1,FIRE,greedy,39946,56667,62640,59143,15050,203346,0.06891151852598033,1,109198,2,2,396.82098622438986,365.9925846627498,2,2,,,1,FIRE,False,,
218795,dqn,725,,,5.0,5.0,0.05,0.0025654789060354233,2.324329376220703,3.2020976543426514,0.9080038070678711,2.355386734008789,3.211418628692627,0.053633224219083786,0.26093125343322754,0.2421243041753769,10000,10000,1.0,396.65730283727703,396.65730283727703,54200,True,438,218500,0.0,0.0,3,LEFT,greedy,40012,56766,62743,59275,15075,203721,0.06889979707124445,0,109398,2,2,396.65730283727703,365.27758186969623,2,2,,,3,LEFT,False,,
218796,dqn,725,,,7.0,7.0,0.05,0.0025654789060354233,2.324329376220703,3.2020976543426514,0.9080038070678711,2.355386734008789,3.211418628692627,0.053633224219083786,0.26093125343322754,0.2421243041753769,10000,10000,1.0,396.6572199279462,396.6572199279462,54200,True,438,218500,0.0,0.0,3,LEFT,greedy,40012,56766,62743,59275,15075,203721,0.06889979707124445,1,109398,2,2,396.6572199279462,365.27750551935634,2,2,,,3,LEFT,False,,
218900,dqn,726,8.0,453,0.0,0.0,0.05,,,,,,,,,,10000,10000,1.0,396.6414932321942,396.6414932321942,54226,True,438,218500,0.0,0.0,2,RIGHT,greedy,40022,56772,62777,59329,15080,203820,0.06888990406578346,1,109450,2,2,396.6414932321942,365.11700112921494,2,2,,,2,RIGHT,False,,
219167,dqn,727,9.0,461,0.0,0.0,0.05,,,,,,,,,,10000,10000,1.0,396.6333619911997,396.6333619911997,54293,True,439,219000,0.0,0.0,2,RIGHT,greedy,40098,56816,62853,59401,15095,204073,0.06887410570886261,0,109584,2,2,396.6333619911997,364.7344114228956,2,2,,,2,RIGHT,False,,
219195,dqn,727,,,0.0,0.0,0.05,0.003397973719984293,2.241060733795166,3.38131046295166,0.6233750581741333,2.272548198699951,3.2696304321289062,0.05705428123474121,0.23875689506530762,0.2490345984697342,10000,10000,1.0,396.6184740669958,396.6184740669958,54300,True,439,219000,0.0,0.0,2,RIGHT,greedy,40100,56826,62863,59407,15097,204099,0.06887443201518276,0,109598,2,2,396.6184740669958,364.68162959155177,2,2,,,2,RIGHT,False,,
219196,dqn,727,,,3.0,3.0,0.05,0.003397973719984293,2.241060733795166,3.38131046295166,0.6233750581741333,2.272548198699951,3.2696304321289062,0.05705428123474121,0.23875689506530762,0.2490345984697342,10000,10000,1.0,396.61839923867103,396.61839923867103,54300,True,439,219000,0.0,0.0,2,RIGHT,greedy,40100,56826,62863,59407,15097,204099,0.06887443201518276,1,109598,2,2,396.61839923867103,364.68156078861597,2,2,,,2,RIGHT,False,,
219595,dqn,727,,,4.0,4.0,0.05,0.004300971515476704,2.1586787700653076,3.0625579357147217,0.7344223856925964,2.175736904144287,3.144373893737793,0.06257748603820801,0.3553377389907837,0.28614357113838196,10000,10000,1.0,396.51127461664703,396.51127461664703,54400,True,440,219500,0.0,0.0,3,LEFT,greedy,40165,56936,62958,59537,15119,204477,0.06884915936538007,0,109798,2,2,396.51127461664703,364.02676452689565,2,2,,,3,LEFT,False,,
219596,dqn,727,,,7.0,7.0,0.05,0.004300971515476704,2.1586787700653076,3.0625579357147217,0.7344223856925964,2.175736904144287,3.144373893737793,0.06257748603820801,0.3553377389907837,0.28614357113838196,10000,10000,1.0,396.51119836975295,396.51119836975295,54400,True,440,219500,0.0,0.0,2,RIGHT,greedy,40165,56936,62958,59537,15119,204477,0.06884915936538007,1,109798,2,2,396.51119836975295,364.02669452659063,2,2,,,2,RIGHT,False,,
219832,dqn,728,9.0,466,0.0,0.0,0.05,,,,,,,,,,10000,10000,1.0,396.4649445009797,396.4649445009797,54459,True,440,219500,0.0,0.0,2,RIGHT,greedy,40215,56954,63038,59625,15126,204706,0.06880708904981986,1,109916,2,2,396.4649445009797,363.6577945771554,2,2,,,2,RIGHT,False,,
219995,dqn,728,,,7.0,7.0,0.05,0.013739786110818386,2.1469595432281494,3.117384672164917,0.49277350306510925,2.1945881843566895,3.5394256114959717,0.09024892747402191,0.582145631313324,0.5747280120849609,10000,10000,1.0,396.455969487193,396.455969487193,54500,True,440,219500,0.0,0.0,3,LEFT,greedy,40224,57007,63071,59694,15130,204866,0.06877397770868561,0,109998,2,2,396.455969487193,363.423478546387,2,2,,,3,LEFT,False,,
219996,dqn,728,,,1.0,1.0,0.05,0.013739786110818386,2.1469595432281494,3.117384672164917,0.49277350306510925,2.1945881843566895,3.5394256114959717,0.09024892747402191,0.582145631313324,0.5747280120849609,10000,10000,1.0,396.45589770692175,396.45589770692175,54500,True,440,219500,0.0,0.0,2,RIGHT,greedy,40224,57007,63071,59694,15130,204866,0.06877397770868561,1,109998,2,2,396.45589770692175,363.423412746808,2,2,,,2,RIGHT,False,,
220075,dqn,729,8.0,454,0.0,0.0,0.05,,,,,,,,,,10000,10000,1.0,396.47134860218006,396.47134860218006,54520,True,441,220000,0.0,0.0,2,RIGHT,greedy,40237,57015,63094,59730,15135,204941,0.06877169705010996,0,110038,2,2,396.47134860218006,363.3275113885097,2,2,,,2,RIGHT,False,,
220395,dqn,729,,,3.0,3.0,0.05,0.006450633518397808,2.1672205924987793,3.3173089027404785,0.5574732422828674,2.1095993518829346,3.129823923110962,0.08754630386829376,0.3517857789993286,1.205099105834961,10000,10000,1.0,396.5464363888219,396.5464363888219,54600,True,441,220000,0.0,0.0,3,LEFT,greedy,40303,57117,63161,59815,15149,205247,0.06873536724804442,0,110198,2,2,396.5464363888219,362.95744208425026,2,2,,,3,LEFT,False,,
220396,dqn,729,,,5.0,5.0,0.05,0.006450633518397808,2.1672205924987793,3.3173089027404785,0.5574732422828674,2.1095993518829346,3.129823923110962,0.08754630386829376,0.3517857789993286,1.205099105834961,10000,10000,1.0,396.5463644226969,396.5463644226969,54600,True,441,220000,0.0,0.0,3,LEFT,greedy,40303,57117,63161,59815,15149,205247,0.06873536724804442,1,110198,2,2,396.5463644226969,362.95737621393033,2,2,,,3,LEFT,False,,
220702,dqn,730,8.0,435,0.0,0.0,0.05,,,,,,,,,,10000,10000,1.0,396.6388755569994,396.6388755569994,54676,False,442,220500,0.0,0.0,2,RIGHT,greedy,40354,57161,63260,59927,15162,205540,0.06869896965138513,1,110351,2,2,396.6388755569994,362.62445159641464,2,2,,,2,RIGHT,False,,
220795,dqn,730,,,7.0,7.0,0.05,0.0011790897697210312,2.1405258178710938,3.109461784362793,0.7826197743415833,2.1723897457122803,3.101799249649048,0.037203989923000336,0.09886223077774048,0.11982472240924835,10000,10000,1.0,396.65602903733617,396.65602903733617,54700,True,442,220500,0.0,0.0,3,LEFT,greedy,40369,57170,63286,59971,15163,205633,0.06867425134513307,0,110398,2,2,396.65602903733617,362.5122710492387,2,2,,,3,LEFT,False,,
220796,dqn,730,,,1.0,1.0,0.05,0.0011790897697210312,2.1405258178710938,3.109461784362793,0.7826197743415833,2.1723897457122803,3.101799249649048,0.037203989923000336,0.09886223077774048,0.11982472240924835,10000,10000,1.0,396.65595909336963,396.65595909336963,54700,True,442,220500,0.0,0.0,2,RIGHT,random,40369,57170,63286,59971,15163,205633,0.06867425134513307,1,110398,2,2,396.65595909336963,362.5122071259795,2,2,,,2,RIGHT,False,,
220873,dqn,731,8.0,399,0.0,0.0,0.05,,,,,,,,,,10000,10000,1.0,396.6713261703533,396.6713261703533,54719,False,442,220500,0.0,0.0,3,LEFT,greedy,40376,57184,63315,59999,15164,205710,0.06865452701540245,0,110437,2,2,396.6713261703533,362.4202992229537,2,2,,,3,LEFT,False,,
221195,dqn,731,,,3.0,3.0,0.05,0.0017830984434112906,2.2778520584106445,3.0868256092071533,0.7949807047843933,2.3145689964294434,3.16442608833313,0.046513188630342484,0.1415388584136963,0.23893630504608154,10000,10000,1.0,396.7591079475304,396.7591079475304,54800,True,443,221000,0.0,0.0,2,RIGHT,greedy,40434,57239,63409,60114,15171,206025,0.06858623121575436,0,110598,2,2,396.7591079475304,362.0644560941035,2,2,,,2,RIGHT,False,,
221196,dqn,731,,,5.0,5.0,0.05,0.0017830984434112906,2.2778520584106445,3.0868256092071533,0.7949807047843933,2.3145689964294434,3.16442608833313,0.046513188630342484,0.1415388584136963,0.23893630504608154,10000,10000,1.0,396.75903793839643,396.75903793839643,54800,True,443,221000,0.0,0.0,2,RIGHT,greedy,40434,57239,63409,60114,15171,206025,0.06858623121575436,1,110598,2,2,396.75903793839643,362.0643922069274,2,2,,,2,RIGHT,False,,
221595,dqn,731,,,7.0,7.0,0.05,0.0019152956083416939,2.062502145767212,3.2241666316986084,0.7333588600158691,2.058551788330078,3.1864583492279053,0.05132976546883583,0.15997344255447388,0.42324596643447876,10000,10000,1.0,396.8582171389001,396.8582171389001,54900,True,444,221500,0.0,0.0,2,RIGHT,greedy,40506,57315,63550,60225,15195,206401,0.06857073232368815,0,110798,2,2,396.8582171389001,361.61630927461306,2,2,,,2,RIGHT,False,,
221596,dqn,731,,,10.0,10.0,0.05,0.0019152956083416939,2.062502145767212,3.2241666316986084,0.7333588600158691,2.058551788330078,3.1864583492279053,0.05132976546883583,0.15997344255447388,0.42324596643447876,10000,10000,1.0,396.8581451234221,396.8581451234221,54900,True,444,221500,0.0,0.0,1,FIRE,greedy,40506,57315,63550,60225,15195,206401,0.06857073232368815,1,110798,2,2,396.8581451234221,361.6162436542725,2,2,,,1,FIRE,False,,
221890,dqn,732,12.0,594,0.0,0.0,0.05,,,,,,,,,,10000,10000,1.0,396.8960505525683,396.8960505525683,54973,False,444,221500,0.0,0.0,3,LEFT,greedy,40529,57355,63697,60309,15208,206682,0.06853846500518275,1,110945,2,2,396.8960505525683,361.25713617650905,2,2,,,3,LEFT,False,,
221957,dqn,733,11.0,542,0.0,0.0,0.05,,,,,,,,,,10000,10000,1.0,396.90220081087426,396.90220081087426,54990,False,444,221500,0.0,0.0,2,RIGHT,greedy,40533,57370,63716,60339,15209,206749,0.06852197262545166,0,110979,2,2,396.90220081087426,361.17195545835466,2,2,,,2,RIGHT,False,,
221995,dqn,733,,,0.0,0.0,0.05,0.001932654995471239,2.228029251098633,3.085588216781616,0.2609317898750305,2.2718396186828613,3.1269869804382324,0.04427223280072212,0.2147599458694458,0.28920993208885193,10000,10000,1.0,396.90184476520267,396.90184476520267,55000,True,444,221500,0.0,0.0,3,LEFT,greedy,40535,57381,63722,60358,15211,206785,0.06851925259914593,0,110998,2,2,396.90184476520267,361.1209463035506,2,2,,,3,LEFT,False,,
221996,dqn,733,,,1.0,1.0,0.05,0.001932654995471239,2.228029251098633,3.085588216781616,0.2609317898750305,2.2718396186828613,3.1269869804382324,0.04427223280072212,0.2147599458694458,0.28920993208885193,10000,10000,1.0,396.9016963970338,396.9016963970338,55000,True,444,221500,0.0,0.0,1,FIRE,greedy,40535,57381,63722,60358,15211,206785,0.06851925259914593,1,110998,2,2,396.9016963970338,361.1208113108459,2,2,,,1,FIRE,False,,
222395,dqn,733,,,4.0,4.0,0.05,0.0010998467914760113,2.1046948432922363,3.4187910556793213,0.6851170659065247,2.1259896755218506,3.3998093605041504,0.03380589187145233,0.15578269958496094,0.14118611812591553,10000,10000,1.0,396.99897332485864,396.99897332485864,55100,True,445,222000,0.0,0.0,0,NOOP,random,40598,57461,63829,60508,15238,207158,0.06851741937804637,0,111198,2,2,396.99897332485864,360.6775698207264,2,2,,,0,NOOP,False,,
222396,dqn,733,,,4.0,4.0,0.05,0.0010998467914760113,2.1046948432922363,3.4187910556793213,0.6851170659065247,2.1259896755218506,3.3998093605041504,0.03380589187145233,0.15578269958496094,0.14118611812591553,10000,10000,1.0,396.99890160040593,396.99890160040593,55100,True,445,222000,0.0,0.0,3,LEFT,greedy,40598,57461,63829,60508,15238,207158,0.06851741937804637,1,111198,2,2,396.99890160040593,360.677504658338,2,2,,,3,LEFT,False,,
222470,dqn,734,5.0,290,0.0,0.0,0.05,,,,,,,,,,10000,10000,1.0,397.0206153128123,397.0206153128123,55118,False,445,222000,0.0,0.0,3,LEFT,greedy,40603,57468,63855,60544,15243,207227,0.06851710342967592,1,111235,2,2,397.0206153128123,360.59923364351005,2,2,,,3,LEFT,False,,
222791,dqn,735,9.0,417,0.0,0.0,0.05,,,,,,,,,,10000,10000,1.0,396.9680486161404,396.9680486161404,55199,True,446,222500,0.0,0.0,3,LEFT,greedy,40672,57527,63950,60643,15255,207537,0.0684719379510934,0,111396,2,2,396.9680486161404,360.12649638122656,2,2,,,3,LEFT,False,,
222795,dqn,735,,,0.0,0.0,0.05,0.0015087591018527746,2.311760187149048,3.288609504699707,1.2887476682662964,2.3112363815307617,3.3880093097686768,0.04296371340751648,0.13764548301696777,0.2388620525598526,10000,10000,1.0,396.960017112817,396.960017112817,55200,True,446,222500,0.0,0.0,1,FIRE,fire_reset,40672,57531,63950,60643,15255,207541,0.06847070863031653,0,111398,2,2,396.960017112817,360.11394496835067,2,2,,,0,NOOP,True,initial_serve,
222796,dqn,735,,,3.0,3.0,0.05,0.0015087591018527746,2.311760187149048,3.288609504699707,1.2887476682662964,2.3112363815307617,3.3880093097686768,0.04296371340751648,0.13764548301696777,0.2388620525598526,10000,10000,1.0,396.95994332647416,396.95994332647416,55200,True,446,222500,0.0,0.0,1,FIRE,greedy,40672,57531,63950,60643,15255,207541,0.06847070863031653,1,111398,2,2,396.95994332647416,360.1138780309014,2,2,,,1,FIRE,False,,
223195,dqn,735,,,3.0,3.0,0.05,0.0029699711594730616,2.2399537563323975,3.4211459159851074,0.6516704559326172,2.2369515895843506,3.4870784282684326,0.06030937656760216,0.22289705276489258,0.3168122172355652,10000,10000,1.0,396.9220084295891,396.9220084295891,55300,True,447,223000,0.0,0.0,1,FIRE,greedy,40776,57623,64043,60754,15278,207918,0.068451047509812,0,111598,2,2,396.9220084295891,359.55471197705515,2,2,,,1,FIRE,False,,
223196,dqn,735,,,6.0,6.0,0.05,0.0029699711594730616,2.2399537563323975,3.4211459159851074,0.6516704559326172,2.2369515895843506,3.4870784282684326,0.06030937656760216,0.22289705276489258,0.3168122172355652,10000,10000,1.0,396.92193873342956,396.92193873342956,55300,True,447,223000,0.0,0.0,0,NOOP,greedy,40776,57623,64043,60754,15278,207918,0.068451047509812,1,111598,2,2,396.92193873342956,359.5546488422779,2,2,,,0,NOOP,False,,
223322,dqn,736,7.0,426,0.0,0.0,0.05,,,,,,,,,,10000,10000,1.0,396.9141872045182,396.9141872045182,55331,False,447,223000,0.0,0.0,3,LEFT,greedy,40788,57654,64072,60808,15287,208035,0.06845272745184083,1,111661,2,2,396.9141872045182,359.3830383665827,2,2,,,3,LEFT,False,,
223595,dqn,736,,,10.0,7.0,0.05,0.004796662367880344,2.174990653991699,3.384417772293091,0.7069393992424011,2.2104458808898926,3.4246275424957275,0.05901436135172844,0.43796563148498535,0.2645401954650879,10000,10000,1.0,396.8821747354698,396.8821747354698,55400,True,448,223500,0.0,0.0,3,LEFT,greedy,40873,57702,64135,60886,15298,208298,0.06841803967870624,0,111798,2,2,396.8821747354698,358.9973249221338,2,2,,,3,LEFT,False,,
223596,dqn,736,,,3.0,3.0,0.05,0.004796662367880344,2.174990653991699,3.384417772293091,0.7069393992424011,2.2104458808898926,3.4246275424957275,0.05901436135172844,0.43796563148498535,0.2645401954650879,10000,10000,1.0,396.88210196495436,396.88210196495436,55400,True,448,223500,0.0,0.0,0,NOOP,greedy,40873,57702,64135,60886,15298,208298,0.06841803967870624,1,111798,2,2,396.88210196495436,358.9972590980126,2,2,,,0,NOOP,False,,
223849,dqn,737,13.0,529,0.0,0.0,0.05,,,,,,,,,,10000,10000,1.0,396.89325661722705,396.89325661722705,55463,False,448,223500,0.0,0.0,1,FIRE,greedy,40906,57754,64220,60970,15312,208538,0.0684029484029484,0,111925,2,2,396.89325661722705,358.67806012824497,2,2,,,1,FIRE,False,,
223995,dqn,737,,,1.0,1.0,0.05,0.0021634078584611416,2.1174983978271484,3.340226411819458,0.26062747836112976,2.115788221359253,3.2883358001708984,0.0512545220553875,0.1474323868751526,0.3632427453994751,10000,10000,1.0,396.8906814025162,396.8906814025162,55500,True,448,223500,0.0,0.0,1,FIRE,greedy,40928,57793,64258,61017,15321,208675,0.06839854283112198,0,111998,2,2,396.8906814025162,358.48706841929584,2,2,,,1,FIRE,False,,
223996,dqn,737,,,6.0,6.0,0.05,0.0021634078584611416,2.1174983978271484,3.340226411819458,0.26062747836112976,2.115788221359253,3.2883358001708984,0.0512545220553875,0.1474323868751526,0.3632427453994751,10000,10000,1.0,396.89054013626145,396.89054013626145,55500,True,448,223500,0.0,0.0,0,NOOP,greedy,40928,57793,64258,61017,15321,208675,0.06839854283112198,1,111998,2,2,396.89054013626145,358.48694082213143,2,2,,,0,NOOP,False,,
224058,dqn,738,7.0,368,0.0,0.0,0.05,,,,,,,,,,10000,10000,1.0,396.8641850856201,396.8641850856201,55515,False,449,224000,0.0,0.0,2,RIGHT,greedy,40946,57793,64274,61045,15324,208734,0.06839300538253489,1,112029,2,2,396.8641850856201,358.383157804873,2,2,,,2,RIGHT,False,,
224395,dqn,738,,,5.0,5.0,0.05,0.005491936579346657,2.2228469848632812,3.257666826248169,0.5863580703735352,2.263720989227295,3.1915807723999023,0.060504332184791565,0.5019305944442749,0.7111241817474365,10000,10000,1.0,396.84082128535925,396.84082128535925,55600,True,449,224000,0.0,0.0,3,LEFT,greedy,41053,57872,64346,61125,15337,209059,0.06834792064029661,0,112198,2,2,396.84082128535925,357.92747730292564,2,2,,,3,LEFT,False,,
224396,dqn,738,,,4.0,4.0,0.05,0.005491936579346657,2.2228469848632812,3.257666826248169,0.5863580703735352,2.263720989227295,3.1915807723999023,0.060504332184791565,0.5019305944442749,0.7111241817474365,10000,10000,1.0,396.84074798511284,396.84074798511284,55600,True,449,224000,0.0,0.0,1,FIRE,greedy,41053,57872,64346,61125,15337,209059,0.06834792064029661,1,112198,2,2,396.84074798511284,357.9274111903413,2,2,,,1,FIRE,False,,
224619,dqn,739,7.0,385,0.0,0.0,0.05,,,,,,,,,,10000,10000,1.0,396.78680377909524,396.78680377909524,55656,True,450,224500,0.0,0.0,2,RIGHT,greedy,41080,57903,64422,61215,15345,209275,0.06831537708129284,0,112310,2,2,396.78680377909524,357.59208740515317,2,2,,,2,RIGHT,False,,
224795,dqn,739,,,2.0,2.0,0.05,0.0026973052881658077,2.218843936920166,3.1525397300720215,0.34177255630493164,2.201615333557129,3.132960319519043,0.05341902747750282,0.22730505466461182,0.5326565504074097,10000,10000,1.0,396.66820159406296,396.66820159406296,55700,True,450,224500,0.0,0.0,3,LEFT,greedy,41119,57955,64454,61268,15352,209444,0.06829303012509119,0,112398,2,2,396.66820159406296,357.26074972570825,2,2,,,3,LEFT,False,,
224796,dqn,739,,,8.0,8.0,0.05,0.0026973052881658077,2.218843936920166,3.1525397300720215,0.34177255630493164,2.201615333557129,3.132960319519043,0.05341902747750282,0.22730505466461182,0.5326565504074097,10000,10000,1.0,396.66812165788184,396.66812165788184,55700,True,450,224500,0.0,0.0,3,LEFT,greedy,41119,57955,64454,61268,15352,209444,0.06829303012509119,1,112398,2,2,396.66812165788184,357.2606777308776,2,2,,,3,LEFT,False,,
225044,dqn,740,14.0,493,0.0,0.0,0.05,,,,,,,,,,10000,10000,1.0,396.54331061264145,396.54331061264145,55762,True,451,225000,0.0,0.0,2,RIGHT,greedy,41184,58002,64513,61345,15367,209677,0.0682844243792325,1,112522,2,2,396.54331061264145,356.83316589964846,2,2,,,2,RIGHT,False,,
225195,dqn,740,,,6.0,6.0,0.05,0.0021736635826528072,2.225311040878296,3.2003211975097656,0.8988088369369507,2.283453941345215,3.2156786918640137,0.05135678872466087,0.16477012634277344,0.4681101441383362,10000,10000,1.0,396.5739233860379,396.5739233860379,55800,True,451,225000,0.0,0.0,2,RIGHT,greedy,41234,58028,64546,61388,15374,209822,0.0682694186397627,0,112598,2,2,396.5739233860379,356.6681892825737,2,2,,,2,RIGHT,False,,
225196,dqn,740,,,1.0,1.0,0.05,0.0021736635826528072,2.225311040878296,3.2003211975097656,0.8988088369369507,2.283453941345215,3.2156786918640137,0.05135678872466087,0.16477012634277344,0.4681101441383362,10000,10000,1.0,396.5738556769383,396.5738556769383,55800,True,451,225000,0.0,0.0,3,LEFT,random,41234,58028,64546,61388,15374,209822,0.0682694186397627,1,112598,2,2,396.5738556769383,356.66812838678476,2,2,,,3,LEFT,False,,
225463,dqn,741,8.0,422,0.0,0.0,0.05,,,,,,,,,,10000,10000,1.0,396.55411754558696,396.55411754558696,55867,True,451,225000,0.0,0.0,1,FIRE,greedy,41297,58085,64616,61466,15386,210078,0.06824149309867651,0,112732,2,2,396.55411754558696,356.31207979300126,2,2,,,1,FIRE,False,,
225595,dqn,741,,,1.0,1.0,0.05,0.00320608913898468,2.191457748413086,3.0982279777526855,0.5281898379325867,2.224806070327759,3.1206655502319336,0.04409415274858475,0.3721621036529541,0.3085542619228363,10000,10000,1.0,396.5474026199355,396.5474026199355,55900,True,452,225500,0.0,0.0,2,RIGHT,greedy,41320,58113,64651,61512,15393,210203,0.06823259277646766,0,112798,2,2,396.5474026199355,356.13995605531613,2,2,,,2,RIGHT,False,,
225596,dqn,741,,,5.0,5.0,0.05,0.00320608913898468,2.191457748413086,3.0982279777526855,0.5281898379325867,2.224806070327759,3.1206655502319336,0.04409415274858475,0.3721621036529541,0.3085542619228363,10000,10000,1.0,396.54732837478923,396.54732837478923,55900,True,452,225500,0.0,0.0,1,FIRE,greedy,41320,58113,64651,61512,15393,210203,0.06823259277646766,1,112798,2,2,396.54732837478923,356.1398893756129,2,2,,,1,FIRE,False,,
225820,dqn,742,7.0,388,0.0,0.0,0.05,,,,,,,,,,10000,10000,1.0,396.53870372888684,396.53870372888684,55956,True,452,225500,0.0,0.0,2,RIGHT,greedy,41332,58142,64730,61616,15406,210414,0.06822247807988664,1,112910,2,2,396.53870372888684,355.85109710720565,2,2,,,2,RIGHT,False,,
225995,dqn,742,,,6.0,6.0,0.05,0.005418539047241211,2.1396684646606445,3.2665224075317383,0.41755205392837524,2.1740756034851074,3.3564677238464355,0.0795648992061615,0.27694928646087646,0.22223685681819916,10000,10000,1.0,396.44313070740674,396.44313070740674,56000,True,452,225500,0.0,0.0,3,LEFT,random,41369,58172,64784,61671,15413,210583,0.06820032212959522,0,112998,2,2,396.44313070740674,355.5452624184542,2,2,,,3,LEFT,False,,
225996,dqn,742,,,1.0,1.0,0.05,0.005418539047241211,2.1396684646606445,3.2665224075317383,0.41755205392837524,2.1740756034851074,3.3564677238464355,0.0795648992061615,0.27694928646087646,0.22223685681819916,10000,10000,1.0,396.44298600935383,396.44298600935383,56000,True,452,225500,0.0,0.0,2,RIGHT,greedy,41369,58172,64784,61671,15413,210583,0.06820032212959522,1,112998,2,2,396.44298600935383,355.5451326477425,2,2,,,2,RIGHT,False,,
226253,dqn,743,7.0,395,0.0,0.0,0.05,,,,,,,,,,10000,10000,1.0,396.44513468765166,396.44513468765166,56064,False,453,226000,0.0,0.0,3,LEFT,greedy,41391,58221,64852,61790,15421,210833,0.06815791102035765,0,113127,2,2,396.44513468765166,355.22556712508094,2,2,,,3,LEFT,False,,
226395,dqn,743,,,1.0,1.0,0.05,0.002368902089074254,1.8948272466659546,3.0441043376922607,0.20572295784950256,1.9165127277374268,2.9360408782958984,0.0594339445233345,0.14644813537597656,0.22266554832458496,10000,10000,1.0,396.48326259660195,396.48326259660195,56100,True,453,226000,0.0,0.0,2,RIGHT,greedy,41404,58248,64895,61849,15426,210970,0.06813724624109967,0,113198,2,2,396.48326259660195,355.08332826521524,2,2,,,2,RIGHT,False,,
226396,dqn,743,,,4.0,4.0,0.05,0.002368902089074254,1.8948272466659546,3.0441043376922607,0.20572295784950256,1.9165127277374268,2.9360408782958984,0.0594339445233345,0.14644813537597656,0.22266554832458496,10000,10000,1.0,396.4831976754449,396.4831976754449,56100,True,453,226000,0.0,0.0,2,RIGHT,greedy,41404,58248,64895,61849,15426,210970,0.06813724624109967,1,113198,2,2,396.4831976754449,355.08327012298656,2,2,,,2,RIGHT,False,,
226562,dqn,744,6.0,371,0.0,0.0,0.05,,,,,,,,,,10000,10000,1.0,396.52397288980177,396.52397288980177,56141,False,454,226500,0.0,0.0,3,LEFT,greedy,41436,58277,64939,61910,15433,211129,0.06811821929538052,1,113281,2,2,396.52397288980177,354.91405139717796,2,2,,,3,LEFT,False,,
226795,dqn,744,,,5.0,5.0,0.05,0.002203188370913267,2.1449739933013916,3.2407240867614746,0.23840631544589996,2.191091537475586,3.3013646602630615,0.05149470269680023,0.22595834732055664,0.42923101782798767,10000,10000,1.0,396.51566032043144,396.51566032043144,56200,True,454,226500,0.0,0.0,2,RIGHT,greedy,41481,58312,65022,61981,15449,211347,0.06811848533483836,0,113398,2,2,396.51566032043144,354.6175182893489,2,2,,,2,RIGHT,False,,
226796,dqn,744,,,2.0,2.0,0.05,0.002203188370913267,2.1449739933013916,3.2407240867614746,0.23840631544589996,2.191091537475586,3.3013646602630615,0.05149470269680023,0.22595834732055664,0.42923101782798767,10000,10000,1.0,396.5155824496055,396.5155824496055,56200,True,454,226500,0.0,0.0,2,RIGHT,greedy,41481,58312,65022,61981,15449,211347,0.06811848533483836,1,113398,2,2,396.5155824496055,354.61744864680566,2,2,,,2,RIGHT,False,,
227155,dqn,745,10.0,451,0.0,0.0,0.05,,,,,,,,,,10000,10000,1.0,396.58968971488616,396.58968971488616,56290,True,455,227000,0.0,0.0,2,RIGHT,greedy,41513,58347,65167,62129,15471,211685,0.0681073799503425,0,113578,2,2,396.58968971488616,354.24096211297416,2,2,,,2,RIGHT,False,,
227195,dqn,745,,,0.0,0.0,0.05,0.0029305387288331985,1.940791130065918,3.1404001712799072,0.28896403312683105,1.9506218433380127,3.053377389907837,0.05400591343641281,0.27326929569244385,0.2684994041919708,10000,10000,1.0,396.5999106392878,396.5999106392878,56300,True,455,227000,0.0,0.0,1,FIRE,greedy,41522,58361,65180,62133,15473,211723,0.06810419197521084,0,113598,2,2,396.5999106392878,354.2010491587929,2,2,,,1,FIRE,False,,
227196,dqn,745,,,5.0,5.0,0.05,0.0029305387288331985,1.940791130065918,3.1404001712799072,0.28896403312683105,1.9506218433380127,3.053377389907837,0.05400591343641281,0.27326929569244385,0.2684994041919708,10000,10000,1.0,396.5998391634363,396.5998391634363,56300,True,455,227000,0.0,0.0,1,FIRE,greedy,41522,58361,65180,62133,15473,211723,0.06810419197521084,1,113598,2,2,396.5998391634363,354.20098532412993,2,2,,,1,FIRE,False,,
227370,dqn,746,11.0,404,0.0,0.0,0.05,,,,,,,,,,10000,10000,1.0,396.6470556477122,396.6470556477122,56343,False,455,227000,0.0,0.0,3,LEFT,greedy,41556,58403,65221,62190,15483,211887,0.06809605488850771,1,113685,2,2,396.6470556477122,354.03015247947053,2,2,,,3,LEFT,False,,
227595,dqn,746,,,3.0,3.0,0.05,0.0033194771967828274,2.3296597003936768,3.085542678833008,0.9276830554008484,2.350144386291504,3.0850467681884766,0.05053422227501869,0.3490685224533081,0.18710964918136597,10000,10000,1.0,396.6690199358738,396.6690199358738,56400,True,456,227500,0.0,0.0,1,FIRE,greedy,41595,58497,65250,62254,15497,212099,0.06808994885674616,0,113798,2,2,396.6690199358738,353.7739516180959,2,2,,,1,FIRE,False,,
227596,dqn,746,,,2.0,2.0,0.05,0.0033194771967828274,2.3296597003936768,3.085542678833008,0.9276830554008484,2.350144386291504,3.0850467681884766,0.05053422227501869,0.3490685224533081,0.18710964918136597,10000,10000,1.0,396.66895482510336,396.66895482510336,56400,True,456,227500,0.0,0.0,3,LEFT,greedy,41595,58497,65250,62254,15497,212099,0.06808994885674616,1,113798,2,2,396.66895482510336,353.7738935482861,2,2,,,3,LEFT,False,,
227797,dqn,747,5.0,321,0.0,0.0,0.05,,,,,,,,,,10000,10000,1.0,396.6531278248863,396.6531278248863,56450,False,456,227500,0.0,0.0,3,LEFT,greedy,41607,58528,65312,62351,15508,212290,0.06807785845354217,0,113899,2,2,396.6531278248863,353.514097295159,2,2,,,3,LEFT,False,,
227995,dqn,747,,,2.0,2.0,0.05,0.0011334356386214495,2.1693553924560547,3.066009759902954,0.9553078413009644,2.2055580615997314,3.052720546722412,0.03673265129327774,0.14985394477844238,0.2438245564699173,10000,10000,1.0,396.59863714892265,396.59863714892265,56500,True,456,227500,0.0,0.0,1,FIRE,greedy,41649,58552,65376,62419,15517,212479,0.06805821154757101,0,113998,2,2,396.59863714892265,353.22550265401173,2,2,,,1,FIRE,False,,
227996,dqn,747,,,6.0,6.0,0.05,0.0011334356386214495,2.1693553924560547,3.066009759902954,0.9553078413009644,2.2055580615997314,3.052720546722412,0.03673265129327774,0.14985394477844238,0.2438245564699173,10000,10000,1.0,396.59843966935256,396.59843966935256,56500,True,456,227500,0.0,0.0,2,RIGHT,greedy,41649,58552,65376,62419,15517,212479,0.06805821154757101,1,113998,2,2,396.59843966935256,353.2253267713589,2,2,,,2,RIGHT,False,,
228144,dqn,748,7.0,387,0.0,0.0,0.05,,,,,,,,,,10000,10000,1.0,396.56009186928793,396.56009186928793,56537,True,457,228000,0.0,0.0,3,LEFT,greedy,41676,58591,65408,62469,15526,212618,0.06805351006381934,1,114072,2,2,396.56009186928793,353.0122580824183,2,2,,,3,LEFT,False,,
228395,dqn,748,,,7.0,7.0,0.05,0.002025608904659748,2.0231499671936035,3.063460350036621,0.2774938642978668,2.094877243041992,3.10292649269104,0.04978187382221222,0.1814727783203125,0.5575740933418274,10000,10000,1.0,396.5363769852677,396.5363769852677,56600,True,457,228000,0.0,0.0,2,RIGHT,greedy,41729,58651,65479,62537,15537,212859,0.0680265854042978,0,114198,2,2,396.5363769852677,352.6874760815259,2,2,,,2,RIGHT,False,,
228396,dqn,748,,,3.0,3.0,0.05,0.002025608904659748,2.0231499671936035,3.063460350036621,0.2774938642978668,2.094877243041992,3.10292649269104,0.04978187382221222,0.1814727783203125,0.5575740933418274,10000,10000,1.0,396.53631073152735,396.53631073152735,56600,True,457,228000,0.0,0.0,1,FIRE,greedy,41729,58651,65479,62537,15537,212859,0.0680265854042978,1,114198,2,2,396.53631073152735,352.68741715410886,2,2,,,1,FIRE,False,,
228795,dqn,748,,,14.0,11.0,0.05,0.003679925110191107,2.1810786724090576,3.039658546447754,0.7993879318237305,2.1836423873901367,3.051131248474121,0.06751957535743713,0.2607072591781616,0.4936974048614502,10000,10000,1.0,396.47929794235546,396.47929794235546,56700,True,458,228500,0.0,0.0,3,LEFT,greedy,41849,58747,65557,62643,15557,213239,0.06799506984387839,0,114398,2,2,396.47929794235546,352.15719995970045,2,2,,,3,LEFT,False,,
228796,dqn,748,,,7.0,7.0,0.05,0.003679925110191107,2.1810786724090576,3.039658546447754,0.7993879318237305,2.1836423873901367,3.051131248474121,0.06751957535743713,0.2607072591781616,0.4936974048614502,10000,10000,1.0,396.4792249563349,396.4792249563349,56700,True,458,228500,0.0,0.0,1,FIRE,greedy,41849,58747,65557,62643,15557,213239,0.06799506984387839,1,114398,2,2,396.4792249563349,352.1571351327277,2,2,,,1,FIRE,False,,
229082,dqn,749,10.0,469,0.0,0.0,0.05,,,,,,,,,,10000,10000,1.0,396.4491032765724,396.4491032765724,56771,False,459,229000,0.0,0.0,1,FIRE,greedy,41884,58827,65653,62718,15572,213510,0.06797565937088029,1,114541,2,2,396.4491032765724,351.7893799166566,2,2,,,1,FIRE,False,,
229195,dqn,749,,,17.0,14.0,0.05,0.0018564912024885416,2.2449774742126465,3.1317389011383057,0.6316155791282654,2.2466444969177246,3.12201189994812,0.05078323185443878,0.12339943647384644,0.19827918708324432,10000,10000,1.0,396.44259949482455,396.44259949482455,56800,True,459,229000,0.0,0.0,0,NOOP,greedy,41917,58858,65681,62740,15578,213618,0.06796802736522452,0,114598,2,2,396.44259949482455,351.64810843143675,2,2,,,0,NOOP,False,,
229196,dqn,749,,,1.0,1.0,0.05,0.0018564912024885416,2.2449774742126465,3.1317389011383057,0.6316155791282654,2.2466444969177246,3.12201189994812,0.05078323185443878,0.12339943647384644,0.19827918708324432,10000,10000,1.0,396.4425327089868,396.4425327089868,56800,True,459,229000,0.0,0.0,2,RIGHT,greedy,41917,58858,65681,62740,15578,213618,0.06796802736522452,1,114598,2,2,396.4425327089868,351.6480491918052,2,2,,,2,RIGHT,False,,
229367,dqn,750,19.0,785,0.0,0.0,0.05,,,,,,,,,,10000,10000,1.0,396.40166881539943,396.40166881539943,56843,True,459,229000,0.0,0.0,1,FIRE,greedy,41948,58906,65727,62787,15590,213778,0.0679693767221234,0,114684,2,2,396.40166881539943,351.40783645434163,2,2,,,1,FIRE,False,,
229595,dqn,750,,,2.0,2.0,0.05,0.0024944322649389505,2.1532342433929443,3.2648112773895264,0.7117566466331482,2.1917877197265625,3.2139089107513428,0.05110111087560654,0.21962857246398926,0.2886766493320465,10000,10000,1.0,396.3691372195331,396.3691372195331,56900,True,460,229500,0.0,0.0,3,LEFT,greedy,42005,58982,65767,62842,15602,213994,0.06795414554260527,0,114798,2,2,396.3691372195331,351.10948034297326,2,2,,,3,LEFT,False,,
229596,dqn,750,,,6.0,6.0,0.05,0.0024944322649389505,2.1532342433929443,3.2648112773895264,0.7117566466331482,2.1917877197265625,3.2139089107513428,0.05110111087560654,0.21962857246398926,0.2886766493320465,10000,10000,1.0,396.3690667851335,396.3690667851335,56900,True,460,229500,0.0,0.0,0,NOOP,greedy,42005,58982,65767,62842,15602,213994,0.06795414554260527,1,114798,2,2,396.3690667851335,351.1094179511694,2,2,,,0,NOOP,False,,
229944,dqn,751,9.0,431,0.0,0.0,0.05,,,,,,,,,,10000,10000,1.0,396.34839910653074,396.34839910653074,56987,True,460,229500,0.0,0.0,2,RIGHT,random,42059,59055,65872,62958,15627,214317,0.0679600250495773,1,114972,2,2,396.34839910653074,350.68158700729583,2,2,,,2,RIGHT,False,,
229995,dqn,751,,,5.0,5.0,0.05,0.003122820518910885,2.078850746154785,3.1808958053588867,0.7903931736946106,2.123321294784546,3.14544677734375,0.05794403702020645,0.19261527061462402,0.41928985714912415,10000,10000,1.0,396.33763270852603,396.33763270852603,57000,True,460,229500,0.0,0.0,1,FIRE,greedy,42062,59070,65899,62965,15629,214367,0.0679533557105341,0,114998,2,2,396.33763270852603,350.6110579265137,2,2,,,1,FIRE,False,,
229996,dqn,751,,,0.0,0.0,0.05,0.003122820518910885,2.078850746154785,3.1808958053588867,0.7903931736946106,2.123321294784546,3.14544677734375,0.05794403702020645,0.19261527061462402,0.41928985714912415,10000,10000,1.0,396.3374932622351,396.3374932622351,57000,True,460,229500,0.0,0.0,2,RIGHT,greedy,42062,59070,65899,62965,15629,214367,0.0679533557105341,1,114998,2,2,396.3374932622351,350.6109345685291,2,2,,,2,RIGHT,False,,
230343,dqn,752,9.0,488,0.0,0.0,0.05,,,,,,,,,,10000,10000,1.0,396.413008849481,396.413008849481,57087,True,461,230000,0.0,0.0,2,RIGHT,greedy,42133,59125,66019,63067,15643,214701,0.0679114715382211,0,115172,2,2,396.413008849481,350.2706611367798,2,2,,,2,RIGHT,False,,
230395,dqn,752,,,0.0,0.0,0.05,0.012658998370170593,2.0546798706054688,2.9677422046661377,0.8488545417785645,2.144461154937744,3.1778576374053955,0.08093088865280151,0.76031494140625,0.8894537687301636,10000,10000,1.0,396.42734433584553,396.42734433584553,57100,True,461,230000,0.0,0.0,1,FIRE,fire_reset,42136,59140,66038,63082,15648,214748,0.06791784579593396,0,115198,2,2,396.42734433584553,350.222684843099,2,2,,,3,LEFT,True,after_life_loss,
230396,dqn,752,,,4.0,4.0,0.05,0.012658998370170593,2.0546798706054688,2.9677422046661377,0.8488545417785645,2.144461154937744,3.1778576374053955,0.08093088865280151,0.76031494140625,0.8894537687301636,10000,10000,1.0,396.4272747950984,396.4272747950984,57100,True,461,230000,0.0,0.0,2,RIGHT,greedy,42136,59140,66038,63082,15648,214748,0.06791784579593396,1,115198,2,2,396.4272747950984,350.2226234075106,2,2,,,2,RIGHT,False,,
230795,dqn,752,,,5.0,5.0,0.05,0.003601861884817481,2.3001956939697266,3.3419063091278076,1.2042903900146484,2.3159523010253906,3.3621773719787598,0.0503976009786129,0.34567785263061523,0.1370864361524582,10000,10000,1.0,396.53336427086714,396.53336427086714,57200,True,462,230500,0.0,0.0,2,RIGHT,greedy,42242,59273,66135,63146,15671,215125,0.06789979029099291,0,115398,2,2,396.53336427086714,349.85134996582104,2,2,,,2,RIGHT,False,,
230796,dqn,752,,,8.0,8.0,0.05,0.003601861884817481,2.3001956939697266,3.3419063091278076,1.2042903900146484,2.3159523010253906,3.3621773719787598,0.0503976009786129,0.34567785263061523,0.1370864361524582,10000,10000,1.0,396.53329911345946,396.53329911345946,57200,True,462,230500,0.0,0.0,0,NOOP,greedy,42242,59273,66135,63146,15671,215125,0.06789979029099291,1,115398,2,2,396.53329911345946,349.8512924790895,2,2,,,0,NOOP,False,,
230942,dqn,753,9.0,499,0.0,0.0,0.05,,,,,,,,,,10000,10000,1.0,396.5690124200356,396.5690124200356,57236,False,462,230500,0.0,0.0,1,FIRE,greedy,42277,59321,66157,63187,15688,215254,0.0679304760502637,1,115471,2,2,396.5690124200356,349.71376970837423,2,2,,,1,FIRE,False,,
231139,dqn,754,8.0,398,0.0,0.0,0.05,,,,,,,,,,10000,10000,1.0,396.58255612032974,396.58255612032974,57286,True,463,231000,0.0,0.0,0,NOOP,greedy,42318,59378,66212,63232,15701,215439,0.06792852816474863,0,115570,2,2,396.58255612032974,349.4970719141872,2,2,,,0,NOOP,False,,
231195,dqn,754,,,0.0,0.0,0.05,0.006309820804744959,2.135723114013672,2.895601987838745,0.9826840162277222,2.154344081878662,2.9197354316711426,0.058423660695552826,0.5448337197303772,0.4699271023273468,10000,10000,1.0,396.58613158759556,396.58613158759556,57300,True,463,231000,0.0,0.0,2,RIGHT,greedy,42348,59387,66222,63239,15703,215493,0.06792072527206353,0,115598,2,2,396.58613158759556,349.4356812651519,2,2,,,2,RIGHT,False,,
231196,dqn,754,,,2.0,2.0,0.05,0.006309820804744959,2.135723114013672,2.895601987838745,0.9826840162277222,2.154344081878662,2.9197354316711426,0.058423660695552826,0.5448337197303772,0.4699271023273468,10000,10000,1.0,396.5860601378729,396.5860601378729,57300,True,463,231000,0.0,0.0,0,NOOP,greedy,42348,59387,66222,63239,15703,215493,0.06792072527206353,1,115598,2,2,396.5860601378729,349.43561831014534,2,2,,,0,NOOP,False,,
231595,dqn,754,,,4.0,4.0,0.05,0.005681653041392565,2.027507781982422,2.965303421020508,-0.2508791983127594,2.018169641494751,2.982032060623169,0.07226605713367462,0.2738550901412964,0.46192774176597595,10000,10000,1.0,396.66311922503036,396.66311922503036,57400,True,464,231500,0.0,0.0,1,FIRE,greedy,42436,59510,66307,63343,15726,215870,0.067902727162818,0,115798,2,2,396.66311922503036,349.0440125841216,2,2,,,1,FIRE,False,,
231596,dqn,754,,,6.0,6.0,0.05,0.005681653041392565,2.027507781982422,2.965303421020508,-0.2508791983127594,2.018169641494751,2.982032060623169,0.07226605713367462,0.2738550901412964,0.46192774176597595,10000,10000,1.0,396.66305597582294,396.66305597582294,57400,True,464,231500,0.0,0.0,1,FIRE,greedy,42436,59510,66307,63343,15726,215870,0.067902727162818,1,115798,2,2,396.66305597582294,349.04395692793355,2,2,,,1,FIRE,False,,
231995,dqn,754,,,9.0,9.0,0.05,0.004198335111141205,2.113792896270752,3.250535011291504,0.2623855471611023,2.1796820163726807,3.292302370071411,0.062173936516046524,0.33352184295654297,0.7231462001800537,10000,10000,1.0,396.7381699884009,396.7381699884009,57500,True,464,231500,0.0,0.0,1,FIRE,greedy,42507,59600,66409,63480,15747,216249,0.06787617027879791,0,115998,2,2,396.7381699884009,348.6532489038647,2,2,,,1,FIRE,False,,
231996,dqn,754,,,11.0,11.0,0.05,0.004198335111141205,2.113792896270752,3.250535011291504,0.2623855471611023,2.1796820163726807,3.292302370071411,0.062173936516046524,0.33352184295654297,0.7231462001800537,10000,10000,1.0,396.73803965153036,396.73803965153036,57500,True,464,231500,0.0,0.0,2,RIGHT,greedy,42507,59600,66409,63480,15747,216249,0.06787617027879791,1,115998,2,2,396.73803965153036,348.6531343639066,2,2,,,2,RIGHT,False,,
232004,dqn,755,11.0,531,0.0,0.0,0.05,,,,,,,,,,10000,10000,1.0,396.73113894419254,396.73113894419254,57502,True,465,232000,0.0,0.0,2,RIGHT,greedy,42509,59602,66410,63483,15747,216257,0.06787382976155583,1,116002,2,2,396.73113894419254,348.6379623329916,2,2,,,2,RIGHT,False,,
232395,dqn,755,,,13.0,13.0,0.05,0.0028281232807785273,2.2845559120178223,3.261240005493164,1.061463713645935,2.276294231414795,3.188358783721924,0.05254931002855301,0.2143692970275879,0.3428023159503937,10000,10000,1.0,396.8075376393749,396.8075376393749,57600,True,465,232000,0.0,0.0,3,LEFT,greedy,42593,59743,66513,63547,15773,216623,0.06787121981445464,0,116198,2,2,396.8075376393749,348.260085339588,2,2,,,3,LEFT,False,,
232396,dqn,755,,,3.0,3.0,0.05,0.0028281232807785273,2.2845559120178223,3.261240005493164,1.061463713645935,2.276294231414795,3.188358783721924,0.05254931002855301,0.2143692970275879,0.3428023159503937,10000,10000,1.0,396.80747603464505,396.80747603464505,57600,True,465,232000,0.0,0.0,0,NOOP,greedy,42593,59743,66513,63547,15773,216623,0.06787121981445464,1,116198,2,2,396.80747603464505,348.2600312718941,2,2,,,0,NOOP,False,,
232625,dqn,756,19.0,743,0.0,0.0,0.05,,,,,,,,,,10000,10000,1.0,396.8215436315221,396.8215436315221,57657,False,466,232500,0.0,0.0,1,FIRE,greedy,42619,59785,66608,63614,15789,216837,0.06787289468932965,0,116313,2,2,396.8215436315221,348.01248778077627,2,2,,,1,FIRE,False,,
232714,dqn,757,6.0,355,0.0,0.0,0.05,,,,,,,,,,10000,10000,1.0,396.8023655331293,396.8023655331293,57679,False,466,232500,0.0,0.0,1,FIRE,greedy,42644,59804,66636,63630,15793,216921,0.06786441726754729,1,116357,2,2,396.8023655331293,347.89647547612407,2,2,,,1,FIRE,False,,
232795,dqn,757,,,2.0,2.0,0.05,0.0023168581537902355,1.9996416568756104,3.3807451725006104,0.16088324785232544,1.978240728378296,3.34281325340271,0.055448830127716064,0.13742339611053467,0.4666709303855896,10000,10000,1.0,396.78500654798285,396.78500654798285,57700,True,466,232500,0.0,0.0,1,FIRE,greedy,42670,59851,66643,63632,15795,217001,0.06784910393649375,0,116398,2,2,396.78500654798285,347.7889484033563,2,2,,,1,FIRE,False,,
232796,dqn,757,,,0.0,0.0,0.05,0.0023168581537902355,1.9996416568756104,3.3807451725006104,0.16088324785232544,1.978240728378296,3.34281325340271,0.055448830127716064,0.13742339611053467,0.4666709303855896,10000,10000,1.0,396.7849342285087,396.7849342285087,57700,True,466,232500,0.0,0.0,0,NOOP,greedy,42670,59851,66643,63632,15795,217001,0.06784910393649375,1,116398,2,2,396.7849342285087,347.7888850140814,2,2,,,0,NOOP,False,,
233195,dqn,757,,,6.0,6.0,0.05,0.001965479925274849,2.068983316421509,2.9912145137786865,-0.3883572518825531,2.1152267456054688,2.978985071182251,0.04650198668241501,0.18620896339416504,0.4515872001647949,10000,10000,1.0,396.7500094121823,396.7500094121823,57800,True,467,233000,0.0,0.0,3,LEFT,greedy,42793,59952,66727,63724,15811,217385,0.06780133449973413,0,116598,2,2,396.7500094121823,347.3096609315717,2,2,,,3,LEFT,False,,
233196,dqn,757,,,4.0,4.0,0.05,0.001965479925274849,2.068983316421509,2.9912145137786865,-0.3883572518825531,2.1152267456054688,2.978985071182251,0.04650198668241501,0.18620896339416504,0.4515872001647949,10000,10000,1.0,396.7499452405654,396.7499452405654,57800,True,467,233000,0.0,0.0,2,RIGHT,greedy,42793,59952,66727,63724,15811,217385,0.06780133449973413,1,116598,2,2,396.7499452405654,347.30960475659515,2,2,,,2,RIGHT,False,,
233388,dqn,758,6.0,337,0.0,0.0,0.05,,,,,,,,,,10000,10000,1.0,396.7429146111032,396.7429146111032,57848,True,467,233000,0.0,0.0,1,FIRE,greedy,42812,59993,66783,63800,15820,217568,0.0677841191492279,1,116694,2,2,396.7429146111032,347.08907606102554,2,2,,,1,FIRE,False,,
233471,dqn,759,8.0,423,0.0,0.0,0.05,,,,,,,,,,10000,10000,1.0,396.7309989885744,396.7309989885744,57869,True,467,233000,0.0,0.0,1,FIRE,greedy,42819,60030,66799,63824,15826,217646,0.06778543037280702,0,116736,2,2,396.7309989885744,346.9850597723135,2,2,,,1,FIRE,False,,
233595,dqn,759,,,1.0,1.0,0.05,0.0031672618351876736,2.072756290435791,3.3047735691070557,0.998113751411438,2.1358842849731445,3.343526601791382,0.06352192163467407,0.20615029335021973,0.6161080002784729,10000,10000,1.0,396.6950011436768,396.6950011436768,57900,True,468,233500,0.0,0.0,1,FIRE,greedy,42859,60074,66818,63845,15834,217762,0.06778369492628299,0,116798,2,2,396.6950011436768,346.81564375863917,2,2,,,1,FIRE,False,,
233596,dqn,759,,,1.0,1.0,0.05,0.0031672618351876736,2.072756290435791,3.3047735691070557,0.998113751411438,2.1358842849731445,3.343526601791382,0.06352192163467407,0.20615029335021973,0.6161080002784729,10000,10000,1.0,396.69493470839933,396.69493470839933,57900,True,468,233500,0.0,0.0,3,LEFT,greedy,42859,60074,66818,63845,15834,217762,0.06778369492628299,1,116798,2,2,396.69493470839933,346.815585676754,2,2,,,3,LEFT,False,,
233995,dqn,759,,,5.0,5.0,0.05,0.002422846620902419,1.9746077060699463,3.3770484924316406,0.4197584092617035,2.007741928100586,3.3636317253112793,0.04800235480070114,0.20998740196228027,0.28553307056427,10000,10000,1.0,396.5856434998682,396.5856434998682,58000,True,468,233500,0.0,0.0,1,FIRE,random,42935,60189,66917,63955,15850,218146,0.067736200618814,0,116998,2,2,396.5856434998682,346.276956910636,2,2,,,1,FIRE,False,,
233996,dqn,759,,,5.0,5.0,0.05,0.002422846620902419,1.9746077060699463,3.3770484924316406,0.4197584092617035,2.007741928100586,3.3636317253112793,0.04800235480070114,0.20998740196228027,0.28553307056427,10000,10000,1.0,396.5855689657509,396.5855689657509,58000,True,468,233500,0.0,0.0,2,RIGHT,greedy,42935,60189,66917,63955,15850,218146,0.067736200618814,1,116998,2,2,396.5855689657509,346.2768918315093,2,2,,,2,RIGHT,False,,
234062,dqn,760,6.0,337,0.0,0.0,0.05,,,,,,,,,,10000,10000,1.0,396.5577687655405,396.5577687655405,58016,False,469,234000,0.0,0.0,3,LEFT,greedy,42941,60201,66943,63977,15859,218203,0.06775555194777452,1,117031,2,2,396.5577687655405,346.1797693335917,2,2,,,3,LEFT,False,,
234239,dqn,761,7.0,384,0.0,0.0,0.05,,,,,,,,,,10000,10000,1.0,396.4439052576047,396.4439052576047,58061,True,469,234000,0.0,0.0,1,FIRE,greedy,42961,60249,66998,64032,15866,218374,0.06773394808743169,0,117120,2,2,396.4439052576047,345.88431304954304,2,2,,,1,FIRE,False,,
234395,dqn,761,,,1.0,1.0,0.05,0.003907185047864914,1.8834640979766846,3.184126853942871,-0.1496390402317047,1.8659001588821411,3.1528944969177246,0.05797155201435089,0.3448021411895752,0.669148325920105,10000,10000,1.0,396.3735454128209,396.3735454128209,58100,True,469,234000,0.0,0.0,2,RIGHT,greedy,43015,60263,67040,64078,15870,218526,0.06770593354835407,0,117198,2,2,396.3735454128209,345.6515578982394,2,2,,,2,RIGHT,False,,
234396,dqn,761,,,3.0,3.0,0.05,0.003907185047864914,1.8834640979766846,3.184126853942871,-0.1496390402317047,1.8659001588821411,3.1528944969177246,0.05797155201435089,0.3448021411895752,0.669148325920105,10000,10000,1.0,396.37346042491527,396.37346042491527,58100,True,469,234000,0.0,0.0,0,NOOP,greedy,43015,60263,67040,64078,15870,218526,0.06770593354835407,1,117198,2,2,396.37346042491527,345.65148378582114,2,2,,,0,NOOP,False,,
234710,dqn,762,6.0,324,0.0,0.0,0.05,,,,,,,,,,10000,10000,1.0,396.26537413985375,396.26537413985375,58178,False,470,234500,0.0,0.0,3,LEFT,greedy,43080,60369,67106,64155,15883,218827,0.06767074261855055,1,117355,2,2,396.26537413985375,345.21359202867296,2,2,,,3,LEFT,False,,
234795,dqn,762,,,5.0,5.0,0.05,0.002649107715114951,2.110593795776367,3.068100690841675,0.7236315608024597,2.132200241088867,3.0887372493743896,0.051729779690504074,0.1877673864364624,0.2264651656150818,10000,10000,1.0,396.22993198604513,396.22993198604513,58200,True,470,234500,0.0,0.0,3,LEFT,greedy,43113,60395,67117,64171,15884,218912,0.06765021550622669,0,117398,2,2,396.22993198604513,345.08888657896176,2,2,,,3,LEFT,False,,
234796,dqn,762,,,1.0,1.0,0.05,0.002649107715114951,2.110593795776367,3.068100690841675,0.7236315608024597,2.132200241088867,3.0887372493743896,0.051729779690504074,0.1877673864364624,0.2264651656150818,10000,10000,1.0,396.22986035656675,396.22986035656675,58200,True,470,234500,0.0,0.0,0,NOOP,greedy,43113,60395,67117,64171,15884,218912,0.06765021550622669,1,117398,2,2,396.22986035656675,345.0888241946365,2,2,,,0,NOOP,False,,
235195,dqn,762,,,9.0,9.0,0.05,0.0041913664899766445,2.189408302307129,3.408522844314575,0.5363633036613464,2.192565679550171,3.3722846508026123,0.06149081513285637,0.3314462900161743,0.3748648464679718,10000,10000,1.0,396.0780026647221,396.0780026647221,58300,True,471,235000,0.0,0.0,2,RIGHT,greedy,43169,60487,67255,64285,15910,219286,0.06764570826034456,0,117598,2,2,396.0780026647221,344.5218864268616,2,2,,,2,RIGHT,False,,
235196,dqn,762,,,4.0,4.0,0.05,0.0041913664899766445,2.189408302307129,3.408522844314575,0.5363633036613464,2.192565679550171,3.3722846508026123,0.06149081513285637,0.3314462900161743,0.3748648464679718,10000,10000,1.0,396.0779270086532,396.0779270086532,58300,True,471,235000,0.0,0.0,2,RIGHT,greedy,43169,60487,67255,64285,15910,219286,0.06764570826034456,1,117598,2,2,396.0779270086532,344.521820618684,2,2,,,2,RIGHT,False,,
235333,dqn,763,10.0,547,0.0,0.0,0.05,,,,,,,,,,10000,10000,1.0,396.0298039950939,396.0298039950939,58334,False,471,235000,0.0,0.0,3,LEFT,greedy,43190,60519,67295,64330,15913,219421,0.0676187886153297,0,117667,2,2,396.0298039950939,344.33061127795463,2,2,,,3,LEFT,False,,
235514,dqn,764,7.0,402,0.0,0.0,0.05,,,,,,,,,,10000,10000,1.0,395.9432433765516,395.9432433765516,58379,False,472,235500,0.0,0.0,1,FIRE,greedy,43203,60558,67358,64395,15920,219594,0.06759683076165324,1,117757,2,2,395.9432433765516,344.0610454291998,2,2,,,1,FIRE,False,,
235595,dqn,764,,,2.0,2.0,0.05,0.0033023543655872345,2.1573033332824707,3.4259445667266846,0.2286665141582489,2.180825710296631,3.3373465538024902,0.0581638365983963,0.2668191194534302,0.21973241865634918,10000,10000,1.0,395.92377084099434,395.92377084099434,58400,True,472,235500,0.0,0.0,1,FIRE,greedy,43217,60567,67377,64435,15921,219675,0.06757754800590841,0,117798,2,2,395.92377084099434,343.95578304321253,2,2,,,1,FIRE,False,,
235596,dqn,764,,,1.0,1.0,0.05,0.0033023543655872345,2.1573033332824707,3.4259445667266846,0.2286665141582489,2.180825710296631,3.3373465538024902,0.0581638365983963,0.2668191194534302,0.21973241865634918,10000,10000,1.0,395.9236978941585,395.9236978941585,58400,True,472,235500,0.0,0.0,2,RIGHT,greedy,43217,60567,67377,64435,15921,219675,0.06757754800590841,1,117798,2,2,395.9236978941585,343.95571967120037,2,2,,,2,RIGHT,False,,
235995,dqn,764,,,7.0,7.0,0.05,0.0012273532338440418,2.0852808952331543,3.246225357055664,0.26743417978286743,2.0841875076293945,3.2472851276397705,0.037338268011808395,0.127272367477417,0.2629936933517456,10000,10000,1.0,395.99937851192965,395.99937851192965,58500,True,472,235500,0.0,0.0,1,FIRE,fire_reset,43296,60683,67474,64543,15944,220052,0.06756046712656147,0,117998,2,2,395.99937851192965,343.5919781879664,2,2,,,1,FIRE,False,after_life_loss,
235996,dqn,764,,,4.0,4.0,0.05,0.0012273532338440418,2.0852808952331543,3.246225357055664,0.26743417978286743,2.0841875076293945,3.2472851276397705,0.037338268011808395,0.127272367477417,0.2629936933517456,10000,10000,1.0,395.99924544555074,395.99924544555074,58500,True,472,235500,0.0,0.0,0,NOOP,greedy,43296,60683,67474,64543,15944,220052,0.06756046712656147,1,117998,2,2,395.99924544555074,343.5918627318752,2,2,,,0,NOOP,False,,
236330,dqn,765,7.0,408,0.0,0.0,0.05,,,,,,,,,,10000,10000,1.0,396.02234494429723,396.02234494429723,58583,False,473,236000,0.0,0.0,1,FIRE,greedy,43356,60788,67560,64626,15965,220365,0.06755384420090552,1,118165,2,2,396.02234494429723,343.2551924766587,2,2,,,1,FIRE,False,,
236395,dqn,765,,,11.0,11.0,0.05,0.003745906986296177,2.0484626293182373,3.0007410049438477,0.24904532730579376,2.057924509048462,3.024564504623413,0.056115567684173584,0.2867356538772583,0.37842199206352234,10000,10000,1.0,396.0161686274678,396.0161686274678,58600,True,473,236000,0.0,0.0,2,RIGHT,greedy,43378,60801,67573,64644,15968,220428,0.06754767424152693,0,118198,2,2,396.0161686274678,343.179558780532,2,2,,,2,RIGHT,False,,
236396,dqn,765,,,1.0,1.0,0.05,0.003745906986296177,2.0484626293182373,3.0007410049438477,0.24904532730579376,2.057924509048462,3.024564504623413,0.056115567684173584,0.2867356538772583,0.37842199206352234,10000,10000,1.0,396.0160987193379,396.0160987193379,58600,True,473,236000,0.0,0.0,2,RIGHT,greedy,43378,60801,67573,64644,15968,220428,0.06754767424152693,1,118198,2,2,396.0160987193379,343.1794981995682,2,2,,,2,RIGHT,False,,
236559,dqn,766,12.0,613,0.0,0.0,0.05,,,,,,,,,,10000,10000,1.0,396.039180946268,396.039180946268,58641,True,474,236500,0.0,0.0,3,LEFT,greedy,43388,60868,67616,64688,15979,220581,0.0675473452823808,0,118280,2,2,396.039180946268,343.0251488160851,2,2,,,3,LEFT,False,,
236795,dqn,766,,,3.0,3.0,0.05,0.0016960781067609787,1.9181373119354248,3.391174793243408,0.31645771861076355,1.9637773036956787,3.3608615398406982,0.049888480454683304,0.1191464364528656,0.22796307504177094,10000,10000,1.0,396.0870394709404,396.0870394709404,58700,True,474,236500,1.0,1.0,1,FIRE,greedy,43439,60942,67671,64744,15992,220804,0.06753492457642865,0,118398,2,2,396.0870394709404,342.816407638238,2,2,,,1,FIRE,False,,
236796,dqn,766,,,4.0,4.0,0.05,0.0016960781067609787,1.9181373119354248,3.391174793243408,0.31645771861076355,1.9637773036956787,3.3608615398406982,0.049888480454683304,0.1191464364528656,0.22796307504177094,10000,10000,1.0,396.0869735267855,396.0869735267855,58700,True,474,236500,0.0,0.0,0,NOOP,greedy,43439,60942,67671,64744,15992,220804,0.06753492457642865,1,118398,2,2,396.0869735267855,342.81635056306,2,2,,,0,NOOP,False,,
237128,dqn,767,8.0,399,0.0,0.0,0.05,,,,,,,,,,10000,10000,1.0,396.13579389663397,396.13579389663397,58783,True,475,237000,0.0,0.0,2,RIGHT,greedy,43496,61030,67762,64840,16010,221118,0.06751627812826828,1,118564,2,2,396.13579389663397,342.50805282335125,2,2,,,2,RIGHT,False,,
237195,dqn,767,,,7.0,7.0,0.05,0.006701925303786993,1.8563534021377563,3.3102221488952637,-0.3102477192878723,1.8249013423919678,3.1640326976776123,0.07668811082839966,0.4537930488586426,0.7571777701377869,10000,10000,1.0,396.13042536568383,396.13042536568383,58800,True,475,237000,0.0,0.0,1,FIRE,greedy,43524,61047,67771,64854,16012,221184,0.06750535422182499,0,118598,2,2,396.13042536568383,342.43182153648337,2,2,,,1,FIRE,False,,
237196,dqn,767,,,1.0,1.0,0.05,0.006701925303786993,1.8563534021377563,3.3102221488952637,-0.3102477192878723,1.8249013423919678,3.1640326976776123,0.07668811082839966,0.4537930488586426,0.7571777701377869,10000,10000,1.0,396.1303539950541,396.1303539950541,58800,True,475,237000,0.0,0.0,1,FIRE,greedy,43524,61047,67771,64854,16012,221184,0.06750535422182499,1,118598,2,2,396.1303539950541,342.43175984070547,2,2,,,1,FIRE,False,,
237471,dqn,768,9.0,456,0.0,0.0,0.05,,,,,,,,,,10000,10000,1.0,396.12281162960903,396.12281162960903,58869,True,475,237000,0.0,0.0,2,RIGHT,greedy,43586,61129,67833,64924,16034,221438,0.0675195391456677,0,118736,2,2,396.12281162960903,342.13540329414906,2,2,,,2,RIGHT,False,,
237595,dqn,768,,,1.0,1.0,0.05,0.0015168157406151295,2.1913204193115234,3.1902732849121094,0.9170724153518677,2.1783318519592285,3.171673536300659,0.03792239725589752,0.2014235258102417,0.351509690284729,10000,10000,1.0,396.10926040331356,396.10926040331356,58900,True,476,237500,0.0,0.0,0,NOOP,greedy,43607,61166,67874,64949,16037,221559,0.067496927557703,0,118798,2,2,396.10926040331356,341.99386550039856,2,2,,,0,NOOP,False,,
237596,dqn,768,,,4.0,4.0,0.05,0.0015168157406151295,2.1913204193115234,3.1902732849121094,0.9170724153518677,2.1783318519592285,3.171673536300659,0.03792239725589752,0.2014235258102417,0.351509690284729,10000,10000,1.0,396.10919700195353,396.10919700195353,58900,True,476,237500,0.0,0.0,2,RIGHT,greedy,43607,61166,67874,64949,16037,221559,0.067496927557703,1,118798,2,2,396.10919700195353,341.99381076076395,2,2,,,2,RIGHT,False,,
237926,dqn,769,7.0,399,0.0,0.0,0.05,,,,,,,,,,10000,10000,1.0,396.09958920101076,396.09958920101076,58982,False,476,237500,0.0,0.0,1,FIRE,greedy,43666,61259,67961,65040,16054,221872,0.06747476106016156,1,118963,2,2,396.09958920101076,341.64113676986096,2,2,,,1,FIRE,False,,
237995,dqn,769,,,6.0,6.0,0.05,0.0016736573306843638,2.2706470489501953,3.3125905990600586,0.5066630840301514,2.2789533138275146,3.407299280166626,0.04817214235663414,0.12353157997131348,0.15566325187683105,10000,10000,1.0,396.08989763848217,396.08989763848217,59000,True,476,237500,0.0,0.0,2,RIGHT,greedy,43680,61272,67997,65047,16056,221940,0.06746331871123884,0,118998,2,2,396.08989763848217,341.5599411518022,2,2,,,2,RIGHT,False,,
237996,dqn,769,,,0.0,0.0,0.05,0.0016736573306843638,2.2706470489501953,3.3125905990600586,0.5066630840301514,2.2789533138275146,3.407299280166626,0.04817214235663414,0.12353157997131348,0.15566325187683105,10000,10000,1.0,396.0897724661604,396.0897724661604,59000,True,476,237500,0.0,0.0,0,NOOP,greedy,43680,61272,67997,65047,16056,221940,0.06746331871123884,1,118998,2,2,396.0897724661604,341.55983321203627,2,2,,,0,NOOP,False,,
238395,dqn,769,,,11.0,11.0,0.05,0.00388244166970253,2.081913948059082,3.3370816707611084,0.817040741443634,2.039619207382202,3.2290291786193848,0.0725669413805008,0.21476233005523682,0.7880440950393677,10000,10000,1.0,396.04616804922694,396.04616804922694,59100,True,477,238000,0.0,0.0,1,FIRE,greedy,43777,61384,68104,65131,16080,222316,0.06745079615429789,0,119198,2,2,396.04616804922694,341.1074824354154,2,2,,,1,FIRE,False,,
238396,dqn,769,,,5.0,5.0,0.05,0.00388244166970253,2.081913948059082,3.3370816707611084,0.817040741443634,2.039619207382202,3.2290291786193848,0.0725669413805008,0.21476233005523682,0.7880440950393677,10000,10000,1.0,396.046103221048,396.046103221048,59100,True,477,238000,0.0,0.0,3,LEFT,greedy,43777,61384,68104,65131,16080,222316,0.06745079615429789,1,119198,2,2,396.046103221048,341.1074266000641,2,2,,,3,LEFT,False,,
238740,dqn,770,8.0,407,0.0,0.0,0.05,,,,,,,,,,10000,10000,1.0,396.0380674861494,396.0380674861494,59186,True,478,238500,0.0,0.0,2,RIGHT,greedy,43812,61470,68198,65260,16104,222636,0.06745413420457401,1,119370,2,2,396.0380674861494,340.74574106834115,2,2,,,2,RIGHT,False,,
238793,dqn,771,18.0,661,0.0,0.0,0.05,,,,,,,,,,10000,10000,1.0,396.0374076756153,396.0374076756153,59199,False,478,238500,0.0,0.0,1,FIRE,greedy,43816,61486,68217,65275,16110,222684,0.06746400663333249,0,119397,2,2,396.0374076756153,340.68964338692916,2,2,,,1,FIRE,False,,
238795,dqn,771,,,0.0,0.0,0.05,0.003971361555159092,2.1023337841033936,3.2162764072418213,0.7653555274009705,2.0942983627319336,3.2798757553100586,0.069295234978199,0.24421381950378418,0.41034960746765137,10000,10000,1.0,396.031147021592,396.031147021592,59200,True,478,238500,0.0,0.0,1,FIRE,fire_reset,43817,61487,68217,65275,16110,222686,0.06746344159868675,0,119398,2,2,396.031147021592,340.6822018796222,2,2,,,1,FIRE,False,initial_serve,
238796,dqn,771,,,0.0,0.0,0.05,0.003971361555159092,2.1023337841033936,3.2162764072418213,0.7653555274009705,2.0942983627319336,3.2798757553100586,0.069295234978199,0.24421381950378418,0.41034960746765137,10000,10000,1.0,396.0310848711834,396.0310848711834,59200,True,478,238500,0.0,0.0,0,NOOP,greedy,43817,61487,68217,65275,16110,222686,0.06746344159868675,1,119398,2,2,396.0310848711834,340.6821484152969,2,2,,,0,NOOP,False,,
239195,dqn,771,,,4.0,4.0,0.05,0.002215716755017638,2.139590263366699,3.3639137744903564,0.21600796282291412,2.137209892272949,3.3118979930877686,0.04813344404101372,0.20200686156749725,0.3473862111568451,10000,10000,1.0,396.03519164920465,396.03519164920465,59300,True,479,239000,0.0,0.0,2,RIGHT,greedy,43915,61571,68314,65396,16128,223068,0.06742587668690112,0,119598,2,2,396.03519164920465,340.27570369020356,2,2,,,2,RIGHT,False,,
239196,dqn,771,,,4.0,4.0,0.05,0.002215716755017638,2.139590263366699,3.3639137744903564,0.21600796282291412,2.137209892272949,3.3118979930877686,0.04813344404101372,0.20200686156749725,0.3473862111568451,10000,10000,1.0,396.03512652110925,396.03512652110925,59300,True,479,239000,0.0,0.0,3,LEFT,greedy,43915,61571,68314,65396,16128,223068,0.06742587668690112,1,119598,2,2,396.03512652110925,340.27564773177124,2,2,,,3,LEFT,False,,
239595,dqn,771,,,10.0,10.0,0.05,0.0019270882476121187,2.018545627593994,2.9005980491638184,0.3510478138923645,2.017768144607544,2.9277420043945312,0.048380084335803986,0.20351076126098633,0.2585158050060272,10000,10000,1.0,396.03362974747216,396.03362974747216,59400,True,480,239500,0.0,0.0,1,FIRE,greedy,43999,61638,68432,65527,16148,223448,0.06739678458738878,0,119798,2,2,396.03362974747216,339.8667352681142,2,2,,,1,FIRE,False,,
239596,dqn,771,,,9.0,9.0,0.05,0.0019270882476121187,2.018545627593994,2.9005980491638184,0.3510478138923645,2.017768144607544,2.9277420043945312,0.048380084335803986,0.20351076126098633,0.2585158050060272,10000,10000,1.0,396.0335643570858,396.0335643570858,59400,True,480,239500,0.0,0.0,1,FIRE,greedy,43999,61638,68432,65527,16148,223448,0.06739678458738878,1,119798,2,2,396.0335643570858,339.86667915162445,2,2,,,1,FIRE,False,,
239684,dqn,772,9.0,472,0.0,0.0,0.05,,,,,,,,,,10000,10000,1.0,396.03256861329226,396.03256861329226,59422,True,480,239500,0.0,0.0,1,FIRE,greedy,44010,61673,68447,65554,16156,223528,0.06740541713255786,1,119842,2,2,396.03256861329226,339.77646035160916,2,2,,,1,FIRE,False,,
239995,dqn,772,,,13.0,13.0,0.05,0.0012449072673916817,2.1802663803100586,3.137300491333008,1.0309772491455078,2.20491886138916,3.097046136856079,0.03904443234205246,0.1592998504638672,0.18544074892997742,10000,10000,1.0,396.03107666911006,396.03107666911006,59500,True,480,239500,0.0,0.0,1,FIRE,greedy,44089,61754,68527,65626,16176,223820,0.06740112335205586,0,119998,2,2,396.03107666911006,339.4592498224226,2,2,,,1,FIRE,False,,
239996,dqn,772,,,3.0,3.0,0.05,0.0012449072673916817,2.1802663803100586,3.137300491333008,1.0309772491455078,2.20491886138916,3.097046136856079,0.03904443234205246,0.1592998504638672,0.18544074892997742,10000,10000,1.0,396.03095287352625,396.03095287352625,59500,True,480,239500,0.0,0.0,1,FIRE,greedy,44089,61754,68527,65626,16176,223820,0.06740112335205586,1,119998,2,2,396.03095287352625,339.4591437106589,2,2,,,1,FIRE,False,,
240177,dqn,773,16.0,692,0.0,0.0,0.05,,,,,,,,,,10000,10000,1.0,396.05312987569624,396.05312987569624,59545,False,481,240000,0.0,0.0,1,FIRE,greedy,44126,61820,68564,65668,16182,223996,0.06737503018594543,0,120089,2,2,396.05312987569624,339.2944992341344,2,2,,,1,FIRE,False,,
240395,dqn,773,,,2.0,2.0,0.05,0.0013093643356114626,2.1007981300354004,3.2079896926879883,0.3050764799118042,2.145932674407959,3.185737133026123,0.03946041315793991,0.11095690727233887,0.30465126037597656,10000,10000,1.0,396.06944034345054,396.06944034345054,59600,True,481,240000,0.0,0.0,2,RIGHT,greedy,44164,61866,68639,65727,16194,224202,0.06736384964808066,0,120198,2,2,396.06944034345054,339.0891093079722,2,2,,,2,RIGHT,False,,
240396,dqn,773,,,7.0,7.0,0.05,0.0013093643356114626,2.1007981300354004,3.2079896926879883,0.3050764799118042,2.145932674407959,3.185737133026123,0.03946041315793991,0.11095690727233887,0.30465126037597656,10000,10000,1.0,396.0693740846904,396.0693740846904,59600,True,481,240000,0.0,0.0,1,FIRE,random,44164,61866,68639,65727,16194,224202,0.06736384964808066,1,120198,2,2,396.0693740846904,339.08905258149537,2,2,,,1,FIRE,False,,
240795,dqn,773,,,6.0,6.0,0.05,0.0011051609180867672,2.133535861968994,3.3819775581359863,0.19473737478256226,2.161492109298706,3.4152486324310303,0.03677155822515488,0.10729479789733887,0.15327200293540955,10000,10000,1.0,396.10696433583774,396.10696433583774,59700,True,482,240500,0.0,0.0,3,LEFT,greedy,44245,61967,68738,65846,16219,224577,0.06735577002940248,0,120398,2,2,396.10696433583774,338.72046288322247,2,2,,,3,LEFT,False,,
240796,dqn,773,,,11.0,11.0,0.05,0.0011051609180867672,2.133535861968994,3.3819775581359863,0.19473737478256226,2.161492109298706,3.4152486324310303,0.03677155822515488,0.10729479789733887,0.15327200293540955,10000,10000,1.0,396.1068989214332,396.1068989214332,59700,True,482,240500,0.0,0.0,2,RIGHT,greedy,44245,61967,68738,65846,16219,224577,0.06735577002940248,1,120398,2,2,396.1068989214332,338.7204069458132,2,2,,,2,RIGHT,False,,
240918,dqn,774,13.0,617,0.0,0.0,0.05,,,,,,,,,,10000,10000,1.0,396.1161411379432,396.1161411379432,59730,False,482,240500,0.0,0.0,1,FIRE,greedy,44260,62001,68774,65883,16228,224690,0.06735901842120555,1,120459,2,2,396.1161411379432,338.60652468340095,2,2,,,1,FIRE,False,,
241195,dqn,774,,,10.0,10.0,0.05,0.0016867690719664097,1.9525898694992065,2.895582437515259,0.73537677526474,1.950626015663147,2.809802532196045,0.04423808306455612,0.1598649024963379,0.22064673900604248,10000,10000,1.0,396.1473012325123,396.1473012325123,59800,True,483,241000,0.0,0.0,2,RIGHT,greedy,44346,62057,68829,65964,16247,224949,0.06736015522645483,0,120598,2,2,396.1473012325123,338.3564140205,2,2,,,2,RIGHT,False,,
241196,dqn,774,,,2.0,2.0,0.05,0.0016867690719664097,1.9525898694992065,2.895582437515259,0.73537677526474,1.950626015663147,2.809802532196045,0.04423808306455612,0.1598649024963379,0.22064673900604248,10000,10000,1.0,396.1472313220017,396.1472313220017,59800,True,483,241000,0.0,0.0,2,RIGHT,greedy,44346,62057,68829,65964,16247,224949,0.06736015522645483,1,120598,2,2,396.1472313220017,338.35635430869684,2,2,,,2,RIGHT,False,,
241411,dqn,775,12.0,617,0.0,0.0,0.05,,,,,,,,,,10000,10000,1.0,396.14273078838403,396.14273078838403,59854,True,483,241000,0.0,0.0,1,FIRE,greedy,44377,62113,68888,66034,16255,225157,0.0673330240418869,0,120706,2,2,396.14273078838403,338.1382376498648,2,2,,,1,FIRE,False,,
241595,dqn,775,,,2.0,2.0,0.05,0.0019991202279925346,2.2054295539855957,3.0909583568573,0.12896966934204102,2.199718713760376,3.104811906814575,0.048728883266448975,0.16740798950195312,0.26876556873321533,10000,10000,1.0,396.17208313084427,396.17208313084427,59900,True,484,241500,0.0,0.0,1,FIRE,greedy,44409,62155,68935,66097,16266,225330,0.06732727363035812,0,120798,2,2,396.17208313084427,337.9812656998766,2,2,,,1,FIRE,False,,
241596,dqn,775,,,5.0,5.0,0.05,0.0019991202279925346,2.2054295539855957,3.0909583568573,0.12896966934204102,2.199718713760376,3.104811906814575,0.048728883266448975,0.16740798950195312,0.26876556873321533,10000,10000,1.0,396.1720185082769,396.1720185082769,59900,True,484,241500,0.0,0.0,2,RIGHT,greedy,44409,62155,68935,66097,16266,225330,0.06732727363035812,1,120798,2,2,396.1720185082769,337.9812105692451,2,2,,,2,RIGHT,False,,
241812,dqn,776,8.0,447,0.0,0.0,0.05,,,,,,,,,,10000,10000,1.0,396.198454207655,396.198454207655,59954,True,484,241500,0.0,0.0,2,RIGHT,greedy,44435,62184,69009,66184,16286,225526,0.06734984202603675,1,120906,2,2,396.198454207655,337.7906686629533,2,2,,,2,RIGHT,False,,
241995,dqn,776,,,5.0,5.0,0.05,0.0011571976356208324,2.120856761932373,3.09415602684021,0.9266847372055054,2.1551902294158936,3.065211057662964,0.03818541765213013,0.11739683151245117,0.2261633425951004,10000,10000,1.0,396.23542967800535,396.23542967800535,60000,True,484,241500,0.0,0.0,2,RIGHT,greedy,44478,62248,69043,66227,16296,225700,0.06733995603233112,0,120998,2,2,396.23542967800535,337.64116256922233,2,2,,,2,RIGHT,False,,
241996,dqn,776,,,1.0,1.0,0.05,0.0011571976356208324,2.120856761932373,3.09415602684021,0.9266847372055054,2.1551902294158936,3.065211057662964,0.03818541765213013,0.11739683151245117,0.2261633425951004,10000,10000,1.0,396.2353130285313,396.2353130285313,60000,True,484,241500,0.0,0.0,3,LEFT,greedy,44478,62248,69043,66227,16296,225700,0.06733995603233112,1,120998,2,2,396.2353130285313,337.6410631695698,2,2,,,3,LEFT,False,,
242343,dqn,777,13.0,466,0.0,0.0,0.05,,,,,,,,,,10000,10000,1.0,396.2971348117123,396.2971348117123,60087,True,485,242000,0.0,0.0,0,NOOP,greedy,44544,62276,69156,66368,16315,226029,0.06732165846895323,0,121172,2,2,396.2971348117123,337.35258542267184,2,2,,,0,NOOP,False,,
242395,dqn,777,,,0.0,0.0,0.05,0.0015953739639371634,2.280085563659668,3.348780870437622,0.6639953851699829,2.290818691253662,3.33048415184021,0.042342815548181534,0.16784381866455078,0.1999402642250061,10000,10000,1.0,396.3077630292146,396.3077630292146,60100,True,485,242000,0.0,0.0,3,LEFT,greedy,44566,62284,69169,66377,16321,226075,0.06733196917440881,0,121198,2,2,396.3077630292146,337.31079709833665,2,2,,,3,LEFT,False,,
242396,dqn,777,,,5.0,5.0,0.05,0.0015953739639371634,2.280085563659668,3.348780870437622,0.6639953851699829,2.290818691253662,3.33048415184021,0.042342815548181534,0.16784381866455078,0.1999402642250061,10000,10000,1.0,396.30770004901115,396.30770004901115,60100,True,485,242000,0.0,0.0,0,NOOP,greedy,44566,62284,69169,66377,16321,226075,0.06733196917440881,1,121198,2,2,396.30770004901115,337.31074349377826,2,2,,,0,NOOP,False,,
242795,dqn,777,,,5.0,5.0,0.05,0.002129865111783147,2.170957088470459,3.048712968826294,0.49341243505477905,2.162990093231201,3.064953327178955,0.047604143619537354,0.21686315536499023,0.38065922260284424,10000,10000,1.0,396.34118114358705,396.34118114358705,60200,True,486,242500,0.0,0.0,3,LEFT,greedy,44614,62328,69308,66546,16332,226464,0.06726634705678841,0,121398,2,2,396.34118114358705,336.94940130304195,2,2,,,3,LEFT,False,,
242796,dqn,777,,,10.0,10.0,0.05,0.002129865111783147,2.170957088470459,3.048712968826294,0.49341243505477905,2.162990093231201,3.064953327178955,0.047604143619537354,0.21686315536499023,0.38065922260284424,10000,10000,1.0,396.34111986958413,396.34111986958413,60200,True,486,242500,0.0,0.0,2,RIGHT,greedy,44614,62328,69308,66546,16332,226464,0.06726634705678841,1,121398,2,2,396.34111986958413,336.9493492109567,2,2,,,2,RIGHT,False,,
242986,dqn,778,15.0,587,0.0,0.0,0.05,,,,,,,,,,10000,10000,1.0,396.3275568910253,396.3275568910253,60247,False,486,242500,0.0,0.0,3,LEFT,random,44634,62345,69381,66626,16343,226643,0.06725901903813389,1,121493,2,2,396.3275568910253,336.75341550474405,2,2,,,3,LEFT,False,,
243195,dqn,778,,,12.0,9.0,0.05,0.00317566329613328,2.234091281890869,3.366154909133911,0.740378201007843,2.2528460025787354,3.283174753189087,0.05910076946020126,0.256811261177063,0.18601903319358826,10000,10000,1.0,396.31958430785306,396.31958430785306,60300,True,487,243000,0.0,0.0,0,NOOP,greedy,44666,62376,69458,66696,16351,226845,0.0672338360828303,0,121598,2,2,396.31958430785306,336.543400742104,2,2,,,0,NOOP,False,,
243196,dqn,778,,,2.0,2.0,0.05,0.00317566329613328,2.234091281890869,3.366154909133911,0.740378201007843,2.2528460025787354,3.283174753189087,0.05910076946020126,0.256811261177063,0.18601903319358826,10000,10000,1.0,396.31952321167023,396.31952321167023,60300,True,487,243000,0.0,0.0,2,RIGHT,greedy,44666,62376,69458,66696,16351,226845,0.0672338360828303,1,121598,2,2,396.31952321167023,336.5433488609506,2,2,,,2,RIGHT,False,,
243329,dqn,779,13.0,493,0.0,0.0,0.05,,,,,,,,,,10000,10000,1.0,396.31985079026606,396.31985079026606,60333,False,487,243000,0.0,0.0,2,RIGHT,greedy,44698,62389,69499,66744,16360,226970,0.06723379772325648,0,121665,2,2,396.31985079026606,336.4142513528063,2,2,,,2,RIGHT,False,,
243595,dqn,779,,,2.0,2.0,0.05,0.001120399683713913,2.1897690296173096,3.237093687057495,0.3026892840862274,2.2318167686462402,3.1971511840820312,0.037425100803375244,0.1259979009628296,0.24308502674102783,10000,10000,1.0,396.29733698492817,396.29733698492817,60400,True,488,243500,0.0,0.0,0,NOOP,greedy,44764,62455,69568,66809,16380,227216,0.06724248345621439,0,121798,2,2,396.29733698492817,336.13905018308503,2,2,,,0,NOOP,False,,
243596,dqn,779,,,6.0,6.0,0.05,0.001120399683713913,2.1897690296173096,3.237093687057495,0.3026892840862274,2.2318167686462402,3.1971511840820312,0.037425100803375244,0.1259979009628296,0.24308502674102783,10000,10000,1.0,396.2972730033796,396.2972730033796,60400,True,488,243500,0.0,0.0,3,LEFT,random,44764,62455,69568,66809,16380,227216,0.06724248345621439,1,121798,2,2,396.2972730033796,336.13899591399223,2,2,,,3,LEFT,False,,
243995,dqn,779,,,6.0,6.0,0.05,0.000860110274516046,2.0028934478759766,3.170928478240967,0.48634231090545654,2.0129568576812744,3.183765172958374,0.03678900748491287,0.09113407135009766,0.16105613112449646,10000,10000,1.0,396.25405070880896,396.25405070880896,60500,True,488,243500,0.0,0.0,2,RIGHT,greedy,44912,62513,69652,66919,16396,227600,0.06719782291512975,0,121998,2,2,396.25405070880896,335.7190594070202,2,2,,,2,RIGHT,False,,
243996,dqn,779,,,13.0,13.0,0.05,0.000860110274516046,2.0028934478759766,3.170928478240967,0.48634231090545654,2.0129568576812744,3.183765172958374,0.03678900748491287,0.09113407135009766,0.16105613112449646,10000,10000,1.0,396.25393501443784,396.25393501443784,60500,True,488,243500,0.0,0.0,3,LEFT,greedy,44912,62513,69652,66919,16396,227600,0.06719782291512975,1,121998,2,2,396.25393501443784,335.71896138706205,2,2,,,3,LEFT,False,,
244180,dqn,780,14.0,597,0.0,0.0,0.05,,,,,,,,,,10000,10000,1.0,396.23163303545414,396.23163303545414,60546,True,489,244000,0.0,0.0,3,LEFT,greedy,44971,62530,69700,66979,16403,227777,0.0671758538782865,1,122090,2,2,396.23163303545414,335.5244838209086,2,2,,,3,LEFT,False,,
244329,dqn,781,10.0,500,0.0,0.0,0.05,,,,,,,,,,10000,10000,1.0,396.23069563459,396.23069563459,60583,False,489,244000,0.0,0.0,1,FIRE,greedy,45025,62552,69744,67009,16410,227920,0.06716326280031105,0,122165,2,2,396.23069563459,335.38088361532385,2,2,,,1,FIRE,False,,
244395,dqn,781,,,0.0,0.0,0.05,0.0019104070961475372,2.1796956062316895,3.149397611618042,0.2940859794616699,2.160724639892578,3.060159683227539,0.048221975564956665,0.1381380558013916,0.49833565950393677,10000,10000,1.0,396.2138910659092,396.2138910659092,60600,True,489,244000,0.0,0.0,1,FIRE,greedy,45034,62572,69769,67021,16413,227983,0.06715740028478372,0,122198,2,2,396.2138910659092,335.30392158004355,2,2,,,1,FIRE,False,,
244396,dqn,781,,,2.0,2.0,0.05,0.0019104070961475372,2.1796956062316895,3.149397611618042,0.2940859794616699,2.160724639892578,3.060159683227539,0.048221975564956665,0.1381380558013916,0.49833565950393677,10000,10000,1.0,396.21382648702917,396.21382648702917,60600,True,489,244000,0.0,0.0,2,RIGHT,greedy,45034,62572,69769,67021,16413,227983,0.06715740028478372,1,122198,2,2,396.21382648702917,335.30386692887606,2,2,,,2,RIGHT,False,,
244795,dqn,781,,,3.0,3.0,0.05,0.0014901577960699797,1.8239611387252808,2.91678524017334,0.14972653985023499,1.8565754890441895,2.997641086578369,0.04245981574058533,0.14378312230110168,0.29252898693084717,10000,10000,1.0,396.19777936483985,396.19777936483985,60700,True,490,244500,0.0,0.0,3,LEFT,greedy,45141,62650,69893,67112,16431,228365,0.06712119479076456,0,122398,2,2,396.19777936483985,334.91129450190385,2,2,,,3,LEFT,False,,
244796,dqn,781,,,6.0,6.0,0.05,0.0014901577960699797,1.8239611387252808,2.91678524017334,0.14972653985023499,1.8565754890441895,2.997641086578369,0.04245981574058533,0.14378312230110168,0.29252898693084717,10000,10000,1.0,396.19771518641755,396.19771518641755,60700,True,490,244500,1.0,1.0,3,LEFT,greedy,45141,62650,69893,67112,16431,228365,0.06712119479076456,1,122398,2,2,396.19771518641755,334.91124025102306,2,2,,,3,LEFT,False,,
244959,dqn,782,4.0,315,0.0,0.0,0.05,,,,,,,,,,10000,10000,1.0,396.1895939950858,396.1895939950858,60741,True,490,244500,0.0,0.0,2,RIGHT,greedy,45157,62658,69961,67184,16440,228520,0.0671129980404964,0,122480,2,2,396.1895939950858,334.74959625081476,2,2,,,2,RIGHT,False,,
245040,dqn,783,9.0,430,0.0,0.0,0.05,,,,,,,,,,10000,10000,1.0,396.1824865177166,396.1824865177166,60761,True,491,245000,0.0,0.0,3,LEFT,greedy,45175,62679,69982,67204,16444,228596,0.06710741103493308,1,122520,2,2,396.1824865177166,334.66821737555597,2,2,,,3,LEFT,False,,
245195,dqn,783,,,2.0,2.0,0.05,0.0014952996280044317,2.116447925567627,3.405982255935669,0.022924482822418213,2.1199023723602295,3.2463769912719727,0.04251628369092941,0.1596052646636963,0.16118723154067993,10000,10000,1.0,396.18985334597994,396.18985334597994,60800,True,491,245000,0.0,0.0,2,RIGHT,greedy,45200,62740,70031,67225,16454,228742,0.06710549927405014,0,122598,2,2,396.18985334597994,334.5276980117252,2,2,,,2,RIGHT,False,,
245196,dqn,783,,,1.0,1.0,0.05,0.0014952996280044317,2.116447925567627,3.405982255935669,0.022924482822418213,2.1199023723602295,3.2463769912719727,0.04251628369092941,0.1596052646636963,0.16118723154067993,10000,10000,1.0,396.1897949685054,396.1897949685054,60800,True,491,245000,0.0,0.0,3,LEFT,greedy,45200,62740,70031,67225,16454,228742,0.06710549927405014,1,122598,2,2,396.1897949685054,334.52764871999796,2,2,,,3,LEFT,False,,
245595,dqn,783,,,6.0,6.0,0.05,0.007812735624611378,2.0674917697906494,3.1589765548706055,0.4176953136920929,2.056593179702759,3.2287001609802246,0.06640100479125977,0.5610008239746094,0.45971834659576416,10000,10000,1.0,396.2707008867548,396.2707008867548,60900,True,492,245500,0.0,0.0,2,RIGHT,greedy,45350,62825,70106,67315,16479,229117,0.06709799833873516,0,122798,2,2,396.2707008867548,334.2210605201497,2,2,,,2,RIGHT,False,,
245596,dqn,783,,,6.0,6.0,0.05,0.007812735624611378,2.0674917697906494,3.1589765548706055,0.4176953136920929,2.056593179702759,3.2287001609802246,0.06640100479125977,0.5610008239746094,0.45971834659576416,10000,10000,1.0,396.2706422144826,396.2706422144826,60900,True,492,245500,0.0,0.0,3,LEFT,random,45350,62825,70106,67315,16479,229117,0.06709799833873516,1,122798,2,2,396.2706422144826,334.22101103501495,2,2,,,3,LEFT,False,,
245995,dqn,783,,,10.0,10.0,0.05,0.003648856421932578,1.8896441459655762,2.9690651893615723,0.16719350218772888,1.8609700202941895,2.968562126159668,0.056221991777420044,0.3501608967781067,0.8251366019248962,10000,10000,1.0,396.3516966005417,396.3516966005417,61000,True,492,245500,0.0,0.0,3,LEFT,greedy,45460,62897,70207,67432,16504,229492,0.0670905217971024,0,122998,2,2,396.3516966005417,333.9164496183007,2,2,,,3,LEFT,False,,
245996,dqn,783,,,9.0,9.0,0.05,0.003648856421932578,1.8896441459655762,2.9690651893615723,0.16719350218772888,1.8609700202941895,2.968562126159668,0.056221991777420044,0.3501608967781067,0.8251366019248962,10000,10000,1.0,396.3515838337843,396.3515838337843,61000,True,492,245500,0.0,0.0,3,LEFT,greedy,45460,62897,70207,67432,16504,229492,0.0670905217971024,1,122998,2,2,396.3515838337843,333.91635461511135,2,2,,,3,LEFT,False,,
246087,dqn,784,11.0,564,0.0,0.0,0.05,,,,,,,,,,10000,10000,1.0,396.3664637397108,396.3664637397108,61023,True,493,246000,0.0,0.0,2,RIGHT,greedy,45470,62903,70243,67472,16510,229578,0.06708982152725854,0,123044,2,2,396.3664637397108,333.84340373192174,2,2,,,2,RIGHT,False,,
246374,dqn,785,14.0,667,0.0,0.0,0.05,,,,,,,,,,10000,10000,1.0,396.4083090077916,396.4083090077916,61094,False,493,246000,0.0,0.0,1,FIRE,greedy,45521,62973,70349,67531,16529,229845,0.06708905972221095,1,123187,2,2,396.4083090077916,333.6135540583903,2,2,,,1,FIRE,False,,
246395,dqn,785,,,2.0,2.0,0.05,0.0026007061824202538,1.9149396419525146,2.8770084381103516,0.5649018287658691,1.926499605178833,2.9222965240478516,0.05365215614438057,0.19125550985336304,0.24542300403118134,10000,10000,1.0,396.4066470169658,396.4066470169658,61100,True,493,246000,0.0,0.0,2,RIGHT,greedy,45522,62977,70366,67531,16530,229866,0.06708712803779282,0,123198,2,2,396.4066470169658,333.5918064646312,2,2,,,2,RIGHT,False,,
246396,dqn,785,,,0.0,0.0,0.05,0.0026007061824202538,1.9149396419525146,2.8770084381103516,0.5649018287658691,1.926499605178833,2.9222965240478516,0.05365215614438057,0.19125550985336304,0.24542300403118134,10000,10000,1.0,396.4065893767673,396.4065893767673,61100,True,493,246000,0.0,0.0,2,RIGHT,greedy,45522,62977,70366,67531,16530,229866,0.06708712803779282,1,123198,2,2,396.4065893767673,333.59175795813394,2,2,,,2,RIGHT,False,,
246733,dqn,786,5.0,323,0.0,0.0,0.05,,,,,,,,,,10000,10000,1.0,396.4505211567609,396.4505211567609,61184,False,494,246500,0.0,0.0,3,LEFT,greedy,45584,63028,70488,67634,16552,230182,0.06708439047719407,0,123367,2,2,396.4505211567609,333.31682802585715,2,2,,,3,LEFT,False,,
246795,dqn,786,,,0.0,0.0,0.05,0.001557535259053111,2.004985809326172,3.233248472213745,-0.1143084168434143,2.0416808128356934,3.184170722961426,0.04229890927672386,0.16989600658416748,0.2938602864742279,10000,10000,1.0,396.45181095409066,396.45181095409066,61200,True,494,246500,0.0,0.0,0,NOOP,greedy,45598,63049,70501,67648,16556,230240,0.0670837452795021,0,123398,2,2,396.45181095409066,333.260855664411,2,2,,,0,NOOP,False,,
246796,dqn,786,,,4.0,4.0,0.05,0.001557535259053111,2.004985809326172,3.233248472213745,-0.1143084168434143,2.0416808128356934,3.184170722961426,0.04229890927672386,0.16989600658416748,0.2938602864742279,10000,10000,1.0,396.4517452133031,396.4517452133031,61200,True,494,246500,0.0,0.0,1,FIRE,greedy,45598,63049,70501,67648,16556,230240,0.0670837452795021,1,123398,2,2,396.4517452133031,333.2608004021307,2,2,,,1,FIRE,False,,
247104,dqn,787,7.0,365,0.0,0.0,0.05,,,,,,,,,,10000,10000,1.0,396.45783509658804,396.45783509658804,61277,True,495,247000,0.0,0.0,0,NOOP,random,45689,63125,70568,67722,16575,230529,0.06707702020202021,1,123552,2,2,396.45783509658804,332.983184970182,2,2,,,0,NOOP,False,,
247195,dqn,787,,,3.0,3.0,0.05,0.0015022591687738895,2.059602975845337,3.4044079780578613,0.6230111122131348,2.0812644958496094,3.302945137023926,0.04047971963882446,0.18608832359313965,0.14921748638153076,10000,10000,1.0,396.46203919310784,396.46203919310784,61300,True,495,247000,0.0,0.0,2,RIGHT,greedy,45721,63159,70582,67734,16576,230620,0.06705610123141151,0,123598,2,2,396.46203919310784,332.9024913733372,2,2,,,2,RIGHT,False,,
247196,dqn,787,,,1.0,1.0,0.05,0.0015022591687738895,2.059602975845337,3.4044079780578613,0.6230111122131348,2.0812644958496094,3.302945137023926,0.04047971963882446,0.18608832359313965,0.14921748638153076,10000,10000,1.0,396.46198206347884,396.46198206347884,61300,True,495,247000,0.0,0.0,3,LEFT,greedy,45721,63159,70582,67734,16576,230620,0.06705610123141151,1,123598,2,2,396.46198206347884,332.9024434025507,2,2,,,3,LEFT,False,,
247419,dqn,788,5.0,343,0.0,0.0,0.05,,,,,,,,,,10000,10000,1.0,396.4911267909245,396.4911267909245,61356,True,495,247000,0.0,0.0,3,LEFT,greedy,45751,63201,70654,67814,16586,230834,0.0670358095546035,0,123710,2,2,396.4911267909245,332.72227170875914,2,2,,,3,LEFT,False,,
247588,dqn,789,4.0,242,0.0,0.0,0.05,,,,,,,,,,10000,10000,1.0,396.50877201801586,396.50877201801586,61398,True,496,247500,0.0,0.0,3,LEFT,greedy,45776,63226,70704,67882,16595,230993,0.06702667334442704,1,123794,2,2,396.50877201801586,332.58399682357816,2,2,,,3,LEFT,False,,
247595,dqn,789,,,1.0,1.0,0.05,0.0011558054247871041,1.8691706657409668,3.3301479816436768,0.5247655510902405,1.8830342292785645,3.3316540718078613,0.038092952221632004,0.11947387456893921,0.12223773449659348,10000,10000,1.0,396.5057512395151,396.5057512395151,61400,True,496,247500,0.0,0.0,2,RIGHT,greedy,45777,63229,70707,67883,16595,231001,0.0670245076657135,0,123798,2,2,396.5057512395151,332.5741821726164,2,2,,,2,RIGHT,False,,
247596,dqn,789,,,0.0,0.0,0.05,0.0011558054247871041,1.8691706657409668,3.3301479816436768,0.5247655510902405,1.8830342292785645,3.3316540718078613,0.038092952221632004,0.11947387456893921,0.12223773449659348,10000,10000,1.0,396.50568850036444,396.50568850036444,61400,True,496,247500,0.0,0.0,1,FIRE,greedy,45777,63229,70707,67883,16595,231001,0.0670245076657135,1,123798,2,2,396.50568850036444,332.5741295493653,2,2,,,1,FIRE,False,,
247995,dqn,789,,,6.0,6.0,0.05,0.0012262838426977396,2.1439027786254883,3.009891986846924,0.5265546441078186,2.150643825531006,3.004277229309082,0.03690427541732788,0.11609768867492676,0.16707734763622284,10000,10000,1.0,396.47780515333375,396.47780515333375,61500,True,496,247500,0.0,0.0,3,LEFT,greedy,45857,63276,70842,68021,16611,231385,0.06698091904708141,0,123998,2,2,396.47780515333375,332.1877272588656,2,2,,,3,LEFT,False,,
247996,dqn,789,,,4.0,4.0,0.05,0.0012262838426977396,2.1439027786254883,3.009891986846924,0.5265546441078186,2.150643825531006,3.004277229309082,0.03690427541732788,0.11609768867492676,0.16707734763622284,10000,10000,1.0,396.4776929899621,396.4776929899621,61500,True,496,247500,0.0,0.0,2,RIGHT,greedy,45857,63276,70842,68021,16611,231385,0.06698091904708141,1,123998,2,2,396.4776929899621,332.18763328312474,2,2,,,2,RIGHT,False,,
248165,dqn,790,10.0,373,0.0,0.0,0.05,,,,,,,,,,10000,10000,1.0,396.4743249719848,396.4743249719848,61542,False,497,248000,0.0,0.0,2,RIGHT,greedy,45884,63301,70898,68083,16617,231549,0.06695921278499069,0,124083,2,2,396.4743249719848,332.0311249915554,2,2,,,2,RIGHT,False,,
248395,dqn,790,,,2.0,2.0,0.05,0.0018088719807565212,1.9254331588745117,3.4035446643829346,0.06840350478887558,1.951409101486206,3.371288776397705,0.044573500752449036,0.1604386568069458,0.14433099329471588,10000,10000,1.0,396.4622978488873,396.4622978488873,61600,True,497,248000,0.0,0.0,2,RIGHT,greedy,45937,63358,70948,68153,16624,231772,0.06692539332356398,0,124198,2,2,396.4622978488873,331.81369085579195,2,2,,,2,RIGHT,False,,
248396,dqn,790,,,7.0,7.0,0.05,0.0018088719807565212,1.9254331588745117,3.4035446643829346,0.06840350478887558,1.951409101486206,3.371288776397705,0.044573500752449036,0.1604386568069458,0.14433099329471588,10000,10000,1.0,396.46224022774317,396.46224022774317,61600,True,497,248000,0.0,0.0,0,NOOP,random,45937,63358,70948,68153,16624,231772,0.06692539332356398,1,124198,2,2,396.46224022774317,331.81364263056446,2,2,,,0,NOOP,False,,
248452,dqn,791,8.0,432,0.0,0.0,0.05,,,,,,,,,,10000,10000,1.0,396.46270744354723,396.46270744354723,61614,True,497,248000,0.0,0.0,3,LEFT,greedy,45942,63365,70974,68171,16627,231825,0.06692238339800041,1,124226,2,2,396.46270744354723,331.7636427591551,2,2,,,3,LEFT,False,,
248795,dqn,791,,,6.0,6.0,0.05,0.002955810632556677,2.008981466293335,3.23442006111145,0.5810384750366211,2.020489454269409,3.107346534729004,0.05229238420724869,0.2922128438949585,0.2580263614654541,10000,10000,1.0,396.45980059894606,396.45980059894606,61700,True,498,248500,0.0,0.0,2,RIGHT,greedy,46025,63437,71065,68269,16649,232147,0.06691827842891365,0,124398,2,2,396.45980059894606,331.45250057063157,2,2,,,2,RIGHT,False,,
248796,dqn,791,,,4.0,4.0,0.05,0.002955810632556677,2.008981466293335,3.23442006111145,0.5810384750366211,2.020489454269409,3.107346534729004,0.05229238420724869,0.2922128438949585,0.2580263614654541,10000,10000,1.0,396.4597415490148,396.4597415490148,61700,True,498,248500,0.0,0.0,2,RIGHT,greedy,46025,63437,71065,68269,16649,232147,0.06691827842891365,1,124398,2,2,396.4597415490148,331.4524512030857,2,2,,,2,RIGHT,False,,
248841,dqn,792,6.0,338,0.0,0.0,0.05,,,,,,,,,,10000,10000,1.0,396.4538689040969,396.4538689040969,61711,False,498,248500,0.0,0.0,1,FIRE,greedy,46032,63444,71081,68285,16652,232190,0.06691796400929104,0,124421,2,2,396.4538689040969,331.4063693239586,2,2,,,1,FIRE,False,,
249195,dqn,792,,,2.0,2.0,0.05,0.0012241230579093099,2.09293532371521,2.9523675441741943,1.1092209815979004,2.117657423019409,3.0055911540985107,0.039681609719991684,0.09796428680419922,0.10088662803173065,10000,10000,1.0,396.29267927610636,396.29267927610636,61800,True,499,249000,0.0,0.0,1,FIRE,greedy,46119,63543,71144,68390,16673,232523,0.06690717346987914,0,124598,2,2,396.29267927610636,330.95575787852425,2,2,,,1,FIRE,False,,
249196,dqn,792,,,7.0,7.0,0.05,0.0012241230579093099,2.09293532371521,2.9523675441741943,1.1092209815979004,2.117657423019409,3.0055911540985107,0.039681609719991684,0.09796428680419922,0.10088662803173065,10000,10000,1.0,396.29261780266256,396.29261780266256,61800,True,499,249000,0.0,0.0,0,NOOP,greedy,46119,63543,71144,68390,16673,232523,0.06690717346987914,1,124598,2,2,396.29261780266256,330.95570654023,2,2,,,0,NOOP,False,,
249357,dqn,793,4.0,258,0.0,0.0,0.05,,,,,,,,,,10000,10000,1.0,396.2823241710912,396.2823241710912,61840,False,499,249000,0.0,0.0,2,RIGHT,greedy,46150,63563,71190,68455,16681,232677,0.06689578838457158,0,124679,2,2,396.2823241710912,330.8030630788273,2,2,,,2,RIGHT,False,,
249595,dqn,793,,,1.0,1.0,0.05,0.0032430177088826895,1.6626930236816406,2.8058745861053467,0.046244315803050995,1.6490963697433472,2.8155789375305176,0.06030295789241791,0.25783467292785645,0.45575737953186035,10000,10000,1.0,396.282165575892,396.282165575892,61900,True,500,249500,0.0,0.0,3,LEFT,greedy,46202,63621,71227,68546,16692,232904,0.06687607173191878,0,124798,2,2,396.282165575892,330.5918721058061,2,2,,,3,LEFT,False,,
249596,dqn,793,,,14.0,11.0,0.05,0.0032430177088826895,1.6626930236816406,2.8058745861053467,0.046244315803050995,1.6490963697433472,2.8155789375305176,0.06030295789241791,0.25783467292785645,0.45575737953186035,10000,10000,1.0,396.2821056346459,396.2821056346459,61900,True,500,249500,0.0,0.0,2,RIGHT,greedy,46202,63621,71227,68546,16692,232904,0.06687607173191878,1,124798,2,2,396.2821056346459,330.59182210080843,2,2,,,2,RIGHT,False,,
249646,dqn,794,14.0,597,0.0,0.0,0.05,,,,,,,,,,10000,10000,1.0,396.28169431215713,396.28169431215713,61912,False,500,249500,0.0,0.0,1,FIRE,greedy,46210,63638,71234,68564,16693,232953,0.0668666832234444,1,124823,2,2,396.28169431215713,330.5472243102147,2,2,,,1,FIRE,False,,
249719,dqn,795,2.0,181,0.0,0.0,0.05,,,,,,,,,,10000,10000,1.0,396.26884771574663,396.26884771574663,61931,True,500,249500,0.0,0.0,3,LEFT,random,46234,63647,71254,68585,16699,233021,0.0668708954028512,0,124860,2,2,396.26884771574663,330.4710681658304,2,2,,,3,LEFT,False,,
249995,dqn,795,,,3.0,3.0,0.05,0.002751528285443783,2.050698757171631,3.1298749446868896,0.05293085426092148,2.047551393508911,3.1103904247283936,0.043833114206790924,0.33344531059265137,0.3384952247142792,10000,10000,1.0,396.2197280029362,396.2197280029362,62000,True,500,249500,0.0,0.0,3,LEFT,greedy,46265,63770,71321,68640,16706,233290,0.06682506920110722,0,124998,2,2,396.2197280029362,330.18662871617255,2,2,,,3,LEFT,False,,
249996,dqn,795,,,4.0,4.0,0.05,0.002751528285443783,2.050698757171631,3.1298749446868896,0.05293085426092148,2.047551393508911,3.1103904247283936,0.043833114206790924,0.33344531059265137,0.3384952247142792,10000,10000,1.0,396.21961297848594,396.21961297848594,62000,True,500,249500,0.0,0.0,1,FIRE,greedy,46265,63770,71321,68640,16706,233290,0.06682506920110722,1,124998,2,2,396.21961297848594,330.18653286144155,2,2,,,1,FIRE,False,,
249999,dqn,795,,,3.0,3.0,0.05,0.0024449103511869907,1.9464550018310547,3.1136038303375244,0.3708762228488922,1.9606891870498657,3.077608108520508,0.049179475754499435,0.19882452487945557,0.18692795932292938,10000,10000,1.0,395.62096741032076,395.62096741032076,62001,True,501,250000,0.0,0.0,3,LEFT,greedy,46265,63772,71321,68642,16706,233294,0.066824,0,125000,2,2,395.62096741032076,329.6841395086006,2,2,,,3,LEFT,False,,
250000,dqn,795,,,4.0,4.0,0.05,0.0024449103511869907,1.9464550018310547,3.1136038303375244,0.3708762228488922,1.9606891870498657,3.077608108520508,0.049179475754499435,0.19882452487945557,0.18692795932292938,10000,10000,1.0,395.62089948225736,395.62089948225736,62001,True,501,250000,0.0,0.0,1,FIRE,greedy,46265,63772,71321,68642,16706,233294,0.066824,1,125000,2,2,395.62089948225736,329.68408290188114,2,2,,,1,FIRE,False,,
