global_step,algorithm,architecture,episode,raw_episode_return,episode_length,current_raw_episode_return,current_training_episode_return,epsilon,loss,q_mean,q_max,q_min,target_mean,target_max,td_error_mean_abs,td_error_max_abs,gradient_norm,replay_size,replay_capacity,replay_occupancy,steps_per_second,sps,optimizer_updates,optimizer_updated,target_sync_count,last_target_sync_step,raw_reward,training_reward,action,action_name,action_source,noop_count,fire_count,right_count,left_count,random_decision_count,greedy_decision_count,random_decision_ratio,environment_index,vector_iteration,num_envs,transition_batch_size,environment_transitions_per_second,vector_iterations_per_second,action_inference_batch_size,replay_insert_batch_size,action_inference_batches_per_second,action_inference_transitions_per_second,replay_insertion_calls_per_second,replay_insertion_transitions_per_second,optimizer_updates_per_second,training_samples_per_second,requested_action,requested_action_name,action_overridden,fire_reset_reason,fire_reset_auto_count
250779,double_dqn,dueling,733,10.0,479,0.0,0.0,0.05,,,,,,,,,,780,10000,0.078,286.96428319860104,286.96428319860104,62001,False,502,250500,0.0,0.0,3,LEFT,greedy,55630,55031,71809,68310,16641,234139,0.0663569662652524,0,125390,2,2,286.96428319860104,143.48214159930052,2,2,143.48214159930052,286.96428319860104,143.48214159930052,286.96428319860104,0.0,0.0,3,LEFT,False,,
251050,double_dqn,dueling,734,13.0,719,0.0,0.0,0.05,,,,,,,,,,1050,10000,0.105,267.1791213102628,267.1791213102628,62013,False,503,251000,0.0,0.0,3,LEFT,greedy,55659,55101,71887,68403,16651,234399,0.06632543318064131,1,125525,2,2,267.1791213102628,133.5895606551314,2,2,133.5895606551314,267.1791213102628,133.5895606551314,267.1791213102628,3.0534756721172895,97.71122150775327,3,LEFT,False,,
251395,double_dqn,dueling,734,,,6.0,6.0,0.05,0.0016813017427921295,1.9676989316940308,2.952505588531494,0.6699646711349487,1.9861973524093628,2.9352405071258545,0.04343729466199875,0.16355931758880615,0.1534610539674759,1396,10000,0.1396,253.91620732354303,253.91620732354303,62100,True,503,251000,0.0,0.0,0,NOOP,greedy,55686,55181,71989,68540,16668,234728,0.06630177091123168,0,125698,2,2,253.91620732354303,126.95810366177152,2,2,126.95810366177152,253.91620732354303,126.95810366177152,253.91620732354303,18.006951665494814,576.222453295834,0,NOOP,False,,
251396,double_dqn,dueling,734,,,3.0,3.0,0.05,0.0016813017427921295,1.9676989316940308,2.952505588531494,0.6699646711349487,1.9861973524093628,2.9352405071258545,0.04343729466199875,0.16355931758880615,0.1534610539674759,1396,10000,0.1396,253.91230018484592,253.91230018484592,62100,True,503,251000,0.0,0.0,1,FIRE,greedy,55686,55181,71989,68540,16668,234728,0.06630177091123168,1,125698,2,2,253.91230018484592,126.95615009242296,2,2,126.95615009242296,253.91230018484592,126.95615009242296,253.91230018484592,18.006674583309273,576.2135866658967,1,FIRE,False,,
251795,double_dqn,dueling,734,,,13.0,10.0,0.05,0.0013123759999871254,2.027313232421875,2.8285369873046875,0.8742485046386719,2.0776209831237793,2.74688720703125,0.03882390633225441,0.13686013221740723,0.3692379891872406,1796,10000,0.1796,253.2801078412211,253.2801078412211,62200,True,504,251500,0.0,0.0,3,LEFT,greedy,55767,55265,72098,68666,16683,235113,0.06625601677548491,0,125898,2,2,253.2801078412211,126.64005392061055,2,2,126.64005392061055,253.2801078412211,126.64005392061055,253.2801078412211,28.06388722739588,898.0443912766682,3,LEFT,False,,
251796,double_dqn,dueling,734,,,7.0,7.0,0.05,0.0013123759999871254,2.027313232421875,2.8285369873046875,0.8742485046386719,2.0776209831237793,2.74688720703125,0.03882390633225441,0.13686013221740723,0.3692379891872406,1796,10000,0.1796,253.27708250822633,253.27708250822633,62200,True,504,251500,0.0,0.0,0,NOOP,greedy,55767,55265,72098,68666,16683,235113,0.06625601677548491,1,125898,2,2,253.27708250822633,126.63854125411316,2,2,126.63854125411316,253.27708250822633,126.63854125411316,253.27708250822633,28.06355201510971,898.0336644835107,0,NOOP,False,,
251956,double_dqn,dueling,735,8.0,453,0.0,0.0,0.05,,,,,,,,,,1956,10000,0.1956,253.8028055469385,253.8028055469385,62240,True,504,251500,0.0,0.0,2,RIGHT,greedy,55803,55284,72154,68715,16689,235267,0.0662377557986315,1,125978,2,2,253.8028055469385,126.90140277346924,2,2,126.90140277346924,253.8028055469385,126.90140277346924,253.8028055469385,31.011692497810994,992.3741599299518,2,RIGHT,False,,
252173,double_dqn,dueling,736,20.0,697,0.0,0.0,0.05,,,,,,,,,,2174,10000,0.2174,252.1598260456399,252.1598260456399,62294,False,505,252000,0.0,0.0,1,FIRE,greedy,55852,55328,72219,68775,16702,235472,0.06623204612688065,0,126087,2,2,252.1598260456399,126.07991302281995,2,2,126.07991302281995,252.1598260456399,126.07991302281995,252.1598260456399,33.98474196475276,1087.5117428720882,1,FIRE,False,,
252195,double_dqn,dueling,736,,,0.0,0.0,0.05,0.0034270710311830044,1.8004757165908813,2.5628390312194824,0.048056166619062424,1.8526878356933594,2.575606346130371,0.057087309658527374,0.23480290174484253,0.33323726058006287,2196,10000,0.2196,251.6290978841732,251.6290978841732,62300,True,505,252000,0.0,0.0,3,LEFT,greedy,55856,55331,72225,68784,16705,235491,0.06623816396770765,0,126098,2,2,251.6290978841732,125.8145489420866,2,2,125.8145489420866,251.6290978841732,125.8145489420866,251.6290978841732,34.26097462084144,1096.351187866926,3,LEFT,False,,
252196,double_dqn,dueling,736,,,2.0,2.0,0.05,0.0034270710311830044,1.8004757165908813,2.5628390312194824,0.048056166619062424,1.8526878356933594,2.575606346130371,0.057087309658527374,0.23480290174484253,0.33323726058006287,2196,10000,0.2196,251.6266932392545,251.6266932392545,62300,True,505,252000,0.0,0.0,0,NOOP,greedy,55856,55331,72225,68784,16705,235491,0.06623816396770765,1,126098,2,2,251.6266932392545,125.81334661962725,2,2,125.81334661962725,251.6266932392545,125.81334661962725,251.6266932392545,34.26064721244859,1096.3407107983548,0,NOOP,False,,
252595,double_dqn,dueling,736,,,5.0,5.0,0.05,0.002544552553445101,2.128368616104126,2.9699862003326416,0.4317569434642792,2.127272129058838,2.9577291011810303,0.04785860329866409,0.24705438315868378,0.3869072496891022,2596,10000,0.2596,244.51247969742306,244.51247969742306,62400,True,506,252500,0.0,0.0,0,NOOP,greedy,56020,55393,72314,68869,16724,235872,0.06620849102915327,0,126298,2,2,244.51247969742306,122.25623984871153,2,2,122.25623984871153,244.51247969742306,122.25623984871153,244.51247969742306,37.5810783510292,1202.5945072329343,0,NOOP,False,,
252596,double_dqn,dueling,736,,,7.0,7.0,0.05,0.002544552553445101,2.128368616104126,2.9699862003326416,0.4317569434642792,2.127272129058838,2.9577291011810303,0.04785860329866409,0.24705438315868378,0.3869072496891022,2596,10000,0.2596,244.51062578110938,244.51062578110938,62400,True,506,252500,0.0,0.0,1,FIRE,greedy,56020,55393,72314,68869,16724,235872,0.06620849102915327,1,126298,2,2,244.51062578110938,122.25531289055469,2,2,122.25531289055469,244.51062578110938,122.25531289055469,244.51062578110938,37.58079340780534,1202.5853890497708,1,FIRE,False,,
252995,double_dqn,dueling,736,,,9.0,9.0,0.05,0.0030941874720156193,2.1580140590667725,3.0939157009124756,1.2265361547470093,2.169220447540283,2.984133720397949,0.06062983348965645,0.23411226272583008,0.31975242495536804,2996,10000,0.2996,242.18218565628337,242.18218565628337,62500,True,506,252500,0.0,0.0,3,LEFT,greedy,56161,55483,72394,68958,16745,236251,0.06618681718288036,0,126498,2,2,242.18218565628337,121.09109282814168,2,2,121.09109282814168,242.18218565628337,121.09109282814168,242.18218565628337,40.33675255089633,1290.7760816286825,3,LEFT,False,,
252996,double_dqn,dueling,736,,,18.0,12.0,0.05,0.0030941874720156193,2.1580140590667725,3.0939157009124756,1.2265361547470093,2.169220447540283,2.984133720397949,0.06062983348965645,0.23411226272583008,0.31975242495536804,2996,10000,0.2996,242.18060777040392,242.18060777040392,62500,True,506,252500,0.0,0.0,3,LEFT,greedy,56161,55483,72394,68958,16745,236251,0.06618681718288036,1,126498,2,2,242.18060777040392,121.09030388520196,2,2,121.09030388520196,242.18060777040392,121.09030388520196,242.18060777040392,40.33648974547115,1290.7676718550767,3,LEFT,False,,
253092,double_dqn,dueling,737,23.0,568,0.0,0.0,0.05,,,,,,,,,,3092,10000,0.3092,241.76512372856487,241.76512372856487,62524,True,507,253000,0.0,0.0,3,LEFT,greedy,56181,55511,72421,68979,16750,236342,0.06618146760861662,1,126546,2,2,241.76512372856487,120.88256186428244,2,2,120.88256186428244,241.76512372856487,120.88256186428244,241.76512372856487,40.893648030413786,1308.5967369732411,3,LEFT,False,,
253395,double_dqn,dueling,737,,,16.0,13.0,0.05,0.002634873613715172,2.087984561920166,2.956085443496704,1.0129358768463135,2.11142635345459,2.913151264190674,0.05565527826547623,0.19672226905822754,0.2728775143623352,3396,10000,0.3396,241.97787240777726,241.97787240777726,62600,True,507,253000,0.0,0.0,0,NOOP,greedy,56231,55601,72503,69061,16767,236629,0.06616915815561414,0,126698,2,2,241.97787240777726,120.98893620388863,2,2,120.98893620388863,241.97787240777726,120.98893620388863,241.97787240777726,42.68102048653079,1365.7926555689853,0,NOOP,False,,
253396,double_dqn,dueling,737,,,3.0,3.0,0.05,0.002634873613715172,2.087984561920166,2.956085443496704,1.0129358768463135,2.11142635345459,2.913151264190674,0.05565527826547623,0.19672226905822754,0.2728775143623352,3396,10000,0.3396,241.97522581210185,241.97522581210185,62600,True,507,253000,0.0,0.0,2,RIGHT,greedy,56231,55601,72503,69061,16767,236629,0.06616915815561414,1,126698,2,2,241.97522581210185,120.98761290605093,2,2,120.98761290605093,241.97522581210185,120.98761290605093,241.97522581210185,42.68055366944906,1365.77771742237,2,RIGHT,False,,
253551,double_dqn,dueling,738,21.0,689,0.0,0.0,0.05,,,,,,,,,,3552,10000,0.3552,240.72630705261585,240.72630705261585,62639,True,508,253500,0.0,0.0,1,FIRE,greedy,56273,55650,72537,69092,16772,236780,0.06614816684545971,0,126776,2,2,240.72630705261585,120.36315352630793,2,2,120.36315352630793,240.72630705261585,120.36315352630793,240.72630705261585,43.2385652870408,1383.6340891853056,1,FIRE,False,,
253795,double_dqn,dueling,738,,,2.0,2.0,0.05,0.0036670751869678497,1.7749985456466675,2.675570487976074,0.08153850585222244,1.7841147184371948,2.647536277770996,0.06181707978248596,0.29608774185180664,0.38014349341392517,3796,10000,0.3796,241.82388723136393,241.82388723136393,62700,True,508,253500,0.0,0.0,2,RIGHT,greedy,56329,55715,72596,69156,16784,237012,0.06613185392992797,0,126898,2,2,241.82388723136393,120.91194361568196,2,2,120.91194361568196,241.82388723136393,120.91194361568196,241.82388723136393,44.529741089231656,1424.951714855413,2,RIGHT,False,,
253796,double_dqn,dueling,738,,,8.0,8.0,0.05,0.0036670751869678497,1.7749985456466675,2.675570487976074,0.08153850585222244,1.7841147184371948,2.647536277770996,0.06181707978248596,0.29608774185180664,0.38014349341392517,3796,10000,0.3796,241.82266251012723,241.82266251012723,62700,True,508,253500,0.0,0.0,1,FIRE,greedy,56329,55715,72596,69156,16784,237012,0.06613185392992797,1,126898,2,2,241.82266251012723,120.91133125506362,2,2,120.91133125506362,241.82266251012723,120.91133125506362,241.82266251012723,44.52951556759192,1424.9444981629415,1,FIRE,False,,
254195,double_dqn,dueling,738,,,7.0,7.0,0.05,0.0022942409850656986,1.90910005569458,2.7512285709381104,0.297439306974411,1.911855697631836,2.7481510639190674,0.05128459259867668,0.1772073358297348,0.3435761630535126,4196,10000,0.4196,240.86390327953214,240.86390327953214,62800,True,509,254000,0.0,0.0,2,RIGHT,greedy,56451,55812,72684,69249,16801,237395,0.06609466710727155,0,127098,2,2,240.86390327953214,120.43195163976607,2,2,120.43195163976607,240.86390327953214,120.43195163976607,240.86390327953214,45.86517128702244,1467.6854811847181,2,RIGHT,False,,
254196,double_dqn,dueling,738,,,12.0,12.0,0.05,0.0022942409850656986,1.90910005569458,2.7512285709381104,0.297439306974411,1.911855697631836,2.7481510639190674,0.05128459259867668,0.1772073358297348,0.3435761630535126,4196,10000,0.4196,240.86276399035825,240.86276399035825,62800,True,509,254000,0.0,0.0,2,RIGHT,greedy,56451,55812,72684,69249,16801,237395,0.06609466710727155,1,127098,2,2,240.86276399035825,120.43138199517912,2,2,120.43138199517912,240.86276399035825,120.43138199517912,240.86276399035825,45.864954344207874,1467.678539014652,2,RIGHT,False,,
254212,double_dqn,dueling,739,12.0,560,0.0,0.0,0.05,,,,,,,,,,4212,10000,0.4212,240.70020306395136,240.70020306395136,62804,True,509,254000,0.0,0.0,1,FIRE,greedy,56451,55822,72687,69252,16803,237409,0.06609837458499206,1,127106,2,2,240.70020306395136,120.35010153197568,2,2,120.35010153197568,240.70020306395136,120.35010153197568,240.70020306395136,45.888476510055305,1468.4312483217698,1,FIRE,False,,
254535,double_dqn,dueling,740,10.0,492,0.0,0.0,0.05,,,,,,,,,,4536,10000,0.4536,239.58047430620135,239.58047430620135,62885,True,510,254500,0.0,0.0,3,LEFT,greedy,56518,55893,72773,69352,16813,237723,0.06605352484520853,0,127268,2,2,239.58047430620135,119.79023715310068,2,2,119.79023715310068,239.58047430620135,119.79023715310068,239.58047430620135,46.69072735597046,1494.1032753910547,3,LEFT,False,,
254595,double_dqn,dueling,740,,,0.0,0.0,0.05,0.0026496362406760454,2.0605146884918213,2.8096821308135986,0.559184193611145,2.073242664337158,2.8082892894744873,0.056626543402671814,0.16383028030395508,0.29210373759269714,4596,10000,0.4596,238.60928168721668,238.60928168721668,62900,True,510,254500,0.0,0.0,0,NOOP,greedy,56539,55899,72783,69375,16815,237781,0.06604581375983912,0,127298,2,2,238.60928168721668,119.30464084360834,2,2,119.30464084360834,238.60928168721668,119.30464084360834,238.60928168721668,46.67313843272581,1493.5404298472258,0,NOOP,False,,
254596,double_dqn,dueling,740,,,3.0,3.0,0.05,0.0026496362406760454,2.0605146884918213,2.8096821308135986,0.559184193611145,2.073242664337158,2.8082892894744873,0.056626543402671814,0.16383028030395508,0.29210373759269714,4596,10000,0.4596,238.60824359373797,238.60824359373797,62900,True,510,254500,0.0,0.0,2,RIGHT,greedy,56539,55899,72783,69375,16815,237781,0.06604581375983912,1,127298,2,2,238.60824359373797,119.30412179686898,2,2,119.30412179686898,238.60824359373797,119.30412179686898,238.60824359373797,46.672935376581904,1493.533932050621,2,RIGHT,False,,
254995,double_dqn,dueling,740,,,5.0,5.0,0.05,0.001401875400915742,2.0290820598602295,3.0199203491210938,0.15437667071819305,2.062643527984619,2.96760630607605,0.04389433190226555,0.13483715057373047,0.12721122801303864,4996,10000,0.4996,239.92202514967227,239.92202514967227,63000,True,510,254500,0.0,0.0,2,RIGHT,greedy,56626,55991,72912,69467,16843,238153,0.06605201650221965,0,127498,2,2,239.92202514967227,119.96101257483613,2,2,119.96101257483613,239.92202514967227,119.96101257483613,239.92202514967227,47.97480046527674,1535.1936148888558,2,RIGHT,False,,
254996,double_dqn,dueling,740,,,7.0,7.0,0.05,0.001401875400915742,2.0290820598602295,3.0199203491210938,0.15437667071819305,2.062643527984619,2.96760630607605,0.04389433190226555,0.13483715057373047,0.12721122801303864,4996,10000,0.4996,239.92108728517732,239.92108728517732,63000,True,510,254500,0.0,0.0,0,NOOP,greedy,56626,55991,72912,69467,16843,238153,0.06605201650221965,1,127498,2,2,239.92108728517732,119.96054364258866,2,2,119.96054364258866,239.92108728517732,119.96054364258866,239.92108728517732,47.974612929922365,1535.1876137575157,0,NOOP,False,,
255395,double_dqn,dueling,740,,,9.0,9.0,0.05,0.0013490262208506465,2.0114827156066895,2.972432851791382,0.43947136402130127,2.0480284690856934,3.0008327960968018,0.04161245748400688,0.12195205688476562,0.21819914877414703,5396,10000,0.5396,241.47650909822963,241.47650909822963,63100,True,511,255000,0.0,0.0,3,LEFT,greedy,56687,56080,73030,69599,16864,238532,0.06603079139845573,0,127698,2,2,241.47650909822963,120.73825454911481,2,2,120.73825454911481,241.47650909822963,120.73825454911481,241.47650909822963,49.18137203464684,1573.803905108699,3,LEFT,False,,
255396,double_dqn,dueling,740,,,16.0,13.0,0.05,0.0013490262208506465,2.0114827156066895,2.972432851791382,0.43947136402130127,2.0480284690856934,3.0008327960968018,0.04161245748400688,0.12195205688476562,0.21819914877414703,5396,10000,0.5396,241.47562298401584,241.47562298401584,63100,True,511,255000,0.0,0.0,3,LEFT,greedy,56687,56080,73030,69599,16864,238532,0.06603079139845573,1,127698,2,2,241.47562298401584,120.73781149200792,2,2,120.73781149200792,241.47562298401584,120.73781149200792,241.47562298401584,49.18119156031012,1573.7981299299238,3,LEFT,False,,
255410,double_dqn,dueling,741,16.0,599,0.0,0.0,0.05,,,,,,,,,,5410,10000,0.541,241.37203610601026,241.37203610601026,63103,False,511,255000,0.0,0.0,1,FIRE,greedy,56688,56089,73031,69602,16864,238546,0.06602717199796405,1,127705,2,2,241.37203610601026,120.68601805300513,2,2,120.68601805300513,241.37203610601026,120.68601805300513,241.37203610601026,49.16672528444054,1573.3352091020972,1,FIRE,False,,
255657,double_dqn,dueling,742,15.0,561,0.0,0.0,0.05,,,,,,,,,,5658,10000,0.5658,241.6213092187984,241.6213092187984,63165,False,512,255500,0.0,0.0,1,FIRE,greedy,56727,56148,73099,69684,16876,238782,0.066010060314952,0,127829,2,2,241.6213092187984,120.8106546093992,2,2,120.8106546093992,241.6213092187984,120.8106546093992,241.6213092187984,49.70788333875598,1590.6522668401913,1,FIRE,False,,
255795,double_dqn,dueling,742,,,1.0,1.0,0.05,0.008305732160806656,1.8745548725128174,2.8167340755462646,0.383177787065506,1.8817925453186035,2.726505756378174,0.07360966503620148,0.4226503372192383,0.49284595251083374,5796,10000,0.5796,241.39105920982223,241.39105920982223,63200,True,512,255500,0.0,0.0,3,LEFT,greedy,56746,56172,73153,69725,16888,238908,0.06602136077186509,0,127898,2,2,241.39105920982223,120.69552960491112,2,2,120.69552960491112,241.39105920982223,120.69552960491112,241.39105920982223,49.935797100168536,1597.9455072053931,3,LEFT,False,,
255796,double_dqn,dueling,742,,,4.0,4.0,0.05,0.008305732160806656,1.8745548725128174,2.8167340755462646,0.383177787065506,1.8817925453186035,2.726505756378174,0.07360966503620148,0.4226503372192383,0.49284595251083374,5796,10000,0.5796,241.3898688906311,241.3898688906311,63200,True,512,255500,0.0,0.0,3,LEFT,random,56746,56172,73153,69725,16888,238908,0.06602136077186509,1,127898,2,2,241.3898688906311,120.69493444531555,2,2,120.69493444531555,241.3898688906311,120.69493444531555,241.3898688906311,49.9355508626409,1597.9376276045089,3,LEFT,False,,
256195,double_dqn,dueling,742,,,4.0,4.0,0.05,0.0020313486456871033,1.908259391784668,2.7462048530578613,0.37565165758132935,1.9197744131088257,2.7942638397216797,0.04503730311989784,0.2135148048400879,0.2131337821483612,6196,10000,0.6196,240.19648754948486,240.19648754948486,63300,True,513,256000,0.0,0.0,3,LEFT,greedy,56811,56246,73297,69842,16908,239288,0.06599634654717482,0,128098,2,2,240.19648754948486,120.09824377474243,2,2,120.09824377474243,240.19648754948486,120.09824377474243,240.19648754948486,50.357527005613434,1611.44086417963,3,LEFT,False,,
256196,double_dqn,dueling,742,,,8.0,8.0,0.05,0.0020313486456871033,1.908259391784668,2.7462048530578613,0.37565165758132935,1.9197744131088257,2.7942638397216797,0.04503730311989784,0.2135148048400879,0.2131337821483612,6196,10000,0.6196,240.19569234635037,240.19569234635037,63300,True,513,256000,0.0,0.0,2,RIGHT,greedy,56811,56246,73297,69842,16908,239288,0.06599634654717482,1,128098,2,2,240.19569234635037,120.09784617317518,2,2,120.09784617317518,240.19569234635037,120.09784617317518,240.19569234635037,50.35736029017255,1611.4355292855216,2,RIGHT,False,,
256300,double_dqn,dueling,743,9.0,445,0.0,0.0,0.05,,,,,,,,,,6300,10000,0.63,240.10668877732496,240.10668877732496,63326,True,513,256000,0.0,0.0,1,FIRE,greedy,56820,56257,73343,69880,16912,239388,0.0659851736246586,1,128150,2,2,240.10668877732496,120.05334438866248,2,2,120.05334438866248,240.10668877732496,120.05334438866248,240.10668877732496,50.49862898888184,1615.956127644219,1,FIRE,False,,
256467,double_dqn,dueling,744,7.0,405,0.0,0.0,0.05,,,,,,,,,,6468,10000,0.6468,239.20059781443507,239.20059781443507,63368,True,513,256000,0.0,0.0,2,RIGHT,greedy,56837,56292,73419,69920,16921,239547,0.06597704197014832,0,128234,2,2,239.20059781443507,119.60029890721754,2,2,119.60029890721754,239.20059781443507,119.60029890721754,239.20059781443507,50.55460995861669,1617.747518675734,2,RIGHT,False,,
256595,double_dqn,dueling,744,,,1.0,1.0,0.05,0.003154870355501771,1.985582947731018,2.982551097869873,0.510379433631897,1.9964622259140015,3.1225738525390625,0.054635703563690186,0.27060604095458984,0.23705042898654938,6596,10000,0.6596,239.68245693730793,239.68245693730793,63400,True,514,256500,0.0,0.0,3,LEFT,greedy,56866,56311,73452,69967,16926,239670,0.06596361595660104,0,128298,2,2,239.68245693730793,119.84122846865397,2,2,119.84122846865397,239.68245693730793,119.84122846865397,239.68245693730793,50.83622760086322,1626.759283227623,3,LEFT,False,,
256596,double_dqn,dueling,744,,,3.0,3.0,0.05,0.003154870355501771,1.985582947731018,2.982551097869873,0.510379433631897,1.9964622259140015,3.1225738525390625,0.054635703563690186,0.27060604095458984,0.23705042898654938,6596,10000,0.6596,239.6814501249411,239.6814501249411,63400,True,514,256500,0.0,0.0,3,LEFT,greedy,56866,56311,73452,69967,16926,239670,0.06596361595660104,1,128298,2,2,239.6814501249411,119.84072506247055,2,2,119.84072506247055,239.6814501249411,119.84072506247055,239.6814501249411,50.83601405773084,1626.752449847387,3,LEFT,False,,
256995,double_dqn,dueling,744,,,5.0,5.0,0.05,0.0011382503435015678,2.004883289337158,2.880108118057251,0.821428656578064,2.024646282196045,2.793117046356201,0.03706030547618866,0.11481094360351562,0.09471555054187775,6996,10000,0.6996,240.1122036509758,240.1122036509758,63500,True,514,256500,0.0,0.0,1,FIRE,fire_reset,56923,56393,73599,70081,16942,240054,0.06592320503042849,0,128498,2,2,240.1122036509758,120.0561018254879,2,2,120.0561018254879,240.1122036509758,120.0561018254879,240.1122036509758,51.44771201726883,1646.3267845526025,3,LEFT,True,after_life_loss,
256996,double_dqn,dueling,744,,,7.0,7.0,0.05,0.0011382503435015678,2.004883289337158,2.880108118057251,0.821428656578064,2.024646282196045,2.793117046356201,0.03706030547618866,0.11481094360351562,0.09471555054187775,6996,10000,0.6996,240.1114965757431,240.1114965757431,63500,True,514,256500,0.0,0.0,2,RIGHT,greedy,56923,56393,73599,70081,16942,240054,0.06592320503042849,1,128498,2,2,240.1114965757431,120.05574828787155,2,2,120.05574828787155,240.1114965757431,120.05574828787155,240.1114965757431,51.4475605155859,1646.3219364987488,2,RIGHT,False,,
257305,double_dqn,dueling,745,8.0,419,0.0,0.0,0.05,,,,,,,,,,7306,10000,0.7306,240.77363726729294,240.77363726729294,63577,False,515,257000,0.0,0.0,0,NOOP,greedy,56970,56465,73707,70164,16952,240354,0.06588264556597981,0,128653,2,2,240.77363726729294,120.38681863364647,2,2,120.38681863364647,240.77363726729294,120.38681863364647,240.77363726729294,51.938030705345426,1662.0169825710536,0,NOOP,False,,
257395,double_dqn,dueling,745,,,1.0,1.0,0.05,0.0014887729194015265,2.02645206451416,2.991889238357544,0.449360728263855,2.0544440746307373,2.9528000354766846,0.041901592165231705,0.13022875785827637,0.2512296140193939,7396,10000,0.7396,240.54189653151906,240.54189653151906,63600,True,515,257000,0.0,0.0,2,RIGHT,greedy,56980,56484,73743,70189,16956,240440,0.06587514957497397,0,128698,2,2,240.54189653151906,120.27094826575953,2,2,120.27094826575953,240.54189653151906,120.27094826575953,240.54189653151906,52.004663676838696,1664.1492376588383,2,RIGHT,False,,
257396,double_dqn,dueling,745,,,11.0,11.0,0.05,0.0014887729194015265,2.02645206451416,2.991889238357544,0.449360728263855,2.0544440746307373,2.9528000354766846,0.041901592165231705,0.13022875785827637,0.2512296140193939,7396,10000,0.7396,240.54118775154936,240.54118775154936,63600,True,515,257000,0.0,0.0,1,FIRE,greedy,56980,56484,73743,70189,16956,240440,0.06587514957497397,1,128698,2,2,240.54118775154936,120.27059387577468,2,2,120.27059387577468,240.54118775154936,120.27059387577468,240.54118775154936,52.0045104400659,1664.1443340821088,1,FIRE,False,,
257488,double_dqn,dueling,746,12.0,594,0.0,0.0,0.05,,,,,,,,,,7488,10000,0.7488,240.68614528591263,240.68614528591263,63623,True,515,257000,0.0,0.0,2,RIGHT,greedy,56990,56497,73775,70226,16959,240529,0.06586326353072765,1,128744,2,2,240.68614528591263,120.34307264295632,2,2,120.34307264295632,240.68614528591263,120.34307264295632,240.68614528591263,52.13580764606708,1668.3458446741465,2,RIGHT,False,,
257795,double_dqn,dueling,746,,,5.0,5.0,0.05,0.0018887229962274432,2.078373670578003,3.0221939086914062,0.8132117390632629,2.1104044914245605,3.0277016162872314,0.047278136014938354,0.17075181007385254,0.16085602343082428,7796,10000,0.7796,239.76729187954027,239.76729187954027,63700,True,516,257500,0.0,0.0,3,LEFT,greedy,57077,56561,73862,70296,16974,240822,0.06584275939114649,0,128898,2,2,239.76729187954027,119.88364593977013,2,2,119.88364593977013,239.76729187954027,119.88364593977013,239.76729187954027,52.25303090089006,1672.096988828482,3,LEFT,False,,
257796,double_dqn,dueling,746,,,3.0,3.0,0.05,0.0018887229962274432,2.078373670578003,3.0221939086914062,0.8132117390632629,2.1104044914245605,3.0277016162872314,0.047278136014938354,0.17075181007385254,0.16085602343082428,7796,10000,0.7796,239.76668057093863,239.76668057093863,63700,True,516,257500,0.0,0.0,2,RIGHT,greedy,57077,56561,73862,70296,16974,240822,0.06584275939114649,1,128898,2,2,239.76668057093863,119.88334028546932,2,2,119.88334028546932,239.76668057093863,119.88334028546932,239.76668057093863,52.252897677017025,1672.0927256645448,2,RIGHT,False,,
258195,double_dqn,dueling,746,,,11.0,8.0,0.05,0.0014021233655512333,1.9676814079284668,2.6771039962768555,0.18759261071681976,2.0154576301574707,2.7856905460357666,0.04046244919300079,0.12244558334350586,0.388383686542511,8196,10000,0.8196,239.37191333322704,239.37191333322704,63800,True,517,258000,0.0,0.0,0,NOOP,greedy,57185,56671,73953,70387,16996,241200,0.06582596167252784,0,129098,2,2,239.37191333322704,119.68595666661352,2,2,119.68595666661352,239.37191333322704,119.68595666661352,239.37191333322704,52.54149244588525,1681.327758268328,0,NOOP,False,,
258196,double_dqn,dueling,746,,,8.0,8.0,0.05,0.0014021233655512333,1.9676814079284668,2.6771039962768555,0.18759261071681976,2.0154576301574707,2.7856905460357666,0.04046244919300079,0.12244558334350586,0.388383686542511,8196,10000,0.8196,239.37134705744833,239.37134705744833,63800,True,517,258000,0.0,0.0,2,RIGHT,greedy,57185,56671,73953,70387,16996,241200,0.06582596167252784,1,129098,2,2,239.37134705744833,119.68567352872417,2,2,119.68567352872417,239.37134705744833,119.68567352872417,239.37134705744833,52.541368149871836,1681.3237807958988,2,RIGHT,False,,
258267,double_dqn,dueling,747,12.0,481,0.0,0.0,0.05,,,,,,,,,,8268,10000,0.8268,239.44957042661497,239.44957042661497,63818,True,517,258000,0.0,0.0,0,NOOP,greedy,57201,56690,73980,70397,16999,241269,0.06581922653987331,0,129134,2,2,239.44957042661497,119.72478521330748,2,2,119.72478521330748,239.44957042661497,119.72478521330748,239.44957042661497,52.622141928538866,1683.9085417132437,0,NOOP,False,,
258424,double_dqn,dueling,748,10.0,468,0.0,0.0,0.05,,,,,,,,,,8424,10000,0.8424,239.28813076330854,239.28813076330854,63857,True,517,258000,0.0,0.0,0,NOOP,greedy,57247,56727,74020,70430,17014,241410,0.06583753830913537,1,129212,2,2,239.28813076330854,119.64406538165427,2,2,119.64406538165427,239.28813076330854,119.64406538165427,239.28813076330854,52.72065179210597,1687.060857347391,0,NOOP,False,,
258595,double_dqn,dueling,748,,,3.0,3.0,0.05,0.0017074650386348367,1.9737502336502075,2.7291738986968994,0.718086302280426,2.006795883178711,2.8934106826782227,0.04224695637822151,0.16423678398132324,0.14633490145206451,8596,10000,0.8596,239.50786294318218,239.50786294318218,63900,True,518,258500,0.0,0.0,1,FIRE,greedy,57280,56769,74076,70471,17017,241579,0.06580534888397346,0,129298,2,2,239.50786294318218,119.75393147159109,2,2,119.75393147159109,239.50786294318218,119.75393147159109,239.50786294318218,52.91128800943497,1693.161216301919,1,FIRE,False,,
258596,double_dqn,dueling,748,,,2.0,2.0,0.05,0.0017074650386348367,1.9737502336502075,2.7291738986968994,0.718086302280426,2.006795883178711,2.8934106826782227,0.04224695637822151,0.16423678398132324,0.14633490145206451,8596,10000,0.8596,239.50723431623464,239.50723431623464,63900,True,518,258500,1.0,1.0,3,LEFT,greedy,57280,56769,74076,70471,17017,241579,0.06580534888397346,1,129298,2,2,239.50723431623464,119.75361715811732,2,2,119.75361715811732,239.50723431623464,119.75361715811732,239.50723431623464,52.91114913524076,1693.1567723277044,3,LEFT,False,,
258995,double_dqn,dueling,748,,,8.0,8.0,0.05,0.0019284624140709639,1.8733477592468262,2.6548612117767334,0.2831605076789856,1.8891081809997559,2.7038824558258057,0.04633912071585655,0.17536020278930664,0.1150018647313118,8996,10000,0.8996,240.13165727900085,240.13165727900085,64000,True,518,258500,0.0,0.0,1,FIRE,greedy,57373,56892,74169,70562,17040,241956,0.06579252189222999,0,129498,2,2,240.13165727900085,120.06582863950042,2,2,120.06582863950042,240.13165727900085,120.06582863950042,240.13165727900085,53.359624599902475,1707.5079871968792,1,FIRE,False,,
258996,double_dqn,dueling,748,,,7.0,7.0,0.05,0.0019284624140709639,1.8733477592468262,2.6548612117767334,0.2831605076789856,1.8891081809997559,2.7038824558258057,0.04633912071585655,0.17536020278930664,0.1150018647313118,8996,10000,0.8996,240.13115795090187,240.13115795090187,64000,True,518,258500,0.0,0.0,3,LEFT,random,57373,56892,74169,70562,17040,241956,0.06579252189222999,1,129498,2,2,240.13115795090187,120.06557897545093,2,2,120.06557897545093,240.13115795090187,120.06557897545093,240.13115795090187,53.35951364426999,1707.5044366166396,3,LEFT,False,,
259395,double_dqn,dueling,748,,,12.0,12.0,0.05,0.0029436990153044462,1.9743497371673584,2.7487282752990723,0.3775768578052521,2.01029634475708,2.7353451251983643,0.053857117891311646,0.3102576732635498,0.19311173260211945,9396,10000,0.9396,238.48510726800788,238.48510726800788,64100,True,519,259000,0.0,0.0,3,LEFT,greedy,57410,57020,74301,70665,17057,242339,0.06575660380268007,0,129698,2,2,238.48510726800788,119.24255363400394,2,2,119.24255363400394,238.48510726800788,119.24255363400394,238.48510726800788,53.275887628304446,1704.8284041057423,3,LEFT,False,,
259396,double_dqn,dueling,748,,,10.0,10.0,0.05,0.0029436990153044462,1.9743497371673584,2.7487282752990723,0.3775768578052521,2.01029634475708,2.7353451251983643,0.053857117891311646,0.3102576732635498,0.19311173260211945,9396,10000,0.9396,238.48429130920505,238.48429130920505,64100,True,519,259000,0.0,0.0,1,FIRE,greedy,57410,57020,74301,70665,17057,242339,0.06575660380268007,1,129698,2,2,238.48429130920505,119.24214565460252,2,2,119.24214565460252,238.48429130920505,119.24214565460252,238.48429130920505,53.27570534887414,1704.8225711639725,1,FIRE,False,,
259425,double_dqn,dueling,749,12.0,579,0.0,0.0,0.05,,,,,,,,,,9426,10000,0.9426,238.2707001162403,238.2707001162403,64107,False,519,259000,0.0,0.0,2,RIGHT,greedy,57410,57023,74317,70676,17059,242367,0.06575670904227024,0,129713,2,2,238.2707001162403,119.13535005812015,2,2,119.13535005812015,238.2707001162403,119.13535005812015,238.2707001162403,53.23552879745407,1703.5369215185303,2,RIGHT,False,,
259518,double_dqn,dueling,750,12.0,547,0.0,0.0,0.05,,,,,,,,,,9518,10000,0.9518,237.8646131450284,237.8646131450284,64130,False,520,259500,0.0,0.0,2,RIGHT,greedy,57426,57045,74340,70707,17062,242456,0.06574495796052682,1,129759,2,2,237.8646131450284,118.9323065725142,2,2,118.9323065725142,237.8646131450284,118.9323065725142,237.8646131450284,53.205900544837725,1702.5888174348072,2,RIGHT,False,,
259795,double_dqn,dueling,750,,,3.0,3.0,0.05,0.003648663405328989,1.9087917804718018,3.0514800548553467,0.5530692934989929,1.8819303512573242,3.0134689807891846,0.06497271358966827,0.2144160270690918,0.6667234301567078,9796,10000,0.9796,237.81917139675693,237.81917139675693,64200,True,520,259500,0.0,0.0,3,LEFT,greedy,57489,57130,74411,70766,17072,242724,0.06571309796917582,0,129898,2,2,237.81917139675693,118.90958569837846,2,2,118.90958569837846,237.81917139675693,118.90958569837846,237.81917139675693,53.38549998994166,1708.335999678133,3,LEFT,False,,
259796,double_dqn,dueling,750,,,2.0,2.0,0.05,0.003648663405328989,1.9087917804718018,3.0514800548553467,0.5530692934989929,1.8819303512573242,3.0134689807891846,0.06497271358966827,0.2144160270690918,0.6667234301567078,9796,10000,0.9796,237.8183070949198,237.8183070949198,64200,True,520,259500,0.0,0.0,1,FIRE,greedy,57489,57130,74411,70766,17072,242724,0.06571309796917582,1,129898,2,2,237.8183070949198,118.9091535474599,2,2,118.9091535474599,237.8183070949198,118.9091535474599,237.8183070949198,53.385305972001696,1708.3297911040543,1,FIRE,False,,
260195,double_dqn,dueling,750,,,8.0,8.0,0.05,0.0027595926076173782,2.0609219074249268,2.9371585845947266,1.0491892099380493,2.095451831817627,2.9193334579467773,0.048665549606084824,0.2833291292190552,0.3163178265094757,10000,10000,1.0,238.0882199661803,238.0882199661803,64300,True,521,260000,0.0,0.0,2,RIGHT,greedy,57556,57291,74504,70845,17088,243108,0.06567356915555965,0,130098,2,2,238.0882199661803,119.04410998309015,2,2,119.04410998309015,238.0882199661803,119.04410998309015,238.0882199661803,53.68427007672112,1717.8966424550758,2,RIGHT,False,,
260196,double_dqn,dueling,750,,,5.0,5.0,0.05,0.0027595926076173782,2.0609219074249268,2.9371585845947266,1.0491892099380493,2.095451831817627,2.9193334579467773,0.048665549606084824,0.2833291292190552,0.3163178265094757,10000,10000,1.0,238.08773627944228,238.08773627944228,64300,True,521,260000,0.0,0.0,2,RIGHT,greedy,57556,57291,74504,70845,17088,243108,0.06567356915555965,1,130098,2,2,238.08773627944228,119.04386813972114,2,2,119.04386813972114,238.08773627944228,119.04386813972114,238.08773627944228,53.68416101475459,1717.8931524721468,2,RIGHT,False,,
260358,double_dqn,dueling,751,7.0,420,0.0,0.0,0.05,,,,,,,,,,10000,10000,1.0,238.35185824797458,238.35185824797458,64340,False,521,260000,0.0,0.0,1,FIRE,greedy,57576,57349,74543,70890,17095,243263,0.06565959179283909,1,130179,2,2,238.35185824797458,119.17592912398729,2,2,119.17592912398729,238.35185824797458,119.17592912398729,238.35185824797458,53.82361425391123,1722.3556561251594,1,FIRE,False,,
260431,double_dqn,dueling,752,10.0,503,0.0,0.0,0.05,,,,,,,,,,10000,10000,1.0,238.45519744503625,238.45519744503625,64359,True,521,260000,0.0,0.0,3,LEFT,random,57584,57364,74567,70917,17101,243331,0.06566397370522824,0,130216,2,2,238.45519744503625,119.22759872251812,2,2,119.22759872251812,238.45519744503625,119.22759872251812,238.45519744503625,53.89928638567825,1724.777164341704,3,LEFT,False,,
260595,double_dqn,dueling,752,,,1.0,1.0,0.05,0.001411290606483817,1.8115366697311401,2.9987473487854004,0.9825326204299927,1.825272798538208,2.952908992767334,0.041965924203395844,0.13819777965545654,0.2283669412136078,10000,10000,1.0,238.47127757996554,238.47127757996554,64400,True,522,260500,0.0,0.0,0,NOOP,greedy,57616,57396,74640,70944,17111,243485,0.06566102319298837,0,130298,2,2,238.47127757996554,119.23563878998277,2,2,119.23563878998277,238.47127757996554,119.23563878998277,238.47127757996554,53.991373623474644,1727.7239559511886,0,NOOP,False,,
260596,double_dqn,dueling,752,,,2.0,2.0,0.05,0.001411290606483817,1.8115366697311401,2.9987473487854004,0.9825326204299927,1.825272798538208,2.952908992767334,0.041965924203395844,0.13819777965545654,0.2283669412136078,10000,10000,1.0,238.47080743211444,238.47080743211444,64400,True,522,260500,0.0,0.0,0,NOOP,greedy,57616,57396,74640,70944,17111,243485,0.06566102319298837,1,130298,2,2,238.47080743211444,119.23540371605722,2,2,119.23540371605722,238.47080743211444,119.23540371605722,238.47080743211444,53.991267179090464,1727.7205497308948,0,NOOP,False,,
260964,double_dqn,dueling,753,5.0,303,0.0,0.0,0.05,,,,,,,,,,10000,10000,1.0,237.53074047764412,237.53074047764412,64492,True,522,260500,0.0,0.0,3,LEFT,greedy,57676,57446,74757,71085,17131,243833,0.06564506981805919,1,130482,2,2,237.53074047764412,118.76537023882206,2,2,118.76537023882206,237.53074047764412,118.76537023882206,237.53074047764412,53.96653361271539,1726.9290756068924,3,LEFT,False,,
260995,double_dqn,dueling,753,,,4.0,4.0,0.05,0.02057844214141369,1.9737695455551147,2.9915823936462402,1.033701777458191,1.959113597869873,2.898165464401245,0.07741209864616394,1.1101396083831787,0.6027788519859314,10000,10000,1.0,237.57857445143264,237.57857445143264,64500,True,522,260500,0.0,0.0,0,NOOP,greedy,57688,57448,74770,71090,17131,243865,0.06563702125703076,0,130498,2,2,237.57857445143264,118.78928722571632,2,2,118.78928722571632,237.57857445143264,118.78928722571632,237.57857445143264,53.993166383605875,1727.781324275388,0,NOOP,False,,
260996,double_dqn,dueling,753,,,0.0,0.0,0.05,0.02057844214141369,1.9737695455551147,2.9915823936462402,1.033701777458191,1.959113597869873,2.898165464401245,0.07741209864616394,1.1101396083831787,0.6027788519859314,10000,10000,1.0,237.5780031396886,237.5780031396886,64500,True,522,260500,0.0,0.0,0,NOOP,greedy,57688,57448,74770,71090,17131,243865,0.06563702125703076,1,130498,2,2,237.5780031396886,118.7890015698443,2,2,118.7890015698443,237.5780031396886,118.7890015698443,237.5780031396886,53.99303654475098,1727.7771694320313,0,NOOP,False,,
261385,double_dqn,dueling,754,11.0,477,0.0,0.0,0.05,,,,,,,,,,10000,10000,1.0,236.64613213078982,236.64613213078982,64597,False,523,261000,0.0,0.0,2,RIGHT,random,57779,57584,74844,71179,17156,244230,0.06563473177599412,0,130693,2,2,236.64613213078982,118.32306606539491,2,2,118.32306606539491,236.64613213078982,118.32306606539491,236.64613213078982,53.95515185416568,1726.5648593333017,2,RIGHT,False,,
261395,double_dqn,dueling,754,,,0.0,0.0,0.05,0.001172107644379139,2.119645833969116,2.8724637031555176,1.1173624992370605,2.145657539367676,2.891873836517334,0.03660968318581581,0.12533104419708252,0.11772115528583527,10000,10000,1.0,236.57094034073754,236.57094034073754,64600,True,523,261000,0.0,0.0,2,RIGHT,greedy,57783,57587,74845,71181,17156,244240,0.06563222084500145,0,130698,2,2,236.57094034073754,118.28547017036877,2,2,118.28547017036877,236.57094034073754,118.28547017036877,236.57094034073754,53.95295489167926,1726.4945565337364,2,RIGHT,False,,
261396,double_dqn,dueling,754,,,4.0,4.0,0.05,0.001172107644379139,2.119645833969116,2.8724637031555176,1.1173624992370605,2.145657539367676,2.891873836517334,0.03660968318581581,0.12533104419708252,0.11772115528583527,10000,10000,1.0,236.57030927865435,236.57030927865435,64600,True,523,261000,0.0,0.0,0,NOOP,greedy,57783,57587,74845,71181,17156,244240,0.06563222084500145,1,130698,2,2,236.57030927865435,118.28515463932717,2,2,118.28515463932717,236.57030927865435,118.28515463932717,236.57030927865435,53.952810970096756,1726.4899510430962,0,NOOP,False,,
261795,double_dqn,dueling,754,,,4.0,4.0,0.05,0.0017650487134233117,1.9508311748504639,2.937103748321533,0.29963061213493347,1.967185139656067,2.9254703521728516,0.04713382199406624,0.14775419235229492,0.1446095108985901,10000,10000,1.0,235.78322450922508,235.78322450922508,64700,True,524,261500,0.0,0.0,0,NOOP,greedy,57918,57702,74918,71258,17173,244623,0.06559687695763114,0,130898,2,2,235.78322450922508,117.89161225461254,2,2,117.89161225461254,235.78322450922508,117.89161225461254,235.78322450922508,53.948704895761146,1726.3585566643567,0,NOOP,False,,
261796,double_dqn,dueling,754,,,10.0,10.0,0.05,0.0017650487134233117,1.9508311748504639,2.937103748321533,0.29963061213493347,1.967185139656067,2.9254703521728516,0.04713382199406624,0.14775419235229492,0.1446095108985901,10000,10000,1.0,235.78279893186584,235.78279893186584,64700,True,524,261500,0.0,0.0,1,FIRE,greedy,57918,57702,74918,71258,17173,244623,0.06559687695763114,1,130898,2,2,235.78279893186584,117.89139946593292,2,2,117.89139946593292,235.78279893186584,117.89139946593292,235.78279893186584,53.94860752094828,1726.355440670345,1,FIRE,False,,
262026,double_dqn,dueling,755,16.0,531,0.0,0.0,0.05,,,,,,,,,,10000,10000,1.0,236.10013094064325,236.10013094064325,64757,False,525,262000,0.0,0.0,1,FIRE,greedy,57968,57775,74963,71320,17185,244841,0.06558509460893194,1,131013,2,2,236.10013094064325,118.05006547032163,2,2,118.05006547032163,236.10013094064325,118.05006547032163,236.10013094064325,54.107098026975954,1731.4271368632305,1,FIRE,False,,
262047,double_dqn,dueling,756,6.0,331,0.0,0.0,0.05,,,,,,,,,,10000,10000,1.0,236.00942615564986,236.00942615564986,64763,True,525,262000,0.0,0.0,0,NOOP,greedy,57980,57779,74965,71324,17185,244863,0.06557958847234094,0,131024,2,2,236.00942615564986,118.00471307782493,2,2,118.00471307782493,236.00942615564986,118.00471307782493,236.00942615564986,54.10508258979955,1731.3626428735856,0,NOOP,False,,
262195,double_dqn,dueling,756,,,2.0,2.0,0.05,0.0019901483319699764,2.128460168838501,2.981052875518799,1.0415219068527222,2.1717562675476074,3.0557327270507812,0.04703254625201225,0.1917717456817627,0.3041629493236542,10000,10000,1.0,235.57488411370483,235.57488411370483,64800,True,525,262000,0.0,0.0,0,NOOP,greedy,58028,57796,75002,71370,17193,245003,0.06557308273200202,0,131098,2,2,235.57488411370483,117.78744205685241,2,2,117.78744205685241,235.57488411370483,117.78744205685241,235.57488411370483,54.064783587591,1730.073074802912,0,NOOP,False,,
262196,double_dqn,dueling,756,,,2.0,2.0,0.05,0.0019901483319699764,2.128460168838501,2.981052875518799,1.0415219068527222,2.1717562675476074,3.0557327270507812,0.04703254625201225,0.1917717456817627,0.3041629493236542,10000,10000,1.0,235.57449278827946,235.57449278827946,64800,True,525,262000,0.0,0.0,2,RIGHT,greedy,58028,57796,75002,71370,17193,245003,0.06557308273200202,1,131098,2,2,235.57449278827946,117.78724639413973,2,2,117.78724639413973,235.57449278827946,117.78724639413973,235.57449278827946,54.06469377782832,1730.0702008905062,2,RIGHT,False,,
262595,double_dqn,dueling,756,,,10.0,7.0,0.05,0.0020940909162163734,1.973737359046936,2.907120704650879,0.6201333999633789,1.993274450302124,2.902350425720215,0.05083497241139412,0.15609526634216309,0.2800666093826294,10000,10000,1.0,233.85308326015902,233.85308326015902,64900,True,526,262500,0.0,0.0,2,RIGHT,greedy,58125,57893,75105,71473,17211,245385,0.06554174473335465,0,131298,2,2,233.85308326015902,116.92654163007951,2,2,116.92654163007951,233.85308326015902,116.92654163007951,233.85308326015902,53.821855221594234,1722.2993670910155,2,RIGHT,False,,
262596,double_dqn,dueling,756,,,7.0,7.0,0.05,0.0020940909162163734,1.973737359046936,2.907120704650879,0.6201333999633789,1.993274450302124,2.902350425720215,0.05083497241139412,0.15609526634216309,0.2800666093826294,10000,10000,1.0,233.85272160209718,233.85272160209718,64900,True,526,262500,0.0,0.0,1,FIRE,greedy,58125,57893,75105,71473,17211,245385,0.06554174473335465,1,131298,2,2,233.85272160209718,116.92636080104859,2,2,116.92636080104859,233.85272160209718,116.92636080104859,233.85272160209718,53.82177198511271,1722.2967035236068,1,FIRE,False,,
262995,double_dqn,dueling,756,,,14.0,11.0,0.05,0.0017301193438470364,2.087158203125,3.1241791248321533,1.1364071369171143,2.0912466049194336,3.0806782245635986,0.042792778462171555,0.1837759017944336,0.24743470549583435,10000,10000,1.0,233.70831871412562,233.70831871412562,65000,True,526,262500,0.0,0.0,2,RIGHT,greedy,58213,57979,75244,71560,17232,245764,0.06552190907846507,0,131498,2,2,233.70831871412562,116.85415935706281,2,2,116.85415935706281,233.70831871412562,116.85415935706281,233.70831871412562,53.93130561893373,1725.8017798058793,2,RIGHT,False,,
262996,double_dqn,dueling,756,,,11.0,11.0,0.05,0.0017301193438470364,2.087158203125,3.1241791248321533,1.1364071369171143,2.0912466049194336,3.0806782245635986,0.042792778462171555,0.1837759017944336,0.24743470549583435,10000,10000,1.0,233.707980389151,233.707980389151,65000,True,526,262500,0.0,0.0,0,NOOP,greedy,58213,57979,75244,71560,17232,245764,0.06552190907846507,1,131498,2,2,233.707980389151,116.8539901945755,2,2,116.8539901945755,233.707980389151,116.8539901945755,233.707980389151,53.93122754594212,1725.799281470148,0,NOOP,False,,
263030,double_dqn,dueling,757,11.0,502,0.0,0.0,0.05,,,,,,,,,,10000,10000,1.0,233.7707840147393,233.7707840147393,65008,False,527,263000,0.0,0.0,2,RIGHT,greedy,58220,57986,75254,71570,17232,245798,0.06551343953161236,1,131515,2,2,233.7707840147393,116.88539200736965,2,2,116.88539200736965,233.7707840147393,116.88539200736965,233.7707840147393,53.94848407769156,1726.35149048613,2,RIGHT,False,,
263327,double_dqn,dueling,758,20.0,640,0.0,0.0,0.05,,,,,,,,,,10000,10000,1.0,233.65801775687254,233.65801775687254,65083,True,527,263000,0.0,0.0,0,NOOP,greedy,58310,58056,75314,71648,17258,246070,0.06553803621339166,0,131664,2,2,233.65801775687254,116.82900887843627,2,2,116.82900887843627,233.65801775687254,116.82900887843627,233.65801775687254,54.03166346988905,1729.0132310364495,0,NOOP,False,,
263395,double_dqn,dueling,758,,,0.0,0.0,0.05,0.0022463672794401646,2.0627079010009766,3.02156400680542,0.5488491058349609,2.0460050106048584,3.092984199523926,0.049023814499378204,0.20586013793945312,0.46271368861198425,10000,10000,1.0,233.71546498049733,233.71546498049733,65100,True,527,263000,0.0,0.0,0,NOOP,greedy,58317,58074,75338,71667,17259,246137,0.06552491305866452,0,131698,2,2,233.71546498049733,116.85773249024867,2,2,116.85773249024867,233.71546498049733,116.85773249024867,233.71546498049733,54.06720110290842,1730.1504352930694,0,NOOP,False,,
263396,double_dqn,dueling,758,,,3.0,3.0,0.05,0.0022463672794401646,2.0627079010009766,3.02156400680542,0.5488491058349609,2.0460050106048584,3.092984199523926,0.049023814499378204,0.20586013793945312,0.46271368861198425,10000,10000,1.0,233.71512083564144,233.71512083564144,65100,True,527,263000,0.0,0.0,1,FIRE,greedy,58317,58074,75338,71667,17259,246137,0.06552491305866452,1,131698,2,2,233.71512083564144,116.85756041782072,2,2,116.85756041782072,233.71512083564144,116.85756041782072,233.71512083564144,54.067121489224604,1730.1478876551873,1,FIRE,False,,
263795,double_dqn,dueling,758,,,4.0,4.0,0.05,0.0017770393751561642,2.0477659702301025,2.8766307830810547,0.5996999740600586,2.051736831665039,2.840237855911255,0.046303145587444305,0.17044401168823242,0.19320374727249146,10000,10000,1.0,234.45545027174816,234.45545027174816,65200,True,528,263500,0.0,0.0,1,FIRE,greedy,58438,58195,75416,71747,17278,246518,0.06549758146446497,0,131898,2,2,234.45545027174816,117.22772513587408,2,2,117.22772513587408,234.45545027174816,117.22772513587408,234.45545027174816,54.36524974045538,1739.6879916945722,1,FIRE,False,,
263796,double_dqn,dueling,758,,,7.0,7.0,0.05,0.0017770393751561642,2.0477659702301025,2.8766307830810547,0.5996999740600586,2.051736831665039,2.840237855911255,0.046303145587444305,0.17044401168823242,0.19320374727249146,10000,10000,1.0,234.4549777180235,234.4549777180235,65200,True,528,263500,0.0,0.0,1,FIRE,greedy,58438,58195,75416,71747,17278,246518,0.06549758146446497,1,131898,2,2,234.4549777180235,117.22748885901176,2,2,117.22748885901176,234.4549777180235,117.22748885901176,234.4549777180235,54.36514016526219,1739.68448528839,1,FIRE,False,,
264195,double_dqn,dueling,758,,,8.0,8.0,0.05,0.001875320915132761,1.952669382095337,2.7642955780029297,0.9749863743782043,1.9590563774108887,2.806488037109375,0.050511859357357025,0.13705754280090332,0.14520041644573212,10000,10000,1.0,234.9717795017803,234.9717795017803,65300,True,529,264000,0.0,0.0,0,NOOP,greedy,58523,58302,75513,71858,17297,246899,0.06547033263183394,0,132098,2,2,234.9717795017803,117.48588975089015,2,2,117.48588975089015,234.9717795017803,117.48588975089015,234.9717795017803,54.60495213978397,1747.358468473087,0,NOOP,False,,
264196,double_dqn,dueling,758,,,12.0,12.0,0.05,0.001875320915132761,1.952669382095337,2.7642955780029297,0.9749863743782043,1.9590563774108887,2.806488037109375,0.050511859357357025,0.13705754280090332,0.14520041644573212,10000,10000,1.0,234.97145825076484,234.97145825076484,65300,True,529,264000,1.0,1.0,3,LEFT,greedy,58523,58302,75513,71858,17297,246899,0.06547033263183394,1,132098,2,2,234.97145825076484,117.48572912538242,2,2,117.48572912538242,234.97145825076484,117.48572912538242,234.97145825076484,54.604877484451485,1747.3560795024475,3,LEFT,False,,
264249,double_dqn,dueling,759,9.0,461,0.0,0.0,0.05,,,,,,,,,,10000,10000,1.0,235.03105788608192,235.03105788608192,65313,False,529,264000,0.0,0.0,3,LEFT,greedy,58533,58306,75530,71881,17298,246952,0.06546073793755913,0,132125,2,2,235.03105788608192,117.51552894304096,2,2,117.51552894304096,235.03105788608192,117.51552894304096,235.03105788608192,54.62616587499672,1748.0373079998951,3,LEFT,False,,
264260,double_dqn,dueling,760,12.0,615,0.0,0.0,0.05,,,,,,,,,,10000,10000,1.0,234.9458523371321,234.9458523371321,65316,True,529,264000,0.0,0.0,1,FIRE,random,58537,58312,75530,71881,17299,246961,0.06546204495572543,1,132130,2,2,234.9458523371321,117.47292616856605,2,2,117.47292616856605,234.9458523371321,117.47292616856605,234.9458523371321,54.617496528582954,1747.7598889146545,1,FIRE,False,,
264595,double_dqn,dueling,760,,,4.0,4.0,0.05,0.0033043823204934597,1.928931713104248,2.7823257446289062,0.12718123197555542,1.9622313976287842,2.856886386871338,0.05840284004807472,0.2629585266113281,0.2541656196117401,10000,10000,1.0,234.57275603484186,234.57275603484186,65400,True,530,264500,0.0,0.0,1,FIRE,fire_reset,58596,58437,75594,71969,17312,247284,0.06542804879892364,0,132298,2,2,234.57275603484186,117.28637801742093,2,2,117.28637801742093,234.57275603484186,117.28637801742093,234.57275603484186,54.62543147180238,1748.0138070976761,0,NOOP,True,after_life_loss,
264596,double_dqn,dueling,760,,,3.0,3.0,0.05,0.0033043823204934597,1.928931713104248,2.7823257446289062,0.12718123197555542,1.9622313976287842,2.856886386871338,0.05840284004807472,0.2629585266113281,0.2541656196117401,10000,10000,1.0,234.5724563339832,234.5724563339832,65400,True,530,264500,0.0,0.0,3,LEFT,greedy,58596,58437,75594,71969,17312,247284,0.06542804879892364,1,132298,2,2,234.5724563339832,117.2862281669916,2,2,117.2862281669916,234.5724563339832,117.2862281669916,234.5724563339832,54.62536167985811,1748.0115737554595,3,LEFT,False,,
264930,double_dqn,dueling,761,6.0,335,0.0,0.0,0.05,,,,,,,,,,10000,10000,1.0,234.7047105994644,234.7047105994644,65483,False,530,264500,0.0,0.0,0,NOOP,greedy,58678,58549,75644,72059,17319,247611,0.06537198505265542,1,132465,2,2,234.7047105994644,117.3523552997322,2,2,117.3523552997322,234.7047105994644,117.3523552997322,234.7047105994644,54.738231902701614,1751.6234208864516,0,NOOP,False,,
264995,double_dqn,dueling,761,,,8.0,8.0,0.05,0.0033099683932960033,1.7938326597213745,2.8679370880126953,-0.6547333002090454,1.8105113506317139,2.8806231021881104,0.06148003041744232,0.26497673988342285,0.2529383897781372,10000,10000,1.0,234.7417252447406,234.7417252447406,65500,True,530,264500,0.0,0.0,1,FIRE,greedy,58684,58570,75659,72083,17320,247676,0.06535947712418301,0,132498,2,2,234.7417252447406,117.3708626223703,2,2,117.3708626223703,234.7417252447406,117.3708626223703,234.7417252447406,54.772025648929535,1752.7048207657451,1,FIRE,False,,
264996,double_dqn,dueling,761,,,0.0,0.0,0.05,0.0033099683932960033,1.7938326597213745,2.8679370880126953,-0.6547333002090454,1.8105113506317139,2.8806231021881104,0.06148003041744232,0.26497673988342285,0.2529383897781372,10000,10000,1.0,234.74142503355722,234.74142503355722,65500,True,530,264500,0.0,0.0,2,RIGHT,greedy,58684,58570,75659,72083,17320,247676,0.06535947712418301,1,132498,2,2,234.74142503355722,117.37071251677861,2,2,117.37071251677861,234.74142503355722,117.37071251677861,234.74142503355722,54.77195560098804,1752.7025792316174,2,RIGHT,False,,
265395,double_dqn,dueling,761,,,16.0,13.0,0.05,0.0023452555760741234,2.2814688682556152,2.9062609672546387,1.548067569732666,2.319967746734619,2.877383232116699,0.04564106836915016,0.19474101066589355,0.25891655683517456,10000,10000,1.0,234.96394254995846,234.96394254995846,65600,True,531,265000,0.0,0.0,3,LEFT,greedy,58756,58702,75747,72191,17347,248049,0.06536270328113461,0,132698,2,2,234.96394254995846,117.48197127497923,2,2,117.48197127497923,234.96394254995846,117.48197127497923,234.96394254995846,54.92564492318138,1757.6206375418042,3,LEFT,False,,
265396,double_dqn,dueling,761,,,4.0,4.0,0.05,0.0023452555760741234,2.2814688682556152,2.9062609672546387,1.548067569732666,2.319967746734619,2.877383232116699,0.04564106836915016,0.19474101066589355,0.25891655683517456,10000,10000,1.0,234.9636553220239,234.9636553220239,65600,True,531,265000,0.0,0.0,3,LEFT,greedy,58756,58702,75747,72191,17347,248049,0.06536270328113461,1,132698,2,2,234.9636553220239,117.48182766101195,2,2,117.48182766101195,234.9636553220239,117.48182766101195,234.9636553220239,54.925577780200314,1757.61848896641,3,LEFT,False,,
265607,double_dqn,dueling,762,18.0,679,0.0,0.0,0.05,,,,,,,,,,10000,10000,1.0,235.29110299496406,235.29110299496406,65653,True,532,265500,0.0,0.0,2,RIGHT,greedy,58780,58751,75844,72233,17356,248252,0.0653444173368272,0,132804,2,2,235.29110299496406,117.64555149748203,2,2,117.64555149748203,235.29110299496406,117.64555149748203,235.29110299496406,55.054017692055915,1761.7285661457893,2,RIGHT,False,,
265795,double_dqn,dueling,762,,,1.0,1.0,0.05,0.002600576728582382,1.940547227859497,2.6953697204589844,1.0298349857330322,1.9541330337524414,2.709094524383545,0.05445593595504761,0.19660186767578125,0.14817816019058228,10000,10000,1.0,235.4987577293037,235.4987577293037,65700,True,532,265500,0.0,0.0,0,NOOP,greedy,58809,58798,75893,72296,17366,248430,0.0653358214570573,0,132898,2,2,235.4987577293037,117.74937886465185,2,2,117.74937886465185,235.4987577293037,117.74937886465185,235.4987577293037,55.14749967337898,1764.7199895481274,0,NOOP,False,,
265796,double_dqn,dueling,762,,,8.0,8.0,0.05,0.002600576728582382,1.940547227859497,2.6953697204589844,1.0298349857330322,1.9541330337524414,2.709094524383545,0.05445593595504761,0.19660186767578125,0.14817816019058228,10000,10000,1.0,235.4984659658665,235.4984659658665,65700,True,532,265500,0.0,0.0,2,RIGHT,greedy,58809,58798,75893,72296,17366,248430,0.0653358214570573,1,132898,2,2,235.4984659658665,117.74923298293325,2,2,117.74923298293325,235.4984659658665,117.74923298293325,235.4984659658665,55.1474313501988,1764.7178032063616,2,RIGHT,False,,
265952,double_dqn,dueling,763,13.0,511,0.0,0.0,0.05,,,,,,,,,,10000,10000,1.0,235.70406109218482,235.70406109218482,65739,True,532,265500,0.0,0.0,2,RIGHT,greedy,58826,58820,75938,72368,17374,248578,0.06532757790879558,1,132976,2,2,235.70406109218482,117.85203054609241,2,2,117.85203054609241,235.70406109218482,117.85203054609241,235.70406109218482,55.23205744499667,1767.4258382398934,2,RIGHT,False,,
266195,double_dqn,dueling,763,,,5.0,5.0,0.05,0.001536050927825272,1.9759595394134521,2.6766228675842285,0.3233742415904999,1.9739596843719482,2.7103357315063477,0.03912437707185745,0.1763724684715271,0.20509637892246246,10000,10000,1.0,235.9836380924897,235.9836380924897,65800,True,533,266000,0.0,0.0,0,NOOP,greedy,58875,58871,76011,72439,17387,248809,0.06531653368194863,0,133098,2,2,235.9836380924897,117.99181904624486,2,2,117.99181904624486,235.9836380924897,117.99181904624486,235.9836380924897,55.353287300158584,1771.3051936050747,0,NOOP,False,,
266196,double_dqn,dueling,763,,,2.0,2.0,0.05,0.001536050927825272,1.9759595394134521,2.6766228675842285,0.3233742415904999,1.9739596843719482,2.7103357315063477,0.03912437707185745,0.1763724684715271,0.20509637892246246,10000,10000,1.0,235.98335270611432,235.98335270611432,65800,True,533,266000,0.0,0.0,0,NOOP,greedy,58875,58871,76011,72439,17387,248809,0.06531653368194863,1,133098,2,2,235.98335270611432,117.99167635305716,2,2,117.99167635305716,235.98335270611432,117.99167635305716,235.98335270611432,55.353220358763174,1771.3030514804216,0,NOOP,False,,
266595,double_dqn,dueling,763,,,9.0,9.0,0.05,0.0072300247848033905,1.8010798692703247,2.954845666885376,-0.09693553298711777,1.8309227228164673,2.910149335861206,0.0722402036190033,0.563907265663147,0.4840962886810303,10000,10000,1.0,235.7218210940806,235.7218210940806,65900,True,534,266500,0.0,0.0,3,LEFT,greedy,58920,58958,76149,72569,17412,249184,0.06531230776155682,0,133298,2,2,235.7218210940806,117.8609105470403,2,2,117.8609105470403,235.7218210940806,117.8609105470403,235.7218210940806,55.37957221293205,1772.1463108138255,3,LEFT,False,,
266596,double_dqn,dueling,763,,,6.0,6.0,0.05,0.0072300247848033905,1.8010798692703247,2.954845666885376,-0.09693553298711777,1.8309227228164673,2.910149335861206,0.0722402036190033,0.563907265663147,0.4840962886810303,10000,10000,1.0,235.72155224326528,235.72155224326528,65900,True,534,266500,0.0,0.0,2,RIGHT,greedy,58920,58958,76149,72569,17412,249184,0.06531230776155682,1,133298,2,2,235.72155224326528,117.86077612163264,2,2,117.86077612163264,235.72155224326528,117.86077612163264,235.72155224326528,55.37950905016217,1772.1442896051894,2,RIGHT,False,,
266795,double_dqn,dueling,764,12.0,594,0.0,0.0,0.05,,,,,,,,,,10000,10000,1.0,235.56801616316713,235.56801616316713,65950,True,534,266500,0.0,0.0,3,LEFT,greedy,58941,58985,76218,72652,17417,249379,0.06528208818722919,0,133398,2,2,235.56801616316713,117.78400808158356,2,2,117.78400808158356,235.56801616316713,117.78400808158356,235.56801616316713,55.38569277377631,1772.342168760842,3,LEFT,False,,
266995,double_dqn,dueling,764,,,2.0,2.0,0.05,0.006078734993934631,2.0513269901275635,3.0361506938934326,0.404316246509552,2.072968006134033,2.903252363204956,0.06819804012775421,0.38117730617523193,0.6379463076591492,10000,10000,1.0,235.81001608345068,235.81001608345068,66000,True,534,266500,0.0,0.0,3,LEFT,greedy,58978,59033,76278,72707,17431,249565,0.0652856222565132,0,133498,2,2,235.81001608345068,117.90500804172534,2,2,117.90500804172534,235.81001608345068,117.90500804172534,235.81001608345068,55.483893523047726,1775.4845927375272,3,LEFT,False,,
266996,double_dqn,dueling,764,,,11.0,11.0,0.05,0.006078734993934631,2.0513269901275635,3.0361506938934326,0.404316246509552,2.072968006134033,2.903252363204956,0.06819804012775421,0.38117730617523193,0.6379463076591492,10000,10000,1.0,235.80974911064237,235.80974911064237,66000,True,534,266500,0.0,0.0,3,LEFT,random,58978,59033,76278,72707,17431,249565,0.0652856222565132,1,133498,2,2,235.80974911064237,117.90487455532119,2,2,117.90487455532119,235.80974911064237,117.90487455532119,235.80974911064237,55.483830706840365,1775.4825826188917,3,LEFT,False,,
267010,double_dqn,dueling,765,11.0,529,0.0,0.0,0.05,,,,,,,,,,10000,10000,1.0,235.7784120660739,235.7784120660739,66003,False,535,267000,0.0,0.0,3,LEFT,greedy,58979,59035,76284,72712,17431,249579,0.06528219916857046,1,133505,2,2,235.7784120660739,117.88920603303696,2,2,117.88920603303696,235.7784120660739,117.88920603303696,235.7784120660739,55.47238125152427,1775.1162000487766,3,LEFT,False,,
267395,double_dqn,dueling,765,,,5.0,5.0,0.05,0.00781781692057848,1.9305078983306885,2.797123908996582,-0.27041494846343994,1.958787441253662,2.899458885192871,0.07344046235084534,0.5306098461151123,0.2541227340698242,10000,10000,1.0,236.0990290642867,236.0990290642867,66100,True,535,267000,0.0,0.0,1,FIRE,greedy,59020,59140,76388,72848,17441,249955,0.06522535864410836,0,133698,2,2,236.0990290642867,118.04951453214335,2,2,118.04951453214335,236.0990290642867,118.04951453214335,236.0990290642867,55.63174983527887,1780.2159947289238,1,FIRE,False,,
267396,double_dqn,dueling,765,,,4.0,4.0,0.05,0.00781781692057848,1.9305078983306885,2.797123908996582,-0.27041494846343994,1.958787441253662,2.899458885192871,0.07344046235084534,0.5306098461151123,0.2541227340698242,10000,10000,1.0,236.09876310358098,236.09876310358098,66100,True,535,267000,0.0,0.0,3,LEFT,greedy,59020,59140,76388,72848,17441,249955,0.06522535864410836,1,133698,2,2,236.09876310358098,118.04938155179049,2,2,118.04938155179049,236.09876310358098,118.04938155179049,236.09876310358098,55.6316871672556,1780.2139893521792,3,LEFT,False,,
267693,double_dqn,dueling,766,7.0,449,0.0,0.0,0.05,,,,,,,,,,10000,10000,1.0,236.26999903594944,236.26999903594944,66174,False,536,267500,0.0,0.0,0,NOOP,greedy,59094,59206,76455,72939,17456,250238,0.06520878316286506,0,133847,2,2,236.26999903594944,118.13499951797472,2,2,118.13499951797472,236.26999903594944,118.13499951797472,236.26999903594944,55.72254470312066,1783.1214304998612,0,NOOP,False,,
267795,double_dqn,dueling,766,,,1.0,1.0,0.05,0.0024581626057624817,2.1189610958099365,2.922990083694458,0.14238977432250977,2.149028778076172,2.9438955783843994,0.0474330335855484,0.3002108335494995,0.34530603885650635,10000,10000,1.0,236.27047736538256,236.27047736538256,66200,True,536,267500,0.0,0.0,3,LEFT,random,59103,59227,76477,72989,17463,250333,0.06521008528880193,0,133898,2,2,236.27047736538256,118.13523868269128,2,2,118.13523868269128,236.27047736538256,118.13523868269128,236.27047736538256,55.748467883639094,1783.950972276451,3,LEFT,False,,
267796,double_dqn,dueling,766,,,7.0,7.0,0.05,0.0024581626057624817,2.1189610958099365,2.922990083694458,0.14238977432250977,2.149028778076172,2.9438955783843994,0.0474330335855484,0.3002108335494995,0.34530603885650635,10000,10000,1.0,236.27021512353608,236.27021512353608,66200,True,536,267500,0.0,0.0,3,LEFT,greedy,59103,59227,76477,72989,17463,250333,0.06521008528880193,1,133898,2,2,236.27021512353608,118.13510756176804,2,2,118.13510756176804,236.27021512353608,118.13510756176804,236.27021512353608,55.74840600717734,1783.9489922296748,3,LEFT,False,,
267882,double_dqn,dueling,767,8.0,436,0.0,0.0,0.05,,,,,,,,,,10000,10000,1.0,236.34155651926275,236.34155651926275,66221,False,536,267500,0.0,0.0,3,LEFT,greedy,59117,59249,76504,73012,17467,250415,0.06520408239448712,1,133941,2,2,236.34155651926275,118.17077825963138,2,2,118.17077825963138,236.34155651926275,118.17077825963138,236.34155651926275,55.77459839566541,1784.787148661293,3,LEFT,False,,
268195,double_dqn,dueling,767,,,6.0,6.0,0.05,0.0038780737668275833,1.8530375957489014,2.7579660415649414,0.254016637802124,1.9058228731155396,2.8009486198425293,0.06586339324712753,0.2250819206237793,0.597717821598053,10000,10000,1.0,235.85563234728372,235.85563234728372,66300,True,537,268000,0.0,0.0,3,LEFT,greedy,59223,59324,76568,73081,17481,250715,0.06517994302674164,0,134098,2,2,235.85563234728372,117.92781617364186,2,2,117.92781617364186,235.85563234728372,117.92781617364186,235.85563234728372,55.72342072219019,1783.1494631100861,3,LEFT,False,,
268196,double_dqn,dueling,767,,,3.0,3.0,0.05,0.0038780737668275833,1.8530375957489014,2.7579660415649414,0.254016637802124,1.9058228731155396,2.8009486198425293,0.06586339324712753,0.2250819206237793,0.597717821598053,10000,10000,1.0,235.8553926673728,235.8553926673728,66300,True,537,268000,0.0,0.0,2,RIGHT,greedy,59223,59324,76568,73081,17481,250715,0.06517994302674164,1,134098,2,2,235.8553926673728,117.9276963336864,2,2,117.9276963336864,235.8553926673728,117.9276963336864,235.8553926673728,55.72336409524267,1783.1476510477655,2,RIGHT,False,,
268595,double_dqn,dueling,767,,,10.0,10.0,0.05,0.0017632762901484966,1.9165599346160889,2.734579086303711,0.4686058461666107,1.9327579736709595,2.8392257690429688,0.044879183173179626,0.15084576606750488,0.19734477996826172,10000,10000,1.0,235.8986453481631,235.8986453481631,66400,True,538,268500,0.0,0.0,2,RIGHT,greedy,59276,59428,76730,73162,17499,251097,0.06514989054192914,0,134298,2,2,235.8986453481631,117.94932267408154,2,2,117.94932267408154,235.8986453481631,117.94932267408154,235.8986453481631,55.80329860650513,1785.7055554081642,2,RIGHT,False,,
268596,double_dqn,dueling,767,,,7.0,7.0,0.05,0.0017632762901484966,1.9165599346160889,2.734579086303711,0.4686058461666107,1.9327579736709595,2.8392257690429688,0.044879183173179626,0.15084576606750488,0.19734477996826172,10000,10000,1.0,235.8983829076422,235.8983829076422,66400,True,538,268500,0.0,0.0,0,NOOP,greedy,59276,59428,76730,73162,17499,251097,0.06514989054192914,1,134298,2,2,235.8983829076422,117.9491914538211,2,2,117.9491914538211,235.8983829076422,117.9491914538211,235.8983829076422,55.80323652456001,1785.7035687859204,0,NOOP,False,,
268659,double_dqn,dueling,768,10.0,483,0.0,0.0,0.05,,,,,,,,,,10000,10000,1.0,235.9072528082906,235.9072528082906,66416,True,538,268500,0.0,0.0,2,RIGHT,greedy,59279,59443,76762,73176,17503,251157,0.06514925928683094,0,134330,2,2,235.9072528082906,117.9536264041453,2,2,117.9536264041453,235.9072528082906,117.9536264041453,235.9072528082906,55.81621228020381,1786.1187929665218,2,RIGHT,False,,
268902,double_dqn,dueling,769,10.0,510,0.0,0.0,0.05,,,,,,,,,,10000,10000,1.0,236.16905220169298,236.16905220169298,66476,False,538,268500,0.0,0.0,2,RIGHT,greedy,59314,59510,76833,73245,17517,251385,0.06514269138942812,1,134451,2,2,236.16905220169298,118.08452610084649,2,2,118.08452610084649,236.16905220169298,118.08452610084649,236.16905220169298,55.91241713059867,1789.1973481791574,2,RIGHT,False,,
268995,double_dqn,dueling,769,,,3.0,3.0,0.05,0.0021259698551148176,2.0083775520324707,2.831972360610962,1.1148229837417603,2.0343618392944336,2.7770884037017822,0.0472768098115921,0.1761620044708252,0.1642080843448639,10000,10000,1.0,236.2185810211347,236.2185810211347,66500,True,538,268500,0.0,0.0,2,RIGHT,random,59328,59542,76853,73273,17524,251472,0.06514595012565243,0,134498,2,2,236.2185810211347,118.10929051056735,2,2,118.10929051056735,236.2185810211347,118.10929051056735,236.2185810211347,55.945851548435726,1790.2672495499432,2,RIGHT,False,,
268996,double_dqn,dueling,769,,,1.0,1.0,0.05,0.0021259698551148176,2.0083775520324707,2.831972360610962,1.1148229837417603,2.0343618392944336,2.7770884037017822,0.0472768098115921,0.1761620044708252,0.1642080843448639,10000,10000,1.0,236.21833809734807,236.21833809734807,66500,True,538,268500,0.0,0.0,3,LEFT,greedy,59328,59542,76853,73273,17524,251472,0.06514595012565243,1,134498,2,2,236.21833809734807,118.10916904867403,2,2,118.10916904867403,236.21833809734807,118.10916904867403,236.21833809734807,55.945794014527735,1790.2654084648875,3,LEFT,False,,
269395,double_dqn,dueling,769,,,7.0,7.0,0.05,0.001416586572304368,2.0077247619628906,2.648527145385742,0.4585980772972107,2.0404205322265625,2.6623215675354004,0.04451626539230347,0.12133371829986572,0.2924002408981323,10000,10000,1.0,236.58706467814147,236.58706467814147,66600,True,539,269000,0.0,0.0,3,LEFT,greedy,59395,59656,76968,73377,17549,251847,0.06514202141085985,0,134698,2,2,236.58706467814147,118.29353233907074,2,2,118.29353233907074,236.58706467814147,118.29353233907074,236.58706467814147,56.09733504097611,1795.1147213112356,3,LEFT,False,,
269396,double_dqn,dueling,769,,,5.0,5.0,0.05,0.001416586572304368,2.0077247619628906,2.648527145385742,0.4585980772972107,2.0404205322265625,2.6623215675354004,0.04451626539230347,0.12133371829986572,0.2924002408981323,10000,10000,1.0,236.5868170748456,236.5868170748456,66600,True,539,269000,0.0,0.0,1,FIRE,greedy,59395,59656,76968,73377,17549,251847,0.06514202141085985,1,134698,2,2,236.5868170748456,118.2934085374228,2,2,118.2934085374228,236.5868170748456,118.2934085374228,236.5868170748456,56.09727633157429,1795.1128426103774,1,FIRE,False,,
269795,double_dqn,dueling,769,,,12.0,12.0,0.05,0.0037213885225355625,1.9779106378555298,2.7285635471343994,0.5411711931228638,1.9646942615509033,2.702892780303955,0.06439508497714996,0.2667655944824219,0.6746724843978882,10000,10000,1.0,236.78355411347454,236.78355411347454,66700,True,540,269500,0.0,0.0,3,LEFT,greedy,59472,59746,77091,73487,17565,252231,0.06510474580794377,0,134898,2,2,236.78355411347454,118.39177705673727,2,2,118.39177705673727,236.78355411347454,118.39177705673727,236.78355411347454,56.20559308846317,1798.5789788308214,3,LEFT,False,,
269796,double_dqn,dueling,769,,,9.0,9.0,0.05,0.0037213885225355625,1.9779106378555298,2.7285635471343994,0.5411711931228638,1.9646942615509033,2.702892780303955,0.06439508497714996,0.2667655944824219,0.6746724843978882,10000,10000,1.0,236.78330346345442,236.78330346345442,66700,True,540,269500,0.0,0.0,2,RIGHT,greedy,59472,59746,77091,73487,17565,252231,0.06510474580794377,1,134898,2,2,236.78330346345442,118.39165173172721,2,2,118.39165173172721,236.78330346345442,118.39165173172721,236.78330346345442,56.205533591370596,1798.577074923859,2,RIGHT,False,,
269803,double_dqn,dueling,770,12.0,572,0.0,0.0,0.05,,,,,,,,,,10000,10000,1.0,236.7296338043789,236.7296338043789,66702,True,540,269500,0.0,0.0,3,LEFT,greedy,59472,59747,77092,73493,17565,252239,0.06510281537708855,0,134902,2,2,236.7296338043789,118.36481690218945,2,2,118.36481690218945,236.7296338043789,118.36481690218945,236.7296338043789,56.19400164180899,1798.2080525378876,3,LEFT,False,,
269990,double_dqn,dueling,771,13.0,544,0.0,0.0,0.05,,,,,,,,,,10000,10000,1.0,236.3336326221721,236.3336326221721,66748,False,540,269500,0.0,0.0,3,LEFT,greedy,59505,59779,77165,73541,17572,252418,0.06508389199599986,1,134995,2,2,236.3336326221721,118.16681631108605,2,2,118.16681631108605,236.3336326221721,118.16681631108605,236.3336326221721,56.12184862718614,1795.8991560699565,3,LEFT,False,,
270195,double_dqn,dueling,771,,,5.0,5.0,0.05,0.0010321035515516996,1.949392557144165,2.827521562576294,-0.10285410284996033,1.978630542755127,2.8516926765441895,0.03491692990064621,0.15683239698410034,0.15791401267051697,10000,10000,1.0,236.36473149580345,236.36473149580345,66800,True,541,270000,0.0,0.0,2,RIGHT,greedy,59535,59818,77222,73621,17583,252613,0.06507498260521992,0,135098,2,2,236.36473149580345,118.18236574790173,2,2,118.18236574790173,236.36473149580345,118.18236574790173,236.36473149580345,56.165297407821384,1797.2895170502843,2,RIGHT,False,,
270196,double_dqn,dueling,771,,,2.0,2.0,0.05,0.0010321035515516996,1.949392557144165,2.827521562576294,-0.10285410284996033,1.978630542755127,2.8516926765441895,0.03491692990064621,0.15683239698410034,0.15791401267051697,10000,10000,1.0,236.36450631904682,236.36450631904682,66800,True,541,270000,0.0,0.0,3,LEFT,random,59535,59818,77222,73621,17583,252613,0.06507498260521992,1,135098,2,2,236.36450631904682,118.18225315952341,2,2,118.18225315952341,236.36450631904682,118.18225315952341,236.36450631904682,56.165243901025235,1797.2878048328075,3,LEFT,False,,
270595,double_dqn,dueling,771,,,8.0,8.0,0.05,0.002635678742080927,1.9953389167785645,2.85046648979187,0.5573354959487915,2.0029892921447754,2.859405517578125,0.04723915457725525,0.2745792865753174,0.4274519979953766,10000,10000,1.0,236.16783503176194,236.16783503176194,66900,True,542,270500,0.0,0.0,2,RIGHT,greedy,59612,59918,77314,73752,17600,252996,0.0650416118493991,0,135298,2,2,236.16783503176194,118.08391751588097,2,2,118.08391751588097,236.16783503176194,118.08391751588097,236.16783503176194,56.17528761995542,1797.6092038385734,2,RIGHT,False,,
270596,double_dqn,dueling,771,,,5.0,5.0,0.05,0.002635678742080927,1.9953389167785645,2.85046648979187,0.5573354959487915,2.0029892921447754,2.859405517578125,0.04723915457725525,0.2745792865753174,0.4274519979953766,10000,10000,1.0,236.16762082419206,236.16762082419206,66900,True,542,270500,0.0,0.0,3,LEFT,greedy,59612,59918,77314,73752,17600,252996,0.0650416118493991,1,135298,2,2,236.16762082419206,118.08381041209603,2,2,118.08381041209603,236.16762082419206,118.08381041209603,236.16762082419206,56.17523666817426,1797.6075733815762,3,LEFT,False,,
270819,double_dqn,dueling,772,11.0,508,0.0,0.0,0.05,,,,,,,,,,10000,10000,1.0,236.19672547518314,236.19672547518314,66956,True,542,270500,0.0,0.0,3,LEFT,greedy,59667,59963,77372,73818,17605,253215,0.06500627723210989,0,135410,2,2,236.19672547518314,118.09836273759157,2,2,118.09836273759157,236.19672547518314,118.09836273759157,236.19672547518314,56.213005510544306,1798.8161763374178,3,LEFT,False,,
270995,double_dqn,dueling,772,,,2.0,2.0,0.05,0.0029444321990013123,1.7844232320785522,2.6403727531433105,0.5366855263710022,1.8249918222427368,2.609025239944458,0.049011748284101486,0.2663412094116211,0.4353354275226593,10000,10000,1.0,236.2653458017588,236.2653458017588,67000,True,542,270500,0.0,0.0,3,LEFT,greedy,59704,60013,77400,73879,17615,253381,0.06500095942375533,0,135498,2,2,236.2653458017588,118.1326729008794,2,2,118.1326729008794,236.2653458017588,118.1326729008794,236.2653458017588,56.25311791117319,1800.0997731575421,3,LEFT,False,,
270996,double_dqn,dueling,772,,,9.0,9.0,0.05,0.0029444321990013123,1.7844232320785522,2.6403727531433105,0.5366855263710022,1.8249918222427368,2.609025239944458,0.049011748284101486,0.2663412094116211,0.4353354275226593,10000,10000,1.0,236.2651238033635,236.2651238033635,67000,True,542,270500,0.0,0.0,2,RIGHT,greedy,59704,60013,77400,73879,17615,253381,0.06500095942375533,1,135498,2,2,236.2651238033635,118.13256190168175,2,2,118.13256190168175,236.2651238033635,118.13256190168175,236.2651238033635,56.25306505491589,1800.0980817573086,2,RIGHT,False,,
271130,double_dqn,dueling,773,10.0,570,0.0,0.0,0.05,,,,,,,,,,10000,10000,1.0,236.29188524465147,236.29188524465147,67033,False,543,271000,0.0,0.0,2,RIGHT,greedy,59733,60042,77428,73927,17625,253505,0.06500571681481208,1,135565,2,2,236.29188524465147,118.14594262232573,2,2,118.14594262232573,236.29188524465147,118.14594262232573,236.29188524465147,56.27168795793119,1800.6940146537981,2,RIGHT,False,,
271395,double_dqn,dueling,773,,,7.0,7.0,0.05,0.0008724206709302962,2.022036552429199,2.7019219398498535,0.9410266280174255,2.0511248111724854,2.7370049953460693,0.032351478934288025,0.10618138313293457,0.14333926141262054,10000,10000,1.0,236.3920991953735,236.3920991953735,67100,True,543,271000,0.0,0.0,1,FIRE,greedy,59793,60124,77491,73988,17637,253759,0.06498621939895946,0,135698,2,2,236.3920991953735,118.19604959768675,2,2,118.19604959768675,236.3920991953735,118.19604959768675,236.3920991953735,56.335918573434725,1802.7493943499112,1,FIRE,False,,
271396,double_dqn,dueling,773,,,3.0,3.0,0.05,0.0008724206709302962,2.022036552429199,2.7019219398498535,0.9410266280174255,2.0511248111724854,2.7370049953460693,0.032351478934288025,0.10618138313293457,0.14333926141262054,10000,10000,1.0,236.39189025496307,236.39189025496307,67100,True,543,271000,0.0,0.0,1,FIRE,greedy,59793,60124,77491,73988,17637,253759,0.06498621939895946,1,135698,2,2,236.39189025496307,118.19594512748154,2,2,118.19594512748154,236.39189025496307,118.19594512748154,236.39189025496307,56.33586877968109,1802.747800949795,1,FIRE,False,,
271737,double_dqn,dueling,774,9.0,459,0.0,0.0,0.05,,,,,,,,,,10000,10000,1.0,235.8863834144301,235.8863834144301,67185,False,544,271500,0.0,0.0,2,RIGHT,greedy,59841,60204,77589,74104,17653,254085,0.06496331024737063,0,135869,2,2,235.8863834144301,117.94319170721505,2,2,117.94319170721505,235.8863834144301,117.94319170721505,235.8863834144301,56.253335707995475,1800.1067426558552,2,RIGHT,False,,
271795,double_dqn,dueling,774,,,0.0,0.0,0.05,0.0020880619995296,1.9699530601501465,2.8344151973724365,0.4608098268508911,1.994057536125183,2.8315062522888184,0.048428647220134735,0.1867823600769043,0.18757088482379913,10000,10000,1.0,235.9169163531191,235.9169163531191,67200,True,544,271500,0.0,0.0,0,NOOP,greedy,59849,60218,77604,74125,17654,254142,0.06495312660966313,0,135898,2,2,235.9169163531191,117.95845817655955,2,2,117.95845817655955,235.9169163531191,117.95845817655955,235.9169163531191,56.27326335657305,1800.7444274103375,0,NOOP,False,,
271796,double_dqn,dueling,774,,,8.0,8.0,0.05,0.0020880619995296,1.9699530601501465,2.8344151973724365,0.4608098268508911,1.994057536125183,2.8315062522888184,0.048428647220134735,0.1867823600769043,0.18757088482379913,10000,10000,1.0,235.9167123259924,235.9167123259924,67200,True,544,271500,0.0,0.0,3,LEFT,greedy,59849,60218,77604,74125,17654,254142,0.06495312660966313,1,135898,2,2,235.9167123259924,117.9583561629962,2,2,117.9583561629962,235.9167123259924,117.9583561629962,235.9167123259924,56.273214689981394,1800.7428700794046,3,LEFT,False,,
272195,double_dqn,dueling,774,,,4.0,4.0,0.05,0.001380119239911437,1.9290473461151123,2.987490177154541,-0.030302274972200394,1.9333209991455078,2.935607433319092,0.03826194629073143,0.1550908088684082,0.2264462113380432,10000,10000,1.0,236.1255354496406,236.1255354496406,67300,True,545,272000,0.0,0.0,2,RIGHT,greedy,59954,60295,77692,74255,17676,254520,0.06493850019838646,0,136098,2,2,236.1255354496406,118.0627677248203,2,2,118.0627677248203,236.1255354496406,118.0627677248203,236.1255354496406,56.37183331896043,1803.8986662067337,2,RIGHT,False,,
272196,double_dqn,dueling,774,,,12.0,12.0,0.05,0.001380119239911437,1.9290473461151123,2.987490177154541,-0.030302274972200394,1.9333209991455078,2.935607433319092,0.03826194629073143,0.1550908088684082,0.2264462113380432,10000,10000,1.0,236.12533348857002,236.12533348857002,67300,True,545,272000,0.0,0.0,3,LEFT,greedy,59954,60295,77692,74255,17676,254520,0.06493850019838646,1,136098,2,2,236.12533348857002,118.06266674428501,2,2,118.06266674428501,236.12533348857002,118.06266674428501,236.12533348857002,56.371785103439024,1803.8971233100488,3,LEFT,False,,
272228,double_dqn,dueling,775,12.0,549,0.0,0.0,0.05,,,,,,,,,,10000,10000,1.0,236.1187785212392,236.1187785212392,67308,True,545,272000,0.0,0.0,3,LEFT,greedy,59958,60301,77702,74267,17676,254552,0.06493086677343991,1,136114,2,2,236.1187785212392,118.0593892606196,2,2,118.0593892606196,236.1187785212392,118.0593892606196,236.1187785212392,56.374048839851376,1803.969562875244,3,LEFT,False,,
272595,double_dqn,dueling,775,,,8.0,8.0,0.05,0.0017580020939931273,2.0082788467407227,2.8748652935028076,1.1205946207046509,2.027658462524414,2.8127713203430176,0.04403465613722801,0.18426275253295898,0.09840511530637741,10000,10000,1.0,236.24895255080654,236.24895255080654,67400,True,546,272500,0.0,0.0,3,LEFT,random,60030,60395,77778,74393,17693,254903,0.06490557454988334,0,136298,2,2,236.24895255080654,118.12447627540327,2,2,118.12447627540327,236.24895255080654,118.12447627540327,236.24895255080654,56.448402142937,1806.348868573984,3,LEFT,False,,
272596,double_dqn,dueling,775,,,4.0,4.0,0.05,0.0017580020939931273,2.0082788467407227,2.8748652935028076,1.1205946207046509,2.027658462524414,2.8127713203430176,0.04403465613722801,0.18426275253295898,0.09840511530637741,10000,10000,1.0,236.24875247598865,236.24875247598865,67400,True,546,272500,0.0,0.0,2,RIGHT,greedy,60030,60395,77778,74393,17693,254903,0.06490557454988334,1,136298,2,2,236.24875247598865,118.12437623799433,2,2,118.12437623799433,236.24875247598865,118.12437623799433,236.24875247598865,56.44835433784134,1806.3473388109228,2,RIGHT,False,,
272599,double_dqn,dueling,776,8.0,431,0.0,0.0,0.05,,,,,,,,,,10000,10000,1.0,236.23427299339576,236.23427299339576,67401,True,546,272500,0.0,0.0,2,RIGHT,greedy,60030,60397,77780,74393,17693,254907,0.0649046221570066,0,136300,2,2,236.23427299339576,118.11713649669788,2,2,118.11713649669788,236.23427299339576,118.11713649669788,236.23427299339576,56.44535726390872,1806.251432445079,2,RIGHT,False,,
272995,double_dqn,dueling,776,,,5.0,5.0,0.05,0.001920911017805338,1.8524565696716309,2.8837332725524902,0.47031375765800476,1.8606305122375488,2.902775287628174,0.04733642190694809,0.15940678119659424,0.22822217643260956,10000,10000,1.0,236.5095068810469,236.5095068810469,67500,True,546,272500,0.0,0.0,0,NOOP,greedy,60166,60477,77861,74492,17703,255293,0.0648471039868716,0,136498,2,2,236.5095068810469,118.25475344052344,2,2,118.25475344052344,236.5095068810469,118.25475344052344,236.5095068810469,56.55617404500247,1809.797569440079,0,NOOP,False,,
272996,double_dqn,dueling,776,,,9.0,9.0,0.05,0.001920911017805338,1.8524565696716309,2.8837332725524902,0.47031375765800476,1.8606305122375488,2.902775287628174,0.04733642190694809,0.15940678119659424,0.22822217643260956,10000,10000,1.0,236.50931398742958,236.50931398742958,67500,True,546,272500,0.0,0.0,2,RIGHT,greedy,60166,60477,77861,74492,17703,255293,0.0648471039868716,1,136498,2,2,236.50931398742958,118.25465699371479,2,2,118.25465699371479,236.50931398742958,118.25465699371479,236.50931398742958,56.5561279186326,1809.7960933962431,2,RIGHT,False,,
273395,double_dqn,dueling,776,,,11.0,8.0,0.05,0.0019970980938524008,1.9416366815567017,3.2209486961364746,0.9734556078910828,1.9721218347549438,3.1997838020324707,0.04537510871887207,0.23923516273498535,0.2100692093372345,10000,10000,1.0,236.33038430131649,236.33038430131649,67600,True,547,273000,0.0,0.0,1,FIRE,greedy,60241,60619,77964,74572,17728,255668,0.06484366998785644,0,136698,2,2,236.33038430131649,118.16519215065824,2,2,118.16519215065824,236.33038430131649,118.16519215065824,236.33038430131649,56.55726712699055,1809.8325480636977,1,FIRE,False,,
273396,double_dqn,dueling,776,,,13.0,13.0,0.05,0.0019970980938524008,1.9416366815567017,3.2209486961364746,0.9734556078910828,1.9721218347549438,3.1997838020324707,0.04537510871887207,0.23923516273498535,0.2100692093372345,10000,10000,1.0,236.3301725523997,236.3301725523997,67600,True,547,273000,0.0,0.0,2,RIGHT,greedy,60241,60619,77964,74572,17728,255668,0.06484366998785644,1,136698,2,2,236.3301725523997,118.16508627619984,2,2,118.16508627619984,236.3301725523997,118.16508627619984,236.3301725523997,56.557216452422885,1809.8309264775323,2,RIGHT,False,,
273398,double_dqn,dueling,777,13.0,585,0.0,0.0,0.05,,,,,,,,,,10000,10000,1.0,236.31072559716443,236.31072559716443,67600,False,547,273000,0.0,0.0,2,RIGHT,greedy,60241,60620,77965,74572,17728,255670,0.06484319563420361,1,136699,2,2,236.31072559716443,118.15536279858222,2,2,118.15536279858222,236.31072559716443,118.15536279858222,236.31072559716443,56.54772855024035,1809.5273136076912,2,RIGHT,False,,
273785,double_dqn,dueling,778,16.0,593,0.0,0.0,0.05,,,,,,,,,,10000,10000,1.0,236.2222719337538,236.2222719337538,67697,False,548,273500,0.0,0.0,2,RIGHT,greedy,60316,60723,78057,74690,17744,256042,0.06480974191521846,0,136893,2,2,236.2222719337538,118.1111359668769,2,2,118.1111359668769,236.2222719337538,118.1111359668769,236.2222719337538,56.56781556103009,1810.1700979529628,2,RIGHT,False,,
273795,double_dqn,dueling,778,,,0.0,0.0,0.05,0.0023219448048621416,1.9211781024932861,3.114842176437378,0.3589877784252167,1.9333348274230957,3.010309934616089,0.045026008039712906,0.22221112251281738,0.2918321490287781,10000,10000,1.0,236.21489748546568,236.21489748546568,67700,True,548,273500,0.0,0.0,3,LEFT,greedy,60316,60727,78057,74696,17745,256051,0.06481102718812547,0,136898,2,2,236.21489748546568,118.10744874273284,2,2,118.10744874273284,236.21489748546568,118.10744874273284,236.21489748546568,56.57205836147541,1810.3058675672132,3,LEFT,False,,
273796,double_dqn,dueling,778,,,3.0,3.0,0.05,0.0023219448048621416,1.9211781024932861,3.114842176437378,0.3589877784252167,1.9333348274230957,3.010309934616089,0.045026008039712906,0.22221112251281738,0.2918321490287781,10000,10000,1.0,236.21462361021312,236.21462361021312,67700,True,548,273500,0.0,0.0,3,LEFT,greedy,60316,60727,78057,74696,17745,256051,0.06481102718812547,1,136898,2,2,236.21462361021312,118.10731180510656,2,2,118.10731180510656,236.21462361021312,118.10731180510656,236.21462361021312,56.57199276998675,1810.303768639576,3,LEFT,False,,
274195,double_dqn,dueling,779,,,3.0,3.0,0.05,0.0023878728970885277,2.004718780517578,2.976846933364868,0.15572932362556458,2.0384039878845215,2.9073824882507324,0.05181198939681053,0.19097952544689178,0.3665684163570404,10000,10000,1.0,236.37727900821332,236.37727900821332,67800,True,549,274000,0.0,0.0,2,RIGHT,greedy,60381,60801,78168,74846,17769,256427,0.06480400881121534,0,137098,2,2,236.37727900821332,118.18863950410666,2,2,118.18863950410666,236.37727900821332,118.18863950410666,236.37727900821332,56.652002023831585,1812.8640647626107,2,RIGHT,False,,
274196,double_dqn,dueling,779,7.0,399,0.0,0.0,0.05,0.0023878728970885277,2.004718780517578,2.976846933364868,0.15572932362556458,2.0384039878845215,2.9073824882507324,0.05181198939681053,0.19097952544689178,0.3665684163570404,10000,10000,1.0,236.37709819532213,236.37709819532213,67800,True,549,274000,0.0,0.0,3,LEFT,greedy,60381,60801,78168,74846,17769,256427,0.06480400881121534,1,137098,2,2,236.37709819532213,118.18854909766107,2,2,118.18854909766107,236.37709819532213,118.18854909766107,236.37709819532213,56.65195868881935,1812.8626780422192,3,LEFT,False,,
274595,double_dqn,dueling,779,,,7.0,7.0,0.05,0.0008235182613134384,2.0091629028320312,2.948452949523926,0.10403494536876678,2.0278239250183105,2.942708730697632,0.031198102980852127,0.12358236312866211,0.07125410437583923,10000,10000,1.0,236.55443049214594,236.55443049214594,67900,True,550,274500,0.0,0.0,2,RIGHT,greedy,60456,60911,78261,74968,17795,256801,0.06480429430872992,0,137298,2,2,236.55443049214594,118.27721524607297,2,2,118.27721524607297,236.55443049214594,118.27721524607297,236.55443049214594,56.73420822382375,1815.49466316236,2,RIGHT,False,,
274596,double_dqn,dueling,779,,,4.0,4.0,0.05,0.0008235182613134384,2.0091629028320312,2.948452949523926,0.10403494536876678,2.0278239250183105,2.942708730697632,0.031198102980852127,0.12358236312866211,0.07125410437583923,10000,10000,1.0,236.55416635487768,236.55416635487768,67900,True,550,274500,0.0,0.0,2,RIGHT,greedy,60456,60911,78261,74968,17795,256801,0.06480429430872992,1,137298,2,2,236.55416635487768,118.27708317743884,2,2,118.27708317743884,236.55416635487768,118.27708317743884,236.55416635487768,56.73414487426506,1815.492635976482,2,RIGHT,False,,
274629,double_dqn,dueling,780,7.0,422,0.0,0.0,0.05,,,,,,,,,,10000,10000,1.0,236.49318843748864,236.49318843748864,67908,False,550,274500,0.0,0.0,2,RIGHT,greedy,60464,60911,78276,74979,17796,256834,0.06479991260969305,0,137315,2,2,236.49318843748864,118.24659421874432,2,2,118.24659421874432,236.49318843748864,118.24659421874432,236.49318843748864,56.71803751929539,1814.9772006174526,2,RIGHT,False,,
274995,double_dqn,dueling,780,,,4.0,4.0,0.05,0.004136860370635986,1.8501784801483154,3.059326171875,0.2603749632835388,1.8524610996246338,3.0354185104370117,0.055238883942365646,0.4232819676399231,0.4063734710216522,10000,10000,1.0,236.54676338730786,236.54676338730786,68000,True,550,274500,0.0,0.0,0,NOOP,greedy,60559,60974,78375,75088,17818,257178,0.0647936697261051,0,137498,2,2,236.54676338730786,118.27338169365393,2,2,118.27338169365393,236.54676338730786,118.27338169365393,236.54676338730786,56.77084467756681,1816.6670296821378,0,NOOP,False,,
274996,double_dqn,dueling,780,,,9.0,9.0,0.05,0.004136860370635986,1.8501784801483154,3.059326171875,0.2603749632835388,1.8524610996246338,3.0354185104370117,0.055238883942365646,0.4232819676399231,0.4063734710216522,10000,10000,1.0,236.5465762462344,236.5465762462344,68000,True,550,274500,0.0,0.0,0,NOOP,greedy,60559,60974,78375,75088,17818,257178,0.0647936697261051,1,137498,2,2,236.5465762462344,118.2732881231172,2,2,118.2732881231172,236.5465762462344,118.2732881231172,236.5465762462344,56.77079976400864,1816.6655924482766,0,NOOP,False,,
275210,double_dqn,dueling,781,17.0,507,0.0,0.0,0.05,,,,,,,,,,10000,10000,1.0,236.26232647149317,236.26232647149317,68053,False,551,275000,0.0,0.0,1,FIRE,random,60613,61027,78447,75123,17828,257382,0.06477962283347262,1,137605,2,2,236.26232647149317,118.13116323574658,2,2,118.13116323574658,236.26232647149317,118.13116323574658,236.26232647149317,56.71795318546119,1814.974501934758,1,FIRE,False,,
275395,double_dqn,dueling,781,,,8.0,8.0,0.05,0.001648478675633669,2.0407118797302246,2.9614672660827637,1.167137861251831,2.0610389709472656,2.9524660110473633,0.03777042031288147,0.2236490249633789,0.08817826211452484,10000,10000,1.0,236.4460279809709,236.4460279809709,68100,True,551,275000,0.0,0.0,3,LEFT,greedy,60666,61061,78483,75186,17836,257560,0.06476492033290245,0,137698,2,2,236.4460279809709,118.22301399048546,2,2,118.22301399048546,236.4460279809709,118.22301399048546,236.4460279809709,56.78391576058992,1817.0853043388774,3,LEFT,False,,
275396,double_dqn,dueling,781,,,2.0,2.0,0.05,0.001648478675633669,2.0407118797302246,2.9614672660827637,1.167137861251831,2.0610389709472656,2.9524660110473633,0.03777042031288147,0.2236490249633789,0.08817826211452484,10000,10000,1.0,236.44585407080635,236.44585407080635,68100,True,551,275000,0.0,0.0,2,RIGHT,greedy,60666,61061,78483,75186,17836,257560,0.06476492033290245,1,137698,2,2,236.44585407080635,118.22292703540317,2,2,118.22292703540317,236.44585407080635,118.22292703540317,236.44585407080635,56.7838739950326,1817.0839678410432,2,RIGHT,False,,
275795,double_dqn,dueling,781,,,13.0,13.0,0.05,0.0010434105060994625,2.1000680923461914,2.9443984031677246,1.3455883264541626,2.1013107299804688,2.8782145977020264,0.037259541451931,0.10102701187133789,0.2572147250175476,10000,10000,1.0,236.3882420471664,236.3882420471664,68200,True,552,275500,0.0,0.0,1,FIRE,greedy,60736,61123,78599,75338,17857,257939,0.06474713193809918,0,137898,2,2,236.3882420471664,118.1941210235832,2,2,118.1941210235832,236.3882420471664,118.1941210235832,236.3882420471664,56.806121586695006,1817.7958907742402,1,FIRE,False,,
275796,double_dqn,dueling,781,,,6.0,6.0,0.05,0.0010434105060994625,2.1000680923461914,2.9443984031677246,1.3455883264541626,2.1013107299804688,2.8782145977020264,0.037259541451931,0.10102701187133789,0.2572147250175476,10000,10000,1.0,236.38806788467193,236.38806788467193,68200,True,552,275500,0.0,0.0,3,LEFT,greedy,60736,61123,78599,75338,17857,257939,0.06474713193809918,1,137898,2,2,236.38806788467193,118.19403394233596,2,2,118.19403394233596,236.38806788467193,118.19403394233596,236.38806788467193,56.80607973395415,1817.7945514865328,3,LEFT,False,,
275995,double_dqn,dueling,782,16.0,683,0.0,0.0,0.05,,,,,,,,,,10000,10000,1.0,236.64821697553674,236.64821697553674,68250,True,552,275500,0.0,0.0,2,RIGHT,greedy,60781,61163,78654,75398,17867,258129,0.06473644545573125,0,137998,2,2,236.64821697553674,118.32410848776837,2,2,118.32410848776837,236.64821697553674,118.32410848776837,236.64821697553674,56.88624049392711,1820.3596958056676,2,RIGHT,False,,
276195,double_dqn,dueling,782,,,1.0,1.0,0.05,0.005029137711971998,1.915737271308899,2.8275976181030273,0.3998623192310333,1.9331603050231934,2.8022239208221436,0.0702020600438118,0.36609673500061035,0.2595175802707672,10000,10000,1.0,236.73176047851632,236.73176047851632,68300,True,553,276000,0.0,0.0,1,FIRE,greedy,60814,61202,78729,75451,17876,258320,0.06472215383278541,0,138098,2,2,236.73176047851632,118.36588023925816,2,2,118.36588023925816,236.73176047851632,118.36588023925816,236.73176047851632,56.923704353877476,1821.5585393240792,1,FIRE,False,,
276196,double_dqn,dueling,782,,,10.0,10.0,0.05,0.005029137711971998,1.915737271308899,2.8275976181030273,0.3998623192310333,1.9331603050231934,2.8022239208221436,0.0702020600438118,0.36609673500061035,0.2595175802707672,10000,10000,1.0,236.73144171862418,236.73144171862418,68300,True,553,276000,0.0,0.0,2,RIGHT,greedy,60814,61202,78729,75451,17876,258320,0.06472215383278541,1,138098,2,2,236.73144171862418,118.36572085931209,2,2,118.36572085931209,236.73144171862418,118.36572085931209,236.73144171862418,56.9236277059709,1821.5560865910688,2,RIGHT,False,,
276204,double_dqn,dueling,783,10.0,497,0.0,0.0,0.05,,,,,,,,,,10000,10000,1.0,236.68629026701157,236.68629026701157,68302,True,553,276000,0.0,0.0,2,RIGHT,greedy,60814,61205,78732,75453,17877,258327,0.06472389972628927,1,138102,2,2,236.68629026701157,118.34314513350579,2,2,118.34314513350579,236.68629026701157,118.34314513350579,236.68629026701157,56.9134603485132,1821.2307311524223,2,RIGHT,False,,
276595,double_dqn,dueling,783,,,6.0,6.0,0.05,0.0013669965555891395,2.190906286239624,2.8212199211120605,0.8558118939399719,2.179645538330078,2.7908639907836914,0.04184431582689285,0.10563516616821289,0.364383727312088,10000,10000,1.0,236.40066361648138,236.40066361648138,68400,True,554,276500,0.0,0.0,1,FIRE,greedy,60899,61313,78809,75575,17898,258698,0.06470809411560544,0,138298,2,2,236.40066361648138,118.20033180824069,2,2,118.20033180824069,236.40066361648138,118.20033180824069,236.40066361648138,56.878020998716515,1820.0966719589285,1,FIRE,False,,
276596,double_dqn,dueling,783,,,3.0,3.0,0.05,0.0013669965555891395,2.190906286239624,2.8212199211120605,0.8558118939399719,2.179645538330078,2.7908639907836914,0.04184431582689285,0.10563516616821289,0.364383727312088,10000,10000,1.0,236.40049005217332,236.40049005217332,68400,True,554,276500,0.0,0.0,3,LEFT,greedy,60899,61313,78809,75575,17898,258698,0.06470809411560544,1,138298,2,2,236.40049005217332,118.20024502608666,2,2,118.20024502608666,236.40049005217332,118.20024502608666,236.40049005217332,56.87797923912833,1820.0953356521065,3,LEFT,False,,
276941,double_dqn,dueling,784,15.0,473,0.0,0.0,0.05,,,,,,,,,,10000,10000,1.0,235.9895282629,235.9895282629,68486,False,554,276500,0.0,0.0,2,RIGHT,greedy,60950,61398,78907,75687,17916,259026,0.06469224602985463,0,138471,2,2,235.9895282629,117.99476413145,2,2,117.99476413145,235.9895282629,117.99476413145,235.9895282629,56.80321025851483,1817.7027282724746,2,RIGHT,False,,
276995,double_dqn,dueling,784,,,0.0,0.0,0.05,0.0009759774548001587,2.138474464416504,2.874927520751953,0.4422298073768616,2.1472585201263428,2.8329567909240723,0.03178245946764946,0.1269693374633789,0.13946625590324402,10000,10000,1.0,235.98511017894103,235.98511017894103,68500,True,554,276500,0.0,0.0,3,LEFT,greedy,60953,61410,78917,75716,17917,259079,0.06468324452338661,0,138498,2,2,235.98511017894103,117.99255508947051,2,2,117.99255508947051,235.98511017894103,117.99255508947051,235.98511017894103,56.81090646958578,1817.949007026745,3,LEFT,False,,
276996,double_dqn,dueling,784,,,8.0,8.0,0.05,0.0009759774548001587,2.138474464416504,2.874927520751953,0.4422298073768616,2.1472585201263428,2.8329567909240723,0.03178245946764946,0.1269693374633789,0.13946625590324402,10000,10000,1.0,235.98485335285906,235.98485335285906,68500,True,554,276500,0.0,0.0,3,LEFT,greedy,60953,61410,78917,75716,17917,259079,0.06468324452338661,1,138498,2,2,235.98485335285906,117.99242667642953,2,2,117.99242667642953,235.98485335285906,117.99242667642953,235.98485335285906,56.81084464143692,1817.9470285259815,3,LEFT,False,,
277118,double_dqn,dueling,785,13.0,457,0.0,0.0,0.05,,,,,,,,,,10000,10000,1.0,235.73780150588135,235.73780150588135,68530,False,555,277000,0.0,0.0,0,NOOP,greedy,60980,61429,78951,75758,17922,259196,0.06467281086035552,1,138559,2,2,235.73780150588135,117.86890075294068,2,2,117.86890075294068,235.73780150588135,117.86890075294068,235.73780150588135,56.75684438498043,1816.2190203193738,0,NOOP,False,,
277395,double_dqn,dueling,785,,,6.0,6.0,0.05,0.002009368035942316,2.0813446044921875,2.9516494274139404,0.7956416010856628,2.0633444786071777,2.9383392333984375,0.050590239465236664,0.14785635471343994,0.34496548771858215,10000,10000,1.0,235.39362716795569,235.39362716795569,68600,True,555,277000,0.0,0.0,2,RIGHT,greedy,61055,61501,79016,75824,17933,259463,0.06464765173254121,0,138698,2,2,235.39362716795569,117.69681358397784,2,2,117.69681358397784,235.39362716795569,117.69681358397784,235.39362716795569,56.700341133061016,1814.4109162579525,2,RIGHT,False,,
277396,double_dqn,dueling,785,,,3.0,3.0,0.05,0.002009368035942316,2.0813446044921875,2.9516494274139404,0.7956416010856628,2.0633444786071777,2.9383392333984375,0.050590239465236664,0.14785635471343994,0.34496548771858215,10000,10000,1.0,235.3934708238594,235.3934708238594,68600,True,555,277000,0.0,0.0,3,LEFT,greedy,61055,61501,79016,75824,17933,259463,0.06464765173254121,1,138698,2,2,235.3934708238594,117.6967354119297,2,2,117.6967354119297,235.3934708238594,117.6967354119297,235.3934708238594,56.70030347374245,1814.4097111597584,3,LEFT,False,,
277795,double_dqn,dueling,785,,,12.0,12.0,0.05,0.0015321883838623762,2.110677719116211,3.03934383392334,1.0589301586151123,2.115121364593506,2.990628242492676,0.042211972177028656,0.17200517654418945,0.208681121468544,10000,10000,1.0,234.5167685970805,234.5167685970805,68700,True,556,277500,0.0,0.0,1,FIRE,greedy,61099,61671,79107,75919,17956,259840,0.06463735978919782,0,138898,2,2,234.5167685970805,117.25838429854025,2,2,117.25838429854025,234.5167685970805,117.25838429854025,234.5167685970805,56.519924911204576,1808.6375971585464,1,FIRE,False,,
277796,double_dqn,dueling,785,,,8.0,8.0,0.05,0.0015321883838623762,2.110677719116211,3.03934383392334,1.0589301586151123,2.115121364593506,2.990628242492676,0.042211972177028656,0.17200517654418945,0.208681121468544,10000,10000,1.0,234.51660179822215,234.51660179822215,68700,True,556,277500,0.0,0.0,2,RIGHT,greedy,61099,61671,79107,75919,17956,259840,0.06463735978919782,1,138898,2,2,234.51660179822215,117.25830089911108,2,2,117.25830089911108,234.51660179822215,117.25830089911108,234.51660179822215,56.51988471169558,1808.6363107742586,2,RIGHT,False,,
278195,double_dqn,dueling,785,,,16.0,16.0,0.05,0.001133786397986114,2.1090173721313477,3.1012141704559326,0.9381718635559082,2.1192421913146973,3.0783841609954834,0.03476636856794357,0.18724405765533447,0.19263134896755219,10000,10000,1.0,234.68605724155182,234.68605724155182,68800,True,557,278000,0.0,0.0,1,FIRE,random,61162,61794,79215,76025,17980,260216,0.06463069203007951,0,139098,2,2,234.68605724155182,117.34302862077591,2,2,117.34302862077591,234.68605724155182,117.34302862077591,234.68605724155182,56.59066900217445,1810.9014080695824,1,FIRE,False,,
278196,double_dqn,dueling,785,,,13.0,13.0,0.05,0.001133786397986114,2.1090173721313477,3.1012141704559326,0.9381718635559082,2.1192421913146973,3.0783841609954834,0.03476636856794357,0.18724405765533447,0.19263134896755219,10000,10000,1.0,234.68587635854917,234.68587635854917,68800,True,557,278000,0.0,0.0,0,NOOP,greedy,61162,61794,79215,76025,17980,260216,0.06463069203007951,1,139098,2,2,234.68587635854917,117.34293817927458,2,2,117.34293817927458,234.68587635854917,117.34293817927458,234.68587635854917,56.590625385223994,1810.9000123271678,0,NOOP,False,,
278270,double_dqn,dueling,786,13.0,576,0.0,0.0,0.05,,,,,,,,,,10000,10000,1.0,234.51795091944854,234.51795091944854,68818,False,557,278000,0.0,0.0,2,RIGHT,greedy,61166,61826,79239,76039,17986,260284,0.06463506666187516,1,139135,2,2,234.51795091944854,117.25897545972427,2,2,117.25897545972427,234.51795091944854,117.25897545972427,234.51795091944854,56.55142806571916,1809.645698103013,2,RIGHT,False,,
278327,double_dqn,dueling,787,20.0,693,0.0,0.0,0.05,,,,,,,,,,10000,10000,1.0,234.41826788110455,234.41826788110455,68833,True,557,278000,0.0,0.0,2,RIGHT,greedy,61179,61836,79266,76047,17990,260338,0.06463596907246127,0,139164,2,2,234.41826788110455,117.20913394055228,2,2,117.20913394055228,234.41826788110455,117.20913394055228,234.41826788110455,56.53578107044995,1809.1449942543984,2,RIGHT,False,,
278595,double_dqn,dueling,787,,,3.0,3.0,0.05,0.0018260171636939049,1.776092767715454,2.833998680114746,-0.051308754831552505,1.7910785675048828,2.800731897354126,0.04364971071481705,0.17718958854675293,0.18505947291851044,10000,10000,1.0,234.43850458615435,234.43850458615435,68900,True,558,278500,0.0,0.0,1,FIRE,greedy,61265,61910,79321,76100,18010,260586,0.06464557997961205,0,139298,2,2,234.43850458615435,117.21925229307718,2,2,117.21925229307718,234.43850458615435,117.21925229307718,234.43850458615435,56.56005186529161,1809.9216596893316,1,FIRE,False,,
278596,double_dqn,dueling,787,,,3.0,3.0,0.05,0.0018260171636939049,1.776092767715454,2.833998680114746,-0.051308754831552505,1.7910785675048828,2.800731897354126,0.04364971071481705,0.17718958854675293,0.18505947291851044,10000,10000,1.0,234.43834352262536,234.43834352262536,68900,True,558,278500,0.0,0.0,2,RIGHT,greedy,61265,61910,79321,76100,18010,260586,0.06464557997961205,1,139298,2,2,234.43834352262536,117.21917176131268,2,2,117.21917176131268,234.43834352262536,117.21917176131268,234.43834352262536,56.56001300750428,1809.920416240137,2,RIGHT,False,,
278995,double_dqn,dueling,787,,,9.0,9.0,0.05,0.0014937878586351871,1.9271661043167114,2.7769851684570312,0.8322330117225647,1.9698294401168823,2.797396659851074,0.04340052604675293,0.12716388702392578,0.311242014169693,10000,10000,1.0,234.7695136213065,234.7695136213065,69000,True,558,278500,0.0,0.0,1,FIRE,greedy,61373,62006,79403,76214,18031,260965,0.06462816671206756,0,139498,2,2,234.7695136213065,117.38475681065324,2,2,117.38475681065324,234.7695136213065,117.38475681065324,234.7695136213065,56.66822409420348,1813.3831710145114,1,FIRE,False,,
278996,double_dqn,dueling,787,,,7.0,7.0,0.05,0.0014937878586351871,1.9271661043167114,2.7769851684570312,0.8322330117225647,1.9698294401168823,2.797396659851074,0.04340052604675293,0.12716388702392578,0.311242014169693,10000,10000,1.0,234.7693604135103,234.7693604135103,69000,True,558,278500,0.0,0.0,3,LEFT,greedy,61373,62006,79403,76214,18031,260965,0.06462816671206756,1,139498,2,2,234.7693604135103,117.38468020675515,2,2,117.38468020675515,234.7693604135103,117.38468020675515,234.7693604135103,56.6681871131935,1813.381987622192,3,LEFT,False,,
279324,double_dqn,dueling,788,13.0,527,0.0,0.0,0.05,,,,,,,,,,10000,10000,1.0,235.0928563027115,235.0928563027115,69082,True,559,279000,0.0,0.0,2,RIGHT,greedy,61474,62107,79455,76288,18044,261280,0.06459881714424826,1,139662,2,2,235.0928563027115,117.54642815135576,2,2,117.54642815135576,235.0928563027115,117.54642815135576,235.0928563027115,56.76894405536421,1816.6062097716547,2,RIGHT,False,,
279395,double_dqn,dueling,788,,,14.0,14.0,0.05,0.0024456619285047054,1.9691739082336426,2.8817763328552246,0.6377803087234497,1.989107370376587,2.985764503479004,0.053891658782958984,0.15225064754486084,0.17207418382167816,10000,10000,1.0,235.1375167723395,235.1375167723395,69100,True,559,279000,0.0,0.0,1,FIRE,greedy,61497,62131,79471,76297,18048,261348,0.06459648670703948,0,139698,2,2,235.1375167723395,117.56875838616975,2,2,117.56875838616975,235.1375167723395,117.56875838616975,235.1375167723395,56.784638439476055,1817.1084300632338,1,FIRE,False,,
279396,double_dqn,dueling,788,,,0.0,0.0,0.05,0.0024456619285047054,1.9691739082336426,2.8817763328552246,0.6377803087234497,1.989107370376587,2.985764503479004,0.053891658782958984,0.15225064754486084,0.17207418382167816,10000,10000,1.0,235.1372583427518,235.1372583427518,69100,True,559,279000,0.0,0.0,0,NOOP,greedy,61497,62131,79471,76297,18048,261348,0.06459648670703948,1,139698,2,2,235.1372583427518,117.5686291713759,2,2,117.5686291713759,235.1372583427518,117.5686291713759,235.1372583427518,56.78457602990866,1817.1064329570772,0,NOOP,False,,
279651,double_dqn,dueling,789,19.0,662,0.0,0.0,0.05,,,,,,,,,,10000,10000,1.0,235.3282522973318,235.3282522973318,69164,True,560,279500,0.0,0.0,0,NOOP,greedy,61568,62161,79533,76390,18060,261592,0.06458026404245276,0,139826,2,2,235.3282522973318,117.6641261486659,2,2,117.6641261486659,235.3282522973318,117.6641261486659,235.3282522973318,56.84797892910386,1819.1353257313235,0,NOOP,False,,
279795,double_dqn,dueling,789,,,1.0,1.0,0.05,0.0006003271555528045,1.892742395401001,2.7594289779663086,0.8430883884429932,1.8885329961776733,2.728505849838257,0.028116874396800995,0.07249951362609863,0.2667683959007263,10000,10000,1.0,235.4405837666001,235.4405837666001,69200,True,560,279500,0.0,0.0,1,FIRE,greedy,61596,62183,79575,76442,18065,261731,0.06456489728230567,0,139898,2,2,235.4405837666001,117.72029188330005,2,2,117.72029188330005,235.4405837666001,117.72029188330005,235.4405837666001,56.884708099602435,1820.310659187278,1,FIRE,False,,
279796,double_dqn,dueling,789,,,5.0,5.0,0.05,0.0006003271555528045,1.892742395401001,2.7594289779663086,0.8430883884429932,1.8885329961776733,2.728505849838257,0.028116874396800995,0.07249951362609863,0.2667683959007263,10000,10000,1.0,235.4404394003955,235.4404394003955,69200,True,560,279500,0.0,0.0,3,LEFT,greedy,61596,62183,79575,76442,18065,261731,0.06456489728230567,1,139898,2,2,235.4404394003955,117.72021970019775,2,2,117.72021970019775,235.4404394003955,117.72021970019775,235.4404394003955,56.88467321933975,1820.309543018872,3,LEFT,False,,
280195,double_dqn,dueling,789,,,4.0,4.0,0.05,0.0019194148480892181,1.8040337562561035,2.7272043228149414,0.18973471224308014,1.816864252090454,2.6892688274383545,0.04380832239985466,0.20548512041568756,0.21535061299800873,10000,10000,1.0,235.88516850015466,235.88516850015466,69300,True,561,280000,0.0,0.0,1,FIRE,greedy,61659,62325,79668,76544,18084,262112,0.06454053591057689,0,140098,2,2,235.88516850015466,117.94258425007733,2,2,117.94258425007733,235.88516850015466,117.94258425007733,235.88516850015466,57.01834166388359,1824.5869332442749,1,FIRE,False,,
280196,double_dqn,dueling,789,,,9.0,9.0,0.05,0.0019194148480892181,1.8040337562561035,2.7272043228149414,0.18973471224308014,1.816864252090454,2.6892688274383545,0.04380832239985466,0.20548512041568756,0.21535061299800873,10000,10000,1.0,235.88499952598326,235.88499952598326,69300,True,561,280000,0.0,0.0,3,LEFT,greedy,61659,62325,79668,76544,18084,262112,0.06454053591057689,1,140098,2,2,235.88499952598326,117.94249976299163,2,2,117.94249976299163,235.88499952598326,117.94249976299163,235.88499952598326,57.01830081931884,1824.5856262182028,3,LEFT,False,,
280534,double_dqn,dueling,790,15.0,605,0.0,0.0,0.05,,,,,,,,,,10000,10000,1.0,235.97780965898934,235.97780965898934,69384,False,562,280500,0.0,0.0,0,NOOP,greedy,61725,62374,79801,76634,18111,262423,0.06455901958407893,1,140267,2,2,235.97780965898934,117.98890482949467,2,2,117.98890482949467,235.97780965898934,117.98890482949467,235.97780965898934,57.05849769805195,1825.8719263376624,0,NOOP,False,,
280595,double_dqn,dueling,790,,,8.0,8.0,0.05,0.0008521927520632744,1.9632432460784912,2.9318149089813232,0.2466553896665573,1.9765526056289673,2.9861021041870117,0.03425314277410507,0.08638632297515869,0.1389801949262619,10000,10000,1.0,235.99881566796716,235.99881566796716,69400,True,562,280500,0.0,0.0,2,RIGHT,greedy,61732,62387,79827,76650,18114,262482,0.0645554462643801,0,140298,2,2,235.99881566796716,117.99940783398358,2,2,117.99940783398358,235.99881566796716,117.99940783398358,235.99881566796716,57.07135694624425,1826.283422279816,2,RIGHT,False,,
280596,double_dqn,dueling,790,,,0.0,0.0,0.05,0.0008521927520632744,1.9632432460784912,2.9318149089813232,0.2466553896665573,1.9765526056289673,2.9861021041870117,0.03425314277410507,0.08638632297515869,0.1389801949262619,10000,10000,1.0,235.99866148427415,235.99866148427415,69400,True,562,280500,0.0,0.0,0,NOOP,greedy,61732,62387,79827,76650,18114,262482,0.0645554462643801,1,140298,2,2,235.99866148427415,117.99933074213708,2,2,117.99933074213708,235.99866148427415,117.99933074213708,235.99866148427415,57.07131966015638,1826.282229125004,0,NOOP,False,,
280671,double_dqn,dueling,791,9.0,510,0.0,0.0,0.05,,,,,,,,,,10000,10000,1.0,236.06685684934158,236.06685684934158,69419,True,562,280500,0.0,0.0,2,RIGHT,greedy,61746,62401,79847,76678,18120,262552,0.06455934329038879,0,140336,2,2,236.06685684934158,118.03342842467079,2,2,118.03342842467079,236.06685684934158,118.03342842467079,236.06685684934158,57.092590770357845,1826.962904651451,2,RIGHT,False,,
280995,double_dqn,dueling,791,,,4.0,4.0,0.05,0.003774534910917282,1.8585155010223389,2.903698444366455,0.08119978755712509,1.855607509613037,2.830888032913208,0.060251690447330475,0.25992751121520996,0.4354958236217499,10000,10000,1.0,236.25394518893165,236.25394518893165,69500,True,562,280500,0.0,0.0,3,LEFT,greedy,61854,62453,79912,76777,18137,262859,0.06454540278153426,0,140498,2,2,236.25394518893165,118.12697259446583,2,2,118.12697259446583,236.25394518893165,118.12697259446583,236.25394518893165,57.15796667220927,1829.0549335106966,3,LEFT,False,,
280996,double_dqn,dueling,791,,,4.0,4.0,0.05,0.003774534910917282,1.8585155010223389,2.903698444366455,0.08119978755712509,1.855607509613037,2.830888032913208,0.060251690447330475,0.25992751121520996,0.4354958236217499,10000,10000,1.0,236.2537543098019,236.2537543098019,69500,True,562,280500,0.0,0.0,2,RIGHT,greedy,61854,62453,79912,76777,18137,262859,0.06454540278153426,1,140498,2,2,236.2537543098019,118.12687715490095,2,2,118.12687715490095,236.2537543098019,118.12687715490095,236.2537543098019,57.15792049197331,1829.0534557431458,2,RIGHT,False,,
281142,double_dqn,dueling,792,5.0,304,0.0,0.0,0.05,,,,,,,,,,10000,10000,1.0,236.3673545736774,236.3673545736774,69536,False,563,281000,0.0,0.0,3,LEFT,greedy,61884,62479,79945,76834,18142,263000,0.064529668281509,1,140571,2,2,236.3673545736774,118.1836772868387,2,2,118.1836772868387,236.3673545736774,118.1836772868387,236.3673545736774,57.19054706546334,1830.097506094827,3,LEFT,False,,
281395,double_dqn,dueling,792,,,8.0,8.0,0.05,0.007198603358119726,1.9974133968353271,2.77825927734375,0.4872760474681854,2.0546674728393555,2.7959325313568115,0.06498449295759201,0.45665442943573,0.5989962220191956,10000,10000,1.0,236.6744137257217,236.6744137257217,69600,True,563,281000,0.0,0.0,1,FIRE,greedy,61946,62526,80008,76916,18153,263243,0.06451051187650145,0,140698,2,2,236.6744137257217,118.33720686286085,2,2,118.33720686286085,236.6744137257217,118.33720686286085,236.6744137257217,57.28401292845456,1833.0884137105459,1,FIRE,False,,
281396,double_dqn,dueling,792,,,3.0,3.0,0.05,0.007198603358119726,1.9974133968353271,2.77825927734375,0.4872760474681854,2.0546674728393555,2.7959325313568115,0.06498449295759201,0.45665442943573,0.5989962220191956,10000,10000,1.0,236.67427367099,236.67427367099,69600,True,563,281000,0.0,0.0,1,FIRE,random,61946,62526,80008,76916,18153,263243,0.06451051187650145,1,140698,2,2,236.67427367099,118.337136835495,2,2,118.337136835495,236.67427367099,118.337136835495,236.67427367099,57.28397902999914,1833.0873289599724,1,FIRE,False,,
281653,double_dqn,dueling,793,10.0,491,0.0,0.0,0.05,,,,,,,,,,10000,10000,1.0,236.93979152466352,236.93979152466352,69664,False,564,281500,0.0,0.0,3,LEFT,greedy,61989,62589,80071,77005,18161,263493,0.06447982276126027,0,140827,2,2,236.93979152466352,118.46989576233176,2,2,118.46989576233176,236.93979152466352,118.46989576233176,236.93979152466352,57.35987939765895,1835.5161407250864,3,LEFT,False,,
281795,double_dqn,dueling,793,,,1.0,1.0,0.05,0.0028966134414076805,1.8452872037887573,2.722808361053467,0.48455411195755005,1.8465287685394287,2.6946794986724854,0.05304279923439026,0.2330484390258789,0.4820558726787567,10000,10000,1.0,237.09583633618416,237.09583633618416,69700,True,564,281500,0.0,0.0,3,LEFT,greedy,62040,62599,80111,77046,18170,263626,0.06447926869082599,0,140898,2,2,237.09583633618416,118.54791816809208,2,2,118.54791816809208,237.09583633618416,118.54791816809208,237.09583633618416,57.40976361656441,1837.1124357300612,3,LEFT,False,,
281796,double_dqn,dueling,793,,,7.0,7.0,0.05,0.0028966134414076805,1.8452872037887573,2.722808361053467,0.48455411195755005,1.8465287685394287,2.6946794986724854,0.05304279923439026,0.2330484390258789,0.4820558726787567,10000,10000,1.0,237.0955875827523,237.0955875827523,69700,True,564,281500,0.0,0.0,2,RIGHT,greedy,62040,62599,80111,77046,18170,263626,0.06447926869082599,1,140898,2,2,237.0955875827523,118.54779379137615,2,2,118.54779379137615,237.0955875827523,118.54779379137615,237.0955875827523,57.4097033840612,1837.1105082899585,2,RIGHT,False,,
282093,double_dqn,dueling,794,2.0,220,0.0,0.0,0.05,,,,,,,,,,10000,10000,1.0,237.4154293250247,237.4154293250247,69774,False,565,282000,0.0,0.0,2,RIGHT,greedy,62150,62642,80184,77118,18186,263908,0.06446787241132389,0,141047,2,2,237.4154293250247,118.70771466251234,2,2,118.70771466251234,237.4154293250247,118.70771466251234,237.4154293250247,57.50078307918667,1840.0250585339734,2,RIGHT,False,,
282195,double_dqn,dueling,794,,,1.0,1.0,0.05,0.0018480821745470166,1.8944453001022339,2.6382007598876953,0.4992387592792511,1.9291143417358398,2.7075257301330566,0.04333726689219475,0.17541074752807617,0.2207973450422287,10000,10000,1.0,237.42076294959108,237.42076294959108,69800,True,565,282000,0.0,0.0,1,FIRE,greedy,62178,62669,80203,77146,18190,264006,0.06445874498575459,0,141098,2,2,237.42076294959108,118.71038147479554,2,2,118.71038147479554,237.42076294959108,118.71038147479554,237.42076294959108,57.51163281910364,1840.3722502113164,1,FIRE,False,,
282196,double_dqn,dueling,794,,,11.0,11.0,0.05,0.0018480821745470166,1.8944453001022339,2.6382007598876953,0.4992387592792511,1.9291143417358398,2.7075257301330566,0.04333726689219475,0.17541074752807617,0.2207973450422287,10000,10000,1.0,237.42060397745948,237.42060397745948,69800,True,565,282000,0.0,0.0,1,FIRE,greedy,62178,62669,80203,77146,18190,264006,0.06445874498575459,1,141098,2,2,237.42060397745948,118.71030198872974,2,2,118.71030198872974,237.42060397745948,118.71030198872974,237.42060397745948,57.511594310479765,1840.3710179353525,1,FIRE,False,,
282390,double_dqn,dueling,795,16.0,624,0.0,0.0,0.05,,,,,,,,,,10000,10000,1.0,237.54346125877112,237.54346125877112,69848,False,565,282000,0.0,0.0,3,LEFT,greedy,62210,62715,80259,77206,18207,264183,0.06447466270052056,1,141195,2,2,237.54346125877112,118.77173062938556,2,2,118.77173062938556,237.54346125877112,118.77173062938556,237.54346125877112,57.5487354275263,1841.5595336808417,3,LEFT,False,,
282595,double_dqn,dueling,795,,,5.0,5.0,0.05,0.00240497849881649,1.8463807106018066,2.7279176712036133,0.14311879873275757,1.8549718856811523,2.7261734008789062,0.04268328845500946,0.22853922843933105,0.30114370584487915,10000,10000,1.0,237.69983409753857,237.69983409753857,69900,True,566,282500,0.0,0.0,2,RIGHT,greedy,62258,62753,80309,77276,18218,264378,0.06446658834519951,0,141298,2,2,237.69983409753857,118.84991704876929,2,2,118.84991704876929,237.69983409753857,118.84991704876929,237.69983409753857,57.60188334570061,1843.2602670624194,2,RIGHT,False,,
282596,double_dqn,dueling,795,,,2.0,2.0,0.05,0.00240497849881649,1.8463807106018066,2.7279176712036133,0.14311879873275757,1.8549718856811523,2.7261734008789062,0.04268328845500946,0.22853922843933105,0.30114370584487915,10000,10000,1.0,237.69968953395536,237.69968953395536,69900,True,566,282500,0.0,0.0,1,FIRE,fire_reset,62258,62753,80309,77276,18218,264378,0.06446658834519951,1,141298,2,2,237.69968953395536,118.84984476697768,2,2,118.84984476697768,237.69968953395536,118.84984476697768,237.69968953395536,57.60184831355729,1843.2591460338333,3,LEFT,True,after_life_loss,
282995,double_dqn,dueling,795,,,10.0,10.0,0.05,0.001946717849932611,1.991575837135315,2.8612301349639893,1.1397476196289062,1.981874942779541,2.8450376987457275,0.049065880477428436,0.15578174591064453,0.29365256428718567,10000,10000,1.0,237.91017184340743,237.91017184340743,70000,True,566,282500,0.0,0.0,0,NOOP,greedy,62324,62822,80441,77409,18232,264764,0.0644249388683939,0,141498,2,2,237.91017184340743,118.95508592170371,2,2,118.95508592170371,237.91017184340743,118.95508592170371,237.91017184340743,57.67497468103455,1845.5991897931056,0,NOOP,False,,
282996,double_dqn,dueling,795,,,6.0,6.0,0.05,0.001946717849932611,1.991575837135315,2.8612301349639893,1.1397476196289062,1.981874942779541,2.8450376987457275,0.049065880477428436,0.15578174591064453,0.29365256428718567,10000,10000,1.0,237.9100342687728,237.9100342687728,70000,True,566,282500,0.0,0.0,3,LEFT,greedy,62324,62822,80441,77409,18232,264764,0.0644249388683939,1,141498,2,2,237.9100342687728,118.9550171343864,2,2,118.9550171343864,237.9100342687728,118.9550171343864,237.9100342687728,57.67494132973432,1845.5981225514981,3,LEFT,False,,
283395,double_dqn,dueling,795,,,15.0,15.0,0.05,0.000978115713223815,1.8108240365982056,2.463608980178833,0.32388219237327576,1.8098959922790527,2.470226287841797,0.03335767984390259,0.11528050899505615,0.15841840207576752,10000,10000,1.0,238.2485706364645,238.2485706364645,70100,True,567,283000,0.0,0.0,1,FIRE,greedy,62443,62941,80523,77489,18252,265144,0.06440457875199368,0,141698,2,2,238.2485706364645,119.12428531823225,2,2,119.12428531823225,238.2485706364645,119.12428531823225,238.2485706364645,57.77863138054636,1848.9162041774835,1,FIRE,False,,
283396,double_dqn,dueling,795,,,10.0,10.0,0.05,0.000978115713223815,1.8108240365982056,2.463608980178833,0.32388219237327576,1.8098959922790527,2.470226287841797,0.03335767984390259,0.11528050899505615,0.15841840207576752,10000,10000,1.0,238.24843075313183,238.24843075313183,70100,True,567,283000,0.0,0.0,1,FIRE,fire_reset,62443,62941,80523,77489,18252,265144,0.06440457875199368,1,141698,2,2,238.24843075313183,119.12421537656591,2,2,119.12421537656591,238.24843075313183,119.12421537656591,238.24843075313183,57.77859745686952,1848.9151186198246,3,LEFT,True,after_life_loss,
283442,double_dqn,dueling,796,10.0,526,0.0,0.0,0.05,,,,,,,,,,10000,10000,1.0,238.27566537221702,238.27566537221702,70111,False,567,283000,0.0,0.0,3,LEFT,greedy,62450,62964,80529,77499,18254,265188,0.06440118260525964,1,141721,2,2,238.27566537221702,119.13783268610851,2,2,119.13783268610851,238.27566537221702,119.13783268610851,238.27566537221702,57.78409324109443,1849.0909837150218,3,LEFT,False,,
283575,double_dqn,dueling,797,20.0,741,0.0,0.0,0.05,,,,,,,,,,10000,10000,1.0,238.177613190143,238.177613190143,70145,True,568,283500,0.0,0.0,0,NOOP,greedy,62482,63002,80552,77540,18262,265314,0.06439896183033825,0,141788,2,2,238.177613190143,119.0888065950715,2,2,119.0888065950715,238.177613190143,119.0888065950715,238.177613190143,57.77098170778308,1848.6714146490585,0,NOOP,False,,
283795,double_dqn,dueling,797,,,2.0,2.0,0.05,0.0015338842058554292,1.9777169227600098,2.837193727493286,0.9662498235702515,1.978258490562439,2.870012044906616,0.04247329384088516,0.13563191890716553,0.24826523661613464,10000,10000,1.0,238.2256540500579,238.2256540500579,70200,True,568,283500,0.0,0.0,3,LEFT,greedy,62535,63066,80596,77599,18278,265518,0.06440541797629283,0,141898,2,2,238.2256540500579,119.11282702502895,2,2,119.11282702502895,238.2256540500579,119.11282702502895,238.2256540500579,57.79418089585823,1849.4137886674635,3,LEFT,False,,
283796,double_dqn,dueling,797,,,4.0,4.0,0.05,0.0015338842058554292,1.9777169227600098,2.837193727493286,0.9662498235702515,1.978258490562439,2.870012044906616,0.04247329384088516,0.13563191890716553,0.24826523661613464,10000,10000,1.0,238.22539964627808,238.22539964627808,70200,True,568,283500,0.0,0.0,3,LEFT,greedy,62535,63066,80596,77599,18278,265518,0.06440541797629283,1,141898,2,2,238.22539964627808,119.11269982313904,2,2,119.11269982313904,238.22539964627808,119.11269982313904,238.22539964627808,57.79411917682075,1849.411813658264,3,LEFT,False,,
284195,double_dqn,dueling,797,,,6.0,6.0,0.05,0.0036846459843218327,1.815420389175415,2.7062506675720215,0.04438939690589905,1.8196463584899902,2.6678450107574463,0.052469994872808456,0.3403783142566681,0.4086413085460663,10000,10000,1.0,238.26315081532528,238.26315081532528,70300,True,569,284000,0.0,0.0,2,RIGHT,greedy,62579,63170,80709,77738,18293,265903,0.06436754915621613,0,142098,2,2,238.26315081532528,119.13157540766264,2,2,119.13157540766264,238.26315081532528,119.13157540766264,238.26315081532528,57.823894274663246,1850.3646167892239,2,RIGHT,False,,
284196,double_dqn,dueling,797,,,10.0,10.0,0.05,0.0036846459843218327,1.815420389175415,2.7062506675720215,0.04438939690589905,1.8196463584899902,2.6678450107574463,0.052469994872808456,0.3403783142566681,0.4086413085460663,10000,10000,1.0,238.26300920778345,238.26300920778345,70300,True,569,284000,0.0,0.0,3,LEFT,greedy,62579,63170,80709,77738,18293,265903,0.06436754915621613,1,142098,2,2,238.26300920778345,119.13150460389173,2,2,119.13150460389173,238.26300920778345,119.13150460389173,238.26300920778345,57.82385990804173,1850.3635170573355,3,LEFT,False,,
284595,double_dqn,dueling,797,,,14.0,11.0,0.05,0.005027693696320057,2.123260498046875,2.904308795928955,-0.35374706983566284,2.175719738006592,2.9061691761016846,0.05926741287112236,0.36490800976753235,0.47158223390579224,10000,10000,1.0,238.38206035772248,238.38206035772248,70400,True,570,284500,0.0,0.0,0,NOOP,greedy,62625,63276,80821,77874,18313,266283,0.06434735554962122,0,142298,2,2,238.38206035772248,119.19103017886124,2,2,119.19103017886124,238.38206035772248,119.19103017886124,238.38206035772248,57.87290221252489,1851.9328708007965,0,NOOP,False,,
284596,double_dqn,dueling,797,,,25.0,16.0,0.05,0.005027693696320057,2.123260498046875,2.904308795928955,-0.35374706983566284,2.175719738006592,2.9061691761016846,0.05926741287112236,0.36490800976753235,0.47158223390579224,10000,10000,1.0,238.3818865752048,238.3818865752048,70400,True,570,284500,0.0,0.0,1,FIRE,greedy,62625,63276,80821,77874,18313,266283,0.06434735554962122,1,142298,2,2,238.3818865752048,119.1909432876024,2,2,119.1909432876024,238.3818865752048,119.1909432876024,238.3818865752048,57.872860022694674,1851.9315207262296,1,FIRE,False,,
284604,double_dqn,dueling,798,25.0,581,0.0,0.0,0.05,,,,,,,,,,10000,10000,1.0,238.36802624491736,238.36802624491736,70402,True,570,284500,0.0,0.0,1,FIRE,greedy,62627,63278,80822,77877,18314,266290,0.06434906044890444,1,142302,2,2,238.36802624491736,119.18401312245868,2,2,119.18401312245868,238.36802624491736,119.18401312245868,238.36802624491736,57.86989332110596,1851.8365862753908,1,FIRE,False,,
284743,double_dqn,dueling,799,16.0,584,0.0,0.0,0.05,,,,,,,,,,10000,10000,1.0,238.45533187674164,238.45533187674164,70437,True,570,284500,0.0,0.0,2,RIGHT,greedy,62649,63290,80881,77924,18317,266427,0.06432795774450033,0,142372,2,2,238.45533187674164,119.22766593837082,2,2,119.22766593837082,238.45533187674164,119.22766593837082,238.45533187674164,57.89803073083676,1852.7369833867763,2,RIGHT,False,,
284995,double_dqn,dueling,799,,,2.0,2.0,0.05,0.004233481362462044,2.0921127796173096,2.976267099380493,1.1796010732650757,2.085592746734619,2.963510751724243,0.06167113035917282,0.3260664939880371,0.3524503707885742,10000,10000,1.0,238.67363786196714,238.67363786196714,70500,True,570,284500,0.0,0.0,0,NOOP,greedy,62688,63350,80957,78001,18333,266663,0.06432721862762986,0,142498,2,2,238.67363786196714,119.33681893098357,2,2,119.33681893098357,238.67363786196714,119.33681893098357,238.67363786196714,57.963402908585515,1854.8288930747365,0,NOOP,False,,
284996,double_dqn,dueling,799,,,3.0,3.0,0.05,0.004233481362462044,2.0921127796173096,2.976267099380493,1.1796010732650757,2.085592746734619,2.963510751724243,0.06167113035917282,0.3260664939880371,0.3524503707885742,10000,10000,1.0,238.67349820027405,238.67349820027405,70500,True,570,284500,0.0,0.0,0,NOOP,greedy,62688,63350,80957,78001,18333,266663,0.06432721862762986,1,142498,2,2,238.67349820027405,119.33674910013703,2,2,119.33674910013703,238.67349820027405,119.33674910013703,238.67349820027405,57.96336899085979,1854.8278077075133,0,NOOP,False,,
285395,double_dqn,dueling,799,,,7.0,7.0,0.05,0.00466804439201951,1.7961534261703491,2.818786144256592,-0.2695752680301666,1.864911437034607,2.891491651535034,0.06767846643924713,0.24928712844848633,0.48736879229545593,10000,10000,1.0,239.0331056042025,239.0331056042025,70600,True,571,285000,0.0,0.0,1,FIRE,greedy,62796,63458,81034,78108,18349,267047,0.0642931225385079,0,142698,2,2,239.0331056042025,119.51655280210124,2,2,119.51655280210124,239.0331056042025,119.51655280210124,239.0331056042025,58.06999873122774,1858.2399593992877,1,FIRE,False,,
285396,double_dqn,dueling,799,,,9.0,9.0,0.05,0.00466804439201951,1.7961534261703491,2.818786144256592,-0.2695752680301666,1.864911437034607,2.891491651535034,0.06767846643924713,0.24928712844848633,0.48736879229545593,10000,10000,1.0,239.03297388429093,239.03297388429093,70600,True,571,285000,0.0,0.0,1,FIRE,greedy,62796,63458,81034,78108,18349,267047,0.0642931225385079,1,142698,2,2,239.03297388429093,119.51648694214546,2,2,119.51648694214546,239.03297388429093,119.51648694214546,239.03297388429093,58.06996673158034,1858.2389354105708,1,FIRE,False,,
285683,double_dqn,dueling,800,12.0,470,0.0,0.0,0.05,,,,,,,,,,10000,10000,1.0,239.22416415176534,239.22416415176534,70672,True,572,285500,0.0,0.0,2,RIGHT,greedy,62867,63487,81130,78200,18362,267322,0.06427381302418056,0,142842,2,2,239.22416415176534,119.61208207588267,2,2,119.61208207588267,239.22416415176534,119.61208207588267,239.22416415176534,58.13005064902918,1860.1616207689337,2,RIGHT,False,,
285795,double_dqn,dueling,800,,,1.0,1.0,0.05,0.0010750805959105492,1.9713753461837769,2.8734934329986572,0.530573308467865,1.991484522819519,2.862175464630127,0.03177306801080704,0.12794089317321777,0.13189105689525604,10000,10000,1.0,239.31452233998553,239.31452233998553,70700,True,572,285500,0.0,0.0,1,FIRE,greedy,62880,63512,81166,78238,18369,267427,0.06427311788828395,0,142898,2,2,239.31452233998553,119.65726116999276,2,2,119.65726116999276,239.31452233998553,119.65726116999276,239.31452233998553,58.157253040438434,1861.0320972940299,1,FIRE,False,,
285796,double_dqn,dueling,800,,,13.0,13.0,0.05,0.0010750805959105492,1.9713753461837769,2.8734934329986572,0.530573308467865,1.991484522819519,2.862175464630127,0.03177306801080704,0.12794089317321777,0.13189105689525604,10000,10000,1.0,239.31439322487157,239.31439322487157,70700,True,572,285500,0.0,0.0,3,LEFT,greedy,62880,63512,81166,78238,18369,267427,0.06427311788828395,1,142898,2,2,239.31439322487157,119.65719661243578,2,2,119.65719661243578,239.31439322487157,119.65719661243578,239.31439322487157,58.15722166340255,1861.0310932288817,3,LEFT,False,,
285808,double_dqn,dueling,801,13.0,602,0.0,0.0,0.05,,,,,,,,,,10000,10000,1.0,239.3085191565054,239.3085191565054,70703,True,572,285500,0.0,0.0,2,RIGHT,greedy,62882,63512,81170,78244,18369,267439,0.0642704193024688,1,142904,2,2,239.3085191565054,119.6542595782527,2,2,119.6542595782527,239.3085191565054,119.6542595782527,239.3085191565054,58.156354269993024,1861.0033366397768,2,RIGHT,False,,
286195,double_dqn,dueling,801,,,6.0,6.0,0.05,0.0053845979273319244,2.025024890899658,2.809525728225708,0.7225732207298279,2.0353212356567383,3.0609138011932373,0.06089606136083603,0.4158961772918701,0.3623447120189667,10000,10000,1.0,239.4775605281565,239.4775605281565,70800,True,573,286000,0.0,0.0,3,LEFT,greedy,62927,63585,81262,78422,18388,267808,0.0642496750478693,0,143098,2,2,239.4775605281565,119.73878026407824,2,2,119.73878026407824,239.4775605281565,119.73878026407824,239.4775605281565,58.21535680979249,1862.8914179133596,3,LEFT,False,,
286196,double_dqn,dueling,801,,,6.0,6.0,0.05,0.0053845979273319244,2.025024890899658,2.809525728225708,0.7225732207298279,2.0353212356567383,3.0609138011932373,0.06089606136083603,0.4158961772918701,0.3623447120189667,10000,10000,1.0,239.47741412824942,239.47741412824942,70800,True,573,286000,0.0,0.0,3,LEFT,greedy,62927,63585,81262,78422,18388,267808,0.0642496750478693,1,143098,2,2,239.47741412824942,119.73870706412471,2,2,119.73870706412471,239.47741412824942,119.73870706412471,239.47741412824942,58.215321220976534,1862.890279071249,3,LEFT,False,,
286595,double_dqn,dueling,801,,,11.0,11.0,0.05,0.0019590132869780064,2.046532154083252,2.662856101989746,1.2414615154266357,2.0745186805725098,2.7902188301086426,0.03937799111008644,0.25893259048461914,0.2524011433124542,10000,10000,1.0,239.73712039962314,239.73712039962314,70900,True,574,286500,0.0,0.0,1,FIRE,greedy,62977,63693,81373,78553,18412,268184,0.0642437438066128,0,143298,2,2,239.73712039962314,119.86856019981157,2,2,119.86856019981157,239.73712039962314,119.86856019981157,239.73712039962314,58.29655247667085,1865.489679253467,1,FIRE,False,,
286596,double_dqn,dueling,801,,,10.0,10.0,0.05,0.0019590132869780064,2.046532154083252,2.662856101989746,1.2414615154266357,2.0745186805725098,2.7902188301086426,0.03937799111008644,0.25893259048461914,0.2524011433124542,10000,10000,1.0,239.73690084421585,239.73690084421585,70900,True,574,286500,0.0,0.0,2,RIGHT,greedy,62977,63693,81373,78553,18412,268184,0.0642437438066128,1,143298,2,2,239.73690084421585,119.86845042210793,2,2,119.86845042210793,239.73690084421585,119.86845042210793,239.73690084421585,58.296499087678356,1865.4879708057074,2,RIGHT,False,,
286722,double_dqn,dueling,802,10.0,457,0.0,0.0,0.05,,,,,,,,,,10000,10000,1.0,239.77197600187833,239.77197600187833,70931,False,574,286500,0.0,0.0,3,LEFT,greedy,62988,63704,81421,78609,18417,268305,0.06423295038399565,1,143361,2,2,239.77197600187833,119.88598800093916,2,2,119.88598800093916,239.77197600187833,119.88598800093916,239.77197600187833,58.307383739904516,1865.8362796769445,3,LEFT,False,,
286933,double_dqn,dueling,803,18.0,625,0.0,0.0,0.05,,,,,,,,,,10000,10000,1.0,239.95604694411838,239.95604694411838,70984,False,574,286500,0.0,0.0,2,RIGHT,greedy,63026,63736,81489,78683,18428,268506,0.06422382847623495,0,143467,2,2,239.95604694411838,119.97802347205919,2,2,119.97802347205919,239.95604694411838,119.97802347205919,239.95604694411838,58.36154139002045,1867.5693244806544,2,RIGHT,False,,
286995,double_dqn,dueling,803,,,0.0,0.0,0.05,0.003397508291527629,2.0390443801879883,2.98401141166687,0.5595002174377441,2.0392909049987793,2.996725082397461,0.05528450757265091,0.3376803398132324,0.25241464376449585,10000,10000,1.0,239.9758436252395,239.9758436252395,71000,True,574,286500,0.0,0.0,0,NOOP,greedy,63037,63754,81501,78704,18432,268564,0.0642238916221829,0,143498,2,2,239.9758436252395,119.98792181261975,2,2,119.98792181261975,239.9758436252395,119.98792181261975,239.9758436252395,58.3723271916837,1867.9144701338785,0,NOOP,False,,
286996,double_dqn,dueling,803,,,2.0,2.0,0.05,0.003397508291527629,2.0390443801879883,2.98401141166687,0.5595002174377441,2.0392909049987793,2.996725082397461,0.05528450757265091,0.3376803398132324,0.25241464376449585,10000,10000,1.0,239.975660567902,239.975660567902,71000,True,574,286500,0.0,0.0,2,RIGHT,greedy,63037,63754,81501,78704,18432,268564,0.0642238916221829,1,143498,2,2,239.975660567902,119.987830283951,2,2,119.987830283951,239.975660567902,119.987830283951,239.975660567902,58.37228266435696,1867.9130452594227,2,RIGHT,False,,
287395,double_dqn,dueling,803,,,5.0,5.0,0.05,0.0012539058225229383,1.984462022781372,2.9673678874969482,0.18019680678844452,1.990225076675415,2.8749542236328125,0.04204864799976349,0.10509324073791504,0.22709070146083832,10000,10000,1.0,240.20220035736904,240.20220035736904,71100,True,575,287000,0.0,0.0,3,LEFT,greedy,63123,63833,81601,78839,18458,268938,0.06422497181589167,0,143698,2,2,240.20220035736904,120.10110017868452,2,2,120.10110017868452,240.20220035736904,120.10110017868452,240.20220035736904,58.44474866434113,1870.231957258916,3,LEFT,False,,
287396,double_dqn,dueling,803,,,7.0,7.0,0.05,0.0012539058225229383,1.984462022781372,2.9673678874969482,0.18019680678844452,1.990225076675415,2.8749542236328125,0.04204864799976349,0.10509324073791504,0.22709070146083832,10000,10000,1.0,240.2020738420031,240.2020738420031,71100,True,575,287000,0.0,0.0,0,NOOP,greedy,63123,63833,81601,78839,18458,268938,0.06422497181589167,1,143698,2,2,240.2020738420031,120.10103692100155,2,2,120.10103692100155,240.2020738420031,120.10103692100155,240.2020738420031,58.44471788128105,1870.2309722009936,0,NOOP,False,,
287726,double_dqn,dueling,804,11.0,502,0.0,0.0,0.05,,,,,,,,,,10000,10000,1.0,240.47968045707725,240.47968045707725,71182,False,576,287500,0.0,0.0,3,LEFT,greedy,63180,63886,81699,78961,18474,269252,0.06420691908273844,1,143863,2,2,240.47968045707725,120.23984022853863,2,2,120.23984022853863,240.47968045707725,120.23984022853863,240.47968045707725,58.52313911563448,1872.7404517003033,3,LEFT,False,,
287795,double_dqn,dueling,804,,,11.0,11.0,0.05,0.0036149518564343452,1.8406869173049927,3.096789598464966,-0.41048464179039,1.8297302722930908,3.0068306922912598,0.05756084993481636,0.3087114691734314,0.45376259088516235,10000,10000,1.0,240.50325054452009,240.50325054452009,71200,True,576,287500,0.0,0.0,3,LEFT,random,63208,63901,81711,78976,18480,269316,0.06421215027311011,0,143898,2,2,240.50325054452009,120.25162527226004,2,2,120.25162527226004,240.50325054452009,120.25162527226004,240.50325054452009,58.53501433376654,1873.1204586805293,3,LEFT,False,,
287796,double_dqn,dueling,804,,,1.0,1.0,0.05,0.0036149518564343452,1.8406869173049927,3.096789598464966,-0.41048464179039,1.8297302722930908,3.0068306922912598,0.05756084993481636,0.3087114691734314,0.45376259088516235,10000,10000,1.0,240.50311633148945,240.50311633148945,71200,True,576,287500,0.0,0.0,3,LEFT,greedy,63208,63901,81711,78976,18480,269316,0.06421215027311011,1,143898,2,2,240.50311633148945,120.25155816574473,2,2,120.25155816574473,240.50311633148945,120.25155816574473,240.50311633148945,58.53498166825515,1873.1194133841648,3,LEFT,False,,
288195,double_dqn,dueling,804,,,15.0,15.0,0.05,0.0038517466746270657,1.9131650924682617,2.865339756011963,0.009658228605985641,1.9143775701522827,2.9945359230041504,0.05982312932610512,0.30338382720947266,0.28231802582740784,10000,10000,1.0,240.7522136892232,240.7522136892232,71300,True,577,288000,0.0,0.0,0,NOOP,greedy,63294,63990,81814,79098,18503,269693,0.06420283418229261,0,144098,2,2,240.7522136892232,120.3761068446116,2,2,120.3761068446116,240.7522136892232,120.3761068446116,240.7522136892232,58.61228492763867,1875.5931176844374,0,NOOP,False,,
288196,double_dqn,dueling,804,,,5.0,5.0,0.05,0.0038517466746270657,1.9131650924682617,2.865339756011963,0.009658228605985641,1.9143775701522827,2.9945359230041504,0.05982312932610512,0.30338382720947266,0.28231802582740784,10000,10000,1.0,240.75208257916944,240.75208257916944,71300,True,577,288000,0.0,0.0,0,NOOP,greedy,63294,63990,81814,79098,18503,269693,0.06420283418229261,1,144098,2,2,240.75208257916944,120.37604128958472,2,2,120.37604128958472,240.75208257916944,120.37604128958472,240.75208257916944,58.61225300826518,1875.5920962644857,0,NOOP,False,,
288595,double_dqn,dueling,804,,,22.0,19.0,0.05,0.010270517319440842,1.9344347715377808,2.7998087406158447,0.44433340430259705,2.004192352294922,2.835097551345825,0.07740432769060135,0.6921961307525635,0.735196590423584,10000,10000,1.0,240.9561882222163,240.9561882222163,71400,True,578,288500,0.0,0.0,3,LEFT,greedy,63382,64075,81926,79213,18528,270068,0.06420047401904393,0,144298,2,2,240.9561882222163,120.47809411110815,2,2,120.47809411110815,240.9561882222163,120.47809411110815,240.9561882222163,58.67828824491168,1877.7052238371737,3,LEFT,False,,
288596,double_dqn,dueling,804,,,9.0,9.0,0.05,0.010270517319440842,1.9344347715377808,2.7998087406158447,0.44433340430259705,2.004192352294922,2.835097551345825,0.07740432769060135,0.6921961307525635,0.735196590423584,10000,10000,1.0,240.9560584012581,240.9560584012581,71400,True,578,288500,0.0,0.0,0,NOOP,greedy,63382,64075,81926,79213,18528,270068,0.06420047401904393,1,144298,2,2,240.9560584012581,120.47802920062905,2,2,120.47802920062905,240.9560584012581,120.47802920062905,240.9560584012581,58.67825663056858,1877.7042121781947,0,NOOP,False,,
288765,double_dqn,dueling,805,27.0,916,0.0,0.0,0.05,,,,,,,,,,10000,10000,1.0,241.0261518491132,241.0261518491132,71442,False,578,288500,0.0,0.0,2,RIGHT,greedy,63397,64115,81982,79272,18538,270228,0.06419730854740517,0,144383,2,2,241.0261518491132,120.5130759245566,2,2,120.5130759245566,241.0261518491132,120.5130759245566,241.0261518491132,58.699063602318475,1878.3700352741912,2,RIGHT,False,,
288995,double_dqn,dueling,805,,,2.0,2.0,0.05,0.005305048543959856,2.0104002952575684,2.7420473098754883,1.2450273036956787,2.038695812225342,2.7506139278411865,0.057716816663742065,0.43662285804748535,0.3398002088069916,10000,10000,1.0,241.1718108092012,241.1718108092012,71500,True,578,288500,0.0,0.0,0,NOOP,greedy,63440,64166,82051,79339,18550,270446,0.06418773962269374,0,144498,2,2,241.1718108092012,120.5859054046006,2,2,120.5859054046006,241.1718108092012,120.5859054046006,241.1718108092012,58.746820978474766,1879.8982713111925,0,NOOP,False,,
288996,double_dqn,dueling,805,,,19.0,13.0,0.05,0.005305048543959856,2.0104002952575684,2.7420473098754883,1.2450273036956787,2.038695812225342,2.7506139278411865,0.057716816663742065,0.43662285804748535,0.3398002088069916,10000,10000,1.0,241.1716905914361,241.1716905914361,71500,True,578,288500,0.0,0.0,3,LEFT,greedy,63440,64166,82051,79339,18550,270446,0.06418773962269374,1,144498,2,2,241.1716905914361,120.58584529571804,2,2,120.58584529571804,241.1716905914361,120.58584529571804,241.1716905914361,58.746791694739244,1879.8973342316558,3,LEFT,False,,
289104,double_dqn,dueling,806,20.0,689,0.0,0.0,0.05,,,,,,,,,,10000,10000,1.0,241.26026440200368,241.26026440200368,71527,True,579,289000,0.0,0.0,2,RIGHT,greedy,63470,64181,82083,79370,18558,270546,0.06419143284077702,1,144552,2,2,241.26026440200368,120.63013220100184,2,2,120.63013220100184,241.26026440200368,120.63013220100184,241.26026440200368,58.77263908279171,1880.7244506493348,2,RIGHT,False,,
289395,double_dqn,dueling,806,,,5.0,5.0,0.05,0.004008663352578878,2.033538341522217,2.8153462409973145,0.27275148034095764,2.0492794513702393,2.7825331687927246,0.0504939891397953,0.417788028717041,0.2895299792289734,10000,10000,1.0,241.51186871215236,241.51186871215236,71600,True,579,289000,0.0,0.0,1,FIRE,greedy,63520,64222,82183,79471,18570,270826,0.06416812948347593,0,144698,2,2,241.51186871215236,120.75593435607618,2,2,120.75593435607618,241.51186871215236,120.75593435607618,241.51186871215236,58.84537586983325,1883.052027834664,1,FIRE,False,,
289396,double_dqn,dueling,806,,,3.0,3.0,0.05,0.004008663352578878,2.033538341522217,2.8153462409973145,0.27275148034095764,2.0492794513702393,2.7825331687927246,0.0504939891397953,0.417788028717041,0.2895299792289734,10000,10000,1.0,241.51173945956356,241.51173945956356,71600,True,579,289000,0.0,0.0,0,NOOP,greedy,63520,64222,82183,79471,18570,270826,0.06416812948347593,1,144698,2,2,241.51173945956356,120.75586972978178,2,2,120.75586972978178,241.51173945956356,120.75586972978178,241.51173945956356,58.84534437689995,1883.0510200607985,0,NOOP,False,,
289795,double_dqn,dueling,806,,,9.0,9.0,0.05,0.003134663449600339,1.9078963994979858,2.6814749240875244,0.26974061131477356,1.9293358325958252,2.7097902297973633,0.05582936108112335,0.31794610619544983,0.21697229146957397,10000,10000,1.0,241.833224377716,241.833224377716,71700,True,580,289500,0.0,0.0,2,RIGHT,greedy,63614,64291,82289,79602,18594,271202,0.06416237629228837,0,144898,2,2,241.833224377716,120.916612188858,2,2,120.916612188858,241.833224377716,120.916612188858,241.833224377716,58.93910049350356,1886.051215792114,2,RIGHT,False,,
289796,double_dqn,dueling,806,,,8.0,8.0,0.05,0.003134663449600339,1.9078963994979858,2.6814749240875244,0.26974061131477356,1.9293358325958252,2.7097902297973633,0.05582936108112335,0.31794610619544983,0.21697229146957397,10000,10000,1.0,241.83308285760015,241.83308285760015,71700,True,580,289500,0.0,0.0,0,NOOP,greedy,63614,64291,82289,79602,18594,271202,0.06416237629228837,1,144898,2,2,241.83308285760015,120.91654142880007,2,2,120.91654142880007,241.83308285760015,120.91654142880007,241.83308285760015,58.9390660025094,1886.0501120803008,0,NOOP,False,,
289945,double_dqn,dueling,807,11.0,590,0.0,0.0,0.05,,,,,,,,,,10000,10000,1.0,241.8908033797684,241.8908033797684,71737,False,580,289500,0.0,0.0,1,FIRE,greedy,63645,64330,82326,79645,18600,271346,0.06414987618384113,0,144973,2,2,241.8908033797684,120.9454016898842,2,2,120.9454016898842,241.8908033797684,120.9454016898842,241.8908033797684,58.95581188868536,1886.5859804379315,1,FIRE,False,,
290068,double_dqn,dueling,808,14.0,482,0.0,0.0,0.05,,,,,,,,,,10000,10000,1.0,241.9511362808856,241.9511362808856,71768,True,581,290000,0.0,0.0,3,LEFT,greedy,63672,64346,82363,79687,18606,271462,0.0641435801260394,1,145034,2,2,241.9511362808856,120.9755681404428,2,2,120.9755681404428,241.9511362808856,120.9755681404428,241.9511362808856,58.97815583646326,1887.3009867668243,3,LEFT,False,,
290195,double_dqn,dueling,808,,,3.0,3.0,0.05,0.0015421241987496614,2.1560068130493164,2.8831238746643066,0.82320636510849,2.1764309406280518,2.8568360805511475,0.04124569147825241,0.16981244087219238,0.13760265707969666,10000,10000,1.0,241.96020755037483,241.96020755037483,71800,True,581,290000,0.0,0.0,3,LEFT,greedy,63705,64371,82391,79729,18618,271578,0.06415663896125377,0,145098,2,2,241.96020755037483,120.98010377518742,2,2,120.98010377518742,241.96020755037483,120.98010377518742,241.96020755037483,58.98517448965377,1887.5255836689207,3,LEFT,False,,
290196,double_dqn,dueling,808,,,0.0,0.0,0.05,0.0015421241987496614,2.1560068130493164,2.8831238746643066,0.82320636510849,2.1764309406280518,2.8568360805511475,0.04124569147825241,0.16981244087219238,0.13760265707969666,10000,10000,1.0,241.96008025398137,241.96008025398137,71800,True,581,290000,0.0,0.0,2,RIGHT,greedy,63705,64371,82391,79729,18618,271578,0.06415663896125377,1,145098,2,2,241.96008025398137,120.98004012699069,2,2,120.98004012699069,241.96008025398137,120.98004012699069,241.96008025398137,58.985143457278426,1887.5245906329096,2,RIGHT,False,,
290595,double_dqn,dueling,808,,,8.0,8.0,0.05,0.003538085613399744,1.8595374822616577,2.755277633666992,0.19381658732891083,1.8477838039398193,2.6935935020446777,0.05514329671859741,0.3009786903858185,0.39988404512405396,10000,10000,1.0,242.10023102599604,242.10023102599604,71900,True,582,290500,0.0,0.0,2,RIGHT,greedy,63787,64465,82473,79871,18640,271956,0.06414403501768778,0,145298,2,2,242.10023102599604,121.05011551299802,2,2,121.05011551299802,242.10023102599604,121.05011551299802,242.10023102599604,59.03414589925941,1889.092668776301,2,RIGHT,False,,
290596,double_dqn,dueling,808,,,5.0,5.0,0.05,0.003538085613399744,1.8595374822616577,2.755277633666992,0.19381658732891083,1.8477838039398193,2.6935935020446777,0.05514329671859741,0.3009786903858185,0.39988404512405396,10000,10000,1.0,242.10010151702187,242.10010151702187,71900,True,582,290500,0.0,0.0,3,LEFT,greedy,63787,64465,82473,79871,18640,271956,0.06414403501768778,1,145298,2,2,242.10010151702187,121.05005075851093,2,2,121.05005075851093,242.10010151702187,121.05005075851093,242.10010151702187,59.03411431956349,1889.0916582260318,3,LEFT,False,,
290995,double_dqn,dueling,808,,,11.0,11.0,0.05,0.001436829217709601,1.972266674041748,2.817307233810425,0.7386866211891174,1.9831987619400024,2.7957489490509033,0.044938825070858,0.11232030391693115,0.17414751648902893,10000,10000,1.0,242.28469288269986,242.28469288269986,72000,True,582,290500,0.0,0.0,2,RIGHT,greedy,63820,64567,82588,80021,18661,272335,0.06412802925126118,0,145498,2,2,242.28469288269986,121.14234644134993,2,2,121.14234644134993,242.28469288269986,121.14234644134993,242.28469288269986,59.09368338701619,1890.9978683845181,2,RIGHT,False,,
290996,double_dqn,dueling,808,,,8.0,8.0,0.05,0.001436829217709601,1.972266674041748,2.817307233810425,0.7386866211891174,1.9831987619400024,2.7957489490509033,0.044938825070858,0.11232030391693115,0.17414751648902893,10000,10000,1.0,242.28457360602337,242.28457360602337,72000,True,582,290500,0.0,0.0,3,LEFT,greedy,63820,64567,82588,80021,18661,272335,0.06412802925126118,1,145498,2,2,242.28457360602337,121.14228680301169,2,2,121.14228680301169,242.28457360602337,121.14228680301169,242.28457360602337,59.09365429521485,1890.996937446875,3,LEFT,False,,
291007,double_dqn,dueling,809,11.0,531,0.0,0.0,0.05,,,,,,,,,,10000,10000,1.0,242.2841211686435,242.2841211686435,72003,True,583,291000,0.0,0.0,2,RIGHT,greedy,63820,64567,82595,80026,18662,272346,0.06412882120079173,0,145504,2,2,242.2841211686435,121.14206058432175,2,2,121.14206058432175,242.2841211686435,121.14206058432175,242.2841211686435,59.093976295570926,1891.0072414582696,2,RIGHT,False,,
291010,double_dqn,dueling,810,8.0,471,0.0,0.0,0.05,,,,,,,,,,10000,10000,1.0,242.2815616733944,242.2815616733944,72003,False,583,291000,0.0,0.0,3,LEFT,greedy,63820,64568,82595,80027,18662,272348,0.06412838046802516,1,145505,2,2,242.2815616733944,121.1407808366972,2,2,121.1407808366972,242.2815616733944,121.1407808366972,242.2815616733944,59.09047012575691,1890.895044024221,3,LEFT,False,,
291395,double_dqn,dueling,810,,,4.0,4.0,0.05,0.012139609083533287,2.1168360710144043,3.079725980758667,0.2710655927658081,2.1114981174468994,3.0441372394561768,0.07065778225660324,0.7961095571517944,0.4031352996826172,10000,10000,1.0,242.54687995372183,242.54687995372183,72100,True,583,291000,0.0,0.0,2,RIGHT,greedy,63928,64653,82672,80143,18683,272713,0.06411549918324205,0,145698,2,2,242.54687995372183,121.27343997686091,2,2,121.27343997686091,242.54687995372183,121.27343997686091,242.54687995372183,59.17192339000475,1893.501548480152,2,RIGHT,False,,
291396,double_dqn,dueling,810,,,5.0,5.0,0.05,0.012139609083533287,2.1168360710144043,3.079725980758667,0.2710655927658081,2.1114981174468994,3.0441372394561768,0.07065778225660324,0.7961095571517944,0.4031352996826172,10000,10000,1.0,242.5467622845286,242.5467622845286,72100,True,583,291000,0.0,0.0,1,FIRE,greedy,63928,64653,82672,80143,18683,272713,0.06411549918324205,1,145698,2,2,242.5467622845286,121.2733811422643,2,2,121.2733811422643,242.5467622845286,121.2733811422643,242.5467622845286,59.17189468333786,1893.5006298668116,1,FIRE,False,,
291795,double_dqn,dueling,810,,,8.0,8.0,0.05,0.004446052946150303,2.0103931427001953,2.756253480911255,0.4777536392211914,2.018315553665161,2.8266141414642334,0.06993845105171204,0.2610185146331787,0.32105275988578796,10000,10000,1.0,242.70382696783108,242.70382696783108,72200,True,584,291500,0.0,0.0,3,LEFT,greedy,64022,64702,82759,80313,18706,273090,0.0641064305199523,0,145898,2,2,242.70382696783108,121.35191348391554,2,2,121.35191348391554,242.70382696783108,121.35191348391554,242.70382696783108,59.22423990919967,1895.1756770943894,3,LEFT,False,,
291796,double_dqn,dueling,810,,,9.0,9.0,0.05,0.004446052946150303,2.0103931427001953,2.756253480911255,0.4777536392211914,2.018315553665161,2.8266141414642334,0.06993845105171204,0.2610185146331787,0.32105275988578796,10000,10000,1.0,242.70371478351066,242.70371478351066,72200,True,584,291500,0.0,0.0,0,NOOP,greedy,64022,64702,82759,80313,18706,273090,0.0641064305199523,1,145898,2,2,242.70371478351066,121.35185739175533,2,2,121.35185739175533,242.70371478351066,121.35185739175533,242.70371478351066,59.22421253414262,1895.174801092564,0,NOOP,False,,
291938,double_dqn,dueling,811,10.0,464,0.0,0.0,0.05,,,,,,,,,,10000,10000,1.0,242.8013941546453,242.8013941546453,72235,False,584,291500,0.0,0.0,1,FIRE,greedy,64061,64741,82795,80341,18712,273226,0.06409580116326069,1,145969,2,2,242.8013941546453,121.40069707732265,2,2,121.40069707732265,242.8013941546453,121.40069707732265,242.8013941546453,59.25007076586008,1896.0022645075226,1,FIRE,False,,
291949,double_dqn,dueling,812,16.0,471,0.0,0.0,0.05,,,,,,,,,,10000,10000,1.0,242.79878805971447,242.79878805971447,72238,False,584,291500,0.0,0.0,2,RIGHT,greedy,64065,64745,82799,80341,18713,273237,0.06409659188217161,0,145975,2,2,242.79878805971447,121.39939402985723,2,2,121.39939402985723,242.79878805971447,121.39939402985723,242.79878805971447,59.24984966310601,1895.9951892193924,2,RIGHT,False,,
292195,double_dqn,dueling,812,,,2.0,2.0,0.05,0.002048151334747672,1.907857894897461,2.757134437561035,0.6216821074485779,1.9437214136123657,2.797975540161133,0.04673902690410614,0.21535801887512207,0.22352631390094757,10000,10000,1.0,242.87162765010632,242.87162765010632,72300,True,585,292000,0.0,0.0,0,NOOP,greedy,64137,64834,82836,80389,18722,273474,0.06407343016331503,0,146098,2,2,242.87162765010632,121.43581382505316,2,2,121.43581382505316,242.87162765010632,121.43581382505316,242.87162765010632,59.27895755921047,1896.926641894735,0,NOOP,False,,
292196,double_dqn,dueling,812,,,3.0,3.0,0.05,0.002048151334747672,1.907857894897461,2.757134437561035,0.6216821074485779,1.9437214136123657,2.797975540161133,0.04673902690410614,0.21535801887512207,0.22352631390094757,10000,10000,1.0,242.87145416851604,242.87145416851604,72300,True,585,292000,0.0,0.0,1,FIRE,greedy,64137,64834,82836,80389,18722,273474,0.06407343016331503,1,146098,2,2,242.87145416851604,121.43572708425802,2,2,121.43572708425802,242.87145416851604,121.43572708425802,242.87145416851604,59.27891521664486,1896.9252869326356,1,FIRE,False,,
292595,double_dqn,dueling,812,,,6.0,6.0,0.05,0.001131480559706688,2.023224353790283,2.7505815029144287,1.300019383430481,2.0345685482025146,2.7161989212036133,0.036043278872966766,0.12507951259613037,0.12662795186042786,10000,10000,1.0,243.0512587464508,243.0512587464508,72400,True,586,292500,0.0,0.0,2,RIGHT,greedy,64213,64891,82961,80531,18740,273856,0.0640473553978865,0,146298,2,2,243.0512587464508,121.5256293732254,2,2,121.5256293732254,243.0512587464508,121.5256293732254,243.0512587464508,59.33632359151897,1898.762354928607,2,RIGHT,False,,
292596,double_dqn,dueling,812,,,6.0,6.0,0.05,0.001131480559706688,2.023224353790283,2.7505815029144287,1.300019383430481,2.0345685482025146,2.7161989212036133,0.036043278872966766,0.12507951259613037,0.12662795186042786,10000,10000,1.0,243.0511361497305,243.0511361497305,72400,True,586,292500,0.0,0.0,3,LEFT,greedy,64213,64891,82961,80531,18740,273856,0.0640473553978865,1,146298,2,2,243.0511361497305,121.52556807486525,2,2,121.52556807486525,243.0511361497305,121.52556807486525,243.0511361497305,59.336293661870776,1898.7613971798648,3,LEFT,False,,
292813,double_dqn,dueling,813,9.0,432,0.0,0.0,0.05,,,,,,,,,,10000,10000,1.0,243.13957543759082,243.13957543759082,72454,False,586,292500,0.0,0.0,1,FIRE,greedy,64240,64945,83021,80608,18755,274059,0.06405089920563907,0,146407,2,2,243.13957543759082,121.56978771879541,2,2,121.56978771879541,243.13957543759082,121.56978771879541,243.13957543759082,59.36231097419388,1899.5939511742042,1,FIRE,False,,
292854,double_dqn,dueling,814,10.0,458,0.0,0.0,0.05,,,,,,,,,,10000,10000,1.0,243.16591940437226,243.16591940437226,72464,False,586,292500,0.0,0.0,2,RIGHT,greedy,64241,64950,83049,80614,18755,274099,0.06404215069625137,1,146427,2,2,243.16591940437226,121.58295970218613,2,2,121.58295970218613,243.16591940437226,121.58295970218613,243.16591940437226,59.3700708155119,1899.8422660963809,2,RIGHT,False,,
292995,double_dqn,dueling,814,,,2.0,2.0,0.05,0.002148910891264677,1.9189527034759521,2.868135452270508,0.5964440107345581,1.9718652963638306,2.8403635025024414,0.052451156079769135,0.13021087646484375,0.3412066400051117,10000,10000,1.0,243.23285258015076,243.23285258015076,72500,True,586,292500,0.0,0.0,3,LEFT,greedy,64267,64985,83086,80658,18765,274231,0.06404524293847015,0,146498,2,2,243.23285258015076,121.61642629007538,2,2,121.61642629007538,243.23285258015076,121.61642629007538,243.23285258015076,59.39393709272962,1900.605986967348,3,LEFT,False,,
292996,double_dqn,dueling,814,,,2.0,2.0,0.05,0.002148910891264677,1.9189527034759521,2.868135452270508,0.5964440107345581,1.9718652963638306,2.8403635025024414,0.052451156079769135,0.13021087646484375,0.3412066400051117,10000,10000,1.0,243.23274525252128,243.23274525252128,72500,True,586,292500,1.0,1.0,2,RIGHT,greedy,64267,64985,83086,80658,18765,274231,0.06404524293847015,1,146498,2,2,243.23274525252128,121.61637262626064,2,2,121.61637262626064,243.23274525252128,121.61637262626064,243.23274525252128,59.39391088487815,1900.605148316101,2,RIGHT,False,,
293395,double_dqn,dueling,814,,,7.0,7.0,0.05,0.0018352746265009046,1.8220610618591309,2.7616240978240967,-0.24444977939128876,1.8007221221923828,2.7374610900878906,0.048868756741285324,0.16408288478851318,0.4222809076309204,10000,10000,1.0,243.44914771659478,243.44914771659478,72600,True,587,293000,0.0,0.0,3,LEFT,greedy,64370,65060,83189,80777,18785,274611,0.06402609442528187,0,146698,2,2,243.44914771659478,121.72457385829739,2,2,121.72457385829739,243.44914771659478,121.72457385829739,243.44914771659478,59.45980082607125,1902.71362643428,3,LEFT,False,,
293396,double_dqn,dueling,814,,,6.0,6.0,0.05,0.0018352746265009046,1.8220610618591309,2.7616240978240967,-0.24444977939128876,1.8007221221923828,2.7374610900878906,0.048868756741285324,0.16408288478851318,0.4222809076309204,10000,10000,1.0,243.4490211130651,243.4490211130651,72600,True,587,293000,0.0,0.0,1,FIRE,greedy,64370,65060,83189,80777,18785,274611,0.06402609442528187,1,146698,2,2,243.4490211130651,121.72451055653255,2,2,121.72451055653255,243.4490211130651,121.72451055653255,243.4490211130651,59.459769904539066,1902.71263694525,1,FIRE,False,,
293795,double_dqn,dueling,814,,,10.0,10.0,0.05,0.0026634230744093657,1.8336138725280762,2.9087917804718018,0.26186850666999817,1.8709999322891235,2.840930223464966,0.046826500445604324,0.2962779998779297,0.26518747210502625,10000,10000,1.0,243.63879717215377,243.63879717215377,72700,True,588,293500,0.0,0.0,1,FIRE,greedy,64509,65154,83269,80864,18814,274982,0.06403763155386731,0,146898,2,2,243.63879717215377,121.81939858607689,2,2,121.81939858607689,243.63879717215377,121.81939858607689,243.63879717215377,59.518939879095655,1904.606076131061,1,FIRE,False,,
293796,double_dqn,dueling,814,,,10.0,10.0,0.05,0.0026634230744093657,1.8336138725280762,2.9087917804718018,0.26186850666999817,1.8709999322891235,2.840930223464966,0.046826500445604324,0.2962779998779297,0.26518747210502625,10000,10000,1.0,243.6386128415867,243.6386128415867,72700,True,588,293500,0.0,0.0,2,RIGHT,greedy,64509,65154,83269,80864,18814,274982,0.06403763155386731,1,146898,2,2,243.6386128415867,121.81930642079335,2,2,121.81930642079335,243.6386128415867,121.81930642079335,243.6386128415867,59.51889484866509,1904.604635157283,2,RIGHT,False,,
294044,double_dqn,dueling,815,13.0,595,0.0,0.0,0.05,,,,,,,,,,10000,10000,1.0,243.74587523228305,243.74587523228305,72762,True,589,294000,0.0,0.0,0,NOOP,greedy,64550,65216,83346,80932,18830,275214,0.06403803512399504,1,147022,2,2,243.74587523228305,121.87293761614153,2,2,121.87293761614153,243.74587523228305,121.87293761614153,243.74587523228305,59.552932598642215,1905.6938431565509,0,NOOP,False,,
294195,double_dqn,dueling,815,,,19.0,13.0,0.05,0.001330020371824503,1.994036078453064,2.6667263507843018,1.243765115737915,2.009005069732666,2.7045979499816895,0.03816310316324234,0.18229758739471436,0.13164426386356354,10000,10000,1.0,243.74395627448718,243.74395627448718,72800,True,589,294000,0.0,0.0,2,RIGHT,greedy,64587,65236,83384,80989,18836,275360,0.06402534364845205,0,147098,2,2,243.74395627448718,121.87197813724359,2,2,121.87197813724359,243.74395627448718,121.87197813724359,243.74395627448718,59.55722200670167,1905.8311042144535,2,RIGHT,False,,
294196,double_dqn,dueling,815,,,1.0,1.0,0.05,0.001330020371824503,1.994036078453064,2.6667263507843018,1.243765115737915,2.009005069732666,2.7045979499816895,0.03816310316324234,0.18229758739471436,0.13164426386356354,10000,10000,1.0,243.74383327450144,243.74383327450144,72800,True,589,294000,0.0,0.0,0,NOOP,random,64587,65236,83384,80989,18836,275360,0.06402534364845205,1,147098,2,2,243.74383327450144,121.87191663725072,2,2,121.87191663725072,243.74383327450144,121.87191663725072,243.74383327450144,59.55719195246948,1905.8301424790234,0,NOOP,False,,
294259,double_dqn,dueling,816,20.0,723,0.0,0.0,0.05,,,,,,,,,,10000,10000,1.0,243.75939771713243,243.75939771713243,72816,True,589,294000,0.0,0.0,2,RIGHT,greedy,64607,65238,83409,81006,18839,275421,0.0640216135390471,0,147130,2,2,243.75939771713243,121.87969885856621,2,2,121.87969885856621,243.75939771713243,121.87969885856621,243.75939771713243,59.56298884570238,1906.015643062476,2,RIGHT,False,,
294595,double_dqn,dueling,816,,,3.0,3.0,0.05,0.0014241139870136976,2.0454344749450684,2.6313748359680176,1.2491023540496826,2.0770015716552734,2.5945746898651123,0.04424899071455002,0.1258753538131714,0.22445932030677795,10000,10000,1.0,243.89351195581787,243.89351195581787,72900,True,590,294500,0.0,0.0,0,NOOP,greedy,64690,65283,83497,81126,18855,275741,0.06400290567421146,0,147298,2,2,243.89351195581787,121.94675597790894,2,2,121.94675597790894,243.89351195581787,121.94675597790894,243.89351195581787,59.606139268240625,1907.3964565837,0,NOOP,False,,
294596,double_dqn,dueling,816,,,5.0,5.0,0.05,0.0014241139870136976,2.0454344749450684,2.6313748359680176,1.2491023540496826,2.0770015716552734,2.5945746898651123,0.04424899071455002,0.1258753538131714,0.22445932030677795,10000,10000,1.0,243.89338390726144,243.89338390726144,72900,True,590,294500,0.0,0.0,1,FIRE,random,64690,65283,83497,81126,18855,275741,0.06400290567421146,1,147298,2,2,243.89338390726144,121.94669195363072,2,2,121.94669195363072,243.89338390726144,121.94669195363072,243.89338390726144,59.60610797392686,1907.3954551656595,1,FIRE,False,,
294995,double_dqn,dueling,816,,,8.0,8.0,0.05,0.0036060514394193888,2.0488295555114746,3.224550247192383,0.9922480583190918,2.0414364337921143,3.033285617828369,0.055140379816293716,0.3050727844238281,0.4516659080982208,10000,10000,1.0,244.10365296232425,244.10365296232425,73000,True,590,294500,0.0,0.0,1,FIRE,fire_reset,64746,65382,83589,81279,18872,276124,0.06397374879659386,0,147498,2,2,244.10365296232425,122.05182648116212,2,2,122.05182648116212,244.10365296232425,122.05182648116212,244.10365296232425,59.66966127950494,1909.4291609441582,3,LEFT,True,after_life_loss,
294996,double_dqn,dueling,816,,,9.0,9.0,0.05,0.0036060514394193888,2.0488295555114746,3.224550247192383,0.9922480583190918,2.0414364337921143,3.033285617828369,0.055140379816293716,0.3050727844238281,0.4516659080982208,10000,10000,1.0,244.10354662391384,244.10354662391384,73000,True,590,294500,0.0,0.0,2,RIGHT,greedy,64746,65382,83589,81279,18872,276124,0.06397374879659386,1,147498,2,2,244.10354662391384,122.05177331195692,2,2,122.05177331195692,244.10354662391384,122.05177331195692,244.10354662391384,59.66963528572381,1909.4283291431618,2,RIGHT,False,,
295016,double_dqn,dueling,817,9.0,486,0.0,0.0,0.05,,,,,,,,,,10000,10000,1.0,244.10930215457927,244.10930215457927,73005,True,591,295000,0.0,0.0,2,RIGHT,greedy,64747,65384,83601,81284,18873,276143,0.06397280147517423,1,147508,2,2,244.10930215457927,122.05465107728963,2,2,122.05465107728963,244.10930215457927,122.05465107728963,244.10930215457927,59.67164476872646,1909.4926325992467,2,RIGHT,False,,
295395,double_dqn,dueling,817,,,11.0,11.0,0.05,0.008312910795211792,1.914912223815918,2.763889789581299,0.23506145179271698,1.878127932548523,2.7427103519439697,0.0719849020242691,0.5851292610168457,0.5863333344459534,10000,10000,1.0,244.27323736652951,244.27323736652951,73100,True,591,295000,0.0,0.0,2,RIGHT,random,64830,65457,83694,81415,18888,276508,0.06394128559628431,0,147698,2,2,244.27323736652951,122.13661868326476,2,2,122.13661868326476,244.27323736652951,122.13661868326476,244.27323736652951,59.72307387283266,1911.138363930645,2,RIGHT,False,,
295396,double_dqn,dueling,817,,,3.0,3.0,0.05,0.008312910795211792,1.914912223815918,2.763889789581299,0.23506145179271698,1.878127932548523,2.7427103519439697,0.0719849020242691,0.5851292610168457,0.5863333344459534,10000,10000,1.0,244.27313102994577,244.27313102994577,73100,True,591,295000,0.0,0.0,1,FIRE,greedy,64830,65457,83694,81415,18888,276508,0.06394128559628431,1,147698,2,2,244.27313102994577,122.13656551497289,2,2,122.13656551497289,244.27313102994577,122.13656551497289,244.27313102994577,59.723047874292185,1911.13753197735,1,FIRE,False,,
295577,double_dqn,dueling,818,14.0,659,0.0,0.0,0.05,,,,,,,,,,10000,10000,1.0,244.3749744469744,244.3749744469744,73145,False,592,295500,0.0,0.0,1,FIRE,greedy,64857,65519,83735,81467,18896,276682,0.0639289798293513,0,147789,2,2,244.3749744469744,122.1874872234872,2,2,122.1874872234872,244.3749744469744,122.1874872234872,244.3749744469744,59.750640994275365,1912.0205118168117,1,FIRE,False,,
295795,double_dqn,dueling,818,,,2.0,2.0,0.05,0.0006713141920045018,2.010777711868286,2.9786224365234375,0.5521644353866577,2.049381971359253,3.000401258468628,0.028949836269021034,0.07692253589630127,0.13170312345027924,10000,10000,1.0,244.48151564695652,244.48151564695652,73200,True,592,295500,0.0,0.0,0,NOOP,greedy,64909,65600,83777,81510,18906,276890,0.06391567161151604,0,147898,2,2,244.48151564695652,122.24075782347826,2,2,122.24075782347826,244.48151564695652,122.24075782347826,244.48151564695652,59.78575626103297,1913.144200353055,0,NOOP,False,,
295796,double_dqn,dueling,818,,,8.0,8.0,0.05,0.0006713141920045018,2.010777711868286,2.9786224365234375,0.5521644353866577,2.049381971359253,3.000401258468628,0.028949836269021034,0.07692253589630127,0.13170312345027924,10000,10000,1.0,244.48140379450882,244.48140379450882,73200,True,592,295500,0.0,0.0,3,LEFT,greedy,64909,65600,83777,81510,18906,276890,0.06391567161151604,1,147898,2,2,244.48140379450882,122.24070189725441,2,2,122.24070189725441,244.48140379450882,122.24070189725441,244.48140379450882,59.78572890852268,1913.1433250727257,3,LEFT,False,,
296050,double_dqn,dueling,819,10.0,517,0.0,0.0,0.05,,,,,,,,,,10000,10000,1.0,244.5832055231836,244.5832055231836,73263,False,593,296000,0.0,0.0,2,RIGHT,greedy,64943,65658,83856,81593,18921,277129,0.06391150143556831,1,148025,2,2,244.5832055231836,122.2916027615918,2,2,122.2916027615918,244.5832055231836,122.2916027615918,244.5832055231836,59.81533247778705,1914.0906392891857,2,RIGHT,False,,
296195,double_dqn,dueling,819,,,6.0,6.0,0.05,0.0016818753210827708,1.9246952533721924,2.8717103004455566,0.3609197735786438,1.9365917444229126,2.908438205718994,0.04653505980968475,0.18185317516326904,0.19346608221530914,10000,10000,1.0,244.55139883076197,244.55139883076197,73300,True,593,296000,0.0,0.0,1,FIRE,greedy,64985,65693,83885,81633,18928,277268,0.06390363137922186,0,148098,2,2,244.55139883076197,122.27569941538098,2,2,122.27569941538098,244.55139883076197,122.27569941538098,244.55139883076197,59.81440504348384,1914.0609613914828,1,FIRE,False,,
296196,double_dqn,dueling,819,,,1.0,1.0,0.05,0.0016818753210827708,1.9246952533721924,2.8717103004455566,0.3609197735786438,1.9365917444229126,2.908438205718994,0.04653505980968475,0.18185317516326904,0.19346608221530914,10000,10000,1.0,244.5512855534215,244.5512855534215,73300,True,593,296000,0.0,0.0,2,RIGHT,greedy,64985,65693,83885,81633,18928,277268,0.06390363137922186,1,148098,2,2,244.5512855534215,122.27564277671075,2,2,122.27564277671075,244.5512855534215,122.27564277671075,244.5512855534215,59.81437733717442,1914.0600747895814,2,RIGHT,False,,
296595,double_dqn,dueling,819,,,11.0,11.0,0.05,0.0018665989628061652,2.101500988006592,3.1212027072906494,1.1135940551757812,2.1424951553344727,2.9706172943115234,0.04196195676922798,0.2264084815979004,0.23510253429412842,10000,10000,1.0,244.66986327406065,244.66986327406065,73400,True,594,296500,0.0,0.0,3,LEFT,greedy,65108,65739,83963,81786,18954,277642,0.06390510998125395,0,148298,2,2,244.66986327406065,122.33493163703032,2,2,122.33493163703032,244.66986327406065,122.33493163703032,244.66986327406065,59.854746576122785,1915.3518904359291,3,LEFT,False,,
296596,double_dqn,dueling,819,,,8.0,8.0,0.05,0.0018665989628061652,2.101500988006592,3.1212027072906494,1.1135940551757812,2.1424951553344727,2.9706172943115234,0.04196195676922798,0.2264084815979004,0.23510253429412842,10000,10000,1.0,244.6697522733745,244.6697522733745,73400,True,594,296500,0.0,0.0,3,LEFT,greedy,65108,65739,83963,81786,18954,277642,0.06390510998125395,1,148298,2,2,244.6697522733745,122.33487613668726,2,2,122.33487613668726,244.6697522733745,122.33487613668726,244.6697522733745,59.85471942149962,1915.3510214879877,3,LEFT,False,,
296755,double_dqn,dueling,820,12.0,589,0.0,0.0,0.05,,,,,,,,,,10000,10000,1.0,244.71036263153283,244.71036263153283,73440,True,594,296500,0.0,0.0,3,LEFT,random,65139,65774,84001,81842,18960,277796,0.06389087331005944,0,148378,2,2,244.71036263153283,122.35518131576642,2,2,122.35518131576642,244.71036263153283,122.35518131576642,244.71036263153283,59.86914702160373,1915.8127046913194,3,LEFT,False,,
296995,double_dqn,dueling,820,,,3.0,3.0,0.05,0.001472856616601348,2.2694344520568848,3.0929477214813232,1.4329981803894043,2.2755467891693115,3.0255846977233887,0.03911945968866348,0.16748690605163574,0.16241276264190674,10000,10000,1.0,244.81341901002313,244.81341901002313,73500,True,594,296500,0.0,0.0,2,RIGHT,greedy,65220,65813,84057,81906,18972,278024,0.06387964821075032,0,148498,2,2,244.81341901002313,122.40670950501156,2,2,122.40670950501156,244.81341901002313,122.40670950501156,244.81341901002313,59.90104488033569,1916.833436170742,2,RIGHT,False,,
296996,double_dqn,dueling,820,,,11.0,11.0,0.05,0.001472856616601348,2.2694344520568848,3.0929477214813232,1.4329981803894043,2.2755467891693115,3.0255846977233887,0.03911945968866348,0.16748690605163574,0.16241276264190674,10000,10000,1.0,244.81331749696136,244.81331749696136,73500,True,594,296500,0.0,0.0,0,NOOP,greedy,65220,65813,84057,81906,18972,278024,0.06387964821075032,1,148498,2,2,244.81331749696136,122.40665874848068,2,2,122.40665874848068,244.81331749696136,122.40665874848068,244.81331749696136,59.901020042079296,1916.8326413465375,0,NOOP,False,,
297395,double_dqn,dueling,820,,,7.0,7.0,0.05,0.001764841959811747,2.105576515197754,3.0962839126586914,0.01451252494007349,2.11151385307312,3.1188480854034424,0.045885778963565826,0.13083243370056152,0.2807013988494873,10000,10000,1.0,244.9492379060763,244.9492379060763,73600,True,595,297000,0.0,0.0,3,LEFT,greedy,65288,65898,84146,82064,18992,278404,0.06386097997283084,0,148698,2,2,244.9492379060763,122.47461895303815,2,2,122.47461895303815,244.9492379060763,122.47461895303815,244.9492379060763,59.945274083732365,1918.2487706794357,3,LEFT,False,,
297396,double_dqn,dueling,820,,,17.0,17.0,0.05,0.001764841959811747,2.105576515197754,3.0962839126586914,0.01451252494007349,2.11151385307312,3.1188480854034424,0.045885778963565826,0.13083243370056152,0.2807013988494873,10000,10000,1.0,244.94913422650376,244.94913422650376,73600,True,595,297000,0.0,0.0,1,FIRE,greedy,65288,65898,84146,82064,18992,278404,0.06386097997283084,1,148698,2,2,244.94913422650376,122.47456711325188,2,2,122.47456711325188,244.94913422650376,122.47456711325188,244.94913422650376,59.94524871071856,1918.247958742994,1,FIRE,False,,
297545,double_dqn,dueling,821,8.0,395,0.0,0.0,0.05,,,,,,,,,,10000,10000,1.0,245.020444775315,245.020444775315,73637,False,596,297500,0.0,0.0,1,FIRE,greedy,65331,65941,84181,82093,18997,278549,0.06384559026167383,0,148773,2,2,245.020444775315,122.5102223876575,2,2,122.5102223876575,245.020444775315,122.5102223876575,245.020444775315,59.96420088767858,1918.8544284057145,1,FIRE,False,,
297738,double_dqn,dueling,822,26.0,844,0.0,0.0,0.05,,,,,,,,,,10000,10000,1.0,245.01697761107593,245.01697761107593,73685,False,596,297500,0.0,0.0,1,FIRE,greedy,65387,66007,84213,82131,19007,278731,0.06383800522607125,1,148869,2,2,245.01697761107593,122.50848880553797,2,2,122.50848880553797,245.01697761107593,122.50848880553797,245.01697761107593,59.96854427097514,1918.9934166712044,1,FIRE,False,,
297795,double_dqn,dueling,822,,,2.0,2.0,0.05,0.0031414139084517956,2.139468193054199,3.1036784648895264,0.24594631791114807,2.1953301429748535,3.0722594261169434,0.05363333970308304,0.2812173366546631,0.3848462402820587,10000,10000,1.0,245.00593430705771,245.00593430705771,73700,True,596,297500,0.0,0.0,1,FIRE,greedy,65392,66029,84229,82146,19011,278785,0.063839003881852,0,148898,2,2,245.00593430705771,122.50296715352886,2,2,122.50296715352886,245.00593430705771,122.50296715352886,245.00593430705771,59.969964546369326,1919.0388654838184,1,FIRE,False,,
297796,double_dqn,dueling,822,,,0.0,0.0,0.05,0.0031414139084517956,2.139468193054199,3.1036784648895264,0.24594631791114807,2.1953301429748535,3.0722594261169434,0.05363333970308304,0.2812173366546631,0.3848462402820587,10000,10000,1.0,245.0057523244499,245.0057523244499,73700,True,596,297500,0.0,0.0,0,NOOP,greedy,65392,66029,84229,82146,19011,278785,0.063839003881852,1,148898,2,2,245.0057523244499,122.50287616222495,2,2,122.50287616222495,245.0057523244499,122.50287616222495,245.0057523244499,59.96992000258891,1919.037440082845,0,NOOP,False,,
298195,double_dqn,dueling,822,,,6.0,6.0,0.05,0.001058032619766891,2.028568983078003,2.935486316680908,-0.08633837103843689,2.0576839447021484,2.8863399028778076,0.03672703355550766,0.11830282211303711,0.19690483808517456,10000,10000,1.0,244.76629408670857,244.76629408670857,73800,True,597,298000,0.0,0.0,2,RIGHT,greedy,65474,66102,84332,82288,19033,279163,0.0638271472454359,0,149098,2,2,244.76629408670857,122.38314704335428,2,2,122.38314704335428,244.76629408670857,122.38314704335428,244.76629408670857,59.92193343698802,1917.5018699836166,2,RIGHT,False,,
298196,double_dqn,dueling,822,,,4.0,4.0,0.05,0.001058032619766891,2.028568983078003,2.935486316680908,-0.08633837103843689,2.0576839447021484,2.8863399028778076,0.03672703355550766,0.11830282211303711,0.19690483808517456,10000,10000,1.0,244.76617500154234,244.76617500154234,73800,True,597,298000,0.0,0.0,2,RIGHT,greedy,65474,66102,84332,82288,19033,279163,0.0638271472454359,1,149098,2,2,244.76617500154234,122.38308750077117,2,2,122.38308750077117,244.76617500154234,122.38308750077117,244.76617500154234,59.92190428340937,1917.5009370690998,2,RIGHT,False,,
298289,double_dqn,dueling,823,7.0,372,0.0,0.0,0.05,,,,,,,,,,10000,10000,1.0,244.76895194704403,244.76895194704403,73823,False,597,298000,0.0,0.0,1,FIRE,greedy,65496,66111,84354,82329,19035,279255,0.06381373830835764,0,149145,2,2,244.76895194704403,122.38447597352202,2,2,122.38447597352202,244.76895194704403,122.38447597352202,244.76895194704403,59.92252122422768,1917.5206791752857,1,FIRE,False,,
298595,double_dqn,dueling,823,,,3.0,3.0,0.05,0.00280900695361197,2.1150312423706055,2.9859089851379395,0.8402278423309326,2.1093297004699707,2.9433434009552,0.04187038540840149,0.35504937171936035,0.4598711133003235,10000,10000,1.0,244.74050878907812,244.74050878907812,73900,True,598,298500,0.0,0.0,3,LEFT,greedy,65582,66161,84434,82419,19054,279542,0.06381197336869884,0,149298,2,2,244.74050878907812,122.37025439453906,2,2,122.37025439453906,244.74050878907812,122.37025439453906,244.74050878907812,59.92607033667875,1917.63425077372,3,LEFT,False,,
298596,double_dqn,dueling,823,,,10.0,10.0,0.05,0.00280900695361197,2.1150312423706055,2.9859089851379395,0.8402278423309326,2.1093297004699707,2.9433434009552,0.04187038540840149,0.35504937171936035,0.4598711133003235,10000,10000,1.0,244.74040032281397,244.74040032281397,73900,True,598,298500,0.0,0.0,1,FIRE,greedy,65582,66161,84434,82419,19054,279542,0.06381197336869884,1,149298,2,2,244.74040032281397,122.37020016140698,2,2,122.37020016140698,244.74040032281397,122.37020016140698,244.74040032281397,59.92604377811267,1917.6334008996055,1,FIRE,False,,
298808,double_dqn,dueling,824,12.0,535,0.0,0.0,0.05,,,,,,,,,,10000,10000,1.0,244.72772222045856,244.72772222045856,73953,True,598,298500,0.0,0.0,2,RIGHT,greedy,65626,66225,84488,82469,19063,279745,0.06379681936226607,1,149404,2,2,244.72772222045856,122.36386111022928,2,2,122.36386111022928,244.72772222045856,122.36386111022928,244.72772222045856,59.92840796547535,1917.7090548952112,2,RIGHT,False,,
298995,double_dqn,dueling,824,,,6.0,6.0,0.05,0.0039773182943463326,1.9832162857055664,3.3452792167663574,0.2158290296792984,1.9618008136749268,3.310049057006836,0.05869368463754654,0.33710741996765137,0.6159191727638245,10000,10000,1.0,244.7671907150705,244.7671907150705,74000,True,598,298500,0.0,0.0,3,LEFT,greedy,65676,66254,84537,82529,19073,279923,0.06379015103880989,0,149498,2,2,244.7671907150705,122.38359535753526,2,2,122.38359535753526,244.7671907150705,122.38359535753526,244.7671907150705,59.94288352906627,1918.1722729301207,3,LEFT,False,,
298996,double_dqn,dueling,824,,,2.0,2.0,0.05,0.0039773182943463326,1.9832162857055664,3.3452792167663574,0.2158290296792984,1.9618008136749268,3.310049057006836,0.05869368463754654,0.33710741996765137,0.6159191727638245,10000,10000,1.0,244.76708861380067,244.76708861380067,74000,True,598,298500,0.0,0.0,3,LEFT,greedy,65676,66254,84537,82529,19073,279923,0.06379015103880989,1,149498,2,2,244.76708861380067,122.38354430690033,2,2,122.38354430690033,244.76708861380067,122.38354430690033,244.76708861380067,59.942858524716186,1918.171472790918,3,LEFT,False,,
299323,double_dqn,dueling,825,9.0,517,0.0,0.0,0.05,,,,,,,,,,10000,10000,1.0,244.88061069589983,244.88061069589983,74082,True,599,299000,0.0,0.0,3,LEFT,greedy,65730,66320,84623,82651,19091,280233,0.06378038513450308,0,149662,2,2,244.88061069589983,122.44030534794992,2,2,122.44030534794992,244.88061069589983,122.44030534794992,244.88061069589983,59.978968814718314,1919.327002070986,3,LEFT,False,,
299395,double_dqn,dueling,825,,,1.0,1.0,0.05,0.002355121076107025,2.161318778991699,2.9610161781311035,1.1954940557479858,2.2101151943206787,2.9789085388183594,0.05743568763136864,0.1636887788772583,0.4474509060382843,10000,10000,1.0,244.91073220227753,244.91073220227753,74100,True,599,299000,0.0,0.0,3,LEFT,greedy,65749,66327,84639,82681,19094,280302,0.06377506713516547,0,149698,2,2,244.91073220227753,122.45536610113876,2,2,122.45536610113876,244.91073220227753,122.45536610113876,244.91073220227753,59.988155901598425,1919.6209888511496,3,LEFT,False,,
299396,double_dqn,dueling,825,,,7.0,7.0,0.05,0.002355121076107025,2.161318778991699,2.9610161781311035,1.1954940557479858,2.2101151943206787,2.9789085388183594,0.05743568763136864,0.1636887788772583,0.4474509060382843,10000,10000,1.0,244.91063263029946,244.91063263029946,74100,True,599,299000,0.0,0.0,2,RIGHT,greedy,65749,66327,84639,82681,19094,280302,0.06377506713516547,1,149698,2,2,244.91063263029946,122.45531631514973,2,2,122.45531631514973,244.91063263029946,122.45531631514973,244.91063263029946,59.98813151255148,1919.6202084016475,2,RIGHT,False,,
299795,double_dqn,dueling,825,,,5.0,5.0,0.05,0.002674501622095704,2.0452404022216797,2.8063526153564453,0.21508395671844482,2.036877155303955,2.837618112564087,0.05440724641084671,0.25592413544654846,0.33673518896102905,10000,10000,1.0,245.11773789690923,245.11773789690923,74200,True,600,299500,0.0,0.0,1,FIRE,greedy,65838,66382,84739,82837,19109,280687,0.06374000987338056,0,149898,2,2,245.11773789690923,122.55886894845462,2,2,122.55886894845462,245.11773789690923,122.55886894845462,245.11773789690923,60.048824897670414,1921.5623967254533,1,FIRE,False,,
299796,double_dqn,dueling,825,,,12.0,12.0,0.05,0.002674501622095704,2.0452404022216797,2.8063526153564453,0.21508395671844482,2.036877155303955,2.837618112564087,0.05440724641084671,0.25592413544654846,0.33673518896102905,10000,10000,1.0,245.11764004351548,245.11764004351548,74200,True,600,299500,0.0,0.0,0,NOOP,greedy,65838,66382,84739,82837,19109,280687,0.06374000987338056,1,149898,2,2,245.11764004351548,122.55882002175774,2,2,122.55882002175774,245.11764004351548,122.55882002175774,245.11764004351548,60.048800925593326,1921.5616296189864,0,NOOP,False,,
299999,double_dqn,dueling,825,,,11.0,8.0,0.05,0.0008579271379858255,2.0898234844207764,3.0537045001983643,0.874465823173523,2.121063709259033,3.093660354614258,0.03182419016957283,0.12269473075866699,0.15373310446739197,10000,10000,1.0,244.2700675015114,244.2700675015114,74251,True,601,300000,0.0,0.0,2,RIGHT,random,65924,66404,84792,82880,19119,280881,0.06373,0,150000,2,2,244.2700675015114,122.1350337507557,2,2,122.1350337507557,244.2700675015114,122.1350337507557,244.2700675015114,59.84616653787029,1915.0773292118492,2,RIGHT,False,,
300000,double_dqn,dueling,825,,,17.0,14.0,0.05,0.0008579271379858255,2.0898234844207764,3.0537045001983643,0.874465823173523,2.121063709259033,3.093660354614258,0.03182419016957283,0.12269473075866699,0.15373310446739197,10000,10000,1.0,244.2699720330699,244.2699720330699,74251,True,601,300000,0.0,0.0,0,NOOP,greedy,65924,66404,84792,82880,19119,280881,0.06373,1,150000,2,2,244.2699720330699,122.13498601653495,2,2,122.13498601653495,244.2699720330699,122.13498601653495,244.2699720330699,59.84614314810213,1915.0765807392681,0,NOOP,False,,
300195,double_dqn,dueling,825,,,13.0,10.0,0.05,0.0020229213405400515,2.2581725120544434,3.0399718284606934,1.628233551979065,2.285715103149414,3.0551977157592773,0.04695074260234833,0.19592499732971191,0.1593095362186432,10000,10000,1.0,244.35482022132777,244.35482022132777,74300,True,601,300000,0.0,0.0,2,RIGHT,greedy,65973,66426,84861,82936,19137,281059,0.06374835107729616,0,150098,2,2,244.35482022132777,122.17741011066389,2,2,122.17741011066389,244.35482022132777,122.17741011066389,244.35482022132777,59.871701607739865,1915.8944514476757,2,RIGHT,False,,
300196,double_dqn,dueling,825,,,22.0,16.0,0.05,0.0020229213405400515,2.2581725120544434,3.0399718284606934,1.628233551979065,2.285715103149414,3.0551977157592773,0.04695074260234833,0.19592499732971191,0.1593095362186432,10000,10000,1.0,244.3547214910681,244.3547214910681,74300,True,601,300000,0.0,0.0,2,RIGHT,greedy,65973,66426,84861,82936,19137,281059,0.06374835107729616,1,150098,2,2,244.3547214910681,122.17736074553405,2,2,122.17736074553405,244.3547214910681,122.17736074553405,244.3547214910681,59.871677416898684,1915.893677340758,2,RIGHT,False,,
300318,double_dqn,dueling,826,23.0,755,0.0,0.0,0.05,,,,,,,,,,10000,10000,1.0,244.35171182003532,244.35171182003532,74330,False,601,300000,0.0,0.0,2,RIGHT,greedy,66010,66436,84908,82964,19143,281175,0.06374243302099775,1,150159,2,2,244.35171182003532,122.17585591001766,2,2,122.17585591001766,244.35171182003532,122.17585591001766,244.35171182003532,59.871462598458116,1915.8868031506597,2,RIGHT,False,,
300595,double_dqn,dueling,826,,,18.0,15.0,0.05,0.0038017325568944216,2.1119120121002197,2.9863336086273193,0.8533397912979126,2.1326990127563477,3.009024143218994,0.0574960894882679,0.293499231338501,0.2379726767539978,10000,10000,1.0,244.47876000336353,244.47876000336353,74400,True,602,300500,0.0,0.0,2,RIGHT,greedy,66057,66526,84977,83036,19157,281439,0.06373005628817416,0,150298,2,2,244.47876000336353,122.23938000168177,2,2,122.23938000168177,244.47876000336353,122.23938000168177,244.47876000336353,59.91169549532976,1917.1742558505523,2,RIGHT,False,,
300596,double_dqn,dueling,826,,,2.0,2.0,0.05,0.0038017325568944216,2.1119120121002197,2.9863336086273193,0.8533397912979126,2.1326990127563477,3.009024143218994,0.0574960894882679,0.293499231338501,0.2379726767539978,10000,10000,1.0,244.47866136345428,244.47866136345428,74400,True,602,300500,0.0,0.0,1,FIRE,greedy,66057,66526,84977,83036,19157,281439,0.06373005628817416,1,150298,2,2,244.47866136345428,122.23933068172714,2,2,122.23933068172714,244.47866136345428,122.23933068172714,244.47866136345428,59.9116713227423,1917.1734823277536,1,FIRE,False,,
300653,double_dqn,dueling,827,18.0,665,0.0,0.0,0.05,,,,,,,,,,10000,10000,1.0,244.47964264642252,244.47964264642252,74414,False,602,300500,0.0,0.0,2,RIGHT,greedy,66065,66542,84994,83053,19157,281497,0.0637177619456252,0,150327,2,2,244.47964264642252,122.23982132321126,2,2,122.23982132321126,244.47964264642252,122.23982132321126,244.47964264642252,59.91088175010942,1917.1482160035014,2,RIGHT,False,,
300995,double_dqn,dueling,827,,,3.0,3.0,0.05,0.003344415919855237,2.0292091369628906,2.9881527423858643,0.724642276763916,2.0560295581817627,2.973388195037842,0.05356794595718384,0.3026750087738037,0.2210291028022766,10000,10000,1.0,244.62075900154434,244.62075900154434,74500,True,602,300500,0.0,0.0,1,FIRE,random,66107,66698,85052,83139,19175,281821,0.06370516551714973,0,150498,2,2,244.62075900154434,122.31037950077217,2,2,122.31037950077217,244.62075900154434,122.31037950077217,244.62075900154434,59.95597432661979,1918.5911784518332,1,FIRE,False,,
300996,double_dqn,dueling,827,,,5.0,5.0,0.05,0.003344415919855237,2.0292091369628906,2.9881527423858643,0.724642276763916,2.0560295581817627,2.973388195037842,0.05356794595718384,0.3026750087738037,0.2210291028022766,10000,10000,1.0,244.6206644246773,244.6206644246773,74500,True,602,300500,0.0,0.0,0,NOOP,greedy,66107,66698,85052,83139,19175,281821,0.06370516551714973,1,150498,2,2,244.6206644246773,122.31033221233865,2,2,122.31033221233865,244.6206644246773,122.31033221233865,244.6206644246773,59.95595114605149,1918.5904366736477,0,NOOP,False,,
301216,double_dqn,dueling,828,9.0,449,0.0,0.0,0.05,,,,,,,,,,10000,10000,1.0,244.7332311757152,244.7332311757152,74555,True,603,301000,0.0,0.0,2,RIGHT,greedy,66162,66734,85104,83216,19185,282031,0.06369183575905663,1,150608,2,2,244.7332311757152,122.3666155878576,2,2,122.3666155878576,244.7332311757152,122.3666155878576,244.7332311757152,59.98869463019229,1919.6382281661533,2,RIGHT,False,,
301395,double_dqn,dueling,828,,,11.0,8.0,0.05,0.0007197842933237553,2.130018711090088,3.1023120880126953,0.6039260625839233,2.157200336456299,3.091216802597046,0.02925475686788559,0.0826272964477539,0.10221097618341446,10000,10000,1.0,244.83238091911562,244.83238091911562,74600,True,603,301000,0.0,0.0,1,FIRE,greedy,66212,66795,85129,83260,19195,282201,0.06368697660221105,0,150698,2,2,244.83238091911562,122.41619045955781,2,2,122.41619045955781,244.83238091911562,122.41619045955781,244.83238091911562,60.01718357848739,1920.5498745115965,1,FIRE,False,,
301396,double_dqn,dueling,828,,,2.0,2.0,0.05,0.0007197842933237553,2.130018711090088,3.1023120880126953,0.6039260625839233,2.157200336456299,3.091216802597046,0.02925475686788559,0.0826272964477539,0.10221097618341446,10000,10000,1.0,244.8322823671613,244.8322823671613,74600,True,603,301000,0.0,0.0,1,FIRE,greedy,66212,66795,85129,83260,19195,282201,0.06368697660221105,1,150698,2,2,244.8322823671613,122.41614118358065,2,2,122.41614118358065,244.8322823671613,122.41614118358065,244.8322823671613,60.01715941987441,1920.5491014359811,1,FIRE,False,,
301595,double_dqn,dueling,829,13.0,471,0.0,0.0,0.05,,,,,,,,,,10000,10000,1.0,244.9214743593894,244.9214743593894,74650,True,604,301500,0.0,0.0,0,NOOP,greedy,66318,66844,85156,83278,19204,282392,0.06367458454356159,0,150798,2,2,244.9214743593894,122.4607371796947,2,2,122.4607371796947,244.9214743593894,122.4607371796947,244.9214743593894,60.04364154531198,1921.3965294499833,0,NOOP,False,,
301795,double_dqn,dueling,829,,,1.0,1.0,0.05,0.004972108174115419,2.0303268432617188,3.0042824745178223,0.6847085952758789,2.05649995803833,2.9572980403900146,0.060246262699365616,0.4196295738220215,0.4617590308189392,10000,10000,1.0,244.9614293815158,244.9614293815158,74700,True,604,301500,0.0,0.0,0,NOOP,greedy,66364,66900,85199,83333,19215,282581,0.06366883590239765,0,150898,2,2,244.9614293815158,122.4807146907579,2,2,122.4807146907579,244.9614293815158,122.4807146907579,244.9614293815158,60.05801976438082,1921.8566324601863,0,NOOP,False,,
301796,double_dqn,dueling,829,,,8.0,8.0,0.05,0.004972108174115419,2.0303268432617188,3.0042824745178223,0.6847085952758789,2.05649995803833,2.9572980403900146,0.060246262699365616,0.4196295738220215,0.4617590308189392,10000,10000,1.0,244.96132615834784,244.96132615834784,74700,True,604,301500,0.0,0.0,2,RIGHT,greedy,66364,66900,85199,83333,19215,282581,0.06366883590239765,1,150898,2,2,244.96132615834784,122.48066307917392,2,2,122.48066307917392,244.96132615834784,122.48066307917392,244.96132615834784,60.057994456808615,1921.8558226178757,2,RIGHT,False,,
302117,double_dqn,dueling,830,4.0,261,0.0,0.0,0.05,,,,,,,,,,10000,10000,1.0,245.06012337935056,245.06012337935056,74780,False,605,302000,0.0,0.0,2,RIGHT,greedy,66436,66984,85278,83420,19230,282888,0.06365062657637083,0,151059,2,2,245.06012337935056,122.53006168967528,2,2,122.53006168967528,245.06012337935056,122.53006168967528,245.06012337935056,60.08717365717642,1922.7895570296455,2,RIGHT,False,,
302195,double_dqn,dueling,830,,,0.0,0.0,0.05,0.0024906813632696867,2.0890469551086426,2.902890205383301,0.6335811614990234,2.116042375564575,2.9406821727752686,0.054364163428545,0.22216367721557617,0.16694679856300354,10000,10000,1.0,245.0619713465501,245.0619713465501,74800,True,605,302000,0.0,0.0,0,NOOP,greedy,66461,67002,85296,83437,19232,282964,0.06364081589432025,0,151098,2,2,245.0619713465501,122.53098567327505,2,2,122.53098567327505,245.0619713465501,122.53098567327505,245.0619713465501,60.0917344483197,1922.9355023462304,0,NOOP,False,,
302196,double_dqn,dueling,830,,,12.0,12.0,0.05,0.0024906813632696867,2.0890469551086426,2.902890205383301,0.6335811614990234,2.116042375564575,2.9406821727752686,0.054364163428545,0.22216367721557617,0.16694679856300354,10000,10000,1.0,245.06187469842502,245.06187469842502,74800,True,605,302000,0.0,0.0,3,LEFT,greedy,66461,67002,85296,83437,19232,282964,0.06364081589432025,1,151098,2,2,245.06187469842502,122.53093734921251,2,2,122.53093734921251,245.06187469842502,122.53093734921251,245.06187469842502,60.09171074919806,1922.9347439743378,3,LEFT,False,,
302595,double_dqn,dueling,830,,,6.0,6.0,0.05,0.00111387949436903,2.0882787704467773,3.0538651943206787,0.63563072681427,2.1052937507629395,3.1194825172424316,0.036271996796131134,0.12092399597167969,0.1431291103363037,10000,10000,1.0,245.20253439597332,245.20253439597332,74900,True,606,302500,0.0,0.0,3,LEFT,greedy,66535,67076,85393,83592,19255,283341,0.06363269838332297,0,151298,2,2,245.20253439597332,122.60126719798666,2,2,122.60126719798666,245.20253439597332,122.60126719798666,245.20253439597332,60.13513368266902,1924.3242778454087,3,LEFT,False,,
302596,double_dqn,dueling,830,,,16.0,16.0,0.05,0.00111387949436903,2.0882787704467773,3.0538651943206787,0.63563072681427,2.1052937507629395,3.1194825172424316,0.036271996796131134,0.12092399597167969,0.1431291103363037,10000,10000,1.0,245.2024398587625,245.2024398587625,74900,True,606,302500,0.0,0.0,2,RIGHT,greedy,66535,67076,85393,83592,19255,283341,0.06363269838332297,1,151298,2,2,245.2024398587625,122.60121992938124,2,2,122.60121992938124,245.2024398587625,122.60121992938124,245.2024398587625,60.135110497721826,1924.3235359270984,2,RIGHT,False,,
302865,double_dqn,dueling,831,7.0,374,0.0,0.0,0.05,,,,,,,,,,10000,10000,1.0,245.29441915293043,245.29441915293043,74967,False,606,302500,0.0,0.0,1,FIRE,greedy,66592,67135,85474,83665,19271,283595,0.06362879953510793,0,151433,2,2,245.29441915293043,122.64720957646522,2,2,122.64720957646522,245.29441915293043,122.64720957646522,245.29441915293043,60.16130289291597,1925.161692573311,1,FIRE,False,,
302980,double_dqn,dueling,832,24.0,882,0.0,0.0,0.05,,,,,,,,,,10000,10000,1.0,245.34012869988948,245.34012869988948,74996,True,606,302500,0.0,0.0,2,RIGHT,greedy,66633,67162,85505,83680,19281,283699,0.06363786388540497,1,151490,2,2,245.34012869988948,122.67006434994474,2,2,122.67006434994474,245.34012869988948,122.67006434994474,245.34012869988948,60.177330548415696,1925.6745775493023,2,RIGHT,False,,
302995,double_dqn,dueling,832,,,1.0,1.0,0.05,0.0016180194215849042,2.053921699523926,2.947441577911377,0.7788073420524597,2.0697569847106934,3.005246162414551,0.041391968727111816,0.1996052861213684,0.09325624257326126,10000,10000,1.0,245.3380569246036,245.3380569246036,75000,True,606,302500,0.0,0.0,2,RIGHT,greedy,66638,67164,85509,83685,19281,283715,0.0636345034257878,0,151498,2,2,245.3380569246036,122.6690284623018,2,2,122.6690284623018,245.3380569246036,122.6690284623018,245.3380569246036,60.17717189906639,1925.6695007701244,2,RIGHT,False,,
302996,double_dqn,dueling,832,,,0.0,0.0,0.05,0.0016180194215849042,2.053921699523926,2.947441577911377,0.7788073420524597,2.0697569847106934,3.005246162414551,0.041391968727111816,0.1996052861213684,0.09325624257326126,10000,10000,1.0,245.33795777266025,245.33795777266025,75000,True,606,302500,0.0,0.0,0,NOOP,greedy,66638,67164,85509,83685,19281,283715,0.0636345034257878,1,151498,2,2,245.33795777266025,122.66897888633012,2,2,122.66897888633012,245.33795777266025,122.66897888633012,245.33795777266025,60.177147578813695,1925.6687225220383,0,NOOP,False,,
303395,double_dqn,dueling,832,,,5.0,5.0,0.05,0.002063772873952985,1.9510462284088135,3.043933391571045,0.1702282577753067,1.9796664714813232,3.0918185710906982,0.04861600324511528,0.209037646651268,0.3039817810058594,10000,10000,1.0,245.44169640053204,245.44169640053204,75100,True,607,303000,0.0,0.0,1,FIRE,greedy,66698,67296,85582,83820,19297,284099,0.0636033434850822,0,151698,2,2,245.44169640053204,122.72084820026602,2,2,122.72084820026602,245.44169640053204,122.72084820026602,245.44169640053204,60.21126640854313,1926.7605250733802,1,FIRE,False,,
303396,double_dqn,dueling,832,,,5.0,5.0,0.05,0.002063772873952985,1.9510462284088135,3.043933391571045,0.1702282577753067,1.9796664714813232,3.0918185710906982,0.04861600324511528,0.209037646651268,0.3039817810058594,10000,10000,1.0,245.44160388785258,245.44160388785258,75100,True,607,303000,0.0,0.0,3,LEFT,greedy,66698,67296,85582,83820,19297,284099,0.0636033434850822,1,151698,2,2,245.44160388785258,122.72080194392629,2,2,122.72080194392629,245.44160388785258,122.72080194392629,245.44160388785258,60.211243713517504,1926.7597988325601,3,LEFT,False,,
303795,double_dqn,dueling,832,,,8.0,8.0,0.05,0.001884849858470261,2.057589054107666,3.018982172012329,1.0509231090545654,2.0894429683685303,3.0352985858917236,0.049438998103141785,0.17518389225006104,0.19716843962669373,10000,10000,1.0,245.53517878789205,245.53517878789205,75200,True,608,303500,0.0,0.0,0,NOOP,greedy,66784,67414,85666,83932,19316,284480,0.06358214064701313,0,151898,2,2,245.53517878789205,122.76758939394603,2,2,122.76758939394603,245.53517878789205,122.76758939394603,245.53517878789205,60.24274713401344,1927.7679082884301,0,NOOP,False,,
303796,double_dqn,dueling,832,,,9.0,9.0,0.05,0.001884849858470261,2.057589054107666,3.018982172012329,1.0509231090545654,2.0894429683685303,3.0352985858917236,0.049438998103141785,0.17518389225006104,0.19716843962669373,10000,10000,1.0,245.53507882425552,245.53507882425552,75200,True,608,303500,0.0,0.0,3,LEFT,greedy,66784,67414,85666,83932,19316,284480,0.06358214064701313,1,151898,2,2,245.53507882425552,122.76753941212776,2,2,122.76753941212776,245.53507882425552,122.76753941212776,245.53507882425552,60.24272260765389,1927.7671234449244,3,LEFT,False,,
303863,double_dqn,dueling,833,9.0,499,0.0,0.0,0.05,,,,,,,,,,10000,10000,1.0,245.524327489321,245.524327489321,75217,True,608,303500,0.0,0.0,2,RIGHT,greedy,66792,67430,85686,83956,19318,284546,0.06357449385251297,0,151932,2,2,245.524327489321,122.7621637446605,2,2,122.7621637446605,245.524327489321,122.7621637446605,245.524327489321,60.24152517634907,1927.7288056431703,2,RIGHT,False,,
304184,double_dqn,dueling,834,13.0,602,0.0,0.0,0.05,,,,,,,,,,10000,10000,1.0,245.57735461789153,245.57735461789153,75297,True,609,304000,0.0,0.0,2,RIGHT,greedy,66867,67503,85761,84053,19329,284855,0.06354377613549693,1,152092,2,2,245.57735461789153,122.78867730894576,2,2,122.78867730894576,245.57735461789153,122.78867730894576,245.57735461789153,60.26126729291831,1928.360553373386,2,RIGHT,False,,
304195,double_dqn,dueling,834,,,3.0,3.0,0.05,0.0024146405048668385,2.115511417388916,2.909261703491211,0.6175297498703003,2.1349287033081055,2.8864316940307617,0.04755274951457977,0.23880720138549805,0.16883458197116852,10000,10000,1.0,245.57087211015178,245.57087211015178,75300,True,609,304000,0.0,0.0,2,RIGHT,greedy,66867,67505,85769,84055,19329,284867,0.06354126944470012,0,152098,2,2,245.57087211015178,122.78543605507589,2,2,122.78543605507589,245.57087211015178,122.78543605507589,245.57087211015178,60.25992745207965,1928.3176784665488,2,RIGHT,False,,
304196,double_dqn,dueling,834,,,0.0,0.0,0.05,0.0024146405048668385,2.115511417388916,2.909261703491211,0.6175297498703003,2.1349287033081055,2.8864316940307617,0.04755274951457977,0.23880720138549805,0.16883458197116852,10000,10000,1.0,245.57077797375217,245.57077797375217,75300,True,609,304000,0.0,0.0,2,RIGHT,greedy,66867,67505,85769,84055,19329,284867,0.06354126944470012,1,152098,2,2,245.57077797375217,122.78538898687609,2,2,122.78538898687609,245.57077797375217,122.78538898687609,245.57077797375217,60.25990435222028,1928.316939271049,2,RIGHT,False,,
304595,double_dqn,dueling,834,,,8.0,8.0,0.05,0.001019632793031633,2.087528705596924,2.9867916107177734,0.34921976923942566,2.0965471267700195,3.0479016304016113,0.03387974202632904,0.12597870826721191,0.10226940363645554,10000,10000,1.0,245.66815609588795,245.66815609588795,75400,True,610,304500,0.0,0.0,0,NOOP,greedy,66968,67558,85873,84197,19350,285246,0.06352676988535634,0,152298,2,2,245.66815609588795,122.83407804794398,2,2,122.83407804794398,245.66815609588795,122.83407804794398,245.66815609588795,60.292102416455464,1929.3472773265748,0,NOOP,False,,
304596,double_dqn,dueling,834,,,3.0,3.0,0.05,0.001019632793031633,2.087528705596924,2.9867916107177734,0.34921976923942566,2.0965471267700195,3.0479016304016113,0.03387974202632904,0.12597870826721191,0.10226940363645554,10000,10000,1.0,245.66805439504222,245.66805439504222,75400,True,610,304500,0.0,0.0,3,LEFT,greedy,66968,67558,85873,84197,19350,285246,0.06352676988535634,1,152298,2,2,245.66805439504222,122.83402719752111,2,2,122.83402719752111,245.66805439504222,122.83402719752111,245.66805439504222,60.292077456941364,1929.3464786221236,3,LEFT,False,,
304995,double_dqn,dueling,834,,,12.0,12.0,0.05,0.0008670596871525049,2.072810173034668,2.8346476554870605,0.8927377462387085,2.1074161529541016,2.8824732303619385,0.03451096639037132,0.11075735092163086,0.24049769341945648,10000,10000,1.0,245.8204471884021,245.8204471884021,75500,True,610,304500,0.0,0.0,0,NOOP,greedy,67062,67648,85962,84324,19363,285633,0.06348607850594762,0,152498,2,2,245.8204471884021,122.91022359420106,2,2,122.91022359420106,245.8204471884021,122.91022359420106,245.8204471884021,60.33766485919413,1930.805275494212,0,NOOP,False,,
304996,double_dqn,dueling,834,,,6.0,6.0,0.05,0.0008670596871525049,2.072810173034668,2.8346476554870605,0.8927377462387085,2.1074161529541016,2.8824732303619385,0.03451096639037132,0.11075735092163086,0.24049769341945648,10000,10000,1.0,245.82035676026427,245.82035676026427,75500,True,610,304500,0.0,0.0,3,LEFT,greedy,67062,67648,85962,84324,19363,285633,0.06348607850594762,1,152498,2,2,245.82035676026427,122.91017838013214,2,2,122.91017838013214,245.82035676026427,122.91017838013214,245.82035676026427,60.33764266322655,1930.8045652232497,3,LEFT,False,,
305010,double_dqn,dueling,835,6.0,413,0.0,0.0,0.05,,,,,,,,,,10000,10000,1.0,245.82136095374972,245.82136095374972,75503,False,611,305000,0.0,0.0,0,NOOP,greedy,67068,67649,85966,84327,19364,285646,0.06348644306744042,1,152505,2,2,245.82136095374972,122.91068047687486,2,2,122.91068047687486,245.82136095374972,122.91068047687486,245.82136095374972,60.33593920373621,1930.7500545195587,0,NOOP,False,,
305395,double_dqn,dueling,835,,,24.0,18.0,0.05,0.0014880870003253222,1.8610478639602661,2.9086081981658936,0.8164706230163574,1.898535966873169,2.7921717166900635,0.04699268937110901,0.11643648147583008,0.20496584475040436,10000,10000,1.0,245.99237496472355,245.99237496472355,75600,True,611,305000,0.0,0.0,1,FIRE,greedy,67160,67768,86050,84418,19378,286018,0.06345204259387811,0,152698,2,2,245.99237496472355,122.99618748236178,2,2,122.99618748236178,245.99237496472355,122.99618748236178,245.99237496472355,60.38793969140869,1932.414070125078,1,FIRE,False,,
305396,double_dqn,dueling,835,,,4.0,4.0,0.05,0.0014880870003253222,1.8610478639602661,2.9086081981658936,0.8164706230163574,1.898535966873169,2.7921717166900635,0.04699268937110901,0.11643648147583008,0.20496584475040436,10000,10000,1.0,245.99228670208763,245.99228670208763,75600,True,611,305000,0.0,0.0,3,LEFT,greedy,67160,67768,86050,84418,19378,286018,0.06345204259387811,1,152698,2,2,245.99228670208763,122.99614335104381,2,2,122.99614335104381,245.99228670208763,122.99614335104381,245.99228670208763,60.38791802407556,1932.413376770418,3,LEFT,False,,
305409,double_dqn,dueling,836,24.0,773,0.0,0.0,0.05,,,,,,,,,,10000,10000,1.0,245.9954219465728,245.9954219465728,75603,False,611,305000,0.0,0.0,2,RIGHT,greedy,67164,67770,86054,84422,19380,286030,0.06345568252513015,0,152705,2,2,245.9954219465728,122.9977109732864,2,2,122.9977109732864,245.9954219465728,122.9977109732864,245.9954219465728,60.38674840854148,1932.3759490733273,2,RIGHT,False,,
305795,double_dqn,dueling,836,,,3.0,3.0,0.05,0.002287500537931919,1.950115442276001,2.902209758758545,0.5040763020515442,1.9924538135528564,2.9524307250976562,0.049686282873153687,0.22108983993530273,0.36455145478248596,10000,10000,1.0,246.09164590245146,246.09164590245146,75700,True,612,305500,0.0,0.0,3,LEFT,greedy,67304,67818,86149,84525,19406,286390,0.06346060772541172,0,152898,2,2,246.09164590245146,123.04582295122573,2,2,123.04582295122573,246.09164590245146,123.04582295122573,246.09164590245146,60.420271295750275,1933.4486814640088,3,LEFT,False,,
305796,double_dqn,dueling,836,,,9.0,9.0,0.05,0.002287500537931919,1.950115442276001,2.902209758758545,0.5040763020515442,1.9924538135528564,2.9524307250976562,0.049686282873153687,0.22108983993530273,0.36455145478248596,10000,10000,1.0,246.0915425721818,246.0915425721818,75700,True,612,305500,0.0,0.0,1,FIRE,greedy,67304,67818,86149,84525,19406,286390,0.06346060772541172,1,152898,2,2,246.0915425721818,123.0457712860909,2,2,123.0457712860909,246.0915425721818,123.0457712860909,246.0915425721818,60.42024592616529,1933.4478696372894,1,FIRE,False,,
306195,double_dqn,dueling,836,,,8.0,8.0,0.05,0.0010105844121426344,2.0380454063415527,2.9134812355041504,0.8831052184104919,2.048940896987915,2.9149672985076904,0.03744812309741974,0.09955489635467529,0.0953078418970108,10000,10000,1.0,246.21395386642425,246.21395386642425,75800,True,613,306000,0.0,0.0,1,FIRE,greedy,67435,67861,86258,84642,19420,286776,0.06342342813100106,0,153098,2,2,246.21395386642425,123.10697693321212,2,2,123.10697693321212,246.21395386642425,123.10697693321212,246.21395386642425,60.45815270486847,1934.660886555791,1,FIRE,False,,
306196,double_dqn,dueling,836,,,15.0,12.0,0.05,0.0010105844121426344,2.0380454063415527,2.9134812355041504,0.8831052184104919,2.048940896987915,2.9149672985076904,0.03744812309741974,0.09955489635467529,0.0953078418970108,10000,10000,1.0,246.21381276647497,246.21381276647497,75800,True,613,306000,0.0,0.0,0,NOOP,greedy,67435,67861,86258,84642,19420,286776,0.06342342813100106,1,153098,2,2,246.21381276647497,123.10690638323749,2,2,123.10690638323749,246.21381276647497,123.10690638323749,246.21381276647497,60.45811805759463,1934.6597778430282,0,NOOP,False,,
306295,double_dqn,dueling,837,10.0,443,0.0,0.0,0.05,,,,,,,,,,10000,10000,1.0,246.2014924577163,246.2014924577163,75825,True,613,306000,0.0,0.0,1,FIRE,greedy,67472,67885,86277,84662,19426,286870,0.0634223104447985,0,153148,2,2,246.2014924577163,123.10074622885816,2,2,123.10074622885816,246.2014924577163,123.10074622885816,246.2014924577163,60.457038363924084,1934.6252276455707,1,FIRE,False,,
306418,double_dqn,dueling,838,24.0,704,0.0,0.0,0.05,,,,,,,,,,10000,10000,1.0,246.24120738302398,246.24120738302398,75855,False,613,306000,0.0,0.0,0,NOOP,greedy,67530,67918,86292,84678,19431,286987,0.06341337649876966,1,153209,2,2,246.24120738302398,123.12060369151199,2,2,123.12060369151199,246.24120738302398,123.12060369151199,246.24120738302398,60.466973077464885,1934.9431384788763,0,NOOP,False,,
306595,double_dqn,dueling,838,,,3.0,3.0,0.05,0.001678131753578782,2.1048970222473145,3.085336446762085,0.9538764357566833,2.147059917449951,3.0967307090759277,0.04147854819893837,0.18452084064483643,0.2813951075077057,10000,10000,1.0,246.29581372986286,246.29581372986286,75900,True,614,306500,0.0,0.0,2,RIGHT,greedy,67602,67944,86332,84718,19442,287154,0.06341243851844121,0,153298,2,2,246.29581372986286,123.14790686493143,2,2,123.14790686493143,246.29581372986286,123.14790686493143,246.29581372986286,60.48599750921203,1935.5519202947848,2,RIGHT,False,,
306596,double_dqn,dueling,838,,,2.0,2.0,0.05,0.001678131753578782,2.1048970222473145,3.085336446762085,0.9538764357566833,2.147059917449951,3.0967307090759277,0.04147854819893837,0.18452084064483643,0.2813951075077057,10000,10000,1.0,246.29572294532332,246.29572294532332,75900,True,614,306500,0.0,0.0,0,NOOP,greedy,67602,67944,86332,84718,19442,287154,0.06341243851844121,1,153298,2,2,246.29572294532332,123.14786147266166,2,2,123.14786147266166,246.29572294532332,123.14786147266166,246.29572294532332,60.485975214097266,1935.5512068511125,0,NOOP,False,,
306995,double_dqn,dueling,838,,,7.0,7.0,0.05,0.005004812031984329,2.045811176300049,2.9115729331970215,0.9054701924324036,2.060133934020996,2.9383294582366943,0.062142398208379745,0.38155198097229004,0.23075318336486816,10000,10000,1.0,246.43245610041345,246.43245610041345,76000,True,614,306500,0.0,0.0,1,FIRE,greedy,67679,68006,86463,84848,19460,287536,0.06338844805795515,0,153498,2,2,246.43245610041345,123.21622805020672,2,2,123.21622805020672,246.43245610041345,123.21622805020672,246.43245610041345,60.52719406536753,1936.870210091761,1,FIRE,False,,
306996,double_dqn,dueling,838,,,6.0,6.0,0.05,0.005004812031984329,2.045811176300049,2.9115729331970215,0.9054701924324036,2.060133934020996,2.9383294582366943,0.062142398208379745,0.38155198097229004,0.23075318336486816,10000,10000,1.0,246.43236872992992,246.43236872992992,76000,True,614,306500,0.0,0.0,3,LEFT,greedy,67679,68006,86463,84848,19460,287536,0.06338844805795515,1,153498,2,2,246.43236872992992,123.21618436496496,2,2,123.21618436496496,246.43236872992992,123.21618436496496,246.43236872992992,60.52717260597742,1936.8695233912774,3,LEFT,False,,
307395,double_dqn,dueling,838,,,16.0,13.0,0.05,0.0011044041020795703,1.8733649253845215,3.1459829807281494,0.6870973110198975,1.9083263874053955,3.1276049613952637,0.038046181201934814,0.10912835597991943,0.22169476747512817,10000,10000,1.0,246.5574458505541,246.5574458505541,76100,True,615,307000,0.0,0.0,3,LEFT,greedy,67776,68079,86566,84975,19478,287918,0.06336452003279158,0,153698,2,2,246.5574458505541,123.27872292527705,2,2,123.27872292527705,246.5574458505541,123.27872292527705,246.5574458505541,60.56543015274518,1938.0937648878457,3,LEFT,False,,
307396,double_dqn,dueling,838,,,11.0,11.0,0.05,0.0011044041020795703,1.8733649253845215,3.1459829807281494,0.6870973110198975,1.9083263874053955,3.1276049613952637,0.038046181201934814,0.10912835597991943,0.22169476747512817,10000,10000,1.0,246.55735518799239,246.55735518799239,76100,True,615,307000,0.0,0.0,2,RIGHT,greedy,67776,68079,86566,84975,19478,287918,0.06336452003279158,1,153698,2,2,246.55735518799239,123.27867759399619,2,2,123.27867759399619,246.55735518799239,123.27867759399619,246.55735518799239,60.56540788200405,1938.0930522241297,2,RIGHT,False,,
307574,double_dqn,dueling,839,12.0,578,0.0,0.0,0.05,,,,,,,,,,10000,10000,1.0,246.6143933191702,246.6143933191702,76144,False,616,307500,0.0,0.0,1,FIRE,greedy,67803,68128,86613,85030,19486,288088,0.06335385955900044,1,153787,2,2,246.6143933191702,123.3071966595851,2,2,123.3071966595851,246.6143933191702,123.3071966595851,246.6143933191702,60.58059826854177,1938.5791445933367,1,FIRE,False,,
307795,double_dqn,dueling,839,,,20.0,17.0,0.05,0.0013644518330693245,2.073538303375244,2.868333578109741,0.8869441151618958,2.089804172515869,2.9050533771514893,0.036822523921728134,0.16413044929504395,0.18482457101345062,10000,10000,1.0,246.61402329720582,246.61402329720582,76200,True,616,307500,0.0,0.0,2,RIGHT,greedy,67873,68211,86653,85059,19496,288300,0.06334065419953476,0,153898,2,2,246.61402329720582,123.30701164860291,2,2,123.30701164860291,246.61402329720582,123.30701164860291,246.61402329720582,60.5867623502842,1938.7763952090943,2,RIGHT,False,,
307796,double_dqn,dueling,839,,,3.0,3.0,0.05,0.0013644518330693245,2.073538303375244,2.868333578109741,0.8869441151618958,2.089804172515869,2.9050533771514893,0.036822523921728134,0.16413044929504395,0.18482457101345062,10000,10000,1.0,246.61392816973094,246.61392816973094,76200,True,616,307500,0.0,0.0,3,LEFT,greedy,67873,68211,86653,85059,19496,288300,0.06334065419953476,1,153898,2,2,246.61392816973094,123.30696408486547,2,2,123.30696408486547,246.61392816973094,123.30696408486547,246.61392816973094,60.58673897989497,1938.775647356639,3,LEFT,False,,
307919,double_dqn,dueling,840,22.0,812,0.0,0.0,0.05,,,,,,,,,,10000,10000,1.0,246.62206784474608,246.62206784474608,76231,True,616,307500,0.0,0.0,2,RIGHT,greedy,67916,68225,86686,85093,19503,288417,0.06333787996882308,0,153960,2,2,246.62206784474608,123.31103392237304,2,2,123.31103392237304,246.62206784474608,123.31103392237304,246.62206784474608,60.5910225385141,1938.9127212324513,2,RIGHT,False,,
308195,double_dqn,dueling,840,,,3.0,3.0,0.05,0.0037007906939834356,1.960697889328003,2.8704593181610107,0.4363746643066406,1.9822139739990234,2.8710062503814697,0.056906603276729584,0.27086830139160156,0.14921273291110992,10000,10000,1.0,246.6611269833399,246.6611269833399,76300,True,617,308000,0.0,0.0,0,NOOP,greedy,68018,68270,86742,85166,19516,288680,0.06332333969292268,0,154098,2,2,246.6611269833399,123.33056349166995,2,2,123.33056349166995,246.6611269833399,123.33056349166995,246.6611269833399,60.60566799667979,1939.3813758937533,0,NOOP,False,,
308196,double_dqn,dueling,840,,,9.0,9.0,0.05,0.0037007906939834356,1.960697889328003,2.8704593181610107,0.4363746643066406,1.9822139739990234,2.8710062503814697,0.056906603276729584,0.27086830139160156,0.14921273291110992,10000,10000,1.0,246.661035923541,246.661035923541,76300,True,617,308000,0.0,0.0,3,LEFT,greedy,68018,68270,86742,85166,19516,288680,0.06332333969292268,1,154098,2,2,246.661035923541,123.3305179617705,2,2,123.3305179617705,246.661035923541,123.3305179617705,246.661035923541,60.60564562290729,1939.3806599330333,3,LEFT,False,,
308595,double_dqn,dueling,840,,,8.0,8.0,0.05,0.005027603358030319,2.2113826274871826,3.1840052604675293,1.2756670713424683,2.228994369506836,3.140380859375,0.05453633889555931,0.4571291208267212,0.32276374101638794,10000,10000,1.0,246.77724546308312,246.77724546308312,76400,True,618,308500,0.0,0.0,3,LEFT,greedy,68112,68355,86844,85285,19534,289062,0.06329958910679334,0,154298,2,2,246.77724546308312,123.38862273154156,2,2,123.38862273154156,246.77724546308312,123.38862273154156,246.77724546308312,60.64143554889299,1940.5259375645758,3,LEFT,False,,
308596,double_dqn,dueling,840,,,13.0,13.0,0.05,0.005027603358030319,2.2113826274871826,3.1840052604675293,1.2756670713424683,2.228994369506836,3.140380859375,0.05453633889555931,0.4571291208267212,0.32276374101638794,10000,10000,1.0,246.77715577141564,246.77715577141564,76400,True,618,308500,0.0,0.0,0,NOOP,greedy,68112,68355,86844,85285,19534,289062,0.06329958910679334,1,154298,2,2,246.77715577141564,123.38857788570782,2,2,123.38857788570782,246.77715577141564,123.38857788570782,246.77715577141564,60.641413508645876,1940.525232276668,0,NOOP,False,,
308995,double_dqn,dueling,840,,,12.0,12.0,0.05,0.0020962662529200315,1.8968651294708252,3.150451421737671,0.7447888255119324,1.9242781400680542,3.091179609298706,0.05239742249250412,0.1446438431739807,0.23507225513458252,10000,10000,1.0,246.92255604343654,246.92255604343654,76500,True,618,308500,0.0,0.0,0,NOOP,greedy,68219,68447,86928,85402,19553,289443,0.06327913629949902,0,154498,2,2,246.92255604343654,123.46127802171827,2,2,123.46127802171827,246.92255604343654,123.46127802171827,246.92255604343654,60.68428605454245,1941.8971537453583,0,NOOP,False,,
308996,double_dqn,dueling,840,,,18.0,18.0,0.05,0.0020962662529200315,1.8968651294708252,3.150451421737671,0.7447888255119324,1.9242781400680542,3.091179609298706,0.05239742249250412,0.1446438431739807,0.23507225513458252,10000,10000,1.0,246.92245817371838,246.92245817371838,76500,True,618,308500,0.0,0.0,1,FIRE,greedy,68219,68447,86928,85402,19553,289443,0.06327913629949902,1,154498,2,2,246.92245817371838,123.46122908685919,2,2,123.46122908685919,246.92245817371838,123.46122908685919,246.92245817371838,60.68426200184322,1941.8963840589831,1,FIRE,False,,
309208,double_dqn,dueling,841,20.0,817,0.0,0.0,0.05,,,,,,,,,,10000,10000,1.0,246.9602107578684,246.9602107578684,76553,True,619,309000,0.0,0.0,0,NOOP,greedy,68294,68523,86957,85434,19563,289645,0.06326809138185299,1,154604,2,2,246.9602107578684,123.4801053789342,2,2,123.4801053789342,246.9602107578684,123.4801053789342,246.9602107578684,60.697287308277616,1942.3131938648837,0,NOOP,False,,
309365,double_dqn,dueling,842,18.0,723,0.0,0.0,0.05,,,,,,,,,,10000,10000,1.0,246.99881862829525,246.99881862829525,76592,False,619,309000,0.0,0.0,1,FIRE,greedy,68351,68588,86976,85451,19567,289799,0.06324870864930213,0,154683,2,2,246.99881862829525,123.49940931414763,2,2,123.49940931414763,246.99881862829525,123.49940931414763,246.99881862829525,60.70747166063834,1942.639093140427,1,FIRE,False,,
309395,double_dqn,dueling,842,,,0.0,0.0,0.05,0.0016386855859309435,1.9537343978881836,3.0328147411346436,0.759044885635376,1.9747486114501953,2.9395599365234375,0.04395867884159088,0.18351411819458008,0.1446678340435028,10000,10000,1.0,246.99908575957585,246.99908575957585,76600,True,619,309000,0.0,0.0,3,LEFT,greedy,68358,68594,86983,85461,19569,289827,0.06324904006515922,0,154698,2,2,246.99908575957585,123.49954287978792,2,2,123.49954287978792,246.99908575957585,123.49954287978792,246.99908575957585,60.71014298949505,1942.7245756638415,3,LEFT,False,,
309396,double_dqn,dueling,842,,,2.0,2.0,0.05,0.0016386855859309435,1.9537343978881836,3.0328147411346436,0.759044885635376,1.9747486114501953,2.9395599365234375,0.04395867884159088,0.18351411819458008,0.1446678340435028,10000,10000,1.0,246.99900204691244,246.99900204691244,76600,True,619,309000,0.0,0.0,2,RIGHT,greedy,68358,68594,86983,85461,19569,289827,0.06324904006515922,1,154698,2,2,246.99900204691244,123.49950102345622,2,2,123.49950102345622,246.99900204691244,123.49950102345622,246.99900204691244,60.710122413678945,1942.7239172377263,2,RIGHT,False,,
309795,double_dqn,dueling,842,,,5.0,5.0,0.05,0.007308015134185553,1.9844857454299927,3.1322853565216064,0.23216822743415833,2.018186569213867,3.395970582962036,0.06746049225330353,0.5585873126983643,0.3027086555957794,10000,10000,1.0,247.03890607398912,247.03890607398912,76700,True,620,309500,0.0,0.0,3,LEFT,greedy,68476,68687,87074,85559,19592,290204,0.06324161706413253,0,154898,2,2,247.03890607398912,123.51945303699456,2,2,123.51945303699456,247.03890607398912,123.51945303699456,247.03890607398912,60.726886085717545,1943.2603547429615,3,LEFT,False,,
309796,double_dqn,dueling,842,,,7.0,7.0,0.05,0.007308015134185553,1.9844857454299927,3.1322853565216064,0.23216822743415833,2.018186569213867,3.395970582962036,0.06746049225330353,0.5585873126983643,0.3027086555957794,10000,10000,1.0,247.03881901640446,247.03881901640446,76700,True,620,309500,0.0,0.0,1,FIRE,random,68476,68687,87074,85559,19592,290204,0.06324161706413253,1,154898,2,2,247.03881901640446,123.51940950820223,2,2,123.51940950820223,247.03881901640446,123.51940950820223,247.03881901640446,60.726864685298835,1943.2596699295627,1,FIRE,False,,
310195,double_dqn,dueling,842,,,13.0,10.0,0.05,0.005735322367399931,1.9002063274383545,3.0357136726379395,0.44872137904167175,1.905173659324646,2.9605095386505127,0.06904823333024979,0.44872137904167175,0.3783585727214813,10000,10000,1.0,247.16730139957468,247.16730139957468,76800,True,621,310000,0.0,0.0,0,NOOP,greedy,68601,68760,87153,85682,19610,290586,0.0632180943661427,0,155098,2,2,247.16730139957468,123.58365069978734,2,2,123.58365069978734,247.16730139957468,123.58365069978734,247.16730139957468,60.76531486165702,1944.4900755730246,0,NOOP,False,,
310196,double_dqn,dueling,842,,,11.0,11.0,0.05,0.005735322367399931,1.9002063274383545,3.0357136726379395,0.44872137904167175,1.905173659324646,2.9605095386505127,0.06904823333024979,0.44872137904167175,0.3783585727214813,10000,10000,1.0,247.167210567809,247.167210567809,76800,True,621,310000,0.0,0.0,3,LEFT,greedy,68601,68760,87153,85682,19610,290586,0.0632180943661427,1,155098,2,2,247.167210567809,123.5836052839045,2,2,123.5836052839045,247.167210567809,123.5836052839045,247.167210567809,60.765292530949,1944.489360990368,3,LEFT,False,,
310508,double_dqn,dueling,843,14.0,650,0.0,0.0,0.05,,,,,,,,,,10000,10000,1.0,247.2585898533256,247.2585898533256,76878,True,622,310500,0.0,0.0,3,LEFT,random,68690,68859,87200,85759,19634,290874,0.0632318652015407,1,155254,2,2,247.2585898533256,123.6292949266628,2,2,123.6292949266628,247.2585898533256,123.6292949266628,247.2585898533256,60.79305284008601,1945.3776908827524,3,LEFT,False,,
310595,double_dqn,dueling,843,,,18.0,15.0,0.05,0.004109181463718414,1.9407074451446533,3.153113842010498,0.7701435089111328,1.999459981918335,3.186526298522949,0.06886500120162964,0.2668847441673279,0.5544410347938538,10000,10000,1.0,247.2705877637678,247.2705877637678,76900,True,622,310500,0.0,0.0,0,NOOP,greedy,68716,68894,87207,85779,19642,290954,0.06323970688611573,0,155298,2,2,247.2705877637678,123.6352938818839,2,2,123.6352938818839,247.2705877637678,123.6352938818839,247.2705877637678,60.797486419769896,1945.5195654326367,0,NOOP,False,,
310596,double_dqn,dueling,843,,,1.0,1.0,0.05,0.004109181463718414,1.9407074451446533,3.153113842010498,0.7701435089111328,1.999459981918335,3.186526298522949,0.06886500120162964,0.2668847441673279,0.5544410347938538,10000,10000,1.0,247.2705035105762,247.2705035105762,76900,True,622,310500,0.0,0.0,1,FIRE,greedy,68716,68894,87207,85779,19642,290954,0.06323970688611573,1,155298,2,2,247.2705035105762,123.6352517552881,2,2,123.6352517552881,247.2705035105762,123.6352517552881,247.2705035105762,60.797465704074106,1945.5189025303714,1,FIRE,False,,
310623,double_dqn,dueling,844,18.0,629,0.0,0.0,0.05,,,,,,,,,,10000,10000,1.0,247.26920632520404,247.26920632520404,76907,True,622,310500,0.0,0.0,1,FIRE,greedy,68725,68907,87211,85781,19643,290981,0.06323722571340269,0,155312,2,2,247.26920632520404,123.63460316260202,2,2,123.63460316260202,247.26920632520404,123.63460316260202,247.26920632520404,60.79761793156987,1945.5237738102358,1,FIRE,False,,
310995,double_dqn,dueling,844,,,5.0,5.0,0.05,0.0016450212569907308,2.1031653881073,3.060594320297241,0.4190523624420166,2.1579551696777344,3.0797133445739746,0.046595849096775055,0.16602468490600586,0.45608189702033997,10000,10000,1.0,247.26823730061602,247.26823730061602,77000,True,622,310500,0.0,0.0,2,RIGHT,greedy,68816,69000,87302,85878,19659,291337,0.06321303167886404,0,155498,2,2,247.26823730061602,123.63411865030801,2,2,123.63411865030801,247.26823730061602,123.63411865030801,247.26823730061602,60.80359845353695,1945.7151505131824,2,RIGHT,False,,
310996,double_dqn,dueling,844,,,9.0,6.0,0.05,0.0016450212569907308,2.1031653881073,3.060594320297241,0.4190523624420166,2.1579551696777344,3.0797133445739746,0.046595849096775055,0.16602468490600586,0.45608189702033997,10000,10000,1.0,247.2681559066871,247.2681559066871,77000,True,622,310500,0.0,0.0,1,FIRE,greedy,68816,69000,87302,85878,19659,291337,0.06321303167886404,1,155498,2,2,247.2681559066871,123.63407795334355,2,2,123.63407795334355,247.2681559066871,123.63407795334355,247.2681559066871,60.80357843865826,1945.7145100370644,1,FIRE,False,,
311395,double_dqn,dueling,844,,,9.0,9.0,0.05,0.0010042453650385141,2.200760841369629,3.130276679992676,1.2729476690292358,2.2335517406463623,3.1155998706817627,0.034892141819000244,0.12714838981628418,0.10881228744983673,10000,10000,1.0,247.3865692738414,247.3865692738414,77100,True,623,311000,0.0,0.0,2,RIGHT,greedy,68875,69111,87409,86001,19680,291716,0.06319927038240697,0,155698,2,2,247.3865692738414,123.6932846369207,2,2,123.6932846369207,247.3865692738414,123.6932846369207,247.3865692738414,60.83930238884832,1946.8576764431461,2,RIGHT,False,,
311396,double_dqn,dueling,844,,,16.0,10.0,0.05,0.0010042453650385141,2.200760841369629,3.130276679992676,1.2729476690292358,2.2335517406463623,3.1155998706817627,0.034892141819000244,0.12714838981628418,0.10881228744983673,10000,10000,1.0,247.38648663854642,247.38648663854642,77100,True,623,311000,0.0,0.0,1,FIRE,greedy,68875,69111,87409,86001,19680,291716,0.06319927038240697,1,155698,2,2,247.38648663854642,123.69324331927321,2,2,123.69324331927321,247.38648663854642,123.69324331927321,247.38648663854642,60.83928206650942,1946.8570261283014,1,FIRE,False,,
311466,double_dqn,dueling,845,17.0,479,0.0,0.0,0.05,,,,,,,,,,10000,10000,1.0,247.41461319309144,247.41461319309144,77117,False,623,311000,0.0,0.0,1,FIRE,greedy,68889,69137,87426,86014,19682,291784,0.06319148799547944,1,155733,2,2,247.41461319309144,123.70730659654572,2,2,123.70730659654572,247.41461319309144,123.70730659654572,247.41461319309144,60.84533389234325,1947.050684554984,1,FIRE,False,,
311795,double_dqn,dueling,845,,,14.0,14.0,0.05,0.0030930060893297195,2.1049304008483887,3.0372228622436523,1.1402366161346436,2.1338624954223633,3.037890911102295,0.049657613039016724,0.24573540687561035,0.20493610203266144,10000,10000,1.0,247.4077196179495,247.4077196179495,77200,True,624,311500,0.0,0.0,3,LEFT,greedy,68972,69242,87495,86087,19696,292100,0.06316950826822666,0,155898,2,2,247.4077196179495,123.70385980897476,2,2,123.70385980897476,247.4077196179495,123.70385980897476,247.4077196179495,60.85102483127087,1947.2327946006678,3,LEFT,False,,
311796,double_dqn,dueling,845,,,3.0,3.0,0.05,0.0030930060893297195,2.1049304008483887,3.0372228622436523,1.1402366161346436,2.1338624954223633,3.037890911102295,0.049657613039016724,0.24573540687561035,0.20493610203266144,10000,10000,1.0,247.40763473001266,247.40763473001266,77200,True,624,311500,0.0,0.0,3,LEFT,greedy,68972,69242,87495,86087,19696,292100,0.06316950826822666,1,155898,2,2,247.40763473001266,123.70381736500633,2,2,123.70381736500633,247.40763473001266,123.70381736500633,247.40763473001266,60.85100395270669,1947.232126486614,3,LEFT,False,,
312171,double_dqn,dueling,846,21.0,774,0.0,0.0,0.05,,,,,,,,,,10000,10000,1.0,247.5125898382546,247.5125898382546,77294,True,625,312000,0.0,0.0,1,FIRE,greedy,69051,69373,87577,86171,19721,292451,0.06317350691285574,0,156086,2,2,247.5125898382546,123.7562949191273,2,2,123.7562949191273,247.5125898382546,123.7562949191273,247.5125898382546,60.88287390459415,1948.2519649470128,1,FIRE,False,,
312195,double_dqn,dueling,846,,,0.0,0.0,0.05,0.0015652808360755444,1.8639705181121826,3.1039376258850098,-0.19336646795272827,1.9011073112487793,3.1848702430725098,0.04710932821035385,0.10780620574951172,0.23135912418365479,10000,10000,1.0,247.50725599655425,247.50725599655425,77300,True,625,312000,0.0,0.0,3,LEFT,greedy,69060,69378,87579,86179,19722,292474,0.0631718535791618,0,156098,2,2,247.50725599655425,123.75362799827712,2,2,123.75362799827712,247.50725599655425,123.75362799827712,247.50725599655425,60.8819459368976,1948.2222699807232,3,LEFT,False,,
312196,double_dqn,dueling,846,,,7.0,7.0,0.05,0.0015652808360755444,1.8639705181121826,3.1039376258850098,-0.19336646795272827,1.9011073112487793,3.1848702430725098,0.04710932821035385,0.10780620574951172,0.23135912418365479,10000,10000,1.0,247.50716873019294,247.50716873019294,77300,True,625,312000,0.0,0.0,0,NOOP,greedy,69060,69378,87579,86179,19722,292474,0.0631718535791618,1,156098,2,2,247.50716873019294,123.75358436509647,2,2,123.75358436509647,247.50716873019294,123.75358436509647,247.50716873019294,60.88192447107888,1948.2215830745242,0,NOOP,False,,
312595,double_dqn,dueling,846,,,5.0,5.0,0.05,0.0023662582971155643,1.9614286422729492,3.1166958808898926,0.5766652226448059,1.9930622577667236,3.1137356758117676,0.0512959286570549,0.2405257225036621,0.18528765439987183,10000,10000,1.0,247.60877382410118,247.60877382410118,77400,True,626,312500,0.0,0.0,2,RIGHT,greedy,69166,69494,87669,86267,19738,292858,0.06314220271532585,0,156298,2,2,247.60877382410118,123.80438691205059,2,2,123.80438691205059,247.60877382410118,123.80438691205059,247.60877382410118,60.91327733588942,1949.2248747484614,2,RIGHT,False,,
312596,double_dqn,dueling,846,,,15.0,12.0,0.05,0.0023662582971155643,1.9614286422729492,3.1166958808898926,0.5766652226448059,1.9930622577667236,3.1137356758117676,0.0512959286570549,0.2405257225036621,0.18528765439987183,10000,10000,1.0,247.6086935087068,247.6086935087068,77400,True,626,312500,0.0,0.0,0,NOOP,greedy,69166,69494,87669,86267,19738,292858,0.06314220271532585,1,156298,2,2,247.6086935087068,123.8043467543534,2,2,123.8043467543534,247.6086935087068,123.8043467543534,247.6086935087068,60.9132575778097,1949.2242424899105,0,NOOP,False,,
312618,double_dqn,dueling,847,15.0,576,0.0,0.0,0.05,,,,,,,,,,10000,10000,1.0,247.6105121932122,247.6105121932122,77405,False,626,312500,0.0,0.0,0,NOOP,greedy,69174,69495,87676,86273,19738,292880,0.06313775918213282,1,156309,2,2,247.6105121932122,123.8052560966061,2,2,123.8052560966061,247.6105121932122,123.8052560966061,247.6105121932122,60.912075279060986,1949.1864089299515,0,NOOP,False,,
312995,double_dqn,dueling,847,,,8.0,8.0,0.05,0.0011975651141256094,2.1369123458862305,2.950044870376587,1.1972297430038452,2.1553733348846436,2.9370601177215576,0.03507409617304802,0.15608429908752441,0.07889898121356964,10000,10000,1.0,247.72727790634457,247.72727790634457,77500,True,626,312500,0.0,0.0,3,LEFT,greedy,69252,69598,87759,86387,19753,293243,0.06310943270840522,0,156498,2,2,247.72727790634457,123.86363895317228,2,2,123.86363895317228,247.72727790634457,123.86363895317228,247.72727790634457,60.94871230348648,1950.3587937115674,3,LEFT,False,,
312996,double_dqn,dueling,847,,,4.0,4.0,0.05,0.0011975651141256094,2.1369123458862305,2.950044870376587,1.1972297430038452,2.1553733348846436,2.9370601177215576,0.03507409617304802,0.15608429908752441,0.07889898121356964,10000,10000,1.0,247.72718906208954,247.72718906208954,77500,True,626,312500,0.0,0.0,3,LEFT,greedy,69252,69598,87759,86387,19753,293243,0.06310943270840522,1,156498,2,2,247.72718906208954,123.86359453104477,2,2,123.86359453104477,247.72718906208954,123.86359453104477,247.72718906208954,60.94869044500168,1950.3580942400538,3,LEFT,False,,
313395,double_dqn,dueling,847,,,12.0,12.0,0.05,0.001411390956491232,2.058492422103882,3.170936107635498,0.0832652896642685,2.0914759635925293,3.127837896347046,0.04153478145599365,0.13188540935516357,0.14968885481357574,10000,10000,1.0,247.86738957979725,247.86738957979725,77600,True,627,313000,0.0,0.0,0,NOOP,greedy,69374,69653,87850,86519,19778,293618,0.06310865486477173,0,156698,2,2,247.86738957979725,123.93369478989862,2,2,123.93369478989862,247.86738957979725,123.93369478989862,247.86738957979725,60.989390656433486,1951.6605010058715,0,NOOP,False,,
313396,double_dqn,dueling,847,,,8.0,8.0,0.05,0.001411390956491232,2.058492422103882,3.170936107635498,0.0832652896642685,2.0914759635925293,3.127837896347046,0.04153478145599365,0.13188540935516357,0.14968885481357574,10000,10000,1.0,247.8673113719194,247.8673113719194,77600,True,627,313000,0.0,0.0,0,NOOP,greedy,69374,69653,87850,86519,19778,293618,0.06310865486477173,1,156698,2,2,247.8673113719194,123.9336556859597,2,2,123.9336556859597,247.8673113719194,123.9336556859597,247.8673113719194,60.98937141287417,1951.6598852119735,0,NOOP,False,,
313575,double_dqn,dueling,848,14.0,702,0.0,0.0,0.05,,,,,,,,,,10000,10000,1.0,247.91112939107273,247.91112939107273,77645,True,628,313500,0.0,0.0,0,NOOP,greedy,69438,69677,87894,86567,19786,293790,0.06309794116896701,0,156788,2,2,247.91112939107273,123.95556469553637,2,2,123.95556469553637,247.91112939107273,123.95556469553637,247.91112939107273,61.00292104243648,1952.0934733579675,0,NOOP,False,,
313654,double_dqn,dueling,849,11.0,518,0.0,0.0,0.05,,,,,,,,,,10000,10000,1.0,247.90130972453946,247.90130972453946,77664,False,628,313500,0.0,0.0,0,NOOP,greedy,69463,69694,87912,86585,19791,293863,0.06309819100027418,1,156827,2,2,247.90130972453946,123.95065486226973,2,2,123.95065486226973,247.90130972453946,123.95065486226973,247.90130972453946,60.999752006401195,1951.9920642048382,0,NOOP,False,,
313795,double_dqn,dueling,849,,,2.0,2.0,0.05,0.002428756793960929,2.1387457847595215,3.1374099254608154,0.9081459045410156,2.152404546737671,3.2473671436309814,0.03830815851688385,0.3242083787918091,0.25168558955192566,10000,10000,1.0,247.8819934713796,247.8819934713796,77700,True,628,313500,0.0,0.0,0,NOOP,greedy,69500,69747,87937,86612,19798,293998,0.06309194508534206,0,156898,2,2,247.8819934713796,123.9409967356898,2,2,123.9409967356898,247.8819934713796,123.9409967356898,247.8819934713796,60.99911304011518,1951.9716172836859,0,NOOP,False,,
313796,double_dqn,dueling,849,,,1.0,1.0,0.05,0.002428756793960929,2.1387457847595215,3.1374099254608154,0.9081459045410156,2.152404546737671,3.2473671436309814,0.03830815851688385,0.3242083787918091,0.25168558955192566,10000,10000,1.0,247.88191632260313,247.88191632260313,77700,True,628,313500,0.0,0.0,1,FIRE,greedy,69500,69747,87937,86612,19798,293998,0.06309194508534206,1,156898,2,2,247.88191632260313,123.94095816130157,2,2,123.94095816130157,247.88191632260313,123.94095816130157,247.88191632260313,60.99909405524714,1951.9710097679085,1,FIRE,False,,
314195,double_dqn,dueling,849,,,6.0,6.0,0.05,0.0015974442940205336,2.283222198486328,3.332918405532837,1.174050211906433,2.289262294769287,3.1458802223205566,0.03747536987066269,0.1795032024383545,0.2421073466539383,10000,10000,1.0,247.79192530829178,247.79192530829178,77800,True,629,314000,0.0,0.0,2,RIGHT,greedy,69609,69818,88037,86732,19818,294378,0.0630752778520414,0,157098,2,2,247.79192530829178,123.89596265414589,2,2,123.89596265414589,247.79192530829178,123.89596265414589,247.79192530829178,60.9829993760624,1951.4559800339969,2,RIGHT,False,,
314196,double_dqn,dueling,849,,,5.0,5.0,0.05,0.0015974442940205336,2.283222198486328,3.332918405532837,1.174050211906433,2.289262294769287,3.1458802223205566,0.03747536987066269,0.1795032024383545,0.2421073466539383,10000,10000,1.0,247.79184219196142,247.79184219196142,77800,True,629,314000,0.0,0.0,0,NOOP,random,69609,69818,88037,86732,19818,294378,0.0630752778520414,1,157098,2,2,247.79184219196142,123.89592109598071,2,2,123.89592109598071,247.79184219196142,123.89592109598071,247.79184219196142,60.9829789206617,1951.4553254611744,0,NOOP,False,,
314595,double_dqn,dueling,849,,,10.0,10.0,0.05,0.0011512640630826354,1.9540760517120361,3.0308873653411865,0.8182392120361328,1.9696910381317139,3.0148587226867676,0.036776721477508545,0.12661492824554443,0.11094523966312408,10000,10000,1.0,247.81639272561546,247.81639272561546,77900,True,630,314500,0.0,0.0,1,FIRE,greedy,69689,69949,88126,86832,19838,294758,0.0630586530025811,0,157298,2,2,247.81639272561546,123.90819636280773,2,2,123.90819636280773,247.81639272561546,123.90819636280773,247.81639272561546,60.99499702682148,1951.8399048582874,1,FIRE,False,,
314596,double_dqn,dueling,849,,,9.0,9.0,0.05,0.0011512640630826354,1.9540760517120361,3.0308873653411865,0.8182392120361328,1.9696910381317139,3.0148587226867676,0.036776721477508545,0.12661492824554443,0.11094523966312408,10000,10000,1.0,247.81624450792862,247.81624450792862,77900,True,630,314500,0.0,0.0,1,FIRE,greedy,69689,69949,88126,86832,19838,294758,0.0630586530025811,1,157298,2,2,247.81624450792862,123.90812225396431,2,2,123.90812225396431,247.81624450792862,123.90812225396431,247.81624450792862,60.99496054603315,1951.8387374730607,1,FIRE,False,,
314687,double_dqn,dueling,850,11.0,556,0.0,0.0,0.05,,,,,,,,,,10000,10000,1.0,247.81980518728085,247.81980518728085,77923,True,630,314500,0.0,0.0,1,FIRE,greedy,69699,69993,88151,86845,19841,294847,0.06304975086434818,0,157344,2,2,247.81980518728085,123.90990259364042,2,2,123.90990259364042,247.81980518728085,123.90990259364042,247.81980518728085,60.99720099851419,1951.910431952454,1,FIRE,False,,
314858,double_dqn,dueling,851,14.0,602,0.0,0.0,0.05,,,,,,,,,,10000,10000,1.0,247.80950769057586,247.80950769057586,77965,False,630,314500,0.0,0.0,1,FIRE,greedy,69735,70048,88203,86872,19849,295009,0.0630411169479575,1,157429,2,2,247.80950769057586,123.90475384528793,2,2,123.90475384528793,247.80950769057586,123.90475384528793,247.80950769057586,60.99526628592237,1951.8485211495158,1,FIRE,False,,
314995,double_dqn,dueling,851,,,4.0,4.0,0.05,0.0019950384739786386,2.1725354194641113,3.0158305168151855,0.9061216711997986,2.1708617210388184,2.991804361343384,0.046285487711429596,0.17969441413879395,0.36565396189689636,10000,10000,1.0,247.81733658804293,247.81733658804293,78000,True,630,314500,0.0,0.0,2,RIGHT,greedy,69782,70087,88223,86904,19853,295143,0.06302619715805916,0,157498,2,2,247.81733658804293,123.90866829402147,2,2,123.90866829402147,247.81733658804293,123.90866829402147,247.81733658804293,61.001131886148364,1952.0362203567477,2,RIGHT,False,,
314996,double_dqn,dueling,851,,,1.0,1.0,0.05,0.0019950384739786386,2.1725354194641113,3.0158305168151855,0.9061216711997986,2.1708617210388184,2.991804361343384,0.046285487711429596,0.17969441413879395,0.36565396189689636,10000,10000,1.0,247.81726194240264,247.81726194240264,78000,True,630,314500,0.0,0.0,0,NOOP,greedy,69782,70087,88223,86904,19853,295143,0.06302619715805916,1,157498,2,2,247.81726194240264,123.90863097120132,2,2,123.90863097120132,247.81726194240264,123.90863097120132,247.81726194240264,61.00111351185458,1952.0356323793465,0,NOOP,False,,
315395,double_dqn,dueling,851,,,8.0,8.0,0.05,0.0012107102666050196,1.9074987173080444,3.1243724822998047,0.3020734488964081,1.9370155334472656,3.1319754123687744,0.03708760812878609,0.13927602767944336,0.18069812655448914,10000,10000,1.0,247.910756607027,247.910756607027,78100,True,631,315000,0.0,0.0,3,LEFT,greedy,69934,70142,88334,86986,19874,295522,0.06301284734112036,0,157698,2,2,247.910756607027,123.9553783035135,2,2,123.9553783035135,247.910756607027,123.9553783035135,247.910756607027,61.0299600987297,1952.9587231593505,3,LEFT,False,,
315396,double_dqn,dueling,851,,,5.0,5.0,0.05,0.0012107102666050196,1.9074987173080444,3.1243724822998047,0.3020734488964081,1.9370155334472656,3.1319754123687744,0.03708760812878609,0.13927602767944336,0.18069812655448914,10000,10000,1.0,247.9106802005517,247.9106802005517,78100,True,631,315000,0.0,0.0,2,RIGHT,greedy,69934,70142,88334,86986,19874,295522,0.06301284734112036,1,157698,2,2,247.9106802005517,123.95534010027585,2,2,123.95534010027585,247.9106802005517,123.95534010027585,247.9106802005517,61.029941289202426,1952.9581212544776,2,RIGHT,False,,
315795,double_dqn,dueling,851,,,13.0,13.0,0.05,0.0015153291169553995,1.9997568130493164,3.0657906532287598,1.1669131517410278,2.0441603660583496,3.0410947799682617,0.04068472608923912,0.12904775142669678,0.24172212183475494,10000,10000,1.0,247.92429242785093,247.92429242785093,78200,True,632,315500,0.0,0.0,2,RIGHT,greedy,70049,70219,88443,87085,19892,295904,0.06299003153934819,0,157898,2,2,247.92429242785093,123.96214621392546,2,2,123.96214621392546,247.92429242785093,123.96214621392546,247.92429242785093,61.039054244008106,1953.2497358082594,2,RIGHT,False,,
315796,double_dqn,dueling,851,,,9.0,9.0,0.05,0.0015153291169553995,1.9997568130493164,3.0657906532287598,1.1669131517410278,2.0441603660583496,3.0410947799682617,0.04068472608923912,0.12904775142669678,0.24172212183475494,10000,10000,1.0,247.92421582375374,247.92421582375374,78200,True,632,315500,0.0,0.0,1,FIRE,greedy,70049,70219,88443,87085,19892,295904,0.06299003153934819,1,157898,2,2,247.92421582375374,123.96210791187687,2,2,123.96210791187687,247.92421582375374,123.96210791187687,247.92421582375374,61.0390353840505,1953.249132289616,1,FIRE,False,,
315908,double_dqn,dueling,852,9.0,525,0.0,0.0,0.05,,,,,,,,,,10000,10000,1.0,247.93399783597332,247.93399783597332,78228,True,632,315500,0.0,0.0,1,FIRE,greedy,70068,70259,88469,87112,19894,296014,0.06297403041391797,1,157954,2,2,247.93399783597332,123.96699891798666,2,2,123.96699891798666,247.93399783597332,123.96699891798666,247.93399783597332,61.04304459070733,1953.3774269026346,1,FIRE,False,,
316045,double_dqn,dueling,853,20.0,679,0.0,0.0,0.05,,,,,,,,,,10000,10000,1.0,247.95394297450426,247.95394297450426,78262,False,633,316000,0.0,0.0,1,FIRE,greedy,70116,70309,88484,87137,19901,296145,0.06296868177417211,0,158023,2,2,247.95394297450426,123.97697148725213,2,2,123.97697148725213,247.95394297450426,123.97697148725213,247.95394297450426,61.048043283596485,1953.5373850750875,1,FIRE,False,,
316195,double_dqn,dueling,853,,,1.0,1.0,0.05,0.001556707313284278,2.11856746673584,3.0057294368743896,0.8038149476051331,2.1214945316314697,3.0465087890625,0.04146483168005943,0.16107845306396484,0.1972825676202774,10000,10000,1.0,247.96848700373127,247.96848700373127,78300,True,633,316000,0.0,0.0,1,FIRE,greedy,70178,70347,88509,87162,19915,296281,0.06298308644005617,0,158098,2,2,247.96848700373127,123.98424350186563,2,2,123.98424350186563,247.96848700373127,123.98424350186563,247.96848700373127,61.055628280769476,1953.7801049846232,1,FIRE,False,,
316196,double_dqn,dueling,853,,,2.0,2.0,0.05,0.001556707313284278,2.11856746673584,3.0057294368743896,0.8038149476051331,2.1214945316314697,3.0465087890625,0.04146483168005943,0.16107845306396484,0.1972825676202774,10000,10000,1.0,247.96840749137462,247.96840749137462,78300,True,633,316000,0.0,0.0,3,LEFT,greedy,70178,70347,88509,87162,19915,296281,0.06298308644005617,1,158098,2,2,247.96840749137462,123.98420374568731,2,2,123.98420374568731,247.96840749137462,123.98420374568731,247.96840749137462,61.05560870297171,1953.7794784950947,3,LEFT,False,,
316595,double_dqn,dueling,853,,,6.0,6.0,0.05,0.0018275686306878924,2.151320695877075,3.0839662551879883,0.8431640863418579,2.1687405109405518,3.0632126331329346,0.047444429248571396,0.12797999382019043,0.1012946292757988,10000,10000,1.0,248.06308587122396,248.06308587122396,78400,True,634,316500,0.0,0.0,0,NOOP,greedy,70269,70444,88630,87253,19939,296657,0.06297931748979772,0,158298,2,2,248.06308587122396,124.03154293561198,2,2,124.03154293561198,248.06308587122396,124.03154293561198,248.06308587122396,61.084547798699646,1954.7055295583887,0,NOOP,False,,
316596,double_dqn,dueling,853,,,7.0,7.0,0.05,0.0018275686306878924,2.151320695877075,3.0839662551879883,0.8431640863418579,2.1687405109405518,3.0632126331329346,0.047444429248571396,0.12797999382019043,0.1012946292757988,10000,10000,1.0,248.06301084158554,248.06301084158554,78400,True,634,316500,0.0,0.0,0,NOOP,greedy,70269,70444,88630,87253,19939,296657,0.06297931748979772,1,158298,2,2,248.06301084158554,124.03150542079277,2,2,124.03150542079277,248.06301084158554,124.03150542079277,248.06301084158554,61.08452932294974,1954.7049383343917,0,NOOP,False,,
316995,double_dqn,dueling,853,,,11.0,11.0,0.05,0.0015579243190586567,1.9567797183990479,2.9976611137390137,0.14740358293056488,2.0008833408355713,3.013817310333252,0.04423818737268448,0.11779022216796875,0.4326605200767517,10000,10000,1.0,248.03694424763577,248.03694424763577,78500,True,634,316500,0.0,0.0,2,RIGHT,greedy,70385,70560,88711,87340,19960,297036,0.06296609420939066,0,158498,2,2,248.03694424763577,124.01847212381789,2,2,124.01847212381789,248.03694424763577,124.01847212381789,248.03694424763577,61.08366981822412,1954.6774341831717,2,RIGHT,False,,
316996,double_dqn,dueling,853,,,11.0,11.0,0.05,0.0015579243190586567,1.9567797183990479,2.9976611137390137,0.14740358293056488,2.0008833408355713,3.013817310333252,0.04423818737268448,0.11779022216796875,0.4326605200767517,10000,10000,1.0,248.0368537033896,248.0368537033896,78500,True,634,316500,0.0,0.0,2,RIGHT,greedy,70385,70560,88711,87340,19960,297036,0.06296609420939066,1,158498,2,2,248.0368537033896,124.0184268516948,2,2,124.0184268516948,248.0368537033896,124.0184268516948,248.0368537033896,61.083647520034404,1954.676720641101,2,RIGHT,False,,
317068,double_dqn,dueling,854,12.0,580,0.0,0.0,0.05,,,,,,,,,,10000,10000,1.0,248.0119693828219,248.0119693828219,78518,True,635,317000,0.0,0.0,1,FIRE,greedy,70401,70594,88720,87353,19961,297107,0.06295494972687248,1,158534,2,2,248.0119693828219,124.00598469141094,2,2,124.00598469141094,248.0119693828219,124.00598469141094,248.0119693828219,61.07851282722117,1954.5124104710774,1,FIRE,False,,
317335,double_dqn,dueling,855,14.0,645,0.0,0.0,0.05,,,,,,,,,,10000,10000,1.0,248.04705116613076,248.04705116613076,78585,True,635,317000,0.0,0.0,1,FIRE,greedy,70465,70700,88771,87400,19971,297365,0.06293329467819599,0,158668,2,2,248.04705116613076,124.02352558306538,2,2,124.02352558306538,248.04705116613076,124.02352558306538,248.04705116613076,61.09083248988821,1954.9066396764226,1,FIRE,False,,
317395,double_dqn,dueling,855,,,0.0,0.0,0.05,0.0030454695224761963,2.0102405548095703,3.0419301986694336,0.15698015689849854,2.0685179233551025,3.082263708114624,0.051594533026218414,0.301253080368042,0.5771169662475586,10000,10000,1.0,248.03657836899677,248.03657836899677,78600,True,635,317000,0.0,0.0,2,RIGHT,greedy,70483,70717,88781,87415,19976,297420,0.06293715106680614,0,158698,2,2,248.03657836899677,124.01828918449839,2,2,124.01828918449839,248.03657836899677,124.01828918449839,248.03657836899677,61.08907300651341,1954.850336208429,2,RIGHT,False,,
317396,double_dqn,dueling,855,,,4.0,4.0,0.05,0.0030454695224761963,2.0102405548095703,3.0419301986694336,0.15698015689849854,2.0685179233551025,3.082263708114624,0.051594533026218414,0.301253080368042,0.5771169662475586,10000,10000,1.0,248.0364967604278,248.0364967604278,78600,True,635,317000,0.0,0.0,0,NOOP,greedy,70483,70717,88781,87415,19976,297420,0.06293715106680614,1,158698,2,2,248.0364967604278,124.0182483802139,2,2,124.0182483802139,248.0364967604278,124.0182483802139,248.0364967604278,61.089052907091535,1954.8496930269291,0,NOOP,False,,
317795,double_dqn,dueling,855,,,5.0,5.0,0.05,0.001118422718718648,2.130925416946411,3.2287354469299316,1.1397496461868286,2.1596522331237793,3.200007677078247,0.03634829446673393,0.12410581111907959,0.16647352278232574,10000,10000,1.0,248.0834598573074,248.0834598573074,78700,True,636,317500,0.0,0.0,1,FIRE,greedy,70617,70825,88850,87504,19998,297798,0.06292716082014878,0,158898,2,2,248.0834598573074,124.0417299286537,2,2,124.0417299286537,248.0834598573074,124.0417299286537,248.0834598573074,61.106048972759105,1955.3935671282914,1,FIRE,False,,
317796,double_dqn,dueling,855,,,9.0,9.0,0.05,0.001118422718718648,2.130925416946411,3.2287354469299316,1.1397496461868286,2.1596522331237793,3.200007677078247,0.03634829446673393,0.12410581111907959,0.16647352278232574,10000,10000,1.0,248.08338578068575,248.08338578068575,78700,True,636,317500,0.0,0.0,1,FIRE,greedy,70617,70825,88850,87504,19998,297798,0.06292716082014878,1,158898,2,2,248.08338578068575,124.04169289034287,2,2,124.04169289034287,248.08338578068575,124.04169289034287,248.08338578068575,61.10603072676369,1955.3929832564381,1,FIRE,False,,
318195,double_dqn,dueling,855,,,13.0,10.0,0.05,0.001434380654245615,2.172861099243164,3.176208734512329,0.8870325684547424,2.1907577514648438,3.17507004737854,0.04182897508144379,0.17020946741104126,0.11896935105323792,10000,10000,1.0,248.17437634183702,248.17437634183702,78800,True,637,318000,0.0,0.0,1,FIRE,fire_reset,70746,70920,88931,87599,20020,298176,0.06291719569070636,0,159098,2,2,248.17437634183702,124.08718817091851,2,2,124.08718817091851,248.17437634183702,124.08718817091851,248.17437634183702,61.13381060716934,1956.2819394294188,2,RIGHT,True,after_life_loss,
318196,double_dqn,dueling,855,,,13.0,13.0,0.05,0.001434380654245615,2.172861099243164,3.176208734512329,0.8870325684547424,2.1907577514648438,3.17507004737854,0.04182897508144379,0.17020946741104126,0.11896935105323792,10000,10000,1.0,248.1742974976838,248.1742974976838,78800,True,637,318000,0.0,0.0,1,FIRE,greedy,70746,70920,88931,87599,20020,298176,0.06291719569070636,1,159098,2,2,248.1742974976838,124.0871487488419,2,2,124.0871487488419,248.1742974976838,124.0871487488419,248.1742974976838,61.133791185166146,1956.2813179253167,1,FIRE,False,,
318408,double_dqn,dueling,856,18.0,670,0.0,0.0,0.05,,,,,,,,,,10000,10000,1.0,248.21261347037185,248.21261347037185,78853,True,637,318000,0.0,0.0,1,FIRE,greedy,70806,70979,88982,87641,20029,298379,0.06290357026205372,1,159204,2,2,248.21261347037185,124.10630673518592,2,2,124.10630673518592,248.21261347037185,124.10630673518592,248.21261347037185,61.146049617043424,1956.6735877453896,1,FIRE,False,,
318595,double_dqn,dueling,856,,,18.0,15.0,0.05,0.0033090903889387846,2.1095614433288574,2.9662554264068604,0.9060759544372559,2.1489038467407227,2.971916437149048,0.05582376942038536,0.26744556427001953,0.3267652690410614,10000,10000,1.0,248.24675772596495,248.24675772596495,78900,True,638,318500,0.0,0.0,3,LEFT,greedy,70873,71015,89029,87679,20038,298558,0.06289470049843689,0,159298,2,2,248.24675772596495,124.12337886298248,2,2,124.12337886298248,248.24675772596495,124.12337886298248,248.24675772596495,61.15694732653626,1957.0223144491604,3,LEFT,False,,
318596,double_dqn,dueling,856,,,2.0,2.0,0.05,0.0033090903889387846,2.1095614433288574,2.9662554264068604,0.9060759544372559,2.1489038467407227,2.971916437149048,0.05582376942038536,0.26744556427001953,0.3267652690410614,10000,10000,1.0,248.24668073328746,248.24668073328746,78900,True,638,318500,0.0,0.0,0,NOOP,greedy,70873,71015,89029,87679,20038,298558,0.06289470049843689,1,159298,2,2,248.24668073328746,124.12334036664373,2,2,124.12334036664373,248.24668073328746,124.12334036664373,248.24668073328746,61.15692835896881,1957.021707487002,0,NOOP,False,,
318735,double_dqn,dueling,857,19.0,700,0.0,0.0,0.05,,,,,,,,,,10000,10000,1.0,248.28735689824535,248.28735689824535,78935,True,638,318500,0.0,0.0,1,FIRE,greedy,70918,71066,89051,87701,20047,298689,0.06289531148034737,0,159368,2,2,248.28735689824535,124.14367844912267,2,2,124.14367844912267,248.28735689824535,124.14367844912267,248.28735689824535,61.16879221535857,1957.4013508914743,1,FIRE,False,,
318995,double_dqn,dueling,857,,,3.0,3.0,0.05,0.004665633663535118,2.2390174865722656,3.0409815311431885,0.7964361906051636,2.267467975616455,3.030799150466919,0.06711389869451523,0.31949472427368164,0.22456656396389008,10000,10000,1.0,248.36353972455726,248.36353972455726,79000,True,638,318500,0.0,0.0,1,FIRE,greedy,71014,71106,89109,87767,20057,298939,0.06287539655669663,0,159498,2,2,248.36353972455726,124.18176986227863,2,2,124.18176986227863,248.36353972455726,124.18176986227863,248.36353972455726,61.19096486430733,1958.1108756578346,1,FIRE,False,,
318996,double_dqn,dueling,857,,,5.0,5.0,0.05,0.004665633663535118,2.2390174865722656,3.0409815311431885,0.7964361906051636,2.267467975616455,3.030799150466919,0.06711389869451523,0.31949472427368164,0.22456656396389008,10000,10000,1.0,248.36346954326044,248.36346954326044,79000,True,638,318500,0.0,0.0,0,NOOP,greedy,71014,71106,89109,87767,20057,298939,0.06287539655669663,1,159498,2,2,248.36346954326044,124.18173477163022,2,2,124.18173477163022,248.36346954326044,124.18173477163022,248.36346954326044,61.19094757327793,1958.1103223448938,0,NOOP,False,,
319158,double_dqn,dueling,858,6.0,375,0.0,0.0,0.05,,,,,,,,,,10000,10000,1.0,248.41178740164585,248.41178740164585,79040,False,639,319000,0.0,0.0,0,NOOP,greedy,71047,71145,89158,87808,20066,299092,0.06287168111092312,1,159579,2,2,248.41178740164585,124.20589370082293,2,2,124.20589370082293,248.41178740164585,124.20589370082293,248.41178740164585,61.203164428361774,1958.5012617075768,0,NOOP,False,,
319395,double_dqn,dueling,858,,,7.0,7.0,0.05,0.0012040024157613516,2.1554274559020996,3.111957550048828,0.3013167977333069,2.179354190826416,3.1548728942871094,0.035646699368953705,0.14041590690612793,0.07967080175876617,10000,10000,1.0,248.4731961931872,248.4731961931872,79100,True,639,319000,0.0,0.0,1,FIRE,greedy,71107,71204,89203,87882,20078,299318,0.06286240278525718,0,159698,2,2,248.4731961931872,124.2365980965936,2,2,124.2365980965936,248.4731961931872,124.2365980965936,248.4731961931872,61.22317110074511,1959.1414752238436,1,FIRE,False,,
319396,double_dqn,dueling,858,,,2.0,2.0,0.05,0.0012040024157613516,2.1554274559020996,3.111957550048828,0.3013167977333069,2.179354190826416,3.1548728942871094,0.035646699368953705,0.14041590690612793,0.07967080175876617,10000,10000,1.0,248.47312119471673,248.47312119471673,79100,True,639,319000,0.0,0.0,1,FIRE,greedy,71107,71204,89203,87882,20078,299318,0.06286240278525718,1,159698,2,2,248.47312119471673,124.23656059735836,2,2,124.23656059735836,248.47312119471673,124.23656059735836,248.47312119471673,61.22315262131047,1959.140883881935,1,FIRE,False,,
319795,double_dqn,dueling,858,,,16.0,13.0,0.05,0.0043125515803694725,2.0162649154663086,3.0136961936950684,0.7595480680465698,2.0740740299224854,3.1093289852142334,0.05514994263648987,0.43957412242889404,0.5726083517074585,10000,10000,1.0,248.55779207541977,248.55779207541977,79200,True,640,319500,0.0,0.0,0,NOOP,greedy,71204,71281,89296,88015,20101,299695,0.062855695505885,0,159898,2,2,248.55779207541977,124.27889603770988,2,2,124.27889603770988,248.55779207541977,124.27889603770988,248.55779207541977,61.249147027123975,1959.9727048679672,0,NOOP,False,,
319796,double_dqn,dueling,858,,,5.0,5.0,0.05,0.0043125515803694725,2.0162649154663086,3.0136961936950684,0.7595480680465698,2.0740740299224854,3.1093289852142334,0.05514994263648987,0.43957412242889404,0.5726083517074585,10000,10000,1.0,248.55772055397634,248.55772055397634,79200,True,640,319500,0.0,0.0,3,LEFT,greedy,71204,71281,89296,88015,20101,299695,0.062855695505885,1,159898,2,2,248.55772055397634,124.27886027698817,2,2,124.27886027698817,248.55772055397634,124.27886027698817,248.55772055397634,61.249129402943424,1959.9721408941896,3,LEFT,False,,
319919,double_dqn,dueling,859,17.0,592,0.0,0.0,0.05,,,,,,,,,,10000,10000,1.0,248.56805081171197,248.56805081171197,79231,True,640,319500,0.0,0.0,1,FIRE,greedy,71215,71325,89330,88050,20102,299818,0.06283445861465366,0,159960,2,2,248.56805081171197,124.28402540585599,2,2,124.28402540585599,248.56805081171197,124.28402540585599,248.56805081171197,61.25325394001426,1960.1041260804564,1,FIRE,False,,
320000,double_dqn,dueling,860,7.0,421,0.0,0.0,0.05,,,,,,,,,,10000,10000,1.0,248.56874833782365,248.56874833782365,79251,True,641,320000,0.0,0.0,1,FIRE,greedy,71224,71351,89340,88085,20107,299893,0.062834375,1,160000,2,2,248.56874833782365,124.28437416891182,2,2,124.28437416891182,248.56874833782365,124.28437416891182,248.56874833782365,61.25444155467797,1960.142129749695,1,FIRE,False,,
320195,double_dqn,dueling,860,,,3.0,3.0,0.05,0.0011325906962156296,2.118506908416748,2.9800655841827393,0.05379459261894226,2.1444551944732666,3.0301389694213867,0.03760157525539398,0.13039541244506836,0.16688477993011475,10000,10000,1.0,248.63793584216418,248.63793584216418,79300,True,641,320000,0.0,0.0,2,RIGHT,greedy,71273,71382,89380,88161,20122,300074,0.06284275881022873,0,160098,2,2,248.63793584216418,124.31896792108209,2,2,124.31896792108209,248.63793584216418,124.31896792108209,248.63793584216418,61.27397076946832,1960.7670646229863,2,RIGHT,False,,
320196,double_dqn,dueling,860,,,2.0,2.0,0.05,0.0011325906962156296,2.118506908416748,2.9800655841827393,0.05379459261894226,2.1444551944732666,3.0301389694213867,0.03760157525539398,0.13039541244506836,0.16688477993011475,10000,10000,1.0,248.6378118413398,248.6378118413398,79300,True,641,320000,0.0,0.0,1,FIRE,greedy,71273,71382,89380,88161,20122,300074,0.06284275881022873,1,160098,2,2,248.6378118413398,124.3189059206699,2,2,124.3189059206699,248.6378118413398,124.3189059206699,248.6378118413398,61.27394021088577,1960.7660867483446,1,FIRE,False,,
320595,double_dqn,dueling,860,,,8.0,8.0,0.05,0.001468768110498786,2.423478603363037,3.0070738792419434,1.3445501327514648,2.446568012237549,3.007598638534546,0.038167040795087814,0.18890607357025146,0.16244029998779297,10000,10000,1.0,248.74349415179302,248.74349415179302,79400,True,642,320500,0.0,0.0,1,FIRE,greedy,71343,71545,89462,88246,20150,300446,0.06285168872974085,0,160298,2,2,248.74349415179302,124.37174707589651,2,2,124.37174707589651,248.74349415179302,124.37174707589651,248.74349415179302,61.30500389182173,1961.7601245382953,1,FIRE,False,,
320596,double_dqn,dueling,860,,,8.0,8.0,0.05,0.001468768110498786,2.423478603363037,3.0070738792419434,1.3445501327514648,2.446568012237549,3.007598638534546,0.038167040795087814,0.18890607357025146,0.16244029998779297,10000,10000,1.0,248.7434195665115,248.7434195665115,79400,True,642,320500,0.0,0.0,1,FIRE,greedy,71343,71545,89462,88246,20150,300446,0.06285168872974085,1,160298,2,2,248.7434195665115,124.37170978325575,2,2,124.37170978325575,248.7434195665115,124.37170978325575,248.7434195665115,61.3049855096285,1961.759536308112,1,FIRE,False,,
320995,double_dqn,dueling,860,,,16.0,13.0,0.05,0.003259682096540928,2.222679615020752,3.058739185333252,1.1918110847473145,2.2567059993743896,3.081564426422119,0.0529521219432354,0.3228306770324707,0.183066263794899,10000,10000,1.0,248.8410163768023,248.8410163768023,79500,True,642,320500,0.0,0.0,2,RIGHT,greedy,71445,71679,89547,88325,20177,300819,0.06285748109010704,0,160498,2,2,248.8410163768023,124.42050818840114,2,2,124.42050818840114,248.8410163768023,124.42050818840114,248.8410163768023,61.334003966106025,1962.6881269153928,2,RIGHT,False,,
320996,double_dqn,dueling,860,,,12.0,12.0,0.05,0.003259682096540928,2.222679615020752,3.058739185333252,1.1918110847473145,2.2567059993743896,3.081564426422119,0.0529521219432354,0.3228306770324707,0.183066263794899,10000,10000,1.0,248.84094320021035,248.84094320021035,79500,True,642,320500,0.0,0.0,0,NOOP,greedy,71445,71679,89547,88325,20177,300819,0.06285748109010704,1,160498,2,2,248.84094320021035,124.42047160010517,2,2,124.42047160010517,248.84094320021035,124.42047160010517,248.84094320021035,61.33398592963661,1962.6875497483716,0,NOOP,False,,
321395,double_dqn,dueling,860,,,22.0,19.0,0.05,0.0006842054426670074,2.2225403785705566,3.0386533737182617,0.059697117656469345,2.2343530654907227,3.008343458175659,0.026972971856594086,0.13350677490234375,0.08853371441364288,10000,10000,1.0,248.91252323383958,248.91252323383958,79600,True,643,321000,0.0,0.0,0,NOOP,greedy,71567,71794,89624,88411,20194,301202,0.06283214476844765,0,160698,2,2,248.91252323383958,124.45626161691979,2,2,124.45626161691979,248.91252323383958,124.45626161691979,248.91252323383958,61.356539531519175,1963.4092650086136,0,NOOP,False,,
321396,double_dqn,dueling,860,,,17.0,17.0,0.05,0.0006842054426670074,2.2225403785705566,3.0386533737182617,0.059697117656469345,2.2343530654907227,3.008343458175659,0.026972971856594086,0.13350677490234375,0.08853371441364288,10000,10000,1.0,248.9124477350973,248.9124477350973,79600,True,643,321000,0.0,0.0,1,FIRE,random,71567,71794,89624,88411,20194,301202,0.06283214476844765,1,160698,2,2,248.9124477350973,124.45622386754864,2,2,124.45622386754864,248.9124477350973,124.45622386754864,248.9124477350973,61.356520921199746,1963.4086694783919,1,FIRE,False,,
321672,double_dqn,dueling,861,21.0,836,0.0,0.0,0.05,,,,,,,,,,10000,10000,1.0,248.8937709862944,248.8937709862944,79669,True,644,321500,0.0,0.0,0,NOOP,greedy,71662,71835,89682,88493,20213,301459,0.06283730010694123,1,160836,2,2,248.8937709862944,124.4468854931472,2,2,124.4468854931472,248.8937709862944,124.4468854931472,248.8937709862944,61.35527326969876,1963.3687446303604,0,NOOP,False,,
321689,double_dqn,dueling,862,25.0,885,0.0,0.0,0.05,,,,,,,,,,10000,10000,1.0,248.89367265915783,248.89367265915783,79673,False,644,321500,0.0,0.0,2,RIGHT,greedy,71665,71840,89689,88496,20213,301477,0.06283378407783892,0,160845,2,2,248.89367265915783,124.44683632957891,2,2,124.44683632957891,248.89367265915783,124.44683632957891,248.89367265915783,61.35373110939653,1963.3193955006889,2,RIGHT,False,,
321795,double_dqn,dueling,862,,,1.0,1.0,0.05,0.003481297753751278,1.9697777032852173,3.1635875701904297,0.9643216729164124,2.012615919113159,2.999584913253784,0.06313673406839371,0.2069634199142456,0.29534509778022766,10000,10000,1.0,248.89492910033022,248.89492910033022,79700,True,644,321500,0.0,0.0,3,LEFT,greedy,71699,71876,89705,88516,20217,301579,0.06282551678703278,0,160898,2,2,248.89492910033022,124.44746455016511,2,2,124.44746455016511,248.89492910033022,124.44746455016511,248.89492910033022,61.357058194700876,1963.425862230428,3,LEFT,False,,
321796,double_dqn,dueling,862,,,1.0,1.0,0.05,0.003481297753751278,1.9697777032852173,3.1635875701904297,0.9643216729164124,2.012615919113159,2.999584913253784,0.06313673406839371,0.2069634199142456,0.29534509778022766,10000,10000,1.0,248.8948536878915,248.8948536878915,79700,True,644,321500,0.0,0.0,0,NOOP,greedy,71699,71876,89705,88516,20217,301579,0.06282551678703278,1,160898,2,2,248.8948536878915,124.44742684394575,2,2,124.44742684394575,248.8948536878915,124.44742684394575,248.8948536878915,61.35703960418396,1963.4252673338867,0,NOOP,False,,
322195,double_dqn,dueling,862,,,6.0,6.0,0.05,0.0020865907426923513,2.0653235912323,3.202129602432251,-0.22181223332881927,2.0985212326049805,3.1588573455810547,0.04885392263531685,0.2023986577987671,0.19693589210510254,10000,10000,1.0,248.89988335608163,248.89988335608163,79800,True,645,322000,0.0,0.0,2,RIGHT,greedy,71773,71937,89847,88639,20238,301958,0.06281269786092937,0,161098,2,2,248.89988335608163,124.44994167804082,2,2,124.44994167804082,248.89988335608163,124.44994167804082,248.89988335608163,61.363081387540824,1963.6186044013064,2,RIGHT,False,,
322196,double_dqn,dueling,862,,,6.0,6.0,0.05,0.0020865907426923513,2.0653235912323,3.202129602432251,-0.22181223332881927,2.0985212326049805,3.1588573455810547,0.04885392263531685,0.2023986577987671,0.19693589210510254,10000,10000,1.0,248.89980638474162,248.89980638474162,79800,True,645,322000,0.0,0.0,0,NOOP,greedy,71773,71937,89847,88639,20238,301958,0.06281269786092937,1,161098,2,2,248.89980638474162,124.44990319237081,2,2,124.44990319237081,248.89980638474162,124.44990319237081,248.89980638474162,61.36306241124184,1963.617997159739,0,NOOP,False,,
322595,double_dqn,dueling,862,,,11.0,11.0,0.05,0.0014232813846319914,2.137343406677246,3.0500621795654297,1.3262181282043457,2.174011468887329,3.059631586074829,0.03627859055995941,0.20480680465698242,0.22883106768131256,10000,10000,1.0,249.01940812897914,249.01940812897914,79900,True,646,322500,0.0,0.0,2,RIGHT,greedy,71860,72043,89955,88738,20264,302332,0.06281540998648465,0,161298,2,2,249.01940812897914,124.50970406448957,2,2,124.50970406448957,249.01940812897914,124.50970406448957,249.01940812897914,61.39729993526637,1964.7135979285238,2,RIGHT,False,,
322596,double_dqn,dueling,862,,,10.0,10.0,0.05,0.0014232813846319914,2.137343406677246,3.0500621795654297,1.3262181282043457,2.174011468887329,3.059631586074829,0.03627859055995941,0.20480680465698242,0.22883106768131256,10000,10000,1.0,249.01933637721925,249.01933637721925,79900,True,646,322500,0.0,0.0,1,FIRE,greedy,71860,72043,89955,88738,20264,302332,0.06281540998648465,1,161298,2,2,249.01933637721925,124.50966818860962,2,2,124.50966818860962,249.01933637721925,124.50966818860962,249.01933637721925,61.397282244419074,1964.7130318214104,1,FIRE,False,,
322810,double_dqn,dueling,863,13.0,569,0.0,0.0,0.05,,,,,,,,,,10000,10000,1.0,249.0822646746119,249.0822646746119,79953,False,646,322500,0.0,0.0,0,NOOP,greedy,71930,72096,89999,88785,20268,302542,0.0627861590409219,1,161405,2,2,249.0822646746119,124.54113233730595,2,2,124.54113233730595,249.0822646746119,124.54113233730595,249.0822646746119,61.41360823291626,1965.2354634533203,0,NOOP,False,,
322995,double_dqn,dueling,863,,,15.0,15.0,0.05,0.0016439814353361726,2.114443302154541,3.165222644805908,0.8194518685340881,2.116037130355835,3.1292076110839844,0.04425671696662903,0.11839056015014648,0.16398213803768158,10000,10000,1.0,249.12344423378977,249.12344423378977,80000,True,646,322500,0.0,0.0,3,LEFT,greedy,71994,72163,90024,88815,20273,302723,0.06276548316387819,0,161498,2,2,249.12344423378977,124.56172211689488,2,2,124.56172211689488,249.12344423378977,124.56172211689488,249.12344423378977,61.42765182700397,1965.684858464127,3,LEFT,False,,
322996,double_dqn,dueling,863,,,1.0,1.0,0.05,0.0016439814353361726,2.114443302154541,3.165222644805908,0.8194518685340881,2.116037130355835,3.1292076110839844,0.04425671696662903,0.11839056015014648,0.16398213803768158,10000,10000,1.0,249.12337273045304,249.12337273045304,80000,True,646,322500,0.0,0.0,3,LEFT,greedy,71994,72163,90024,88815,20273,302723,0.06276548316387819,1,161498,2,2,249.12337273045304,124.56168636522652,2,2,124.56168636522652,249.12337273045304,124.56168636522652,249.12337273045304,61.427634196057646,1965.6842942738447,3,LEFT,False,,
323137,double_dqn,dueling,864,17.0,724,0.0,0.0,0.05,,,,,,,,,,10000,10000,1.0,249.16784818767755,249.16784818767755,80035,False,647,323000,0.0,0.0,0,NOOP,greedy,72047,72201,90048,88842,20281,302857,0.06276265867833557,0,161569,2,2,249.16784818767755,124.58392409383877,2,2,124.58392409383877,249.16784818767755,124.58392409383877,249.16784818767755,61.43855416085451,1966.0337331473443,0,NOOP,False,,
323395,double_dqn,dueling,864,,,2.0,2.0,0.05,0.0015574549324810505,1.9633811712265015,2.638897180557251,-0.13001874089241028,1.971267819404602,2.6283814907073975,0.03886895626783371,0.2055976390838623,0.2039954960346222,10000,10000,1.0,249.21842785602982,249.21842785602982,80100,True,647,323000,0.0,0.0,3,LEFT,greedy,72117,72295,90095,88889,20295,303101,0.06275587824215513,0,161698,2,2,249.21842785602982,124.60921392801491,2,2,124.60921392801491,249.21842785602982,124.60921392801491,249.21842785602982,61.455724096221644,1966.5831710790926,3,LEFT,False,,
323396,double_dqn,dueling,864,,,6.0,6.0,0.05,0.0015574549324810505,1.9633811712265015,2.638897180557251,-0.13001874089241028,1.971267819404602,2.6283814907073975,0.03886895626783371,0.2055976390838623,0.2039954960346222,10000,10000,1.0,249.21835584210268,249.21835584210268,80100,True,647,323000,0.0,0.0,1,FIRE,greedy,72117,72295,90095,88889,20295,303101,0.06275587824215513,1,161698,2,2,249.21835584210268,124.60917792105134,2,2,124.60917792105134,249.21835584210268,124.60917792105134,249.21835584210268,61.45570633803227,1966.5826028170327,1,FIRE,False,,
323795,double_dqn,dueling,864,,,6.0,6.0,0.05,0.0025873160921037197,1.9902348518371582,3.0702619552612305,0.7050222754478455,2.0242812633514404,3.0549728870391846,0.05320318043231964,0.23750686645507812,0.3265047073364258,10000,10000,1.0,249.27018684431184,249.27018684431184,80200,True,648,323500,0.0,0.0,3,LEFT,greedy,72198,72419,90183,88996,20323,303473,0.06276482723690224,0,161898,2,2,249.27018684431184,124.63509342215592,2,2,124.63509342215592,249.27018684431184,124.63509342215592,249.27018684431184,61.473089739005246,1967.1388716481679,3,LEFT,False,,
323796,double_dqn,dueling,864,,,13.0,13.0,0.05,0.0025873160921037197,1.9902348518371582,3.0702619552612305,0.7050222754478455,2.0242812633514404,3.0549728870391846,0.05320318043231964,0.23750686645507812,0.3265047073364258,10000,10000,1.0,249.27011594847562,249.27011594847562,80200,True,648,323500,0.0,0.0,1,FIRE,greedy,72198,72419,90183,88996,20323,303473,0.06276482723690224,1,161898,2,2,249.27011594847562,124.63505797423781,2,2,124.63505797423781,249.27011594847562,124.63505797423781,249.27011594847562,61.473072255221254,1967.1383121670801,1,FIRE,False,,
324041,double_dqn,dueling,865,9.0,452,0.0,0.0,0.05,,,,,,,,,,10000,10000,1.0,249.31315332380984,249.31315332380984,80261,False,649,324000,0.0,0.0,1,FIRE,greedy,72254,72493,90231,89064,20334,303708,0.06275112485418557,0,162021,2,2,249.31315332380984,124.65657666190492,2,2,124.65657666190492,249.31315332380984,124.65657666190492,249.31315332380984,61.48480834786699,1967.5138671317436,1,FIRE,False,,
324172,double_dqn,dueling,866,16.0,681,0.0,0.0,0.05,,,,,,,,,,10000,10000,1.0,249.32923898272273,249.32923898272273,80294,True,649,324000,0.0,0.0,1,FIRE,greedy,72287,72527,90255,89103,20343,303829,0.0627537233320583,1,162086,2,2,249.32923898272273,124.66461949136136,2,2,124.66461949136136,249.32923898272273,124.66461949136136,249.32923898272273,61.49193454013572,1967.7419052843431,1,FIRE,False,,
324195,double_dqn,dueling,866,,,2.0,2.0,0.05,0.0023920638486742973,2.1442456245422363,3.2095279693603516,1.1769602298736572,2.1349306106567383,3.178611993789673,0.04751424491405487,0.2580692768096924,0.37844493985176086,10000,10000,1.0,249.33552968507647,249.33552968507647,80300,True,649,324000,0.0,0.0,3,LEFT,greedy,72295,72531,90259,89111,20344,303852,0.0627521622722057,0,162098,2,2,249.33552968507647,124.66776484253823,2,2,124.66776484253823,249.33552968507647,124.66776484253823,249.33552968507647,61.49375785362033,1967.8002513158506,3,LEFT,False,,
324196,double_dqn,dueling,866,,,0.0,0.0,0.05,0.0023920638486742973,2.1442456245422363,3.2095279693603516,1.1769602298736572,2.1349306106567383,3.178611993789673,0.04751424491405487,0.2580692768096924,0.37844493985176086,10000,10000,1.0,249.3354596374089,249.3354596374089,80300,True,649,324000,0.0,0.0,0,NOOP,greedy,72295,72531,90259,89111,20344,303852,0.0627521622722057,1,162098,2,2,249.3354596374089,124.66772981870444,2,2,124.66772981870444,249.3354596374089,124.66772981870444,249.3354596374089,61.49374057772582,1967.7996984872264,0,NOOP,False,,
324595,double_dqn,dueling,866,,,5.0,5.0,0.05,0.0017066604923456907,2.1158533096313477,2.9265995025634766,0.347732275724411,2.1380727291107178,2.854660749435425,0.045451972633600235,0.1433943212032318,0.1481321156024933,10000,10000,1.0,249.41173114026333,249.41173114026333,80400,True,650,324500,0.0,0.0,0,NOOP,random,72362,72597,90348,89289,20358,304238,0.06271796325278192,0,162298,2,2,249.41173114026333,124.70586557013166,2,2,124.70586557013166,249.41173114026333,124.70586557013166,249.41173114026333,61.51705776783882,1968.5458485708423,0,NOOP,False,,
324596,double_dqn,dueling,866,,,3.0,3.0,0.05,0.0017066604923456907,2.1158533096313477,2.9265995025634766,0.347732275724411,2.1380727291107178,2.854660749435425,0.045451972633600235,0.1433943212032318,0.1481321156024933,10000,10000,1.0,249.41166142561391,249.41166142561391,80400,True,650,324500,0.0,0.0,3,LEFT,greedy,72362,72597,90348,89289,20358,304238,0.06271796325278192,1,162298,2,2,249.41166142561391,124.70583071280696,2,2,124.70583071280696,249.41166142561391,124.70583071280696,249.41166142561391,61.51704057281718,1968.5452983301498,3,LEFT,False,,
324750,double_dqn,dueling,867,5.0,289,0.0,0.0,0.05,,,,,,,,,,10000,10000,1.0,249.4206767670709,249.4206767670709,80438,False,650,324500,0.0,0.0,2,RIGHT,greedy,72375,72623,90400,89352,20372,304378,0.06273133179368745,1,162375,2,2,249.4206767670709,124.71033838353544,2,2,124.71033838353544,249.4206767670709,124.71033838353544,249.4206767670709,61.519317960595124,1968.618174739044,2,RIGHT,False,,
324995,double_dqn,dueling,867,,,10.0,10.0,0.05,0.0018304337281733751,2.1240077018737793,2.993293046951294,0.728367030620575,2.1543984413146973,2.8891913890838623,0.04474259912967682,0.18535518646240234,0.14165230095386505,10000,10000,1.0,249.4429349480963,249.4429349480963,80500,True,650,324500,0.0,0.0,0,NOOP,greedy,72418,72659,90473,89446,20378,304618,0.06270231018227916,0,162498,2,2,249.4429349480963,124.72146747404815,2,2,124.72146747404815,249.4429349480963,124.72146747404815,249.4429349480963,61.52921293942122,1968.934814061479,0,NOOP,False,,
324996,double_dqn,dueling,867,,,2.0,2.0,0.05,0.0018304337281733751,2.1240077018737793,2.993293046951294,0.728367030620575,2.1543984413146973,2.8891913890838623,0.04474259912967682,0.18535518646240234,0.14165230095386505,10000,10000,1.0,249.44285845273154,249.44285845273154,80500,True,650,324500,0.0,0.0,1,FIRE,greedy,72418,72659,90473,89446,20378,304618,0.06270231018227916,1,162498,2,2,249.44285845273154,124.72142922636577,2,2,124.72142922636577,249.44285845273154,124.72142922636577,249.44285845273154,61.52919407057818,1968.9342102585017,1,FIRE,False,,
325055,double_dqn,dueling,868,10.0,507,0.0,0.0,0.05,,,,,,,,,,10000,10000,1.0,249.448510193017,249.448510193017,80515,True,651,325000,0.0,0.0,0,NOOP,greedy,72427,72665,90493,89471,20379,304677,0.06269381275841701,0,162528,2,2,249.448510193017,124.7242550965085,2,2,124.7242550965085,249.448510193017,124.7242550965085,249.448510193017,61.53125290068105,1969.0000928217935,0,NOOP,False,,
325395,double_dqn,dueling,868,,,3.0,3.0,0.05,0.0029386503156274557,2.124884605407715,2.9788241386413574,1.305260419845581,2.1698203086853027,2.9849414825439453,0.057545263320207596,0.28873467445373535,0.32406166195869446,10000,10000,1.0,249.4028690762297,249.4028690762297,80600,True,651,325000,0.0,0.0,0,NOOP,greedy,72506,72753,90561,89576,20399,304997,0.06268976877404762,0,162698,2,2,249.4028690762297,124.70143453811485,2,2,124.70143453811485,249.4028690762297,124.70143453811485,249.4028690762297,61.52374080785183,1968.7597058512586,0,NOOP,False,,
325396,double_dqn,dueling,868,,,8.0,8.0,0.05,0.0029386503156274557,2.124884605407715,2.9788241386413574,1.305260419845581,2.1698203086853027,2.9849414825439453,0.057545263320207596,0.28873467445373535,0.32406166195869446,10000,10000,1.0,249.40279886859227,249.40279886859227,80600,True,651,325000,0.0,0.0,1,FIRE,greedy,72506,72753,90561,89576,20399,304997,0.06268976877404762,1,162698,2,2,249.40279886859227,124.70139943429614,2,2,124.70139943429614,249.40279886859227,124.70139943429614,249.40279886859227,61.52372348873876,1968.7591516396403,1,FIRE,False,,
325795,double_dqn,dueling,868,,,8.0,8.0,0.05,0.003457981627434492,2.235945224761963,3.1126723289489746,1.2589398622512817,2.256763458251953,3.1450467109680176,0.04828066751360893,0.3767399787902832,0.3143824636936188,10000,10000,1.0,249.43938345543944,249.43938345543944,80700,True,652,325500,0.0,0.0,3,LEFT,greedy,72655,72812,90663,89666,20420,305376,0.06267725816154894,0,162898,2,2,249.43938345543944,124.71969172771972,2,2,124.71969172771972,249.43938345543944,124.71969172771972,249.43938345543944,61.53711318846987,1969.1876220310357,3,LEFT,False,,
325796,double_dqn,dueling,868,,,15.0,12.0,0.05,0.003457981627434492,2.235945224761963,3.1126723289489746,1.2589398622512817,2.256763458251953,3.1450467109680176,0.04828066751360893,0.3767399787902832,0.3143824636936188,10000,10000,1.0,249.43930982174936,249.43930982174936,80700,True,652,325500,0.0,0.0,0,NOOP,greedy,72655,72812,90663,89666,20420,305376,0.06267725816154894,1,162898,2,2,249.43930982174936,124.71965491087468,2,2,124.71965491087468,249.43930982174936,124.71965491087468,249.43930982174936,61.537095022915345,1969.187040733291,0,NOOP,False,,
326194,double_dqn,dueling,869,20.0,722,0.0,0.0,0.05,,,,,,,,,,10000,10000,1.0,249.53858271123386,249.53858271123386,80799,False,653,326000,0.0,0.0,1,FIRE,greedy,72748,72914,90745,89787,20441,305753,0.06266516244933996,1,163097,2,2,249.53858271123386,124.76929135561693,2,2,124.76929135561693,249.53858271123386,124.76929135561693,249.53858271123386,61.56424754975161,1970.0559215920516,1,FIRE,False,,
326195,double_dqn,dueling,869,,,16.0,13.0,0.05,0.001146621652878821,2.0928664207458496,2.881486654281616,0.9683687686920166,2.108595848083496,2.8992624282836914,0.0383552685379982,0.10554492473602295,0.1091892421245575,10000,10000,1.0,249.53290947400328,249.53290947400328,80800,True,653,326000,0.0,0.0,3,LEFT,greedy,72748,72915,90745,89788,20441,305755,0.06266477823149272,0,163098,2,2,249.53290947400328,124.76645473700164,2,2,124.76645473700164,249.53290947400328,124.76645473700164,249.53290947400328,61.56450686652564,1970.0642197288205,3,LEFT,False,,
326196,double_dqn,dueling,869,,,0.0,0.0,0.05,0.001146621652878821,2.0928664207458496,2.881486654281616,0.9683687686920166,2.108595848083496,2.8992624282836914,0.0383552685379982,0.10554492473602295,0.1091892421245575,10000,10000,1.0,249.53284205573988,249.53284205573988,80800,True,653,326000,0.0,0.0,1,FIRE,fire_reset,72748,72915,90745,89788,20441,305755,0.06266477823149272,1,163098,2,2,249.53284205573988,124.76642102786994,2,2,124.76642102786994,249.53284205573988,124.76642102786994,249.53284205573988,61.56449023315993,1970.0636874611178,1,FIRE,False,initial_serve,
326573,double_dqn,dueling,870,20.0,759,0.0,0.0,0.05,,,,,,,,,,10000,10000,1.0,249.61780521172008,249.61780521172008,80894,False,654,326500,0.0,0.0,2,RIGHT,greedy,72831,73013,90828,89902,20459,306115,0.0626473632316106,0,163287,2,2,249.61780521172008,124.80890260586004,2,2,124.80890260586004,249.61780521172008,124.80890260586004,249.61780521172008,61.58786525276239,1970.8116880883965,2,RIGHT,False,,
326595,double_dqn,dueling,870,,,0.0,0.0,0.05,0.0015446546021848917,2.0935282707214355,3.095341444015503,0.7973426580429077,2.137765884399414,3.074195384979248,0.041658371686935425,0.14697176218032837,0.30746719241142273,10000,10000,1.0,249.61873594506574,249.61873594506574,80900,True,654,326500,0.0,0.0,3,LEFT,greedy,72837,73017,90832,89910,20461,306135,0.0626492669842864,0,163298,2,2,249.61873594506574,124.80936797253287,2,2,124.80936797253287,249.61873594506574,124.80936797253287,249.61873594506574,61.58995888330718,1970.8786842658299,3,LEFT,False,,
326596,double_dqn,dueling,870,,,6.0,6.0,0.05,0.0015446546021848917,2.0935282707214355,3.095341444015503,0.7973426580429077,2.137765884399414,3.074195384979248,0.041658371686935425,0.14697176218032837,0.30746719241142273,10000,10000,1.0,249.6186308431152,249.6186308431152,80900,True,654,326500,0.0,0.0,1,FIRE,greedy,72837,73017,90832,89910,20461,306135,0.0626492669842864,1,163298,2,2,249.6186308431152,124.8093154215576,2,2,124.8093154215576,249.6186308431152,124.8093154215576,249.6186308431152,61.5899329508595,1970.877854427504,1,FIRE,False,,
326995,double_dqn,dueling,870,,,7.0,7.0,0.05,0.00933059211820364,1.954317331314087,2.9261317253112793,0.241303488612175,1.924394130706787,2.9221742153167725,0.07140981405973434,0.6272305846214294,0.6362384557723999,10000,10000,1.0,249.72094901814006,249.72094901814006,81000,True,654,326500,0.0,0.0,1,FIRE,greedy,72928,73100,90938,90030,20485,306511,0.06264602625108565,0,163498,2,2,249.72094901814006,124.86047450907003,2,2,124.86047450907003,249.72094901814006,124.86047450907003,249.72094901814006,61.61941283177883,1971.8212106169226,1,FIRE,False,,
326996,double_dqn,dueling,870,,,9.0,9.0,0.05,0.00933059211820364,1.954317331314087,2.9261317253112793,0.241303488612175,1.924394130706787,2.9221742153167725,0.07140981405973434,0.6272305846214294,0.6362384557723999,10000,10000,1.0,249.72088171381688,249.72088171381688,81000,True,654,326500,0.0,0.0,3,LEFT,greedy,72928,73100,90938,90030,20485,306511,0.06264602625108565,1,163498,2,2,249.72088171381688,124.86044085690844,2,2,124.86044085690844,249.72088171381688,124.86044085690844,249.72088171381688,61.61939622422992,1971.8206791753573,3,LEFT,False,,
327310,double_dqn,dueling,871,15.0,558,0.0,0.0,0.05,,,,,,,,,,10000,10000,1.0,249.7306026682514,249.7306026682514,81078,False,655,327000,0.0,0.0,2,RIGHT,greedy,72999,73201,91009,90101,20499,306811,0.06262870062020715,1,163655,2,2,249.7306026682514,124.8653013341257,2,2,124.8653013341257,249.7306026682514,124.8653013341257,249.7306026682514,61.623473122522725,1971.9511399207272,2,RIGHT,False,,
327395,double_dqn,dueling,871,,,12.0,12.0,0.05,0.007120994385331869,2.094346046447754,3.096176862716675,0.17227086424827576,2.160121202468872,3.080857992172241,0.060197677463293076,0.6002357006072998,0.677661657333374,10000,10000,1.0,249.71853894892632,249.71853894892632,81100,True,655,327000,0.0,0.0,3,LEFT,greedy,73029,73222,91029,90116,20505,306891,0.06263057581644248,0,163698,2,2,249.71853894892632,124.85926947446316,2,2,124.85926947446316,249.71853894892632,124.85926947446316,249.71853894892632,61.62300862299788,1971.9362759359321,3,LEFT,False,,
327396,double_dqn,dueling,871,,,1.0,1.0,0.05,0.007120994385331869,2.094346046447754,3.096176862716675,0.17227086424827576,2.160121202468872,3.080857992172241,0.060197677463293076,0.6002357006072998,0.677661657333374,10000,10000,1.0,249.71847159078376,249.71847159078376,81100,True,655,327000,0.0,0.0,2,RIGHT,greedy,73029,73222,91029,90116,20505,306891,0.06263057581644248,1,163698,2,2,249.71847159078376,124.85923579539188,2,2,124.85923579539188,249.71847159078376,124.85923579539188,249.71847159078376,61.62299200103854,1971.9357440332333,2,RIGHT,False,,
327731,double_dqn,dueling,872,15.0,579,0.0,0.0,0.05,,,,,,,,,,10000,10000,1.0,249.72867483223757,249.72867483223757,81184,True,656,327500,0.0,0.0,2,RIGHT,greedy,73111,73325,91095,90201,20521,307211,0.06261518557846045,0,163866,2,2,249.72867483223757,124.86433741611879,2,2,124.86433741611879,249.72867483223757,124.86433741611879,249.72867483223757,61.62899667198597,1972.1278935035511,2,RIGHT,False,,
327795,double_dqn,dueling,872,,,0.0,0.0,0.05,0.00256830221042037,1.9246925115585327,3.127215623855591,-0.24242419004440308,1.9428809881210327,3.058253765106201,0.049836788326501846,0.23356539011001587,0.17961618304252625,10000,10000,1.0,249.72135578113185,249.72135578113185,81200,True,656,327500,0.0,0.0,1,FIRE,greedy,73131,73345,91107,90213,20522,307274,0.06260601105565657,0,163898,2,2,249.72135578113185,124.86067789056592,2,2,124.86067789056592,249.72135578113185,124.86067789056592,249.72135578113185,61.62785117026519,1972.091237448486,1,FIRE,False,,
327796,double_dqn,dueling,872,,,6.0,6.0,0.05,0.00256830221042037,1.9246925115585327,3.127215623855591,-0.24242419004440308,1.9428809881210327,3.058253765106201,0.049836788326501846,0.23356539011001587,0.17961618304252625,10000,10000,1.0,249.72129005036797,249.72129005036797,81200,True,656,327500,0.0,0.0,2,RIGHT,greedy,73131,73345,91107,90213,20522,307274,0.06260601105565657,1,163898,2,2,249.72129005036797,124.86064502518398,2,2,124.86064502518398,249.72129005036797,124.86064502518398,249.72129005036797,61.62783494880219,1972.09071836167,2,RIGHT,False,,
328195,double_dqn,dueling,872,,,4.0,4.0,0.05,0.001746902707964182,1.9846868515014648,2.7863266468048096,0.3110843598842621,1.9955978393554688,2.7846696376800537,0.042862970381975174,0.17099273204803467,0.14538168907165527,10000,10000,1.0,249.8054717677887,249.8054717677887,81300,True,657,328000,0.0,0.0,1,FIRE,greedy,73238,73438,91214,90306,20547,307649,0.06260588185108898,0,164098,2,2,249.8054717677887,124.90273588389435,2,2,124.90273588389435,249.8054717677887,124.90273588389435,249.8054717677887,61.65271624695066,1972.8869199024211,1,FIRE,False,,
328196,double_dqn,dueling,872,,,11.0,11.0,0.05,0.001746902707964182,1.9846868515014648,2.7863266468048096,0.3110843598842621,1.9955978393554688,2.7846696376800537,0.042862970381975174,0.17099273204803467,0.14538168907165527,10000,10000,1.0,249.80537097649116,249.80537097649116,81300,True,657,328000,0.0,0.0,2,RIGHT,greedy,73238,73438,91214,90306,20547,307649,0.06260588185108898,1,164098,2,2,249.80537097649116,124.90268548824558,2,2,124.90268548824558,249.80537097649116,124.90268548824558,249.80537097649116,61.65269137136558,1972.8861238836985,2,RIGHT,False,,
328588,double_dqn,dueling,873,15.0,639,0.0,0.0,0.05,,,,,,,,,,10000,10000,1.0,249.876413509927,249.876413509927,81398,True,658,328500,0.0,0.0,1,FIRE,greedy,73352,73564,91275,90397,20565,308023,0.06258597392479336,1,164294,2,2,249.876413509927,124.9382067549635,2,2,124.9382067549635,249.876413509927,124.9382067549635,249.876413509927,61.67420971206869,1973.574710786198,1,FIRE,False,,
328595,double_dqn,dueling,873,,,8.0,8.0,0.05,0.004052756354212761,2.0142550468444824,2.9380669593811035,0.5147522687911987,2.0621848106384277,2.9968032836914062,0.06372945010662079,0.2541850805282593,0.4344737231731415,10000,10000,1.0,249.87058929855706,249.87058929855706,81400,True,658,328500,0.0,0.0,0,NOOP,greedy,73356,73567,91276,90397,20567,308029,0.06259053670768969,0,164298,2,2,249.87058929855706,124.93529464927853,2,2,124.93529464927853,249.87058929855706,124.93529464927853,249.87058929855706,61.672853094339516,1973.5312990188645,0,NOOP,False,,
328596,double_dqn,dueling,873,,,0.0,0.0,0.05,0.004052756354212761,2.0142550468444824,2.9380669593811035,0.5147522687911987,2.0621848106384277,2.9968032836914062,0.06372945010662079,0.2541850805282593,0.4344737231731415,10000,10000,1.0,249.8705270983872,249.8705270983872,81400,True,658,328500,0.0,0.0,0,NOOP,greedy,73356,73567,91276,90397,20567,308029,0.06259053670768969,1,164298,2,2,249.8705270983872,124.9352635491936,2,2,124.9352635491936,249.8705270983872,124.9352635491936,249.8705270983872,61.672837742144814,1973.530807748634,0,NOOP,False,,
328869,double_dqn,dueling,874,11.0,569,0.0,0.0,0.05,,,,,,,,,,10000,10000,1.0,249.9120854943758,249.9120854943758,81468,False,658,328500,0.0,0.0,2,RIGHT,greedy,73440,73618,91342,90470,20584,308286,0.0625900811870952,0,164435,2,2,249.9120854943758,124.9560427471879,2,2,124.9560427471879,249.9120854943758,124.9560427471879,249.9120854943758,61.684272452377506,1973.8967184760802,2,RIGHT,False,,
328995,double_dqn,dueling,874,,,1.0,1.0,0.05,0.0034252977930009365,2.1376609802246094,3.057835102081299,1.12894606590271,2.1780099868774414,3.019869804382324,0.05719537287950516,0.2642242908477783,0.35231971740722656,10000,10000,1.0,249.908496195197,249.908496195197,81500,True,658,328500,0.0,0.0,2,RIGHT,greedy,73475,73634,91378,90509,20586,308410,0.06257218932752982,0,164498,2,2,249.908496195197,124.9542480975985,2,2,124.9542480975985,249.908496195197,124.9542480975985,249.908496195197,61.68623433224652,1973.9594986318887,2,RIGHT,False,,
328996,double_dqn,dueling,874,,,6.0,6.0,0.05,0.0034252977930009365,2.1376609802246094,3.057835102081299,1.12894606590271,2.1780099868774414,3.019869804382324,0.05719537287950516,0.2642242908477783,0.35231971740722656,10000,10000,1.0,249.90842488308502,249.90842488308502,81500,True,658,328500,0.0,0.0,3,LEFT,greedy,73475,73634,91378,90509,20586,308410,0.06257218932752982,1,164498,2,2,249.90842488308502,124.95421244154251,2,2,124.95421244154251,249.90842488308502,124.95421244154251,249.90842488308502,61.6862167299012,1973.9589353568383,3,LEFT,False,,
329395,double_dqn,dueling,874,,,6.0,6.0,0.05,0.003814175259321928,2.1294329166412354,2.916665554046631,0.6682570576667786,2.1117358207702637,2.949368953704834,0.054933346807956696,0.3566352128982544,0.632293164730072,10000,10000,1.0,249.93264762780458,249.93264762780458,81600,True,659,329000,0.0,0.0,1,FIRE,greedy,73588,73721,91462,90625,20608,308788,0.06256299408614555,0,164698,2,2,249.93264762780458,124.96632381390229,2,2,124.96632381390229,249.93264762780458,124.96632381390229,249.93264762780458,61.6961806748116,1974.2777815939712,1,FIRE,False,,
329396,double_dqn,dueling,874,,,10.0,10.0,0.05,0.003814175259321928,2.1294329166412354,2.916665554046631,0.6682570576667786,2.1117358207702637,2.949368953704834,0.054933346807956696,0.3566352128982544,0.632293164730072,10000,10000,1.0,249.9325577000724,249.9325577000724,81600,True,659,329000,0.0,0.0,3,LEFT,greedy,73588,73721,91462,90625,20608,308788,0.06256299408614555,1,164698,2,2,249.9325577000724,124.9662788500362,2,2,124.9662788500362,249.9325577000724,124.9662788500362,249.9325577000724,61.696158476040594,1974.277071233299,3,LEFT,False,,
329795,double_dqn,dueling,874,,,10.0,10.0,0.05,0.002284681424498558,2.1594314575195312,2.8696365356445312,1.0800392627716064,2.217254161834717,3.006150960922241,0.05083337426185608,0.16828536987304688,0.4756634533405304,10000,10000,1.0,249.95582381022064,249.95582381022064,81700,True,660,329500,0.0,0.0,1,FIRE,greedy,73682,73835,91556,90723,20629,309167,0.06255078897257699,0,164898,2,2,249.95582381022064,124.97791190511032,2,2,124.97791190511032,249.95582381022064,124.97791190511032,249.95582381022064,61.70584707551176,1974.5871064163764,1,FIRE,False,,
329796,double_dqn,dueling,874,,,14.0,14.0,0.05,0.002284681424498558,2.1594314575195312,2.8696365356445312,1.0800392627716064,2.217254161834717,3.006150960922241,0.05083337426185608,0.16828536987304688,0.4756634533405304,10000,10000,1.0,249.95575851054784,249.95575851054784,81700,True,660,329500,0.0,0.0,1,FIRE,greedy,73682,73835,91556,90723,20629,309167,0.06255078897257699,1,164898,2,2,249.95575851054784,124.97787925527392,2,2,124.97787925527392,249.95575851054784,124.97787925527392,249.95575851054784,61.70583095517672,1974.5865905656551,1,FIRE,False,,
330031,double_dqn,dueling,875,15.0,581,0.0,0.0,0.05,,,,,,,,,,10000,10000,1.0,249.97619226016195,249.97619226016195,81759,True,661,330000,0.0,0.0,1,FIRE,greedy,73730,73943,91596,90763,20640,309392,0.06253939011974596,0,165016,2,2,249.97619226016195,124.98809613008098,2,2,124.98809613008098,249.97619226016195,124.98809613008098,249.97619226016195,61.713184809529686,1974.82191390495,1,FIRE,False,,
330134,double_dqn,dueling,876,17.0,773,0.0,0.0,0.05,,,,,,,,,,10000,10000,1.0,250.01140859957053,250.01140859957053,81784,False,661,330000,0.0,0.0,1,FIRE,greedy,73761,73974,91620,90779,20651,309483,0.06255338741238406,1,165067,2,2,250.01140859957053,125.00570429978526,2,2,125.00570429978526,250.01140859957053,125.00570429978526,250.01140859957053,61.72131300478328,1975.082016153065,1,FIRE,False,,
330195,double_dqn,dueling,876,,,1.0,1.0,0.05,0.0027693482115864754,2.174952507019043,3.226395606994629,0.46776244044303894,2.2147793769836426,3.1507728099823,0.05878274887800217,0.19896507263183594,0.290518581867218,10000,10000,1.0,250.024284663894,250.024284663894,81800,True,661,330000,0.0,0.0,3,LEFT,greedy,73786,73977,91628,90805,20657,309539,0.06255981295957552,0,165098,2,2,250.024284663894,125.012142331947,2,2,125.012142331947,250.024284663894,125.012142331947,250.024284663894,61.72665484638183,1975.2529550842185,3,LEFT,False,,
330196,double_dqn,dueling,876,,,0.0,0.0,0.05,0.0027693482115864754,2.174952507019043,3.226395606994629,0.46776244044303894,2.2147793769836426,3.1507728099823,0.05878274887800217,0.19896507263183594,0.290518581867218,10000,10000,1.0,250.02422456506895,250.02422456506895,81800,True,661,330000,0.0,0.0,0,NOOP,greedy,73786,73977,91628,90805,20657,309539,0.06255981295957552,1,165098,2,2,250.02422456506895,125.01211228253447,2,2,125.01211228253447,250.02422456506895,125.01211228253447,250.02422456506895,61.72664000902539,1975.2524802888124,0,NOOP,False,,
330595,double_dqn,dueling,876,,,6.0,6.0,0.05,0.0024937104899436235,2.0511927604675293,2.8822853565216064,0.864697277545929,2.079498052597046,2.882272243499756,0.0543699637055397,0.180924654006958,0.1645846664905548,10000,10000,1.0,250.11064104858195,250.11064104858195,81900,True,662,330500,0.0,0.0,3,LEFT,greedy,73898,74022,91759,90917,20682,309914,0.0625597405897228,0,165298,2,2,250.11064104858195,125.05532052429098,2,2,125.05532052429098,250.11064104858195,125.05532052429098,250.11064104858195,61.75184433750722,1976.0590188002311,3,LEFT,False,,
330596,double_dqn,dueling,876,,,6.0,6.0,0.05,0.0024937104899436235,2.0511927604675293,2.8822853565216064,0.864697277545929,2.079498052597046,2.882272243499756,0.0543699637055397,0.180924654006958,0.1645846664905548,10000,10000,1.0,250.11057786911343,250.11057786911343,81900,True,662,330500,0.0,0.0,1,FIRE,greedy,73898,74022,91759,90917,20682,309914,0.0625597405897228,1,165298,2,2,250.11057786911343,125.05528893455671,2,2,125.05528893455671,250.11057786911343,125.05528893455671,250.11057786911343,61.75182873861591,1976.0585196357092,1,FIRE,False,,
330935,double_dqn,dueling,877,9.0,452,0.0,0.0,0.05,,,,,,,,,,10000,10000,1.0,250.1849856860486,250.1849856860486,81985,True,662,330500,0.0,0.0,3,LEFT,greedy,73971,74082,91850,91033,20699,310237,0.06254683685062973,0,165468,2,2,250.1849856860486,125.0924928430243,2,2,125.0924928430243,250.1849856860486,125.0924928430243,250.1849856860486,61.77345994304136,1976.7507181773235,3,LEFT,False,,
330995,double_dqn,dueling,877,,,0.0,0.0,0.05,0.004585063550621271,1.986450433731079,2.9539663791656494,0.25616925954818726,2.0310261249542236,3.006772518157959,0.05543477088212967,0.3382301330566406,0.46166184544563293,10000,10000,1.0,250.18800047024885,250.18800047024885,82000,True,662,330500,0.0,0.0,3,LEFT,greedy,73987,74088,91864,91057,20703,310293,0.06254758365660008,0,165498,2,2,250.18800047024885,125.09400023512443,2,2,125.09400023512443,250.18800047024885,125.09400023512443,250.18800047024885,61.77477679644065,1976.7928574861007,3,LEFT,False,,
330996,double_dqn,dueling,877,,,12.0,12.0,0.05,0.004585063550621271,1.986450433731079,2.9539663791656494,0.25616925954818726,2.0310261249542236,3.006772518157959,0.05543477088212967,0.3382301330566406,0.46166184544563293,10000,10000,1.0,250.18793493652467,250.18793493652467,82000,True,662,330500,0.0,0.0,0,NOOP,greedy,73987,74088,91864,91057,20703,310293,0.06254758365660008,1,165498,2,2,250.18793493652467,125.09396746826233,2,2,125.09396746826233,250.18793493652467,125.09396746826233,250.18793493652467,61.77476061528417,1976.7923396890935,0,NOOP,False,,
331395,double_dqn,dueling,877,,,5.0,5.0,0.05,0.0036030723713338375,2.1392836570739746,2.988023042678833,-0.034449681639671326,2.177541494369507,3.0406153202056885,0.052118487656116486,0.36563247442245483,0.32268181443214417,10000,10000,1.0,250.15345194457302,250.15345194457302,82100,True,663,331000,0.0,0.0,2,RIGHT,greedy,74112,74188,91947,91149,20723,310673,0.06253243853275235,0,165698,2,2,250.15345194457302,125.07672597228651,2,2,125.07672597228651,250.15345194457302,125.07672597228651,250.15345194457302,61.77004067317771,1976.6413015416867,2,RIGHT,False,,
331396,double_dqn,dueling,877,,,16.0,16.0,0.05,0.0036030723713338375,2.1392836570739746,2.988023042678833,-0.034449681639671326,2.177541494369507,3.0406153202056885,0.052118487656116486,0.36563247442245483,0.32268181443214417,10000,10000,1.0,250.1533925168125,250.1533925168125,82100,True,663,331000,0.0,0.0,3,LEFT,greedy,74112,74188,91947,91149,20723,310673,0.06253243853275235,1,165698,2,2,250.1533925168125,125.07669625840624,2,2,125.07669625840624,250.1533925168125,125.07669625840624,250.1533925168125,61.77002599876424,1976.6408319604557,3,LEFT,False,,
331586,double_dqn,dueling,878,17.0,726,0.0,0.0,0.05,,,,,,,,,,10000,10000,1.0,250.18488746277637,250.18488746277637,82147,False,664,331500,0.0,0.0,1,FIRE,greedy,74145,74242,91993,91206,20731,310855,0.06252073368598192,1,165793,2,2,250.18488746277637,125.09244373138819,2,2,125.09244373138819,250.18488746277637,125.09244373138819,250.18488746277637,61.77805926047475,1976.897896335192,1,FIRE,False,,
331795,double_dqn,dueling,878,,,10.0,10.0,0.05,0.0030609816312789917,2.2563436031341553,3.1396446228027344,0.9764704704284668,2.253345489501953,3.080993890762329,0.055514946579933167,0.21957314014434814,0.493620902299881,10000,10000,1.0,250.18736302404497,250.18736302404497,82200,True,664,331500,1.0,1.0,0,NOOP,greedy,74194,74278,92058,91266,20737,311059,0.06249924652497318,0,165898,2,2,250.18736302404497,125.09368151202248,2,2,125.09368151202248,250.18736302404497,125.09368151202248,250.18736302404497,61.7821720588132,1977.0295058820225,0,NOOP,False,,
331796,double_dqn,dueling,878,,,2.0,2.0,0.05,0.0030609816312789917,2.2563436031341553,3.1396446228027344,0.9764704704284668,2.253345489501953,3.080993890762329,0.055514946579933167,0.21957314014434814,0.493620902299881,10000,10000,1.0,250.18730080987547,250.18730080987547,82200,True,664,331500,0.0,0.0,2,RIGHT,greedy,74194,74278,92058,91266,20737,311059,0.06249924652497318,1,165898,2,2,250.18730080987547,125.09365040493773,2,2,125.09365040493773,250.18730080987547,125.09365040493773,250.18730080987547,61.78215669542122,1977.029014253479,2,RIGHT,False,,
332195,double_dqn,dueling,878,,,14.0,14.0,0.05,0.022982541471719742,2.0431461334228516,3.0064239501953125,-0.0047018080949783325,2.1119046211242676,2.9695208072662354,0.07591444253921509,1.1934863328933716,1.2216823101043701,10000,10000,1.0,250.26409117006267,250.26409117006267,82300,True,665,332000,0.0,0.0,2,RIGHT,greedy,74290,74353,92186,91367,20753,311443,0.06247215499283555,0,166098,2,2,250.26409117006267,125.13204558503134,2,2,125.13204558503134,250.26409117006267,125.13204558503134,250.26409117006267,61.80484192249139,1977.7549415197245,2,RIGHT,False,,
332196,double_dqn,dueling,878,,,7.0,7.0,0.05,0.022982541471719742,2.0431461334228516,3.0064239501953125,-0.0047018080949783325,2.1119046211242676,2.9695208072662354,0.07591444253921509,1.1934863328933716,1.2216823101043701,10000,10000,1.0,250.2640283062846,250.2640283062846,82300,True,665,332000,0.0,0.0,0,NOOP,greedy,74290,74353,92186,91367,20753,311443,0.06247215499283555,1,166098,2,2,250.2640283062846,125.1320141531423,2,2,125.1320141531423,250.2640283062846,125.1320141531423,250.2640283062846,61.80482639774771,1977.7544447279267,0,NOOP,False,,
332231,double_dqn,dueling,879,15.0,648,0.0,0.0,0.05,,,,,,,,,,10000,10000,1.0,250.2663917926662,250.2663917926662,82309,True,665,332000,0.0,0.0,2,RIGHT,greedy,74290,74365,92199,91378,20756,311476,0.06247441546870861,0,166116,2,2,250.2663917926662,125.1331958963331,2,2,125.1331958963331,250.2663917926662,125.1331958963331,250.2663917926662,61.805743317996225,1977.7837861758792,2,RIGHT,False,,
332595,double_dqn,dueling,879,,,3.0,3.0,0.05,0.0014036139473319054,2.1145401000976562,2.820338249206543,1.4541981220245361,2.161506414413452,2.875732183456421,0.04022371768951416,0.16966640949249268,0.40588271617889404,10000,10000,1.0,250.3414420282025,250.3414420282025,82400,True,666,332500,0.0,0.0,0,NOOP,greedy,74379,74441,92288,91488,20778,311818,0.062472188480919795,0,166298,2,2,250.3414420282025,125.17072101410125,2,2,125.17072101410125,250.3414420282025,125.17072101410125,250.3414420282025,61.82763179734252,1978.4842175149606,0,NOOP,False,,
332596,double_dqn,dueling,879,,,10.0,10.0,0.05,0.0014036139473319054,2.1145401000976562,2.820338249206543,1.4541981220245361,2.161506414413452,2.875732183456421,0.04022371768951416,0.16966640949249268,0.40588271617889404,10000,10000,1.0,250.3413784438755,250.3413784438755,82400,True,666,332500,0.0,0.0,3,LEFT,greedy,74379,74441,92288,91488,20778,311818,0.062472188480919795,1,166298,2,2,250.3413784438755,125.17068922193775,2,2,125.17068922193775,250.3413784438755,125.17068922193775,250.3413784438755,61.82761609371661,1978.4837149989314,3,LEFT,False,,
332718,double_dqn,dueling,880,11.0,566,0.0,0.0,0.05,,,,,,,,,,10000,10000,1.0,250.35633897388587,250.35633897388587,82430,False,666,332500,0.0,0.0,0,NOOP,greedy,74404,74453,92323,91538,20788,311930,0.06247933685583587,1,166359,2,2,250.35633897388587,125.17816948694293,2,2,125.17816948694293,250.35633897388587,125.17816948694293,250.35633897388587,61.83091526508758,1978.5892884828027,0,NOOP,False,,
332995,double_dqn,dueling,880,,,9.0,9.0,0.05,0.003083240007981658,2.187044620513916,3.077228546142578,0.6108621954917908,2.2278225421905518,3.1031668186187744,0.05767159163951874,0.27855992317199707,0.3864111602306366,10000,10000,1.0,250.41707102574816,250.41707102574816,82500,True,666,332500,0.0,0.0,0,NOOP,greedy,74474,74507,92401,91614,20804,312192,0.062475224927626756,0,166498,2,2,250.41707102574816,125.20853551287408,2,2,125.20853551287408,250.41707102574816,125.20853551287408,250.41707102574816,61.84996311818415,1979.1988197818928,0,NOOP,False,,
332996,double_dqn,dueling,880,,,3.0,3.0,0.05,0.003083240007981658,2.187044620513916,3.077228546142578,0.6108621954917908,2.2278225421905518,3.1031668186187744,0.05767159163951874,0.27855992317199707,0.3864111602306366,10000,10000,1.0,250.4170099763329,250.4170099763329,82500,True,666,332500,0.0,0.0,0,NOOP,greedy,74474,74507,92401,91614,20804,312192,0.062475224927626756,1,166498,2,2,250.4170099763329,125.20850498816645,2,2,125.20850498816645,250.4170099763329,125.20850498816645,250.4170099763329,61.849948039722975,1979.1983372711352,0,NOOP,False,,
333395,double_dqn,dueling,880,,,13.0,13.0,0.05,0.0020517047960311174,2.3158435821533203,2.9859237670898438,1.0877485275268555,2.334674835205078,3.029573678970337,0.04990647733211517,0.15392851829528809,0.1350962221622467,10000,10000,1.0,250.4421439292819,250.4421439292819,82600,True,667,333000,0.0,0.0,1,FIRE,random,74607,74587,92500,91702,20817,312579,0.062439261418853254,0,166698,2,2,250.4421439292819,125.22107196464096,2,2,125.22107196464096,250.4421439292819,125.22107196464096,250.4421439292819,61.8597741234505,1979.512771950416,1,FIRE,False,,
333396,double_dqn,dueling,880,,,9.0,9.0,0.05,0.0020517047960311174,2.3158435821533203,2.9859237670898438,1.0877485275268555,2.334674835205078,3.029573678970337,0.04990647733211517,0.15392851829528809,0.1350962221622467,10000,10000,1.0,250.44208082893445,250.44208082893445,82600,True,667,333000,0.0,0.0,3,LEFT,greedy,74607,74587,92500,91702,20817,312579,0.062439261418853254,1,166698,2,2,250.44208082893445,125.22104041446723,2,2,125.22104041446723,250.44208082893445,125.22104041446723,250.44208082893445,61.85975853752243,1979.5122732007178,3,LEFT,False,,
333443,double_dqn,dueling,881,13.0,606,0.0,0.0,0.05,,,,,,,,,,10000,10000,1.0,250.44842127415376,250.44842127415376,82612,True,667,333000,0.0,0.0,2,RIGHT,greedy,74616,74602,92514,91712,20818,312626,0.06243327215364499,0,166722,2,2,250.44842127415376,125.22421063707688,2,2,125.22421063707688,250.44842127415376,125.22421063707688,250.44842127415376,61.86175651792319,1979.576208573542,2,RIGHT,False,,
333795,double_dqn,dueling,881,,,3.0,3.0,0.05,0.001674399245530367,2.1043734550476074,2.8930416107177734,0.7251875400543213,2.106809139251709,2.962897777557373,0.04367746040225029,0.20627057552337646,0.18651209771633148,10000,10000,1.0,250.49907881863774,250.49907881863774,82700,True,668,333500,0.0,0.0,2,RIGHT,greedy,74691,74713,92597,91795,20844,312952,0.062445325887667914,0,166898,2,2,250.49907881863774,125.24953940931887,2,2,125.24953940931887,250.49907881863774,125.24953940931887,250.49907881863774,61.87742174408066,1980.077495810581,2,RIGHT,False,,
333796,double_dqn,dueling,881,,,13.0,13.0,0.05,0.001674399245530367,2.1043734550476074,2.8930416107177734,0.7251875400543213,2.106809139251709,2.962897777557373,0.04367746040225029,0.20627057552337646,0.18651209771633148,10000,10000,1.0,250.49901733886458,250.49901733886458,82700,True,668,333500,0.0,0.0,1,FIRE,greedy,74691,74713,92597,91795,20844,312952,0.062445325887667914,1,166898,2,2,250.49901733886458,125.24950866943229,2,2,125.24950866943229,250.49901733886458,125.24950866943229,250.49901733886458,61.87740655755833,1980.0770098418666,1,FIRE,False,,
334195,double_dqn,dueling,881,,,8.0,8.0,0.05,0.003489317139610648,2.1663248538970947,2.8037912845611572,-0.32949158549308777,2.159444570541382,2.761627435684204,0.05438018590211868,0.26418590545654297,0.6344762444496155,10000,10000,1.0,250.54893989873534,250.54893989873534,82800,True,669,334000,0.0,0.0,3,LEFT,greedy,74795,74804,92691,91906,20867,313329,0.06243940681516236,0,167098,2,2,250.54893989873534,125.27446994936767,2,2,125.27446994936767,250.54893989873534,125.27446994936767,250.54893989873534,61.89328947876142,1980.5852633203654,3,LEFT,False,,
334196,double_dqn,dueling,881,,,18.0,18.0,0.05,0.003489317139610648,2.1663248538970947,2.8037912845611572,-0.32949158549308777,2.159444570541382,2.761627435684204,0.05438018590211868,0.26418590545654297,0.6344762444496155,10000,10000,1.0,250.54888092343356,250.54888092343356,82800,True,669,334000,0.0,0.0,2,RIGHT,greedy,74795,74804,92691,91906,20867,313329,0.06243940681516236,1,167098,2,2,250.54888092343356,125.27444046171678,2,2,125.27444046171678,250.54888092343356,125.27444046171678,250.54888092343356,61.89327491004911,1980.5847971215715,2,RIGHT,False,,
334565,double_dqn,dueling,882,12.0,561,0.0,0.0,0.05,,,,,,,,,,10000,10000,1.0,250.63724436396964,250.63724436396964,82892,False,670,334500,0.0,0.0,1,FIRE,greedy,74884,74928,92758,91996,20881,313685,0.06241219968556279,0,167283,2,2,250.63724436396964,125.31862218198482,2,2,125.31862218198482,250.63724436396964,125.31862218198482,250.63724436396964,61.91687761047808,1981.3400835352986,1,FIRE,False,,
334595,double_dqn,dueling,882,,,0.0,0.0,0.05,0.0012088873190805316,2.1298041343688965,3.101850986480713,0.886259913444519,2.127732753753662,3.07444429397583,0.0383988618850708,0.12250471115112305,0.28014644980430603,10000,10000,1.0,250.63575365014756,250.63575365014756,82900,True,670,334500,0.0,0.0,2,RIGHT,greedy,74891,74940,92762,92003,20883,313713,0.062412581142631714,0,167298,2,2,250.63575365014756,125.31787682507378,2,2,125.31787682507378,250.63575365014756,125.31787682507378,250.63575365014756,61.918254001778266,1981.3841280569045,2,RIGHT,False,,
334596,double_dqn,dueling,882,,,27.0,24.0,0.05,0.0012088873190805316,2.1298041343688965,3.101850986480713,0.886259913444519,2.127732753753662,3.07444429397583,0.0383988618850708,0.12250471115112305,0.28014644980430603,10000,10000,1.0,250.63569275964286,250.63569275964286,82900,True,670,334500,0.0,0.0,1,FIRE,greedy,74891,74940,92762,92003,20883,313713,0.062412581142631714,1,167298,2,2,250.63569275964286,125.31784637982143,2,2,125.31784637982143,250.63569275964286,125.31784637982143,250.63569275964286,61.918238959097074,1981.3836466911064,1,FIRE,False,,
334718,double_dqn,dueling,883,28.0,1000,0.0,0.0,0.05,,,,,,,,,,10000,10000,1.0,250.55935005890765,250.55935005890765,82930,False,670,334500,0.0,0.0,1,FIRE,greedy,74916,74982,92784,92036,20891,313827,0.062413733351657216,1,167359,2,2,250.55935005890765,125.27967502945383,2,2,125.27967502945383,250.55935005890765,125.27967502945383,250.55935005890765,61.89896642251798,1980.7669255205753,1,FIRE,False,,
334995,double_dqn,dueling,883,,,6.0,6.0,0.05,0.001539179589599371,2.1486003398895264,2.923792600631714,0.03808169066905975,2.1949923038482666,2.943845748901367,0.04389948025345802,0.13313603401184082,0.4219018816947937,10000,10000,1.0,250.59618480780176,250.59618480780176,83000,True,670,334500,0.0,0.0,2,RIGHT,greedy,75010,75030,92850,92106,20905,314091,0.06240373019379336,0,167498,2,2,250.59618480780176,125.29809240390088,2,2,125.29809240390088,250.59618480780176,125.29809240390088,250.59618480780176,61.911963913349204,1981.1828452271745,2,RIGHT,False,,
334996,double_dqn,dueling,883,,,2.0,2.0,0.05,0.001539179589599371,2.1486003398895264,2.923792600631714,0.03808169066905975,2.1949923038482666,2.943845748901367,0.04389948025345802,0.13313603401184082,0.4219018816947937,10000,10000,1.0,250.59612178471258,250.59612178471258,83000,True,670,334500,0.0,0.0,3,LEFT,greedy,75010,75030,92850,92106,20905,314091,0.06240373019379336,1,167498,2,2,250.59612178471258,125.29806089235629,2,2,125.29806089235629,250.59612178471258,125.29806089235629,250.59612178471258,61.91194834294766,1981.1823469743251,3,LEFT,False,,
335395,double_dqn,dueling,883,,,10.0,10.0,0.05,0.0025328379124403,2.045114517211914,2.891655206680298,0.8266925811767578,2.065979480743408,2.9441840648651123,0.05149132013320923,0.2613365650177002,0.2110661119222641,10000,10000,1.0,250.6057756196229,250.6057756196229,83100,True,671,335000,0.0,0.0,3,LEFT,greedy,75136,75088,92941,92231,20924,314472,0.062385955706090714,0,167698,2,2,250.6057756196229,125.30288780981145,2,2,125.30288780981145,250.6057756196229,125.30288780981145,250.6057756196229,61.917786076612764,1981.3691544516084,3,LEFT,False,,
335396,double_dqn,dueling,883,,,7.0,7.0,0.05,0.0025328379124403,2.045114517211914,2.891655206680298,0.8266925811767578,2.065979480743408,2.9441840648651123,0.05149132013320923,0.2613365650177002,0.2110661119222641,10000,10000,1.0,250.6057159757874,250.6057159757874,83100,True,671,335000,0.0,0.0,1,FIRE,greedy,75136,75088,92941,92231,20924,314472,0.062385955706090714,1,167698,2,2,250.6057159757874,125.3028579878937,2,2,125.3028579878937,250.6057159757874,125.3028579878937,250.6057159757874,61.91777134026346,1981.3686828884306,1,FIRE,False,,
335795,double_dqn,dueling,883,,,17.0,14.0,0.05,0.0010632977355271578,2.0850086212158203,2.898283004760742,0.9105685949325562,2.1077024936676025,2.8788135051727295,0.03448713570833206,0.16270160675048828,0.14768123626708984,10000,10000,1.0,250.6284525391206,250.6284525391206,83200,True,672,335500,0.0,0.0,2,RIGHT,greedy,75280,75161,93029,92326,20942,314854,0.06236524556576016,0,167898,2,2,250.6284525391206,125.3142262695603,2,2,125.3142262695603,250.6284525391206,125.3142262695603,250.6284525391206,61.92680970414492,1981.6579105326375,2,RIGHT,False,,
335796,double_dqn,dueling,883,,,13.0,13.0,0.05,0.0010632977355271578,2.0850086212158203,2.898283004760742,0.9105685949325562,2.1077024936676025,2.8788135051727295,0.03448713570833206,0.16270160675048828,0.14768123626708984,10000,10000,1.0,250.62838986787807,250.62838986787807,83200,True,672,335500,0.0,0.0,1,FIRE,greedy,75280,75161,93029,92326,20942,314854,0.06236524556576016,1,167898,2,2,250.62838986787807,125.31419493393904,2,2,125.31419493393904,250.62838986787807,125.31419493393904,250.62838986787807,61.926794218951315,1981.657415006442,1,FIRE,False,,
335839,double_dqn,dueling,884,18.0,637,0.0,0.0,0.05,,,,,,,,,,10000,10000,1.0,250.61635997526142,250.61635997526142,83211,True,672,335500,0.0,0.0,0,NOOP,greedy,75295,75170,93039,92336,20945,314895,0.062366007622677466,0,167920,2,2,250.61635997526142,125.30817998763071,2,2,125.30817998763071,250.61635997526142,125.30817998763071,250.61635997526142,61.9241961215668,1981.5742758901376,0,NOOP,False,,
336116,double_dqn,dueling,885,16.0,699,0.0,0.0,0.05,,,,,,,,,,10000,10000,1.0,250.66547257119674,250.66547257119674,83280,True,673,336000,0.0,0.0,1,FIRE,greedy,75360,75271,93090,92395,20963,315153,0.062368349022361325,1,168058,2,2,250.66547257119674,125.33273628559837,2,2,125.33273628559837,250.66547257119674,125.33273628559837,250.66547257119674,61.93867098846319,1982.037471630822,1,FIRE,False,,
336195,double_dqn,dueling,885,,,3.0,3.0,0.05,0.0012429214548319578,2.0088696479797363,2.898988723754883,0.612851619720459,2.041109561920166,2.959542989730835,0.04011403024196625,0.11952924728393555,0.20859159529209137,10000,10000,1.0,250.67631376542852,250.67631376542852,83300,True,673,336000,0.0,0.0,1,FIRE,fire_reset,75393,75282,93113,92408,20967,315229,0.06236540589418078,0,168098,2,2,250.67631376542852,125.33815688271426,2,2,125.33815688271426,250.67631376542852,125.33815688271426,250.67631376542852,61.942025231911714,1982.1448074211748,0,NOOP,True,after_life_loss,
336196,double_dqn,dueling,885,,,1.0,1.0,0.05,0.0012429214548319578,2.0088696479797363,2.898988723754883,0.612851619720459,2.041109561920166,2.959542989730835,0.04011403024196625,0.11952924728393555,0.20859159529209137,10000,10000,1.0,250.67625121555471,250.67625121555471,83300,True,673,336000,1.0,1.0,3,LEFT,greedy,75393,75282,93113,92408,20967,315229,0.06236540589418078,1,168098,2,2,250.67625121555471,125.33812560777736,2,2,125.33812560777736,250.67625121555471,125.33812560777736,250.67625121555471,61.94200977586083,1982.1443128275466,3,LEFT,False,,
336595,double_dqn,dueling,885,,,7.0,7.0,0.05,0.00137321837246418,2.009476900100708,3.066880702972412,0.9292802810668945,2.027825355529785,3.077000617980957,0.03635898604989052,0.14980077743530273,0.12199665606021881,10000,10000,1.0,250.75188109071385,250.75188109071385,83400,True,674,336500,0.0,0.0,2,RIGHT,greedy,75525,75321,93220,92530,20989,315607,0.06235665307965632,0,168298,2,2,250.75188109071385,125.37594054535693,2,2,125.37594054535693,250.75188109071385,125.37594054535693,250.75188109071385,61.96405727123869,1982.849832679638,2,RIGHT,False,,
336596,double_dqn,dueling,885,,,6.0,6.0,0.05,0.00137321837246418,2.009476900100708,3.066880702972412,0.9292802810668945,2.027825355529785,3.077000617980957,0.03635898604989052,0.14980077743530273,0.12199665606021881,10000,10000,1.0,250.7518214059983,250.7518214059983,83400,True,674,336500,0.0,0.0,3,LEFT,greedy,75525,75321,93220,92530,20989,315607,0.06235665307965632,1,168298,2,2,250.7518214059983,125.37591070299915,2,2,125.37591070299915,250.7518214059983,125.37591070299915,250.7518214059983,61.96404252236775,1982.849360715768,3,LEFT,False,,
336995,double_dqn,dueling,885,,,12.0,12.0,0.05,0.001026007579639554,2.0803048610687256,3.0842738151550293,0.3548308312892914,2.119983434677124,3.0466690063476562,0.03594847023487091,0.10663199424743652,0.270273894071579,10000,10000,1.0,250.81223113256445,250.81223113256445,83500,True,674,336500,0.0,0.0,1,FIRE,greedy,75641,75365,93336,92654,21008,315988,0.06233901886075799,0,168498,2,2,250.81223113256445,125.40611556628222,2,2,125.40611556628222,250.81223113256445,125.40611556628222,250.81223113256445,61.98229984273993,1983.4335949676777,1,FIRE,False,,
336996,double_dqn,dueling,885,,,10.0,10.0,0.05,0.001026007579639554,2.0803048610687256,3.0842738151550293,0.3548308312892914,2.119983434677124,3.0466690063476562,0.03594847023487091,0.10663199424743652,0.270273894071579,10000,10000,1.0,250.81216966897978,250.81216966897978,83500,True,674,336500,0.0,0.0,3,LEFT,random,75641,75365,93336,92654,21008,315988,0.06233901886075799,1,168498,2,2,250.81216966897978,125.40608483448989,2,2,125.40608483448989,250.81216966897978,125.40608483448989,250.81216966897978,61.98228465347138,1983.4331089110842,3,LEFT,False,,
337075,double_dqn,dueling,886,13.0,618,0.0,0.0,0.05,,,,,,,,,,10000,10000,1.0,250.79928981338742,250.79928981338742,83520,True,675,337000,0.0,0.0,3,LEFT,random,75647,75372,93363,92694,21016,316060,0.062347957137262815,0,168538,2,2,250.79928981338742,125.39964490669371,2,2,125.39964490669371,250.79928981338742,125.39964490669371,250.79928981338742,61.97976385564661,1983.3524433806915,3,LEFT,False,,
337395,double_dqn,dueling,886,,,3.0,3.0,0.05,0.005876136012375355,1.8783676624298096,2.8853566646575928,-0.16933821141719818,1.8643320798873901,2.9253251552581787,0.05291133373975754,0.5393171906471252,0.937222421169281,10000,10000,1.0,250.84917444098915,250.84917444098915,83600,True,675,337000,0.0,0.0,3,LEFT,greedy,75733,75450,93441,92772,21029,316367,0.062327354206925985,0,168698,2,2,250.84917444098915,125.42458722049457,2,2,125.42458722049457,250.84917444098915,125.42458722049457,250.84917444098915,61.99472880624885,1983.8313217999632,3,LEFT,False,,
337396,double_dqn,dueling,886,,,16.0,16.0,0.05,0.005876136012375355,1.8783676624298096,2.8853566646575928,-0.16933821141719818,1.8643320798873901,2.9253251552581787,0.05291133373975754,0.5393171906471252,0.937222421169281,10000,10000,1.0,250.84911741690016,250.84911741690016,83600,True,675,337000,0.0,0.0,3,LEFT,greedy,75733,75450,93441,92772,21029,316367,0.062327354206925985,1,168698,2,2,250.84911741690016,125.42455870845008,2,2,125.42455870845008,250.84911741690016,125.42455870845008,250.84911741690016,61.99471471334645,1983.8308708270863,3,LEFT,False,,
337786,double_dqn,dueling,887,24.0,835,0.0,0.0,0.05,,,,,,,,,,10000,10000,1.0,250.72748779361058,250.72748779361058,83697,False,676,337500,0.0,0.0,1,FIRE,greedy,75824,75537,93577,92848,21044,316742,0.06229979928120171,1,168893,2,2,250.72748779361058,125.36374389680529,2,2,125.36374389680529,250.72748779361058,125.36374389680529,250.72748779361058,61.966413496117546,1982.9252318757615,1,FIRE,False,,
337795,double_dqn,dueling,887,,,8.0,8.0,0.05,0.0014789022970944643,1.879740595817566,3.08140230178833,-0.3257933259010315,1.895744800567627,3.0326976776123047,0.04077334702014923,0.17136579751968384,0.14589257538318634,10000,10000,1.0,250.70929848545003,250.70929848545003,83700,True,676,337500,0.0,0.0,1,FIRE,fire_reset,75827,75541,93577,92851,21045,316751,0.06230091534535637,0,168898,2,2,250.70929848545003,125.35464924272502,2,2,125.35464924272502,250.70929848545003,125.35464924272502,250.70929848545003,61.963427352450914,1982.8296752784292,0,NOOP,True,after_life_loss,
337796,double_dqn,dueling,887,,,0.0,0.0,0.05,0.0014789022970944643,1.879740595817566,3.08140230178833,-0.3257933259010315,1.895744800567627,3.0326976776123047,0.04077334702014923,0.17136579751968384,0.14589257538318634,10000,10000,1.0,250.709231546766,250.709231546766,83700,True,676,337500,0.0,0.0,0,NOOP,greedy,75827,75541,93577,92851,21045,316751,0.06230091534535637,1,168898,2,2,250.709231546766,125.354615773383,2,2,125.354615773383,250.709231546766,125.354615773383,250.709231546766,61.96341080838849,1982.8291458684316,0,NOOP,False,,
338195,double_dqn,dueling,887,,,12.0,12.0,0.05,0.0009281066013500094,2.0758790969848633,2.840719699859619,-0.027187395840883255,2.090571641921997,2.7887344360351562,0.036023788154125214,0.09618556499481201,0.12749168276786804,10000,10000,1.0,250.77187094805853,250.77187094805853,83800,True,677,338000,0.0,0.0,3,LEFT,greedy,75937,75601,93687,92971,21064,317132,0.062283409620456774,0,169098,2,2,250.77187094805853,125.38593547402927,2,2,125.38593547402927,250.77187094805853,125.38593547402927,250.77187094805853,61.98213087664665,1983.4281880526928,3,LEFT,False,,
338196,double_dqn,dueling,887,,,5.0,5.0,0.05,0.0009281066013500094,2.0758790969848633,2.840719699859619,-0.027187395840883255,2.090571641921997,2.7887344360351562,0.036023788154125214,0.09618556499481201,0.12749168276786804,10000,10000,1.0,250.77180927095537,250.77180927095537,83800,True,677,338000,0.0,0.0,0,NOOP,greedy,75937,75601,93687,92971,21064,317132,0.062283409620456774,1,169098,2,2,250.77180927095537,125.38590463547769,2,2,125.38590463547769,250.77180927095537,125.38590463547769,250.77180927095537,61.98211563220051,1983.4277002304163,0,NOOP,False,,
338527,double_dqn,dueling,888,16.0,726,0.0,0.0,0.05,,,,,,,,,,10000,10000,1.0,250.8309690312691,250.8309690312691,83883,True,678,338500,0.0,0.0,3,LEFT,greedy,76008,75636,93794,93090,21083,317445,0.06227845259476321,0,169264,2,2,250.8309690312691,125.41548451563455,2,2,125.41548451563455,250.8309690312691,125.41548451563455,250.8309690312691,61.99940430532973,1983.9809377705515,3,LEFT,False,,
338595,double_dqn,dueling,888,,,0.0,0.0,0.05,0.0029490762390196323,2.153867244720459,3.202904224395752,0.33617332577705383,2.145376205444336,3.1313462257385254,0.04788423329591751,0.3123239278793335,0.3247734606266022,10000,10000,1.0,250.82765680840657,250.82765680840657,83900,True,678,338500,0.0,0.0,1,FIRE,greedy,76027,75654,93813,93102,21086,317510,0.06227480537277463,0,169298,2,2,250.82765680840657,125.41382840420329,2,2,125.41382840420329,250.82765680840657,125.41382840420329,250.82765680840657,61.999129265963425,1983.9721365108296,1,FIRE,False,,
338596,double_dqn,dueling,888,,,9.0,9.0,0.05,0.0029490762390196323,2.153867244720459,3.202904224395752,0.33617332577705383,2.145376205444336,3.1313462257385254,0.04788423329591751,0.3123239278793335,0.3247734606266022,10000,10000,1.0,250.8275938201547,250.8275938201547,83900,True,678,338500,0.0,0.0,0,NOOP,greedy,76027,75654,93813,93102,21086,317510,0.06227480537277463,1,169298,2,2,250.8275938201547,125.41379691007735,2,2,125.41379691007735,250.8275938201547,125.41379691007735,250.8275938201547,61.99911369664057,1983.9716382924983,0,NOOP,False,,
338995,double_dqn,dueling,888,,,5.0,5.0,0.05,0.0007823225460015237,2.251603126525879,3.01436448097229,1.3065931797027588,2.2873198986053467,3.0911293029785156,0.03140417858958244,0.07676482200622559,0.14069435000419617,10000,10000,1.0,250.7792789413013,250.7792789413013,84000,True,678,338500,0.0,0.0,3,LEFT,greedy,76138,75762,93901,93195,21105,317891,0.06225737176839845,0,169498,2,2,250.7792789413013,125.38963947065065,2,2,125.38963947065065,250.7792789413013,125.38963947065065,250.7792789413013,61.990351897048036,1983.6912607055372,3,LEFT,False,,
338996,double_dqn,dueling,888,,,21.0,15.0,0.05,0.0007823225460015237,2.251603126525879,3.01436448097229,1.3065931797027588,2.2873198986053467,3.0911293029785156,0.03140417858958244,0.07676482200622559,0.14069435000419617,10000,10000,1.0,250.77921491758835,250.77921491758835,84000,True,678,338500,0.0,0.0,1,FIRE,greedy,76138,75762,93901,93195,21105,317891,0.06225737176839845,1,169498,2,2,250.77921491758835,125.38960745879417,2,2,125.38960745879417,250.77921491758835,125.38960745879417,250.77921491758835,61.99033607096977,1983.6907542710326,1,FIRE,False,,
339280,double_dqn,dueling,889,27.0,747,0.0,0.0,0.05,,,,,,,,,,10000,10000,1.0,250.79930994362738,250.79930994362738,84071,True,679,339000,0.0,0.0,1,FIRE,greedy,76184,75815,93991,93290,21118,318162,0.06224357462862532,1,169640,2,2,250.79930994362738,125.39965497181369,2,2,125.39965497181369,250.79930994362738,125.39965497181369,250.79930994362738,61.9975444719518,1983.9214231024575,1,FIRE,False,,
339395,double_dqn,dueling,889,,,8.0,8.0,0.05,0.003146391361951828,2.1826491355895996,3.150503635406494,0.9183753132820129,2.235898017883301,3.135690927505493,0.04980574548244476,0.3346383571624756,0.5779066681861877,10000,10000,1.0,250.79922073149615,250.79922073149615,84100,True,679,339000,0.0,0.0,3,LEFT,greedy,76206,75839,94027,93324,21123,318273,0.06223703284658629,0,169698,2,2,250.79922073149615,125.39961036574807,2,2,125.39961036574807,250.79922073149615,125.39961036574807,250.79922073149615,61.99843369888288,1983.949878364252,3,LEFT,False,,
339396,double_dqn,dueling,889,,,0.0,0.0,0.05,0.003146391361951828,2.1826491355895996,3.150503635406494,0.9183753132820129,2.235898017883301,3.135690927505493,0.04980574548244476,0.3346383571624756,0.5779066681861877,10000,10000,1.0,250.79915902453072,250.79915902453072,84100,True,679,339000,0.0,0.0,3,LEFT,greedy,76206,75839,94027,93324,21123,318273,0.06223703284658629,1,169698,2,2,250.79915902453072,125.39957951226536,2,2,125.39957951226536,250.79915902453072,125.39957951226536,250.79915902453072,61.998418444707866,1983.9493902306517,3,LEFT,False,,
339539,double_dqn,dueling,890,10.0,506,0.0,0.0,0.05,,,,,,,,,,10000,10000,1.0,250.80723473743458,250.80723473743458,84136,True,680,339500,0.0,0.0,1,FIRE,greedy,76225,75886,94065,93364,21130,318410,0.062231254049596514,0,169770,2,2,250.80723473743458,125.40361736871729,2,2,125.40361736871729,250.80723473743458,125.40361736871729,250.80723473743458,62.00154278437697,1984.0493691000631,1,FIRE,False,,
339795,double_dqn,dueling,890,,,2.0,2.0,0.05,0.006665660999715328,1.8945422172546387,2.9673945903778076,-0.36502525210380554,1.8938716650009155,2.954982042312622,0.05524823069572449,0.5979993343353271,0.7681123614311218,10000,10000,1.0,250.85692309799575,250.85692309799575,84200,True,680,339500,0.0,0.0,1,FIRE,fire_reset,76300,75965,94118,93413,21140,318656,0.062213798867555826,0,169898,2,2,250.85692309799575,125.42846154899787,2,2,125.42846154899787,250.85692309799575,125.42846154899787,250.85692309799575,62.01582293033551,1984.5063337707363,3,LEFT,True,after_life_loss,
339796,double_dqn,dueling,890,,,5.0,5.0,0.05,0.006665660999715328,1.8945422172546387,2.9673945903778076,-0.36502525210380554,1.8938716650009155,2.954982042312622,0.05524823069572449,0.5979993343353271,0.7681123614311218,10000,10000,1.0,250.85685911473107,250.85685911473107,84200,True,680,339500,0.0,0.0,2,RIGHT,greedy,76300,75965,94118,93413,21140,318656,0.062213798867555826,1,169898,2,2,250.85685911473107,125.42842955736553,2,2,125.42842955736553,250.85685911473107,125.42842955736553,250.85685911473107,62.0158071126544,1984.5058276049408,2,RIGHT,False,,
340195,double_dqn,dueling,890,,,6.0,6.0,0.05,0.0025220904499292374,2.029632091522217,2.941052198410034,0.2556488811969757,2.048757553100586,2.949106454849243,0.04609299823641777,0.28373268246650696,0.2570408582687378,10000,10000,1.0,250.9140711901235,250.9140711901235,84300,True,681,340000,0.0,0.0,3,LEFT,greedy,76394,76051,94207,93544,21159,319037,0.06219649848910628,0,170098,2,2,250.9140711901235,125.45703559506175,2,2,125.45703559506175,250.9140711901235,125.45703559506175,250.9140711901235,62.0330488432809,1985.0575629849889,3,LEFT,False,,
340196,double_dqn,dueling,890,,,11.0,11.0,0.05,0.0025220904499292374,2.029632091522217,2.941052198410034,0.2556488811969757,2.048757553100586,2.949106454849243,0.04609299823641777,0.28373268246650696,0.2570408582687378,10000,10000,1.0,250.91401346452878,250.91401346452878,84300,True,681,340000,0.0,0.0,1,FIRE,fire_reset,76394,76051,94207,93544,21159,319037,0.06219649848910628,1,170098,2,2,250.91401346452878,125.45700673226439,2,2,125.45700673226439,250.91401346452878,125.45700673226439,250.91401346452878,62.033034571882645,1985.0571063002446,3,LEFT,True,after_life_loss,
340346,double_dqn,dueling,891,12.0,533,0.0,0.0,0.05,,,,,,,,,,10000,10000,1.0,250.95686345710286,250.95686345710286,84337,False,681,340000,0.0,0.0,2,RIGHT,greedy,76421,76060,94260,93605,21165,319181,0.062186715871495477,1,170173,2,2,250.95686345710286,125.47843172855143,2,2,125.47843172855143,250.95686345710286,125.47843172855143,250.95686345710286,62.04339430830196,1985.3886178656628,2,RIGHT,False,,
340349,double_dqn,dueling,892,7.0,405,0.0,0.0,0.05,,,,,,,,,,10000,10000,1.0,250.95259933224523,250.95259933224523,84338,False,681,340000,0.0,0.0,2,RIGHT,greedy,76421,76062,94262,93605,21165,319185,0.0621859850154253,0,170175,2,2,250.95259933224523,125.47629966612261,2,2,125.47629966612261,250.95259933224523,125.47629966612261,250.95259933224523,62.04237090519492,1985.3558689662375,2,RIGHT,False,,
340595,double_dqn,dueling,892,,,2.0,2.0,0.05,0.0016290834173560143,2.027247667312622,3.034447431564331,0.26872503757476807,2.0584347248077393,2.991925001144409,0.03838068246841431,0.21739625930786133,0.1960916370153427,10000,10000,1.0,250.99113183142816,250.99113183142816,84400,True,682,340500,0.0,0.0,0,NOOP,greedy,76481,76148,94311,93656,21183,319413,0.06219391889511327,0,170298,2,2,250.99113183142816,125.49556591571408,2,2,125.49556591571408,250.99113183142816,125.49556591571408,250.99113183142816,62.05517199315819,1985.765503781062,0,NOOP,False,,
340596,double_dqn,dueling,892,,,2.0,2.0,0.05,0.0016290834173560143,2.027247667312622,3.034447431564331,0.26872503757476807,2.0584347248077393,2.991925001144409,0.03838068246841431,0.21739625930786133,0.1960916370153427,10000,10000,1.0,250.99107731537245,250.99107731537245,84400,True,682,340500,0.0,0.0,1,FIRE,greedy,76481,76148,94311,93656,21183,319413,0.06219391889511327,1,170298,2,2,250.99107731537245,125.49553865768623,2,2,125.49553865768623,250.99107731537245,125.49553865768623,250.99107731537245,62.05515851458152,1985.7650724666087,1,FIRE,False,,
340995,double_dqn,dueling,892,,,6.0,6.0,0.05,0.001245229970663786,2.01574969291687,3.097165822982788,0.950335681438446,2.034426212310791,3.0318524837493896,0.03532244265079498,0.1454916000366211,0.13888883590698242,10000,10000,1.0,251.01387872662332,251.01387872662332,84500,True,682,340500,0.0,0.0,2,RIGHT,greedy,76576,76276,94403,93741,21199,319797,0.06216788466726882,0,170498,2,2,251.01387872662332,125.50693936331166,2,2,125.50693936331166,251.01387872662332,125.50693936331166,251.01387872662332,62.063840800368126,1986.04290561178,2,RIGHT,False,,
340996,double_dqn,dueling,892,,,9.0,6.0,0.05,0.001245229970663786,2.01574969291687,3.097165822982788,0.950335681438446,2.034426212310791,3.0318524837493896,0.03532244265079498,0.1454916000366211,0.13888883590698242,10000,10000,1.0,251.01381502347536,251.01381502347536,84500,True,682,340500,0.0,0.0,2,RIGHT,greedy,76576,76276,94403,93741,21199,319797,0.06216788466726882,1,170498,2,2,251.01381502347536,125.50690751173768,2,2,125.50690751173768,251.01381502347536,125.50690751173768,251.01381502347536,62.06382504959748,1986.0424015871195,2,RIGHT,False,,
341395,double_dqn,dueling,892,,,10.0,10.0,0.05,0.005576715338975191,1.9155316352844238,3.0771236419677734,0.7404963374137878,1.9773706197738647,3.0779623985290527,0.04996529221534729,0.500286340713501,0.5435894727706909,10000,10000,1.0,251.01121471480533,251.01121471480533,84600,True,683,341000,0.0,0.0,2,RIGHT,greedy,76683,76352,94510,93851,21218,320178,0.06215069889512472,0,170698,2,2,251.01121471480533,125.50560735740267,2,2,125.50560735740267,251.01121471480533,125.50560735740267,251.01121471480533,62.0662002860069,1986.1184091522207,2,RIGHT,False,,
341396,double_dqn,dueling,892,,,14.0,11.0,0.05,0.005576715338975191,1.9155316352844238,3.0771236419677734,0.7404963374137878,1.9773706197738647,3.0779623985290527,0.04996529221534729,0.500286340713501,0.5435894727706909,10000,10000,1.0,251.0111523258022,251.0111523258022,84600,True,683,341000,0.0,0.0,3,LEFT,greedy,76683,76352,94510,93851,21218,320178,0.06215069889512472,1,170698,2,2,251.0111523258022,125.5055761629011,2,2,125.5055761629011,251.0111523258022,125.5055761629011,251.0111523258022,62.06618485941183,1986.1179155011785,3,LEFT,False,,
341409,double_dqn,dueling,893,10.0,530,0.0,0.0,0.05,,,,,,,,,,10000,10000,1.0,251.0079217469051,251.0079217469051,84603,False,683,341000,0.0,0.0,2,RIGHT,greedy,76683,76352,94518,93857,21218,320192,0.062148150317799716,0,170705,2,2,251.0079217469051,125.50396087345256,2,2,125.50396087345256,251.0079217469051,125.50396087345256,251.0079217469051,62.06411822911661,1986.0517833317315,2,RIGHT,False,,
341456,double_dqn,dueling,894,14.0,555,0.0,0.0,0.05,,,,,,,,,,10000,10000,1.0,251.0043531380163,251.0043531380163,84615,True,683,341000,0.0,0.0,2,RIGHT,greedy,76684,76360,94535,93877,21218,320238,0.06213977789231995,1,170728,2,2,251.0043531380163,125.50217656900816,2,2,125.50217656900816,251.0043531380163,125.50217656900816,251.0043531380163,62.06495409664868,1986.0785310927577,2,RIGHT,False,,
341795,double_dqn,dueling,894,,,3.0,3.0,0.05,0.002007297473028302,1.992438793182373,2.8680026531219482,0.6571711897850037,2.0284249782562256,2.890519142150879,0.047340795397758484,0.1805586814880371,0.1460704803466797,10000,10000,1.0,251.0417234696439,251.0417234696439,84700,True,684,341500,0.0,0.0,2,RIGHT,random,76744,76468,94599,93985,21241,320555,0.062145256234713106,0,170898,2,2,251.0417234696439,125.52086173482195,2,2,125.52086173482195,251.0417234696439,125.52086173482195,251.0417234696439,62.076736252532214,1986.4555600810309,2,RIGHT,False,,
341796,double_dqn,dueling,894,,,5.0,5.0,0.05,0.002007297473028302,1.992438793182373,2.8680026531219482,0.6571711897850037,2.0284249782562256,2.890519142150879,0.047340795397758484,0.1805586814880371,0.1460704803466797,10000,10000,1.0,251.04166641801726,251.04166641801726,84700,True,684,341500,0.0,0.0,0,NOOP,random,76744,76468,94599,93985,21241,320555,0.062145256234713106,1,170898,2,2,251.04166641801726,125.52083320900863,2,2,125.52083320900863,251.04166641801726,125.52083320900863,251.04166641801726,62.076722145001675,1986.4551086400536,0,NOOP,False,,
341961,double_dqn,dueling,895,5.0,276,0.0,0.0,0.05,,,,,,,,,,10000,10000,1.0,251.05104913692313,251.05104913692313,84741,False,684,341500,0.0,0.0,1,FIRE,greedy,76775,76514,94637,94036,21249,320713,0.062138483223282116,0,170981,2,2,251.05104913692313,125.52552456846156,2,2,125.52552456846156,251.05104913692313,125.52552456846156,251.05104913692313,62.0789114783675,1986.52516730776,1,FIRE,False,,
342195,double_dqn,dueling,895,,,2.0,2.0,0.05,0.003158042673021555,1.7262073755264282,2.967974901199341,-0.446782648563385,1.7627215385437012,2.9259378910064697,0.056249603629112244,0.2603774070739746,0.2269507497549057,10000,10000,1.0,251.08845193528538,251.08845193528538,84800,True,685,342000,0.0,0.0,0,NOOP,greedy,76845,76556,94702,94093,21256,320940,0.06211644788366901,0,171098,2,2,251.08845193528538,125.54422596764269,2,2,125.54422596764269,251.08845193528538,125.54422596764269,251.08845193528538,62.09125792520902,1986.9202536066887,0,NOOP,False,,
342196,double_dqn,dueling,895,,,9.0,9.0,0.05,0.003158042673021555,1.7262073755264282,2.967974901199341,-0.446782648563385,1.7627215385437012,2.9259378910064697,0.056249603629112244,0.2603774070739746,0.2269507497549057,10000,10000,1.0,251.0883941525199,251.0883941525199,84800,True,685,342000,0.0,0.0,0,NOOP,greedy,76845,76556,94702,94093,21256,320940,0.06211644788366901,1,171098,2,2,251.0883941525199,125.54419707625995,2,2,125.54419707625995,251.0883941525199,125.54419707625995,251.0883941525199,62.091243636202236,1986.9197963584716,0,NOOP,False,,
342595,double_dqn,dueling,896,,,8.0,8.0,0.05,0.001211576396599412,2.00247859954834,3.120365858078003,0.1478622555732727,2.0258355140686035,3.1015076637268066,0.040956102311611176,0.1102151870727539,0.1063508540391922,10000,10000,1.0,251.1575803676837,251.1575803676837,84900,True,686,342500,0.0,0.0,0,NOOP,greedy,76958,76635,94804,94199,21279,321317,0.06211105792245093,0,171298,2,2,251.1575803676837,125.57879018384185,2,2,125.57879018384185,251.1575803676837,125.57879018384185,251.1575803676837,62.11129457902705,1987.5614265288657,0,NOOP,False,,
342596,double_dqn,dueling,896,13.0,570,0.0,0.0,0.05,0.001211576396599412,2.00247859954834,3.120365858078003,0.1478622555732727,2.0258355140686035,3.1015076637268066,0.040956102311611176,0.1102151870727539,0.1063508540391922,10000,10000,1.0,251.1575253233747,251.1575253233747,84900,True,686,342500,0.0,0.0,2,RIGHT,greedy,76958,76635,94804,94199,21279,321317,0.06211105792245093,1,171298,2,2,251.1575253233747,125.57876266168735,2,2,125.57876266168735,251.1575253233747,125.57876266168735,251.1575253233747,62.11128096656397,1987.560990930047,2,RIGHT,False,,
342995,double_dqn,dueling,896,,,11.0,11.0,0.05,0.0010094833560287952,2.117558479309082,3.0299296379089355,0.6190804243087769,2.1420950889587402,3.0613434314727783,0.031780581921339035,0.15097594261169434,0.14771728217601776,10000,10000,1.0,251.1006987220279,251.1006987220279,85000,True,686,342500,0.0,0.0,3,LEFT,greedy,77070,76698,94907,94321,21303,321693,0.06210859601861246,0,171498,2,2,251.1006987220279,125.55034936101394,2,2,125.55034936101394,251.1006987220279,125.55034936101394,251.1006987220279,62.10014376863434,1987.2046005962989,3,LEFT,False,,
342996,double_dqn,dueling,896,,,6.0,6.0,0.05,0.0010094833560287952,2.117558479309082,3.0299296379089355,0.6190804243087769,2.1420950889587402,3.0613434314727783,0.031780581921339035,0.15097594261169434,0.14771728217601776,10000,10000,1.0,251.10064170211237,251.10064170211237,85000,True,686,342500,1.0,1.0,0,NOOP,greedy,77070,76698,94907,94321,21303,321693,0.06210859601861246,1,171498,2,2,251.10064170211237,125.55032085105618,2,2,125.55032085105618,251.10064170211237,125.55032085105618,251.10064170211237,62.1001296669414,1987.2041493421248,0,NOOP,False,,
343237,double_dqn,dueling,897,14.0,638,0.0,0.0,0.05,,,,,,,,,,10000,10000,1.0,251.13943989147285,251.13943989147285,85060,False,687,343000,0.0,0.0,3,LEFT,greedy,77145,76741,94966,94386,21314,321924,0.062096854077928434,0,171619,2,2,251.13943989147285,125.56971994573642,2,2,125.56971994573642,251.13943989147285,125.56971994573642,251.13943989147285,62.11013046673537,1987.5241749355318,3,LEFT,False,,
343395,double_dqn,dueling,897,,,2.0,2.0,0.05,0.0018333212938159704,2.066267490386963,3.1144111156463623,-0.017932649701833725,2.0634665489196777,3.093062400817871,0.04754571616649628,0.1419508010149002,0.30201902985572815,10000,10000,1.0,251.12022532843963,251.12022532843963,85100,True,687,343000,1.0,1.0,0,NOOP,greedy,77205,76764,94999,94428,21323,322073,0.06209449149087351,0,171698,2,2,251.12022532843963,125.56011266421982,2,2,125.56011266421982,251.12022532843963,125.56011266421982,251.12022532843963,62.10786420041144,1987.4516544131661,0,NOOP,False,,
343396,double_dqn,dueling,897,,,10.0,10.0,0.05,0.0018333212938159704,2.066267490386963,3.1144111156463623,-0.017932649701833725,2.0634665489196777,3.093062400817871,0.04754571616649628,0.1419508010149002,0.30201902985572815,10000,10000,1.0,251.1201669906841,251.1201669906841,85100,True,687,343000,0.0,0.0,1,FIRE,greedy,77205,76764,94999,94428,21323,322073,0.06209449149087351,1,171698,2,2,251.1201669906841,125.56008349534206,2,2,125.56008349534206,251.1201669906841,125.56008349534206,251.1201669906841,62.10784977212956,1987.451192708146,1,FIRE,False,,
343795,double_dqn,dueling,897,,,6.0,6.0,0.05,0.0017769886180758476,1.990880012512207,2.9180705547332764,0.5753774046897888,1.9752204418182373,2.9183576107025146,0.04448319226503372,0.21000009775161743,0.3748430907726288,10000,10000,1.0,251.0523647880961,251.0523647880961,85200,True,688,343500,0.0,0.0,2,RIGHT,greedy,77323,76843,95104,94526,21343,322453,0.062080419783825294,0,171898,2,2,251.0523647880961,125.52618239404805,2,2,125.52618239404805,251.0523647880961,125.52618239404805,251.0523647880961,62.09394655122864,1987.0062896393165,2,RIGHT,False,,
343796,double_dqn,dueling,897,,,20.0,17.0,0.05,0.0017769886180758476,1.990880012512207,2.9180705547332764,0.5753774046897888,1.9752204418182373,2.9183576107025146,0.04448319226503372,0.21000009775161743,0.3748430907726288,10000,10000,1.0,251.0523020269101,251.0523020269101,85200,True,688,343500,0.0,0.0,2,RIGHT,greedy,77323,76843,95104,94526,21343,322453,0.062080419783825294,1,171898,2,2,251.0523020269101,125.52615101345505,2,2,125.52615101345505,251.0523020269101,125.52615101345505,251.0523020269101,62.09393102821322,1987.005792902823,2,RIGHT,False,,
344195,double_dqn,dueling,897,,,10.0,10.0,0.05,0.0036971287336200476,1.8285621404647827,3.0271618366241455,0.6480656862258911,1.8472192287445068,2.9700801372528076,0.0576595738530159,0.33737707138061523,0.21707798540592194,10000,10000,1.0,251.00792274554365,251.00792274554365,85300,True,689,344000,0.0,0.0,1,FIRE,greedy,77447,76961,95186,94602,21370,322826,0.06208671803274878,0,172098,2,2,251.00792274554365,125.50396137277183,2,2,125.50396137277183,251.00792274554365,125.50396137277183,251.00792274554365,62.08579549076842,1986.7454557045894,1,FIRE,False,,
344196,double_dqn,dueling,897,,,24.0,21.0,0.05,0.0036971287336200476,1.8285621404647827,3.0271618366241455,0.6480656862258911,1.8472192287445068,2.9700801372528076,0.0576595738530159,0.33737707138061523,0.21707798540592194,10000,10000,1.0,251.00786656027182,251.00786656027182,85300,True,689,344000,0.0,0.0,0,NOOP,greedy,77447,76961,95186,94602,21370,322826,0.06208671803274878,1,172098,2,2,251.00786656027182,125.50393328013591,2,2,125.50393328013591,251.00786656027182,125.50393328013591,251.00786656027182,62.08578159356844,1986.7450109941901,0,NOOP,False,,
344595,double_dqn,dueling,897,,,18.0,15.0,0.05,0.00335626769810915,2.009610414505005,3.005342721939087,0.28130313754081726,2.0138750076293945,3.075251817703247,0.051045194268226624,0.3183157444000244,0.3281109929084778,10000,10000,1.0,250.97808611143944,250.97808611143944,85400,True,690,344500,0.0,0.0,1,FIRE,greedy,77540,77140,95247,94669,21391,323205,0.06207558996622131,0,172298,2,2,250.97808611143944,125.48904305571972,2,2,125.48904305571972,250.97808611143944,125.48904305571972,250.97808611143944,62.0812321548646,1986.5994289556672,1,FIRE,False,,
344596,double_dqn,dueling,897,,,32.0,26.0,0.05,0.00335626769810915,2.009610414505005,3.005342721939087,0.28130313754081726,2.0138750076293945,3.075251817703247,0.051045194268226624,0.3183157444000244,0.3281109929084778,10000,10000,1.0,250.97802571566757,250.97802571566757,85400,True,690,344500,0.0,0.0,0,NOOP,greedy,77540,77140,95247,94669,21391,323205,0.06207558996622131,1,172298,2,2,250.97802571566757,125.48901285783379,2,2,125.48901285783379,250.97802571566757,125.48901285783379,250.97802571566757,62.081217215536654,1986.598950897173,0,NOOP,False,,
344629,double_dqn,dueling,898,18.0,696,0.0,0.0,0.05,,,,,,,,,,10000,10000,1.0,250.96751431111628,250.96751431111628,85408,False,690,344500,0.0,0.0,1,FIRE,greedy,77548,77151,95250,94681,21393,323237,0.06207526912921104,0,172315,2,2,250.96751431111628,125.48375715555814,2,2,125.48375715555814,250.96751431111628,125.48375715555814,250.96751431111628,62.077529403786315,1986.480940921162,1,FIRE,False,,
344995,double_dqn,dueling,898,,,4.0,4.0,0.05,0.001856127753853798,1.9076242446899414,3.0770339965820312,0.047505661845207214,1.9515422582626343,3.0820584297180176,0.04560554400086403,0.21874237060546875,0.3136499226093292,10000,10000,1.0,250.89352128050655,250.89352128050655,85500,True,690,344500,0.0,0.0,1,FIRE,greedy,77665,77230,95326,94775,21413,323583,0.062067386288536676,0,172498,2,2,250.89352128050655,125.44676064025327,2,2,125.44676064025327,250.89352128050655,125.44676064025327,250.89352128050655,62.063106410487,1986.019405135584,1,FIRE,False,,
344996,double_dqn,dueling,898,,,38.0,32.0,0.05,0.001856127753853798,1.9076242446899414,3.0770339965820312,0.047505661845207214,1.9515422582626343,3.0820584297180176,0.04560554400086403,0.21874237060546875,0.3136499226093292,10000,10000,1.0,250.8934400416294,250.8934400416294,85500,True,690,344500,0.0,0.0,1,FIRE,greedy,77665,77230,95326,94775,21413,323583,0.062067386288536676,1,172498,2,2,250.8934400416294,125.4467200208147,2,2,125.4467200208147,250.8934400416294,125.4467200208147,250.8934400416294,62.06308631456323,1986.0187620660233,1,FIRE,False,,
345006,double_dqn,dueling,899,38.0,1205,0.0,0.0,0.05,,,,,,,,,,10000,10000,1.0,250.89324303426474,250.89324303426474,85502,False,691,345000,0.0,0.0,1,FIRE,greedy,77667,77232,95329,94778,21413,323593,0.06206558726514901,1,172503,2,2,250.89324303426474,125.44662151713237,2,2,125.44662151713237,250.89324303426474,125.44662151713237,250.89324303426474,62.06178667187605,1985.9771735000336,1,FIRE,False,,
345395,double_dqn,dueling,899,,,8.0,8.0,0.05,0.0017159951385110617,2.1881890296936035,2.889989137649536,0.8832977414131165,2.2065587043762207,2.8681845664978027,0.045375388115644455,0.17264604568481445,0.14984376728534698,10000,10000,1.0,250.88089593366524,250.88089593366524,85600,True,691,345000,0.0,0.0,3,LEFT,greedy,77722,77324,95432,94918,21443,323953,0.062082363432118495,0,172698,2,2,250.88089593366524,125.44044796683262,2,2,125.44044796683262,250.88089593366524,125.44044796683262,250.88089593366524,62.062751720602186,1986.00805505927,3,LEFT,False,,
345396,double_dqn,dueling,899,,,5.0,5.0,0.05,0.0017159951385110617,2.1881890296936035,2.889989137649536,0.8832977414131165,2.2065587043762207,2.8681845664978027,0.045375388115644455,0.17264604568481445,0.14984376728534698,10000,10000,1.0,250.88084321652414,250.88084321652414,85600,True,691,345000,0.0,0.0,1,FIRE,greedy,77722,77324,95432,94918,21443,323953,0.062082363432118495,1,172698,2,2,250.88084321652414,125.44042160826207,2,2,125.44042160826207,250.88084321652414,125.44042160826207,250.88084321652414,62.06273867947034,1986.007637743051,1,FIRE,False,,
345651,double_dqn,dueling,900,11.0,511,0.0,0.0,0.05,,,,,,,,,,10000,10000,1.0,250.9269608860016,250.9269608860016,85664,True,692,345500,0.0,0.0,3,LEFT,greedy,77773,77363,95512,95004,21461,324191,0.06208845891243216,0,172826,2,2,250.9269608860016,125.4634804430008,2,2,125.4634804430008,250.9269608860016,125.4634804430008,250.9269608860016,62.07590719948831,1986.429030383626,3,LEFT,False,,
345795,double_dqn,dueling,900,,,1.0,1.0,0.05,0.0005425290437415242,1.9767725467681885,2.889751434326172,0.2828415334224701,2.002560615539551,2.927476406097412,0.027891475707292557,0.07460761070251465,0.11563371866941452,10000,10000,1.0,250.94568139734253,250.94568139734253,85700,True,692,345500,0.0,0.0,3,LEFT,greedy,77808,77401,95545,95042,21472,324324,0.06209441404758875,0,172898,2,2,250.94568139734253,125.47284069867126,2,2,125.47284069867126,250.94568139734253,125.47284069867126,250.94568139734253,62.08152431662721,1986.6087781320707,3,LEFT,False,,
345796,double_dqn,dueling,900,,,9.0,9.0,0.05,0.0005425290437415242,1.9767725467681885,2.889751434326172,0.2828415334224701,2.002560615539551,2.927476406097412,0.027891475707292557,0.07460761070251465,0.11563371866941452,10000,10000,1.0,250.94562834730513,250.94562834730513,85700,True,692,345500,0.0,0.0,3,LEFT,greedy,77808,77401,95545,95042,21472,324324,0.06209441404758875,1,172898,2,2,250.94562834730513,125.47281417365257,2,2,125.47281417365257,250.94562834730513,125.47281417365257,250.94562834730513,62.0815111925632,1986.6083581620223,3,LEFT,False,,
346165,double_dqn,dueling,901,4.0,257,0.0,0.0,0.05,,,,,,,,,,10000,10000,1.0,250.99777422611746,250.99777422611746,85792,False,693,346000,0.0,0.0,2,RIGHT,greedy,77956,77475,95606,95129,21491,324675,0.06208293131041177,0,173083,2,2,250.99777422611746,125.49888711305873,2,2,125.49888711305873,250.99777422611746,125.49888711305873,250.99777422611746,62.09562679755382,1987.0600575217222,2,RIGHT,False,,
346195,double_dqn,dueling,901,,,0.0,0.0,0.05,0.001995759317651391,1.8878813982009888,2.882681369781494,0.49322259426116943,1.872866153717041,2.9053280353546143,0.04974696412682533,0.1322914958000183,0.42351415753364563,10000,10000,1.0,250.99685058933318,250.99685058933318,85800,True,693,346000,0.0,0.0,1,FIRE,greedy,77968,77489,95607,95132,21492,324704,0.06208043998197553,0,173098,2,2,250.99685058933318,125.49842529466659,2,2,125.49842529466659,250.99685058933318,125.49842529466659,250.99685058933318,62.096906806681574,1987.1010178138104,1,FIRE,False,,
346196,double_dqn,dueling,901,,,12.0,12.0,0.05,0.001995759317651391,1.8878813982009888,2.882681369781494,0.49322259426116943,1.872866153717041,2.9053280353546143,0.04974696412682533,0.1322914958000183,0.42351415753364563,10000,10000,1.0,250.9967742272466,250.9967742272466,85800,True,693,346000,0.0,0.0,0,NOOP,greedy,77968,77489,95607,95132,21492,324704,0.06208043998197553,1,173098,2,2,250.9967742272466,125.4983871136233,2,2,125.4983871136233,250.9967742272466,125.4983871136233,250.9967742272466,62.09688791461434,1987.100413267659,0,NOOP,False,,
346532,double_dqn,dueling,902,19.0,763,0.0,0.0,0.05,,,,,,,,,,10000,10000,1.0,251.0240164097117,251.0240164097117,85884,True,694,346500,0.0,0.0,0,NOOP,greedy,78088,77573,95667,95204,21504,325028,0.06205487516304411,1,173266,2,2,251.0240164097117,125.51200820485585,2,2,125.51200820485585,251.0240164097117,125.51200820485585,251.0240164097117,62.10589839548693,1987.3887486555818,0,NOOP,False,,
346595,double_dqn,dueling,902,,,5.0,5.0,0.05,0.0029377820901572704,1.962904930114746,2.8062243461608887,0.21939226984977722,1.9626379013061523,2.825155735015869,0.04753204435110092,0.2961789071559906,0.2632717490196228,10000,10000,1.0,251.02485765516215,251.02485765516215,85900,True,694,346500,0.0,0.0,1,FIRE,greedy,78107,77598,95677,95214,21506,325090,0.06204918694964743,0,173298,2,2,251.02485765516215,125.51242882758108,2,2,125.51242882758108,251.02485765516215,125.51242882758108,251.02485765516215,62.10653725931426,1987.4091922980563,1,FIRE,False,,
346596,double_dqn,dueling,902,,,1.0,1.0,0.05,0.0029377820901572704,1.962904930114746,2.8062243461608887,0.21939226984977722,1.9626379013061523,2.825155735015869,0.04753204435110092,0.2961789071559906,0.2632717490196228,10000,10000,1.0,251.02476991541621,251.02476991541621,85900,True,694,346500,1.0,1.0,0,NOOP,greedy,78107,77598,95677,95214,21506,325090,0.06204918694964743,1,173298,2,2,251.02476991541621,125.51238495770811,2,2,125.51238495770811,251.02476991541621,125.51238495770811,251.02476991541621,62.106515551456916,1987.4084976466213,0,NOOP,False,,
346995,double_dqn,dueling,902,,,9.0,9.0,0.05,0.0018129951786249876,1.975806713104248,2.8539445400238037,0.5748269557952881,2.00537371635437,2.8517959117889404,0.042418789118528366,0.2263413667678833,0.1713361144065857,10000,10000,1.0,250.9792001518606,250.9792001518606,86000,True,694,346500,0.0,0.0,1,FIRE,greedy,78173,77719,95783,95321,21529,325467,0.06204394286965844,0,173498,2,2,250.9792001518606,125.4896000759303,2,2,125.4896000759303,250.9792001518606,125.4896000759303,250.9792001518606,62.097919753850704,1987.1334321232225,1,FIRE,False,,
346996,double_dqn,dueling,902,,,5.0,5.0,0.05,0.0018129951786249876,1.975806713104248,2.8539445400238037,0.5748269557952881,2.00537371635437,2.8517959117889404,0.042418789118528366,0.2263413667678833,0.1713361144065857,10000,10000,1.0,250.97914540623475,250.97914540623475,86000,True,694,346500,0.0,0.0,3,LEFT,greedy,78173,77719,95783,95321,21529,325467,0.06204394286965844,1,173498,2,2,250.97914540623475,125.48957270311737,2,2,125.48957270311737,250.97914540623475,125.48957270311737,250.97914540623475,62.09790620854703,1987.132998673505,3,LEFT,False,,
347395,double_dqn,dueling,902,,,14.0,14.0,0.05,0.0012614572187885642,1.8668224811553955,2.898960828781128,0.29869797825813293,1.89255952835083,2.803231716156006,0.04044586420059204,0.11689162254333496,0.11210105568170547,10000,10000,1.0,251.01730059971177,251.01730059971177,86100,True,695,347000,0.0,0.0,1,FIRE,greedy,78266,77837,95859,95434,21545,325851,0.062018560950615434,0,173698,2,2,251.01730059971177,125.50865029985589,2,2,125.50865029985589,251.01730059971177,125.50865029985589,251.01730059971177,62.1100037696872,1987.5201206299903,1,FIRE,False,,
347396,double_dqn,dueling,902,,,9.0,9.0,0.05,0.0012614572187885642,1.8668224811553955,2.898960828781128,0.29869797825813293,1.89255952835083,2.803231716156006,0.04044586420059204,0.11689162254333496,0.11210105568170547,10000,10000,1.0,251.0172454154207,251.0172454154207,86100,True,695,347000,0.0,0.0,1,FIRE,greedy,78266,77837,95859,95434,21545,325851,0.062018560950615434,1,173698,2,2,251.0172454154207,125.50862270771034,2,2,125.50862270771034,251.0172454154207,125.50862270771034,251.0172454154207,62.1099901152637,1987.5196836884384,1,FIRE,False,,
347488,double_dqn,dueling,903,10.0,478,0.0,0.0,0.05,,,,,,,,,,10000,10000,1.0,251.0235562883934,251.0235562883934,86123,True,695,347000,0.0,0.0,0,NOOP,greedy,78286,77859,95874,95469,21552,325936,0.06202228566166314,1,173744,2,2,251.0235562883934,125.5117781441967,2,2,125.5117781441967,251.0235562883934,125.5117781441967,251.0235562883934,62.112159699538665,1987.5891103852373,0,NOOP,False,,
347561,double_dqn,dueling,904,15.0,698,0.0,0.0,0.05,,,,,,,,,,10000,10000,1.0,251.02589376356312,251.02589376356312,86141,False,696,347500,0.0,0.0,1,FIRE,random,78300,77881,95893,95488,21559,326003,0.0620292206858057,0,173781,2,2,251.02589376356312,125.51294688178156,2,2,125.51294688178156,251.02589376356312,125.51294688178156,251.02589376356312,62.111939848018835,1987.5820751366027,1,FIRE,False,,
347795,double_dqn,dueling,904,,,2.0,2.0,0.05,0.0013257324462756515,1.9678587913513184,2.850461721420288,0.538666307926178,1.973001480102539,2.882505416870117,0.04214848577976227,0.12230682373046875,0.2388046532869339,10000,10000,1.0,251.04487643027574,251.04487643027574,86200,True,696,347500,0.0,0.0,1,FIRE,greedy,78335,77948,95949,95564,21571,326225,0.06202198990212653,0,173898,2,2,251.04487643027574,125.52243821513787,2,2,125.52243821513787,251.04487643027574,125.52243821513787,251.04487643027574,62.11946260313553,1987.822803300337,1,FIRE,False,,
347796,double_dqn,dueling,904,,,4.0,4.0,0.05,0.0013257324462756515,1.9678587913513184,2.850461721420288,0.538666307926178,1.973001480102539,2.882505416870117,0.04214848577976227,0.12230682373046875,0.2388046532869339,10000,10000,1.0,251.04481591755803,251.04481591755803,86200,True,696,347500,0.0,0.0,2,RIGHT,greedy,78335,77948,95949,95564,21571,326225,0.06202198990212653,1,173898,2,2,251.04481591755803,125.52240795877901,2,2,125.52240795877901,251.04481591755803,125.52240795877901,251.04481591755803,62.11944762964729,1987.8223241487133,2,RIGHT,False,,
348195,double_dqn,dueling,904,,,8.0,8.0,0.05,0.001612329389899969,2.0542452335357666,3.0155560970306396,-0.2734069228172302,2.088330030441284,3.1242592334747314,0.04439677298069,0.15192222595214844,0.13630034029483795,10000,10000,1.0,251.0256593854575,251.0256593854575,86300,True,697,348000,0.0,0.0,3,LEFT,greedy,78425,78004,96098,95669,21591,326605,0.062008179301313054,0,174098,2,2,251.0256593854575,125.51282969272874,2,2,125.51282969272874,251.0256593854575,125.51282969272874,251.0256593854575,62.117321453085985,1987.7542864987515,3,LEFT,False,,
348196,double_dqn,dueling,904,,,9.0,9.0,0.05,0.001612329389899969,2.0542452335357666,3.0155560970306396,-0.2734069228172302,2.088330030441284,3.1242592334747314,0.04439677298069,0.15192222595214844,0.13630034029483795,10000,10000,1.0,251.02560605903912,251.02560605903912,86300,True,697,348000,1.0,1.0,0,NOOP,greedy,78425,78004,96098,95669,21591,326605,0.062008179301313054,1,174098,2,2,251.02560605903912,125.51280302951956,2,2,125.51280302951956,251.02560605903912,125.51280302951956,251.02560605903912,62.11730825724665,1987.7538642318927,0,NOOP,False,,
348595,double_dqn,dueling,904,,,13.0,13.0,0.05,0.010829959996044636,1.8447110652923584,2.8160934448242188,-0.006566397845745087,1.8992639780044556,2.755124568939209,0.061638347804546356,0.7301232218742371,0.6361882090568542,10000,10000,1.0,251.04127577953113,251.04127577953113,86400,True,698,348500,0.0,0.0,0,NOOP,greedy,78513,78099,96200,95784,21624,326972,0.062031692847881216,0,174298,2,2,251.04127577953113,125.52063788976557,2,2,125.52063788976557,251.04127577953113,125.52063788976557,251.04127577953113,62.12377873082863,1987.9609193865163,0,NOOP,False,,
348596,double_dqn,dueling,904,,,13.0,13.0,0.05,0.010829959996044636,1.8447110652923584,2.8160934448242188,-0.006566397845745087,1.8992639780044556,2.755124568939209,0.061638347804546356,0.7301232218742371,0.6361882090568542,10000,10000,1.0,251.04122279053803,251.04122279053803,86400,True,698,348500,0.0,0.0,3,LEFT,greedy,78513,78099,96200,95784,21624,326972,0.062031692847881216,1,174298,2,2,251.04122279053803,125.52061139526901,2,2,125.52061139526901,251.04122279053803,125.52061139526901,251.04122279053803,62.12376561793924,1987.9604997740557,3,LEFT,False,,
348717,double_dqn,dueling,905,17.0,578,0.0,0.0,0.05,,,,,,,,,,10000,10000,1.0,251.0576055953218,251.0576055953218,86430,False,698,348500,0.0,0.0,0,NOOP,greedy,78562,78119,96226,95811,21628,327090,0.062021461467432135,0,174359,2,2,251.0576055953218,125.5288027976609,2,2,125.5288027976609,251.0576055953218,125.5288027976609,251.0576055953218,62.127334904354996,1988.0747169393599,0,NOOP,False,,
348995,double_dqn,dueling,905,,,3.0,3.0,0.05,0.00174213876016438,1.9367517232894897,3.025677442550659,0.335213303565979,1.9733498096466064,3.1521458625793457,0.0442185252904892,0.15748125314712524,0.22043317556381226,10000,10000,1.0,251.0729251309303,251.0729251309303,86500,True,698,348500,0.0,0.0,3,LEFT,greedy,78637,78160,96304,95895,21638,327358,0.06200071060986372,0,174498,2,2,251.0729251309303,125.53646256546514,2,2,125.53646256546514,251.0729251309303,125.53646256546514,251.0729251309303,62.13418312641583,1988.2938600453065,3,LEFT,False,,
348996,double_dqn,dueling,905,,,20.0,17.0,0.05,0.00174213876016438,1.9367517232894897,3.025677442550659,0.335213303565979,1.9733498096466064,3.1521458625793457,0.0442185252904892,0.15748125314712524,0.22043317556381226,10000,10000,1.0,251.07287374363756,251.07287374363756,86500,True,698,348500,0.0,0.0,0,NOOP,greedy,78637,78160,96304,95895,21638,327358,0.06200071060986372,1,174498,2,2,251.07287374363756,125.53643687181878,2,2,125.53643687181878,251.07287374363756,125.53643687181878,251.07287374363756,62.134170409363776,1988.2934530996408,0,NOOP,False,,
349106,double_dqn,dueling,906,28.0,809,0.0,0.0,0.05,,,,,,,,,,10000,10000,1.0,251.08829787249527,251.08829787249527,86527,False,699,349000,0.0,0.0,1,FIRE,greedy,78669,78190,96326,95921,21641,327465,0.061989768150647655,1,174553,2,2,251.08829787249527,125.54414893624764,2,2,125.54414893624764,251.08829787249527,125.54414893624764,251.08829787249527,62.13742451133957,1988.3975843628662,1,FIRE,False,,
349395,double_dqn,dueling,906,,,8.0,8.0,0.05,0.0014240443706512451,2.180427312850952,2.9337756633758545,1.438181757926941,2.1877593994140625,2.9648561477661133,0.04056822508573532,0.1419391632080078,0.3157717287540436,10000,10000,1.0,251.12304851812576,251.12304851812576,86600,True,699,349000,0.0,0.0,3,LEFT,greedy,78772,78256,96374,95994,21653,327743,0.06197266139280358,0,174698,2,2,251.12304851812576,125.56152425906288,2,2,125.56152425906288,251.12304851812576,125.56152425906288,251.12304851812576,62.149139507599656,1988.772464243189,3,LEFT,False,,
349396,double_dqn,dueling,906,,,3.0,3.0,0.05,0.0014240443706512451,2.180427312850952,2.9337756633758545,1.438181757926941,2.1877593994140625,2.9648561477661133,0.04056822508573532,0.1419391632080078,0.3157717287540436,10000,10000,1.0,251.12299541380048,251.12299541380048,86600,True,699,349000,0.0,0.0,0,NOOP,greedy,78772,78256,96374,95994,21653,327743,0.06197266139280358,1,174698,2,2,251.12299541380048,125.56149770690024,2,2,125.56149770690024,251.12299541380048,125.56149770690024,251.12299541380048,62.1491263650859,1988.7720436827487,0,NOOP,False,,
349795,double_dqn,dueling,906,,,12.0,12.0,0.05,0.0018387667369097471,2.068380832672119,2.9562301635742188,1.2209324836730957,2.0859527587890625,3.004310131072998,0.04641292616724968,0.18885469436645508,0.1537540704011917,10000,10000,1.0,251.19367494347338,251.19367494347338,86700,True,700,349500,0.0,0.0,0,NOOP,greedy,78890,78335,96471,96100,21676,328120,0.06196754679870553,0,174898,2,2,251.19367494347338,125.59683747173669,2,2,125.59683747173669,251.19367494347338,125.59683747173669,251.19367494347338,62.16915084200619,1989.412826944198,0,NOOP,False,,
349796,double_dqn,dueling,906,,,8.0,8.0,0.05,0.0018387667369097471,2.068380832672119,2.9562301635742188,1.2209324836730957,2.0859527587890625,3.004310131072998,0.04641292616724968,0.18885469436645508,0.1537540704011917,10000,10000,1.0,251.19362385592171,251.19362385592171,86700,True,700,349500,0.0,0.0,3,LEFT,greedy,78890,78335,96471,96100,21676,328120,0.06196754679870553,1,174898,2,2,251.19362385592171,125.59681192796086,2,2,125.59681192796086,251.19362385592171,125.59681192796086,251.19362385592171,62.169138198098224,1989.4124223391432,3,LEFT,False,,
349889,double_dqn,dueling,907,14.0,586,0.0,0.0,0.05,,,,,,,,,,10000,10000,1.0,251.20840320548206,251.20840320548206,86723,False,700,349500,0.0,0.0,1,FIRE,greedy,78909,78355,96493,96133,21680,328210,0.06196233101832004,0,174945,2,2,251.20840320548206,125.60420160274103,2,2,125.60420160274103,251.20840320548206,125.60420160274103,251.20840320548206,62.17213078432203,1989.508185098305,1,FIRE,False,,
350152,double_dqn,dueling,908,12.0,523,0.0,0.0,0.05,,,,,,,,,,10000,10000,1.0,251.19267493225496,251.19267493225496,86789,True,701,350000,0.0,0.0,0,NOOP,greedy,78961,78400,96564,96227,21696,328456,0.06196166236377345,1,175076,2,2,251.19267493225496,125.59633746612748,2,2,125.59633746612748,251.19267493225496,125.59633746612748,251.19267493225496,62.17114012921096,1989.4764841347508,0,NOOP,False,,
350195,double_dqn,dueling,908,,,4.0,4.0,0.05,0.0025893549900501966,2.014173746109009,3.1162567138671875,0.3950962722301483,2.044832706451416,3.0968470573425293,0.048840828239917755,0.2666635513305664,0.27163222432136536,10000,10000,1.0,251.2057604476987,251.2057604476987,86800,True,701,350000,0.0,0.0,3,LEFT,greedy,78967,78422,96570,96237,21698,328498,0.06195958834481262,0,175098,2,2,251.2057604476987,125.60288022384935,2,2,125.60288022384935,251.2057604476987,125.60288022384935,251.2057604476987,62.1746542111709,1989.588934757469,3,LEFT,False,,
350196,double_dqn,dueling,908,,,0.0,0.0,0.05,0.0025893549900501966,2.014173746109009,3.1162567138671875,0.3950962722301483,2.044832706451416,3.0968470573425293,0.048840828239917755,0.2666635513305664,0.27163222432136536,10000,10000,1.0,251.2057083624822,251.2057083624822,86800,True,701,350000,0.0,0.0,1,FIRE,greedy,78967,78422,96570,96237,21698,328498,0.06195958834481262,1,175098,2,2,251.2057083624822,125.6028541812411,2,2,125.6028541812411,251.2057083624822,125.6028541812411,251.2057083624822,62.1746413198251,1989.5885222344032,1,FIRE,False,,
350595,double_dqn,dueling,908,,,8.0,8.0,0.05,0.0011611644877120852,2.0082666873931885,2.935405969619751,0.0572722852230072,2.034242630004883,2.9685730934143066,0.03861764818429947,0.11903953552246094,0.0954582467675209,10000,10000,1.0,251.22848847825355,251.22848847825355,86900,True,702,350500,0.0,0.0,1,FIRE,greedy,79029,78517,96683,96367,21722,328874,0.06195735262239158,0,175298,2,2,251.22848847825355,125.61424423912678,2,2,125.61424423912678,251.22848847825355,125.61424423912678,251.22848847825355,62.18277202493176,1989.8487047978163,1,FIRE,False,,
350596,double_dqn,dueling,908,,,5.0,5.0,0.05,0.0011611644877120852,2.0082666873931885,2.935405969619751,0.0572722852230072,2.034242630004883,2.9685730934143066,0.03861764818429947,0.11903953552246094,0.0954582467675209,10000,10000,1.0,251.22843715550908,251.22843715550908,86900,True,702,350500,0.0,0.0,1,FIRE,greedy,79029,78517,96683,96367,21722,328874,0.06195735262239158,1,175298,2,2,251.22843715550908,125.61421857775454,2,2,125.61421857775454,251.22843715550908,125.61421857775454,251.22843715550908,62.182759321792325,1989.8482982973544,1,FIRE,False,,
350995,double_dqn,dueling,908,,,12.0,12.0,0.05,0.0019249183824285865,2.1219305992126465,3.000591993331909,0.9016249775886536,2.1772637367248535,3.060101270675659,0.041373688727617264,0.17179036140441895,0.3573025166988373,10000,10000,1.0,251.22211889559824,251.22211889559824,87000,True,702,350500,0.0,0.0,0,NOOP,greedy,79088,78630,96795,96483,21738,329258,0.06193232971315912,0,175498,2,2,251.22211889559824,125.61105944779912,2,2,125.61105944779912,251.22211889559824,125.61105944779912,251.22211889559824,62.18366816775971,1989.8773813683108,0,NOOP,False,,
350996,double_dqn,dueling,908,,,9.0,9.0,0.05,0.0019249183824285865,2.1219305992126465,3.000591993331909,0.9016249775886536,2.1772637367248535,3.060101270675659,0.041373688727617264,0.17179036140441895,0.3573025166988373,10000,10000,1.0,251.22206071720177,251.22206071720177,87000,True,702,350500,0.0,0.0,1,FIRE,fire_reset,79088,78630,96795,96483,21738,329258,0.06193232971315912,1,175498,2,2,251.22206071720177,125.61103035860089,2,2,125.61103035860089,251.22206071720177,125.61103035860089,251.22206071720177,62.18365376717223,1989.8769205495114,1,FIRE,False,after_life_loss,
351150,double_dqn,dueling,909,10.0,499,0.0,0.0,0.05,,,,,,,,,,10000,10000,1.0,251.18833906599968,251.18833906599968,87038,False,703,351000,0.0,0.0,0,NOOP,greedy,79136,78654,96828,96532,21746,329404,0.06192795101808344,1,175575,2,2,251.18833906599968,125.59416953299984,2,2,125.59416953299984,251.18833906599968,125.59416953299984,251.18833906599968,62.17501181606954,1989.6003781142254,0,NOOP,False,,
351151,double_dqn,dueling,910,17.0,631,0.0,0.0,0.05,,,,,,,,,,10000,10000,1.0,251.17779084307298,251.17779084307298,87039,True,703,351000,0.0,0.0,0,NOOP,greedy,79137,78655,96828,96532,21746,329406,0.06192759830500752,0,175576,2,2,251.17779084307298,125.58889542153649,2,2,125.58889542153649,251.17779084307298,125.58889542153649,251.17779084307298,62.17365476835714,1989.5569525874284,0,NOOP,False,,
351395,double_dqn,dueling,910,,,2.0,2.0,0.05,0.0016565733822062612,1.984386920928955,2.812767505645752,0.3466659188270569,2.021822452545166,2.85984468460083,0.04392842948436737,0.12795138359069824,0.2287285327911377,10000,10000,1.0,251.18687906055038,251.18687906055038,87100,True,703,351000,0.0,0.0,1,FIRE,greedy,79186,78716,96901,96593,21761,329635,0.06192728431740828,0,175698,2,2,251.18687906055038,125.59343953027519,2,2,125.59343953027519,251.18687906055038,125.59343953027519,251.18687906055038,62.17739829520646,1989.6767454466067,1,FIRE,False,,
351396,double_dqn,dueling,910,,,3.0,3.0,0.05,0.0016565733822062612,1.984386920928955,2.812767505645752,0.3466659188270569,2.021822452545166,2.85984468460083,0.04392842948436737,0.12795138359069824,0.2287285327911377,10000,10000,1.0,251.18682691492273,251.18682691492273,87100,True,703,351000,0.0,0.0,3,LEFT,greedy,79186,78716,96901,96593,21761,329635,0.06192728431740828,1,175698,2,2,251.18682691492273,125.59341345746137,2,2,125.59341345746137,251.18682691492273,125.59341345746137,251.18682691492273,62.17738538736879,1989.6763323958012,3,LEFT,False,,
351795,double_dqn,dueling,910,,,7.0,7.0,0.05,0.0022361590526998043,1.8645528554916382,2.847529172897339,0.3434661030769348,1.8808410167694092,2.858463764190674,0.04783928394317627,0.21843859553337097,0.22782212495803833,10000,10000,1.0,251.24400310428862,251.24400310428862,87200,True,704,351500,0.0,0.0,2,RIGHT,greedy,79251,78838,96987,96720,21789,330007,0.06193646317752334,0,175898,2,2,251.24400310428862,125.62200155214431,2,2,125.62200155214431,251.24400310428862,125.62200155214431,251.24400310428862,62.19397259445331,1990.2071230225058,2,RIGHT,False,,
351796,double_dqn,dueling,910,,,6.0,6.0,0.05,0.0022361590526998043,1.8645528554916382,2.847529172897339,0.3434661030769348,1.8808410167694092,2.858463764190674,0.04783928394317627,0.21843859553337097,0.22782212495803833,10000,10000,1.0,251.24395008597784,251.24395008597784,87200,True,704,351500,0.0,0.0,2,RIGHT,greedy,79251,78838,96987,96720,21789,330007,0.06193646317752334,1,175898,2,2,251.24395008597784,125.62197504298892,2,2,125.62197504298892,251.24395008597784,125.62197504298892,251.24395008597784,62.193959470082866,1990.2067030426517,2,RIGHT,False,,
351878,double_dqn,dueling,911,7.0,364,0.0,0.0,0.05,,,,,,,,,,10000,10000,1.0,251.22895570122756,251.22895570122756,87220,False,704,351500,0.0,0.0,3,LEFT,greedy,79261,78858,97005,96754,21793,330085,0.06193339737067961,1,175939,2,2,251.22895570122756,125.61447785061378,2,2,125.61447785061378,251.22895570122756,125.61447785061378,251.22895570122756,62.189511315782184,1990.0643621050299,3,LEFT,False,,
352195,double_dqn,dueling,911,,,12.0,12.0,0.05,0.0031077275052666664,1.9930717945098877,2.8524932861328125,0.5611693263053894,2.0313656330108643,2.8959062099456787,0.053917981684207916,0.27049484848976135,0.4685376286506653,10000,10000,1.0,251.19597530155067,251.19597530155067,87300,True,705,352000,0.0,0.0,1,FIRE,greedy,79330,78967,97062,96837,21813,330383,0.06193426387579643,0,176098,2,2,251.19597530155067,125.59798765077534,2,2,125.59798765077534,251.19597530155067,125.59798765077534,251.19597530155067,62.18449821082949,1989.9039427465436,1,FIRE,False,,
352196,double_dqn,dueling,911,,,4.0,4.0,0.05,0.0031077275052666664,1.9930717945098877,2.8524932861328125,0.5611693263053894,2.0313656330108643,2.8959062099456787,0.053917981684207916,0.27049484848976135,0.4685376286506653,10000,10000,1.0,251.19592454828026,251.19592454828026,87300,True,705,352000,0.0,0.0,1,FIRE,greedy,79330,78967,97062,96837,21813,330383,0.06193426387579643,1,176098,2,2,251.19592454828026,125.59796227414013,2,2,125.59796227414013,251.19592454828026,125.59796227414013,251.19592454828026,62.184485646668584,1989.9035406933947,1,FIRE,False,,
352595,double_dqn,dueling,911,,,16.0,16.0,0.05,0.0017223779577761889,2.1025326251983643,2.9753406047821045,0.6575196981430054,2.1334781646728516,2.9351916313171387,0.04343095421791077,0.17316985130310059,0.10014082491397858,10000,10000,1.0,251.2029190377164,251.2029190377164,87400,True,706,352500,0.0,0.0,1,FIRE,greedy,79454,79087,97131,96924,21825,330771,0.06189803627948133,0,176298,2,2,251.2029190377164,125.6014595188582,2,2,125.6014595188582,251.2029190377164,125.6014595188582,251.2029190377164,62.18861301258294,1990.0356164026541,1,FIRE,False,,
352596,double_dqn,dueling,911,,,9.0,9.0,0.05,0.0017223779577761889,2.1025326251983643,2.9753406047821045,0.6575196981430054,2.1334781646728516,2.9351916313171387,0.04343095421791077,0.17316985130310059,0.10014082491397858,10000,10000,1.0,251.20287032472663,251.20287032472663,87400,True,706,352500,0.0,0.0,3,LEFT,greedy,79454,79087,97131,96924,21825,330771,0.06189803627948133,1,176298,2,2,251.20287032472663,125.60143516236332,2,2,125.60143516236332,251.20287032472663,125.60143516236332,251.20287032472663,62.18860095303649,1990.0352304971677,3,LEFT,False,,
352995,double_dqn,dueling,911,,,22.0,22.0,0.05,0.0011315641459077597,2.0313053131103516,2.9436771869659424,0.38657569885253906,2.0564420223236084,3.0051705837249756,0.036670178174972534,0.14490747451782227,0.13175128400325775,10000,10000,1.0,251.25535005769285,251.25535005769285,87500,True,706,352500,0.0,0.0,0,NOOP,greedy,79544,79199,97212,97041,21849,331147,0.061895885505784766,0,176498,2,2,251.25535005769285,125.62767502884643,2,2,125.62767502884643,251.25535005769285,125.62767502884643,251.25535005769285,62.20397074761262,1990.527063923604,0,NOOP,False,,
352996,double_dqn,dueling,911,,,14.0,14.0,0.05,0.0011315641459077597,2.0313053131103516,2.9436771869659424,0.38657569885253906,2.0564420223236084,3.0051705837249756,0.036670178174972534,0.14490747451782227,0.13175128400325775,10000,10000,1.0,251.2553001039533,251.2553001039533,87500,True,706,352500,0.0,0.0,0,NOOP,greedy,79544,79199,97212,97041,21849,331147,0.061895885505784766,1,176498,2,2,251.2553001039533,125.62765005197664,2,2,125.62765005197664,251.2553001039533,125.62765005197664,251.2553001039533,62.203958380429384,1990.5266681737403,0,NOOP,False,,
353177,double_dqn,dueling,912,28.0,1013,0.0,0.0,0.05,,,,,,,,,,10000,10000,1.0,251.2724536487687,251.2724536487687,87545,False,707,353000,0.0,0.0,1,FIRE,greedy,79602,79236,97245,97095,21860,331318,0.061895135031060824,0,176589,2,2,251.2724536487687,125.63622682438435,2,2,125.63622682438435,251.2724536487687,125.63622682438435,251.2724536487687,62.20806330810975,1990.658025859512,1,FIRE,False,,
353354,double_dqn,dueling,913,18.0,738,0.0,0.0,0.05,,,,,,,,,,10000,10000,1.0,251.29258498793726,251.29258498793726,87589,False,707,353000,0.0,0.0,2,RIGHT,greedy,79670,79259,97282,97143,21867,331487,0.061884116212070614,1,176677,2,2,251.29258498793726,125.64629249396863,2,2,125.64629249396863,251.29258498793726,125.64629249396863,251.29258498793726,62.21408619570929,1990.8507582626974,2,RIGHT,False,,
353395,double_dqn,dueling,913,,,2.0,2.0,0.05,0.00169497006572783,2.0244736671447754,3.040259599685669,0.696374237537384,2.0110082626342773,2.9367411136627197,0.04706188291311264,0.13643312454223633,0.495929092168808,10000,10000,1.0,251.2918992832126,251.2918992832126,87600,True,707,353000,0.0,0.0,2,RIGHT,random,79678,79265,97293,97160,21869,331527,0.061882420853659914,0,176698,2,2,251.2918992832126,125.6459496416063,2,2,125.6459496416063,251.2918992832126,125.6459496416063,251.2918992832126,62.215379025793645,1990.8921288253966,2,RIGHT,False,,
353396,double_dqn,dueling,913,,,0.0,0.0,0.05,0.00169497006572783,2.0244736671447754,3.040259599685669,0.696374237537384,2.0110082626342773,2.9367411136627197,0.04706188291311264,0.13643312454223633,0.495929092168808,10000,10000,1.0,251.29183204122612,251.29183204122612,87600,True,707,353000,0.0,0.0,2,RIGHT,greedy,79678,79265,97293,97160,21869,331527,0.061882420853659914,1,176698,2,2,251.29183204122612,125.64591602061306,2,2,125.64591602061306,251.29183204122612,125.64591602061306,251.29183204122612,62.21536237788065,1990.8915960921809,2,RIGHT,False,,
353795,double_dqn,dueling,913,,,9.0,9.0,0.05,0.005442071706056595,2.1131978034973145,2.9331207275390625,0.6939237117767334,2.1292929649353027,2.9632492065429688,0.051174554973840714,0.47081923484802246,0.48674464225769043,10000,10000,1.0,251.34811232997708,251.34811232997708,87700,True,708,353500,0.0,0.0,1,FIRE,greedy,79795,79334,97385,97282,21886,331910,0.061860507184931426,0,176898,2,2,251.34811232997708,125.67405616498854,2,2,125.67405616498854,251.34811232997708,125.67405616498854,251.34811232997708,62.231638394235624,1991.41242861554,1,FIRE,False,,
353796,double_dqn,dueling,913,,,5.0,5.0,0.05,0.005442071706056595,2.1131978034973145,2.9331207275390625,0.6939237117767334,2.1292929649353027,2.9632492065429688,0.051174554973840714,0.47081923484802246,0.48674464225769043,10000,10000,1.0,251.34805840323915,251.34805840323915,87700,True,708,353500,0.0,0.0,0,NOOP,greedy,79795,79334,97385,97282,21886,331910,0.061860507184931426,1,176898,2,2,251.34805840323915,125.67402920161958,2,2,125.67402920161958,251.34805840323915,125.67402920161958,251.34805840323915,62.2316250424375,1991.412001358,0,NOOP,False,,
354195,double_dqn,dueling,913,,,13.0,13.0,0.05,0.004039929714053869,1.9806705713272095,2.764008045196533,0.835219144821167,2.007723093032837,2.7539963722229004,0.057930249720811844,0.281141996383667,0.3812307119369507,10000,10000,1.0,251.35409255721382,251.35409255721382,87800,True,709,354000,0.0,0.0,1,FIRE,greedy,79942,79433,97449,97372,21904,332292,0.06184146630679059,0,177098,2,2,251.35409255721382,125.67704627860691,2,2,125.67704627860691,251.35409255721382,125.67704627860691,251.35409255721382,62.235443144492685,1991.534180623766,1,FIRE,False,,
354196,double_dqn,dueling,913,,,10.0,10.0,0.05,0.004039929714053869,1.9806705713272095,2.764008045196533,0.835219144821167,2.007723093032837,2.7539963722229004,0.057930249720811844,0.281141996383667,0.3812307119369507,10000,10000,1.0,251.35404435266227,251.35404435266227,87800,True,709,354000,0.0,0.0,1,FIRE,greedy,79942,79433,97449,97372,21904,332292,0.06184146630679059,1,177098,2,2,251.35404435266227,125.67702217633114,2,2,125.67702217633114,251.35404435266227,125.67702217633114,251.35404435266227,62.23543120901314,1991.5337986884206,1,FIRE,False,,
354595,double_dqn,dueling,913,,,20.0,17.0,0.05,0.0009991517290472984,1.9314110279083252,3.0261662006378174,-0.011036965996026993,1.965860366821289,3.0528786182403564,0.03669552505016327,0.13962650299072266,0.18369866907596588,10000,10000,1.0,251.38164128890992,251.38164128890992,87900,True,710,354500,0.0,0.0,1,FIRE,greedy,80070,79558,97517,97451,21922,332674,0.06182246838655822,0,177298,2,2,251.38164128890992,125.69082064445496,2,2,125.69082064445496,251.38164128890992,125.69082064445496,251.38164128890992,62.244570803295325,1991.8262657054504,1,FIRE,False,,
354596,double_dqn,dueling,913,,,16.0,16.0,0.05,0.0009991517290472984,1.9314110279083252,3.0261662006378174,-0.011036965996026993,1.965860366821289,3.0528786182403564,0.03669552505016327,0.13962650299072266,0.18369866907596588,10000,10000,1.0,251.38158969367728,251.38158969367728,87900,True,710,354500,0.0,0.0,2,RIGHT,greedy,80070,79558,97517,97451,21922,332674,0.06182246838655822,1,177298,2,2,251.38158969367728,125.69079484683864,2,2,125.69079484683864,251.38158969367728,125.69079484683864,251.38158969367728,62.24455802780745,1991.8258568898384,2,RIGHT,False,,
354867,double_dqn,dueling,914,24.0,845,0.0,0.0,0.05,,,,,,,,,,10000,10000,1.0,251.39217110678703,251.39217110678703,87968,True,710,354500,0.0,0.0,2,RIGHT,random,80148,79611,97583,97526,21936,332932,0.0618145338548418,0,177434,2,2,251.39217110678703,125.69608555339352,2,2,125.69608555339352,251.39217110678703,125.69608555339352,251.39217110678703,62.24873657483636,1991.9595703947634,2,RIGHT,False,,
354870,double_dqn,dueling,915,21.0,758,0.0,0.0,0.05,,,,,,,,,,10000,10000,1.0,251.3906667035527,251.3906667035527,87968,False,710,354500,0.0,0.0,2,RIGHT,greedy,80148,79612,97584,97526,21936,332934,0.06181418547637163,1,177435,2,2,251.3906667035527,125.69533335177636,2,2,125.69533335177636,251.3906667035527,125.69533335177636,251.3906667035527,62.247176907515524,1991.9096610404968,2,RIGHT,False,,
354995,double_dqn,dueling,915,,,1.0,1.0,0.05,0.001085558906197548,2.0659608840942383,2.881591320037842,0.8944921493530273,2.0811495780944824,2.8721184730529785,0.03507646918296814,0.13922935724258423,0.0740741640329361,10000,10000,1.0,251.3962894485261,251.3962894485261,88000,True,710,354500,0.0,0.0,2,RIGHT,greedy,80186,79640,97615,97555,21940,333056,0.061803513279022865,0,177498,2,2,251.3962894485261,125.69814472426305,2,2,125.69814472426305,251.3962894485261,125.69814472426305,251.3962894485261,62.25048696495323,1992.0155828785034,2,RIGHT,False,,
354996,double_dqn,dueling,915,,,1.0,1.0,0.05,0.001085558906197548,2.0659608840942383,2.881591320037842,0.8944921493530273,2.0811495780944824,2.8721184730529785,0.03507646918296814,0.13922935724258423,0.0740741640329361,10000,10000,1.0,251.39623972927615,251.39623972927615,88000,True,710,354500,0.0,0.0,0,NOOP,random,80186,79640,97615,97555,21940,333056,0.061803513279022865,1,177498,2,2,251.39623972927615,125.69811986463807,2,2,125.69811986463807,251.39623972927615,125.69811986463807,251.39623972927615,62.25047465352443,1992.0151889127817,0,NOOP,False,,
355395,double_dqn,dueling,915,,,6.0,6.0,0.05,0.0149811040610075,1.6839258670806885,2.994751214981079,0.6065589785575867,1.760588526725769,2.962747573852539,0.07747021317481995,0.8263332843780518,0.7509037256240845,10000,10000,1.0,251.43622794346277,251.43622794346277,88100,True,711,355000,0.0,0.0,0,NOOP,greedy,80286,79727,97707,97676,21961,333435,0.06179304212765478,0,177698,2,2,251.43622794346277,125.71811397173138,2,2,125.71811397173138,251.43622794346277,125.71811397173138,251.43622794346277,62.26264861186795,1992.4047555797745,0,NOOP,False,,
355396,double_dqn,dueling,915,,,6.0,6.0,0.05,0.0149811040610075,1.6839258670806885,2.994751214981079,0.6065589785575867,1.760588526725769,2.962747573852539,0.07747021317481995,0.8263332843780518,0.7509037256240845,10000,10000,1.0,251.4361719788219,251.4361719788219,88100,True,711,355000,0.0,0.0,3,LEFT,greedy,80286,79727,97707,97676,21961,333435,0.06179304212765478,1,177698,2,2,251.4361719788219,125.71808598941095,2,2,125.71808598941095,251.4361719788219,125.71808598941095,251.4361719788219,62.262634753456226,1992.4043121105992,3,LEFT,False,,
355795,double_dqn,dueling,915,,,14.0,11.0,0.05,0.001951425219886005,2.2343225479125977,3.0047833919525146,0.31982484459877014,2.265897035598755,2.9844329357147217,0.04655192047357559,0.18814539909362793,0.16779176890850067,10000,10000,1.0,251.42006703881535,251.42006703881535,88200,True,712,355500,0.0,0.0,3,LEFT,greedy,80403,79793,97790,97810,21989,333807,0.061802268715780956,0,177898,2,2,251.42006703881535,125.71003351940767,2,2,125.71003351940767,251.42006703881535,125.71003351940767,251.42006703881535,62.260901511871175,1992.3488483798776,3,LEFT,False,,
355796,double_dqn,dueling,915,,,11.0,11.0,0.05,0.001951425219886005,2.2343225479125977,3.0047833919525146,0.31982484459877014,2.265897035598755,2.9844329357147217,0.04655192047357559,0.18814539909362793,0.16779176890850067,10000,10000,1.0,251.41998745326453,251.41998745326453,88200,True,712,355500,0.0,0.0,0,NOOP,greedy,80403,79793,97790,97810,21989,333807,0.061802268715780956,1,177898,2,2,251.41998745326453,125.70999372663226,2,2,125.70999372663226,251.41998745326453,125.70999372663226,251.41998745326453,62.26088180354718,1992.3482177135097,0,NOOP,False,,
356195,double_dqn,dueling,915,,,26.0,17.0,0.05,0.0009177527390420437,2.1312758922576904,2.8599801063537598,0.4001644253730774,2.1438498497009277,2.9110848903656006,0.03570923954248428,0.09907019138336182,0.16300320625305176,10000,10000,1.0,251.399906885425,251.399906885425,88300,True,713,356000,0.0,0.0,1,FIRE,greedy,80518,79877,97880,97921,22004,334192,0.06177497782119956,0,178098,2,2,251.399906885425,125.6999534427125,2,2,125.6999534427125,251.399906885425,125.6999534427125,251.399906885425,62.25814673979992,1992.2606956735974,1,FIRE,False,,
356196,double_dqn,dueling,915,,,19.0,16.0,0.05,0.0009177527390420437,2.1312758922576904,2.8599801063537598,0.4001644253730774,2.1438498497009277,2.9110848903656006,0.03570923954248428,0.09907019138336182,0.16300320625305176,10000,10000,1.0,251.39985534598765,251.39985534598765,88300,True,713,356000,0.0,0.0,3,LEFT,greedy,80518,79877,97880,97921,22004,334192,0.06177497782119956,1,178098,2,2,251.39985534598765,125.69992767299382,2,2,125.69992767299382,251.39985534598765,125.69992767299382,251.39985534598765,62.25813397627151,1992.2602872406883,3,LEFT,False,,
356304,double_dqn,dueling,916,23.0,717,0.0,0.0,0.05,,,,,,,,,,10000,10000,1.0,251.3980394696552,251.3980394696552,88327,True,713,356000,0.0,0.0,3,LEFT,greedy,80545,79900,97914,97945,22011,334293,0.0617758992321164,1,178152,2,2,251.3980394696552,125.6990197348276,2,2,125.6990197348276,251.3980394696552,125.6990197348276,251.3980394696552,62.25828554972666,1992.265137591253,3,LEFT,False,,
356595,double_dqn,dueling,916,,,37.0,22.0,0.05,0.0017258180305361748,2.050351619720459,3.146573543548584,0.6241163015365601,2.0868189334869385,3.2107675075531006,0.04727485775947571,0.1672019362449646,0.25686872005462646,10000,10000,1.0,251.42672442210952,251.42672442210952,88400,True,714,356500,0.0,0.0,3,LEFT,greedy,80629,79952,97986,98029,22024,334572,0.06176176962164466,0,178298,2,2,251.42672442210952,125.71336221105476,2,2,125.71336221105476,251.42672442210952,125.71336221105476,251.42672442210952,62.26700906243451,1992.5442899979043,3,LEFT,False,,
356596,double_dqn,dueling,916,,,2.0,2.0,0.05,0.0017258180305361748,2.050351619720459,3.146573543548584,0.6241163015365601,2.0868189334869385,3.2107675075531006,0.04727485775947571,0.1672019362449646,0.25686872005462646,10000,10000,1.0,251.42667318372642,251.42667318372642,88400,True,714,356500,0.0,0.0,1,FIRE,greedy,80629,79952,97986,98029,22024,334572,0.06176176962164466,1,178298,2,2,251.42667318372642,125.71333659186321,2,2,125.71333659186321,251.42667318372642,125.71333659186321,251.42667318372642,62.26699637300831,1992.543883936266,1,FIRE,False,,
356803,double_dqn,dueling,917,46.0,968,0.0,0.0,0.05,,,,,,,,,,10000,10000,1.0,251.39481737659662,251.39481737659662,88452,True,714,356500,0.0,0.0,2,RIGHT,greedy,80675,79985,98046,98098,22032,334772,0.06174818667952153,0,178402,2,2,251.39481737659662,125.69740868829831,2,2,125.69740868829831,251.39481737659662,125.69740868829831,251.39481737659662,62.260255368978285,1992.3281718073051,2,RIGHT,False,,
356995,double_dqn,dueling,917,,,2.0,2.0,0.05,0.0016096984036266804,2.176957607269287,3.2392160892486572,1.1117879152297974,2.2143383026123047,3.1627750396728516,0.039915066212415695,0.1928555965423584,0.25011324882507324,10000,10000,1.0,251.3203398006332,251.3203398006332,88500,True,714,356500,0.0,0.0,3,LEFT,greedy,80713,80030,98087,98166,22041,334955,0.06174018756512678,0,178498,2,2,251.3203398006332,125.6601699003166,2,2,125.6601699003166,251.3203398006332,125.6601699003166,251.3203398006332,62.24286594243691,1991.771710157981,3,LEFT,False,,
356996,double_dqn,dueling,917,,,7.0,7.0,0.05,0.0016096984036266804,2.176957607269287,3.2392160892486572,1.1117879152297974,2.2143383026123047,3.1627750396728516,0.039915066212415695,0.1928555965423584,0.25011324882507324,10000,10000,1.0,251.3202760461189,251.3202760461189,88500,True,714,356500,0.0,0.0,2,RIGHT,random,80713,80030,98087,98166,22041,334955,0.06174018756512678,1,178498,2,2,251.3202760461189,125.66013802305945,2,2,125.66013802305945,251.3202760461189,125.66013802305945,251.3202760461189,62.242850152773045,1991.7712048887374,2,RIGHT,False,,
357395,double_dqn,dueling,917,,,6.0,6.0,0.05,0.0017851360607892275,2.0841832160949707,3.0512077808380127,0.6430152654647827,2.135362148284912,2.9990129470825195,0.042268306016922,0.1415245532989502,0.2974475026130676,10000,10000,1.0,251.19384461330827,251.19384461330827,88600,True,715,357000,0.0,0.0,2,RIGHT,greedy,80823,80108,98199,98266,22070,335326,0.061752230019362274,0,178698,2,2,251.19384461330827,125.59692230665414,2,2,125.59692230665414,251.19384461330827,125.59692230665414,251.19384461330827,62.21372372219996,1990.8391591103987,2,RIGHT,False,,
357396,double_dqn,dueling,917,,,13.0,13.0,0.05,0.0017851360607892275,2.0841832160949707,3.0512077808380127,0.6430152654647827,2.135362148284912,2.9990129470825195,0.042268306016922,0.1415245532989502,0.2974475026130676,10000,10000,1.0,251.19377099590423,251.19377099590423,88600,True,715,357000,0.0,0.0,1,FIRE,greedy,80823,80108,98199,98266,22070,335326,0.061752230019362274,1,178698,2,2,251.19377099590423,125.59688549795212,2,2,125.59688549795212,251.19377099590423,125.59688549795212,251.19377099590423,62.21370548921801,1990.8385756549762,1,FIRE,False,,
357795,double_dqn,dueling,917,,,11.0,11.0,0.05,0.003224714659154415,2.0219035148620605,3.1616930961608887,0.209669828414917,2.047238349914551,3.1275689601898193,0.055265795439481735,0.28005528450012207,0.47402042150497437,10000,10000,1.0,251.16388923615526,251.16388923615526,88700,True,716,357500,1.0,1.0,2,RIGHT,greedy,80926,80221,98287,98362,22091,335705,0.06174188643808204,0,178898,2,2,251.16388923615526,125.58194461807763,2,2,125.58194461807763,251.16388923615526,125.58194461807763,251.16388923615526,62.20847414297478,1990.671172575193,2,RIGHT,False,,
357796,double_dqn,dueling,917,,,17.0,17.0,0.05,0.003224714659154415,2.0219035148620605,3.1616930961608887,0.209669828414917,2.047238349914551,3.1275689601898193,0.055265795439481735,0.28005528450012207,0.47402042150497437,10000,10000,1.0,251.16383785474358,251.16383785474358,88700,True,716,357500,0.0,0.0,1,FIRE,random,80926,80221,98287,98362,22091,335705,0.06174188643808204,1,178898,2,2,251.16383785474358,125.58191892737179,2,2,125.58191892737179,251.16383785474358,125.58191892737179,251.16383785474358,62.2084614167854,1990.6707653371327,1,FIRE,False,,
357880,double_dqn,dueling,918,21.0,788,0.0,0.0,0.05,,,,,,,,,,10000,10000,1.0,251.169488548582,251.169488548582,88721,True,716,357500,0.0,0.0,3,LEFT,greedy,80946,80249,98302,98383,22093,335787,0.06173298312283447,1,178940,2,2,251.169488548582,125.584744274291,2,2,125.584744274291,251.169488548582,125.584744274291,251.169488548582,62.21031455337515,1990.7300657080048,3,LEFT,False,,
358195,double_dqn,dueling,918,,,16.0,16.0,0.05,0.002551807789131999,2.0472779273986816,2.999180555343628,0.011601569131016731,2.055919885635376,3.0967748165130615,0.05589916929602623,0.17965102195739746,0.19467097520828247,10000,10000,1.0,251.16786592519156,251.16786592519156,88800,True,717,358000,0.0,0.0,0,NOOP,greedy,81029,80348,98361,98458,22108,336088,0.06172039888775977,0,179098,2,2,251.16786592519156,125.58393296259578,2,2,125.58393296259578,251.16786592519156,125.58393296259578,251.16786592519156,62.211612619035904,1990.771603809149,0,NOOP,False,,
358196,double_dqn,dueling,918,,,4.0,4.0,0.05,0.002551807789131999,2.0472779273986816,2.999180555343628,0.011601569131016731,2.055919885635376,3.0967748165130615,0.05589916929602623,0.17965102195739746,0.19467097520828247,10000,10000,1.0,251.1678121082365,251.1678121082365,88800,True,717,358000,0.0,0.0,1,FIRE,greedy,81029,80348,98361,98458,22108,336088,0.06172039888775977,1,179098,2,2,251.1678121082365,125.58390605411824,2,2,125.58390605411824,251.1678121082365,125.58390605411824,251.1678121082365,62.21159928914775,1990.771177252728,1,FIRE,False,,
358233,double_dqn,dueling,919,16.0,715,0.0,0.0,0.05,,,,,,,,,,10000,10000,1.0,251.17579583720504,251.17579583720504,88809,False,717,358000,0.0,0.0,3,LEFT,greedy,81034,80350,98376,98474,22110,336124,0.06171943478285143,0,179117,2,2,251.17579583720504,125.58789791860252,2,2,125.58789791860252,251.17579583720504,125.58789791860252,251.17579583720504,62.212620200711356,1990.8038464227634,3,LEFT,False,,
358595,double_dqn,dueling,919,,,3.0,3.0,0.05,0.002091709990054369,2.074829578399658,3.207066774368286,0.9867408275604248,2.107621192932129,3.184324264526367,0.0472114197909832,0.1705935001373291,0.2889094948768616,10000,10000,1.0,251.18793085047534,251.18793085047534,88900,True,718,358500,0.0,0.0,2,RIGHT,greedy,81167,80416,98449,98564,22122,336474,0.061690593313924305,0,179298,2,2,251.18793085047534,125.59396542523767,2,2,125.59396542523767,251.18793085047534,125.59396542523767,251.18793085047534,62.218720320701834,1990.9990502624587,2,RIGHT,False,,
358596,double_dqn,dueling,919,,,8.0,8.0,0.05,0.002091709990054369,2.074829578399658,3.207066774368286,0.9867408275604248,2.107621192932129,3.184324264526367,0.0472114197909832,0.1705935001373291,0.2889094948768616,10000,10000,1.0,251.18787652596401,251.18787652596401,88900,True,718,358500,0.0,0.0,2,RIGHT,greedy,81167,80416,98449,98564,22122,336474,0.061690593313924305,1,179298,2,2,251.18787652596401,125.59393826298201,2,2,125.59393826298201,251.18787652596401,125.59393826298201,251.18787652596401,62.21870686463503,1990.998619668321,2,RIGHT,False,,
358995,double_dqn,dueling,919,,,7.0,7.0,0.05,0.0009056173148564994,2.0895512104034424,3.013317584991455,1.1012707948684692,2.096327304840088,2.993292808532715,0.033426787704229355,0.1138303279876709,0.07516223937273026,10000,10000,1.0,251.2204008925111,251.2204008925111,89000,True,718,358500,0.0,0.0,0,NOOP,greedy,81252,80527,98544,98673,22137,336859,0.06166363970629199,0,179498,2,2,251.2204008925111,125.61020044625555,2,2,125.61020044625555,251.2204008925111,125.61020044625555,251.2204008925111,62.228885497604566,1991.324335923346,0,NOOP,False,,
358996,double_dqn,dueling,919,,,13.0,13.0,0.05,0.0009056173148564994,2.0895512104034424,3.013317584991455,1.1012707948684692,2.096327304840088,2.993292808532715,0.033426787704229355,0.1138303279876709,0.07516223937273026,10000,10000,1.0,251.22035480184306,251.22035480184306,89000,True,718,358500,0.0,0.0,0,NOOP,greedy,81252,80527,98544,98673,22137,336859,0.06166363970629199,1,179498,2,2,251.22035480184306,125.61017740092153,2,2,125.61017740092153,251.22035480184306,125.61017740092153,251.22035480184306,62.22887408065398,1991.3239705809274,0,NOOP,False,,
359143,double_dqn,dueling,920,8.0,455,0.0,0.0,0.05,,,,,,,,,,10000,10000,1.0,251.2211481166694,251.2211481166694,89037,True,719,359000,0.0,0.0,2,RIGHT,greedy,81276,80558,98587,98723,22145,336999,0.06166050386474506,0,179572,2,2,251.2211481166694,125.6105740583347,2,2,125.6105740583347,251.2211481166694,125.6105740583347,251.2211481166694,62.229851943141846,1991.355262180539,2,RIGHT,False,,
359300,double_dqn,dueling,921,18.0,710,0.0,0.0,0.05,,,,,,,,,,10000,10000,1.0,251.2366126968151,251.2366126968151,89076,True,719,359000,0.0,0.0,3,LEFT,greedy,81304,80598,98627,98771,22151,337149,0.06165043139437796,1,179650,2,2,251.2366126968151,125.61830634840754,2,2,125.61830634840754,251.2366126968151,125.61830634840754,251.2366126968151,62.23450401433,1991.50412845856,3,LEFT,False,,
359395,double_dqn,dueling,921,,,3.0,3.0,0.05,0.0015276630874723196,2.0154778957366943,3.1860768795013428,0.7555669546127319,2.025956153869629,3.2377564907073975,0.03633401542901993,0.21657812595367432,0.21472401916980743,10000,10000,1.0,251.23908083847013,251.23908083847013,89100,True,719,359000,0.0,0.0,1,FIRE,greedy,81329,80636,98643,98788,22155,337241,0.06164509343454017,0,179698,2,2,251.23908083847013,125.61954041923507,2,2,125.61954041923507,251.23908083847013,125.61954041923507,251.23908083847013,62.235619690315026,1991.5398300900808,1,FIRE,False,,
359396,double_dqn,dueling,921,,,1.0,1.0,0.05,0.0015276630874723196,2.0154778957366943,3.1860768795013428,0.7555669546127319,2.025956153869629,3.2377564907073975,0.03633401542901993,0.21657812595367432,0.21472401916980743,10000,10000,1.0,251.23902954346414,251.23902954346414,89100,True,719,359000,0.0,0.0,1,FIRE,greedy,81329,80636,98643,98788,22155,337241,0.06164509343454017,1,179698,2,2,251.23902954346414,125.61951477173207,2,2,125.61951477173207,251.23902954346414,125.61951477173207,251.23902954346414,62.235606983786745,1991.5394234811758,1,FIRE,False,,
359795,double_dqn,dueling,921,,,7.0,7.0,0.05,0.0017228303477168083,2.2004456520080566,3.0308146476745605,1.0997557640075684,2.2246899604797363,3.120299816131592,0.046460460871458054,0.13307535648345947,0.12975502014160156,10000,10000,1.0,251.245304792436,251.245304792436,89200,True,720,359500,0.0,0.0,3,LEFT,random,81413,80770,98728,98885,22176,337620,0.06163492645832638,0,179898,2,2,251.245304792436,125.622652396218,2,2,125.622652396218,251.245304792436,125.622652396218,251.245304792436,62.23925320639611,1991.6561026046754,3,LEFT,False,,
359796,double_dqn,dueling,921,,,5.0,5.0,0.05,0.0017228303477168083,2.2004456520080566,3.0308146476745605,1.0997557640075684,2.2246899604797363,3.120299816131592,0.046460460871458054,0.13307535648345947,0.12975502014160156,10000,10000,1.0,251.24525672895038,251.24525672895038,89200,True,720,359500,0.0,0.0,2,RIGHT,greedy,81413,80770,98728,98885,22176,337620,0.06163492645832638,1,179898,2,2,251.24525672895038,125.62262836447519,2,2,125.62262836447519,251.24525672895038,125.62262836447519,251.24525672895038,62.23924129996285,1991.6557215988112,2,RIGHT,False,,
360195,double_dqn,dueling,921,,,12.0,12.0,0.05,0.0013433530693873763,2.0422298908233643,2.9298105239868164,1.1035549640655518,2.0555992126464844,2.9211056232452393,0.04281885549426079,0.1485670804977417,0.14092761278152466,10000,10000,1.0,251.22752783800672,251.22752783800672,89300,True,721,360000,0.0,0.0,3,LEFT,greedy,81544,80863,98808,98981,22202,337994,0.061638663394374175,0,180098,2,2,251.22752783800672,125.61376391900336,2,2,125.61376391900336,251.22752783800672,125.61376391900336,251.22752783800672,62.236925863459156,1991.581627630693,3,LEFT,False,,
360196,double_dqn,dueling,921,,,9.0,9.0,0.05,0.0013433530693873763,2.0422298908233643,2.9298105239868164,1.1035549640655518,2.0555992126464844,2.9211056232452393,0.04281885549426079,0.1485670804977417,0.14092761278152466,10000,10000,1.0,251.22748001297228,251.22748001297228,89300,True,721,360000,0.0,0.0,0,NOOP,greedy,81544,80863,98808,98981,22202,337994,0.061638663394374175,1,180098,2,2,251.22748001297228,125.61374000648614,2,2,125.61374000648614,251.22748001297228,125.61374000648614,251.22748001297228,62.236914015700485,1991.5812485024155,0,NOOP,False,,
360364,double_dqn,dueling,922,17.0,532,0.0,0.0,0.05,,,,,,,,,,10000,10000,1.0,251.24417549221343,251.24417549221343,89342,True,721,360000,0.0,0.0,3,LEFT,greedy,81568,80927,98847,99022,22215,338149,0.061646002375376006,1,180182,2,2,251.24417549221343,125.62208774610671,2,2,125.62208774610671,251.24417549221343,125.62208774610671,251.24417549221343,62.24191767363096,1991.7413655561907,3,LEFT,False,,
360595,double_dqn,dueling,922,,,16.0,16.0,0.05,0.0025024572387337685,2.0231010913848877,2.8757128715515137,1.1295374631881714,2.05731463432312,2.7879929542541504,0.04622605815529823,0.2663586139678955,0.3153797686100006,10000,10000,1.0,251.2609320269707,251.2609320269707,89400,True,722,360500,0.0,0.0,3,LEFT,greedy,81633,80972,98907,99084,22224,338372,0.061631299293392054,0,180298,2,2,251.2609320269707,125.63046601348535,2,2,125.63046601348535,251.2609320269707,125.63046601348535,251.2609320269707,62.24726279980261,1991.9124095936836,3,LEFT,False,,
360596,double_dqn,dueling,922,,,2.0,2.0,0.05,0.0025024572387337685,2.0231010913848877,2.8757128715515137,1.1295374631881714,2.05731463432312,2.7879929542541504,0.04622605815529823,0.2663586139678955,0.3153797686100006,10000,10000,1.0,251.26088430521793,251.26088430521793,89400,True,722,360500,0.0,0.0,0,NOOP,greedy,81633,80972,98907,99084,22224,338372,0.061631299293392054,1,180298,2,2,251.26088430521793,125.63044215260896,2,2,125.63044215260896,251.26088430521793,125.63044215260896,251.26088430521793,62.24725097723847,1991.9120312716311,0,NOOP,False,,
360843,double_dqn,dueling,923,20.0,850,0.0,0.0,0.05,,,,,,,,,,10000,10000,1.0,251.22536136657965,251.22536136657965,89462,True,722,360500,0.0,0.0,1,FIRE,greedy,81731,81021,98958,99134,22231,338613,0.06160834044628704,0,180422,2,2,251.22536136657965,125.61268068328982,2,2,125.61268068328982,251.22536136657965,125.61268068328982,251.22536136657965,62.23972112597564,1991.6710760312205,1,FIRE,False,,
360995,double_dqn,dueling,923,,,1.0,1.0,0.05,0.0009424034506082535,2.0761990547180176,3.077944040298462,0.836974024772644,2.099834442138672,3.0708842277526855,0.03283163160085678,0.13926124572753906,0.09374410659074783,10000,10000,1.0,251.19736475107717,251.19736475107717,89500,True,722,360500,0.0,0.0,1,FIRE,greedy,81794,81045,98985,99172,22236,338760,0.061596250373965364,0,180498,2,2,251.19736475107717,125.59868237553859,2,2,125.59868237553859,251.19736475107717,125.59868237553859,251.19736475107717,62.23356096877249,1991.4739510007196,1,FIRE,False,,
360996,double_dqn,dueling,923,,,6.0,6.0,0.05,0.0009424034506082535,2.0761990547180176,3.077944040298462,0.836974024772644,2.099834442138672,3.0708842277526855,0.03283163160085678,0.13926124572753906,0.09374410659074783,10000,10000,1.0,251.1973159177547,251.1973159177547,89500,True,722,360500,0.0,0.0,0,NOOP,greedy,81794,81045,98985,99172,22236,338760,0.061596250373965364,1,180498,2,2,251.1973159177547,125.59865795887735,2,2,125.59865795887735,251.1973159177547,125.59865795887735,251.1973159177547,62.2335488704308,1991.4735638537857,0,NOOP,False,,
361146,double_dqn,dueling,924,11.0,391,0.0,0.0,0.05,,,,,,,,,,10000,10000,1.0,251.1659309920021,251.1659309920021,89537,False,723,361000,0.0,0.0,0,NOOP,greedy,81842,81086,99019,99199,22243,338903,0.06159004945368355,1,180573,2,2,251.1659309920021,125.58296549600105,2,2,125.58296549600105,251.1659309920021,125.58296549600105,251.1659309920021,62.22540690439395,1991.2130209406064,0,NOOP,False,,
361395,double_dqn,dueling,924,,,5.0,5.0,0.05,0.0032931859605014324,2.1892802715301514,3.124513864517212,1.179469108581543,2.256493091583252,3.1684932708740234,0.05730057507753372,0.30610764026641846,0.6309439539909363,10000,10000,1.0,251.070322650577,251.070322650577,89600,True,723,361000,0.0,0.0,2,RIGHT,greedy,81908,81126,99096,99266,22251,339145,0.06156958018351061,0,180698,2,2,251.070322650577,125.5351613252885,2,2,125.5351613252885,251.070322650577,125.5351613252885,251.070322650577,62.20411715710865,1990.5317490274767,2,RIGHT,False,,
361396,double_dqn,dueling,924,,,3.0,3.0,0.05,0.0032931859605014324,2.1892802715301514,3.124513864517212,1.179469108581543,2.256493091583252,3.1684932708740234,0.05730057507753372,0.30610764026641846,0.6309439539909363,10000,10000,1.0,251.07026436532877,251.07026436532877,89600,True,723,361000,0.0,0.0,3,LEFT,greedy,81908,81126,99096,99266,22251,339145,0.06156958018351061,1,180698,2,2,251.07026436532877,125.53513218266438,2,2,125.53513218266438,251.07026436532877,125.53513218266438,251.07026436532877,62.204102716603,1990.531286931296,3,LEFT,False,,
361623,double_dqn,dueling,925,8.0,390,0.0,0.0,0.05,,,,,,,,,,10000,10000,1.0,250.98802323288848,250.98802323288848,89657,True,724,361500,0.0,0.0,1,FIRE,greedy,81961,81170,99159,99334,22263,339361,0.06156394487091565,0,180812,2,2,250.98802323288848,125.49401161644424,2,2,125.49401161644424,250.98802323288848,125.49401161644424,250.98802323288848,62.18487754003408,1989.9160812810906,1,FIRE,False,,
361795,double_dqn,dueling,925,,,2.0,2.0,0.05,0.0012404844164848328,2.2190794944763184,3.1496360301971436,1.2822363376617432,2.2416815757751465,3.1275110244750977,0.038559362292289734,0.13854622840881348,0.0903896912932396,10000,10000,1.0,250.97239033309842,250.97239033309842,89700,True,724,361500,0.0,0.0,3,LEFT,greedy,82020,81194,99214,99368,22275,339521,0.06156784486285089,0,180898,2,2,250.97239033309842,125.48619516654921,2,2,125.48619516654921,250.97239033309842,125.48619516654921,250.97239033309842,62.181869117289466,1989.819811753263,3,LEFT,False,,
361796,double_dqn,dueling,925,,,7.0,7.0,0.05,0.0012404844164848328,2.2190794944763184,3.1496360301971436,1.2822363376617432,2.2416815757751465,3.1275110244750977,0.038559362292289734,0.13854622840881348,0.0903896912932396,10000,10000,1.0,250.9723398514564,250.9723398514564,89700,True,724,361500,0.0,0.0,0,NOOP,greedy,82020,81194,99214,99368,22275,339521,0.06156784486285089,1,180898,2,2,250.9723398514564,125.4861699257282,2,2,125.4861699257282,250.9723398514564,125.4861699257282,250.9723398514564,62.18185660976682,1989.8194115125382,0,NOOP,False,,
362195,double_dqn,dueling,925,,,7.0,7.0,0.05,0.002155448542907834,2.1623339653015137,3.266646385192871,1.2994576692581177,2.1646780967712402,3.2302169799804688,0.0465778224170208,0.24340176582336426,0.2024243324995041,10000,10000,1.0,250.97936893926436,250.97936893926436,89800,True,725,362000,0.0,0.0,3,LEFT,greedy,82121,81283,99307,99485,22296,339900,0.061557830566875395,0,181098,2,2,250.97936893926436,125.48968446963218,2,2,125.48968446963218,250.97936893926436,125.48968446963218,250.97936893926436,62.18559910462592,1989.9391713480295,3,LEFT,False,,
362196,double_dqn,dueling,925,,,16.0,13.0,0.05,0.002155448542907834,2.1623339653015137,3.266646385192871,1.2994576692581177,2.1646780967712402,3.2302169799804688,0.0465778224170208,0.24340176582336426,0.2024243324995041,10000,10000,1.0,250.9793227333643,250.9793227333643,89800,True,725,362000,0.0,0.0,1,FIRE,greedy,82121,81283,99307,99485,22296,339900,0.061557830566875395,1,181098,2,2,250.9793227333643,125.48966136668216,2,2,125.48966136668216,250.9793227333643,125.48966136668216,250.9793227333643,62.18558765610891,1989.938804995485,1,FIRE,False,,
362595,double_dqn,dueling,925,,,11.0,11.0,0.05,0.0014506311854347587,2.1888351440429688,3.1292009353637695,0.9638237953186035,2.2410635948181152,3.157036781311035,0.04336095601320267,0.14471006393432617,0.3105270564556122,10000,10000,1.0,251.03000338602416,251.03000338602416,89900,True,726,362500,0.0,0.0,0,NOOP,random,82229,81366,99424,99577,22325,340271,0.06156990148815762,0,181298,2,2,251.03000338602416,125.51500169301208,2,2,125.51500169301208,251.03000338602416,125.51500169301208,251.03000338602416,62.20013201593918,1990.4042245100538,0,NOOP,False,,
362596,double_dqn,dueling,925,,,20.0,17.0,0.05,0.0014506311854347587,2.1888351440429688,3.1292009353637695,0.9638237953186035,2.2410635948181152,3.157036781311035,0.04336095601320267,0.14471006393432617,0.3105270564556122,10000,10000,1.0,251.02984192272694,251.02984192272694,89900,True,726,362500,0.0,0.0,0,NOOP,greedy,82229,81366,99424,99577,22325,340271,0.06156990148815762,1,181298,2,2,251.02984192272694,125.51492096136347,2,2,125.51492096136347,251.02984192272694,125.51492096136347,251.02984192272694,62.20009200861628,1990.402944275721,0,NOOP,False,,
362740,double_dqn,dueling,926,21.0,797,0.0,0.0,0.05,,,,,,,,,,10000,10000,1.0,251.03916374789992,251.03916374789992,89936,True,726,362500,0.0,0.0,1,FIRE,greedy,82275,81396,99464,99605,22335,340405,0.0615730275128191,1,181370,2,2,251.03916374789992,125.51958187394996,2,2,125.51958187394996,251.03916374789992,125.51958187394996,251.03916374789992,62.20311370673748,1990.4996386155995,1,FIRE,False,,
362975,double_dqn,dueling,927,15.0,676,0.0,0.0,0.05,,,,,,,,,,10000,10000,1.0,251.06517164707105,251.06517164707105,89995,True,726,362500,0.0,0.0,0,NOOP,greedy,82345,81452,99521,99658,22350,340626,0.061574318963237236,0,181488,2,2,251.06517164707105,125.53258582353553,2,2,125.53258582353553,251.06517164707105,125.53258582353553,251.06517164707105,62.21072099461927,1990.7430718278167,0,NOOP,False,,
362995,double_dqn,dueling,927,,,0.0,0.0,0.05,0.005975253880023956,2.049741744995117,3.0935330390930176,0.5621557235717773,2.0440216064453125,3.085256814956665,0.06533399224281311,0.36359089612960815,0.6069115400314331,10000,10000,1.0,251.06580083180668,251.06580083180668,90000,True,726,362500,0.0,0.0,3,LEFT,greedy,82349,81459,99525,99663,22351,340645,0.06157368125268598,0,181498,2,2,251.06580083180668,125.53290041590334,2,2,125.53290041590334,251.06580083180668,125.53290041590334,251.06580083180668,62.21097523354592,1990.7512074734695,3,LEFT,False,,
362996,double_dqn,dueling,927,,,2.0,2.0,0.05,0.005975253880023956,2.049741744995117,3.0935330390930176,0.5621557235717773,2.0440216064453125,3.085256814956665,0.06533399224281311,0.36359089612960815,0.6069115400314331,10000,10000,1.0,251.06575676213552,251.06575676213552,90000,True,726,362500,0.0,0.0,0,NOOP,greedy,82349,81459,99525,99663,22351,340645,0.06157368125268598,1,181498,2,2,251.06575676213552,125.53287838106776,2,2,125.53287838106776,251.06575676213552,125.53287838106776,251.06575676213552,62.21096431363085,1990.7508580361873,0,NOOP,False,,
363395,double_dqn,dueling,927,,,4.0,4.0,0.05,0.0026851180009543896,2.0677247047424316,2.9559876918792725,1.35468590259552,2.100368022918701,2.9557182788848877,0.053998738527297974,0.2573130130767822,0.18485264480113983,10000,10000,1.0,251.07995645592035,251.07995645592035,90100,True,727,363000,0.0,0.0,2,RIGHT,greedy,82454,81564,99606,99772,22375,341021,0.06157194905832755,0,181698,2,2,251.07995645592035,125.53997822796018,2,2,125.53997822796018,251.07995645592035,125.53997822796018,251.07995645592035,62.21644234765694,1990.926155125022,2,RIGHT,False,,
363396,double_dqn,dueling,927,,,6.0,6.0,0.05,0.0026851180009543896,2.0677247047424316,2.9559876918792725,1.35468590259552,2.100368022918701,2.9557182788848877,0.053998738527297974,0.2573130130767822,0.18485264480113983,10000,10000,1.0,251.0799062548005,251.0799062548005,90100,True,727,363000,0.0,0.0,3,LEFT,greedy,82454,81564,99606,99772,22375,341021,0.06157194905832755,1,181698,2,2,251.0799062548005,125.53995312740025,2,2,125.53995312740025,251.0799062548005,125.53995312740025,251.0799062548005,62.21642990805354,1990.9257570577133,3,LEFT,False,,
363795,double_dqn,dueling,927,,,8.0,8.0,0.05,0.0013370506931096315,2.079594135284424,3.0776119232177734,0.4979526400566101,2.10365891456604,3.0933218002319336,0.03942685201764107,0.12948620319366455,0.14827369153499603,10000,10000,1.0,251.0958211775466,251.0958211775466,90200,True,728,363500,0.0,0.0,2,RIGHT,random,82575,81654,99695,99872,22390,341406,0.06154548153360675,0,181898,2,2,251.0958211775466,125.5479105887733,2,2,125.5479105887733,251.0958211775466,125.5479105887733,251.0958211775466,62.22231942586415,1991.1142216276528,2,RIGHT,False,,
363796,double_dqn,dueling,927,,,11.0,11.0,0.05,0.0013370506931096315,2.079594135284424,3.0776119232177734,0.4979526400566101,2.10365891456604,3.0933218002319336,0.03942685201764107,0.12948620319366455,0.14827369153499603,10000,10000,1.0,251.09577485855897,251.09577485855897,90200,True,728,363500,0.0,0.0,2,RIGHT,greedy,82575,81654,99695,99872,22390,341406,0.06154548153360675,1,181898,2,2,251.09577485855897,125.54788742927948,2,2,125.54788742927948,251.09577485855897,125.54788742927948,251.09577485855897,62.22230794787606,1991.113854332034,2,RIGHT,False,,
363865,double_dqn,dueling,928,12.0,445,0.0,0.0,0.05,,,,,,,,,,10000,10000,1.0,251.10118507710686,251.10118507710686,90217,False,728,363500,0.0,0.0,1,FIRE,greedy,82595,81676,99707,99888,22392,341474,0.06153913803433132,0,181933,2,2,251.10118507710686,125.55059253855343,2,2,125.55059253855343,251.10118507710686,125.55059253855343,251.10118507710686,62.222885129324354,1991.1323241383793,1,FIRE,False,,
363874,double_dqn,dueling,929,12.0,567,0.0,0.0,0.05,,,,,,,,,,10000,10000,1.0,251.09798223332984,251.09798223332984,90219,False,728,363500,0.0,0.0,1,FIRE,greedy,82596,81683,99707,99888,22392,341482,0.06153778505746495,1,181937,2,2,251.09798223332984,125.54899111666492,2,2,125.54899111666492,251.09798223332984,125.54899111666492,251.09798223332984,62.22213027258287,1991.108168722652,1,FIRE,False,,
364195,double_dqn,dueling,929,,,4.0,4.0,0.05,0.0012547250371426344,2.079927921295166,2.923703670501709,1.1702686548233032,2.093287467956543,2.9426519870758057,0.039620861411094666,0.15375661849975586,0.14523747563362122,10000,10000,1.0,251.1198937688934,251.1198937688934,90300,True,729,364000,0.0,0.0,1,FIRE,greedy,82692,81763,99788,99953,22407,341789,0.06152456369647113,0,182098,2,2,251.1198937688934,125.5599468844467,2,2,125.5599468844467,251.1198937688934,125.5599468844467,251.1198937688934,62.230217115887726,1991.3669477084072,1,FIRE,False,,
364196,double_dqn,dueling,929,,,3.0,3.0,0.05,0.0012547250371426344,2.079927921295166,2.923703670501709,1.1702686548233032,2.093287467956543,2.9426519870758057,0.039620861411094666,0.15375661849975586,0.14523747563362122,10000,10000,1.0,251.11984793476142,251.11984793476142,90300,True,729,364000,0.0,0.0,2,RIGHT,greedy,82692,81763,99788,99953,22407,341789,0.06152456369647113,1,182098,2,2,251.11984793476142,125.55992396738071,2,2,125.55992396738071,251.11984793476142,125.55992396738071,251.11984793476142,62.23020575769566,1991.366584246261,2,RIGHT,False,,
364595,double_dqn,dueling,929,,,8.0,8.0,0.05,0.001190646318718791,2.3546712398529053,3.1527745723724365,0.834137499332428,2.394791603088379,3.2638206481933594,0.03697846084833145,0.11990213394165039,0.34403088688850403,10000,10000,1.0,251.14858381939695,251.14858381939695,90400,True,730,364500,0.0,0.0,0,NOOP,greedy,82800,81854,99894,100048,22428,342168,0.06151466280485798,0,182298,2,2,251.14858381939695,125.57429190969847,2,2,125.57429190969847,251.14858381939695,125.57429190969847,251.14858381939695,62.239245976186375,1991.655871237964,0,NOOP,False,,
364596,double_dqn,dueling,929,,,6.0,6.0,0.05,0.001190646318718791,2.3546712398529053,3.1527745723724365,0.834137499332428,2.394791603088379,3.2638206481933594,0.03697846084833145,0.11990213394165039,0.34403088688850403,10000,10000,1.0,251.14853675869594,251.14853675869594,90400,True,730,364500,0.0,0.0,1,FIRE,greedy,82800,81854,99894,100048,22428,342168,0.06151466280485798,1,182298,2,2,251.14853675869594,125.57426837934797,2,2,125.57426837934797,251.14853675869594,125.57426837934797,251.14853675869594,62.23923431367767,1991.6554980376854,1,FIRE,False,,
364856,double_dqn,dueling,930,10.0,491,0.0,0.0,0.05,,,,,,,,,,10000,10000,1.0,251.15180103928478,251.15180103928478,90465,True,730,364500,0.0,0.0,3,LEFT,greedy,82902,81895,99952,100107,22438,342418,0.06149823492007806,1,182428,2,2,251.15180103928478,125.57590051964239,2,2,125.57590051964239,251.15180103928478,125.57590051964239,251.15180103928478,62.24128356187053,1991.721073979857,3,LEFT,False,,
364995,double_dqn,dueling,930,,,13.0,13.0,0.05,0.0025416119024157524,2.246324062347412,3.1303915977478027,1.4310595989227295,2.292081356048584,3.0539908409118652,0.053605858236551285,0.1815967559814453,0.4427105486392975,10000,10000,1.0,251.09146070950376,251.09146070950376,90500,True,730,364500,0.0,0.0,2,RIGHT,greedy,82937,81936,99983,100140,22447,342549,0.06149930410196276,0,182498,2,2,251.09146070950376,125.54573035475188,2,2,125.54573035475188,251.09146070950376,125.54573035475188,251.09146070950376,62.226995189051344,1991.263846049643,2,RIGHT,False,,
364996,double_dqn,dueling,930,,,2.0,2.0,0.05,0.0025416119024157524,2.246324062347412,3.1303915977478027,1.4310595989227295,2.292081356048584,3.0539908409118652,0.053605858236551285,0.1815967559814453,0.4427105486392975,10000,10000,1.0,251.0914121342953,251.0914121342953,90500,True,730,364500,0.0,0.0,3,LEFT,greedy,82937,81936,99983,100140,22447,342549,0.06149930410196276,1,182498,2,2,251.0914121342953,125.54570606714765,2,2,125.54570606714765,251.0914121342953,125.54570606714765,251.0914121342953,62.226983150851176,1991.2634608272376,3,LEFT,False,,
365199,double_dqn,dueling,931,15.0,667,0.0,0.0,0.05,,,,,,,,,,10000,10000,1.0,251.07342788050246,251.07342788050246,90551,True,731,365000,0.0,0.0,2,RIGHT,greedy,82975,81965,100049,100211,22455,342745,0.061486856516977,0,182600,2,2,251.07342788050246,125.53671394025123,2,2,125.53671394025123,251.07342788050246,125.53671394025123,251.07342788050246,62.223492760315494,1991.1517683300958,2,RIGHT,False,,
365395,double_dqn,dueling,931,,,2.0,2.0,0.05,0.0009826880414038897,2.1494359970092773,3.025834560394287,0.4244028925895691,2.187084197998047,2.981607437133789,0.03503454476594925,0.10655498504638672,0.277046799659729,10000,10000,1.0,251.04850064955636,251.04850064955636,90600,True,731,365000,0.0,0.0,2,RIGHT,greedy,83015,82002,100108,100271,22465,342931,0.061481242268661945,0,182698,2,2,251.04850064955636,125.52425032477818,2,2,125.52425032477818,251.04850064955636,125.52425032477818,251.04850064955636,62.21824040761086,1990.9836930435474,2,RIGHT,False,,
365396,double_dqn,dueling,931,,,6.0,6.0,0.05,0.0009826880414038897,2.1494359970092773,3.025834560394287,0.4244028925895691,2.187084197998047,2.981607437133789,0.03503454476594925,0.10655498504638672,0.277046799659729,10000,10000,1.0,251.04845553630665,251.04845553630665,90600,True,731,365000,0.0,0.0,3,LEFT,greedy,83015,82002,100108,100271,22465,342931,0.061481242268661945,1,182698,2,2,251.04845553630665,125.52422776815332,2,2,125.52422776815332,251.04845553630665,125.52422776815332,251.04845553630665,62.21822922703416,1990.983335265093,3,LEFT,False,,
365795,double_dqn,dueling,931,,,7.0,7.0,0.05,0.0016207959270104766,2.1878905296325684,3.2270419597625732,1.3730571269989014,2.1931538581848145,3.182119369506836,0.04379801079630852,0.16166162490844727,0.14380335807800293,10000,10000,1.0,251.05797022408004,251.05797022408004,90700,True,732,365500,0.0,0.0,0,NOOP,greedy,83070,82098,100241,100387,22490,343306,0.061482356286017344,0,182898,2,2,251.05797022408004,125.52898511204002,2,2,125.52898511204002,251.05797022408004,125.52898511204002,251.05797022408004,62.22246612543501,1991.1189160139204,0,NOOP,False,,
365796,double_dqn,dueling,931,,,9.0,9.0,0.05,0.0016207959270104766,2.1878905296325684,3.2270419597625732,1.3730571269989014,2.1931538581848145,3.182119369506836,0.04379801079630852,0.16166162490844727,0.14380335807800293,10000,10000,1.0,251.05792341257344,251.05792341257344,90700,True,732,365500,0.0,0.0,2,RIGHT,greedy,83070,82098,100241,100387,22490,343306,0.061482356286017344,1,182898,2,2,251.05792341257344,125.52896170628672,2,2,125.52896170628672,251.05792341257344,125.52896170628672,251.05792341257344,62.22245452362297,1991.118544755935,2,RIGHT,False,,
365874,double_dqn,dueling,932,10.0,509,0.0,0.0,0.05,,,,,,,,,,10000,10000,1.0,251.0649685031282,251.0649685031282,90719,False,732,365500,0.0,0.0,1,FIRE,greedy,83087,82112,100258,100417,22495,343379,0.06148291488326582,1,182937,2,2,251.0649685031282,125.5324842515641,2,2,125.5324842515641,251.0649685031282,125.5324842515641,251.0649685031282,62.22348210532851,1991.1514273705122,1,FIRE,False,,
366195,double_dqn,dueling,932,,,11.0,11.0,0.05,0.0012881830334663391,2.0998172760009766,2.9099597930908203,0.8261743187904358,2.1205053329467773,2.8590266704559326,0.03654337301850319,0.14015889167785645,0.11145439743995667,10000,10000,1.0,251.0849519263021,251.0849519263021,90800,True,733,366000,0.0,0.0,1,FIRE,greedy,83158,82177,100361,100500,22513,343683,0.06147800631355886,0,183098,2,2,251.0849519263021,125.54247596315105,2,2,125.54247596315105,251.0849519263021,125.54247596315105,251.0849519263021,62.23101940278128,1991.392620889001,1,FIRE,False,,
366196,double_dqn,dueling,932,,,3.0,3.0,0.05,0.0012881830334663391,2.0998172760009766,2.9099597930908203,0.8261743187904358,2.1205053329467773,2.8590266704559326,0.03654337301850319,0.14015889167785645,0.11145439743995667,10000,10000,1.0,251.08490645956172,251.08490645956172,90800,True,733,366000,0.0,0.0,3,LEFT,greedy,83158,82177,100361,100500,22513,343683,0.06147800631355886,1,183098,2,2,251.08490645956172,125.54245322978086,2,2,125.54245322978086,251.08490645956172,125.54245322978086,251.08490645956172,62.231008133919566,1991.3922602854261,3,LEFT,False,,
366313,double_dqn,dueling,933,15.0,557,0.0,0.0,0.05,,,,,,,,,,10000,10000,1.0,251.08253346877729,251.08253346877729,90829,False,733,366000,0.0,0.0,1,FIRE,greedy,83179,82216,100387,100532,22519,343795,0.06147458191606108,0,183157,2,2,251.08253346877729,125.54126673438864,2,2,125.54126673438864,251.08253346877729,125.54126673438864,251.08253346877729,62.22988870503905,1991.3564385612497,1,FIRE,False,,
366595,double_dqn,dueling,933,,,4.0,4.0,0.05,0.0023997221142053604,2.109495162963867,3.054933786392212,0.494421124458313,2.156564712524414,3.09670090675354,0.04907635226845741,0.20345252752304077,0.48238030076026917,10000,10000,1.0,251.10258734550328,251.10258734550328,90900,True,734,366500,0.0,0.0,2,RIGHT,greedy,83232,82312,100457,100595,22530,344066,0.061457299043088304,0,183298,2,2,251.10258734550328,125.55129367275164,2,2,125.55129367275164,251.10258734550328,125.55129367275164,251.10258734550328,62.23724374504871,1991.5917998415587,2,RIGHT,False,,
366596,double_dqn,dueling,933,,,8.0,8.0,0.05,0.0023997221142053604,2.109495162963867,3.054933786392212,0.494421124458313,2.156564712524414,3.09670090675354,0.04907635226845741,0.20345252752304077,0.48238030076026917,10000,10000,1.0,251.10254219054963,251.10254219054963,90900,True,734,366500,0.0,0.0,3,LEFT,random,83232,82312,100457,100595,22530,344066,0.061457299043088304,1,183298,2,2,251.10254219054963,125.55127109527481,2,2,125.55127109527481,251.10254219054963,125.55127109527481,251.10254219054963,62.23723255312956,1991.5914417001459,3,LEFT,False,,
366995,double_dqn,dueling,933,,,9.0,9.0,0.05,0.002152123022824526,2.337008476257324,3.293708562850952,1.5443425178527832,2.363920211791992,3.139803409576416,0.04664230719208717,0.16559195518493652,0.16422417759895325,10000,10000,1.0,251.15230211515671,251.15230211515671,91000,True,734,366500,0.0,0.0,3,LEFT,greedy,83346,82375,100566,100709,22560,344436,0.06147205964097701,0,183498,2,2,251.15230211515671,125.57615105757836,2,2,125.57615105757836,251.15230211515671,125.57615105757836,251.15230211515671,62.25140696295112,1992.045022814436,3,LEFT,False,,
366996,double_dqn,dueling,933,,,12.0,12.0,0.05,0.002152123022824526,2.337008476257324,3.293708562850952,1.5443425178527832,2.363920211791992,3.139803409576416,0.04664230719208717,0.16559195518493652,0.16422417759895325,10000,10000,1.0,251.15225860637258,251.15225860637258,91000,True,734,366500,0.0,0.0,3,LEFT,greedy,83346,82375,100566,100709,22560,344436,0.06147205964097701,1,183498,2,2,251.15225860637258,125.57612930318629,2,2,125.57612930318629,251.15225860637258,125.57612930318629,251.15225860637258,62.251396178725756,1992.0446777192242,3,LEFT,False,,
367018,double_dqn,dueling,934,12.0,572,0.0,0.0,0.05,,,,,,,,,,10000,10000,1.0,251.1467150546861,251.1467150546861,91005,False,735,367000,0.0,0.0,3,LEFT,greedy,83348,82379,100577,100714,22561,344457,0.06147109951010577,1,183509,2,2,251.1467150546861,125.57335752734305,2,2,125.57335752734305,251.1467150546861,125.57335752734305,251.1467150546861,62.24904991921,1991.96959741472,3,LEFT,False,,
367395,double_dqn,dueling,934,,,13.0,13.0,0.05,0.0022055585868656635,2.2403664588928223,3.107058048248291,0.6745542287826538,2.2504029273986816,3.048461675643921,0.05039770156145096,0.1859569549560547,0.14623606204986572,10000,10000,1.0,251.14509636213342,251.14509636213342,91100,True,735,367000,0.0,0.0,1,FIRE,greedy,83450,82477,100675,100794,22578,344818,0.06145412579342181,0,183698,2,2,251.14509636213342,125.57254818106671,2,2,125.57254818106671,251.14509636213342,125.57254818106671,251.14509636213342,62.25144944497019,1992.0463822390461,1,FIRE,False,,
367396,double_dqn,dueling,934,,,3.0,3.0,0.05,0.0022055585868656635,2.2403664588928223,3.107058048248291,0.6745542287826538,2.2504029273986816,3.048461675643921,0.05039770156145096,0.1859569549560547,0.14623606204986572,10000,10000,1.0,251.14505354136182,251.14505354136182,91100,True,735,367000,0.0,0.0,0,NOOP,greedy,83450,82477,100675,100794,22578,344818,0.06145412579342181,1,183698,2,2,251.14505354136182,125.57252677068091,2,2,125.57252677068091,251.14505354136182,125.57252677068091,251.14505354136182,62.25143883096602,1992.0460425909127,0,NOOP,False,,
367729,double_dqn,dueling,935,16.0,708,0.0,0.0,0.05,,,,,,,,,,10000,10000,1.0,251.1240671491159,251.1240671491159,91183,False,736,367500,0.0,0.0,3,LEFT,greedy,83518,82543,100784,100885,22590,345140,0.061430941179669865,0,183865,2,2,251.1240671491159,125.56203357455794,2,2,125.56203357455794,251.1240671491159,125.56203357455794,251.1240671491159,62.24668756940032,1991.8940022208103,3,LEFT,False,,
367795,double_dqn,dueling,935,,,0.0,0.0,0.05,0.0032182871364057064,2.1958727836608887,3.101803779602051,1.0417534112930298,2.2442121505737305,3.112748146057129,0.051780812442302704,0.30872416496276855,0.40229037404060364,10000,10000,1.0,251.11921056102722,251.11921056102722,91200,True,736,367500,0.0,0.0,0,NOOP,greedy,83536,82577,100788,100895,22593,345203,0.06142807425855638,0,183898,2,2,251.11921056102722,125.55960528051361,2,2,125.55960528051361,251.11921056102722,125.55960528051361,251.11921056102722,62.246849037076245,1991.8991691864398,0,NOOP,False,,
367796,double_dqn,dueling,935,,,9.0,9.0,0.05,0.0032182871364057064,2.1958727836608887,3.101803779602051,1.0417534112930298,2.2442121505737305,3.112748146057129,0.051780812442302704,0.30872416496276855,0.40229037404060364,10000,10000,1.0,251.11916569948843,251.11916569948843,91200,True,736,367500,0.0,0.0,3,LEFT,greedy,83536,82577,100788,100895,22593,345203,0.06142807425855638,1,183898,2,2,251.11916569948843,125.55958284974422,2,2,125.55958284974422,251.11916569948843,125.55958284974422,251.11916569948843,62.24683791690178,1991.898813340857,3,LEFT,False,,
368195,double_dqn,dueling,935,,,10.0,7.0,0.05,0.0016702399589121342,2.2683024406433105,3.197246551513672,1.2191332578659058,2.293172836303711,3.2536001205444336,0.03987284004688263,0.1751549243927002,0.14086516201496124,10000,10000,1.0,251.06284547493055,251.06284547493055,91300,True,737,368000,0.0,0.0,3,LEFT,greedy,83670,82664,100876,100986,22608,345588,0.0614020793273148,0,184098,2,2,251.06284547493055,125.53142273746528,2,2,125.53142273746528,251.06284547493055,125.53142273746528,251.06284547493055,62.23468061161114,1991.5097795715565,3,LEFT,False,,
368196,double_dqn,dueling,935,,,17.0,14.0,0.05,0.0016702399589121342,2.2683024406433105,3.197246551513672,1.2191332578659058,2.293172836303711,3.2536001205444336,0.03987284004688263,0.1751549243927002,0.14086516201496124,10000,10000,1.0,251.06279886555313,251.06279886555313,91300,True,737,368000,0.0,0.0,3,LEFT,greedy,83670,82664,100876,100986,22608,345588,0.0614020793273148,1,184098,2,2,251.06279886555313,125.53139943277657,2,2,125.53139943277657,251.06279886555313,125.53139943277657,251.06279886555313,62.23466905785171,1991.5094098512548,3,LEFT,False,,
368595,double_dqn,dueling,935,,,13.0,10.0,0.05,0.0007753557292744517,2.371713161468506,3.188804864883423,1.0497550964355469,2.3725838661193848,3.2014334201812744,0.02810726687312126,0.13637232780456543,0.14861948788166046,10000,10000,1.0,251.02867405551993,251.02867405551993,91400,True,738,368500,0.0,0.0,0,NOOP,greedy,83833,82754,100954,101055,22623,345973,0.061376140815418506,0,184298,2,2,251.02867405551993,125.51433702775996,2,2,125.51433702775996,251.02867405551993,125.51433702775996,251.02867405551993,62.228000847905754,1991.2960271329841,0,NOOP,False,,
368596,double_dqn,dueling,935,,,24.0,18.0,0.05,0.0007753557292744517,2.371713161468506,3.188804864883423,1.0497550964355469,2.3725838661193848,3.2014334201812744,0.02810726687312126,0.13637232780456543,0.14861948788166046,10000,10000,1.0,251.02862830668212,251.02862830668212,91400,True,738,368500,0.0,0.0,1,FIRE,greedy,83833,82754,100954,101055,22623,345973,0.061376140815418506,1,184298,2,2,251.02862830668212,125.51431415334106,2,2,125.51431415334106,251.02862830668212,125.51431415334106,251.02862830668212,62.2279895071347,1991.2956642283104,1,FIRE,False,,
368718,double_dqn,dueling,936,29.0,850,0.0,0.0,0.05,,,,,,,,,,10000,10000,1.0,250.93261060529855,250.93261060529855,91430,False,738,368500,0.0,0.0,0,NOOP,greedy,83912,82767,100967,101072,22632,346086,0.06138024181081477,1,184359,2,2,250.93261060529855,125.46630530264927,2,2,125.46630530264927,250.93261060529855,125.46630530264927,250.93261060529855,62.203674232242214,1990.5175754317509,0,NOOP,False,,
368789,double_dqn,dueling,937,15.0,530,0.0,0.0,0.05,,,,,,,,,,10000,10000,1.0,250.87807373320535,250.87807373320535,91448,False,738,368500,0.0,0.0,0,NOOP,greedy,83937,82788,100981,101084,22637,346153,0.06138181620976708,0,184395,2,2,250.87807373320535,125.43903686660268,2,2,125.43903686660268,250.87807373320535,125.43903686660268,250.87807373320535,62.190475942602056,1990.0952301632658,0,NOOP,False,,
368995,double_dqn,dueling,937,,,2.0,2.0,0.05,0.002004549838602543,2.313532829284668,3.2547476291656494,0.25081759691238403,2.3295035362243652,3.2165911197662354,0.04147367924451828,0.26022839546203613,0.10969117283821106,10000,10000,1.0,250.64625543333162,250.64625543333162,91500,True,738,368500,0.0,0.0,0,NOOP,greedy,83986,82835,101044,101131,22652,346344,0.06138819933007404,0,184498,2,2,250.64625543333162,125.32312771666581,2,2,125.32312771666581,250.64625543333162,125.32312771666581,250.64625543333162,62.134978394465776,1988.3193086229048,0,NOOP,False,,
368996,double_dqn,dueling,937,,,3.0,3.0,0.05,0.002004549838602543,2.313532829284668,3.2547476291656494,0.25081759691238403,2.3295035362243652,3.2165911197662354,0.04147367924451828,0.26022839546203613,0.10969117283821106,10000,10000,1.0,250.6462130920599,250.6462130920599,91500,True,738,368500,0.0,0.0,0,NOOP,greedy,83986,82835,101044,101131,22652,346344,0.06138819933007404,1,184498,2,2,250.6462130920599,125.32310654602995,2,2,125.32310654602995,250.6462130920599,125.32310654602995,250.6462130920599,62.134967898103085,1988.3189727392987,0,NOOP,False,,
369395,double_dqn,dueling,937,,,6.0,6.0,0.05,0.0013647358864545822,2.4105887413024902,3.0802242755889893,0.14974629878997803,2.4328091144561768,3.084627628326416,0.04032972827553749,0.11360836029052734,0.24508380889892578,10000,10000,1.0,250.36062390193493,250.36062390193493,91600,True,739,369000,0.0,0.0,0,NOOP,greedy,84111,82944,101123,101218,22676,346720,0.0613866961201529,0,184698,2,2,250.36062390193493,125.18031195096746,2,2,125.18031195096746,250.36062390193493,125.18031195096746,250.36062390193493,62.06593275213049,1986.1098480681758,0,NOOP,False,,
369396,double_dqn,dueling,937,,,8.0,8.0,0.05,0.0013647358864545822,2.4105887413024902,3.0802242755889893,0.14974629878997803,2.4328091144561768,3.084627628326416,0.04032972827553749,0.11360836029052734,0.24508380889892578,10000,10000,1.0,250.36057486886068,250.36057486886068,91600,True,739,369000,0.0,0.0,0,NOOP,greedy,84111,82944,101123,101218,22676,346720,0.0613866961201529,1,184698,2,2,250.36057486886068,125.18028743443034,2,2,125.18028743443034,250.36057486886068,125.18028743443034,250.36057486886068,62.06592059653094,1986.10945908899,0,NOOP,False,,
369696,double_dqn,dueling,938,11.0,489,0.0,0.0,0.05,,,,,,,,,,10000,10000,1.0,250.1012660853877,250.1012660853877,91675,True,740,369500,0.0,0.0,3,LEFT,greedy,84197,83015,101190,101294,22694,347002,0.06138557084739894,1,184848,2,2,250.1012660853877,125.05063304269385,2,2,125.05063304269385,250.1012660853877,125.05063304269385,250.1012660853877,62.00294888565862,1984.0943643410758,3,LEFT,False,,
369697,double_dqn,dueling,939,10.0,454,0.0,0.0,0.05,,,,,,,,,,10000,10000,1.0,250.0966252546376,250.0966252546376,91675,False,740,369500,0.0,0.0,0,NOOP,greedy,84198,83016,101190,101294,22694,347004,0.06138523876244935,0,184849,2,2,250.0966252546376,125.0483126273188,2,2,125.0483126273188,250.0966252546376,125.0483126273188,250.0966252546376,62.00076240042537,1984.024396813612,0,NOOP,False,,
369795,double_dqn,dueling,939,,,0.0,0.0,0.05,0.0017135203815996647,2.2655811309814453,3.0752346515655518,0.8718534111976624,2.266263484954834,3.040098190307617,0.04428746551275253,0.16725534200668335,0.4032953083515167,10000,10000,1.0,250.03119603353707,250.03119603353707,91700,True,740,369500,0.0,0.0,2,RIGHT,greedy,84215,83067,101204,101310,22701,347095,0.06138790035587188,0,184898,2,2,250.03119603353707,125.01559801676854,2,2,125.01559801676854,250.03119603353707,125.01559801676854,250.03119603353707,61.98601364820209,1983.5524367424669,2,RIGHT,False,,
369796,double_dqn,dueling,939,,,1.0,1.0,0.05,0.0017135203815996647,2.2655811309814453,3.0752346515655518,0.8718534111976624,2.266263484954834,3.040098190307617,0.04428746551275253,0.16725534200668335,0.4032953083515167,10000,10000,1.0,250.03114791893105,250.03114791893105,91700,True,740,369500,0.0,0.0,0,NOOP,random,84215,83067,101204,101310,22701,347095,0.06138790035587188,1,184898,2,2,250.03114791893105,125.01557395946553,2,2,125.01557395946553,250.03114791893105,125.01557395946553,250.03114791893105,61.98600171996004,1983.5520550387214,0,NOOP,False,,
370195,double_dqn,dueling,939,,,4.0,4.0,0.05,0.0014453555922955275,2.3019614219665527,3.135056734085083,0.5542492866516113,2.310065746307373,3.1652331352233887,0.035808417946100235,0.1694585084915161,0.1818394958972931,10000,10000,1.0,249.75753289729795,249.75753289729795,91800,True,741,370000,0.0,0.0,1,FIRE,greedy,84373,83189,101267,101367,22722,347474,0.061378296902181544,0,185098,2,2,249.75753289729795,124.87876644864897,2,2,124.87876644864897,249.75753289729795,124.87876644864897,249.75753289729795,61.919903514314804,1981.4369124580737,1,FIRE,False,,
370196,double_dqn,dueling,939,,,4.0,4.0,0.05,0.0014453555922955275,2.3019614219665527,3.135056734085083,0.5542492866516113,2.310065746307373,3.1652331352233887,0.035808417946100235,0.1694585084915161,0.1818394958972931,10000,10000,1.0,249.75748157062577,249.75748157062577,91800,True,741,370000,0.0,0.0,0,NOOP,greedy,84373,83189,101267,101367,22722,347474,0.061378296902181544,1,185098,2,2,249.75748157062577,124.87874078531289,2,2,124.87874078531289,249.75748157062577,124.87874078531289,249.75748157062577,61.91989078940295,1981.4365052608944,0,NOOP,False,,
370595,double_dqn,dueling,939,,,10.0,10.0,0.05,0.0020009835716336966,2.335160732269287,3.384185552597046,0.0950932577252388,2.3290767669677734,3.3961310386657715,0.04552452266216278,0.23083025217056274,0.2722545266151428,10000,10000,1.0,249.69203860060284,249.69203860060284,91900,True,742,370500,0.0,0.0,3,LEFT,greedy,84501,83314,101339,101442,22742,347854,0.06136601582316053,0,185298,2,2,249.69203860060284,124.84601930030142,2,2,124.84601930030142,249.69203860060284,124.84601930030142,249.69203860060284,61.90538875351939,1980.9724401126205,3,LEFT,False,,
370596,double_dqn,dueling,939,,,11.0,11.0,0.05,0.0020009835716336966,2.335160732269287,3.384185552597046,0.0950932577252388,2.3290767669677734,3.3961310386657715,0.04552452266216278,0.23083025217056274,0.2722545266151428,10000,10000,1.0,249.69199507064894,249.69199507064894,91900,True,742,370500,0.0,0.0,0,NOOP,random,84501,83314,101339,101442,22742,347854,0.06136601582316053,1,185298,2,2,249.69199507064894,124.84599753532447,2,2,124.84599753532447,249.69199507064894,124.84599753532447,249.69199507064894,61.90537796127013,1980.9720947606443,0,NOOP,False,,
370995,double_dqn,dueling,939,,,14.0,14.0,0.05,0.002298779785633087,2.3690781593322754,3.2818119525909424,1.1647239923477173,2.3936362266540527,3.266800880432129,0.05154618248343468,0.16025090217590332,0.18963952362537384,10000,10000,1.0,249.68943169288033,249.68943169288033,92000,True,742,370500,0.0,0.0,0,NOOP,greedy,84657,83395,101419,101525,22761,348235,0.06135106577968496,0,185498,2,2,249.68943169288033,124.84471584644017,2,2,124.84471584644017,249.68943169288033,124.84471584644017,249.68943169288033,61.906453612968335,1981.0065156149867,0,NOOP,False,,
370996,double_dqn,dueling,939,,,17.0,14.0,0.05,0.002298779785633087,2.3690781593322754,3.2818119525909424,1.1647239923477173,2.3936362266540527,3.266800880432129,0.05154618248343468,0.16025090217590332,0.18963952362537384,10000,10000,1.0,249.68935713425842,249.68935713425842,92000,True,742,370500,0.0,0.0,0,NOOP,greedy,84657,83395,101419,101525,22761,348235,0.06135106577968496,1,185498,2,2,249.68935713425842,124.84467856712921,2,2,124.84467856712921,249.68935713425842,124.84467856712921,249.68935713425842,61.90643512736469,1981.00592407567,0,NOOP,False,,
371227,double_dqn,dueling,940,17.0,765,0.0,0.0,0.05,,,,,,,,,,10000,10000,1.0,249.69614281360938,249.69614281360938,92058,True,743,371000,0.0,0.0,3,LEFT,greedy,84780,83443,101452,101553,22771,348457,0.061339661878953095,0,185614,2,2,249.69614281360938,124.84807140680469,2,2,124.84807140680469,249.69614281360938,124.84807140680469,249.69614281360938,61.909104864789136,1981.0913556732523,3,LEFT,False,,
371366,double_dqn,dueling,941,25.0,835,0.0,0.0,0.05,,,,,,,,,,10000,10000,1.0,249.69431096935398,249.69431096935398,92092,False,743,371000,0.0,0.0,0,NOOP,greedy,84839,83477,101471,101579,22776,348590,0.06133033180204973,1,185683,2,2,249.69431096935398,124.84715548467699,2,2,124.84715548467699,249.69431096935398,124.84715548467699,249.69431096935398,61.90820749945479,1981.0626399825533,0,NOOP,False,,
371395,double_dqn,dueling,941,,,1.0,1.0,0.05,0.011385415680706501,2.2808070182800293,3.188829183578491,0.5551015138626099,2.338364601135254,3.2773163318634033,0.07136622816324234,0.7912266850471497,1.0002321004867554,10000,10000,1.0,249.67712275287067,249.67712275287067,92100,True,743,371000,0.0,0.0,1,FIRE,greedy,84848,83491,101476,101581,22777,348619,0.06132807030770391,0,185698,2,2,249.67712275287067,124.83856137643534,2,2,124.83856137643534,249.67712275287067,124.83856137643534,249.67712275287067,61.9051016321679,1980.9632522293728,1,FIRE,False,,
371396,double_dqn,dueling,941,,,0.0,0.0,0.05,0.011385415680706501,2.2808070182800293,3.188829183578491,0.5551015138626099,2.338364601135254,3.2773163318634033,0.07136622816324234,0.7912266850471497,1.0002321004867554,10000,10000,1.0,249.67706991220558,249.67706991220558,92100,True,743,371000,0.0,0.0,2,RIGHT,greedy,84848,83491,101476,101581,22777,348619,0.06132807030770391,1,185698,2,2,249.67706991220558,124.83853495610279,2,2,124.83853495610279,249.67706991220558,124.83853495610279,249.67706991220558,61.905088530820414,1980.9628329862533,2,RIGHT,False,,
371795,double_dqn,dueling,941,,,5.0,5.0,0.05,0.00214363937266171,2.2096986770629883,3.4068562984466553,0.28979456424713135,2.2257158756256104,3.4065699577331543,0.054114073514938354,0.16256403923034668,0.20848989486694336,10000,10000,1.0,249.41539626507154,249.41539626507154,92200,True,744,371500,0.0,0.0,0,NOOP,greedy,84940,83609,101573,101674,22786,349010,0.061286296786409754,0,185898,2,2,249.41539626507154,124.70769813253577,2,2,124.70769813253577,249.41539626507154,124.70769813253577,249.41539626507154,61.84189588992163,1978.9406684774922,0,NOOP,False,,
371796,double_dqn,dueling,941,,,4.0,4.0,0.05,0.00214363937266171,2.2096986770629883,3.4068562984466553,0.28979456424713135,2.2257158756256104,3.4065699577331543,0.054114073514938354,0.16256403923034668,0.20848989486694336,10000,10000,1.0,249.41533104158367,249.41533104158367,92200,True,744,371500,0.0,0.0,3,LEFT,greedy,84940,83609,101573,101674,22786,349010,0.061286296786409754,1,185898,2,2,249.41533104158367,124.70766552079183,2,2,124.70766552079183,249.41533104158367,124.70766552079183,249.41533104158367,61.841879717928215,1978.9401509737029,3,LEFT,False,,
371903,double_dqn,dueling,942,6.0,338,0.0,0.0,0.05,,,,,,,,,,10000,10000,1.0,249.281437422611,249.281437422611,92227,True,744,371500,0.0,0.0,1,FIRE,greedy,84976,83650,101589,101689,22792,349112,0.061284632593357424,0,185952,2,2,249.281437422611,124.6407187113055,2,2,124.6407187113055,249.281437422611,124.6407187113055,249.281437422611,61.80913446265783,1977.8923028050506,1,FIRE,False,,
372195,double_dqn,dueling,942,,,2.0,2.0,0.05,0.0016792515525594354,2.3583579063415527,3.147338390350342,0.9763890504837036,2.4049160480499268,3.2009317874908447,0.04734106361865997,0.13129067420959473,0.492349773645401,10000,10000,1.0,248.9418800217275,248.9418800217275,92300,True,745,372000,0.0,0.0,3,LEFT,greedy,85099,83691,101669,101737,22799,349397,0.06125536007909811,0,186098,2,2,248.9418800217275,124.47094001086376,2,2,124.47094001086376,248.9418800217275,124.47094001086376,248.9418800217275,61.7261614355488,1975.2371659375617,3,LEFT,False,,
372196,double_dqn,dueling,942,,,9.0,9.0,0.05,0.0016792515525594354,2.3583579063415527,3.147338390350342,0.9763890504837036,2.4049160480499268,3.2009317874908447,0.04734106361865997,0.13129067420959473,0.492349773645401,10000,10000,1.0,248.94181287465852,248.94181287465852,92300,True,745,372000,0.0,0.0,0,NOOP,greedy,85099,83691,101669,101737,22799,349397,0.06125536007909811,1,186098,2,2,248.94181287465852,124.47090643732926,2,2,124.47090643732926,248.94181287465852,124.47090643732926,248.94181287465852,61.726144786157306,1975.2366331570338,0,NOOP,False,,
372522,double_dqn,dueling,943,16.0,578,0.0,0.0,0.05,,,,,,,,,,10000,10000,1.0,248.44543318366587,248.44543318366587,92381,False,746,372500,0.0,0.0,0,NOOP,greedy,85245,83778,101711,101788,22820,349702,0.06125812703679246,1,186261,2,2,248.44543318366587,124.22271659183293,2,2,124.22271659183293,248.44543318366587,124.22271659183293,248.44543318366587,61.603403961082655,1971.308926754645,0,NOOP,False,,
372595,double_dqn,dueling,943,,,6.0,6.0,0.05,0.00277778971940279,2.3439598083496094,3.0704190731048584,0.9214047193527222,2.3933424949645996,3.098931312561035,0.05981864407658577,0.17158865928649902,0.42666688561439514,10000,10000,1.0,248.23000154818163,248.23000154818163,92400,True,746,372500,0.0,0.0,0,NOOP,greedy,85283,83798,101722,101793,22825,349771,0.06125938013290535,0,186298,2,2,248.23000154818163,124.11500077409082,2,2,124.11500077409082,248.23000154818163,124.11500077409082,248.23000154818163,61.55130523885912,1969.641767643492,0,NOOP,False,,
372596,double_dqn,dueling,943,,,1.0,1.0,0.05,0.00277778971940279,2.3439598083496094,3.0704190731048584,0.9214047193527222,2.3933424949645996,3.098931312561035,0.05981864407658577,0.17158865928649902,0.42666688561439514,10000,10000,1.0,248.22989956837696,248.22989956837696,92400,True,746,372500,0.0,0.0,1,FIRE,greedy,85283,83798,101722,101793,22825,349771,0.06125938013290535,1,186298,2,2,248.22989956837696,124.11494978418848,2,2,124.11494978418848,248.22989956837696,124.11494978418848,248.22989956837696,61.55127995186704,1969.6409584597452,1,FIRE,False,,
372995,double_dqn,dueling,943,,,13.0,10.0,0.05,0.002200126415118575,2.3274974822998047,3.4364168643951416,1.4598073959350586,2.339319944381714,3.3587186336517334,0.04394269734621048,0.27234983444213867,0.21550019085407257,10000,10000,1.0,247.96882892867504,247.96882892867504,92500,True,746,372500,0.0,0.0,2,RIGHT,greedy,85412,83921,101796,101867,22844,350152,0.06124462460723439,0,186498,2,2,247.96882892867504,123.98441446433752,2,2,123.98441446433752,247.96882892867504,123.98441446433752,247.96882892867504,61.48818915652265,1967.6220530087248,2,RIGHT,False,,
372996,double_dqn,dueling,943,,,5.0,5.0,0.05,0.002200126415118575,2.3274974822998047,3.4364168643951416,1.4598073959350586,2.339319944381714,3.3587186336517334,0.04394269734621048,0.27234983444213867,0.21550019085407257,10000,10000,1.0,247.96878758513515,247.96878758513515,92500,True,746,372500,0.0,0.0,1,FIRE,greedy,85412,83921,101796,101867,22844,350152,0.06124462460723439,1,186498,2,2,247.96878758513515,123.98439379256757,2,2,123.98439379256757,247.96878758513515,123.98439379256757,247.96878758513515,61.488178904672,1967.621724949504,1,FIRE,False,,
373135,double_dqn,dueling,944,14.0,616,0.0,0.0,0.05,,,,,,,,,,10000,10000,1.0,247.92846241993797,247.92846241993797,92535,True,747,373000,0.0,0.0,1,FIRE,greedy,85452,83973,101822,101889,22850,350286,0.06123772565498906,0,186568,2,2,247.92846241993797,123.96423120996899,2,2,123.96423120996899,247.92846241993797,123.96423120996899,247.92846241993797,61.47875252997,1967.32008095904,1,FIRE,False,,
373358,double_dqn,dueling,945,8.0,418,0.0,0.0,0.05,,,,,,,,,,10000,10000,1.0,247.79548579731903,247.79548579731903,92590,False,747,373000,0.0,0.0,1,FIRE,greedy,85494,84071,101862,101931,22860,350498,0.06122809742927699,1,186679,2,2,247.79548579731903,123.89774289865952,2,2,123.89774289865952,247.79548579731903,123.89774289865952,247.79548579731903,61.44567936456648,1966.2617396661274,1,FIRE,False,,
373395,double_dqn,dueling,945,,,2.0,2.0,0.05,0.001496680430136621,2.3386459350585938,3.3800480365753174,0.7879034876823425,2.3423919677734375,3.3803341388702393,0.04485388845205307,0.1229175329208374,0.20048505067825317,10000,10000,1.0,247.76955426107128,247.76955426107128,92600,True,747,373000,0.0,0.0,3,LEFT,greedy,85507,84079,101868,101942,22861,350535,0.06122454445146708,0,186698,2,2,247.76955426107128,123.88477713053564,2,2,123.88477713053564,247.76955426107128,123.88477713053564,247.76955426107128,61.44040804267983,1966.0930573657545,3,LEFT,False,,
373396,double_dqn,dueling,945,,,0.0,0.0,0.05,0.001496680430136621,2.3386459350585938,3.3800480365753174,0.7879034876823425,2.3423919677734375,3.3803341388702393,0.04485388845205307,0.1229175329208374,0.20048505067825317,10000,10000,1.0,247.7695136151478,247.7695136151478,92600,True,747,373000,0.0,0.0,0,NOOP,greedy,85507,84079,101868,101942,22861,350535,0.06122454445146708,1,186698,2,2,247.7695136151478,123.8847568075739,2,2,123.8847568075739,247.7695136151478,123.8847568075739,247.7695136151478,61.4403979635475,1966.09273483352,0,NOOP,False,,
373795,double_dqn,dueling,945,,,6.0,6.0,0.05,0.005944021511822939,2.3908796310424805,3.1096181869506836,0.5144461393356323,2.3768041133880615,3.088552474975586,0.0657593235373497,0.45880115032196045,0.5090028047561646,10000,10000,1.0,247.3877954759224,247.3877954759224,92700,True,748,373500,0.0,0.0,0,NOOP,greedy,85689,84184,101926,101997,22885,350911,0.06122323406349988,0,186898,2,2,247.3877954759224,123.6938977379612,2,2,123.6938977379612,247.3877954759224,123.6938977379612,247.3877954759224,61.34736125008354,1963.1155600026732,0,NOOP,False,,
373796,double_dqn,dueling,945,,,3.0,3.0,0.05,0.005944021511822939,2.3908796310424805,3.1096181869506836,0.5144461393356323,2.3768041133880615,3.088552474975586,0.0657593235373497,0.45880115032196045,0.5090028047561646,10000,10000,1.0,247.38773669570875,247.38773669570875,92700,True,748,373500,0.0,0.0,1,FIRE,greedy,85689,84184,101926,101997,22885,350911,0.06122323406349988,1,186898,2,2,247.38773669570875,123.69386834785438,2,2,123.69386834785438,247.38773669570875,123.69386834785438,247.38773669570875,61.34734667373391,1963.115093559485,1,FIRE,False,,
373979,double_dqn,dueling,946,8.0,422,0.0,0.0,0.05,,,,,,,,,,10000,10000,1.0,247.28983204227146,247.28983204227146,92746,True,748,373500,0.0,0.0,0,NOOP,greedy,85755,84215,101976,102034,22893,351087,0.06121450344938232,0,186990,2,2,247.28983204227146,123.64491602113573,2,2,123.64491602113573,247.28983204227146,123.64491602113573,247.28983204227146,61.32380937360571,1962.3618999553828,0,NOOP,False,,
374108,double_dqn,dueling,947,6.0,375,0.0,0.0,0.05,,,,,,,,,,10000,10000,1.0,247.27058756426237,247.27058756426237,92778,True,749,374000,0.0,0.0,0,NOOP,greedy,85800,84233,102016,102059,22899,351209,0.06120959722860778,1,187054,2,2,247.27058756426237,123.63529378213119,2,2,123.63529378213119,247.27058756426237,123.63529378213119,247.27058756426237,61.3195513058409,1962.225641786909,0,NOOP,False,,
374195,double_dqn,dueling,947,,,2.0,2.0,0.05,0.006385564338415861,2.3602027893066406,3.36130952835083,0.34272024035453796,2.3646035194396973,3.240123748779297,0.0592995285987854,0.4177702069282532,0.5092145204544067,10000,10000,1.0,247.24845138533993,247.24845138533993,92800,True,749,374000,0.0,0.0,0,NOOP,greedy,85832,84259,102032,102073,22903,351293,0.06120589209932763,0,187098,2,2,247.24845138533993,123.62422569266997,2,2,123.62422569266997,247.24845138533993,123.62422569266997,247.24845138533993,61.31441474940485,1962.061271980955,0,NOOP,False,,
374196,double_dqn,dueling,947,,,0.0,0.0,0.05,0.006385564338415861,2.3602027893066406,3.36130952835083,0.34272024035453796,2.3646035194396973,3.240123748779297,0.0592995285987854,0.4177702069282532,0.5092145204544067,10000,10000,1.0,247.24836372089217,247.24836372089217,92800,True,749,374000,0.0,0.0,1,FIRE,greedy,85832,84259,102032,102073,22903,351293,0.06120589209932763,1,187098,2,2,247.24836372089217,123.62418186044609,2,2,123.62418186044609,247.24836372089217,123.62418186044609,247.24836372089217,61.31439300975682,1962.0605763122182,1,FIRE,False,,
374595,double_dqn,dueling,947,,,8.0,8.0,0.05,0.002310075331479311,2.2845258712768555,3.058501958847046,1.0725882053375244,2.3103346824645996,3.1414620876312256,0.046269290149211884,0.26252293586730957,0.13951723277568817,10000,10000,1.0,247.05953085950208,247.05953085950208,92900,True,750,374500,0.0,0.0,0,NOOP,greedy,85971,84394,102093,102138,22927,351669,0.06120460442716954,0,187298,2,2,247.05953085950208,123.52976542975104,2,2,123.52976542975104,247.05953085950208,123.52976542975104,247.05953085950208,61.26916148213228,1960.613167428233,0,NOOP,False,,
374596,double_dqn,dueling,947,,,5.0,5.0,0.05,0.002310075331479311,2.2845258712768555,3.058501958847046,1.0725882053375244,2.3103346824645996,3.1414620876312256,0.046269290149211884,0.26252293586730957,0.13951723277568817,10000,10000,1.0,247.05948887584847,247.05948887584847,92900,True,750,374500,0.0,0.0,0,NOOP,greedy,85971,84394,102093,102138,22927,351669,0.06120460442716954,1,187298,2,2,247.05948887584847,123.52974443792424,2,2,123.52974443792424,247.05948887584847,123.52974443792424,247.05948887584847,61.269151070458456,1960.6128342546706,0,NOOP,False,,
374995,double_dqn,dueling,947,,,12.0,12.0,0.05,0.001318593742325902,2.2727108001708984,3.3657760620117188,1.2588179111480713,2.2956862449645996,3.339517116546631,0.03777811676263809,0.1841442584991455,0.14993102848529816,10000,10000,1.0,246.82017864975683,246.82017864975683,93000,True,750,374500,0.0,0.0,0,NOOP,greedy,86117,84474,102199,102206,22946,352050,0.061189986026517616,0,187498,2,2,246.82017864975683,123.41008932487841,2,2,123.41008932487841,246.82017864975683,123.41008932487841,246.82017864975683,61.211388508142754,1958.7644322605681,0,NOOP,False,,
374996,double_dqn,dueling,947,,,9.0,9.0,0.05,0.001318593742325902,2.2727108001708984,3.3657760620117188,1.2588179111480713,2.2956862449645996,3.339517116546631,0.03777811676263809,0.1841442584991455,0.14993102848529816,10000,10000,1.0,246.8201236248613,246.8201236248613,93000,True,750,374500,0.0,0.0,3,LEFT,greedy,86117,84474,102199,102206,22946,352050,0.061189986026517616,1,187498,2,2,246.8201236248613,123.41006181243065,2,2,123.41006181243065,246.8201236248613,123.41006181243065,246.8201236248613,61.21137486197219,1958.76399558311,3,LEFT,False,,
375089,double_dqn,dueling,948,13.0,555,0.0,0.0,0.05,,,,,,,,,,10000,10000,1.0,246.7619357877867,246.7619357877867,93023,False,751,375000,0.0,0.0,0,NOOP,random,86146,84484,102231,102229,22951,352139,0.0611879815510944,0,187545,2,2,246.7619357877867,123.38096789389336,2,2,123.38096789389336,246.7619357877867,123.38096789389336,246.7619357877867,61.196328819319845,1958.282522218235,0,NOOP,False,,
375130,double_dqn,dueling,949,10.0,511,0.0,0.0,0.05,,,,,,,,,,10000,10000,1.0,246.74375945146787,246.74375945146787,93033,False,751,375000,0.0,0.0,2,RIGHT,greedy,86147,84498,102241,102244,22951,352179,0.06118145709487378,1,187565,2,2,246.74375945146787,123.37187972573393,2,2,123.37187972573393,246.74375945146787,123.37187972573393,246.74375945146787,61.191979088131944,1958.1433308202222,2,RIGHT,False,,
375395,double_dqn,dueling,949,,,3.0,3.0,0.05,0.0014297872548922896,2.508516311645508,3.253572463989258,1.8187625408172607,2.5555577278137207,3.294560432434082,0.04223807528614998,0.13262629508972168,0.4989520311355591,10000,10000,1.0,246.6256674643466,246.6256674643466,93100,True,751,375000,0.0,0.0,1,FIRE,greedy,86212,84587,102301,102296,22963,352433,0.06117007107161504,0,187698,2,2,246.6256674643466,123.3128337321733,2,2,123.3128337321733,246.6256674643466,123.3128337321733,246.6256674643466,61.16472321663941,1957.271142932461,1,FIRE,False,,
375396,double_dqn,dueling,949,,,2.0,2.0,0.05,0.0014297872548922896,2.508516311645508,3.253572463989258,1.8187625408172607,2.5555577278137207,3.294560432434082,0.04223807528614998,0.13262629508972168,0.4989520311355591,10000,10000,1.0,246.62561968626318,246.62561968626318,93100,True,751,375000,0.0,0.0,0,NOOP,greedy,86212,84587,102301,102296,22963,352433,0.06117007107161504,1,187698,2,2,246.62561968626318,123.31280984313159,2,2,123.31280984313159,246.62561968626318,123.31280984313159,246.62561968626318,61.16471136737295,1957.2707637559345,0,NOOP,False,,
375795,double_dqn,dueling,949,,,12.0,9.0,0.05,0.0063584428280591965,2.2141611576080322,3.24055552482605,1.0952537059783936,2.2145583629608154,3.2400155067443848,0.06471830606460571,0.5282132625579834,0.5350387096405029,10000,10000,1.0,246.55161665019023,246.55161665019023,93200,True,752,375500,0.0,0.0,1,FIRE,greedy,86372,84668,102378,102378,22986,352810,0.061166164621230666,0,187898,2,2,246.55161665019023,123.27580832509511,2,2,123.27580832509511,246.55161665019023,123.27580832509511,246.55161665019023,61.147921141127576,1956.7334765160824,1,FIRE,False,,
375796,double_dqn,dueling,949,,,7.0,7.0,0.05,0.0063584428280591965,2.2141611576080322,3.24055552482605,1.0952537059783936,2.2145583629608154,3.2400155067443848,0.06471830606460571,0.5282132625579834,0.5350387096405029,10000,10000,1.0,246.55157968352708,246.55157968352708,93200,True,752,375500,0.0,0.0,1,FIRE,greedy,86372,84668,102378,102378,22986,352810,0.061166164621230666,1,187898,2,2,246.55157968352708,123.27578984176354,2,2,123.27578984176354,246.55157968352708,123.27578984176354,246.55157968352708,61.14791197292729,1956.7331831336733,1,FIRE,False,,
376195,double_dqn,dueling,949,,,17.0,14.0,0.05,0.0013820237945765257,2.482774257659912,3.2051939964294434,1.2254114151000977,2.4636685848236084,3.1741480827331543,0.040614936500787735,0.14618134498596191,0.49196475744247437,10000,10000,1.0,246.46504988644213,246.46504988644213,93300,True,753,376000,0.0,0.0,1,FIRE,greedy,86490,84806,102444,102456,23004,353192,0.061148975534030134,0,188098,2,2,246.46504988644213,123.23252494322107,2,2,123.23252494322107,246.46504988644213,123.23252494322107,246.46504988644213,61.12800402862018,1956.0961289158458,1,FIRE,False,,
376196,double_dqn,dueling,949,,,12.0,12.0,0.05,0.0013820237945765257,2.482774257659912,3.2051939964294434,1.2254114151000977,2.4636685848236084,3.1741480827331543,0.040614936500787735,0.14618134498596191,0.49196475744247437,10000,10000,1.0,246.46498774361447,246.46498774361447,93300,True,753,376000,0.0,0.0,3,LEFT,greedy,86490,84806,102444,102456,23004,353192,0.061148975534030134,1,188098,2,2,246.46498774361447,123.23249387180724,2,2,123.23249387180724,246.46498774361447,123.23249387180724,246.46498774361447,61.12798861602103,1956.095635712673,3,LEFT,False,,
376434,double_dqn,dueling,950,18.0,652,0.0,0.0,0.05,,,,,,,,,,10000,10000,1.0,246.33641939994436,246.33641939994436,93359,False,753,376000,0.0,0.0,0,NOOP,greedy,86574,84872,102479,102509,23016,353418,0.06114219225680996,1,188217,2,2,246.33641939994436,123.16820969997218,2,2,123.16820969997218,246.33641939994436,123.16820969997218,246.33641939994436,61.0960456803032,1955.0734617697024,0,NOOP,False,,
376595,double_dqn,dueling,950,,,25.0,19.0,0.05,0.003919669426977634,2.3055810928344727,3.3011932373046875,0.5768913626670837,2.2997007369995117,3.2945730686187744,0.05797605589032173,0.34146618843078613,1.0227969884872437,10000,10000,1.0,246.31294938722965,246.31294938722965,93400,True,754,376500,0.0,0.0,3,LEFT,greedy,86617,84916,102521,102542,23021,353575,0.061129167596044566,0,188298,2,2,246.31294938722965,123.15647469361483,2,2,123.15647469361483,246.31294938722965,123.15647469361483,246.31294938722965,61.09182199919131,1954.938303974122,3,LEFT,False,,
376596,double_dqn,dueling,950,,,2.0,2.0,0.05,0.003919669426977634,2.3055810928344727,3.3011932373046875,0.5768913626670837,2.2997007369995117,3.2945730686187744,0.05797605589032173,0.34146618843078613,1.0227969884872437,10000,10000,1.0,246.3129089871411,246.3129089871411,93400,True,754,376500,0.0,0.0,2,RIGHT,greedy,86617,84916,102521,102542,23021,353575,0.061129167596044566,1,188298,2,2,246.3129089871411,123.15645449357055,2,2,123.15645449357055,246.3129089871411,123.15645449357055,246.3129089871411,61.0918119789507,1954.9379833264225,2,RIGHT,False,,
376851,double_dqn,dueling,951,27.0,881,0.0,0.0,0.05,,,,,,,,,,10000,10000,1.0,246.151006899239,246.151006899239,93464,True,754,376500,0.0,0.0,3,LEFT,greedy,86676,84998,102561,102617,23032,353820,0.061116831010582406,0,188426,2,2,246.151006899239,123.0755034496195,2,2,123.0755034496195,246.151006899239,123.0755034496195,246.151006899239,61.05263716828081,1953.684389384986,3,LEFT,False,,
376995,double_dqn,dueling,951,,,2.0,2.0,0.05,0.010069813579320908,2.4450244903564453,3.30180025100708,1.3914302587509155,2.491201400756836,3.3304312229156494,0.07243606448173523,0.6548199653625488,1.0371499061584473,10000,10000,1.0,246.14538681116738,246.14538681116738,93500,True,754,376500,0.0,0.0,1,FIRE,greedy,86734,85048,102579,102635,23042,353954,0.06112001188341521,0,188498,2,2,246.14538681116738,123.07269340558369,2,2,123.07269340558369,246.14538681116738,123.07269340558369,246.14538681116738,61.05179327825255,1953.6573849040817,1,FIRE,False,,
376996,double_dqn,dueling,951,,,6.0,6.0,0.05,0.010069813579320908,2.4450244903564453,3.30180025100708,1.3914302587509155,2.491201400756836,3.3304312229156494,0.07243606448173523,0.6548199653625488,1.0371499061584473,10000,10000,1.0,246.1453482629584,246.1453482629584,93500,True,754,376500,0.0,0.0,3,LEFT,random,86734,85048,102579,102635,23042,353954,0.06112001188341521,1,188498,2,2,246.1453482629584,123.0726741314792,2,2,123.0726741314792,246.1453482629584,123.0726741314792,246.1453482629584,61.051783717085,1953.65707894672,3,LEFT,False,,
377395,double_dqn,dueling,951,,,7.0,7.0,0.05,0.001627755002118647,2.368157148361206,3.3311245441436768,-0.003292243927717209,2.376626491546631,3.3475534915924072,0.04242980480194092,0.15320539474487305,0.29521986842155457,10000,10000,1.0,245.86968429871695,245.86968429871695,93600,True,755,377000,0.0,0.0,3,LEFT,greedy,86853,85179,102662,102702,23070,354326,0.061129423735280713,0,188698,2,2,245.86968429871695,122.93484214935847,2,2,122.93484214935847,245.86968429871695,122.93484214935847,245.86968429871695,60.98493009321452,1951.5177629828647,3,LEFT,False,,
377396,double_dqn,dueling,951,,,10.0,10.0,0.05,0.001627755002118647,2.368157148361206,3.3311245441436768,-0.003292243927717209,2.376626491546631,3.3475534915924072,0.04242980480194092,0.15320539474487305,0.29521986842155457,10000,10000,1.0,245.86963437932476,245.86963437932476,93600,True,755,377000,0.0,0.0,2,RIGHT,greedy,86853,85179,102662,102702,23070,354326,0.061129423735280713,1,188698,2,2,245.86963437932476,122.93481718966238,2,2,122.93481718966238,245.86963437932476,122.93481718966238,245.86963437932476,60.98491771132754,1951.5173667624813,2,RIGHT,False,,
377470,double_dqn,dueling,952,11.0,518,0.0,0.0,0.05,,,,,,,,,,10000,10000,1.0,245.77289212281545,245.77289212281545,93618,False,755,377000,0.0,0.0,0,NOOP,greedy,86890,85194,102673,102713,23071,354399,0.061120089013696456,1,188735,2,2,245.77289212281545,122.88644606140772,2,2,122.88644606140772,245.77289212281545,122.88644606140772,245.77289212281545,60.960237940276585,1950.7276140888507,0,NOOP,False,,
377795,double_dqn,dueling,952,,,15.0,12.0,0.05,0.0036894939839839935,2.344902992248535,3.260159730911255,1.06253981590271,2.3382749557495117,3.2616143226623535,0.04992620646953583,0.3530898094177246,0.5275096893310547,10000,10000,1.0,245.3124829695883,245.3124829695883,93700,True,756,377500,0.0,0.0,1,FIRE,random,86987,85283,102749,102777,23087,354709,0.06110969941449883,0,188898,2,2,245.3124829695883,122.65624148479415,2,2,122.65624148479415,245.3124829695883,122.65624148479415,245.3124829695883,60.84822997318366,1947.1433591418772,1,FIRE,False,,
377796,double_dqn,dueling,952,,,4.0,4.0,0.05,0.0036894939839839935,2.344902992248535,3.260159730911255,1.06253981590271,2.3382749557495117,3.2616143226623535,0.04992620646953583,0.3530898094177246,0.5275096893310547,10000,10000,1.0,245.3124070616651,245.3124070616651,93700,True,756,377500,0.0,0.0,3,LEFT,greedy,86987,85283,102749,102777,23087,354709,0.06110969941449883,1,188898,2,2,245.3124070616651,122.65620353083256,2,2,122.65620353083256,245.3124070616651,122.65620353083256,245.3124070616651,60.84821114469719,1947.14275663031,3,LEFT,False,,
378195,double_dqn,dueling,952,,,26.0,17.0,0.05,0.004931485280394554,2.2699170112609863,3.176283121109009,1.4268537759780884,2.2965340614318848,3.1822052001953125,0.0566805824637413,0.36117470264434814,0.48034897446632385,10000,10000,1.0,245.0104557470585,245.0104557470585,93800,True,757,378000,0.0,0.0,2,RIGHT,greedy,87102,85419,102822,102853,23112,355084,0.06111116986959143,0,189098,2,2,245.0104557470585,122.50522787352925,2,2,122.50522787352925,245.0104557470585,122.50522787352925,245.0104557470585,60.77480952838398,1944.7939049082875,2,RIGHT,False,,
378196,double_dqn,dueling,952,,,9.0,9.0,0.05,0.004931485280394554,2.2699170112609863,3.176283121109009,1.4268537759780884,2.2965340614318848,3.1822052001953125,0.0566805824637413,0.36117470264434814,0.48034897446632385,10000,10000,1.0,245.01041561643845,245.01041561643845,93800,True,757,378000,0.0,0.0,3,LEFT,greedy,87102,85419,102822,102853,23112,355084,0.06111116986959143,1,189098,2,2,245.01041561643845,122.50520780821923,2,2,122.50520780821923,245.01041561643845,122.50520780821923,245.01041561643845,60.774799573989256,1944.7935863676562,3,LEFT,False,,
378571,double_dqn,dueling,953,34.0,860,0.0,0.0,0.05,,,,,,,,,,10000,10000,1.0,244.80990888054927,244.80990888054927,93894,True,758,378500,0.0,0.0,2,RIGHT,greedy,87191,85541,102907,102933,23124,355448,0.061082171951438564,0,189286,2,2,244.80990888054927,122.40495444027464,2,2,122.40495444027464,244.80990888054927,122.40495444027464,244.80990888054927,60.72646006850137,1943.2467221920438,2,RIGHT,False,,
378595,double_dqn,dueling,954,,,0.0,0.0,0.05,0.0029487384017556906,2.2957026958465576,3.264214038848877,0.38583892583847046,2.3504090309143066,3.3325400352478027,0.05020575225353241,0.28165388107299805,0.5040141344070435,10000,10000,1.0,244.7976764564794,244.7976764564794,93900,True,758,378500,0.0,0.0,1,FIRE,greedy,87198,85553,102911,102934,23124,355472,0.06107829982355862,0,189298,2,2,244.7976764564794,122.3988382282397,2,2,122.3988382282397,244.7976764564794,122.3988382282397,244.7976764564794,60.72351458276491,1943.1524666484772,1,FIRE,False,,
378596,double_dqn,dueling,954,16.0,563,0.0,0.0,0.05,0.0029487384017556906,2.2957026958465576,3.264214038848877,0.38583892583847046,2.3504090309143066,3.3325400352478027,0.05020575225353241,0.28165388107299805,0.5040141344070435,10000,10000,1.0,244.7976374988063,244.7976374988063,93900,True,758,378500,0.0,0.0,1,FIRE,greedy,87198,85553,102911,102934,23124,355472,0.06107829982355862,1,189298,2,2,244.7976374988063,122.39881874940315,2,2,122.39881874940315,244.7976374988063,122.39881874940315,244.7976374988063,60.72350491908319,1943.152157410662,1,FIRE,False,,
378995,double_dqn,dueling,954,,,3.0,3.0,0.05,0.001185665838420391,2.3291497230529785,3.181267023086548,1.2243236303329468,2.3583226203918457,3.1841838359832764,0.037046901881694794,0.11786448955535889,0.20760366320610046,10000,10000,1.0,244.61523695099132,244.61523695099132,94000,True,758,378500,0.0,0.0,3,LEFT,greedy,87290,85664,102989,103053,23145,355851,0.061069246113415444,0,189498,2,2,244.61523695099132,122.30761847549566,2,2,122.30761847549566,244.61523695099132,122.30761847549566,244.61523695099132,60.67973400101376,1941.7514880324404,3,LEFT,False,,
378996,double_dqn,dueling,954,,,5.0,5.0,0.05,0.001185665838420391,2.3291497230529785,3.181267023086548,1.2243236303329468,2.3583226203918457,3.1841838359832764,0.037046901881694794,0.11786448955535889,0.20760366320610046,10000,10000,1.0,244.61520132628596,244.61520132628596,94000,True,758,378500,0.0,0.0,2,RIGHT,greedy,87290,85664,102989,103053,23145,355851,0.061069246113415444,1,189498,2,2,244.61520132628596,122.30760066314298,2,2,122.30760066314298,244.61520132628596,122.30760066314298,244.61520132628596,60.67972516387969,1941.75120524415,2,RIGHT,False,,
379189,double_dqn,dueling,955,5.0,309,0.0,0.0,0.05,,,,,,,,,,10000,10000,1.0,244.52074835204675,244.52074835204675,94048,False,759,379000,0.0,0.0,0,NOOP,greedy,87327,85707,103053,103103,23155,356035,0.061064374060497376,0,189595,2,2,244.52074835204675,122.26037417602338,2,2,122.26037417602338,244.52074835204675,122.26037417602338,244.52074835204675,60.65606024025112,1940.993927688036,0,NOOP,False,,
379395,double_dqn,dueling,955,,,2.0,2.0,0.05,0.0053408280946314335,2.5099501609802246,3.3999295234680176,0.8319799304008484,2.4995603561401367,3.401548147201538,0.055447593331336975,0.49258458614349365,0.4580179750919342,10000,10000,1.0,244.3807490000761,244.3807490000761,94100,True,759,379000,0.0,0.0,2,RIGHT,greedy,87356,85757,103138,103145,23164,356232,0.06105493995719512,0,189698,2,2,244.3807490000761,122.19037450003805,2,2,122.19037450003805,244.3807490000761,122.19037450003805,244.3807490000761,60.62303055854464,1939.9369778734285,2,RIGHT,False,,
379396,double_dqn,dueling,955,,,9.0,9.0,0.05,0.0053408280946314335,2.5099501609802246,3.3999295234680176,0.8319799304008484,2.4995603561401367,3.401548147201538,0.055447593331336975,0.49258458614349365,0.4580179750919342,10000,10000,1.0,244.38070783036503,244.38070783036503,94100,True,759,379000,0.0,0.0,0,NOOP,greedy,87356,85757,103138,103145,23164,356232,0.06105493995719512,1,189698,2,2,244.38070783036503,122.19035391518251,2,2,122.19035391518251,244.38070783036503,122.19035391518251,244.38070783036503,60.62302034565896,1939.9366510610866,0,NOOP,False,,
379795,double_dqn,dueling,955,,,6.0,6.0,0.05,0.002524417592212558,2.2973227500915527,3.124568223953247,1.3014323711395264,2.31209135055542,3.0585074424743652,0.04650961607694626,0.2617814540863037,0.5655661821365356,10000,10000,1.0,244.19416009669106,244.19416009669106,94200,True,760,379500,0.0,0.0,3,LEFT,greedy,87436,85906,103221,103233,23186,356610,0.061048562912721566,0,189898,2,2,244.19416009669106,122.09708004834553,2,2,122.09708004834553,244.19416009669106,122.09708004834553,244.19416009669106,60.578197794642016,1938.5023294285445,3,LEFT,False,,
379796,double_dqn,dueling,955,,,13.0,13.0,0.05,0.002524417592212558,2.2973227500915527,3.124568223953247,1.3014323711395264,2.31209135055542,3.0585074424743652,0.04650961607694626,0.2617814540863037,0.5655661821365356,10000,10000,1.0,244.19412531865737,244.19412531865737,94200,True,760,379500,0.0,0.0,1,FIRE,greedy,87436,85906,103221,103233,23186,356610,0.061048562912721566,1,189898,2,2,244.19412531865737,122.09706265932869,2,2,122.09706265932869,244.19412531865737,122.09706265932869,244.19412531865737,60.57818916711955,1938.5020533478255,1,FIRE,False,,
379862,double_dqn,dueling,956,14.0,633,0.0,0.0,0.05,,,,,,,,,,10000,10000,1.0,244.17213642467155,244.17213642467155,94216,False,760,379500,0.0,0.0,2,RIGHT,greedy,87442,85924,103240,103256,23190,356672,0.0610484860291369,1,189931,2,2,244.17213642467155,122.08606821233577,2,2,122.08606821233577,244.17213642467155,122.08606821233577,244.17213642467155,60.57203319616819,1938.3050622773821,2,RIGHT,False,,
380195,double_dqn,dueling,956,,,9.0,9.0,0.05,0.0009084699559025466,2.4211511611938477,3.4922947883605957,1.011651873588562,2.432460308074951,3.454226016998291,0.03370951488614082,0.11109638214111328,0.13136689364910126,10000,10000,1.0,244.03572524519885,244.03572524519885,94300,True,761,380000,0.0,0.0,2,RIGHT,greedy,87522,86012,103332,103330,23205,356991,0.06103430861976454,0,190098,2,2,244.03572524519885,122.01786262259942,2,2,122.01786262259942,244.03572524519885,122.01786262259942,244.03572524519885,60.54033833370209,1937.2908266784668,2,RIGHT,False,,
380196,double_dqn,dueling,956,,,4.0,4.0,0.05,0.0009084699559025466,2.4211511611938477,3.4922947883605957,1.011651873588562,2.432460308074951,3.454226016998291,0.03370951488614082,0.11109638214111328,0.13136689364910126,10000,10000,1.0,244.03568787448629,244.03568787448629,94300,True,761,380000,0.0,0.0,1,FIRE,greedy,87522,86012,103332,103330,23205,356991,0.06103430861976454,1,190098,2,2,244.03568787448629,122.01784393724314,2,2,122.01784393724314,244.03568787448629,122.01784393724314,244.03568787448629,60.54032906278251,1937.2905300090404,1,FIRE,False,,
380427,double_dqn,dueling,957,12.0,619,0.0,0.0,0.05,,,,,,,,,,10000,10000,1.0,243.91575663672995,243.91575663672995,94358,True,761,380000,0.0,0.0,0,NOOP,greedy,87566,86092,103391,103379,23220,357208,0.061036516765327474,0,190214,2,2,243.91575663672995,121.95787831836498,2,2,121.95787831836498,243.91575663672995,121.95787831836498,243.91575663672995,60.51140964742748,1936.3651087176793,0,NOOP,False,,
380595,double_dqn,dueling,957,,,2.0,2.0,0.05,0.001096805790439248,2.480034351348877,3.40389084815979,1.6484217643737793,2.4826924800872803,3.361239194869995,0.03628616780042648,0.10631847381591797,0.2856447696685791,10000,10000,1.0,243.82025702308601,243.82025702308601,94400,True,762,380500,0.0,0.0,2,RIGHT,greedy,87581,86135,103461,103419,23230,357366,0.0610358490367739,0,190298,2,2,243.82025702308601,121.91012851154301,2,2,121.91012851154301,243.82025702308601,121.91012851154301,243.82025702308601,60.48831899362128,1935.6262077958809,2,RIGHT,False,,
380596,double_dqn,dueling,957,,,7.0,7.0,0.05,0.001096805790439248,2.480034351348877,3.40389084815979,1.6484217643737793,2.4826924800872803,3.361239194869995,0.03628616780042648,0.10631847381591797,0.2856447696685791,10000,10000,1.0,243.82021792081557,243.82021792081557,94400,True,762,380500,0.0,0.0,2,RIGHT,greedy,87581,86135,103461,103419,23230,357366,0.0610358490367739,1,190298,2,2,243.82021792081557,121.91010896040778,2,2,121.91010896040778,243.82021792081557,121.91010896040778,243.82021792081557,60.48830929290716,1935.6258973730291,2,RIGHT,False,,
380888,double_dqn,dueling,958,11.0,513,0.0,0.0,0.05,,,,,,,,,,10000,10000,1.0,243.6251890786218,243.6251890786218,94473,True,762,380500,0.0,0.0,1,FIRE,greedy,87654,86225,103510,103499,23243,357645,0.06102318791875827,1,190444,2,2,243.6251890786218,121.8125945393109,2,2,121.8125945393109,243.6251890786218,121.8125945393109,243.6251890786218,60.44096586211881,1934.1109075878019,1,FIRE,False,,
380995,double_dqn,dueling,958,,,8.0,8.0,0.05,0.004815796390175819,2.3127479553222656,3.2715487480163574,0.050205204635858536,2.3163657188415527,3.2062504291534424,0.05131866782903671,0.4556143879890442,0.3624246120452881,10000,10000,1.0,243.56376770759246,243.56376770759246,94500,True,762,380500,0.0,0.0,0,NOOP,greedy,87681,86245,103553,103517,23250,357746,0.06102426272191834,0,190498,2,2,243.56376770759246,121.78188385379623,2,2,121.78188385379623,243.56376770759246,121.78188385379623,243.56376770759246,60.426111383012056,1933.6355642563858,0,NOOP,False,,
380996,double_dqn,dueling,958,,,1.0,1.0,0.05,0.004815796390175819,2.3127479553222656,3.2715487480163574,0.050205204635858536,2.3163657188415527,3.2062504291534424,0.05131866782903671,0.4556143879890442,0.3624246120452881,10000,10000,1.0,243.56373202199734,243.56373202199734,94500,True,762,380500,0.0,0.0,2,RIGHT,greedy,87681,86245,103553,103517,23250,357746,0.06102426272191834,1,190498,2,2,243.56373202199734,121.78186601099867,2,2,121.78186601099867,243.56373202199734,121.78186601099867,243.56373202199734,60.42610252971764,1933.6352809509644,2,RIGHT,False,,
381395,double_dqn,dueling,958,,,18.0,12.0,0.05,0.005738934502005577,2.4087839126586914,3.377134084701538,-0.36954832077026367,2.4796836376190186,3.8299663066864014,0.06438717246055603,0.4528322219848633,0.7729019522666931,10000,10000,1.0,243.36433048481413,243.36433048481413,94600,True,763,381000,0.0,0.0,1,FIRE,greedy,87786,86337,103656,103617,23262,358134,0.060991725136079034,0,190698,2,2,243.36433048481413,121.68216524240707,2,2,121.68216524240707,243.36433048481413,121.68216524240707,243.36433048481413,60.37804658798179,1932.0974908154174,1,FIRE,False,,
381396,double_dqn,dueling,958,,,5.0,5.0,0.05,0.005738934502005577,2.4087839126586914,3.377134084701538,-0.36954832077026367,2.4796836376190186,3.8299663066864014,0.06438717246055603,0.4528322219848633,0.7729019522666931,10000,10000,1.0,243.36429442508944,243.36429442508944,94600,True,763,381000,0.0,0.0,3,LEFT,greedy,87786,86337,103656,103617,23262,358134,0.060991725136079034,1,190698,2,2,243.36429442508944,121.68214721254472,2,2,121.68214721254472,243.36429442508944,121.68214721254472,243.36429442508944,60.378037641659496,1932.0972045331039,3,LEFT,False,,
381495,double_dqn,dueling,959,26.0,534,0.0,0.0,0.05,,,,,,,,,,10000,10000,1.0,243.306355611191,243.306355611191,94625,True,763,381000,0.0,0.0,2,RIGHT,random,87808,86374,103674,103640,23271,358225,0.06099932895757754,0,190748,2,2,243.306355611191,121.6531778055955,2,2,121.6531778055955,243.306355611191,121.6531778055955,243.306355611191,60.364015220687286,1931.6484870619931,2,RIGHT,False,,
381795,double_dqn,dueling,959,,,3.0,3.0,0.05,0.004137786105275154,2.4154391288757324,3.1004204750061035,0.2751220166683197,2.4153356552124023,3.111196994781494,0.05714597925543785,0.3565545380115509,0.4673073887825012,10000,10000,1.0,243.08103321706375,243.08103321706375,94700,True,764,381500,0.0,0.0,3,LEFT,greedy,87872,86435,103761,103728,23285,358511,0.06098806692579283,0,190898,2,2,243.08103321706375,121.54051660853187,2,2,121.54051660853187,243.08103321706375,121.54051660853187,243.08103321706375,60.30916496073301,1929.8932787434562,3,LEFT,False,,
381796,double_dqn,dueling,959,,,9.0,9.0,0.05,0.004137786105275154,2.4154391288757324,3.1004204750061035,0.2751220166683197,2.4153356552124023,3.111196994781494,0.05714597925543785,0.3565545380115509,0.4673073887825012,10000,10000,1.0,243.08099430174875,243.08099430174875,94700,True,764,381500,0.0,0.0,2,RIGHT,greedy,87872,86435,103761,103728,23285,358511,0.06098806692579283,1,190898,2,2,243.08099430174875,121.54049715087437,2,2,121.54049715087437,243.08099430174875,121.54049715087437,243.08099430174875,60.30915530572159,1929.8929697830908,2,RIGHT,False,,
382038,double_dqn,dueling,960,14.0,575,0.0,0.0,0.05,,,,,,,,,,10000,10000,1.0,243.03013753883954,243.03013753883954,94760,False,765,382000,0.0,0.0,1,FIRE,greedy,87903,86500,103839,103796,23296,358742,0.060978227296761056,1,191019,2,2,243.03013753883954,121.51506876941977,2,2,121.51506876941977,243.03013753883954,121.51506876941977,243.03013753883954,60.296462197510145,1929.4867903203246,1,FIRE,False,,
382195,double_dqn,dueling,960,,,7.0,7.0,0.05,0.0017989428015425801,2.418602466583252,3.0309083461761475,1.6671818494796753,2.425577163696289,2.960745096206665,0.04796890169382095,0.13635635375976562,0.20430874824523926,10000,10000,1.0,242.92101198137385,242.92101198137385,94800,True,765,382000,0.0,0.0,3,LEFT,greedy,87952,86518,103890,103836,23305,358891,0.06097656699703817,0,191098,2,2,242.92101198137385,121.46050599068693,2,2,121.46050599068693,242.92101198137385,121.46050599068693,242.92101198137385,60.27085745390996,1928.6674385251188,3,LEFT,False,,
382196,double_dqn,dueling,960,,,1.0,1.0,0.05,0.0017989428015425801,2.418602466583252,3.0309083461761475,1.6671818494796753,2.425577163696289,2.960745096206665,0.04796890169382095,0.13635635375976562,0.20430874824523926,10000,10000,1.0,242.92095520090348,242.92095520090348,94800,True,765,382000,0.0,0.0,3,LEFT,greedy,87952,86518,103890,103836,23305,358891,0.06097656699703817,1,191098,2,2,242.92095520090348,121.46047760045174,2,2,121.46047760045174,242.92095520090348,121.46047760045174,242.92095520090348,60.2708433661717,1928.6669877174943,3,LEFT,False,,
382595,double_dqn,dueling,960,,,12.0,12.0,0.05,0.007417023181915283,2.2584660053253174,3.196492910385132,-0.5381802916526794,2.332089900970459,3.4588098526000977,0.07035967707633972,0.4536772072315216,0.6657546758651733,10000,10000,1.0,242.30931618615148,242.30931618615148,94900,True,766,382500,0.0,0.0,2,RIGHT,greedy,88022,86619,104016,103939,23323,359273,0.06095986366820354,0,191298,2,2,242.30931618615148,121.15465809307574,2,2,121.15465809307574,242.30931618615148,121.15465809307574,242.30931618615148,60.120472662887245,1923.8551252123918,2,RIGHT,False,,
382596,double_dqn,dueling,960,,,7.0,7.0,0.05,0.007417023181915283,2.2584660053253174,3.196492910385132,-0.5381802916526794,2.332089900970459,3.4588098526000977,0.07035967707633972,0.4536772072315216,0.6657546758651733,10000,10000,1.0,242.30925941889882,242.30925941889882,94900,True,766,382500,0.0,0.0,2,RIGHT,greedy,88022,86619,104016,103939,23323,359273,0.06095986366820354,1,191298,2,2,242.30925941889882,121.15462970944941,2,2,121.15462970944941,242.30925941889882,121.15462970944941,242.30925941889882,60.12045857810456,1923.854674499346,2,RIGHT,False,,
382667,double_dqn,dueling,961,12.0,586,0.0,0.0,0.05,,,,,,,,,,10000,10000,1.0,242.23532524722157,242.23532524722157,94918,True,766,382500,0.0,0.0,1,FIRE,greedy,88031,86652,104031,103954,23327,359341,0.0609588468332863,0,191334,2,2,242.23532524722157,121.11766262361078,2,2,121.11766262361078,242.23532524722157,121.11766262361078,242.23532524722157,60.102362296580885,1923.2755934905883,1,FIRE,False,,
382995,double_dqn,dueling,961,,,4.0,4.0,0.05,0.0016184902051463723,2.415919780731201,3.4196841716766357,1.3215954303741455,2.4242196083068848,3.4157962799072266,0.042648691684007645,0.1368541717529297,0.1627630889415741,10000,10000,1.0,242.01839669882938,242.01839669882938,95000,True,766,382500,0.0,0.0,2,RIGHT,greedy,88114,86753,104097,104032,23346,359650,0.0609562501958245,0,191498,2,2,242.01839669882938,121.00919834941469,2,2,121.00919834941469,242.01839669882938,121.00919834941469,242.01839669882938,60.04966369413118,1921.5892382121979,2,RIGHT,False,,
382996,double_dqn,dueling,961,,,14.0,11.0,0.05,0.0016184902051463723,2.415919780731201,3.4196841716766357,1.3215954303741455,2.4242196083068848,3.4157962799072266,0.042648691684007645,0.1368541717529297,0.1627630889415741,10000,10000,1.0,242.01835164470347,242.01835164470347,95000,True,766,382500,0.0,0.0,1,FIRE,greedy,88114,86753,104097,104032,23346,359650,0.0609562501958245,1,191498,2,2,242.01835164470347,121.00917582235174,2,2,121.00917582235174,242.01835164470347,121.00917582235174,242.01835164470347,60.049652515290454,1921.5888804892945,1,FIRE,False,,
383354,double_dqn,dueling,962,18.0,658,0.0,0.0,0.05,,,,,,,,,,10000,10000,1.0,241.78601808452558,241.78601808452558,95089,False,767,383000,0.0,0.0,1,FIRE,greedy,88171,86849,104226,104108,23368,359986,0.06095671363804734,1,191677,2,2,241.78601808452558,120.89300904226279,2,2,120.89300904226279,241.78601808452558,120.89300904226279,241.78601808452558,59.992319438342925,1919.7542220269736,1,FIRE,False,,
383395,double_dqn,dueling,962,,,7.0,7.0,0.05,0.0016164262779057026,2.4762721061706543,3.3824377059936523,0.5959836840629578,2.4948692321777344,3.416836738586426,0.04283022880554199,0.21096789836883545,0.15785452723503113,10000,10000,1.0,241.74347147310982,241.74347147310982,95100,True,767,383000,0.0,0.0,2,RIGHT,greedy,88171,86863,104247,104115,23369,360027,0.060952644263372595,0,191698,2,2,241.74347147310982,120.87173573655491,2,2,120.87173573655491,241.74347147310982,120.87173573655491,241.74347147310982,59.982811795619526,1919.4499774598248,2,RIGHT,False,,
383396,double_dqn,dueling,962,,,0.0,0.0,0.05,0.0016164262779057026,2.4762721061706543,3.3824377059936523,0.5959836840629578,2.4948692321777344,3.416836738586426,0.04283022880554199,0.21096789836883545,0.15785452723503113,10000,10000,1.0,241.74343467329635,241.74343467329635,95100,True,767,383000,0.0,0.0,2,RIGHT,random,88171,86863,104247,104115,23369,360027,0.060952644263372595,1,191698,2,2,241.74343467329635,120.87171733664817,2,2,120.87171733664817,241.74343467329635,120.87171733664817,241.74343467329635,59.9828026646334,1919.4496852682687,2,RIGHT,False,,
383673,double_dqn,dueling,963,11.0,503,0.0,0.0,0.05,,,,,,,,,,10000,10000,1.0,241.56545701273743,241.56545701273743,95169,False,768,383500,0.0,0.0,1,FIRE,greedy,88250,86940,104310,104174,23378,360296,0.06093193700902329,0,191837,2,2,241.56545701273743,120.78272850636871,2,2,120.78272850636871,241.56545701273743,120.78272850636871,241.56545701273743,59.938679759702524,1918.0377523104808,1,FIRE,False,,
383795,double_dqn,dueling,963,,,1.0,1.0,0.05,0.0014049620367586613,2.391608476638794,3.533646821975708,0.2548866271972656,2.417948007583618,3.545945882797241,0.03994695469737053,0.11567746102809906,0.150404155254364,10000,10000,1.0,241.49124192542664,241.49124192542664,95200,True,768,383500,0.0,0.0,2,RIGHT,random,88316,86946,104339,104195,23385,360411,0.06093080699121408,0,191898,2,2,241.49124192542664,120.74562096271332,2,2,120.74562096271332,241.49124192542664,120.74562096271332,241.49124192542664,59.92158017192023,1917.4905655014475,2,RIGHT,False,,
383796,double_dqn,dueling,963,,,4.0,4.0,0.05,0.0014049620367586613,2.391608476638794,3.533646821975708,0.2548866271972656,2.417948007583618,3.545945882797241,0.03994695469737053,0.11567746102809906,0.150404155254364,10000,10000,1.0,241.49120505062797,241.49120505062797,95200,True,768,383500,0.0,0.0,0,NOOP,greedy,88316,86946,104339,104195,23385,360411,0.06093080699121408,1,191898,2,2,241.49120505062797,120.74560252531398,2,2,120.74560252531398,241.49120505062797,120.74560252531398,241.49120505062797,59.92157102212172,1917.490272707895,0,NOOP,False,,
384195,double_dqn,dueling,963,,,5.0,5.0,0.05,0.0018812522757798433,2.230990171432495,3.045285224914551,-0.2462172508239746,2.263503074645996,3.0627706050872803,0.04646485298871994,0.2070831060409546,0.24633575975894928,10000,10000,1.0,241.28496379749112,241.28496379749112,95300,True,769,384000,0.0,0.0,1,FIRE,greedy,88503,87003,104404,104286,23405,360791,0.06091942654270216,0,192098,2,2,241.28496379749112,120.64248189874556,2,2,120.64248189874556,241.28496379749112,120.64248189874556,241.28496379749112,59.87173991395166,1915.895677246453,1,FIRE,False,,
384196,double_dqn,dueling,963,,,8.0,8.0,0.05,0.0018812522757798433,2.230990171432495,3.045285224914551,-0.2462172508239746,2.263503074645996,3.0627706050872803,0.04646485298871994,0.2070831060409546,0.24633575975894928,10000,10000,1.0,241.28491073997748,241.28491073997748,95300,True,769,384000,0.0,0.0,0,NOOP,random,88503,87003,104404,104286,23405,360791,0.06091942654270216,1,192098,2,2,241.28491073997748,120.64245536998874,2,2,120.64245536998874,241.28491073997748,120.64245536998874,241.28491073997748,59.87172674841657,1915.8952559493302,0,NOOP,False,,
384324,double_dqn,dueling,964,9.0,485,0.0,0.0,0.05,,,,,,,,,,10000,10000,1.0,241.2186096658888,241.2186096658888,95332,True,769,384000,0.0,0.0,0,NOOP,greedy,88561,87034,104432,104297,23411,360913,0.060914749013852895,1,192162,2,2,241.2186096658888,120.6093048329444,2,2,120.6093048329444,241.2186096658888,120.6093048329444,241.2186096658888,59.85570321590885,1915.382502909083,0,NOOP,False,,
384595,double_dqn,dueling,964,,,9.0,9.0,0.05,0.0031860116869211197,2.3363378047943115,3.209545373916626,0.27966099977493286,2.342456817626953,3.226308822631836,0.051161013543605804,0.35884928703308105,0.19298726320266724,10000,10000,1.0,241.0593522698775,241.0593522698775,95400,True,770,384500,0.0,0.0,2,RIGHT,greedy,88664,87100,104489,104343,23426,361170,0.060910669897762844,0,192298,2,2,241.0593522698775,120.52967613493875,2,2,120.52967613493875,241.0593522698775,120.52967613493875,241.0593522698775,59.81709193781122,1914.146942009959,2,RIGHT,False,,
384596,double_dqn,dueling,964,,,3.0,3.0,0.05,0.0031860116869211197,2.3363378047943115,3.209545373916626,0.27966099977493286,2.342456817626953,3.226308822631836,0.051161013543605804,0.35884928703308105,0.19298726320266724,10000,10000,1.0,241.0593104780587,241.0593104780587,95400,True,770,384500,0.0,0.0,3,LEFT,random,88664,87100,104489,104343,23426,361170,0.060910669897762844,1,192298,2,2,241.0593104780587,120.52965523902935,2,2,120.52965523902935,241.0593104780587,120.52965523902935,241.0593104780587,59.817081567481075,1914.1466101593944,3,LEFT,False,,
384749,double_dqn,dueling,965,11.0,538,0.0,0.0,0.05,,,,,,,,,,10000,10000,1.0,240.96729326557798,240.96729326557798,95438,False,770,384500,0.0,0.0,0,NOOP,greedy,88734,87128,104518,104370,23435,361315,0.060909681611436,0,192375,2,2,240.96729326557798,120.48364663278899,2,2,120.48364663278899,240.96729326557798,120.48364663278899,240.96729326557798,59.793865565277414,1913.4036980888773,0,NOOP,False,,
384995,double_dqn,dueling,965,,,3.0,3.0,0.05,0.0018507533241063356,2.463682174682617,3.385416030883789,0.42170628905296326,2.466963052749634,3.3561580181121826,0.044590696692466736,0.19769930839538574,0.3663730025291443,10000,10000,1.0,240.84013408119026,240.84013408119026,95500,True,770,384500,0.0,0.0,1,FIRE,greedy,88817,87177,104588,104414,23454,361542,0.06092011345572421,0,192498,2,2,240.84013408119026,120.42006704059513,2,2,120.42006704059513,240.84013408119026,120.42006704059513,240.84013408119026,59.76402005678533,1912.4486418171305,1,FIRE,False,,
384996,double_dqn,dueling,965,,,8.0,8.0,0.05,0.0018507533241063356,2.463682174682617,3.385416030883789,0.42170628905296326,2.466963052749634,3.3561580181121826,0.044590696692466736,0.19769930839538574,0.3663730025291443,10000,10000,1.0,240.84009188740873,240.84009188740873,95500,True,770,384500,0.0,0.0,2,RIGHT,greedy,88817,87177,104588,104414,23454,361542,0.06092011345572421,1,192498,2,2,240.84009188740873,120.42004594370437,2,2,120.42004594370437,240.84009188740873,120.42004594370437,240.84009188740873,59.7640095864789,1912.4483067673248,2,RIGHT,False,,
385342,double_dqn,dueling,966,12.0,509,0.0,0.0,0.05,,,,,,,,,,10000,10000,1.0,240.57194752437798,240.57194752437798,95586,False,771,385000,0.0,0.0,1,FIRE,greedy,88903,87283,104652,104504,23464,361878,0.060891364035064954,1,192671,2,2,240.57194752437798,120.28597376218899,2,2,120.28597376218899,240.57194752437798,120.28597376218899,240.57194752437798,59.697720276087495,1910.3270488347998,1,FIRE,False,,
385395,double_dqn,dueling,966,,,9.0,9.0,0.05,0.00137980910949409,2.5891501903533936,3.4047985076904297,0.8214116096496582,2.5866317749023438,3.378877639770508,0.034781552851200104,0.16437435150146484,0.24187110364437103,10000,10000,1.0,240.53415970640998,240.53415970640998,95600,True,771,385000,0.0,0.0,0,NOOP,greedy,88923,87296,104663,104514,23466,361930,0.0608880216712161,0,192698,2,2,240.53415970640998,120.26707985320499,2,2,120.26707985320499,240.53415970640998,120.26707985320499,240.53415970640998,59.68940908132935,1910.0610906025393,0,NOOP,False,,
385396,double_dqn,dueling,966,,,0.0,0.0,0.05,0.00137980910949409,2.5891501903533936,3.4047985076904297,0.8214116096496582,2.5866317749023438,3.378877639770508,0.034781552851200104,0.16437435150146484,0.24187110364437103,10000,10000,1.0,240.53411825688778,240.53411825688778,95600,True,771,385000,0.0,0.0,1,FIRE,fire_reset,88923,87296,104663,104514,23466,361930,0.0608880216712161,1,192698,2,2,240.53411825688778,120.26705912844389,2,2,120.26705912844389,240.53411825688778,120.26705912844389,240.53411825688778,59.68939879548268,1910.0607614554458,3,LEFT,True,after_life_loss,
385795,double_dqn,dueling,966,,,15.0,12.0,0.05,0.002087899949401617,2.5656070709228516,3.3967347145080566,1.0696849822998047,2.6063694953918457,3.3696999549865723,0.05026603117585182,0.17166852951049805,0.25307103991508484,10000,10000,1.0,240.29076720169633,240.29076720169633,95700,True,772,385500,0.0,0.0,3,LEFT,greedy,89074,87350,104768,104604,23486,362310,0.06087673278105527,0,192898,2,2,240.29076720169633,120.14538360084816,2,2,120.14538360084816,240.29076720169633,120.14538360084816,240.29076720169633,59.63031726950694,1908.170152624222,3,LEFT,False,,
385796,double_dqn,dueling,966,,,4.0,4.0,0.05,0.002087899949401617,2.5656070709228516,3.3967347145080566,1.0696849822998047,2.6063694953918457,3.3696999549865723,0.05026603117585182,0.17166852951049805,0.25307103991508484,10000,10000,1.0,240.29071218157438,240.29071218157438,95700,True,772,385500,0.0,0.0,2,RIGHT,greedy,89074,87350,104768,104604,23486,362310,0.06087673278105527,1,192898,2,2,240.29071218157438,120.14535609078719,2,2,120.14535609078719,240.29071218157438,120.14535609078719,240.29071218157438,59.63030361576833,1908.1697157045865,2,RIGHT,False,,
386119,double_dqn,dueling,967,17.0,685,0.0,0.0,0.05,,,,,,,,,,10000,10000,1.0,240.0750300855022,240.0750300855022,95781,True,773,386000,0.0,0.0,1,FIRE,greedy,89165,87459,104838,104658,23503,362617,0.06086967782036672,0,193060,2,2,240.0750300855022,120.0375150427511,2,2,120.0375150427511,240.0750300855022,120.0375150427511,240.0750300855022,59.57783217960817,1906.4906297474615,1,FIRE,False,,
386195,double_dqn,dueling,967,,,1.0,1.0,0.05,0.001659296452999115,2.4976353645324707,3.4493398666381836,0.5610811114311218,2.5166101455688477,3.3983020782470703,0.04993528872728348,0.09818720817565918,0.13698412477970123,10000,10000,1.0,240.04436100728276,240.04436100728276,95800,True,773,386000,0.0,0.0,3,LEFT,greedy,89167,87489,104854,104686,23507,362689,0.06086805663445504,0,193098,2,2,240.04436100728276,120.02218050364138,2,2,120.02218050364138,240.04436100728276,120.02218050364138,240.04436100728276,59.57046725076471,1906.2549520244706,3,LEFT,False,,
386196,double_dqn,dueling,967,,,8.0,8.0,0.05,0.001659296452999115,2.4976353645324707,3.4493398666381836,0.5610811114311218,2.5166101455688477,3.3983020782470703,0.04993528872728348,0.09818720817565918,0.13698412477970123,10000,10000,1.0,240.04431146502966,240.04431146502966,95800,True,773,386000,0.0,0.0,3,LEFT,greedy,89167,87489,104854,104686,23507,362689,0.06086805663445504,1,193098,2,2,240.04431146502966,120.02215573251483,2,2,120.02215573251483,240.04431146502966,120.02215573251483,240.04431146502966,59.570454956140686,1906.254558596502,3,LEFT,False,,
386286,double_dqn,dueling,968,10.0,472,0.0,0.0,0.05,,,,,,,,,,10000,10000,1.0,240.00855566411659,240.00855566411659,95822,False,773,386000,0.0,0.0,3,LEFT,greedy,89177,87513,104882,104714,23512,362774,0.06086681888548899,1,193143,2,2,240.00855566411659,120.00427783205829,2,2,120.00427783205829,240.00855566411659,120.00427783205829,240.00855566411659,59.56099203965255,1905.9517452688815,3,LEFT,False,,
386595,double_dqn,dueling,968,,,5.0,5.0,0.05,0.0024798563681542873,2.468346357345581,3.357954978942871,-0.18675701320171356,2.5007219314575195,3.4606151580810547,0.046208787709474564,0.24910497665405273,0.27601826190948486,10000,10000,1.0,239.77948540491445,239.77948540491445,95900,True,774,386500,0.0,0.0,3,LEFT,greedy,89215,87574,104985,104822,23524,363072,0.06084905172324597,0,193298,2,2,239.77948540491445,119.88974270245723,2,2,119.88974270245723,239.77948540491445,119.88974270245723,239.77948540491445,59.50602342485281,1904.19274959529,3,LEFT,False,,
386596,double_dqn,dueling,968,,,4.0,4.0,0.05,0.0024798563681542873,2.468346357345581,3.357954978942871,-0.18675701320171356,2.5007219314575195,3.4606151580810547,0.046208787709474564,0.24910497665405273,0.27601826190948486,10000,10000,1.0,239.7794487438932,239.7794487438932,95900,True,774,386500,0.0,0.0,3,LEFT,greedy,89215,87574,104985,104822,23524,363072,0.06084905172324597,1,193298,2,2,239.7794487438932,119.8897243719466,2,2,119.8897243719466,239.7794487438932,119.8897243719466,239.7794487438932,59.50601432669504,1904.1924584542412,3,LEFT,False,,
386995,double_dqn,dueling,968,,,14.0,11.0,0.05,0.0012214691378176212,2.4297361373901367,3.534013509750366,1.2030056715011597,2.4634039402008057,3.5903334617614746,0.039866410195827484,0.10055685043334961,0.27530336380004883,10000,10000,1.0,239.52075162865722,239.52075162865722,96000,True,774,386500,0.0,0.0,1,FIRE,fire_reset,89293,87661,105098,104944,23538,363458,0.060822334080972415,0,193498,2,2,239.52075162865722,119.76037581432861,2,2,119.76037581432861,239.52075162865722,119.76037581432861,239.52075162865722,59.44309348172733,1902.1789914152746,1,FIRE,False,after_life_loss,
386996,double_dqn,dueling,968,,,7.0,7.0,0.05,0.0012214691378176212,2.4297361373901367,3.534013509750366,1.2030056715011597,2.4634039402008057,3.5903334617614746,0.039866410195827484,0.10055685043334961,0.27530336380004883,10000,10000,1.0,239.52063629869917,239.52063629869917,96000,True,774,386500,0.0,0.0,3,LEFT,greedy,89293,87661,105098,104944,23538,363458,0.060822334080972415,1,193498,2,2,239.52063629869917,119.76031814934959,2,2,119.76031814934959,239.52063629869917,119.76031814934959,239.52063629869917,59.44306485970009,1902.1780755104028,3,LEFT,False,,
387395,double_dqn,dueling,968,,,25.0,16.0,0.05,0.0021207411773502827,2.287975788116455,3.3862662315368652,-0.13329818844795227,2.2775187492370605,3.369340658187866,0.04145877808332443,0.2606765031814575,0.33228811621665955,10000,10000,1.0,239.3013931173504,239.3013931173504,96100,True,775,387000,0.0,0.0,2,RIGHT,greedy,89377,87713,105214,105092,23556,363840,0.06080599696434656,0,193698,2,2,239.3013931173504,119.6506965586752,2,2,119.6506965586752,239.3013931173504,119.6506965586752,239.3013931173504,59.38992549934882,1900.4776159791622,2,RIGHT,False,,
387396,double_dqn,dueling,968,,,16.0,13.0,0.05,0.0021207411773502827,2.287975788116455,3.3862662315368652,-0.13329818844795227,2.2775187492370605,3.369340658187866,0.04145877808332443,0.2606765031814575,0.33228811621665955,10000,10000,1.0,239.30135848215912,239.30135848215912,96100,True,775,387000,0.0,0.0,3,LEFT,greedy,89377,87713,105214,105092,23556,363840,0.06080599696434656,1,193698,2,2,239.30135848215912,119.65067924107956,2,2,119.65067924107956,239.30135848215912,119.65067924107956,239.30135848215912,59.389916903571745,1900.4773409142958,3,LEFT,False,,
387605,double_dqn,dueling,969,27.0,743,0.0,0.0,0.05,,,,,,,,,,10000,10000,1.0,239.0568705535741,239.0568705535741,96152,False,776,387500,0.0,0.0,3,LEFT,greedy,89402,87782,105261,105161,23570,364036,0.06080917220063673,0,193803,2,2,239.0568705535741,119.52843527678705,2,2,119.52843527678705,239.0568705535741,119.52843527678705,239.0568705535741,59.32903497140465,1898.529119084949,3,LEFT,False,,
387722,double_dqn,dueling,970,22.0,718,0.0,0.0,0.05,,,,,,,,,,10000,10000,1.0,238.93243602448152,238.93243602448152,96181,False,776,387500,0.0,0.0,3,LEFT,greedy,89426,87801,105301,105194,23576,364146,0.06080645410887182,1,193861,2,2,238.93243602448152,119.46621801224076,2,2,119.46621801224076,238.93243602448152,119.46621801224076,238.93243602448152,59.29851921491685,1897.5526148773392,3,LEFT,False,,
387795,double_dqn,dueling,970,,,2.0,2.0,0.05,0.002198445610702038,2.340519428253174,3.2487783432006836,0.6533844470977783,2.346214771270752,3.260342597961426,0.045578643679618835,0.217107355594635,0.19144052267074585,10000,10000,1.0,238.85712927118178,238.85712927118178,96200,True,776,387500,0.0,0.0,1,FIRE,greedy,89446,87811,105330,105209,23580,364216,0.06080516560253329,0,193898,2,2,238.85712927118178,119.42856463559089,2,2,119.42856463559089,238.85712927118178,119.42856463559089,238.85712927118178,59.28092951860102,1896.9897445952327,1,FIRE,False,,
387796,double_dqn,dueling,970,,,0.0,0.0,0.05,0.002198445610702038,2.340519428253174,3.2487783432006836,0.6533844470977783,2.346214771270752,3.260342597961426,0.045578643679618835,0.217107355594635,0.19144052267074585,10000,10000,1.0,238.8570938295859,238.8570938295859,96200,True,776,387500,0.0,0.0,0,NOOP,greedy,89446,87811,105330,105209,23580,364216,0.06080516560253329,1,193898,2,2,238.8570938295859,119.42854691479295,2,2,119.42854691479295,238.8570938295859,119.42854691479295,238.8570938295859,59.28092072250289,1896.9894631200925,0,NOOP,False,,
388195,double_dqn,dueling,970,,,7.0,7.0,0.05,0.0017886768328025937,2.4046359062194824,3.432969331741333,-0.1847001314163208,2.4516382217407227,3.4811642169952393,0.04313286021351814,0.20662236213684082,0.45762327313423157,10000,10000,1.0,238.55019938039084,238.55019938039084,96300,True,777,388000,0.0,0.0,0,NOOP,greedy,89528,87951,105412,105305,23598,364598,0.06078887984420241,0,194098,2,2,238.55019938039084,119.27509969019542,2,2,119.27509969019542,238.55019938039084,119.27509969019542,238.55019938039084,59.206006603288266,1894.5922113052245,0,NOOP,False,,
388196,double_dqn,dueling,970,,,6.0,6.0,0.05,0.0017886768328025937,2.4046359062194824,3.432969331741333,-0.1847001314163208,2.4516382217407227,3.4811642169952393,0.04313286021351814,0.20662236213684082,0.45762327313423157,10000,10000,1.0,238.55016363800266,238.55016363800266,96300,True,777,388000,0.0,0.0,3,LEFT,greedy,89528,87951,105412,105305,23598,364598,0.06078887984420241,1,194098,2,2,238.55016363800266,119.27508181900133,2,2,119.27508181900133,238.55016363800266,119.27508181900133,238.55016363800266,59.20599773235009,1894.591927435203,3,LEFT,False,,
388595,double_dqn,dueling,970,,,11.0,11.0,0.05,0.002313463017344475,2.416034698486328,3.551687479019165,0.7049812078475952,2.448040008544922,3.638794183731079,0.05023852363228798,0.2349339723587036,0.29456692934036255,10000,10000,1.0,238.3217724008751,238.3217724008751,96400,True,778,388500,0.0,0.0,3,LEFT,greedy,89594,88082,105493,105427,23614,364982,0.06076748087988554,0,194298,2,2,238.3217724008751,119.16088620043755,2,2,119.16088620043755,238.3217724008751,119.16088620043755,238.3217724008751,59.1505573668627,1892.8178357396064,3,LEFT,False,,
388596,double_dqn,dueling,970,,,10.0,10.0,0.05,0.002313463017344475,2.416034698486328,3.551687479019165,0.7049812078475952,2.448040008544922,3.638794183731079,0.05023852363228798,0.2349339723587036,0.29456692934036255,10000,10000,1.0,238.32172728139642,238.32172728139642,96400,True,778,388500,0.0,0.0,3,LEFT,greedy,89594,88082,105493,105427,23614,364982,0.06076748087988554,1,194298,2,2,238.32172728139642,119.16086364069821,2,2,119.16086364069821,238.32172728139642,119.16086364069821,238.32172728139642,59.15054616837972,1892.817477388151,3,LEFT,False,,
388625,double_dqn,dueling,971,11.0,510,0.0,0.0,0.05,,,,,,,,,,10000,10000,1.0,238.30292357575922,238.30292357575922,96407,False,778,388500,0.0,0.0,1,FIRE,greedy,89596,88093,105502,105435,23615,365011,0.06076536309974114,0,194313,2,2,238.30292357575922,119.15146178787961,2,2,119.15146178787961,238.30292357575922,119.15146178787961,238.30292357575922,59.145112666798234,1892.6436053375435,1,FIRE,False,,
388995,double_dqn,dueling,971,,,3.0,3.0,0.05,0.0013186903670430183,2.3661630153656006,3.5178020000457764,0.4487327039241791,2.3869667053222656,3.4768059253692627,0.041550032794475555,0.1470334529876709,0.10938680171966553,10000,10000,1.0,238.11274384196847,238.11274384196847,96500,True,778,388500,0.0,0.0,1,FIRE,greedy,89653,88217,105599,105527,23634,365362,0.060756408806260216,0,194498,2,2,238.11274384196847,119.05637192098423,2,2,119.05637192098423,238.11274384196847,119.05637192098423,238.11274384196847,59.09991330544814,1891.1972257743405,1,FIRE,False,,
388996,double_dqn,dueling,971,,,16.0,16.0,0.05,0.0013186903670430183,2.3661630153656006,3.5178020000457764,0.4487327039241791,2.3869667053222656,3.4768059253692627,0.041550032794475555,0.1470334529876709,0.10938680171966553,10000,10000,1.0,238.1127125553739,238.1127125553739,96500,True,778,388500,0.0,0.0,1,FIRE,greedy,89653,88217,105599,105527,23634,365362,0.060756408806260216,1,194498,2,2,238.1127125553739,119.05635627768694,2,2,119.05635627768694,238.1127125553739,119.05635627768694,238.1127125553739,59.099905540071966,1891.196977282303,1,FIRE,False,,
389395,double_dqn,dueling,971,,,8.0,8.0,0.05,0.003150434698909521,2.355961799621582,3.1328208446502686,0.8609958291053772,2.3693606853485107,3.2608695030212402,0.05147621035575867,0.3036520481109619,0.21767675876617432,10000,10000,1.0,237.85745726089576,237.85745726089576,96600,True,779,389000,1.0,1.0,0,NOOP,greedy,89735,88379,105678,105604,23651,365745,0.060737655240423634,0,194698,2,2,237.85745726089576,118.92872863044788,2,2,118.92872863044788,237.85745726089576,118.92872863044788,237.85745726089576,59.037778442492844,1889.208910159771,0,NOOP,False,,
389396,double_dqn,dueling,971,,,23.0,20.0,0.05,0.003150434698909521,2.355961799621582,3.1328208446502686,0.8609958291053772,2.3693606853485107,3.2608695030212402,0.05147621035575867,0.3036520481109619,0.21767675876617432,10000,10000,1.0,237.85742621211054,237.85742621211054,96600,True,779,389000,0.0,0.0,1,FIRE,greedy,89735,88379,105678,105604,23651,365745,0.060737655240423634,1,194698,2,2,237.85742621211054,118.92871310605527,2,2,118.92871310605527,237.85742621211054,118.92871310605527,237.85742621211054,59.037770735981034,1889.208663551393,1,FIRE,False,,
389464,double_dqn,dueling,972,24.0,871,0.0,0.0,0.05,,,,,,,,,,10000,10000,1.0,237.81312663603288,237.81312663603288,96617,True,779,389000,0.0,0.0,1,FIRE,greedy,89743,88414,105692,105615,23658,365806,0.06074502393032476,1,194732,2,2,237.81312663603288,118.90656331801644,2,2,118.90656331801644,237.81312663603288,118.90656331801644,237.81312663603288,59.02698324752563,1888.86346392082,1,FIRE,False,,
389771,double_dqn,dueling,973,12.0,573,0.0,0.0,0.05,,,,,,,,,,10000,10000,1.0,237.61805317582014,237.61805317582014,96694,True,780,389500,0.0,0.0,3,LEFT,greedy,89823,88487,105768,105694,23673,366099,0.06073550691173301,0,194886,2,2,237.61805317582014,118.80902658791007,2,2,118.80902658791007,237.61805317582014,118.80902658791007,237.61805317582014,58.97950318253104,1887.3441018409933,3,LEFT,False,,
389795,double_dqn,dueling,973,,,0.0,0.0,0.05,0.0008981163846328855,2.3482255935668945,3.40488600730896,0.34996047616004944,2.373589515686035,3.437293767929077,0.03290105238556862,0.09304070472717285,0.22744038701057434,10000,10000,1.0,237.5925908737308,237.5925908737308,96700,True,780,389500,0.0,0.0,3,LEFT,greedy,89824,88496,105771,105705,23674,366122,0.060734332830506214,0,194898,2,2,237.5925908737308,118.7962954368654,2,2,118.7962954368654,237.5925908737308,118.7962954368654,237.5925908737308,58.97325610695289,1887.1441954224924,3,LEFT,False,,
389796,double_dqn,dueling,973,,,4.0,4.0,0.05,0.0008981163846328855,2.3482255935668945,3.40488600730896,0.34996047616004944,2.373589515686035,3.437293767929077,0.03290105238556862,0.09304070472717285,0.22744038701057434,10000,10000,1.0,237.5925425787433,237.5925425787433,96700,True,780,389500,0.0,0.0,1,FIRE,random,89824,88496,105771,105705,23674,366122,0.060734332830506214,1,194898,2,2,237.5925425787433,118.79627128937165,2,2,118.79627128937165,237.5925425787433,118.79627128937165,237.5925425787433,58.973244119572904,1887.143811826333,1,FIRE,False,,
390194,double_dqn,dueling,974,6.0,365,0.0,0.0,0.05,,,,,,,,,,10000,10000,1.0,237.3810455826563,237.3810455826563,96799,False,781,390000,0.0,0.0,3,LEFT,greedy,89947,88575,105867,105805,23691,366503,0.06071595155230475,1,195097,2,2,237.3810455826563,118.69052279132815,2,2,118.69052279132815,237.3810455826563,118.69052279132815,237.3810455826563,58.921106639266114,1885.4754124565156,3,LEFT,False,,
390195,double_dqn,dueling,974,,,4.0,4.0,0.05,0.0011873263865709305,2.5039634704589844,3.4345614910125732,0.38247743248939514,2.4938509464263916,3.3523247241973877,0.03640072047710419,0.16039276123046875,0.34791767597198486,10000,10000,1.0,237.37638799332962,237.37638799332962,96800,True,781,390000,0.0,0.0,0,NOOP,greedy,89948,88576,105867,105805,23691,366505,0.06071564034485233,0,195098,2,2,237.37638799332962,118.68819399666481,2,2,118.68819399666481,237.37638799332962,118.68819399666481,237.37638799332962,58.9208032025156,1885.4657024804992,0,NOOP,False,,
390196,double_dqn,dueling,974,,,0.0,0.0,0.05,0.0011873263865709305,2.5039634704589844,3.4345614910125732,0.38247743248939514,2.4938509464263916,3.3523247241973877,0.03640072047710419,0.16039276123046875,0.34791767597198486,10000,10000,1.0,237.37635535738426,237.37635535738426,96800,True,781,390000,0.0,0.0,1,FIRE,fire_reset,89948,88576,105867,105805,23691,366505,0.06071564034485233,1,195098,2,2,237.37635535738426,118.68817767869213,2,2,118.68817767869213,237.37635535738426,118.68817767869213,237.37635535738426,58.920795101726256,1885.4654432552402,1,FIRE,False,initial_serve,
390595,double_dqn,dueling,974,,,9.0,9.0,0.05,0.0008608083007857203,2.6164023876190186,3.492000102996826,1.0029345750808716,2.6402392387390137,3.534047842025757,0.030817780643701553,0.14694321155548096,0.055142853409051895,10000,10000,1.0,237.14375059787568,237.14375059787568,96900,True,782,390500,0.0,0.0,0,NOOP,greedy,90025,88696,105948,105927,23712,366884,0.060707226904525395,0,195298,2,2,237.14375059787568,118.57187529893784,2,2,118.57187529893784,237.14375059787568,118.57187529893784,237.14375059787568,58.86426180058653,1883.656377618769,0,NOOP,False,,
390596,double_dqn,dueling,974,,,4.0,4.0,0.05,0.0008608083007857203,2.6164023876190186,3.492000102996826,1.0029345750808716,2.6402392387390137,3.534047842025757,0.030817780643701553,0.14694321155548096,0.055142853409051895,10000,10000,1.0,237.14369075912873,237.14369075912873,96900,True,782,390500,0.0,0.0,2,RIGHT,greedy,90025,88696,105948,105927,23712,366884,0.060707226904525395,1,195298,2,2,237.14369075912873,118.57184537956437,2,2,118.57184537956437,237.14369075912873,118.57184537956437,237.14369075912873,58.86424694730173,1883.6559023136554,2,RIGHT,False,,
390995,double_dqn,dueling,974,,,14.0,14.0,0.05,0.0011862707324326038,2.463311195373535,3.5602078437805176,0.24311332404613495,2.5008018016815186,3.6062068939208984,0.03653332591056824,0.12356936931610107,0.2630186975002289,10000,10000,1.0,236.65317730464943,236.65317730464943,97000,True,782,390500,0.0,0.0,2,RIGHT,greedy,90096,88821,106048,106031,23732,367264,0.06069627310765328,0,195498,2,2,236.65317730464943,118.32658865232472,2,2,118.32658865232472,236.65317730464943,118.32658865232472,236.65317730464943,58.74368459023962,1879.7979068876678,2,RIGHT,False,,
390996,double_dqn,dueling,974,,,12.0,9.0,0.05,0.0011862707324326038,2.463311195373535,3.5602078437805176,0.24311332404613495,2.5008018016815186,3.6062068939208984,0.03653332591056824,0.12356936931610107,0.2630186975002289,10000,10000,1.0,236.65312312546044,236.65312312546044,97000,True,782,390500,0.0,0.0,3,LEFT,greedy,90096,88821,106048,106031,23732,367264,0.06069627310765328,1,195498,2,2,236.65312312546044,118.32656156273022,2,2,118.32656156273022,236.65312312546044,118.32656156273022,236.65312312546044,58.74367114150749,1879.7974765282397,3,LEFT,False,,
391247,double_dqn,dueling,975,18.0,738,0.0,0.0,0.05,,,,,,,,,,10000,10000,1.0,236.43050215717378,236.43050215717378,97063,True,783,391000,0.0,0.0,1,FIRE,random,90137,88890,106109,106112,23741,367507,0.06068018239070871,0,195624,2,2,236.43050215717378,118.21525107858689,2,2,118.21525107858689,236.43050215717378,118.21525107858689,236.43050215717378,58.6891585483322,1878.0530735466305,1,FIRE,False,,
391304,double_dqn,dueling,976,19.0,555,0.0,0.0,0.05,,,,,,,,,,10000,10000,1.0,236.39923464717683,236.39923464717683,97077,True,783,391000,0.0,0.0,3,LEFT,greedy,90144,88900,106127,106133,23745,367559,0.06068172060597387,1,195652,2,2,236.39923464717683,118.19961732358841,2,2,118.19961732358841,236.39923464717683,118.19961732358841,236.39923464717683,58.68156283250562,1877.8100106401798,3,LEFT,False,,
391395,double_dqn,dueling,976,,,2.0,2.0,0.05,0.0025522555224597454,2.279343366622925,3.662708282470703,0.5249457955360413,2.3142194747924805,3.6151068210601807,0.05103339999914169,0.2639484405517578,0.26334235072135925,10000,10000,1.0,236.35648022790994,236.35648022790994,97100,True,783,391000,0.0,0.0,0,NOOP,greedy,90165,88927,106144,106160,23747,367649,0.06067256691432718,0,195698,2,2,236.35648022790994,118.17824011395497,2,2,118.17824011395497,236.35648022790994,118.17824011395497,236.35648022790994,58.671221954789466,1877.479102553263,0,NOOP,False,,
391396,double_dqn,dueling,976,,,1.0,1.0,0.05,0.0025522555224597454,2.279343366622925,3.662708282470703,0.5249457955360413,2.3142194747924805,3.6151068210601807,0.05103339999914169,0.2639484405517578,0.26334235072135925,10000,10000,1.0,236.35644767238657,236.35644767238657,97100,True,783,391000,0.0,0.0,2,RIGHT,greedy,90165,88927,106144,106160,23747,367649,0.06067256691432718,1,195698,2,2,236.35644767238657,118.17822383619328,2,2,118.17822383619328,236.35644767238657,118.17822383619328,236.35644767238657,58.67121387346952,1877.4788439510246,2,RIGHT,False,,
391795,double_dqn,dueling,976,,,6.0,6.0,0.05,0.0016067883698269725,2.3486666679382324,3.436875820159912,0.5906180143356323,2.373035430908203,3.420588493347168,0.045148104429244995,0.14990592002868652,0.1896054893732071,10000,10000,1.0,236.09797587131186,236.09797587131186,97200,True,784,391500,0.0,0.0,2,RIGHT,greedy,90265,88990,106245,106296,23761,368035,0.06064635677750666,0,195898,2,2,236.09797587131186,118.04898793565593,2,2,118.04898793565593,236.09797587131186,118.04898793565593,236.09797587131186,58.608230505051665,1875.4633761616533,2,RIGHT,False,,
391796,double_dqn,dueling,976,,,5.0,5.0,0.05,0.0016067883698269725,2.3486666679382324,3.436875820159912,0.5906180143356323,2.373035430908203,3.420588493347168,0.045148104429244995,0.14990592002868652,0.1896054893732071,10000,10000,1.0,236.09794245649,236.09794245649,97200,True,784,391500,0.0,0.0,3,LEFT,greedy,90265,88990,106245,106296,23761,368035,0.06064635677750666,1,195898,2,2,236.09794245649,118.048971228245,2,2,118.048971228245,236.09794245649,118.048971228245,236.09794245649,58.60822221025975,1875.463110728312,3,LEFT,False,,
392195,double_dqn,dueling,976,,,12.0,12.0,0.05,0.002373355906456709,2.400303363800049,3.425973892211914,0.7203673124313354,2.420948028564453,3.4229025840759277,0.04812154918909073,0.26915180683135986,0.3047177493572235,10000,10000,1.0,235.8513519755153,235.8513519755153,97300,True,785,392000,0.0,0.0,2,RIGHT,greedy,90391,89087,106319,106399,23782,368414,0.06063804832277739,0,196098,2,2,235.8513519755153,117.92567598775766,2,2,117.92567598775766,235.8513519755153,117.92567598775766,235.8513519755153,58.548179086498315,1873.541730767946,2,RIGHT,False,,
392196,double_dqn,dueling,976,,,10.0,10.0,0.05,0.002373355906456709,2.400303363800049,3.425973892211914,0.7203673124313354,2.420948028564453,3.4229025840759277,0.04812154918909073,0.26915180683135986,0.3047177493572235,10000,10000,1.0,235.85131539916014,235.85131539916014,97300,True,785,392000,0.0,0.0,0,NOOP,greedy,90391,89087,106319,106399,23782,368414,0.06063804832277739,1,196098,2,2,235.85131539916014,117.92565769958007,2,2,117.92565769958007,235.85131539916014,117.92565769958007,235.85131539916014,58.54817000671576,1873.5414402149042,0,NOOP,False,,
392420,double_dqn,dueling,977,12.0,558,0.0,0.0,0.05,,,,,,,,,,10000,10000,1.0,235.6707294674443,235.6707294674443,97356,True,785,392000,0.0,0.0,0,NOOP,greedy,90489,89147,106349,106435,23799,368621,0.06064675602670608,1,196210,2,2,235.6707294674443,117.83536473372214,2,2,117.83536473372214,235.6707294674443,117.83536473372214,235.6707294674443,58.50399269991218,1872.1277663971898,0,NOOP,False,,
392513,double_dqn,dueling,978,15.0,633,0.0,0.0,0.05,,,,,,,,,,10000,10000,1.0,235.594805069009,235.594805069009,97379,False,786,392500,0.0,0.0,1,FIRE,greedy,90513,89173,106380,106448,23805,368709,0.06064751830507956,0,196257,2,2,235.594805069009,117.7974025345045,2,2,117.7974025345045,235.594805069009,117.7974025345045,235.594805069009,58.48459108390334,1871.5069146849069,1,FIRE,False,,
392595,double_dqn,dueling,978,,,1.0,1.0,0.05,0.0009185041999444366,2.573988914489746,3.6719467639923096,1.149235725402832,2.6023824214935303,3.6681535243988037,0.0349917896091938,0.0944833755493164,0.12250074744224548,10000,10000,1.0,235.47816995197078,235.47816995197078,97400,True,786,392500,0.0,0.0,1,FIRE,greedy,90516,89229,106383,106468,23809,368787,0.060645039684561225,0,196298,2,2,235.47816995197078,117.73908497598539,2,2,117.73908497598539,235.47816995197078,117.73908497598539,235.47816995197078,58.456701016366615,1870.6144325237317,1,FIRE,False,,
392596,double_dqn,dueling,978,,,2.0,2.0,0.05,0.0009185041999444366,2.573988914489746,3.6719467639923096,1.149235725402832,2.6023824214935303,3.6681535243988037,0.0349917896091938,0.0944833755493164,0.12250074744224548,10000,10000,1.0,235.4781228998494,235.4781228998494,97400,True,786,392500,0.0,0.0,3,LEFT,greedy,90516,89229,106383,106468,23809,368787,0.060645039684561225,1,196298,2,2,235.4781228998494,117.7390614499247,2,2,117.7390614499247,235.4781228998494,117.7390614499247,235.4781228998494,58.45668933582828,1870.614058746505,3,LEFT,False,,
392995,double_dqn,dueling,978,,,6.0,6.0,0.05,0.0007309672073461115,2.2778258323669434,3.04166316986084,0.8768842220306396,2.2994940280914307,3.069882869720459,0.03268534690141678,0.08434414863586426,0.16237279772758484,10000,10000,1.0,235.17653154833604,235.17653154833604,97500,True,786,392500,0.0,0.0,1,FIRE,greedy,90605,89375,106463,106553,23840,369156,0.06066219503506397,0,196498,2,2,235.17653154833604,117.58826577416802,2,2,117.58826577416802,235.17653154833604,117.58826577416802,235.17653154833604,58.38297360369787,1868.2551553183318,1,FIRE,False,,
392996,double_dqn,dueling,978,,,8.0,8.0,0.05,0.0007309672073461115,2.2778258323669434,3.04166316986084,0.8768842220306396,2.2994940280914307,3.069882869720459,0.03268534690141678,0.08434414863586426,0.16237279772758484,10000,10000,1.0,235.1764687739669,235.1764687739669,97500,True,786,392500,0.0,0.0,1,FIRE,greedy,90605,89375,106463,106553,23840,369156,0.06066219503506397,1,196498,2,2,235.1764687739669,117.58823438698344,2,2,117.58823438698344,235.1764687739669,117.58823438698344,235.1764687739669,58.38295801985406,1868.2546566353299,1,FIRE,False,,
393395,double_dqn,dueling,978,,,9.0,9.0,0.05,0.0037106196396052837,2.3008065223693848,3.1847755908966064,0.2802056074142456,2.2930407524108887,3.1973583698272705,0.05625224858522415,0.2743126153945923,0.5350705981254578,10000,10000,1.0,234.95387058689877,234.95387058689877,97600,True,787,393000,0.0,0.0,1,FIRE,greedy,90666,89547,106555,106628,23859,369537,0.06064881188420828,0,196698,2,2,234.95387058689877,117.47693529344939,2,2,117.47693529344939,234.95387058689877,117.47693529344939,234.95387058689877,58.32884347557121,1866.5229912182788,1,FIRE,False,,
393396,double_dqn,dueling,978,,,11.0,11.0,0.05,0.0037106196396052837,2.3008065223693848,3.1847755908966064,0.2802056074142456,2.2930407524108887,3.1973583698272705,0.05625224858522415,0.2743126153945923,0.5350705981254578,10000,10000,1.0,234.95383143526652,234.95383143526652,97600,True,787,393000,0.0,0.0,1,FIRE,greedy,90666,89547,106555,106628,23859,369537,0.06064881188420828,1,196698,2,2,234.95383143526652,117.47691571763326,2,2,117.47691571763326,234.95383143526652,117.47691571763326,234.95383143526652,58.32883375592103,1866.522680189473,1,FIRE,False,,
393457,double_dqn,dueling,979,10.0,472,0.0,0.0,0.05,,,,,,,,,,10000,10000,1.0,234.94517843288514,234.94517843288514,97615,False,787,393000,0.0,0.0,1,FIRE,greedy,90674,89570,106572,106642,23864,369594,0.06065196285245185,0,196729,2,2,234.94517843288514,117.47258921644257,2,2,117.47258921644257,234.94517843288514,117.47258921644257,234.94517843288514,58.32604375293655,1866.4334000939696,1,FIRE,False,,
393508,double_dqn,dueling,980,13.0,544,0.0,0.0,0.05,,,,,,,,,,10000,10000,1.0,234.92287899465563,234.92287899465563,97628,True,788,393500,0.0,0.0,2,RIGHT,greedy,90676,89592,106585,106655,23868,369640,0.06065442125700113,1,196754,2,2,234.92287899465563,117.46143949732782,2,2,117.46143949732782,234.92287899465563,117.46143949732782,234.92287899465563,58.32146925566934,1866.287016181419,2,RIGHT,False,,
393795,double_dqn,dueling,980,,,4.0,4.0,0.05,0.004155180417001247,2.419867992401123,3.398930072784424,0.8364049196243286,2.4592881202697754,3.3889379501342773,0.05591502785682678,0.40772879123687744,0.2942447364330292,10000,10000,1.0,234.84737889363348,234.84737889363348,97700,True,788,393500,0.0,0.0,3,LEFT,greedy,90735,89701,106635,106725,23883,369913,0.060648152850714586,0,196898,2,2,234.84737889363348,117.42368944681674,2,2,117.42368944681674,234.84737889363348,117.42368944681674,234.84737889363348,58.30354515510738,1865.7134449634361,3,LEFT,False,,
393796,double_dqn,dueling,980,,,3.0,3.0,0.05,0.004155180417001247,2.419867992401123,3.398930072784424,0.8364049196243286,2.4592881202697754,3.3889379501342773,0.05591502785682678,0.40772879123687744,0.2942447364330292,10000,10000,1.0,234.8473487080621,234.8473487080621,97700,True,788,393500,0.0,0.0,2,RIGHT,greedy,90735,89701,106635,106725,23883,369913,0.060648152850714586,1,196898,2,2,234.8473487080621,117.42367435403105,2,2,117.42367435403105,234.8473487080621,117.42367435403105,234.8473487080621,58.30353766119439,1865.7132051582205,2,RIGHT,False,,
394195,double_dqn,dueling,980,,,8.0,8.0,0.05,0.0018104417249560356,2.3731274604797363,3.476964235305786,0.9909676313400269,2.371840000152588,3.4272022247314453,0.04409398138523102,0.15738260746002197,0.3104588985443115,10000,10000,1.0,234.778800795869,234.778800795869,97800,True,789,394000,0.0,0.0,1,FIRE,greedy,90824,89822,106727,106823,23904,370292,0.0606398847273945,0,197098,2,2,234.778800795869,117.3894003979345,2,2,117.3894003979345,234.778800795869,117.3894003979345,234.778800795869,58.28765215187185,1865.2048688598993,1,FIRE,False,,
394196,double_dqn,dueling,980,,,7.0,7.0,0.05,0.0018104417249560356,2.3731274604797363,3.476964235305786,0.9909676313400269,2.371840000152588,3.4272022247314453,0.04409398138523102,0.15738260746002197,0.3104588985443115,10000,10000,1.0,234.77876669784246,234.77876669784246,97800,True,789,394000,0.0,0.0,3,LEFT,greedy,90824,89822,106727,106823,23904,370292,0.0606398847273945,1,197098,2,2,234.77876669784246,117.38938334892123,2,2,117.38938334892123,234.77876669784246,117.38938334892123,234.77876669784246,58.28764368648272,1865.204597967447,3,LEFT,False,,
394378,double_dqn,dueling,981,8.0,435,0.0,0.0,0.05,,,,,,,,,,10000,10000,1.0,234.6496596425953,234.6496596425953,97845,False,789,394000,0.0,0.0,1,FIRE,greedy,90854,89864,106787,106873,23918,370460,0.0606473991956955,1,197189,2,2,234.6496596425953,117.32482982129766,2,2,117.32482982129766,234.6496596425953,117.32482982129766,234.6496596425953,58.25529097389621,1864.1693111646787,1,FIRE,False,,
394595,double_dqn,dueling,981,,,16.0,13.0,0.05,0.001918689114972949,2.3098268508911133,3.278998613357544,0.6968199014663696,2.3067984580993652,3.279254913330078,0.04431489109992981,0.1786186695098877,0.3261445462703705,10000,10000,1.0,234.4610819435916,234.4610819435916,97900,True,790,394500,0.0,0.0,0,NOOP,greedy,90915,89932,106832,106917,23923,370673,0.06062656489168669,0,197298,2,2,234.4610819435916,117.2305409717958,2,2,117.2305409717958,234.4610819435916,117.2305409717958,234.4610819435916,58.2098977889637,1862.7167292468384,0,NOOP,False,,
394596,double_dqn,dueling,981,,,1.0,1.0,0.05,0.001918689114972949,2.3098268508911133,3.278998613357544,0.6968199014663696,2.3067984580993652,3.279254913330078,0.04431489109992981,0.1786186695098877,0.3261445462703705,10000,10000,1.0,234.4610351058555,234.4610351058555,97900,True,790,394500,0.0,0.0,1,FIRE,greedy,90915,89932,106832,106917,23923,370673,0.06062656489168669,1,197298,2,2,234.4610351058555,117.23051755292775,2,2,117.23051755292775,234.4610351058555,117.23051755292775,234.4610351058555,58.20988616051002,1862.7163571363205,1,FIRE,False,,
394721,double_dqn,dueling,982,18.0,632,0.0,0.0,0.05,,,,,,,,,,10000,10000,1.0,234.260008942197,234.260008942197,97931,False,790,394500,0.0,0.0,2,RIGHT,greedy,90966,89960,106857,106939,23928,370794,0.06061987930746196,0,197361,2,2,234.260008942197,117.1300044710985,2,2,117.1300044710985,234.260008942197,117.1300044710985,234.260008942197,58.15952046885158,1861.1046550032506,2,RIGHT,False,,
394995,double_dqn,dueling,982,,,3.0,3.0,0.05,0.002485542092472315,2.403184652328491,3.4728307723999023,0.9943190217018127,2.438732147216797,3.450138807296753,0.049973707646131516,0.2712554931640625,0.2513887584209442,10000,10000,1.0,233.87853884496104,233.87853884496104,98000,True,790,394500,0.0,0.0,3,LEFT,greedy,91018,90036,106913,107029,23940,371056,0.06060820869072092,0,197498,2,2,233.87853884496104,116.93926942248052,2,2,116.93926942248052,233.87853884496104,116.93926942248052,233.87853884496104,58.066384727025245,1858.1243112648078,3,LEFT,False,,
394996,double_dqn,dueling,982,,,6.0,6.0,0.05,0.002485542092472315,2.403184652328491,3.4728307723999023,0.9943190217018127,2.438732147216797,3.450138807296753,0.049973707646131516,0.2712554931640625,0.2513887584209442,10000,10000,1.0,233.8785046287067,233.8785046287067,98000,True,790,394500,0.0,0.0,2,RIGHT,greedy,91018,90036,106913,107029,23940,371056,0.06060820869072092,1,197498,2,2,233.8785046287067,116.93925231435335,2,2,116.93925231435335,233.8785046287067,116.93925231435335,233.8785046287067,58.06637623195683,1858.1240394226186,2,RIGHT,False,,
395084,double_dqn,dueling,983,7.0,353,0.0,0.0,0.05,,,,,,,,,,10000,10000,1.0,233.77389628192708,233.77389628192708,98022,True,791,395000,0.0,0.0,1,FIRE,greedy,91039,90077,106924,107044,23946,371138,0.06060989561713458,1,197542,2,2,233.77389628192708,116.88694814096354,2,2,116.88694814096354,233.77389628192708,116.88694814096354,233.77389628192708,58.04064898935303,1857.300767659297,1,FIRE,False,,
395395,double_dqn,dueling,983,,,10.0,7.0,0.05,0.0016727696638554335,2.561068534851074,3.2759366035461426,1.5505372285842896,2.5969676971435547,3.2886836528778076,0.0440632626414299,0.15603113174438477,0.2383192926645279,10000,10000,1.0,233.45034365748904,233.45034365748904,98100,True,791,395000,0.0,0.0,2,RIGHT,greedy,91097,90215,106980,107104,23956,371440,0.06058736051958037,0,197698,2,2,233.45034365748904,116.72517182874452,2,2,116.72517182874452,233.45034365748904,116.72517182874452,233.45034365748904,57.96118157096273,1854.7578102708073,2,RIGHT,False,,
395396,double_dqn,dueling,983,,,2.0,2.0,0.05,0.0016727696638554335,2.561068534851074,3.2759366035461426,1.5505372285842896,2.5969676971435547,3.2886836528778076,0.0440632626414299,0.15603113174438477,0.2383192926645279,10000,10000,1.0,233.4502929427468,233.4502929427468,98100,True,791,395000,0.0,0.0,3,LEFT,greedy,91097,90215,106980,107104,23956,371440,0.06058736051958037,1,197698,2,2,233.4502929427468,116.7251464713734,2,2,116.7251464713734,233.4502929427468,116.7251464713734,233.4502929427468,57.96116897947823,1854.7574073433034,3,LEFT,False,,
395795,double_dqn,dueling,983,,,14.0,11.0,0.05,0.002601990941911936,2.437319755554199,3.3090617656707764,0.8914518356323242,2.4679830074310303,3.304748296737671,0.04760543256998062,0.27108049392700195,0.19126197695732117,10000,10000,1.0,232.9725954926558,232.9725954926558,98200,True,792,395500,0.0,0.0,2,RIGHT,greedy,91149,90355,107066,107226,23976,371820,0.06057666070399903,0,197898,2,2,232.9725954926558,116.4862977463279,2,2,116.4862977463279,232.9725954926558,116.4862977463279,232.9725954926558,57.84366501302264,1850.9972804167244,2,RIGHT,False,,
395796,double_dqn,dueling,983,,,6.0,6.0,0.05,0.002601990941911936,2.437319755554199,3.3090617656707764,0.8914518356323242,2.4679830074310303,3.304748296737671,0.04760543256998062,0.27108049392700195,0.19126197695732117,10000,10000,1.0,232.97254571948767,232.97254571948767,98200,True,792,395500,0.0,0.0,2,RIGHT,greedy,91149,90355,107066,107226,23976,371820,0.06057666070399903,1,197898,2,2,232.97254571948767,116.48627285974383,2,2,116.48627285974383,232.97254571948767,116.48627285974383,232.97254571948767,57.843652655077875,1850.996884962492,2,RIGHT,False,,
396070,double_dqn,dueling,984,10.0,493,0.0,0.0,0.05,,,,,,,,,,10000,10000,1.0,232.67529100550576,232.67529100550576,98268,False,793,396000,0.0,0.0,3,LEFT,greedy,91194,90438,107136,107302,23990,372080,0.06057010124472947,1,198035,2,2,232.67529100550576,116.33764550275288,2,2,116.33764550275288,232.67529100550576,116.33764550275288,232.67529100550576,57.76980063597369,1848.633620351158,3,LEFT,False,,
396111,double_dqn,dueling,985,19.0,695,0.0,0.0,0.05,,,,,,,,,,10000,10000,1.0,232.6187485456939,232.6187485456939,98279,True,793,396000,0.0,0.0,2,RIGHT,greedy,91198,90459,107144,107311,23991,372121,0.06056620349800056,0,198056,2,2,232.6187485456939,116.30937427284695,2,2,116.30937427284695,232.6187485456939,116.30937427284695,232.6187485456939,57.75667268766893,1848.2135260054058,2,RIGHT,False,,
396195,double_dqn,dueling,985,,,1.0,1.0,0.05,0.0010120783699676394,2.4417335987091064,3.120678663253784,1.626459002494812,2.4344654083251953,3.0922763347625732,0.03469293564558029,0.10698723793029785,0.35844945907592773,10000,10000,1.0,232.534678028191,232.534678028191,98300,True,793,396000,0.0,0.0,2,RIGHT,random,91209,90491,107161,107335,23995,372201,0.0605634584902422,0,198098,2,2,232.534678028191,116.2673390140955,2,2,116.2673390140955,232.534678028191,116.2673390140955,232.534678028191,57.736027509270464,1847.5528802966548,2,RIGHT,False,,
396196,double_dqn,dueling,985,,,1.0,1.0,0.05,0.0010120783699676394,2.4417335987091064,3.120678663253784,1.626459002494812,2.4344654083251953,3.0922763347625732,0.03469293564558029,0.10698723793029785,0.35844945907592773,10000,10000,1.0,232.5346179625559,232.5346179625559,98300,True,793,396000,0.0,0.0,1,FIRE,greedy,91209,90491,107161,107335,23995,372201,0.0605634584902422,1,198098,2,2,232.5346179625559,116.26730898127795,2,2,116.26730898127795,232.5346179625559,116.26730898127795,232.5346179625559,57.736012595575914,1847.5524030584293,1,FIRE,False,,
396595,double_dqn,dueling,985,,,6.0,6.0,0.05,0.0013555900659412146,2.292741298675537,3.454714775085449,0.6933030486106873,2.323798179626465,3.569692850112915,0.039629772305488586,0.1640479564666748,0.23708312213420868,10000,10000,1.0,232.1190997483089,232.1190997483089,98400,True,794,396500,0.0,0.0,0,NOOP,greedy,91329,90586,107254,107427,24009,372587,0.060537675619522134,0,198298,2,2,232.1190997483089,116.05954987415446,2,2,116.05954987415446,232.1190997483089,116.05954987415446,232.1190997483089,57.63392665378793,1844.2856529212138,0,NOOP,False,,
396596,double_dqn,dueling,985,,,5.0,5.0,0.05,0.0013555900659412146,2.292741298675537,3.454714775085449,0.6933030486106873,2.323798179626465,3.569692850112915,0.039629772305488586,0.1640479564666748,0.23708312213420868,10000,10000,1.0,232.11905575424785,232.11905575424785,98400,True,794,396500,0.0,0.0,1,FIRE,greedy,91329,90586,107254,107427,24009,372587,0.060537675619522134,1,198298,2,2,232.11905575424785,116.05952787712393,2,2,116.05952787712393,232.11905575424785,116.05952787712393,232.11905575424785,57.633915730298696,1844.2853033695583,1,FIRE,False,,
396995,double_dqn,dueling,985,,,10.0,10.0,0.05,0.002803437178954482,2.299382209777832,3.1762280464172363,1.0403157472610474,2.3370399475097656,3.380618095397949,0.05245054513216019,0.23533987998962402,0.20472657680511475,10000,10000,1.0,231.88317385092859,231.88317385092859,98500,True,794,396500,0.0,0.0,2,RIGHT,greedy,91469,90685,107340,107502,24028,372968,0.060524539290068416,0,198498,2,2,231.88317385092859,115.94158692546429,2,2,115.94158692546429,231.88317385092859,115.94158692546429,231.88317385092859,57.576423592376955,1842.4455549560626,2,RIGHT,False,,
396996,double_dqn,dueling,985,,,10.0,10.0,0.05,0.002803437178954482,2.299382209777832,3.1762280464172363,1.0403157472610474,2.3370399475097656,3.380618095397949,0.05245054513216019,0.23533987998962402,0.20472657680511475,10000,10000,1.0,231.88314228314655,231.88314228314655,98500,True,794,396500,0.0,0.0,2,RIGHT,greedy,91469,90685,107340,107502,24028,372968,0.060524539290068416,1,198498,2,2,231.88314228314655,115.94157114157328,2,2,115.94157114157328,231.88314228314655,115.94157114157328,231.88314228314655,57.57641575411961,1842.4453041318275,2,RIGHT,False,,
397116,double_dqn,dueling,986,14.0,523,0.0,0.0,0.05,,,,,,,,,,10000,10000,1.0,231.82168560715698,231.82168560715698,98530,True,795,397000,0.0,0.0,0,NOOP,greedy,91504,90726,107361,107525,24033,373083,0.06051884084247424,1,198558,2,2,231.82168560715698,115.91084280357849,2,2,115.91084280357849,231.82168560715698,115.91084280357849,231.82168560715698,57.561477701567725,1841.9672864501672,0,NOOP,False,,
397381,double_dqn,dueling,987,18.0,635,0.0,0.0,0.05,,,,,,,,,,10000,10000,1.0,231.63777589121733,231.63777589121733,98596,False,795,397000,0.0,0.0,1,FIRE,greedy,91571,90827,107408,107576,24048,373334,0.06051607772873457,0,198691,2,2,231.63777589121733,115.81888794560867,2,2,115.81888794560867,231.63777589121733,115.81888794560867,231.63777589121733,57.515737394926774,1840.5035966376568,1,FIRE,False,,
397395,double_dqn,dueling,987,,,0.0,0.0,0.05,0.0016172005562111735,2.0353543758392334,3.133995294570923,0.38432493805885315,2.085732936859131,3.064007520675659,0.046395186334848404,0.12641668319702148,0.3236853778362274,10000,10000,1.0,231.6288327561773,231.6288327561773,98600,True,795,397000,0.0,0.0,1,FIRE,greedy,91574,90837,107409,107576,24049,373347,0.06051646216871836,0,198698,2,2,231.6288327561773,115.81441637808865,2,2,115.81441637808865,231.6288327561773,115.81441637808865,231.6288327561773,57.51433994167639,1840.4588781336445,1,FIRE,False,,
397396,double_dqn,dueling,987,,,3.0,3.0,0.05,0.0016172005562111735,2.0353543758392334,3.133995294570923,0.38432493805885315,2.085732936859131,3.064007520675659,0.046395186334848404,0.12641668319702148,0.3236853778362274,10000,10000,1.0,231.6287804132366,231.6287804132366,98600,True,795,397000,0.0,0.0,0,NOOP,greedy,91574,90837,107409,107576,24049,373347,0.06051646216871836,1,198698,2,2,231.6287804132366,115.8143902066183,2,2,115.8143902066183,231.6287804132366,115.8143902066183,231.6287804132366,57.51432694472066,1840.458462231061,0,NOOP,False,,
397795,double_dqn,dueling,987,,,4.0,4.0,0.05,0.0035344394855201244,2.491405725479126,3.463466167449951,0.6605481505393982,2.4897942543029785,3.361262321472168,0.06999080628156662,0.24792349338531494,0.6040667295455933,10000,10000,1.0,231.41045741471825,231.41045741471825,98700,True,796,397500,0.0,0.0,0,NOOP,greedy,91679,90978,107481,107658,24076,373720,0.0605234843990387,0,198898,2,2,231.41045741471825,115.70522870735913,2,2,115.70522870735913,231.41045741471825,115.70522870735913,231.41045741471825,57.4611787643965,1838.757720460688,0,NOOP,False,,
397796,double_dqn,dueling,987,,,7.0,7.0,0.05,0.0035344394855201244,2.491405725479126,3.463466167449951,0.6605481505393982,2.4897942543029785,3.361262321472168,0.06999080628156662,0.24792349338531494,0.6040667295455933,10000,10000,1.0,231.41041408016687,231.41041408016687,98700,True,796,397500,0.0,0.0,2,RIGHT,greedy,91679,90978,107481,107658,24076,373720,0.0605234843990387,1,198898,2,2,231.41041408016687,115.70520704008344,2,2,115.70520704008344,231.41041408016687,115.70520704008344,231.41041408016687,57.46116800405995,1838.7573761299184,2,RIGHT,False,,
398118,double_dqn,dueling,988,10.0,501,0.0,0.0,0.05,,,,,,,,,,10000,10000,1.0,231.06319876003806,231.06319876003806,98780,False,797,398000,0.0,0.0,1,FIRE,greedy,91805,91073,107532,107708,24097,374021,0.0605272808564295,1,199059,2,2,231.06319876003806,115.53159938001903,2,2,115.53159938001903,231.06319876003806,115.53159938001903,231.06319876003806,57.37502118037943,1836.0006777721417,1,FIRE,False,,
398195,double_dqn,dueling,988,,,8.0,8.0,0.05,0.0007667348836548626,2.3429150581359863,2.940964460372925,0.00938386656343937,2.3815910816192627,3.0183522701263428,0.03351728245615959,0.0811011791229248,0.30817940831184387,10000,10000,1.0,230.96257801536834,230.96257801536834,98800,True,797,398000,0.0,0.0,0,NOOP,greedy,91810,91100,107550,107736,24105,374091,0.060535515173432176,0,199098,2,2,230.96257801536834,115.48128900768417,2,2,115.48128900768417,230.96257801536834,115.48128900768417,230.96257801536834,57.351021001832294,1835.2326720586334,0,NOOP,False,,
398196,double_dqn,dueling,988,,,1.0,1.0,0.05,0.0007667348836548626,2.3429150581359863,2.940964460372925,0.00938386656343937,2.3815910816192627,3.0183522701263428,0.03351728245615959,0.0811011791229248,0.30817940831184387,10000,10000,1.0,230.9625464834316,230.9625464834316,98800,True,797,398000,0.0,0.0,2,RIGHT,greedy,91810,91100,107550,107736,24105,374091,0.060535515173432176,1,199098,2,2,230.9625464834316,115.4812732417158,2,2,115.4812732417158,230.9625464834316,115.4812732417158,230.9625464834316,57.35101317204108,1835.2324215053145,2,RIGHT,False,,
398273,double_dqn,dueling,989,9.0,446,0.0,0.0,0.05,,,,,,,,,,10000,10000,1.0,230.86290781574465,230.86290781574465,98819,False,797,398000,0.0,0.0,1,FIRE,greedy,91827,91132,107566,107749,24110,374164,0.06053621376238469,0,199137,2,2,230.86290781574465,115.43145390787232,2,2,115.43145390787232,230.86290781574465,115.43145390787232,230.86290781574465,57.3256979643099,1834.422334857917,1,FIRE,False,,
398595,double_dqn,dueling,989,,,4.0,4.0,0.05,0.0016610648017376661,2.3176631927490234,3.0752370357513428,1.141616940498352,2.3469290733337402,3.0463595390319824,0.03956309333443642,0.18423092365264893,0.15852612257003784,10000,10000,1.0,230.49816779337553,230.49816779337553,98900,True,798,398500,0.0,0.0,3,LEFT,random,91897,91244,107630,107825,24125,374471,0.06052494254834469,0,199298,2,2,230.49816779337553,115.24908389668776,2,2,115.24908389668776,230.49816779337553,115.24908389668776,230.49816779337553,57.236748589516296,1831.5759548645215,3,LEFT,False,,
398596,double_dqn,dueling,989,,,8.0,5.0,0.05,0.0016610648017376661,2.3176631927490234,3.0752370357513428,1.141616940498352,2.3469290733337402,3.0463595390319824,0.03956309333443642,0.18423092365264893,0.15852612257003784,10000,10000,1.0,230.49812256418807,230.49812256418807,98900,True,798,398500,0.0,0.0,3,LEFT,greedy,91897,91244,107630,107825,24125,374471,0.06052494254834469,1,199298,2,2,230.49812256418807,115.24906128209403,2,2,115.24906128209403,230.49812256418807,115.24906128209403,230.49812256418807,57.236737358313654,1831.575595466037,3,LEFT,False,,
398995,double_dqn,dueling,989,,,7.0,7.0,0.05,0.001413998194038868,2.287079095840454,3.2920584678649902,1.0126714706420898,2.3146886825561523,3.4310765266418457,0.03938334807753563,0.1461472511291504,0.11757916957139969,10000,10000,1.0,230.2811410438064,230.2811410438064,99000,True,798,398500,0.0,0.0,3,LEFT,greedy,92015,91319,107722,107940,24140,374856,0.06050185966776609,0,199498,2,2,230.2811410438064,115.1405705219032,2,2,115.1405705219032,230.2811410438064,115.1405705219032,230.2811410438064,57.183897134686795,1829.8847083099774,3,LEFT,False,,
398996,double_dqn,dueling,989,,,12.0,9.0,0.05,0.001413998194038868,2.287079095840454,3.2920584678649902,1.0126714706420898,2.3146886825561523,3.4310765266418457,0.03938334807753563,0.1461472511291504,0.11757916957139969,10000,10000,1.0,230.28109715995393,230.28109715995393,99000,True,798,398500,0.0,0.0,0,NOOP,greedy,92015,91319,107722,107940,24140,374856,0.06050185966776609,1,199498,2,2,230.28109715995393,115.14054857997697,2,2,115.14054857997697,230.28109715995393,115.14054857997697,230.28109715995393,57.183886237356276,1829.8843595954008,0,NOOP,False,,
399237,double_dqn,dueling,990,14.0,482,0.0,0.0,0.05,,,,,,,,,,10000,10000,1.0,230.15135940127655,230.15135940127655,99060,False,799,399000,0.0,0.0,0,NOOP,greedy,92129,91377,107753,107979,24151,375087,0.06049273866716094,0,199619,2,2,230.15135940127655,115.07567970063828,2,2,115.07567970063828,230.15135940127655,115.07567970063828,230.15135940127655,57.15152459864048,1828.8487871564953,0,NOOP,False,,
399395,double_dqn,dueling,990,,,2.0,2.0,0.05,0.0012569924583658576,2.394019842147827,3.4320976734161377,0.7126286029815674,2.431321620941162,3.4063549041748047,0.0366784930229187,0.15609192848205566,0.1415538638830185,10000,10000,1.0,230.04588646748113,230.04588646748113,99100,True,799,399000,0.0,0.0,3,LEFT,random,92142,91462,107782,108010,24155,375241,0.060478823022764375,0,199698,2,2,230.04588646748113,115.02294323374056,2,2,115.02294323374056,230.04588646748113,115.02294323374056,230.04588646748113,57.12651170082922,1828.048374426535,3,LEFT,False,,
399396,double_dqn,dueling,990,,,19.0,13.0,0.05,0.0012569924583658576,2.394019842147827,3.4320976734161377,0.7126286029815674,2.431321620941162,3.4063549041748047,0.0366784930229187,0.15609192848205566,0.1415538638830185,10000,10000,1.0,230.04584116101566,230.04584116101566,99100,True,799,399000,0.0,0.0,2,RIGHT,greedy,92142,91462,107782,108010,24155,375241,0.060478823022764375,1,199698,2,2,230.04584116101566,115.02292058050783,2,2,115.02292058050783,230.04584116101566,115.02292058050783,230.04584116101566,57.12650045002892,1828.0480144009255,2,RIGHT,False,,
399444,double_dqn,dueling,991,19.0,663,0.0,0.0,0.05,,,,,,,,,,10000,10000,1.0,229.9891566693538,229.9891566693538,99112,True,799,399000,0.0,0.0,1,FIRE,greedy,92150,91485,107790,108019,24159,375285,0.060481569381440205,1,199722,2,2,229.9891566693538,114.9945783346769,2,2,114.9945783346769,229.9891566693538,114.9945783346769,229.9891566693538,57.11254779821464,1827.6015295428685,1,FIRE,False,,
399795,double_dqn,dueling,991,,,6.0,6.0,0.05,0.002781044691801071,2.3079071044921875,3.2255091667175293,1.1613187789916992,2.3361716270446777,3.1215152740478516,0.05420175939798355,0.21473205089569092,0.39890313148498535,10000,10000,1.0,229.6294344945043,229.6294344945043,99200,True,800,399500,0.0,0.0,2,RIGHT,greedy,92235,91602,107866,108093,24186,375610,0.060495852884971335,0,199898,2,2,229.6294344945043,114.81471724725215,2,2,114.81471724725215,229.6294344945043,114.81471724725215,229.6294344945043,57.024121697248695,1824.7718943119582,2,RIGHT,False,,
399796,double_dqn,dueling,991,,,5.0,5.0,0.05,0.002781044691801071,2.3079071044921875,3.2255091667175293,1.1613187789916992,2.3361716270446777,3.1215152740478516,0.05420175939798355,0.21473205089569092,0.39890313148498535,10000,10000,1.0,229.629386163554,229.629386163554,99200,True,800,399500,0.0,0.0,1,FIRE,greedy,92235,91602,107866,108093,24186,375610,0.060495852884971335,1,199898,2,2,229.629386163554,114.814693081777,2,2,114.814693081777,229.629386163554,114.814693081777,229.629386163554,57.0241096951724,1824.7715102455168,1,FIRE,False,,
399999,double_dqn,dueling,991,,,8.0,8.0,0.05,0.00226378976367414,2.296663284301758,3.3677282333374023,0.7173604369163513,2.3183465003967285,3.3251116275787354,0.046156808733940125,0.20346403121948242,0.15360704064369202,10000,10000,1.0,228.9046067695455,228.9046067695455,99251,True,801,400000,0.0,0.0,3,LEFT,greedy,92318,91653,107899,108130,24198,375802,0.060495,0,200000,2,2,228.9046067695455,114.45230338477275,2,2,114.45230338477275,228.9046067695455,114.45230338477275,228.9046067695455,56.84464401443713,1819.0286084619881,3,LEFT,False,,
400000,double_dqn,dueling,991,,,10.0,7.0,0.05,0.00226378976367414,2.296663284301758,3.3677282333374023,0.7173604369163513,2.3183465003967285,3.3251116275787354,0.046156808733940125,0.20346403121948242,0.15360704064369202,10000,10000,1.0,228.90457735720756,228.90457735720756,99251,True,801,400000,0.0,0.0,1,FIRE,greedy,92318,91653,107899,108130,24198,375802,0.060495,1,200000,2,2,228.90457735720756,114.45228867860378,2,2,114.45228867860378,228.90457735720756,114.45228867860378,228.90457735720756,56.844636710373216,1819.028374731943,1,FIRE,False,,
400195,double_dqn,dueling,991,,,10.0,10.0,0.05,0.003273287322372198,2.310822010040283,3.0496907234191895,0.816871702671051,2.3235254287719727,3.0802314281463623,0.052441224455833435,0.34543168544769287,0.20994234085083008,10000,10000,1.0,228.81030509186763,228.81030509186763,99300,True,801,400000,0.0,0.0,2,RIGHT,greedy,92389,91688,107944,108175,24213,375983,0.06050285360173515,0,200098,2,2,228.81030509186763,114.40515254593382,2,2,114.40515254593382,228.81030509186763,114.40515254593382,228.81030509186763,56.82172341221851,1818.2951491909923,2,RIGHT,False,,
400196,double_dqn,dueling,991,,,12.0,9.0,0.05,0.003273287322372198,2.310822010040283,3.0496907234191895,0.816871702671051,2.3235254287719727,3.0802314281463623,0.052441224455833435,0.34543168544769287,0.20994234085083008,10000,10000,1.0,228.8102639603625,228.8102639603625,99300,True,801,400000,0.0,0.0,1,FIRE,greedy,92389,91688,107944,108175,24213,375983,0.06050285360173515,1,200098,2,2,228.8102639603625,114.40513198018125,2,2,114.40513198018125,228.8102639603625,114.40513198018125,228.8102639603625,56.82171319780527,1818.2948223297687,1,FIRE,False,,
400533,double_dqn,dueling,992,13.0,648,0.0,0.0,0.05,,,,,,,,,,10000,10000,1.0,228.59382095951244,228.59382095951244,99384,False,802,400500,0.0,0.0,1,FIRE,greedy,92419,91839,108015,108261,24231,376303,0.06049673685629684,0,200267,2,2,228.59382095951244,114.29691047975622,2,2,114.29691047975622,228.59382095951244,114.29691047975622,228.59382095951244,56.768057773854764,1816.5778487633524,1,FIRE,False,,
400595,double_dqn,dueling,992,,,0.0,0.0,0.05,0.0012719717342406511,2.2110981941223145,3.1489312648773193,0.8053452372550964,2.2643160820007324,3.1875267028808594,0.040180057287216187,0.13004302978515625,0.3169427812099457,10000,10000,1.0,228.5550360006042,228.5550360006042,99400,True,802,400500,0.0,0.0,0,NOOP,greedy,92427,91870,108022,108277,24235,376361,0.060497358935186575,0,200298,2,2,228.5550360006042,114.2775180003021,2,2,114.2775180003021,228.5550360006042,114.2775180003021,228.5550360006042,56.75934149238091,1816.2989277561892,0,NOOP,False,,
400596,double_dqn,dueling,992,,,17.0,14.0,0.05,0.0012719717342406511,2.2110981941223145,3.1489312648773193,0.8053452372550964,2.2643160820007324,3.1875267028808594,0.040180057287216187,0.13004302978515625,0.3169427812099457,10000,10000,1.0,228.5549939945618,228.5549939945618,99400,True,802,400500,0.0,0.0,2,RIGHT,greedy,92427,91870,108022,108277,24235,376361,0.060497358935186575,1,200298,2,2,228.5549939945618,114.2774969972809,2,2,114.2774969972809,228.5549939945618,114.2774969972809,228.5549939945618,56.759331060603316,1816.298593939306,2,RIGHT,False,,
400612,double_dqn,dueling,993,17.0,584,0.0,0.0,0.05,,,,,,,,,,10000,10000,1.0,228.5463477231559,228.5463477231559,99404,True,802,400500,0.0,0.0,1,FIRE,greedy,92428,91881,108025,108278,24235,376377,0.060494942737611454,1,200306,2,2,228.5463477231559,114.27317386157794,2,2,114.27317386157794,228.5463477231559,114.27317386157794,228.5463477231559,56.757224151390325,1816.2311728444904,1,FIRE,False,,
400995,double_dqn,dueling,993,,,6.0,6.0,0.05,0.0031220964156091213,2.164989948272705,3.3485729694366455,0.0951043963432312,2.203418493270874,3.385497570037842,0.05402236431837082,0.33414655923843384,0.37463223934173584,10000,10000,1.0,228.31881485062425,228.31881485062425,99500,True,802,400500,0.0,0.0,3,LEFT,greedy,92527,92020,108100,108349,24254,376742,0.060484393859290365,0,200498,2,2,228.31881485062425,114.15940742531212,2,2,114.15940742531212,228.31881485062425,114.15940742531212,228.31881485062425,56.70168241598161,1814.4538373114115,3,LEFT,False,,
400996,double_dqn,dueling,993,,,4.0,4.0,0.05,0.0031220964156091213,2.164989948272705,3.3485729694366455,0.0951043963432312,2.203418493270874,3.385497570037842,0.05402236431837082,0.33414655923843384,0.37463223934173584,10000,10000,1.0,228.3187870589984,228.3187870589984,99500,True,802,400500,0.0,0.0,1,FIRE,greedy,92527,92020,108100,108349,24254,376742,0.060484393859290365,1,200498,2,2,228.3187870589984,114.1593935294992,2,2,114.1593935294992,228.3187870589984,114.1593935294992,228.3187870589984,56.70167551408898,1814.4536164508474,1,FIRE,False,,
401395,double_dqn,dueling,993,,,10.0,10.0,0.05,0.00148801039904356,2.098374128341675,3.122300624847412,-0.40274861454963684,2.1277451515197754,3.2622900009155273,0.04035674408078194,0.13998937606811523,0.17717866599559784,10000,10000,1.0,228.12274241039495,228.12274241039495,99600,True,803,401000,0.0,0.0,0,NOOP,greedy,92663,92143,108175,108415,24272,377124,0.06046896331802011,0,200698,2,2,228.12274241039495,114.06137120519747,2,2,114.06137120519747,228.12274241039495,114.06137120519747,228.12274241039495,56.653986841716026,1812.9275789349128,0,NOOP,False,,
401396,double_dqn,dueling,993,,,8.0,8.0,0.05,0.00148801039904356,2.098374128341675,3.122300624847412,-0.40274861454963684,2.1277451515197754,3.2622900009155273,0.04035674408078194,0.13998937606811523,0.17717866599559784,10000,10000,1.0,228.12269597191815,228.12269597191815,99600,True,803,401000,0.0,0.0,2,RIGHT,greedy,92663,92143,108175,108415,24272,377124,0.06046896331802011,1,200698,2,2,228.12269597191815,114.06134798595907,2,2,114.06134798595907,228.12269597191815,114.06134798595907,228.12269597191815,56.653975308780616,1812.9272098809797,2,RIGHT,False,,
401795,double_dqn,dueling,993,,,15.0,15.0,0.05,0.008370067924261093,2.187748908996582,3.032898187637329,0.6731573939323425,2.2464332580566406,3.1011579036712646,0.05917754024267197,0.6836965084075928,0.6348772644996643,10000,10000,1.0,227.87671012195233,227.87671012195233,99700,True,804,401500,0.0,0.0,0,NOOP,greedy,92733,92298,108250,108515,24288,377508,0.06044858584953559,0,200898,2,2,227.87671012195233,113.93835506097616,2,2,113.93835506097616,227.87671012195233,113.93835506097616,227.87671012195233,56.59387661656092,1811.0040517299494,0,NOOP,False,,
401796,double_dqn,dueling,993,,,13.0,13.0,0.05,0.008370067924261093,2.187748908996582,3.032898187637329,0.6731573939323425,2.2464332580566406,3.1011579036712646,0.05917754024267197,0.6836965084075928,0.6348772644996643,10000,10000,1.0,227.8766792312521,227.8766792312521,99700,True,804,401500,0.0,0.0,1,FIRE,greedy,92733,92298,108250,108515,24288,377508,0.06044858584953559,1,200898,2,2,227.8766792312521,113.93833961562605,2,2,113.93833961562605,227.8766792312521,113.93833961562605,227.8766792312521,56.59386894476121,1811.0038062323588,1,FIRE,False,,
401808,double_dqn,dueling,994,13.0,598,0.0,0.0,0.05,,,,,,,,,,10000,10000,1.0,227.86749918546244,227.86749918546244,99703,True,804,401500,0.0,0.0,1,FIRE,greedy,92733,92304,108256,108515,24288,377520,0.06044678055190539,1,200904,2,2,227.86749918546244,113.93374959273122,2,2,113.93374959273122,227.86749918546244,113.93374959273122,227.86749918546244,56.59161871765852,1810.9317989650726,1,FIRE,False,,
402123,double_dqn,dueling,995,26.0,795,0.0,0.0,0.05,,,,,,,,,,10000,10000,1.0,227.53146523964386,227.53146523964386,99782,True,805,402000,0.0,0.0,1,FIRE,greedy,92791,92430,108329,108574,24304,377820,0.06043906854602063,0,201062,2,2,227.53146523964386,113.76573261982193,2,2,113.76573261982193,227.53146523964386,113.76573261982193,227.53146523964386,56.508941969833714,1808.2861430346788,1,FIRE,False,,
402195,double_dqn,dueling,995,,,0.0,0.0,0.05,0.002150826621800661,2.4732372760772705,3.4564199447631836,0.909977376461029,2.493227958679199,3.4678289890289307,0.048368901014328,0.21972322463989258,0.23623688519001007,10000,10000,1.0,227.51797725793395,227.51797725793395,99800,True,805,402000,0.0,0.0,0,NOOP,greedy,92818,92443,108349,108586,24308,377888,0.06043819431322042,0,201098,2,2,227.51797725793395,113.75898862896697,2,2,113.75898862896697,227.51797725793395,113.75898862896697,227.51797725793395,56.505769023973336,1808.1846087671468,0,NOOP,False,,
402196,double_dqn,dueling,995,,,4.0,4.0,0.05,0.002150826621800661,2.4732372760772705,3.4564199447631836,0.909977376461029,2.493227958679199,3.4678289890289307,0.048368901014328,0.21972322463989258,0.23623688519001007,10000,10000,1.0,227.51794348435192,227.51794348435192,99800,True,805,402000,0.0,0.0,0,NOOP,greedy,92818,92443,108349,108586,24308,377888,0.06043819431322042,1,201098,2,2,227.51794348435192,113.75897174217596,2,2,113.75897174217596,227.51794348435192,113.75897174217596,227.51794348435192,56.505760636054944,1808.1843403537582,0,NOOP,False,,
402595,double_dqn,dueling,995,,,6.0,6.0,0.05,0.0021303812973201275,2.194221258163452,3.198072671890259,0.7949399352073669,2.2158095836639404,3.167971611022949,0.03968987986445427,0.21259236335754395,0.140988290309906,10000,10000,1.0,227.4083251408252,227.4083251408252,99900,True,806,402500,0.0,0.0,2,RIGHT,greedy,92925,92532,108473,108666,24325,378271,0.06042037178710171,0,201298,2,2,227.4083251408252,113.7041625704126,2,2,113.7041625704126,227.4083251408252,113.7041625704126,227.4083251408252,56.47951528553917,1807.3444891372535,2,RIGHT,False,,
402596,double_dqn,dueling,995,,,9.0,9.0,0.05,0.0021303812973201275,2.194221258163452,3.198072671890259,0.7949399352073669,2.2158095836639404,3.167971611022949,0.03968987986445427,0.21259236335754395,0.140988290309906,10000,10000,1.0,227.4082867096927,227.4082867096927,99900,True,806,402500,0.0,0.0,2,RIGHT,greedy,92925,92532,108473,108666,24325,378271,0.06042037178710171,1,201298,2,2,227.4082867096927,113.70414335484635,2,2,113.70414335484635,227.4082867096927,113.70414335484635,227.4082867096927,56.47950574071827,1807.3441837029845,2,RIGHT,False,,
402900,double_dqn,dueling,996,13.0,546,0.0,0.0,0.05,,,,,,,,,,10000,10000,1.0,227.41259670143958,227.41259670143958,99976,True,806,402500,0.0,0.0,1,FIRE,greedy,92977,92665,108533,108725,24333,378567,0.06039463886820551,1,201450,2,2,227.41259670143958,113.70629835071979,2,2,113.70629835071979,227.41259670143958,113.70629835071979,227.41259670143958,56.48131693745695,1807.4021419986225,1,FIRE,False,,
402995,double_dqn,dueling,996,,,10.0,10.0,0.05,0.0005518466932699084,2.44512677192688,3.327238082885742,1.047852873802185,2.4790360927581787,3.3543083667755127,0.025394953787326813,0.10383105278015137,0.10472635179758072,10000,10000,1.0,227.42470256709578,227.42470256709578,100000,True,806,402500,0.0,0.0,2,RIGHT,greedy,93004,92699,108557,108736,24338,378658,0.06039265898420828,0,201498,2,2,227.42470256709578,113.71235128354789,2,2,113.71235128354789,227.42470256709578,113.71235128354789,227.42470256709578,56.4845569351295,1807.505821924144,2,RIGHT,False,,
402996,double_dqn,dueling,996,,,1.0,1.0,0.05,0.0005518466932699084,2.44512677192688,3.327238082885742,1.047852873802185,2.4790360927581787,3.3543083667755127,0.025394953787326813,0.10383105278015137,0.10472635179758072,10000,10000,1.0,227.42467143171157,227.42467143171157,100000,True,806,402500,0.0,0.0,3,LEFT,greedy,93004,92699,108557,108736,24338,378658,0.06039265898420828,1,201498,2,2,227.42467143171157,113.71233571585579,2,2,113.71233571585579,227.42467143171157,113.71233571585579,227.42467143171157,56.484549202159585,1807.5055744691067,3,LEFT,False,,
403395,double_dqn,dueling,996,,,19.0,13.0,0.05,0.0016278636176139116,2.3932693004608154,3.293570041656494,1.6005750894546509,2.4461331367492676,3.268846035003662,0.04625558853149414,0.1401534080505371,0.4861805737018585,10000,10000,1.0,227.45605858323776,227.45605858323776,100100,True,807,403000,0.0,0.0,2,RIGHT,greedy,93115,92773,108698,108810,24356,379040,0.06037739590873484,0,201698,2,2,227.45605858323776,113.72802929161888,2,2,113.72802929161888,227.45605858323776,113.72802929161888,227.45605858323776,56.49331388017142,1807.7860441654855,2,RIGHT,False,,
403396,double_dqn,dueling,996,,,5.0,5.0,0.05,0.0016278636176139116,2.3932693004608154,3.293570041656494,1.6005750894546509,2.4461331367492676,3.268846035003662,0.04625558853149414,0.1401534080505371,0.4861805737018585,10000,10000,1.0,227.45602880212442,227.45602880212442,100100,True,807,403000,0.0,0.0,2,RIGHT,greedy,93115,92773,108698,108810,24356,379040,0.06037739590873484,1,201698,2,2,227.45602880212442,113.72801440106221,2,2,113.72801440106221,227.45602880212442,113.72801440106221,227.45602880212442,56.493306483429414,1807.7858074697413,2,RIGHT,False,,
403409,double_dqn,dueling,997,19.0,643,0.0,0.0,0.05,,,,,,,,,,10000,10000,1.0,227.45523735197727,227.45523735197727,100103,False,807,403000,0.0,0.0,0,NOOP,greedy,93121,92777,108701,108811,24358,379052,0.06038025829800947,0,201705,2,2,227.45523735197727,113.72761867598864,2,2,113.72761867598864,227.45523735197727,113.72761867598864,227.45523735197727,56.49240240913264,1807.7568770922444,0,NOOP,False,,
403704,double_dqn,dueling,998,7.0,402,0.0,0.0,0.05,,,,,,,,,,10000,10000,1.0,227.48430962256577,227.48430962256577,100177,True,808,403500,0.0,0.0,1,FIRE,greedy,93180,92898,108747,108879,24372,379332,0.06037096486534689,1,201852,2,2,227.48430962256577,113.74215481128289,2,2,113.74215481128289,227.48430962256577,113.74215481128289,227.48430962256577,56.50107351891344,1808.03435260523,1,FIRE,False,,
403795,double_dqn,dueling,998,,,4.0,4.0,0.05,0.001597407041117549,2.400869369506836,3.3037667274475098,0.8598979711532593,2.4412996768951416,3.2905666828155518,0.04638921841979027,0.14788448810577393,0.20169229805469513,10000,10000,1.0,227.4696056696017,227.4696056696017,100200,True,808,403500,0.0,0.0,1,FIRE,greedy,93194,92936,108759,108907,24376,379420,0.06036711606850984,0,201898,2,2,227.4696056696017,113.73480283480085,2,2,113.73480283480085,227.4696056696017,113.73480283480085,227.4696056696017,56.497642766867244,1807.9245685397518,1,FIRE,False,,
403796,double_dqn,dueling,998,,,1.0,1.0,0.05,0.001597407041117549,2.400869369506836,3.3037667274475098,0.8598979711532593,2.4412996768951416,3.2905666828155518,0.04638921841979027,0.14788448810577393,0.20169229805469513,10000,10000,1.0,227.4695761978735,227.4695761978735,100200,True,808,403500,0.0,0.0,1,FIRE,greedy,93194,92936,108759,108907,24376,379420,0.06036711606850984,1,201898,2,2,227.4695761978735,113.73478809893675,2,2,113.73478809893675,227.4695761978735,113.73478809893675,227.4695761978735,56.497635446842374,1807.924334298956,1,FIRE,False,,
404113,double_dqn,dueling,999,6.0,352,0.0,0.0,0.05,,,,,,,,,,10000,10000,1.0,227.468863506337,227.468863506337,100279,False,809,404000,0.0,0.0,1,FIRE,greedy,93287,93043,108814,108970,24388,379726,0.060349307373661884,0,202057,2,2,227.468863506337,113.7344317531685,2,2,113.7344317531685,227.468863506337,113.7344317531685,227.468863506337,56.497483403815146,1807.9194689220847,1,FIRE,False,,
404195,double_dqn,dueling,999,,,1.0,1.0,0.05,0.0020552161149680614,2.3862457275390625,3.3033604621887207,-0.29786592721939087,2.415959358215332,3.2533376216888428,0.043164126574993134,0.2381734400987625,0.23571808636188507,10000,10000,1.0,227.47108305869264,227.47108305869264,100300,True,809,404000,0.0,0.0,2,RIGHT,greedy,93295,93076,108828,108997,24391,379805,0.06034448633831112,0,202098,2,2,227.47108305869264,113.73554152934632,2,2,113.73554152934632,227.47108305869264,113.73554152934632,227.47108305869264,56.49896891012004,1807.9670051238413,2,RIGHT,False,,
404196,double_dqn,dueling,999,,,4.0,4.0,0.05,0.0020552161149680614,2.3862457275390625,3.3033604621887207,-0.29786592721939087,2.415959358215332,3.2533376216888428,0.043164126574993134,0.2381734400987625,0.23571808636188507,10000,10000,1.0,227.47105413283253,227.47105413283253,100300,True,809,404000,0.0,0.0,1,FIRE,random,93295,93076,108828,108997,24391,379805,0.06034448633831112,1,202098,2,2,227.47105413283253,113.73552706641627,2,2,113.73552706641627,227.47105413283253,113.73552706641627,227.47105413283253,56.49896172555289,1807.9667752176924,1,FIRE,False,,
404595,double_dqn,dueling,999,,,5.0,5.0,0.05,0.003095024498179555,2.3371541500091553,3.17579984664917,0.20543813705444336,2.3654818534851074,3.2864108085632324,0.05169270932674408,0.27768194675445557,0.29832395911216736,10000,10000,1.0,227.4860563165679,227.4860563165679,100400,True,810,404500,0.0,0.0,1,FIRE,greedy,93377,93169,108941,109109,24411,380185,0.06033425935995413,0,202298,2,2,227.4860563165679,113.74302815828395,2,2,113.74302815828395,227.4860563165679,113.74302815828395,227.4860563165679,56.50364224494742,1808.1165518383175,1,FIRE,False,,
404596,double_dqn,dueling,999,,,17.0,11.0,0.05,0.003095024498179555,2.3371541500091553,3.17579984664917,0.20543813705444336,2.3654818534851074,3.2864108085632324,0.05169270932674408,0.27768194675445557,0.29832395911216736,10000,10000,1.0,227.4860282317051,227.4860282317051,100400,True,810,404500,0.0,0.0,0,NOOP,greedy,93377,93169,108941,109109,24411,380185,0.06033425935995413,1,202298,2,2,227.4860282317051,113.74301411585255,2,2,113.74301411585255,227.4860282317051,113.74301411585255,227.4860282317051,56.503635269148255,1808.1163286127442,0,NOOP,False,,
404848,double_dqn,dueling,1000,21.0,572,0.0,0.0,0.05,,,,,,,,,,10000,10000,1.0,227.50742404291069,227.50742404291069,100463,True,810,404500,0.0,0.0,1,FIRE,greedy,93432,93219,109004,109193,24420,380428,0.06031893451369403,1,202424,2,2,227.50742404291069,113.75371202145534,2,2,113.75371202145534,227.50742404291069,113.75371202145534,227.50742404291069,56.50954835411779,1808.3055473317693,1,FIRE,False,,
404995,double_dqn,dueling,1000,,,9.0,9.0,0.05,0.0019813869148492813,2.067638874053955,3.162398099899292,-0.22647549211978912,2.103330135345459,3.1843862533569336,0.04733984172344208,0.2053236961364746,0.3256482481956482,10000,10000,1.0,227.51435966303526,227.51435966303526,100500,True,810,404500,0.0,0.0,2,RIGHT,greedy,93450,93276,109042,109228,24424,380572,0.060306768461910736,0,202498,2,2,227.51435966303526,113.75717983151763,2,2,113.75717983151763,227.51435966303526,113.75717983151763,227.51435966303526,56.51162180099612,1808.3718976318758,2,RIGHT,False,,
404996,double_dqn,dueling,1000,,,1.0,1.0,0.05,0.0019813869148492813,2.067638874053955,3.162398099899292,-0.22647549211978912,2.103330135345459,3.1843862533569336,0.04733984172344208,0.2053236961364746,0.3256482481956482,10000,10000,1.0,227.51433037461527,227.51433037461527,100500,True,810,404500,0.0,0.0,3,LEFT,greedy,93450,93276,109042,109228,24424,380572,0.060306768461910736,1,202498,2,2,227.51433037461527,113.75716518730763,2,2,113.75716518730763,227.51433037461527,113.75716518730763,227.51433037461527,56.51161452613173,1808.3716648362154,3,LEFT,False,,
405133,double_dqn,dueling,1001,10.0,510,0.0,0.0,0.05,,,,,,,,,,10000,10000,1.0,227.51620728826134,227.51620728826134,100534,False,811,405000,0.0,0.0,1,FIRE,greedy,93473,93326,109082,109253,24432,380702,0.060305972838616356,0,202567,2,2,227.51620728826134,113.75810364413067,2,2,113.75810364413067,227.51620728826134,113.75810364413067,227.51620728826134,56.51167387831536,1808.3735641060914,1,FIRE,False,,
405395,double_dqn,dueling,1001,,,2.0,2.0,0.05,0.007456909865140915,2.1782608032226562,3.357518434524536,0.4711451530456543,2.180197238922119,3.405930757522583,0.06565706431865692,0.5995416045188904,0.5699644088745117,10000,10000,1.0,227.50121706221591,227.50121706221591,100600,True,811,405000,0.0,0.0,2,RIGHT,greedy,93548,93406,109143,109299,24450,380946,0.060311399224462006,0,202698,2,2,227.50121706221591,113.75060853110796,2,2,113.75060853110796,227.50121706221591,113.75060853110796,227.50121706221591,56.509301895701775,1808.2976606624568,2,RIGHT,False,,
405396,double_dqn,dueling,1001,,,6.0,6.0,0.05,0.007456909865140915,2.1782608032226562,3.357518434524536,0.4711451530456543,2.180197238922119,3.405930757522583,0.06565706431865692,0.5995416045188904,0.5699644088745117,10000,10000,1.0,227.50118582081754,227.50118582081754,100600,True,811,405000,0.0,0.0,0,NOOP,greedy,93548,93406,109143,109299,24450,380946,0.060311399224462006,1,202698,2,2,227.50118582081754,113.75059291040877,2,2,113.75059291040877,227.50118582081754,113.75059291040877,227.50118582081754,56.509294135613125,1808.29741233962,0,NOOP,False,,
405795,double_dqn,dueling,1001,,,6.0,6.0,0.05,0.001811574213206768,2.260502815246582,3.388514757156372,0.9047563076019287,2.269953727722168,3.3408641815185547,0.04961138963699341,0.16898441314697266,0.19409087300300598,10000,10000,1.0,227.5067826433917,227.5067826433917,100700,True,812,405500,0.0,0.0,3,LEFT,greedy,93693,93477,109240,109386,24468,381328,0.06029630651854626,0,202898,2,2,227.5067826433917,113.75339132169584,2,2,113.75339132169584,227.5067826433917,113.75339132169584,227.5067826433917,56.51162405656509,1808.3719698100829,3,LEFT,False,,
405796,double_dqn,dueling,1001,,,12.0,9.0,0.05,0.001811574213206768,2.260502815246582,3.388514757156372,0.9047563076019287,2.269953727722168,3.3408641815185547,0.04961138963699341,0.16898441314697266,0.19409087300300598,10000,10000,1.0,227.50675347404473,227.50675347404473,100700,True,812,405500,0.0,0.0,3,LEFT,greedy,93693,93477,109240,109386,24468,381328,0.06029630651854626,1,202898,2,2,227.50675347404473,113.75337673702236,2,2,113.75337673702236,227.50675347404473,113.75337673702236,227.50675347404473,56.5116168110353,1808.3717379531297,3,LEFT,False,,
406011,double_dqn,dueling,1002,8.0,439,0.0,0.0,0.05,,,,,,,,,,10000,10000,1.0,227.5224846574188,227.5224846574188,100754,True,813,406000,0.0,0.0,0,NOOP,greedy,93755,93502,109293,109462,24475,381537,0.060281469513216356,0,203006,2,2,227.5224846574188,113.7612423287094,2,2,113.7612423287094,227.5224846574188,113.7612423287094,227.5224846574188,56.516029843402755,1808.5129549888882,0,NOOP,False,,
406162,double_dqn,dueling,1003,20.0,657,0.0,0.0,0.05,,,,,,,,,,10000,10000,1.0,227.51450641801438,227.51450641801438,100791,False,813,406000,0.0,0.0,2,RIGHT,greedy,93794,93552,109324,109492,24480,381682,0.06027151727635771,1,203081,2,2,227.51450641801438,113.75725320900719,2,2,113.75725320900719,227.51450641801438,113.75725320900719,227.51450641801438,56.51366980414427,1808.4374337326167,2,RIGHT,False,,
406195,double_dqn,dueling,1003,,,1.0,1.0,0.05,0.002050569048151374,2.3563098907470703,3.3798739910125732,0.3490232825279236,2.3795714378356934,3.3160767555236816,0.05107256770133972,0.19687160849571228,0.2873874604701996,10000,10000,1.0,227.50810219669913,227.50810219669913,100800,True,813,406000,0.0,0.0,3,LEFT,greedy,93795,93569,109330,109502,24482,381714,0.06027139607480133,0,203098,2,2,227.50810219669913,113.75405109834956,2,2,113.75405109834956,227.50810219669913,113.75405109834956,227.50810219669913,56.51288673928737,1808.4123756571958,3,LEFT,False,,
406196,double_dqn,dueling,1003,,,0.0,0.0,0.05,0.002050569048151374,2.3563098907470703,3.3798739910125732,0.3490232825279236,2.3795714378356934,3.3160767555236816,0.05107256770133972,0.19687160849571228,0.2873874604701996,10000,10000,1.0,227.50807051694568,227.50807051694568,100800,True,813,406000,0.0,0.0,3,LEFT,greedy,93795,93569,109330,109502,24482,381714,0.06027139607480133,1,203098,2,2,227.50807051694568,113.75403525847284,2,2,113.75403525847284,227.50807051694568,113.75403525847284,227.50807051694568,56.51287887005413,1808.4121238417322,3,LEFT,False,,
406595,double_dqn,dueling,1003,,,5.0,5.0,0.05,0.005350559484213591,2.3199706077575684,3.2486002445220947,0.38629263639450073,2.354252576828003,3.1874477863311768,0.052814118564128876,0.510000467300415,0.6186878681182861,10000,10000,1.0,227.52950859586505,227.52950859586505,100900,True,814,406500,0.0,0.0,2,RIGHT,greedy,93887,93655,109457,109597,24495,382101,0.06024407519995278,0,203298,2,2,227.52950859586505,113.76475429793253,2,2,113.76475429793253,227.52950859586505,113.76475429793253,227.52950859586505,56.519134300177235,1808.6122976056715,2,RIGHT,False,,
406596,double_dqn,dueling,1003,,,4.0,4.0,0.05,0.005350559484213591,2.3199706077575684,3.2486002445220947,0.38629263639450073,2.354252576828003,3.1874477863311768,0.052814118564128876,0.510000467300415,0.6186878681182861,10000,10000,1.0,227.52948072678566,227.52948072678566,100900,True,814,406500,0.0,0.0,1,FIRE,greedy,93887,93655,109457,109597,24495,382101,0.06024407519995278,1,203298,2,2,227.52948072678566,113.76474036339283,2,2,113.76474036339283,227.52948072678566,113.76474036339283,227.52948072678566,56.51912737739939,1808.6120760767806,1,FIRE,False,,
406995,double_dqn,dueling,1003,,,9.0,9.0,0.05,0.0017167911864817142,2.1179721355438232,3.207618474960327,-0.2439538836479187,2.167043447494507,3.159970283508301,0.04576895385980606,0.18464303016662598,0.319970965385437,10000,10000,1.0,227.44249150626777,227.44249150626777,101000,True,814,406500,0.0,0.0,0,NOOP,greedy,93961,93738,109572,109725,24518,382478,0.06024137829364416,0,203498,2,2,227.44249150626777,113.72124575313389,2,2,113.72124575313389,227.44249150626777,113.72124575313389,227.44249150626777,56.498444076619386,1807.9502104518203,0,NOOP,False,,
406996,double_dqn,dueling,1003,,,7.0,7.0,0.05,0.0017167911864817142,2.1179721355438232,3.207618474960327,-0.2439538836479187,2.167043447494507,3.159970283508301,0.04576895385980606,0.18464303016662598,0.319970965385437,10000,10000,1.0,227.4424565463897,227.4424565463897,101000,True,814,406500,0.0,0.0,3,LEFT,greedy,93961,93738,109572,109725,24518,382478,0.06024137829364416,1,203498,2,2,227.4424565463897,113.72122827319485,2,2,113.72122827319485,227.4424565463897,113.72122827319485,227.4424565463897,56.49843539231988,1807.949932554236,3,LEFT,False,,
407019,double_dqn,dueling,1004,9.0,504,0.0,0.0,0.05,,,,,,,,,,10000,10000,1.0,227.4339709160467,227.4339709160467,101006,True,815,407000,0.0,0.0,3,LEFT,greedy,93968,93740,109583,109729,24519,382501,0.0602402830327748,0,203510,2,2,227.4339709160467,113.71698545802334,2,2,113.71698545802334,227.4339709160467,113.71698545802334,227.4339709160467,56.49638285301491,1807.884251296477,3,LEFT,False,,
407114,double_dqn,dueling,1005,8.0,476,0.0,0.0,0.05,,,,,,,,,,10000,10000,1.0,227.30585308667276,227.30585308667276,101029,False,815,407000,0.0,0.0,3,LEFT,greedy,93994,93763,109606,109751,24524,382590,0.06023865551172399,1,203557,2,2,227.30585308667276,113.65292654333638,2,2,113.65292654333638,227.30585308667276,113.65292654333638,227.30585308667276,56.46405052552073,1806.8496168166635,3,LEFT,False,,
407395,double_dqn,dueling,1005,,,5.0,5.0,0.05,0.0022587717976421118,2.509883403778076,3.3351762294769287,0.951308012008667,2.535973072052002,3.2594101428985596,0.04859329015016556,0.16625404357910156,0.18359757959842682,10000,10000,1.0,227.02290067046388,227.02290067046388,101100,True,815,407000,0.0,0.0,3,LEFT,greedy,94050,93854,109679,109813,24539,382857,0.060233777454859645,0,203698,2,2,227.02290067046388,113.51145033523194,2,2,113.51145033523194,227.02290067046388,113.51145033523194,227.02290067046388,56.39513325188993,1804.6442640604778,3,LEFT,False,,
407396,double_dqn,dueling,1005,,,2.0,2.0,0.05,0.0022587717976421118,2.509883403778076,3.3351762294769287,0.951308012008667,2.535973072052002,3.2594101428985596,0.04859329015016556,0.16625404357910156,0.18359757959842682,10000,10000,1.0,227.02287283711613,227.02287283711613,101100,True,815,407000,0.0,0.0,0,NOOP,greedy,94050,93854,109679,109813,24539,382857,0.060233777454859645,1,203698,2,2,227.02287283711613,113.51143641855806,2,2,113.51143641855806,227.02287283711613,113.51143641855806,227.02287283711613,56.3951263377621,1804.6440428083872,0,NOOP,False,,
407795,double_dqn,dueling,1005,,,9.0,9.0,0.05,0.0025412230752408504,2.398057460784912,3.2292652130126953,0.3304619789123535,2.4441416263580322,3.293513059616089,0.05262540653347969,0.1889023780822754,0.4076972007751465,10000,10000,1.0,226.79256536596534,226.79256536596534,101200,True,816,407500,0.0,0.0,1,FIRE,greedy,94133,94007,109752,109904,24567,383229,0.06024335697260395,0,203898,2,2,226.79256536596534,113.39628268298267,2,2,113.39628268298267,226.79256536596534,113.39628268298267,226.79256536596534,56.33882842264998,1802.8425095247994,1,FIRE,False,,
407796,double_dqn,dueling,1005,,,8.0,8.0,0.05,0.0025412230752408504,2.398057460784912,3.2292652130126953,0.3304619789123535,2.4441416263580322,3.293513059616089,0.05262540653347969,0.1889023780822754,0.4076972007751465,10000,10000,1.0,226.79252152463127,226.79252152463127,101200,True,816,407500,0.0,0.0,1,FIRE,greedy,94133,94007,109752,109904,24567,383229,0.06024335697260395,1,203898,2,2,226.79252152463127,113.39626076231563,2,2,113.39626076231563,226.79252152463127,113.39626076231563,226.79252152463127,56.338817531775334,1802.8421610168107,1,FIRE,False,,
408167,double_dqn,dueling,1006,15.0,574,0.0,0.0,0.05,,,,,,,,,,10000,10000,1.0,226.42869238242218,226.42869238242218,101293,True,817,408000,0.0,0.0,1,FIRE,random,94213,94099,109842,110014,24592,383576,0.0602497011034672,0,204084,2,2,226.42869238242218,113.21434619121109,2,2,113.21434619121109,226.42869238242218,113.21434619121109,226.42869238242218,56.249280392305224,1799.9769725537672,1,FIRE,False,,
408195,double_dqn,dueling,1006,,,0.0,0.0,0.05,0.002571440301835537,2.343425989151001,3.1955320835113525,0.9443407654762268,2.3706376552581787,3.256056785583496,0.05427457392215729,0.17904138565063477,0.1714838445186615,10000,10000,1.0,226.40251720324733,226.40251720324733,101300,True,817,408000,0.0,0.0,2,RIGHT,greedy,94223,94105,109852,110016,24594,383602,0.06025046791247342,0,204098,2,2,226.40251720324733,113.20125860162366,2,2,113.20125860162366,226.40251720324733,113.20125860162366,226.40251720324733,56.24284130806352,1799.7709218580326,2,RIGHT,False,,
408196,double_dqn,dueling,1006,,,14.0,14.0,0.05,0.002571440301835537,2.343425989151001,3.1955320835113525,0.9443407654762268,2.3706376552581787,3.256056785583496,0.05427457392215729,0.17904138565063477,0.1714838445186615,10000,10000,1.0,226.40246118088788,226.40246118088788,101300,True,817,408000,0.0,0.0,0,NOOP,greedy,94223,94105,109852,110016,24594,383602,0.06025046791247342,1,204098,2,2,226.40246118088788,113.20123059044394,2,2,113.20123059044394,226.40246118088788,113.20123059044394,226.40246118088788,56.24282739100681,1799.770476512218,0,NOOP,False,,
408558,double_dqn,dueling,1007,18.0,722,0.0,0.0,0.05,,,,,,,,,,10000,10000,1.0,226.0869520308251,226.0869520308251,101390,False,818,408500,0.0,0.0,2,RIGHT,greedy,94301,94152,109973,110132,24610,383948,0.060236245526950886,1,204279,2,2,226.0869520308251,113.04347601541255,2,2,113.04347601541255,226.0869520308251,113.04347601541255,226.0869520308251,56.164551479850715,1797.2656473552229,2,RIGHT,False,,
408595,double_dqn,dueling,1007,,,5.0,5.0,0.05,0.002790789818391204,2.260232925415039,3.1725399494171143,1.1914061307907104,2.274127960205078,3.1152515411376953,0.05597382411360741,0.21567797660827637,0.17727306485176086,10000,10000,1.0,226.05405845975866,226.05405845975866,101400,True,818,408500,0.0,0.0,1,FIRE,greedy,94305,94171,109984,110136,24614,383982,0.06024043309283498,0,204298,2,2,226.05405845975866,113.02702922987933,2,2,113.02702922987933,226.05405845975866,113.02702922987933,226.05405845975866,56.15717829740997,1797.029705517119,1,FIRE,False,,
408596,double_dqn,dueling,1007,,,0.0,0.0,0.05,0.002790789818391204,2.260232925415039,3.1725399494171143,1.1914061307907104,2.274127960205078,3.1152515411376953,0.05597382411360741,0.21567797660827637,0.17727306485176086,10000,10000,1.0,226.0540183451901,226.0540183451901,101400,True,818,408500,0.0,0.0,1,FIRE,greedy,94305,94171,109984,110136,24614,383982,0.06024043309283498,1,204298,2,2,226.0540183451901,113.02700917259504,2,2,113.02700917259504,226.0540183451901,113.02700917259504,226.0540183451901,56.15716833200172,1797.029386624055,1,FIRE,False,,
408995,double_dqn,dueling,1007,,,14.0,11.0,0.05,0.004591356031596661,2.265652656555176,3.4897327423095703,0.2560640871524811,2.270772695541382,3.77740740776062,0.06377160549163818,0.32500147819519043,0.5156051516532898,10000,10000,1.0,225.75119214299548,225.75119214299548,101500,True,818,408500,0.0,0.0,1,FIRE,greedy,94383,94248,110108,110257,24626,384370,0.06021085780790032,0,204498,2,2,225.75119214299548,112.87559607149774,2,2,112.87559607149774,225.75119214299548,112.87559607149774,225.75119214299548,56.08283440121876,1794.6507008390004,1,FIRE,False,,
408996,double_dqn,dueling,1007,,,5.0,5.0,0.05,0.004591356031596661,2.265652656555176,3.4897327423095703,0.2560640871524811,2.270772695541382,3.77740740776062,0.06377160549163818,0.32500147819519043,0.5156051516532898,10000,10000,1.0,225.75115262113837,225.75115262113837,101500,True,818,408500,0.0,0.0,2,RIGHT,greedy,94383,94248,110108,110257,24626,384370,0.06021085780790032,1,204498,2,2,225.75115262113837,112.87557631056919,2,2,112.87557631056919,225.75115262113837,112.87557631056919,225.75115262113837,56.08282458289734,1794.6503866527148,2,RIGHT,False,,
409395,double_dqn,dueling,1007,,,20.0,14.0,0.05,0.0031846303027123213,2.363643169403076,3.436964750289917,1.0449165105819702,2.3416929244995117,3.487870216369629,0.06134479120373726,0.26546549797058105,0.7153165340423584,10000,10000,1.0,225.41734069883785,225.41734069883785,101600,True,819,409000,0.0,0.0,1,FIRE,greedy,94452,94349,110212,110383,24643,384753,0.06019355342993092,0,204698,2,2,225.41734069883785,112.70867034941892,2,2,112.70867034941892,225.41734069883785,112.70867034941892,225.41734069883785,56.00078593147432,1792.0251498071782,1,FIRE,False,,
409396,double_dqn,dueling,1007,,,10.0,10.0,0.05,0.0031846303027123213,2.363643169403076,3.436964750289917,1.0449165105819702,2.3416929244995117,3.487870216369629,0.06134479120373726,0.26546549797058105,0.7153165340423584,10000,10000,1.0,225.41729565465928,225.41729565465928,101600,True,819,409000,0.0,0.0,0,NOOP,greedy,94452,94349,110212,110383,24643,384753,0.06019355342993092,1,204698,2,2,225.41729565465928,112.70864782732964,2,2,112.70864782732964,225.41729565465928,112.70864782732964,225.41729565465928,56.0007747410779,1792.0247917144927,0,NOOP,False,,
409551,double_dqn,dueling,1008,23.0,692,0.0,0.0,0.05,,,,,,,,,,10000,10000,1.0,225.27162541121567,225.27162541121567,101639,True,820,409500,0.0,0.0,2,RIGHT,greedy,94508,94395,110238,110411,24657,384895,0.060204809157323125,0,204776,2,2,225.27162541121567,112.63581270560783,2,2,112.63581270560783,225.27162541121567,112.63581270560783,225.27162541121567,55.96493110741179,1790.8777954371774,2,RIGHT,False,,
409795,double_dqn,dueling,1008,,,2.0,2.0,0.05,0.008898151107132435,2.11484694480896,3.314960479736328,0.6955195665359497,2.1613378524780273,3.234309196472168,0.06726829707622528,0.6231664419174194,0.47253668308258057,10000,10000,1.0,225.03739439158218,225.03739439158218,101700,True,820,409500,0.0,0.0,0,NOOP,greedy,94613,94434,110300,110449,24672,385124,0.06020556569610245,0,204898,2,2,225.03739439158218,112.51869719579109,2,2,112.51869719579109,225.03739439158218,112.51869719579109,225.03739439158218,55.907278780141056,1789.0329209645138,0,NOOP,False,,
409796,double_dqn,dueling,1008,,,14.0,14.0,0.05,0.008898151107132435,2.11484694480896,3.314960479736328,0.6955195665359497,2.1613378524780273,3.234309196472168,0.06726829707622528,0.6231664419174194,0.47253668308258057,10000,10000,1.0,225.0373376002758,225.0373376002758,101700,True,820,409500,0.0,0.0,0,NOOP,greedy,94613,94434,110300,110449,24672,385124,0.06020556569610245,1,204898,2,2,225.0373376002758,112.5186688001379,2,2,112.5186688001379,225.0373376002758,112.5186688001379,225.0373376002758,55.90726467116417,1789.0324694772535,0,NOOP,False,,
409818,double_dqn,dueling,1009,14.0,630,0.0,0.0,0.05,,,,,,,,,,10000,10000,1.0,225.01326000362303,225.01326000362303,101705,False,820,409500,0.0,0.0,1,FIRE,greedy,94621,94438,110302,110457,24673,385145,0.06020477382643027,1,204909,2,2,225.01326000362303,112.50663000181152,2,2,112.50663000181152,225.01326000362303,112.50663000181152,225.01326000362303,55.900627433604775,1788.8200778753528,1,FIRE,False,,
410195,double_dqn,dueling,1009,,,6.0,6.0,0.05,0.002957603195682168,2.388598918914795,3.382012128829956,0.3038691580295563,2.391040802001953,3.3810606002807617,0.04924921691417694,0.28536033630371094,0.2795575261116028,10000,10000,1.0,224.65969136619248,224.65969136619248,101800,True,821,410000,0.0,0.0,3,LEFT,greedy,94698,94555,110395,110548,24692,385504,0.06019561380413266,0,205098,2,2,224.65969136619248,112.32984568309624,2,2,112.32984568309624,224.65969136619248,112.32984568309624,224.65969136619248,55.8143215603579,1786.0582899314527,3,LEFT,False,,
410196,double_dqn,dueling,1009,,,5.0,5.0,0.05,0.002957603195682168,2.388598918914795,3.382012128829956,0.3038691580295563,2.391040802001953,3.3810606002807617,0.04924921691417694,0.28536033630371094,0.2795575261116028,10000,10000,1.0,224.65965088051013,224.65965088051013,101800,True,821,410000,0.0,0.0,3,LEFT,greedy,94698,94555,110395,110548,24692,385504,0.06019561380413266,1,205098,2,2,224.65965088051013,112.32982544025506,2,2,112.32982544025506,224.65965088051013,112.32982544025506,224.65965088051013,55.81431150211879,1786.0579680678013,3,LEFT,False,,
410277,double_dqn,dueling,1010,7.0,363,0.0,0.0,0.05,,,,,,,,,,10000,10000,1.0,224.59740510506626,224.59740510506626,101820,False,821,410000,0.0,0.0,1,FIRE,greedy,94719,94584,110415,110560,24697,385581,0.06019576969761966,0,205139,2,2,224.59740510506626,112.29870255253313,2,2,112.29870255253313,224.59740510506626,112.29870255253313,224.59740510506626,55.79832587054139,1785.5464278573245,1,FIRE,False,,
410595,double_dqn,dueling,1010,,,4.0,4.0,0.05,0.0022497838363051414,2.4027581214904785,3.3552086353302,1.0077362060546875,2.4112348556518555,3.3416225910186768,0.054771728813648224,0.14241600036621094,0.18902695178985596,10000,10000,1.0,224.28815093189277,224.28815093189277,101900,True,822,410500,0.0,0.0,2,RIGHT,greedy,94750,94659,110546,110641,24721,385875,0.060207600658554884,0,205298,2,2,224.28815093189277,112.14407546594639,2,2,112.14407546594639,224.28815093189277,112.14407546594639,224.28815093189277,55.72288807960092,1783.1324185472295,2,RIGHT,False,,
410596,double_dqn,dueling,1010,,,9.0,9.0,0.05,0.0022497838363051414,2.4027581214904785,3.3552086353302,1.0077362060546875,2.4112348556518555,3.3416225910186768,0.054771728813648224,0.14241600036621094,0.18902695178985596,10000,10000,1.0,224.28811973319543,224.28811973319543,101900,True,822,410500,0.0,0.0,3,LEFT,greedy,94750,94659,110546,110641,24721,385875,0.060207600658554884,1,205298,2,2,224.28811973319543,112.14405986659771,2,2,112.14405986659771,224.28811973319543,112.14405986659771,224.28811973319543,55.72288032849364,1783.1321705117964,3,LEFT,False,,
410995,double_dqn,dueling,1010,,,9.0,9.0,0.05,0.003940428141504526,2.5236830711364746,3.408017873764038,-0.2251085788011551,2.5596203804016113,3.417098045349121,0.04588266462087631,0.42514586448669434,0.44840750098228455,10000,10000,1.0,223.93147039379642,223.93147039379642,102000,True,822,410500,0.0,0.0,1,FIRE,greedy,94804,94817,110643,110732,24736,386260,0.060185500588813515,0,205498,2,2,223.93147039379642,111.96573519689821,2,2,111.96573519689821,223.93147039379642,111.96573519689821,223.93147039379642,55.63513928471181,1780.324457110778,1,FIRE,False,,
410996,double_dqn,dueling,1010,,,13.0,13.0,0.05,0.003940428141504526,2.5236830711364746,3.408017873764038,-0.2251085788011551,2.5596203804016113,3.417098045349121,0.04588266462087631,0.42514586448669434,0.44840750098228455,10000,10000,1.0,223.93142358002027,223.93142358002027,102000,True,822,410500,0.0,0.0,3,LEFT,greedy,94804,94817,110643,110732,24736,386260,0.060185500588813515,1,205498,2,2,223.93142358002027,111.96571179001013,2,2,111.96571179001013,223.93142358002027,111.96571179001013,223.93142358002027,55.63512765396178,1780.324084926777,3,LEFT,False,,
411098,double_dqn,dueling,1011,14.0,640,0.0,0.0,0.05,,,,,,,,,,10000,10000,1.0,223.83543586078397,223.83543586078397,102025,False,823,411000,0.0,0.0,1,FIRE,greedy,94825,94862,110661,110750,24741,386357,0.06018273015193457,1,205549,2,2,223.83543586078397,111.91771793039199,2,2,111.91771793039199,223.83543586078397,111.91771793039199,223.83543586078397,55.610805130367964,1779.5457641717749,1,FIRE,False,,
411347,double_dqn,dueling,1012,12.0,535,0.0,0.0,0.05,,,,,,,,,,10000,10000,1.0,223.60855135450177,223.60855135450177,102088,True,823,411000,0.0,0.0,1,FIRE,greedy,94890,94953,110713,110792,24753,386595,0.06017532600134193,0,205674,2,2,223.60855135450177,111.80427567725089,2,2,111.80427567725089,223.60855135450177,111.80427567725089,223.60855135450177,55.55566848146808,1777.7813914069786,1,FIRE,False,,
411395,double_dqn,dueling,1012,,,0.0,0.0,0.05,0.003536062780767679,2.309072732925415,3.0900216102600098,1.373192310333252,2.3746819496154785,3.0660531520843506,0.0634661316871643,0.23699045181274414,0.5749132633209229,10000,10000,1.0,223.5678048522432,223.5678048522432,102100,True,823,411000,0.0,0.0,2,RIGHT,greedy,94894,94958,110746,110798,24756,386640,0.06017559723478109,0,205698,2,2,223.5678048522432,111.7839024261216,2,2,111.7839024261216,223.5678048522432,111.7839024261216,223.5678048522432,55.545648013396246,1777.4607364286799,2,RIGHT,False,,
411396,double_dqn,dueling,1012,,,2.0,2.0,0.05,0.003536062780767679,2.309072732925415,3.0900216102600098,1.373192310333252,2.3746819496154785,3.0660531520843506,0.0634661316871643,0.23699045181274414,0.5749132633209229,10000,10000,1.0,223.5677664818169,223.5677664818169,102100,True,823,411000,0.0,0.0,2,RIGHT,greedy,94894,94958,110746,110798,24756,386640,0.06017559723478109,1,205698,2,2,223.5677664818169,111.78388324090845,2,2,111.78388324090845,223.5677664818169,111.78388324090845,223.5677664818169,55.54563848022489,1777.4604313671964,2,RIGHT,False,,
411795,double_dqn,dueling,1012,,,4.0,4.0,0.05,0.006269124802201986,2.0770583152770996,3.1665947437286377,-0.4564993381500244,2.1022088527679443,3.1410207748413086,0.0652235895395279,0.5060875415802002,0.24045304954051971,10000,10000,1.0,223.17817388334626,223.17817388334626,102200,True,824,411500,0.0,0.0,0,NOOP,greedy,94967,95068,110865,110896,24782,387014,0.0601802834413156,0,205898,2,2,223.17817388334626,111.58908694167313,2,2,111.58908694167313,223.17817388334626,111.58908694167313,223.17817388334626,55.44969845939725,1774.390350700712,0,NOOP,False,,
411796,double_dqn,dueling,1012,,,7.0,7.0,0.05,0.006269124802201986,2.0770583152770996,3.1665947437286377,-0.4564993381500244,2.1022088527679443,3.1410207748413086,0.0652235895395279,0.5060875415802002,0.24045304954051971,10000,10000,1.0,223.17812918391337,223.17812918391337,102200,True,824,411500,0.0,0.0,0,NOOP,greedy,94967,95068,110865,110896,24782,387014,0.0601802834413156,1,205898,2,2,223.17812918391337,111.58906459195669,2,2,111.58906459195669,223.17812918391337,111.58906459195669,223.17812918391337,55.4496873536066,1774.3899953154112,0,NOOP,False,,
411986,double_dqn,dueling,1013,9.0,444,0.0,0.0,0.05,,,,,,,,,,10000,10000,1.0,222.95363378240916,222.95363378240916,102247,False,824,411500,0.0,0.0,3,LEFT,greedy,94999,95133,110905,110949,24795,387191,0.06018408392518192,1,205993,2,2,222.95363378240916,111.47681689120458,2,2,111.47681689120458,222.95363378240916,111.47681689120458,222.95363378240916,55.39362627144839,1772.5960406863485,3,LEFT,False,,
412179,double_dqn,dueling,1014,7.0,416,0.0,0.0,0.05,,,,,,,,,,10000,10000,1.0,222.76699440320576,222.76699440320576,102296,True,825,412000,0.0,0.0,1,FIRE,greedy,95026,95184,110983,110987,24799,387381,0.060165461691494004,0,206090,2,2,222.76699440320576,111.38349720160288,2,2,111.38349720160288,222.76699440320576,111.38349720160288,222.76699440320576,55.34835392451089,1771.1473255843484,1,FIRE,False,,
412195,double_dqn,dueling,1014,,,0.0,0.0,0.05,0.0021612015552818775,2.350132942199707,3.191768169403076,1.551245093345642,2.382523775100708,3.174400806427002,0.04847657307982445,0.21031105518341064,0.18066217005252838,10000,10000,1.0,222.7500402842442,222.7500402842442,102300,True,825,412000,0.0,0.0,3,LEFT,greedy,95028,95193,110986,110989,24799,387397,0.060163126279731,0,206098,2,2,222.7500402842442,111.3750201421221,2,2,111.3750201421221,222.7500402842442,111.3750201421221,222.7500402842442,55.34417540145723,1771.0136128466313,3,LEFT,False,,
412196,double_dqn,dueling,1014,,,2.0,2.0,0.05,0.0021612015552818775,2.350132942199707,3.191768169403076,1.551245093345642,2.382523775100708,3.174400806427002,0.04847657307982445,0.21031105518341064,0.18066217005252838,10000,10000,1.0,222.75001324162986,222.75001324162986,102300,True,825,412000,0.0,0.0,0,NOOP,greedy,95028,95193,110986,110989,24799,387397,0.060163126279731,1,206098,2,2,222.75001324162986,111.37500662081493,2,2,111.37500662081493,222.75001324162986,111.37500662081493,222.75001324162986,55.34416868248565,1771.0133978395409,0,NOOP,False,,
412595,double_dqn,dueling,1014,,,4.0,4.0,0.05,0.0032809919212013483,2.395026206970215,3.3097879886627197,1.5671883821487427,2.41186261177063,3.3139543533325195,0.05555838719010353,0.2231447696685791,0.2017730325460434,10000,10000,1.0,222.52714939748174,222.52714939748174,102400,True,826,412500,1.0,1.0,0,NOOP,greedy,95117,95323,111057,111099,24813,387783,0.06013873134979496,0,206298,2,2,222.52714939748174,111.26357469874087,2,2,111.26357469874087,222.52714939748174,111.26357469874087,222.52714939748174,55.289640018874174,1769.2684806039736,0,NOOP,False,,
412596,double_dqn,dueling,1014,,,8.0,8.0,0.05,0.0032809919212013483,2.395026206970215,3.3097879886627197,1.5671883821487427,2.41186261177063,3.3139543533325195,0.05555838719010353,0.2231447696685791,0.2017730325460434,10000,10000,1.0,222.52711099397686,222.52711099397686,102400,True,826,412500,0.0,0.0,0,NOOP,greedy,95117,95323,111057,111099,24813,387783,0.06013873134979496,1,206298,2,2,222.52711099397686,111.26355549698843,2,2,111.26355549698843,222.52711099397686,111.26355549698843,222.52711099397686,55.289630477045385,1769.2681752654523,0,NOOP,False,,
412995,double_dqn,dueling,1014,,,11.0,8.0,0.05,0.0015398194082081318,2.28027606010437,3.201791763305664,1.1691887378692627,2.3294804096221924,3.2065813541412354,0.0418294258415699,0.16559982299804688,0.3370870053768158,10000,10000,1.0,222.3512072152856,222.3512072152856,102500,True,826,412500,0.0,0.0,1,FIRE,greedy,95211,95461,111126,111198,24835,388161,0.06013375432207576,0,206498,2,2,222.3512072152856,111.1756036076428,2,2,111.1756036076428,222.3512072152856,111.1756036076428,222.3512072152856,55.2467639758758,1767.8964472280256,1,FIRE,False,,
412996,double_dqn,dueling,1014,,,16.0,13.0,0.05,0.0015398194082081318,2.28027606010437,3.201791763305664,1.1691887378692627,2.3294804096221924,3.2065813541412354,0.0418294258415699,0.16559982299804688,0.3370870053768158,10000,10000,1.0,222.35118261596952,222.35118261596952,102500,True,826,412500,0.0,0.0,3,LEFT,greedy,95211,95461,111126,111198,24835,388161,0.06013375432207576,1,206498,2,2,222.35118261596952,111.17559130798476,2,2,111.17559130798476,222.35118261596952,111.17559130798476,222.35118261596952,55.24675786377672,1767.896251640855,3,LEFT,False,,
413041,double_dqn,dueling,1015,12.0,431,0.0,0.0,0.05,,,,,,,,,,10000,10000,1.0,222.33969246429564,222.33969246429564,102511,False,827,413000,0.0,0.0,1,FIRE,greedy,95220,95478,111134,111210,24838,388204,0.06013432048072593,0,206521,2,2,222.33969246429564,111.16984623214782,2,2,111.16984623214782,222.33969246429564,111.16984623214782,222.33969246429564,55.24331731534584,1767.786154091067,1,FIRE,False,,
413395,double_dqn,dueling,1015,,,4.0,4.0,0.05,0.0014854904729872942,2.356823444366455,3.4134631156921387,1.3758186101913452,2.387147903442383,3.3823294639587402,0.04055552929639816,0.14968442916870117,0.18808285892009735,10000,10000,1.0,222.26442347961517,222.26442347961517,102600,True,827,413000,0.0,0.0,1,FIRE,greedy,95328,95554,111194,111320,24861,388535,0.06013846287820879,0,206698,2,2,222.26442347961517,111.13221173980759,2,2,111.13221173980759,222.26442347961517,111.13221173980759,222.26442347961517,55.226035697623544,1767.2331423239534,1,FIRE,False,,
413396,double_dqn,dueling,1015,,,24.0,18.0,0.05,0.0014854904729872942,2.356823444366455,3.4134631156921387,1.3758186101913452,2.387147903442383,3.3823294639587402,0.04055552929639816,0.14968442916870117,0.18808285892009735,10000,10000,1.0,222.26439865732647,222.26439865732647,102600,True,827,413000,0.0,0.0,1,FIRE,greedy,95328,95554,111194,111320,24861,388535,0.06013846287820879,1,206698,2,2,222.26439865732647,111.13219932866323,2,2,111.13219932866323,222.26439865732647,111.13219932866323,222.26439865732647,55.2260295300301,1767.232944960963,1,FIRE,False,,
413430,double_dqn,dueling,1016,24.0,722,0.0,0.0,0.05,,,,,,,,,,10000,10000,1.0,222.26117872705603,222.26117872705603,102608,False,827,413000,0.0,0.0,1,FIRE,greedy,95331,95573,111199,111327,24861,388569,0.06013351716130905,1,206715,2,2,222.26117872705603,111.13058936352802,2,2,111.13058936352802,222.26117872705603,111.13058936352802,222.26117872705603,55.22462023232922,1767.1878474345351,1,FIRE,False,,
413795,double_dqn,dueling,1016,,,11.0,8.0,0.05,0.015942025929689407,2.562263250350952,3.2414186000823975,1.2594767808914185,2.5559754371643066,3.2576770782470703,0.07067236304283142,0.965693473815918,1.0649354457855225,10000,10000,1.0,222.24527213144984,222.24527213144984,102700,True,828,413500,0.0,0.0,2,RIGHT,greedy,95383,95660,111293,111460,24876,388920,0.06011657918394571,0,206898,2,2,222.24527213144984,111.12263606572492,2,2,111.12263606572492,222.24527213144984,111.12263606572492,222.24527213144984,55.222107563541705,1767.1074420333346,2,RIGHT,False,,
413796,double_dqn,dueling,1016,,,4.0,4.0,0.05,0.015942025929689407,2.562263250350952,3.2414186000823975,1.2594767808914185,2.5559754371643066,3.2576770782470703,0.07067236304283142,0.965693473815918,1.0649354457855225,10000,10000,1.0,222.24523012530312,222.24523012530312,102700,True,828,413500,0.0,0.0,3,LEFT,greedy,95383,95660,111293,111460,24876,388920,0.06011657918394571,1,206898,2,2,222.24523012530312,111.12261506265156,2,2,111.12261506265156,222.24523012530312,111.12261506265156,222.24523012530312,55.22209712611854,1767.1071080357933,3,LEFT,False,,
413915,double_dqn,dueling,1017,12.0,437,0.0,0.0,0.05,,,,,,,,,,10000,10000,1.0,222.22861363502759,222.22861363502759,102730,True,828,413500,0.0,0.0,0,NOOP,random,95409,95693,111326,111488,24881,389035,0.060111230297934845,0,206958,2,2,222.22861363502759,111.11430681751379,2,2,111.11430681751379,222.22861363502759,111.11430681751379,222.22861363502759,55.218216676474775,1766.9829336471928,0,NOOP,False,,
414195,double_dqn,dueling,1017,,,3.0,3.0,0.05,0.0019367490895092487,2.509035587310791,3.2538986206054688,1.6927043199539185,2.525979995727539,3.1970856189727783,0.04176555573940277,0.20327091217041016,0.16122925281524658,10000,10000,1.0,222.1819577451034,222.1819577451034,102800,True,829,414000,0.0,0.0,2,RIGHT,greedy,95464,95783,111391,111558,24891,389305,0.06009473775700393,0,207098,2,2,222.1819577451034,111.0909788725517,2,2,111.0909788725517,222.1819577451034,111.0909788725517,222.1819577451034,55.207201722590526,1766.6304551228968,2,RIGHT,False,,
414196,double_dqn,dueling,1017,,,16.0,10.0,0.05,0.0019367490895092487,2.509035587310791,3.2538986206054688,1.6927043199539185,2.525979995727539,3.1970856189727783,0.04176555573940277,0.20327091217041016,0.16122925281524658,10000,10000,1.0,222.18191992387204,222.18191992387204,102800,True,829,414000,0.0,0.0,0,NOOP,greedy,95464,95783,111391,111558,24891,389305,0.06009473775700393,1,207098,2,2,222.18191992387204,111.09095996193602,2,2,111.09095996193602,222.18191992387204,111.09095996193602,222.18191992387204,55.20719232486818,1766.6301543957818,0,NOOP,False,,
414595,double_dqn,dueling,1017,,,8.0,8.0,0.05,0.006377410143613815,2.3715786933898926,3.3198039531707764,-0.10973235219717026,2.384819269180298,3.2050588130950928,0.06364819407463074,0.5369782447814941,0.24991118907928467,10000,10000,1.0,222.06899967334834,222.06899967334834,102900,True,830,414500,0.0,0.0,2,RIGHT,greedy,95580,95876,111482,111658,24915,389681,0.06009464635452344,0,207298,2,2,222.06899967334834,111.03449983667417,2,2,111.03449983667417,222.06899967334834,111.03449983667417,222.06899967334834,55.17995587766577,1765.7585880853046,2,RIGHT,False,,
414596,double_dqn,dueling,1017,,,22.0,13.0,0.05,0.006377410143613815,2.3715786933898926,3.3198039531707764,-0.10973235219717026,2.384819269180298,3.2050588130950928,0.06364819407463074,0.5369782447814941,0.24991118907928467,10000,10000,1.0,222.06897276836,222.06897276836,102900,True,830,414500,0.0,0.0,1,FIRE,greedy,95580,95876,111482,111658,24915,389681,0.06009464635452344,1,207298,2,2,222.06897276836,111.03448638418,2,2,111.03448638418,222.06897276836,111.03448638418,222.06897276836,55.179949192283864,1765.7583741530837,1,FIRE,False,,
414840,double_dqn,dueling,1018,30.0,705,0.0,0.0,0.05,,,,,,,,,,10000,10000,1.0,221.94376717006068,221.94376717006068,102961,True,830,414500,0.0,0.0,0,NOOP,greedy,95685,95910,111527,111718,24921,389919,0.06007376337865201,1,207420,2,2,221.94376717006068,110.97188358503034,2,2,110.97188358503034,221.94376717006068,110.97188358503034,221.94376717006068,55.14933695271588,1764.778782486908,0,NOOP,False,,
414995,double_dqn,dueling,1018,,,12.0,12.0,0.05,0.0030940440483391285,2.424072265625,3.227268934249878,-0.4755766689777374,2.4907925128936768,3.274935245513916,0.05364418402314186,0.2630316913127899,0.48786410689353943,10000,10000,1.0,221.92332392115011,221.92332392115011,103000,True,830,414500,0.0,0.0,2,RIGHT,greedy,95716,95971,111556,111753,24928,390068,0.060068048848663604,0,207498,2,2,221.92332392115011,110.96166196057506,2,2,110.96166196057506,221.92332392115011,110.96166196057506,221.92332392115011,55.14457536814973,1764.6264117807914,2,RIGHT,False,,
414996,double_dqn,dueling,1018,,,1.0,1.0,0.05,0.0030940440483391285,2.424072265625,3.227268934249878,-0.4755766689777374,2.4907925128936768,3.274935245513916,0.05364418402314186,0.2630316913127899,0.48786410689353943,10000,10000,1.0,221.92329908665013,221.92329908665013,103000,True,830,414500,0.0,0.0,0,NOOP,greedy,95716,95971,111556,111753,24928,390068,0.060068048848663604,1,207498,2,2,221.92329908665013,110.96164954332507,2,2,110.96164954332507,221.92329908665013,110.96164954332507,221.92329908665013,55.144569197153686,1764.626214308918,0,NOOP,False,,
415023,double_dqn,dueling,1019,12.0,554,0.0,0.0,0.05,,,,,,,,,,10000,10000,1.0,221.92306353259045,221.92306353259045,103007,True,831,415000,0.0,0.0,1,FIRE,greedy,95717,95974,111574,111759,24929,390095,0.0600664057982189,0,207512,2,2,221.92306353259045,110.96153176629522,2,2,110.96153176629522,221.92306353259045,110.96153176629522,221.92306353259045,55.144567718740326,1764.6261669996904,1,FIRE,False,,
415395,double_dqn,dueling,1019,,,4.0,4.0,0.05,0.012188517488539219,2.349818706512451,3.4196107387542725,0.4709332287311554,2.321903705596924,3.3632848262786865,0.07088609039783478,0.7634702920913696,1.0711615085601807,10000,10000,1.0,221.91397521253214,221.91397521253214,103100,True,831,415000,0.0,0.0,2,RIGHT,greedy,95799,96021,111661,111915,24944,390452,0.06004872459051122,0,207698,2,2,221.91397521253214,110.95698760626607,2,2,110.95698760626607,221.91397521253214,110.95698760626607,221.91397521253214,55.14306553519951,1764.5780971263844,2,RIGHT,False,,
415396,double_dqn,dueling,1019,,,6.0,6.0,0.05,0.012188517488539219,2.349818706512451,3.4196107387542725,0.4709332287311554,2.321903705596924,3.3632848262786865,0.07088609039783478,0.7634702920913696,1.0711615085601807,10000,10000,1.0,221.91395091657546,221.91395091657546,103100,True,831,415000,0.0,0.0,2,RIGHT,greedy,95799,96021,111661,111915,24944,390452,0.06004872459051122,1,207698,2,2,221.91395091657546,110.95697545828773,2,2,110.95697545828773,221.91395091657546,110.95697545828773,221.91395091657546,55.14305949793426,1764.5779039338963,2,RIGHT,False,,
415795,double_dqn,dueling,1019,,,10.0,10.0,0.05,0.002077631186693907,2.400245428085327,3.450021982192993,1.5031859874725342,2.4089083671569824,3.3939480781555176,0.047961361706256866,0.1949148178100586,0.2482166886329651,10000,10000,1.0,221.89907227374957,221.89907227374957,103200,True,832,415500,0.0,0.0,3,LEFT,greedy,95878,96148,111721,112049,24967,390829,0.060046272691415985,0,207898,2,2,221.89907227374957,110.94953613687478,2,2,110.94953613687478,221.89907227374957,110.94953613687478,221.89907227374957,55.140171527697944,1764.4854888863342,3,LEFT,False,,
415796,double_dqn,dueling,1019,,,10.0,10.0,0.05,0.002077631186693907,2.400245428085327,3.450021982192993,1.5031859874725342,2.4089083671569824,3.3939480781555176,0.047961361706256866,0.1949148178100586,0.2482166886329651,10000,10000,1.0,221.89903066592234,221.89903066592234,103200,True,832,415500,0.0,0.0,1,FIRE,greedy,95878,96148,111721,112049,24967,390829,0.060046272691415985,1,207898,2,2,221.89903066592234,110.94951533296117,2,2,110.94951533296117,221.89903066592234,110.94951533296117,221.89903066592234,55.14016118848063,1764.4851580313803,1,FIRE,False,,
415962,double_dqn,dueling,1020,12.0,561,0.0,0.0,0.05,,,,,,,,,,10000,10000,1.0,221.87621714268928,221.87621714268928,103241,False,832,415500,0.0,0.0,0,NOOP,greedy,95913,96220,111748,112081,24973,390989,0.06003673412475178,1,207981,2,2,221.87621714268928,110.93810857134464,2,2,110.93810857134464,221.87621714268928,110.93810857134464,221.87621714268928,55.13415839146616,1764.293068526917,0,NOOP,False,,
416195,double_dqn,dueling,1020,,,14.0,14.0,0.05,0.001728468225337565,2.4433951377868652,3.6629769802093506,0.9052967429161072,2.472250461578369,3.7302780151367188,0.040970079600811005,0.18221330642700195,0.21184752881526947,10000,10000,1.0,221.8522181309755,221.8522181309755,103300,True,833,416000,0.0,0.0,2,RIGHT,greedy,95977,96283,111796,112140,24986,391210,0.06003421464886736,0,208098,2,2,221.8522181309755,110.92610906548775,2,2,110.92610906548775,221.8522181309755,110.92610906548775,221.8522181309755,55.1293337781364,1764.1386809003648,2,RIGHT,False,,
416196,double_dqn,dueling,1020,,,3.0,3.0,0.05,0.001728468225337565,2.4433951377868652,3.6629769802093506,0.9052967429161072,2.472250461578369,3.7302780151367188,0.040970079600811005,0.18221330642700195,0.21184752881526947,10000,10000,1.0,221.85219153693518,221.85219153693518,103300,True,833,416000,0.0,0.0,0,NOOP,random,95977,96283,111796,112140,24986,391210,0.06003421464886736,1,208098,2,2,221.85219153693518,110.92609576846759,2,2,110.92609576846759,221.85219153693518,110.92609576846759,221.85219153693518,55.12932716963035,1764.1384694281712,0,NOOP,False,,
416395,double_dqn,dueling,1021,19.0,686,0.0,0.0,0.05,,,,,,,,,,10000,10000,1.0,221.85083807302092,221.85083807302092,103350,True,833,416000,0.0,0.0,1,FIRE,greedy,96049,96319,111847,112181,25001,391395,0.0600414028953208,0,208198,2,2,221.85083807302092,110.92541903651046,2,2,110.92541903651046,221.85083807302092,110.92541903651046,221.85083807302092,55.12939195342041,1764.140542509453,1,FIRE,False,,
416595,double_dqn,dueling,1021,,,2.0,2.0,0.05,0.0037174795288592577,2.34932804107666,3.169992685317993,0.7639818787574768,2.3445615768432617,3.1215641498565674,0.0618661493062973,0.30549055337905884,0.4960688352584839,10000,10000,1.0,221.84200406876124,221.84200406876124,103400,True,834,416500,0.0,0.0,3,LEFT,greedy,96100,96359,111896,112241,25011,391585,0.060036582204341854,0,208298,2,2,221.84200406876124,110.92100203438062,2,2,110.92100203438062,221.84200406876124,110.92100203438062,221.84200406876124,55.127596859724406,1764.083099511181,3,LEFT,False,,
416596,double_dqn,dueling,1021,,,7.0,7.0,0.05,0.0037174795288592577,2.34932804107666,3.169992685317993,0.7639818787574768,2.3445615768432617,3.1215641498565674,0.0618661493062973,0.30549055337905884,0.4960688352584839,10000,10000,1.0,221.84198079060283,221.84198079060283,103400,True,834,416500,0.0,0.0,0,NOOP,greedy,96100,96359,111896,112241,25011,391585,0.060036582204341854,1,208298,2,2,221.84198079060283,110.92099039530142,2,2,110.92099039530142,221.84198079060283,110.92099039530142,221.84198079060283,55.12759107511685,1764.082914403739,0,NOOP,False,,
416995,double_dqn,dueling,1021,,,5.0,5.0,0.05,0.001776545075699687,2.2911834716796875,3.106218099594116,-0.01364130899310112,2.281118869781494,3.0612449645996094,0.04587892070412636,0.15763723850250244,0.4365547001361847,10000,10000,1.0,221.85968695732944,221.85968695732944,103500,True,834,416500,0.0,0.0,2,RIGHT,greedy,96163,96447,111982,112404,25028,391968,0.060019760381394546,0,208498,2,2,221.85968695732944,110.92984347866472,2,2,110.92984347866472,221.85968695732944,110.92984347866472,221.85968695732944,55.13278850416905,1764.2492321334096,2,RIGHT,False,,
416996,double_dqn,dueling,1021,,,14.0,14.0,0.05,0.001776545075699687,2.2911834716796875,3.106218099594116,-0.01364130899310112,2.281118869781494,3.0612449645996094,0.04587892070412636,0.15763723850250244,0.4365547001361847,10000,10000,1.0,221.85965798363398,221.85965798363398,103500,True,834,416500,0.0,0.0,3,LEFT,greedy,96163,96447,111982,112404,25028,391968,0.060019760381394546,1,208498,2,2,221.85965798363398,110.92982899181699,2,2,110.92982899181699,221.85965798363398,110.92982899181699,221.85965798363398,55.13278130412002,1764.2490017318407,3,LEFT,False,,
417291,double_dqn,dueling,1022,8.0,448,0.0,0.0,0.05,,,,,,,,,,10000,10000,1.0,221.85345609043253,221.85345609043253,103574,True,835,417000,0.0,0.0,1,FIRE,greedy,96298,96485,112039,112470,25044,392248,0.06001552869453524,0,208646,2,2,221.85345609043253,110.92672804521627,2,2,110.92672804521627,221.85345609043253,110.92672804521627,221.85345609043253,55.13182776252034,1764.2184884006508,1,FIRE,False,,
417395,double_dqn,dueling,1022,,,1.0,1.0,0.05,0.0016472478164359927,2.4664926528930664,3.503762722015381,1.3928996324539185,2.487116813659668,3.425473213195801,0.04251459985971451,0.1393897533416748,0.19566300511360168,10000,10000,1.0,221.8477734608087,221.8477734608087,103600,True,835,417000,0.0,0.0,3,LEFT,greedy,96336,96502,112055,112503,25049,392347,0.06001255402543388,0,208698,2,2,221.8477734608087,110.92388673040435,2,2,110.92388673040435,221.8477734608087,110.92388673040435,221.8477734608087,55.1306215691903,1764.1798902140897,3,LEFT,False,,
417396,double_dqn,dueling,1022,,,18.0,18.0,0.05,0.0016472478164359927,2.4664926528930664,3.503762722015381,1.3928996324539185,2.487116813659668,3.425473213195801,0.04251459985971451,0.1393897533416748,0.19566300511360168,10000,10000,1.0,221.84774932241254,221.84774932241254,103600,True,835,417000,0.0,0.0,3,LEFT,greedy,96336,96502,112055,112503,25049,392347,0.06001255402543388,1,208698,2,2,221.84774932241254,110.92387466120627,2,2,110.92387466120627,221.84774932241254,110.92387466120627,221.84774932241254,55.13061557064111,1764.1796982605156,3,LEFT,False,,
417795,double_dqn,dueling,1022,,,5.0,5.0,0.05,0.014190814457833767,2.342298984527588,3.2070508003234863,1.4689279794692993,2.381193161010742,3.3181211948394775,0.07032544910907745,0.8974523544311523,0.4937981367111206,10000,10000,1.0,221.80337318220754,221.80337318220754,103700,True,836,417500,0.0,0.0,1,FIRE,greedy,96410,96619,112138,112629,25076,392720,0.0600197225440167,0,208898,2,2,221.80337318220754,110.90168659110377,2,2,110.90168659110377,221.80337318220754,110.90168659110377,221.80337318220754,55.120377472197625,1763.852079110324,1,FIRE,False,,
417796,double_dqn,dueling,1022,,,24.0,24.0,0.05,0.014190814457833767,2.342298984527588,3.2070508003234863,1.4689279794692993,2.381193161010742,3.3181211948394775,0.07032544910907745,0.8974523544311523,0.4937981367111206,10000,10000,1.0,221.80333981678424,221.80333981678424,103700,True,836,417500,0.0,0.0,3,LEFT,greedy,96410,96619,112138,112629,25076,392720,0.0600197225440167,1,208898,2,2,221.80333981678424,110.90166990839212,2,2,110.90166990839212,221.80333981678424,110.90166990839212,221.80333981678424,55.12036918055309,1763.851813777699,3,LEFT,False,,
417930,double_dqn,dueling,1023,25.0,984,0.0,0.0,0.05,,,,,,,,,,10000,10000,1.0,221.7853753674434,221.7853753674434,103733,False,836,417500,0.0,0.0,1,FIRE,greedy,96432,96666,112164,112668,25085,392845,0.06002201325580839,1,208965,2,2,221.7853753674434,110.8926876837217,2,2,110.8926876837217,221.7853753674434,110.8926876837217,221.7853753674434,55.115508157173515,1763.6962610295525,1,FIRE,False,,
418195,double_dqn,dueling,1023,,,10.0,10.0,0.05,0.002482790034264326,2.345036745071411,3.4100446701049805,1.4909788370132446,2.376016616821289,3.3971357345581055,0.049407560378313065,0.22403645515441895,0.2135394811630249,10000,10000,1.0,221.76473296578274,221.76473296578274,103800,True,837,418000,0.0,0.0,2,RIGHT,greedy,96490,96704,112245,112757,25098,393098,0.060014921233106006,0,209098,2,2,221.76473296578274,110.88236648289137,2,2,110.88236648289137,221.76473296578274,110.88236648289137,221.76473296578274,55.11156075790597,1763.569944252991,2,RIGHT,False,,
418196,double_dqn,dueling,1023,,,3.0,3.0,0.05,0.002482790034264326,2.345036745071411,3.4100446701049805,1.4909788370132446,2.376016616821289,3.3971357345581055,0.049407560378313065,0.22403645515441895,0.2135394811630249,10000,10000,1.0,221.76470863850827,221.76470863850827,103800,True,837,418000,0.0,0.0,3,LEFT,greedy,96490,96704,112245,112757,25098,393098,0.060014921233106006,1,209098,2,2,221.76470863850827,110.88235431925413,2,2,110.88235431925413,221.76470863850827,110.88235431925413,221.76470863850827,55.111554712246466,1763.569750791887,3,LEFT,False,,
418419,double_dqn,dueling,1024,12.0,564,0.0,0.0,0.05,,,,,,,,,,10000,10000,1.0,221.7402344837788,221.7402344837788,103856,True,837,418000,0.0,0.0,1,FIRE,greedy,96548,96751,112306,112815,25110,393310,0.060011471726972895,0,209210,2,2,221.7402344837788,110.8701172418894,2,2,110.8701172418894,221.7402344837788,110.8701172418894,221.7402344837788,55.105910903209605,1763.3891489027073,1,FIRE,False,,
418595,double_dqn,dueling,1024,,,2.0,2.0,0.05,0.002398537937551737,2.5582380294799805,3.277024507522583,0.9714227318763733,2.5735793113708496,3.403287887573242,0.047763340175151825,0.19884812831878662,0.18005166947841644,10000,10000,1.0,221.7254656987205,221.7254656987205,103900,True,838,418500,0.0,0.0,1,FIRE,greedy,96607,96792,112343,112854,25119,393477,0.0600077401599633,0,209298,2,2,221.7254656987205,110.86273284936026,2,2,110.86273284936026,221.7254656987205,110.86273284936026,221.7254656987205,55.10258420906006,1763.282694689922,1,FIRE,False,,
418596,double_dqn,dueling,1024,,,7.0,7.0,0.05,0.002398537937551737,2.5582380294799805,3.277024507522583,0.9714227318763733,2.5735793113708496,3.403287887573242,0.047763340175151825,0.19884812831878662,0.18005166947841644,10000,10000,1.0,221.72544210847056,221.72544210847056,103900,True,838,418500,0.0,0.0,2,RIGHT,greedy,96607,96792,112343,112854,25119,393477,0.0600077401599633,1,209298,2,2,221.72544210847056,110.86272105423528,2,2,110.86272105423528,221.72544210847056,110.86272105423528,221.72544210847056,55.10257834647802,1763.2825070872966,2,RIGHT,False,,
418995,double_dqn,dueling,1024,,,7.0,7.0,0.05,0.001829449087381363,2.1962990760803223,3.2302660942077637,0.27363091707229614,2.2270026206970215,3.180976390838623,0.04394958168268204,0.2002100944519043,0.2936992049217224,10000,10000,1.0,221.73257007131278,221.73257007131278,104000,True,838,418500,0.0,0.0,3,LEFT,greedy,96679,96936,112425,112956,25138,393858,0.05999579948257262,0,209498,2,2,221.73257007131278,110.86628503565639,2,2,110.86628503565639,221.73257007131278,110.86628503565639,221.73257007131278,55.1051279937103,1763.3640957987295,3,LEFT,False,,
418996,double_dqn,dueling,1024,,,12.0,12.0,0.05,0.001829449087381363,2.1962990760803223,3.2302660942077637,0.27363091707229614,2.2270026206970215,3.180976390838623,0.04394958168268204,0.2002100944519043,0.2936992049217224,10000,10000,1.0,221.7325351892607,221.7325351892607,104000,True,838,418500,0.0,0.0,3,LEFT,greedy,96679,96936,112425,112956,25138,393858,0.05999579948257262,1,209498,2,2,221.7325351892607,110.86626759463034,2,2,110.86626759463034,221.7325351892607,110.86626759463034,221.7325351892607,55.10511932479917,1763.3638183935734,3,LEFT,False,,
419358,double_dqn,dueling,1025,16.0,714,0.0,0.0,0.05,,,,,,,,,,10000,10000,1.0,221.70549906507426,221.70549906507426,104090,False,839,419000,0.0,0.0,1,FIRE,random,96754,97018,112510,113076,25162,394196,0.06000123999065238,1,209679,2,2,221.70549906507426,110.85274953253713,2,2,110.85274953253713,221.70549906507426,110.85274953253713,221.70549906507426,55.09844678225954,1763.1502970323054,1,FIRE,False,,
419363,double_dqn,dueling,1026,11.0,472,0.0,0.0,0.05,,,,,,,,,,10000,10000,1.0,221.70092293141732,221.70092293141732,104092,True,839,419000,0.0,0.0,0,NOOP,greedy,96758,97020,112510,113076,25162,394202,0.06000038153012657,0,209682,2,2,221.70092293141732,110.85046146570866,2,2,110.85046146570866,221.70092293141732,110.85046146570866,221.70092293141732,55.09797564480224,1763.1352206336717,0,NOOP,False,,
419395,double_dqn,dueling,1026,,,0.0,0.0,0.05,0.002005212940275669,2.3988122940063477,3.231527805328369,0.5325586199760437,2.448256492614746,3.2813429832458496,0.04585042595863342,0.21892023086547852,0.41503316164016724,10000,10000,1.0,221.6953489087618,221.6953489087618,104100,True,839,419000,0.0,0.0,2,RIGHT,greedy,96779,97025,112512,113080,25162,394234,0.05999580348882679,0,209698,2,2,221.6953489087618,110.8476744543809,2,2,110.8476744543809,221.6953489087618,110.8476744543809,221.6953489087618,55.096652186060844,1763.092869953947,2,RIGHT,False,,
419396,double_dqn,dueling,1026,,,0.0,0.0,0.05,0.002005212940275669,2.3988122940063477,3.231527805328369,0.5325586199760437,2.448256492614746,3.2813429832458496,0.04585042595863342,0.21892023086547852,0.41503316164016724,10000,10000,1.0,221.6953249430878,221.6953249430878,104100,True,839,419000,0.0,0.0,1,FIRE,greedy,96779,97025,112512,113080,25162,394234,0.05999580348882679,1,209698,2,2,221.6953249430878,110.8476624715439,2,2,110.8476624715439,221.6953249430878,110.8476624715439,221.6953249430878,55.09664623001164,1763.0926793603726,1,FIRE,False,,
419795,double_dqn,dueling,1026,,,5.0,5.0,0.05,0.0026765770744532347,2.149979591369629,3.1229631900787354,0.2224133312702179,2.1457948684692383,3.0177435874938965,0.05150100216269493,0.22609269618988037,0.4461001753807068,10000,10000,1.0,221.66772763197662,221.66772763197662,104200,True,840,419500,0.0,0.0,2,RIGHT,greedy,96859,97149,112585,113203,25178,394618,0.05997675061220212,0,209898,2,2,221.66772763197662,110.83386381598831,2,2,110.83386381598831,221.66772763197662,110.83386381598831,221.66772763197662,55.09055830727333,1762.8978658327464,2,RIGHT,False,,
419796,double_dqn,dueling,1026,,,6.0,6.0,0.05,0.0026765770744532347,2.149979591369629,3.1229631900787354,0.2224133312702179,2.1457948684692383,3.0177435874938965,0.05150100216269493,0.22609269618988037,0.4461001753807068,10000,10000,1.0,221.6677035839898,221.6677035839898,104200,True,840,419500,0.0,0.0,0,NOOP,greedy,96859,97149,112585,113203,25178,394618,0.05997675061220212,1,209898,2,2,221.6677035839898,110.8338517919949,2,2,110.8338517919949,221.6677035839898,110.8338517919949,221.6677035839898,55.0905523306838,1762.8976745818816,0,NOOP,False,,
420195,double_dqn,dueling,1026,,,10.0,10.0,0.05,0.0009165474330075085,2.3408284187316895,3.2730233669281006,1.2379556894302368,2.343489170074463,3.2229883670806885,0.035203706473112106,0.08347201347351074,0.2176866978406906,10000,10000,1.0,221.6766128071941,221.6766128071941,104300,True,841,420000,0.0,0.0,2,RIGHT,random,96933,97292,112672,113299,25197,394999,0.05996487353520738,0,210098,2,2,221.6766128071941,110.83830640359704,2,2,110.83830640359704,221.6766128071941,110.83830640359704,221.6766128071941,55.09353360320749,1762.9930753026397,2,RIGHT,False,,
420196,double_dqn,dueling,1026,,,11.0,11.0,0.05,0.0009165474330075085,2.3408284187316895,3.2730233669281006,1.2379556894302368,2.343489170074463,3.2229883670806885,0.035203706473112106,0.08347201347351074,0.2176866978406906,10000,10000,1.0,221.67658953559646,221.67658953559646,104300,True,841,420000,0.0,0.0,1,FIRE,greedy,96933,97292,112672,113299,25197,394999,0.05996487353520738,1,210098,2,2,221.67658953559646,110.83829476779823,2,2,110.83829476779823,221.67658953559646,110.83829476779823,221.67658953559646,55.09352781949162,1762.9928902237318,1,FIRE,False,,
420595,double_dqn,dueling,1026,,,17.0,14.0,0.05,0.0033493039663881063,2.4704885482788086,3.345701217651367,1.0714541673660278,2.493138551712036,3.3256239891052246,0.06350064277648926,0.20608901977539062,0.17932480573654175,10000,10000,1.0,221.68393942567505,221.68393942567505,104400,True,842,420500,0.0,0.0,3,LEFT,greedy,96972,97506,112745,113373,25213,395383,0.05994588631370722,0,210298,2,2,221.68393942567505,110.84196971283752,2,2,110.84196971283752,221.68393942567505,110.84196971283752,221.68393942567505,55.096118008096305,1763.0757762590817,3,LEFT,False,,
420596,double_dqn,dueling,1026,,,15.0,15.0,0.05,0.0033493039663881063,2.4704885482788086,3.345701217651367,1.0714541673660278,2.493138551712036,3.3256239891052246,0.06350064277648926,0.20608901977539062,0.17932480573654175,10000,10000,1.0,221.68391606317215,221.68391606317215,104400,True,842,420500,0.0,0.0,1,FIRE,greedy,96972,97506,112745,113373,25213,395383,0.05994588631370722,1,210298,2,2,221.68391606317215,110.84195803158607,2,2,110.84195803158607,221.68391606317215,110.84195803158607,221.68391606317215,55.09611220170717,1763.0755904546295,1,FIRE,False,,
420666,double_dqn,dueling,1027,15.0,654,0.0,0.0,0.05,,,,,,,,,,10000,10000,1.0,221.68588193514955,221.68588193514955,104417,False,842,420500,0.0,0.0,1,FIRE,greedy,96979,97561,112751,113375,25217,395449,0.05994541988180647,1,210333,2,2,221.68588193514955,110.84294096757478,2,2,110.84294096757478,221.68588193514955,110.84294096757478,221.68588193514955,55.09608456377547,1763.074706040815,1,FIRE,False,,
420693,double_dqn,dueling,1028,19.0,665,0.0,0.0,0.05,,,,,,,,,,10000,10000,1.0,221.68493063633778,221.68493063633778,104424,False,842,420500,0.0,0.0,1,FIRE,greedy,96989,97572,112755,113378,25217,395477,0.05994143011309883,0,210347,2,2,221.68493063633778,110.84246531816889,2,2,110.84246531816889,221.68493063633778,110.84246531816889,221.68493063633778,55.095901510219214,1763.0688483270148,1,FIRE,False,,
420995,double_dqn,dueling,1028,,,4.0,4.0,0.05,0.001481426414102316,2.32662296295166,3.4238040447235107,0.37471187114715576,2.334684133529663,3.3641273975372314,0.04271184653043747,0.1466737985610962,0.20077259838581085,10000,10000,1.0,221.63822335325742,221.63822335325742,104500,True,842,420500,1.0,1.0,0,NOOP,greedy,97106,97651,112809,113430,25235,395761,0.05994118708966356,0,210498,2,2,221.63822335325742,110.81911167662871,2,2,110.81911167662871,221.63822335325742,110.81911167662871,221.63822335325742,55.08551576814713,1762.7365045807082,0,NOOP,False,,
420996,double_dqn,dueling,1028,,,2.0,2.0,0.05,0.001481426414102316,2.32662296295166,3.4238040447235107,0.37471187114715576,2.334684133529663,3.3641273975372314,0.04271184653043747,0.1466737985610962,0.20077259838581085,10000,10000,1.0,221.63819991134326,221.63819991134326,104500,True,842,420500,0.0,0.0,0,NOOP,greedy,97106,97651,112809,113430,25235,395761,0.05994118708966356,1,210498,2,2,221.63819991134326,110.81909995567163,2,2,110.81909995567163,221.63819991134326,110.81909995567163,221.63819991134326,55.0855099419412,1762.7363181421183,0,NOOP,False,,
421395,double_dqn,dueling,1028,,,7.0,7.0,0.05,0.01926497183740139,2.1678028106689453,3.197410821914673,0.6503677368164062,2.171257495880127,3.208686113357544,0.07915019989013672,1.0425678491592407,1.0375865697860718,10000,10000,1.0,221.61123057025245,221.61123057025245,104600,True,843,421000,0.0,0.0,0,NOOP,greedy,97260,97754,112874,113508,25248,396148,0.05991513920397915,0,210698,2,2,221.61123057025245,110.80561528512622,2,2,110.80561528512622,221.61123057025245,110.80561528512622,221.61123057025245,55.0795631815339,1762.5460218090848,0,NOOP,False,,
421396,double_dqn,dueling,1028,,,6.0,6.0,0.05,0.01926497183740139,2.1678028106689453,3.197410821914673,0.6503677368164062,2.171257495880127,3.208686113357544,0.07915019989013672,1.0425678491592407,1.0375865697860718,10000,10000,1.0,221.6112075898327,221.6112075898327,104600,True,843,421000,0.0,0.0,3,LEFT,greedy,97260,97754,112874,113508,25248,396148,0.05991513920397915,1,210698,2,2,221.6112075898327,110.80560379491635,2,2,110.80560379491635,221.6112075898327,110.80560379491635,221.6112075898327,55.07955746994844,1762.54583903835,3,LEFT,False,,
421667,double_dqn,dueling,1029,10.0,487,0.0,0.0,0.05,,,,,,,,,,10000,10000,1.0,221.62309390117946,221.62309390117946,104668,True,844,421500,0.0,0.0,2,RIGHT,greedy,97363,97802,112932,113571,25262,396406,0.05990969198516368,0,210834,2,2,221.62309390117946,110.81154695058973,2,2,110.81154695058973,221.62309390117946,110.81154695058973,221.62309390117946,55.08302390359079,1762.6567649149054,2,RIGHT,False,,
421722,double_dqn,dueling,1030,9.0,528,0.0,0.0,0.05,,,,,,,,,,10000,10000,1.0,221.622387684054,221.622387684054,104681,False,844,421500,0.0,0.0,3,LEFT,greedy,97375,97813,112946,113588,25263,396459,0.059904391992829396,1,210861,2,2,221.622387684054,110.811193842027,2,2,110.811193842027,221.622387684054,110.811193842027,221.622387684054,55.08230457574116,1762.6337464237172,3,LEFT,False,,
421795,double_dqn,dueling,1030,,,1.0,1.0,0.05,0.0018509686924517155,2.4032793045043945,3.309065103530884,1.2409136295318604,2.417442798614502,3.437687635421753,0.04890294745564461,0.15274465084075928,0.1470515877008438,10000,10000,1.0,221.62621589019471,221.62621589019471,104700,True,844,421500,0.0,0.0,1,FIRE,greedy,97393,97840,112959,113604,25266,396530,0.059900994793691736,0,210898,2,2,221.62621589019471,110.81310794509736,2,2,110.81310794509736,221.62621589019471,110.81310794509736,221.62621589019471,55.08404032861897,1762.689290515807,1,FIRE,False,,
421796,double_dqn,dueling,1030,,,1.0,1.0,0.05,0.0018509686924517155,2.4032793045043945,3.309065103530884,1.2409136295318604,2.417442798614502,3.437687635421753,0.04890294745564461,0.15274465084075928,0.1470515877008438,10000,10000,1.0,221.62619361781148,221.62619361781148,104700,True,844,421500,0.0,0.0,2,RIGHT,greedy,97393,97840,112959,113604,25266,396530,0.059900994793691736,1,210898,2,2,221.62619361781148,110.81309680890574,2,2,110.81309680890574,221.62619361781148,110.81309680890574,221.62619361781148,55.084034792934254,1762.6891133738961,2,RIGHT,False,,
422195,double_dqn,dueling,1030,,,5.0,5.0,0.05,0.003399638459086418,2.205902576446533,3.5446245670318604,0.1493425816297531,2.222001314163208,3.5144033432006836,0.05670849233865738,0.22165226936340332,0.37108874320983887,10000,10000,1.0,221.6200254695835,221.6200254695835,104800,True,845,422000,0.0,0.0,0,NOOP,greedy,97451,97914,113092,113739,25290,396906,0.0599010885939232,0,211098,2,2,221.6200254695835,110.81001273479175,2,2,110.81001273479175,221.6200254695835,110.81001273479175,221.6200254695835,55.083250888944605,1762.6640284462273,0,NOOP,False,,
422196,double_dqn,dueling,1030,,,4.0,4.0,0.05,0.003399638459086418,2.205902576446533,3.5446245670318604,0.1493425816297531,2.222001314163208,3.5144033432006836,0.05670849233865738,0.22165226936340332,0.37108874320983887,10000,10000,1.0,221.62000296494693,221.62000296494693,104800,True,845,422000,0.0,0.0,1,FIRE,greedy,97451,97914,113092,113739,25290,396906,0.0599010885939232,1,211098,2,2,221.62000296494693,110.81000148247347,2,2,110.81000148247347,221.62000296494693,110.81000148247347,221.62000296494693,55.083245295458454,1762.6638494546705,1,FIRE,False,,
422595,double_dqn,dueling,1030,,,10.0,10.0,0.05,0.0016310798237100244,2.4164419174194336,3.30635666847229,1.1430549621582031,2.450669527053833,3.383803606033325,0.04120089113712311,0.20829010009765625,0.2241433560848236,10000,10000,1.0,221.5931079473454,221.5931079473454,104900,True,846,422500,0.0,0.0,3,LEFT,greedy,97535,97996,113203,113862,25311,397285,0.059894083237891506,0,211298,2,2,221.5931079473454,110.7965539736727,2,2,110.7965539736727,221.5931079473454,110.7965539736727,221.5931079473454,55.07730618225898,1762.4737978322873,3,LEFT,False,,
422596,double_dqn,dueling,1030,,,9.0,9.0,0.05,0.0016310798237100244,2.4164419174194336,3.30635666847229,1.1430549621582031,2.450669527053833,3.383803606033325,0.04120089113712311,0.20829010009765625,0.2241433560848236,10000,10000,1.0,221.59308353728903,221.59308353728903,104900,True,846,422500,0.0,0.0,3,LEFT,greedy,97535,97996,113203,113862,25311,397285,0.059894083237891506,1,211298,2,2,221.59308353728903,110.79654176864452,2,2,110.79654176864452,221.59308353728903,110.79654176864452,221.59308353728903,55.077300115102105,1762.4736036832674,3,LEFT,False,,
422615,double_dqn,dueling,1031,10.0,474,0.0,0.0,0.05,,,,,,,,,,10000,10000,1.0,221.5837807376499,221.5837807376499,104905,True,846,422500,0.0,0.0,2,RIGHT,greedy,97535,98002,113211,113868,25312,397304,0.05989361500747724,0,211308,2,2,221.5837807376499,110.79189036882495,2,2,110.79189036882495,221.5837807376499,110.79189036882495,221.5837807376499,55.07502507744434,1762.4008024782188,2,RIGHT,False,,
422636,double_dqn,dueling,1032,9.0,457,0.0,0.0,0.05,,,,,,,,,,10000,10000,1.0,221.5801441098743,221.5801441098743,104910,True,846,422500,0.0,0.0,1,FIRE,greedy,97536,98019,113212,113869,25314,397322,0.05989551292365061,1,211318,2,2,221.5801441098743,110.79007205493716,2,2,110.79007205493716,221.5801441098743,110.79007205493716,221.5801441098743,55.074158365639825,1762.3730677004744,1,FIRE,False,,
422995,double_dqn,dueling,1032,,,4.0,4.0,0.05,0.001594238798134029,2.369515895843506,3.458400011062622,1.3122049570083618,2.3810782432556152,3.454193115234375,0.040547020733356476,0.1423954963684082,0.23254914581775665,10000,10000,1.0,221.55158537807213,221.55158537807213,105000,True,846,422500,0.0,0.0,2,RIGHT,greedy,97622,98109,113281,113984,25330,397666,0.059882362953786794,0,211498,2,2,221.55158537807213,110.77579268903607,2,2,110.77579268903607,221.55158537807213,110.77579268903607,221.55158537807213,55.06772769122826,1762.1672861193042,2,RIGHT,False,,
422996,double_dqn,dueling,1032,,,5.0,5.0,0.05,0.001594238798134029,2.369515895843506,3.458400011062622,1.3122049570083618,2.3810782432556152,3.454193115234375,0.040547020733356476,0.1423954963684082,0.23254914581775665,10000,10000,1.0,221.55156202663102,221.55156202663102,105000,True,846,422500,0.0,0.0,3,LEFT,greedy,97622,98109,113281,113984,25330,397666,0.059882362953786794,1,211498,2,2,221.55156202663102,110.77578101331551,2,2,110.77578101331551,221.55156202663102,110.77578101331551,221.55156202663102,55.06772188711362,1762.1671003876359,3,LEFT,False,,
423395,double_dqn,dueling,1032,,,8.0,8.0,0.05,0.0020976513624191284,2.4297094345092773,3.198631525039673,1.5851702690124512,2.4499258995056152,3.201585531234741,0.04960591346025467,0.19601774215698242,0.13763059675693512,10000,10000,1.0,221.5617672492192,221.5617672492192,105100,True,847,423000,0.0,0.0,1,FIRE,greedy,97730,98254,113334,114078,25349,398047,0.059870664814972274,0,211698,2,2,221.5617672492192,110.7808836246096,2,2,110.7808836246096,221.5617672492192,110.7808836246096,221.5617672492192,55.0709970626433,1762.2719060045856,1,FIRE,False,,
423396,double_dqn,dueling,1032,,,9.0,9.0,0.05,0.0020976513624191284,2.4297094345092773,3.198631525039673,1.5851702690124512,2.4499258995056152,3.201585531234741,0.04960591346025467,0.19601774215698242,0.13763059675693512,10000,10000,1.0,221.5617448837321,221.5617448837321,105100,True,847,423000,0.0,0.0,0,NOOP,greedy,97730,98254,113334,114078,25349,398047,0.059870664814972274,1,211698,2,2,221.5617448837321,110.78087244186605,2,2,110.78087244186605,221.5617448837321,110.78087244186605,221.5617448837321,55.07099150351779,1762.2717281125692,0,NOOP,False,,
423431,double_dqn,dueling,1033,8.0,408,0.0,0.0,0.05,,,,,,,,,,10000,10000,1.0,221.56245302248405,221.56245302248405,105109,True,847,423000,0.0,0.0,1,FIRE,greedy,97746,98265,113335,114086,25350,398082,0.059867936292013826,0,211716,2,2,221.56245302248405,110.78122651124202,2,2,110.78122651124202,221.56245302248405,110.78122651124202,221.56245302248405,55.07123382589858,1762.2794824287546,1,FIRE,False,,
423795,double_dqn,dueling,1033,,,4.0,4.0,0.05,0.006351936142891645,2.283522367477417,3.353797197341919,0.5441280603408813,2.30043888092041,3.262634515762329,0.062287330627441406,0.4584125280380249,0.38368934392929077,10000,10000,1.0,221.5635742814018,221.5635742814018,105200,True,848,423500,0.0,0.0,1,FIRE,greedy,97842,98420,113375,114159,25366,398430,0.059854269507026964,0,211898,2,2,221.5635742814018,110.7817871407009,2,2,110.7817871407009,221.5635742814018,110.7817871407009,221.5635742814018,55.07218143905658,1762.3098060498105,1,FIRE,False,,
423796,double_dqn,dueling,1033,,,18.0,15.0,0.05,0.006351936142891645,2.283522367477417,3.353797197341919,0.5441280603408813,2.30043888092041,3.262634515762329,0.062287330627441406,0.4584125280380249,0.38368934392929077,10000,10000,1.0,221.56355131739608,221.56355131739608,105200,True,848,423500,0.0,0.0,0,NOOP,greedy,97842,98420,113375,114159,25366,398430,0.059854269507026964,1,211898,2,2,221.56355131739608,110.78177565869804,2,2,110.78177565869804,221.56355131739608,110.78177565869804,221.56355131739608,55.07217573108813,1762.3096233948202,0,NOOP,False,,
424195,double_dqn,dueling,1033,,,8.0,8.0,0.05,0.0012588866520673037,2.3732004165649414,3.2832822799682617,0.6418946385383606,2.413832187652588,3.2838921546936035,0.03877226263284683,0.12177276611328125,0.31036797165870667,10000,10000,1.0,221.55412428255931,221.55412428255931,105300,True,849,424000,0.0,0.0,3,LEFT,greedy,97927,98598,113419,114252,25392,398804,0.059859121726748954,0,212098,2,2,221.55412428255931,110.77706214127966,2,2,110.77706214127966,221.55412428255931,110.77706214127966,221.55412428255931,55.070564348840016,1762.2580591628805,3,LEFT,False,,
424196,double_dqn,dueling,1033,,,22.0,19.0,0.05,0.0012588866520673037,2.3732004165649414,3.2832822799682617,0.6418946385383606,2.413832187652588,3.2838921546936035,0.03877226263284683,0.12177276611328125,0.31036797165870667,10000,10000,1.0,221.5540997388606,221.5540997388606,105300,True,849,424000,0.0,0.0,0,NOOP,greedy,97927,98598,113419,114252,25392,398804,0.059859121726748954,1,212098,2,2,221.5540997388606,110.7770498694303,2,2,110.7770498694303,221.5540997388606,110.7770498694303,221.5540997388606,55.0705582481396,1762.2578639404671,0,NOOP,False,,
424222,double_dqn,dueling,1034,22.0,793,0.0,0.0,0.05,,,,,,,,,,10000,10000,1.0,221.54977515424022,221.54977515424022,105306,False,849,424000,0.0,0.0,1,FIRE,greedy,97936,98609,113422,114255,25397,398825,0.059867239322807395,1,212111,2,2,221.54977515424022,110.77488757712011,2,2,110.77488757712011,221.54977515424022,110.77488757712011,221.54977515424022,55.06889493321379,1762.2046378628413,1,FIRE,False,,
424461,double_dqn,dueling,1035,11.0,515,0.0,0.0,0.05,,,,,,,,,,10000,10000,1.0,221.53477403741405,221.53477403741405,105366,False,849,424000,0.0,0.0,1,FIRE,greedy,97978,98697,113467,114320,25407,399055,0.059856948325173985,0,212231,2,2,221.53477403741405,110.76738701870703,2,2,110.76738701870703,221.53477403741405,110.76738701870703,221.53477403741405,55.065604407449534,1762.099341038385,1,FIRE,False,,
424595,double_dqn,dueling,1035,,,1.0,1.0,0.05,0.005524091422557831,2.4866957664489746,3.4803333282470703,0.8812897205352783,2.5392098426818848,3.42695689201355,0.07234615087509155,0.3069639205932617,0.8070130944252014,10000,10000,1.0,221.5387554716064,221.5387554716064,105400,True,850,424500,0.0,0.0,2,RIGHT,greedy,98007,98771,113478,114340,25417,399179,0.05986160962420748,0,212298,2,2,221.5387554716064,110.7693777358032,2,2,110.7693777358032,221.5387554716064,110.7693777358032,221.5387554716064,55.06747261513578,1762.1591236843449,2,RIGHT,False,,
424596,double_dqn,dueling,1035,,,4.0,4.0,0.05,0.005524091422557831,2.4866957664489746,3.4803333282470703,0.8812897205352783,2.5392098426818848,3.42695689201355,0.07234615087509155,0.3069639205932617,0.8070130944252014,10000,10000,1.0,221.53872089596894,221.53872089596894,105400,True,850,424500,0.0,0.0,1,FIRE,greedy,98007,98771,113478,114340,25417,399179,0.05986160962420748,1,212298,2,2,221.53872089596894,110.76936044798447,2,2,110.76936044798447,221.53872089596894,110.76936044798447,221.53872089596894,55.06746402073448,1762.1588486635032,1,FIRE,False,,
424995,double_dqn,dueling,1035,,,5.0,5.0,0.05,0.0019550847355276346,2.280442953109741,3.416210412979126,1.3756823539733887,2.321645736694336,3.4291067123413086,0.049378860741853714,0.14732670783996582,0.4331672191619873,10000,10000,1.0,221.52012221171896,221.52012221171896,105500,True,850,424500,0.0,0.0,3,LEFT,greedy,98155,98893,113523,114425,25430,399566,0.05983585727865674,0,212498,2,2,221.52012221171896,110.76006110585948,2,2,110.76006110585948,221.52012221171896,110.76006110585948,221.52012221171896,55.06356600200898,1762.0341120642875,3,LEFT,False,,
424996,double_dqn,dueling,1035,,,8.0,8.0,0.05,0.0019550847355276346,2.280442953109741,3.416210412979126,1.3756823539733887,2.321645736694336,3.4291067123413086,0.049378860741853714,0.14732670783996582,0.4331672191619873,10000,10000,1.0,221.52010019929125,221.52010019929125,105500,True,850,424500,0.0,0.0,3,LEFT,random,98155,98893,113523,114425,25430,399566,0.05983585727865674,1,212498,2,2,221.52010019929125,110.76005009964562,2,2,110.76005009964562,221.52010019929125,110.76005009964562,221.52010019929125,55.06356053034909,1762.033936971171,3,LEFT,False,,
425395,double_dqn,dueling,1035,,,9.0,9.0,0.05,0.004783092066645622,2.2118043899536133,3.207181930541992,0.16468924283981323,2.286975145339966,3.432882785797119,0.06450646370649338,0.3617253303527832,0.814323365688324,10000,10000,1.0,221.545509489931,221.545509489931,105600,True,851,425000,0.0,0.0,2,RIGHT,greedy,98219,99000,113597,114580,25450,399946,0.05982660861879284,0,212698,2,2,221.545509489931,110.7727547449655,2,2,110.7727547449655,221.545509489931,110.7727547449655,221.545509489931,55.07059835031301,1762.2591472100164,2,RIGHT,False,,
425396,double_dqn,dueling,1035,,,14.0,14.0,0.05,0.004783092066645622,2.2118043899536133,3.207181930541992,0.16468924283981323,2.286975145339966,3.432882785797119,0.06450646370649338,0.3617253303527832,0.814323365688324,10000,10000,1.0,221.54548662718227,221.54548662718227,105600,True,851,425000,0.0,0.0,2,RIGHT,greedy,98219,99000,113597,114580,25450,399946,0.05982660861879284,1,212698,2,2,221.54548662718227,110.77274331359114,2,2,110.77274331359114,221.54548662718227,110.77274331359114,221.54548662718227,55.07059266721316,1762.2589653508212,2,RIGHT,False,,
425408,double_dqn,dueling,1036,14.0,593,0.0,0.0,0.05,,,,,,,,,,10000,10000,1.0,221.544809090474,221.544809090474,105603,True,851,425000,0.0,0.0,3,LEFT,greedy,98220,99002,113600,114586,25450,399958,0.05982492101700015,1,212704,2,2,221.544809090474,110.772404545237,2,2,110.772404545237,221.544809090474,110.772404545237,221.544809090474,55.07044585174477,1762.2542672558327,3,LEFT,False,,
425795,double_dqn,dueling,1036,,,14.0,14.0,0.05,0.0032396011520177126,2.0903139114379883,3.0401906967163086,-0.1907397359609604,2.1262264251708984,2.9998722076416016,0.04884006828069687,0.33076441287994385,0.3742270767688751,10000,10000,1.0,221.5627723274072,221.5627723274072,105700,True,852,425500,0.0,0.0,1,FIRE,greedy,98308,99136,113672,114680,25471,400325,0.05981972587812004,0,212898,2,2,221.5627723274072,110.7813861637036,2,2,110.7813861637036,221.5627723274072,110.7813861637036,221.5627723274072,55.07560802256802,1762.4194567221766,1,FIRE,False,,
425796,double_dqn,dueling,1036,,,8.0,5.0,0.05,0.0032396011520177126,2.0903139114379883,3.0401906967163086,-0.1907397359609604,2.1262264251708984,2.9998722076416016,0.04884006828069687,0.33076441287994385,0.3742270767688751,10000,10000,1.0,221.56274962482323,221.56274962482323,105700,True,852,425500,0.0,0.0,1,FIRE,greedy,98308,99136,113672,114680,25471,400325,0.05981972587812004,1,212898,2,2,221.56274962482323,110.78137481241161,2,2,110.78137481241161,221.56274962482323,110.78137481241161,221.56274962482323,55.07560237920743,1762.4192761346378,1,FIRE,False,,
425949,double_dqn,dueling,1037,16.0,744,0.0,0.0,0.05,,,,,,,,,,10000,10000,1.0,221.52818222634764,221.52818222634764,105738,False,852,425500,0.0,0.0,1,FIRE,greedy,98341,99205,113696,114708,25483,400467,0.05982627068904801,0,212975,2,2,221.52818222634764,110.76409111317382,2,2,110.76409111317382,221.52818222634764,110.76409111317382,221.52818222634764,55.066655902436864,1762.1329888779796,1,FIRE,False,,
426195,double_dqn,dueling,1037,,,3.0,3.0,0.05,0.005047059152275324,2.3533101081848145,3.2657229900360107,-0.21053098142147064,2.3826487064361572,3.3434112071990967,0.056410957127809525,0.44353318214416504,0.4629893898963928,10000,10000,1.0,221.49487793194385,221.49487793194385,105800,True,853,426000,0.0,0.0,1,FIRE,greedy,98385,99319,113725,114767,25498,400698,0.059826934086664355,0,213098,2,2,221.49487793194385,110.74743896597192,2,2,110.74743896597192,221.49487793194385,110.74743896597192,221.49487793194385,55.059446063141095,1761.902274020515,1,FIRE,False,,
426196,double_dqn,dueling,1037,,,12.0,9.0,0.05,0.005047059152275324,2.3533101081848145,3.2657229900360107,-0.21053098142147064,2.3826487064361572,3.3434112071990967,0.056410957127809525,0.44353318214416504,0.4629893898963928,10000,10000,1.0,221.49485509990234,221.49485509990234,105800,True,853,426000,0.0,0.0,3,LEFT,greedy,98385,99319,113725,114767,25498,400698,0.059826934086664355,1,213098,2,2,221.49485509990234,110.74742754995117,2,2,110.74742754995117,221.49485509990234,110.74742754995117,221.49485509990234,55.059440387526514,1761.9020924008485,3,LEFT,False,,
426554,double_dqn,dueling,1038,17.0,573,0.0,0.0,0.05,,,,,,,,,,10000,10000,1.0,221.44060975214134,221.44060975214134,105889,False,854,426500,0.0,0.0,1,FIRE,greedy,98459,99429,113787,114879,25518,401036,0.05982360967192899,1,213277,2,2,221.44060975214134,110.72030487607067,2,2,110.72030487607067,221.44060975214134,110.72030487607067,221.44060975214134,55.045965997949516,1761.4709119343845,1,FIRE,False,,
426595,double_dqn,dueling,1038,,,7.0,7.0,0.05,0.002540450543165207,2.5396413803100586,3.315870523452759,0.1313110738992691,2.516360282897949,3.3880016803741455,0.05813782289624214,0.16987740993499756,0.6552032828330994,10000,10000,1.0,221.43528536344363,221.43528536344363,105900,True,854,426500,0.0,0.0,0,NOOP,greedy,98473,99441,113796,114886,25520,401076,0.0598224080863393,0,213298,2,2,221.43528536344363,110.71764268172181,2,2,110.71764268172181,221.43528536344363,110.71764268172181,221.43528536344363,55.04534413106646,1761.4510121941266,0,NOOP,False,,
426596,double_dqn,dueling,1038,,,0.0,0.0,0.05,0.002540450543165207,2.5396413803100586,3.315870523452759,0.1313110738992691,2.516360282897949,3.3880016803741455,0.05813782289624214,0.16987740993499756,0.6552032828330994,10000,10000,1.0,221.4352629285037,221.4352629285037,105900,True,854,426500,0.0,0.0,2,RIGHT,greedy,98473,99441,113796,114886,25520,401076,0.0598224080863393,1,213298,2,2,221.4352629285037,110.71763146425185,2,2,110.71763146425185,221.4352629285037,110.71763146425185,221.4352629285037,55.045338554091735,1761.4508337309355,2,RIGHT,False,,
426797,double_dqn,dueling,1039,9.0,424,0.0,0.0,0.05,,,,,,,,,,10000,10000,1.0,221.4237082828947,221.4237082828947,105950,False,854,426500,0.0,0.0,0,NOOP,greedy,98550,99471,113843,114934,25528,401270,0.05981283886053824,0,213399,2,2,221.4237082828947,110.71185414144735,2,2,110.71185414144735,221.4237082828947,110.71185414144735,221.4237082828947,55.04219818846898,1761.3503420310074,0,NOOP,False,,
426995,double_dqn,dueling,1039,,,2.0,2.0,0.05,0.0013187658041715622,2.384355068206787,3.2969398498535156,1.4045805931091309,2.4353740215301514,3.331373929977417,0.04143517464399338,0.13657236099243164,0.44873327016830444,10000,10000,1.0,221.4110201824349,221.4110201824349,106000,True,854,426500,0.0,0.0,0,NOOP,greedy,98616,99520,113877,114983,25537,401459,0.0598061808541532,0,213498,2,2,221.4110201824349,110.70551009121745,2,2,110.70551009121745,221.4110201824349,110.70551009121745,221.4110201824349,55.04002054852626,1761.2806575528402,0,NOOP,False,,
426996,double_dqn,dueling,1039,,,4.0,4.0,0.05,0.0013187658041715622,2.384355068206787,3.2969398498535156,1.4045805931091309,2.4353740215301514,3.331373929977417,0.04143517464399338,0.13657236099243164,0.44873327016830444,10000,10000,1.0,221.41099857869239,221.41099857869239,106000,True,854,426500,0.0,0.0,1,FIRE,greedy,98616,99520,113877,114983,25537,401459,0.0598061808541532,1,213498,2,2,221.41099857869239,110.70549928934619,2,2,110.70549928934619,221.41099857869239,110.70549928934619,221.41099857869239,55.04001517810508,1761.2804856993625,1,FIRE,False,,
427395,double_dqn,dueling,1039,,,7.0,7.0,0.05,0.003279100637882948,2.404093027114868,3.2746264934539795,1.0958092212677002,2.4201831817626953,3.2827932834625244,0.06179691478610039,0.2591593265533447,0.16025438904762268,10000,10000,1.0,221.26517890884313,221.26517890884313,106100,True,855,427000,0.0,0.0,3,LEFT,greedy,98669,99575,114005,115147,25556,401840,0.05979466349708467,0,213698,2,2,221.26517890884313,110.63258945442156,2,2,110.63258945442156,221.26517890884313,110.63258945442156,221.26517890884313,55.004470927760906,1760.143069688349,3,LEFT,False,,
427396,double_dqn,dueling,1039,,,12.0,9.0,0.05,0.003279100637882948,2.404093027114868,3.2746264934539795,1.0958092212677002,2.4201831817626953,3.2827932834625244,0.06179691478610039,0.2591593265533447,0.16025438904762268,10000,10000,1.0,221.26515401518301,221.26515401518301,106100,True,855,427000,0.0,0.0,3,LEFT,greedy,98669,99575,114005,115147,25556,401840,0.05979466349708467,1,213698,2,2,221.26515401518301,110.63257700759151,2,2,110.63257700759151,221.26515401518301,110.63257700759151,221.26515401518301,55.00446473942792,1760.1428716616933,3,LEFT,False,,
427730,double_dqn,dueling,1040,19.0,588,0.0,0.0,0.05,,,,,,,,,,10000,10000,1.0,221.23535139705447,221.23535139705447,106183,False,856,427500,0.0,0.0,2,RIGHT,greedy,98747,99632,114106,115245,25572,402158,0.05978537862670376,1,213865,2,2,221.23535139705447,110.61767569852724,2,2,110.61767569852724,221.23535139705447,110.61767569852724,221.23535139705447,54.997019610784115,1759.9046275450917,2,RIGHT,False,,
427795,double_dqn,dueling,1040,,,11.0,11.0,0.05,0.005005682818591595,2.351175308227539,3.2261834144592285,0.9726736545562744,2.4066836833953857,3.2416205406188965,0.06656689941883087,0.36688971519470215,0.602555513381958,10000,10000,1.0,221.23929357192125,221.23929357192125,106200,True,856,427500,0.0,0.0,2,RIGHT,greedy,98759,99654,114120,115263,25575,402221,0.059783167678052154,0,213898,2,2,221.23929357192125,110.61964678596063,2,2,110.61964678596063,221.23929357192125,110.61964678596063,221.23929357192125,54.99873752269651,1759.9596007262883,2,RIGHT,False,,
427796,double_dqn,dueling,1040,,,1.0,1.0,0.05,0.005005682818591595,2.351175308227539,3.2261834144592285,0.9726736545562744,2.4066836833953857,3.2416205406188965,0.06656689941883087,0.36688971519470215,0.602555513381958,10000,10000,1.0,221.2392706121152,221.2392706121152,106200,True,856,427500,0.0,0.0,2,RIGHT,greedy,98759,99654,114120,115263,25575,402221,0.059783167678052154,1,213898,2,2,221.2392706121152,110.6196353060576,2,2,110.6196353060576,221.2392706121152,110.6196353060576,221.2392706121152,54.99873181502891,1759.9594180809252,2,RIGHT,False,,
428075,double_dqn,dueling,1041,14.0,639,0.0,0.0,0.05,,,,,,,,,,10000,10000,1.0,221.16819155175952,221.16819155175952,106270,True,857,428000,0.0,0.0,3,LEFT,greedy,98871,99687,114180,115338,25587,402489,0.05977209654360441,0,214038,2,2,221.16819155175952,110.58409577587976,2,2,110.58409577587976,221.16819155175952,110.58409577587976,221.16819155175952,54.98155097713809,1759.409631268419,3,LEFT,False,,
428195,double_dqn,dueling,1041,,,1.0,1.0,0.05,0.0021017054095864296,2.425881862640381,3.467921733856201,1.5151633024215698,2.478259801864624,3.564493179321289,0.053712356835603714,0.15516459941864014,0.31263676285743713,10000,10000,1.0,221.1582155956518,221.1582155956518,106300,True,857,428000,0.0,0.0,1,FIRE,greedy,98899,99711,114208,115378,25594,402602,0.05977169333669628,0,214098,2,2,221.1582155956518,110.5791077978259,2,2,110.5791077978259,221.1582155956518,110.5791077978259,221.1582155956518,54.97928007739668,1759.3369624766938,1,FIRE,False,,
428196,double_dqn,dueling,1041,,,7.0,7.0,0.05,0.0021017054095864296,2.425881862640381,3.467921733856201,1.5151633024215698,2.478259801864624,3.564493179321289,0.053712356835603714,0.15516459941864014,0.31263676285743713,10000,10000,1.0,221.1581809839526,221.1581809839526,106300,True,857,428000,0.0,0.0,0,NOOP,greedy,98899,99711,114208,115378,25594,402602,0.05977169333669628,1,214098,2,2,221.1581809839526,110.5790904919763,2,2,110.5790904919763,221.1581809839526,110.5790904919763,221.1581809839526,54.97927147303035,1759.3366871369712,0,NOOP,False,,
428595,double_dqn,dueling,1041,,,7.0,7.0,0.05,0.0023729465901851654,2.3871517181396484,3.5618743896484375,0.8268157243728638,2.4544548988342285,3.512403964996338,0.05380944162607193,0.20673537254333496,0.47098425030708313,10000,10000,1.0,221.1489067362199,221.1489067362199,106400,True,858,428500,0.0,0.0,3,LEFT,greedy,99030,99799,114278,115489,25609,402987,0.059750907614630096,0,214298,2,2,221.1489067362199,110.57445336810996,2,2,110.57445336810996,221.1489067362199,110.57445336810996,221.1489067362199,54.97766081088842,1759.2851459484295,3,LEFT,False,,
428596,double_dqn,dueling,1041,,,11.0,11.0,0.05,0.0023729465901851654,2.3871517181396484,3.5618743896484375,0.8268157243728638,2.4544548988342285,3.512403964996338,0.05380944162607193,0.20673537254333496,0.47098425030708313,10000,10000,1.0,221.1488836240895,221.1488836240895,106400,True,858,428500,0.0,0.0,3,LEFT,greedy,99030,99799,114278,115489,25609,402987,0.059750907614630096,1,214298,2,2,221.1488836240895,110.57444181204475,2,2,110.57444181204475,221.1488836240895,110.57444181204475,221.1488836240895,54.977655065208346,1759.284962086667,3,LEFT,False,,
428995,double_dqn,dueling,1041,,,11.0,11.0,0.05,0.0017921281978487968,2.3403995037078857,3.4292056560516357,1.1779462099075317,2.3660225868225098,3.3902475833892822,0.04281062260270119,0.15296399593353271,0.1432589739561081,10000,10000,1.0,221.15559162796953,221.15559162796953,106500,True,858,428500,0.0,0.0,2,RIGHT,greedy,99120,99890,114346,115640,25629,403367,0.05974181577450605,0,214498,2,2,221.15559162796953,110.57779581398476,2,2,110.57779581398476,221.15559162796953,110.57779581398476,221.15559162796953,54.98001447994936,1759.3604633583795,2,RIGHT,False,,
428996,double_dqn,dueling,1041,,,20.0,17.0,0.05,0.0017921281978487968,2.3403995037078857,3.4292056560516357,1.1779462099075317,2.3660225868225098,3.3902475833892822,0.04281062260270119,0.15296399593353271,0.1432589739561081,10000,10000,1.0,221.15556916717355,221.15556916717355,106500,True,858,428500,0.0,0.0,3,LEFT,greedy,99120,99890,114346,115640,25629,403367,0.05974181577450605,1,214498,2,2,221.15556916717355,110.57778458358678,2,2,110.57778458358678,221.15556916717355,110.57778458358678,221.15556916717355,54.98000889612089,1759.3602846758686,3,LEFT,False,,
429395,double_dqn,dueling,1041,,,20.0,17.0,0.05,0.0029156189411878586,2.358774185180664,3.483036756515503,0.9697996973991394,2.3935461044311523,3.4460062980651855,0.052241671830415726,0.29397058486938477,0.3784198462963104,10000,10000,1.0,221.0859562736311,221.0859562736311,106600,True,859,429000,0.0,0.0,0,NOOP,greedy,99226,100012,114421,115737,25652,403744,0.059739727431089254,0,214698,2,2,221.0859562736311,110.54297813681555,2,2,110.54297813681555,221.0859562736311,110.54297813681555,221.0859562736311,54.96339140141181,1758.828524845178,0,NOOP,False,,
429396,double_dqn,dueling,1041,,,30.0,21.0,0.05,0.0029156189411878586,2.358774185180664,3.483036756515503,0.9697996973991394,2.3935461044311523,3.4460062980651855,0.052241671830415726,0.29397058486938477,0.3784198462963104,10000,10000,1.0,221.0859351303717,221.0859351303717,106600,True,859,429000,0.0,0.0,1,FIRE,greedy,99226,100012,114421,115737,25652,403744,0.059739727431089254,1,214698,2,2,221.0859351303717,110.54296756518585,2,2,110.54296756518585,221.0859351303717,110.54296756518585,221.0859351303717,54.96338614506147,1758.828356641967,1,FIRE,False,,
429462,double_dqn,dueling,1042,30.0,866,0.0,0.0,0.05,,,,,,,,,,10000,10000,1.0,221.08169522652977,221.08169522652977,106616,False,859,429000,0.0,0.0,1,FIRE,greedy,99244,100033,114429,115756,25655,403807,0.05973753207501479,1,214731,2,2,221.08169522652977,110.54084761326489,2,2,110.54084761326489,221.08169522652977,110.54084761326489,221.08169522652977,54.961829426461456,1758.7785416467666,1,FIRE,False,,
429787,double_dqn,dueling,1043,31.0,856,0.0,0.0,0.05,,,,,,,,,,10000,10000,1.0,221.06448687532162,221.06448687532162,106698,True,860,429500,0.0,0.0,1,FIRE,greedy,99322,100117,114514,115835,25677,404111,0.059743408378084076,0,214894,2,2,221.06448687532162,110.53224343766081,2,2,110.53224343766081,221.06448687532162,110.53224343766081,221.06448687532162,54.95872566504022,1758.679221281287,1,FIRE,False,,
429795,double_dqn,dueling,1043,,,0.0,0.0,0.05,0.002652773167937994,2.3565726280212402,3.308450937271118,-0.33711591362953186,2.3639256954193115,3.321640729904175,0.04950296878814697,0.2875041365623474,0.2516534924507141,10000,10000,1.0,221.05997294324396,221.05997294324396,106700,True,860,429500,0.0,0.0,1,FIRE,greedy,99323,100120,114518,115835,25677,404119,0.05974229634524286,0,214898,2,2,221.05997294324396,110.52998647162198,2,2,110.52998647162198,221.05997294324396,110.52998647162198,221.05997294324396,54.95761713603229,1758.6437483530333,1,FIRE,False,,
429796,double_dqn,dueling,1043,,,4.0,4.0,0.05,0.002652773167937994,2.3565726280212402,3.308450937271118,-0.33711591362953186,2.3639256954193115,3.321640729904175,0.04950296878814697,0.2875041365623474,0.2516534924507141,10000,10000,1.0,221.05994731307933,221.05994731307933,106700,True,860,429500,0.0,0.0,2,RIGHT,greedy,99323,100120,114518,115835,25677,404119,0.05974229634524286,1,214898,2,2,221.05994731307933,110.52997365653967,2,2,110.52997365653967,221.05994731307933,110.52997365653967,221.05994731307933,54.95761076412897,1758.6435444521271,2,RIGHT,False,,
430195,double_dqn,dueling,1043,,,4.0,4.0,0.05,0.016662821173667908,2.486776828765869,3.3663015365600586,0.8169571757316589,2.510571002960205,3.388592481613159,0.09549647569656372,0.8138988018035889,1.076728343963623,10000,10000,1.0,221.05299398914374,221.05299398914374,106800,True,861,430000,0.0,0.0,1,FIRE,greedy,99376,100243,114631,115946,25703,404493,0.05974718500404467,0,215098,2,2,221.05299398914374,110.52649699457187,2,2,110.52649699457187,221.05299398914374,110.52649699457187,221.05299398914374,54.95656439499018,1758.6100606396858,1,FIRE,False,,
430196,double_dqn,dueling,1043,,,7.0,7.0,0.05,0.016662821173667908,2.486776828765869,3.3663015365600586,0.8169571757316589,2.510571002960205,3.388592481613159,0.09549647569656372,0.8138988018035889,1.076728343963623,10000,10000,1.0,221.05297107501025,221.05297107501025,106800,True,861,430000,1.0,1.0,1,FIRE,random,99376,100243,114631,115946,25703,404493,0.05974718500404467,1,215098,2,2,221.05297107501025,110.52648553750512,2,2,110.52648553750512,221.05297107501025,110.52648553750512,221.05297107501025,54.95655869824738,1758.609878343916,1,FIRE,False,,
430264,double_dqn,dueling,1044,7.0,401,0.0,0.0,0.05,,,,,,,,,,10000,10000,1.0,221.05384213255365,221.05384213255365,106817,True,861,430000,0.0,0.0,2,RIGHT,greedy,99385,100253,114660,115966,25707,404557,0.0597470390272019,1,215132,2,2,221.05384213255365,110.52692106627683,2,2,110.52692106627683,221.05384213255365,110.52692106627683,221.05384213255365,54.95689094335267,1758.6205101872854,2,RIGHT,False,,
430595,double_dqn,dueling,1044,,,8.0,8.0,0.05,0.0015743235126137733,2.5062336921691895,3.394896984100342,-0.01745588146150112,2.509273052215576,3.3517863750457764,0.04373680800199509,0.15508508682250977,0.34628409147262573,10000,10000,1.0,221.04828155596329,221.04828155596329,106900,True,862,430500,0.0,0.0,0,NOOP,random,99462,100345,114732,116057,25728,404868,0.05974974221776329,0,215298,2,2,221.04828155596329,110.52414077798164,2,2,110.52414077798164,221.04828155596329,110.52414077798164,221.04828155596329,54.95607208122659,1758.5943065992508,0,NOOP,False,,
430596,double_dqn,dueling,1044,,,3.0,3.0,0.05,0.0015743235126137733,2.5062336921691895,3.394896984100342,-0.01745588146150112,2.509273052215576,3.3517863750457764,0.04373680800199509,0.15508508682250977,0.34628409147262573,10000,10000,1.0,221.04825969461066,221.04825969461066,106900,True,862,430500,0.0,0.0,1,FIRE,greedy,99462,100345,114732,116057,25728,404868,0.05974974221776329,1,215298,2,2,221.04825969461066,110.52412984730533,2,2,110.52412984730533,221.04825969461066,110.52412984730533,221.04825969461066,54.956066646151214,1758.5941326768389,1,FIRE,False,,
430629,double_dqn,dueling,1045,8.0,421,0.0,0.0,0.05,,,,,,,,,,10000,10000,1.0,221.0448533058378,221.0448533058378,106908,False,862,430500,0.0,0.0,1,FIRE,greedy,99469,100357,114742,116062,25729,404901,0.059747346910340664,0,215315,2,2,221.0448533058378,110.5224266529189,2,2,110.5224266529189,221.0448533058378,110.5224266529189,221.0448533058378,54.954665489704134,1758.5492956705323,1,FIRE,False,,
430995,double_dqn,dueling,1045,,,3.0,3.0,0.05,0.0040940335020422935,2.2302136421203613,3.403376579284668,0.7012796401977539,2.2259769439697266,3.3069887161254883,0.06317964941263199,0.30824148654937744,0.44396963715553284,10000,10000,1.0,220.98483623313012,220.98483623313012,107000,True,862,430500,0.0,0.0,1,FIRE,random,99579,100456,114800,116161,25746,405250,0.0597360532348328,0,215498,2,2,220.98483623313012,110.49241811656506,2,2,110.49241811656506,220.98483623313012,110.49241811656506,220.98483623313012,54.94097463841534,1758.111188429291,1,FIRE,False,,
430996,double_dqn,dueling,1045,,,7.0,7.0,0.05,0.0040940335020422935,2.2302136421203613,3.403376579284668,0.7012796401977539,2.2259769439697266,3.3069887161254883,0.06317964941263199,0.30824148654937744,0.44396963715553284,10000,10000,1.0,220.98481537691683,220.98481537691683,107000,True,862,430500,0.0,0.0,3,LEFT,greedy,99579,100456,114800,116161,25746,405250,0.0597360532348328,1,215498,2,2,220.98481537691683,110.49240768845841,2,2,110.49240768845841,220.98481537691683,110.49240768845841,220.98481537691683,54.94096945316957,1758.1110225014263,3,LEFT,False,,
431330,double_dqn,dueling,1046,11.0,533,0.0,0.0,0.05,,,,,,,,,,10000,10000,1.0,220.95718370008203,220.95718370008203,107083,False,863,431000,0.0,0.0,1,FIRE,greedy,99647,100551,114870,116262,25762,405568,0.05972689124336355,1,215665,2,2,220.95718370008203,110.47859185004101,2,2,110.47859185004101,220.95718370008203,110.47859185004101,220.95718370008203,54.93405258681464,1757.8896827780684,1,FIRE,False,,
431395,double_dqn,dueling,1046,,,8.0,8.0,0.05,0.013756848871707916,2.3549201488494873,3.534487724304199,-0.09060291945934296,2.3129334449768066,3.550464630126953,0.08727041631937027,0.6727347373962402,0.959269642829895,10000,10000,1.0,220.9573114649941,220.9573114649941,107100,True,863,431000,0.0,0.0,3,LEFT,greedy,99662,100574,114877,116283,25764,405632,0.05972238963736335,0,215698,2,2,220.9573114649941,110.47865573249705,2,2,110.47865573249705,220.9573114649941,110.47865573249705,220.9573114649941,54.934804459633995,1757.9137427082878,3,LEFT,False,,
431396,double_dqn,dueling,1046,,,1.0,1.0,0.05,0.013756848871707916,2.3549201488494873,3.534487724304199,-0.09060291945934296,2.3129334449768066,3.550464630126953,0.08727041631937027,0.6727347373962402,0.959269642829895,10000,10000,1.0,220.9572907406682,220.9572907406682,107100,True,863,431000,0.0,0.0,2,RIGHT,greedy,99662,100574,114877,116283,25764,405632,0.05972238963736335,1,215698,2,2,220.9572907406682,110.4786453703341,2,2,110.4786453703341,220.9572907406682,110.4786453703341,220.9572907406682,54.9347993071148,1757.9135778276736,2,RIGHT,False,,
431667,double_dqn,dueling,1047,11.0,519,0.0,0.0,0.05,,,,,,,,,,10000,10000,1.0,220.95066273403387,220.95066273403387,107168,True,864,431500,0.0,0.0,2,RIGHT,greedy,99748,100621,114935,116364,25777,405891,0.0597148734675723,0,215834,2,2,220.95066273403387,110.47533136701693,2,2,110.47533136701693,220.95066273403387,110.47533136701693,220.95066273403387,54.93360737008228,1757.875435842633,2,RIGHT,False,,
431795,double_dqn,dueling,1047,,,1.0,1.0,0.05,0.002812671009451151,2.3618357181549072,3.2275912761688232,0.5393605828285217,2.3828155994415283,3.200545310974121,0.04992910474538803,0.29004085063934326,0.31340476870536804,10000,10000,1.0,220.95196508547062,220.95196508547062,107200,True,864,431500,0.0,0.0,2,RIGHT,greedy,99791,100668,114949,116388,25781,406015,0.059706435446368195,0,215898,2,2,220.95196508547062,110.47598254273531,2,2,110.47598254273531,220.95196508547062,110.47598254273531,220.95196508547062,54.93414525016055,1757.8926480051375,2,RIGHT,False,,
431796,double_dqn,dueling,1047,,,6.0,6.0,0.05,0.002812671009451151,2.3618357181549072,3.2275912761688232,0.5393605828285217,2.3828155994415283,3.200545310974121,0.04992910474538803,0.29004085063934326,0.31340476870536804,10000,10000,1.0,220.95194279648354,220.95194279648354,107200,True,864,431500,0.0,0.0,3,LEFT,greedy,99791,100668,114949,116388,25781,406015,0.059706435446368195,1,215898,2,2,220.95194279648354,110.47597139824177,2,2,110.47597139824177,220.95194279648354,110.47597139824177,220.95194279648354,54.93413970856487,1757.8924706740759,3,LEFT,False,,
432195,double_dqn,dueling,1047,,,6.0,6.0,0.05,0.0026799081824719906,2.4999923706054688,3.385420322418213,1.794667363166809,2.483107566833496,3.360252857208252,0.048019856214523315,0.3151576519012451,0.5583797693252563,10000,10000,1.0,220.95919655038827,220.95919655038827,107300,True,865,432000,0.0,0.0,3,LEFT,greedy,99899,100775,115039,116483,25798,406398,0.05969051078677267,0,216098,2,2,220.95919655038827,110.47959827519414,2,2,110.47959827519414,220.95919655038827,110.47959827519414,220.95919655038827,54.93661026880962,1757.971528601908,3,LEFT,False,,
432196,double_dqn,dueling,1047,,,10.0,10.0,0.05,0.0026799081824719906,2.4999923706054688,3.385420322418213,1.794667363166809,2.483107566833496,3.360252857208252,0.048019856214523315,0.3151576519012451,0.5583797693252563,10000,10000,1.0,220.95917516638815,220.95917516638815,107300,True,865,432000,0.0,0.0,2,RIGHT,greedy,99899,100775,115039,116483,25798,406398,0.05969051078677267,1,216098,2,2,220.95917516638815,110.47958758319407,2,2,110.47958758319407,220.95917516638815,110.47958758319407,220.95917516638815,54.936604952151626,1757.971358468852,2,RIGHT,False,,
432595,double_dqn,dueling,1047,,,10.0,10.0,0.05,0.002962566912174225,2.453613519668579,3.403066873550415,0.9038345217704773,2.4653613567352295,3.543328046798706,0.04879956692457199,0.3241512179374695,0.28837189078330994,10000,10000,1.0,220.9202438395124,220.9202438395124,107400,True,866,432500,0.0,0.0,1,FIRE,random,100010,100874,115121,116591,25822,406774,0.059690796956051374,0,216298,2,2,220.9202438395124,110.4601219197562,2,2,110.4601219197562,220.9202438395124,110.4601219197562,220.9202438395124,54.92758959708878,1757.682867106841,1,FIRE,False,,
432596,double_dqn,dueling,1047,,,14.0,14.0,0.05,0.002962566912174225,2.453613519668579,3.403066873550415,0.9038345217704773,2.4653613567352295,3.543328046798706,0.04879956692457199,0.3241512179374695,0.28837189078330994,10000,10000,1.0,220.92022325835376,220.92022325835376,107400,True,866,432500,0.0,0.0,1,FIRE,greedy,100010,100874,115121,116591,25822,406774,0.059690796956051374,1,216298,2,2,220.92022325835376,110.46011162917688,2,2,110.46011162917688,220.92022325835376,110.46011162917688,220.92022325835376,54.92758447997767,1757.6827033592854,1,FIRE,False,,
432672,double_dqn,dueling,1048,15.0,671,0.0,0.0,0.05,,,,,,,,,,10000,10000,1.0,220.91999903987218,220.91999903987218,107419,True,866,432500,0.0,0.0,1,FIRE,greedy,100017,100920,115133,116602,25825,406847,0.05968724576584572,1,216336,2,2,220.91999903987218,110.45999951993609,2,2,110.45999951993609,220.91999903987218,110.45999951993609,220.91999903987218,54.92765457428021,1757.6849463769668,1,FIRE,False,,
432995,double_dqn,dueling,1048,,,18.0,15.0,0.05,0.003507722169160843,2.335446834564209,3.245929718017578,0.3992292582988739,2.371798515319824,3.2336087226867676,0.05988406017422676,0.25333237648010254,0.3708244562149048,10000,10000,1.0,220.90510062169062,220.90510062169062,107500,True,866,432500,0.0,0.0,3,LEFT,greedy,100117,101038,115177,116664,25842,407154,0.059681844635978164,0,216498,2,2,220.90510062169062,110.45255031084531,2,2,110.45255031084531,220.90510062169062,110.45255031084531,220.90510062169062,54.924485634583824,1757.5835403066824,3,LEFT,False,,
432996,double_dqn,dueling,1048,,,3.0,3.0,0.05,0.003507722169160843,2.335446834564209,3.245929718017578,0.3992292582988739,2.371798515319824,3.2336087226867676,0.05988406017422676,0.25333237648010254,0.3708244562149048,10000,10000,1.0,220.9050799549686,220.9050799549686,107500,True,866,432500,0.0,0.0,1,FIRE,greedy,100117,101038,115177,116664,25842,407154,0.059681844635978164,1,216498,2,2,220.9050799549686,110.4525399774843,2,2,110.4525399774843,220.9050799549686,110.4525399774843,220.9050799549686,54.924480496137164,1757.5833758763893,1,FIRE,False,,
433005,double_dqn,dueling,1049,18.0,669,0.0,0.0,0.05,,,,,,,,,,10000,10000,1.0,220.9028827878796,220.9028827878796,107502,False,867,433000,0.0,0.0,1,FIRE,greedy,100119,101042,115177,116668,25842,407164,0.05968046632148284,0,216503,2,2,220.9028827878796,110.4514413939398,2,2,110.4514413939398,220.9028827878796,110.4514413939398,220.9028827878796,54.92334715654847,1757.5471090095511,1,FIRE,False,,
433395,double_dqn,dueling,1049,,,4.0,4.0,0.05,0.002625941764563322,2.4655747413635254,3.3067827224731445,1.3242111206054688,2.496086597442627,3.2777013778686523,0.05318722873926163,0.19487762451171875,0.278595894575119,10000,10000,1.0,220.88491650763606,220.88491650763606,107600,True,867,433000,0.0,0.0,1,FIRE,fire_reset,100254,101110,115258,116774,25863,407533,0.05967521619950346,0,216698,2,2,220.88491650763606,110.44245825381803,2,2,110.44245825381803,220.88491650763606,110.44245825381803,220.88491650763606,54.92012534532758,1757.4440110504825,3,LEFT,True,after_life_loss,
433396,double_dqn,dueling,1049,,,9.0,9.0,0.05,0.002625941764563322,2.4655747413635254,3.3067827224731445,1.3242111206054688,2.496086597442627,3.2777013778686523,0.05318722873926163,0.19487762451171875,0.278595894575119,10000,10000,1.0,220.884893176159,220.884893176159,107600,True,867,433000,0.0,0.0,2,RIGHT,greedy,100254,101110,115258,116774,25863,407533,0.05967521619950346,1,216698,2,2,220.884893176159,110.4424465880795,2,2,110.4424465880795,220.884893176159,110.4424465880795,220.884893176159,54.920119544263095,1757.443825416419,2,RIGHT,False,,
433722,double_dqn,dueling,1050,12.0,525,0.0,0.0,0.05,,,,,,,,,,10000,10000,1.0,220.908254620304,220.908254620304,107681,False,868,433500,0.0,0.0,3,LEFT,random,100355,101167,115325,116875,25884,407838,0.05967878041694911,1,216861,2,2,220.908254620304,110.454127310152,2,2,110.454127310152,220.908254620304,110.454127310152,220.908254620304,54.92586119819884,1757.6275583423628,3,LEFT,False,,
433795,double_dqn,dueling,1050,,,9.0,9.0,0.05,0.0019529482815414667,2.4694809913635254,3.527320384979248,0.8366603851318359,2.4880211353302,3.5433108806610107,0.045652858912944794,0.19088637828826904,0.12919305264949799,10000,10000,1.0,220.91342464681006,220.91342464681006,107700,True,868,433500,0.0,0.0,3,LEFT,greedy,100365,101193,115340,116898,25891,407905,0.059684736604302485,0,216898,2,2,220.91342464681006,110.45671232340503,2,2,110.45671232340503,220.91342464681006,110.45671232340503,220.91342464681006,54.92786890321102,1757.6918049027527,3,LEFT,False,,
433796,double_dqn,dueling,1050,,,1.0,1.0,0.05,0.0019529482815414667,2.4694809913635254,3.527320384979248,0.8366603851318359,2.4880211353302,3.5433108806610107,0.045652858912944794,0.19088637828826904,0.12919305264949799,10000,10000,1.0,220.91340329842836,220.91340329842836,107700,True,868,433500,0.0,0.0,3,LEFT,greedy,100365,101193,115340,116898,25891,407905,0.059684736604302485,1,216898,2,2,220.91340329842836,110.45670164921418,2,2,110.45670164921418,220.91340329842836,110.45670164921418,220.91340329842836,54.927863595153745,1757.6916350449198,3,LEFT,False,,
434113,double_dqn,dueling,1051,16.0,554,0.0,0.0,0.05,,,,,,,,,,10000,10000,1.0,220.89666310283658,220.89666310283658,107779,False,869,434000,0.0,0.0,0,NOOP,greedy,100504,101218,115412,116980,25909,408205,0.05968247971730928,0,217057,2,2,220.89666310283658,110.44833155141829,2,2,110.44833155141829,220.89666310283658,110.44833155141829,220.89666310283658,54.923620384770594,1757.555852312659,0,NOOP,False,,
434195,double_dqn,dueling,1051,,,1.0,1.0,0.05,0.0017270577372983098,2.4697306156158447,3.355269432067871,1.2002761363983154,2.4690051078796387,3.2429182529449463,0.04015307128429413,0.21476411819458008,0.4075394570827484,10000,10000,1.0,220.8834555929106,220.8834555929106,107800,True,869,434000,0.0,0.0,1,FIRE,greedy,100532,101235,115436,116993,25910,408286,0.05967351150171812,0,217098,2,2,220.8834555929106,110.4417277964553,2,2,110.4417277964553,220.8834555929106,110.4417277964553,220.8834555929106,54.921069853306875,1757.47423530582,1,FIRE,False,,
434196,double_dqn,dueling,1051,,,6.0,6.0,0.05,0.0017270577372983098,2.4697306156158447,3.355269432067871,1.2002761363983154,2.4690051078796387,3.2429182529449463,0.04015307128429413,0.21476411819458008,0.4075394570827484,10000,10000,1.0,220.8834330253053,220.8834330253053,107800,True,869,434000,0.0,0.0,0,NOOP,greedy,100532,101235,115436,116993,25910,408286,0.05967351150171812,1,217098,2,2,220.8834330253053,110.44171651265265,2,2,110.44171651265265,220.8834330253053,110.44171651265265,220.8834330253053,54.92106424203542,1757.4740557451335,0,NOOP,False,,
434595,double_dqn,dueling,1051,,,5.0,5.0,0.05,0.0013343221507966518,2.384279727935791,3.2790727615356445,-0.1350673884153366,2.4148826599121094,3.2935495376586914,0.038980633020401,0.16999122500419617,0.17886672914028168,10000,10000,1.0,220.84303891129645,220.84303891129645,107900,True,870,434500,0.0,0.0,2,RIGHT,greedy,100609,101335,115520,117132,25929,408667,0.05966230706219109,0,217298,2,2,220.84303891129645,110.42151945564822,2,2,110.42151945564822,220.84303891129645,110.42151945564822,220.84303891129645,54.91167004154801,1757.1734413295362,2,RIGHT,False,,
434596,double_dqn,dueling,1051,,,10.0,10.0,0.05,0.0013343221507966518,2.384279727935791,3.2790727615356445,-0.1350673884153366,2.4148826599121094,3.2935495376586914,0.038980633020401,0.16999122500419617,0.17886672914028168,10000,10000,1.0,220.84301653290677,220.84301653290677,107900,True,870,434500,0.0,0.0,1,FIRE,greedy,100609,101335,115520,117132,25929,408667,0.05966230706219109,1,217298,2,2,220.84301653290677,110.42150826645339,2,2,110.42150826645339,220.84301653290677,110.42150826645339,220.84301653290677,54.91166447725784,1757.1732632722508,1,FIRE,False,,
434995,double_dqn,dueling,1051,,,10.0,10.0,0.05,0.0019662531558424234,2.22344970703125,3.331413984298706,0.7288054823875427,2.2381885051727295,3.331056833267212,0.051487743854522705,0.13429951667785645,0.20820479094982147,10000,10000,1.0,220.81813264483196,220.81813264483196,108000,True,870,434500,0.0,0.0,3,LEFT,greedy,100671,101455,115603,117267,25949,409047,0.05965342210043311,0,217498,2,2,220.81813264483196,110.40906632241598,2,2,110.40906632241598,220.81813264483196,110.40906632241598,220.81813264483196,54.90612382716181,1756.9959624691778,3,LEFT,False,,
434996,double_dqn,dueling,1051,,,14.0,14.0,0.05,0.0019662531558424234,2.22344970703125,3.331413984298706,0.7288054823875427,2.2381885051727295,3.331056833267212,0.051487743854522705,0.13429951667785645,0.20820479094982147,10000,10000,1.0,220.8181118750106,220.8181118750106,108000,True,870,434500,0.0,0.0,3,LEFT,greedy,100671,101455,115603,117267,25949,409047,0.05965342210043311,1,217498,2,2,220.8181118750106,110.4090559375053,2,2,110.4090559375053,220.8181118750106,110.4090559375053,220.8181118750106,54.9061186627744,1756.9957972087807,3,LEFT,False,,
435064,double_dqn,dueling,1052,15.0,671,0.0,0.0,0.05,,,,,,,,,,10000,10000,1.0,220.81296964606096,220.81296964606096,108017,True,871,435000,0.0,0.0,2,RIGHT,random,100685,101476,115614,117289,25953,409111,0.05965329238916573,1,217532,2,2,220.81296964606096,110.40648482303048,2,2,110.40648482303048,220.81296964606096,110.40648482303048,220.81296964606096,54.904949699742474,1756.9583903917592,2,RIGHT,False,,
435395,double_dqn,dueling,1052,,,14.0,14.0,0.05,0.0014972577337175608,2.579416513442993,3.380157709121704,0.8980457782745361,2.5905306339263916,3.287296772003174,0.04519139975309372,0.14479589462280273,0.32788577675819397,10000,10000,1.0,220.82368452813353,220.82368452813353,108100,True,871,435000,0.0,0.0,1,FIRE,greedy,100728,101575,115691,117402,25971,409425,0.05964914698343577,0,217698,2,2,220.82368452813353,110.41184226406676,2,2,110.41184226406676,220.82368452813353,110.41184226406676,220.82368452813353,54.90814814269147,1757.0607405661272,1,FIRE,False,,
435396,double_dqn,dueling,1052,,,4.0,4.0,0.05,0.0014972577337175608,2.579416513442993,3.380157709121704,0.8980457782745361,2.5905306339263916,3.287296772003174,0.04519139975309372,0.14479589462280273,0.32788577675819397,10000,10000,1.0,220.82365133490205,220.82365133490205,108100,True,871,435000,0.0,0.0,0,NOOP,greedy,100728,101575,115691,117402,25971,409425,0.05964914698343577,1,217698,2,2,220.82365133490205,110.41182566745103,2,2,110.41182566745103,220.82365133490205,110.41182566745103,220.82365133490205,54.90813988914351,1757.0604764525924,0,NOOP,False,,
435517,double_dqn,dueling,1053,22.0,702,0.0,0.0,0.05,,,,,,,,,,10000,10000,1.0,220.81828648298494,220.81828648298494,108130,False,872,435500,0.0,0.0,1,FIRE,greedy,100743,101611,115714,117450,25980,409538,0.059653102742022145,0,217759,2,2,220.81828648298494,110.40914324149247,2,2,110.40914324149247,220.81828648298494,110.40914324149247,220.81828648298494,54.90640658681968,1757.0050107782297,1,FIRE,False,,
435795,double_dqn,dueling,1053,,,4.0,4.0,0.05,0.0017603652086108923,2.3843727111816406,3.2617297172546387,-0.14839208126068115,2.4204511642456055,3.324408531188965,0.04689197242259979,0.13688135147094727,0.29750514030456543,10000,10000,1.0,220.78475686634812,220.78475686634812,108200,True,872,435500,0.0,0.0,3,LEFT,greedy,100807,101675,115756,117558,25986,409810,0.05962881715297984,0,217898,2,2,220.78475686634812,110.39237843317406,2,2,110.39237843317406,220.78475686634812,110.39237843317406,220.78475686634812,54.89910968195449,1756.7715098225437,3,LEFT,False,,
435796,double_dqn,dueling,1053,,,10.0,10.0,0.05,0.0017603652086108923,2.3843727111816406,3.2617297172546387,-0.14839208126068115,2.4204511642456055,3.324408531188965,0.04689197242259979,0.13688135147094727,0.29750514030456543,10000,10000,1.0,220.784735405115,220.784735405115,108200,True,872,435500,0.0,0.0,2,RIGHT,greedy,100807,101675,115756,117558,25986,409810,0.05962881715297984,1,217898,2,2,220.784735405115,110.3923677025575,2,2,110.3923677025575,220.784735405115,110.3923677025575,220.784735405115,54.899104345523625,1756.771339056756,2,RIGHT,False,,
436184,double_dqn,dueling,1054,13.0,560,0.0,0.0,0.05,,,,,,,,,,10000,10000,1.0,220.769099246001,220.769099246001,108297,True,873,436000,0.0,0.0,1,FIRE,greedy,100977,101757,115813,117637,26001,410183,0.059610164517726466,1,218092,2,2,220.769099246001,110.3845496230005,2,2,110.3845496230005,220.769099246001,110.3845496230005,220.769099246001,54.895835403111235,1756.6667328995595,1,FIRE,False,,
436195,double_dqn,dueling,1054,,,12.0,9.0,0.05,0.0018227652180939913,2.546651840209961,3.587981939315796,0.16222403943538666,2.520859479904175,3.5290138721466064,0.04658955708146095,0.1355382204055786,0.5400676727294922,10000,10000,1.0,220.7639868253321,220.7639868253321,108300,True,873,436000,0.0,0.0,0,NOOP,greedy,100979,101763,115814,117640,26003,410193,0.05961310970297756,0,218098,2,2,220.7639868253321,110.38199341266605,2,2,110.38199341266605,220.7639868253321,110.38199341266605,220.7639868253321,54.8945832672348,1756.6266645515136,0,NOOP,False,,
436196,double_dqn,dueling,1054,,,0.0,0.0,0.05,0.0018227652180939913,2.546651840209961,3.587981939315796,0.16222403943538666,2.520859479904175,3.5290138721466064,0.04658955708146095,0.1355382204055786,0.5400676727294922,10000,10000,1.0,220.76396606858108,220.76396606858108,108300,True,873,436000,0.0,0.0,3,LEFT,random,100979,101763,115814,117640,26003,410193,0.05961310970297756,1,218098,2,2,220.76396606858108,110.38198303429054,2,2,110.38198303429054,220.76396606858108,110.38198303429054,220.76396606858108,54.89457810591654,1756.6264993893292,3,LEFT,False,,
436595,double_dqn,dueling,1054,,,19.0,13.0,0.05,0.0007726207841187716,2.544065237045288,3.504133462905884,0.7165511846542358,2.567049980163574,3.581996440887451,0.032338984310626984,0.09683501720428467,0.11803247034549713,10000,10000,1.0,220.79238167918092,220.79238167918092,108400,True,874,436500,0.0,0.0,2,RIGHT,greedy,101081,101865,115918,117732,26018,410578,0.059592850140633445,0,218298,2,2,220.79238167918092,110.39619083959046,2,2,110.39619083959046,220.79238167918092,110.39619083959046,220.79238167918092,54.902279349676924,1756.8729391896616,2,RIGHT,False,,
436596,double_dqn,dueling,1054,,,5.0,5.0,0.05,0.0007726207841187716,2.544065237045288,3.504133462905884,0.7165511846542358,2.567049980163574,3.581996440887451,0.032338984310626984,0.09683501720428467,0.11803247034549713,10000,10000,1.0,220.79236119675943,220.79236119675943,108400,True,874,436500,0.0,0.0,3,LEFT,greedy,101081,101865,115918,117732,26018,410578,0.059592850140633445,1,218298,2,2,220.79236119675943,110.39618059837971,2,2,110.39618059837971,220.79236119675943,110.39618059837971,220.79236119675943,54.902274256513756,1756.8727762084402,3,LEFT,False,,
436615,double_dqn,dueling,1055,19.0,549,0.0,0.0,0.05,,,,,,,,,,10000,10000,1.0,220.79011877416937,220.79011877416937,108405,True,874,436500,0.0,0.0,2,RIGHT,greedy,101083,101865,115925,117743,26019,410597,0.05959241072246551,0,218308,2,2,220.79011877416937,110.39505938708469,2,2,110.39505938708469,220.79011877416937,110.39505938708469,220.79011877416937,54.90174835810732,1756.8559474594342,2,RIGHT,False,,
436995,double_dqn,dueling,1055,,,4.0,4.0,0.05,0.003154162783175707,2.4883370399475098,3.356903553009033,1.391499400138855,2.4926962852478027,3.3677029609680176,0.05255298316478729,0.31636667251586914,0.3753776252269745,10000,10000,1.0,220.79224335640106,220.79224335640106,108500,True,874,436500,0.0,0.0,0,NOOP,greedy,101171,101996,115992,117837,26034,410962,0.05957491601753792,0,218498,2,2,220.79224335640106,110.39612167820053,2,2,110.39612167820053,220.79224335640106,110.39612167820053,220.79224335640106,54.902877729092026,1756.8920873309448,0,NOOP,False,,
436996,double_dqn,dueling,1055,,,12.0,9.0,0.05,0.003154162783175707,2.4883370399475098,3.356903553009033,1.391499400138855,2.4926962852478027,3.3677029609680176,0.05255298316478729,0.31636667251586914,0.3753776252269745,10000,10000,1.0,220.79222312631688,220.79222312631688,108500,True,874,436500,0.0,0.0,3,LEFT,greedy,101171,101996,115992,117837,26034,410962,0.05957491601753792,1,218498,2,2,220.79222312631688,110.39611156315844,2,2,110.39611156315844,220.79222312631688,110.39611156315844,220.79222312631688,54.90287269861713,1756.8919263557482,3,LEFT,False,,
437122,double_dqn,dueling,1056,20.0,469,0.0,0.0,0.05,,,,,,,,,,10000,10000,1.0,220.79210265465463,220.79210265465463,108531,False,875,437000,0.0,0.0,1,FIRE,greedy,101201,102047,116014,117860,26040,411082,0.05957146974986388,1,218561,2,2,220.79210265465463,110.39605132732731,2,2,110.39605132732731,220.79210265465463,110.39605132732731,220.79210265465463,54.90245153707784,1756.8784491864908,1,FIRE,False,,
437395,double_dqn,dueling,1056,,,8.0,8.0,0.05,0.0028549456037580967,2.351206064224243,3.5761590003967285,0.5814206004142761,2.4046707153320312,3.521320343017578,0.062387362122535706,0.18480348587036133,0.5512005686759949,10000,10000,1.0,220.79296606593206,220.79296606593206,108600,True,875,437000,0.0,0.0,0,NOOP,greedy,101281,102128,116060,117927,26048,411348,0.059552442180541204,0,218698,2,2,220.79296606593206,110.39648303296603,2,2,110.39648303296603,220.79296606593206,110.39648303296603,220.79296606593206,54.90368751577604,1756.9180005048333,0,NOOP,False,,
437396,double_dqn,dueling,1056,,,3.0,3.0,0.05,0.0028549456037580967,2.351206064224243,3.5761590003967285,0.5814206004142761,2.4046707153320312,3.521320343017578,0.062387362122535706,0.18480348587036133,0.5512005686759949,10000,10000,1.0,220.792944682236,220.792944682236,108600,True,875,437000,0.0,0.0,3,LEFT,greedy,101281,102128,116060,117927,26048,411348,0.059552442180541204,1,218698,2,2,220.792944682236,110.396472341118,2,2,110.396472341118,220.792944682236,110.396472341118,220.792944682236,54.90368219837945,1756.9178303481424,3,LEFT,False,,
437795,double_dqn,dueling,1056,,,13.0,13.0,0.05,0.0017807628028094769,2.2864317893981934,3.504159688949585,0.3613635003566742,2.2902941703796387,3.425004482269287,0.04419134184718132,0.17982196807861328,0.26979151368141174,10000,10000,1.0,220.74010336055198,220.74010336055198,108700,True,876,437500,0.0,0.0,2,RIGHT,greedy,101392,102229,116147,118028,26062,411734,0.0595300094107758,0,218898,2,2,220.74010336055198,110.37005168027599,2,2,110.37005168027599,220.74010336055198,110.37005168027599,220.74010336055198,54.891169603369704,1756.5174273078305,2,RIGHT,False,,
437796,double_dqn,dueling,1056,,,9.0,9.0,0.05,0.0017807628028094769,2.2864317893981934,3.504159688949585,0.3613635003566742,2.2902941703796387,3.425004482269287,0.04419134184718132,0.17982196807861328,0.26979151368141174,10000,10000,1.0,220.74008229214473,220.74008229214473,108700,True,876,437500,0.0,0.0,2,RIGHT,greedy,101392,102229,116147,118028,26062,411734,0.0595300094107758,1,218898,2,2,220.74008229214473,110.37004114607237,2,2,110.37004114607237,220.74008229214473,110.37004114607237,220.74008229214473,54.891164364314825,1756.5172596580744,2,RIGHT,False,,
437825,double_dqn,dueling,1057,13.0,605,0.0,0.0,0.05,,,,,,,,,,10000,10000,1.0,220.73602356680814,220.73602356680814,108707,False,876,437500,0.0,0.0,1,FIRE,greedy,101399,102233,116155,118039,26063,411763,0.05952821440480922,0,218913,2,2,220.73602356680814,110.36801178340407,2,2,110.36801178340407,220.73602356680814,110.36801178340407,220.73602356680814,54.88961441286798,1756.4676612117753,1,FIRE,False,,
438195,double_dqn,dueling,1057,,,4.0,4.0,0.05,0.0029157628305256367,2.5203261375427246,3.255187749862671,1.3390443325042725,2.5413818359375,3.3642730712890625,0.04837091639637947,0.24663758277893066,0.1879032403230667,10000,10000,1.0,220.7389678741904,220.7389678741904,108800,True,877,438000,0.0,0.0,0,NOOP,greedy,101474,102357,116229,118136,26075,412121,0.05950533551196268,0,219098,2,2,220.7389678741904,110.3694839370952,2,2,110.3694839370952,220.7389678741904,110.3694839370952,220.7389678741904,54.89151181504515,1756.5283780814448,0,NOOP,False,,
438196,double_dqn,dueling,1057,,,13.0,13.0,0.05,0.0029157628305256367,2.5203261375427246,3.255187749862671,1.3390443325042725,2.5413818359375,3.3642730712890625,0.04837091639637947,0.24663758277893066,0.1879032403230667,10000,10000,1.0,220.7389461258278,220.7389461258278,108800,True,877,438000,0.0,0.0,3,LEFT,greedy,101474,102357,116229,118136,26075,412121,0.05950533551196268,1,219098,2,2,220.7389461258278,110.3694730629139,2,2,110.3694730629139,220.7389461258278,110.3694730629139,220.7389461258278,54.89150640684507,1756.5282050190422,3,LEFT,False,,
438595,double_dqn,dueling,1057,,,8.0,8.0,0.05,0.00262976111844182,2.5348453521728516,3.4249117374420166,1.2723057270050049,2.5520858764648438,3.4539976119995117,0.04380810260772705,0.3289039134979248,0.09328820556402206,10000,10000,1.0,220.74976142083523,220.74976142083523,108900,True,878,438500,0.0,0.0,0,NOOP,greedy,101555,102473,116316,118252,26092,412504,0.05948982662860582,0,219298,2,2,220.74976142083523,110.37488071041761,2,2,110.37488071041761,220.74976142083523,110.37488071041761,220.74976142083523,54.89481781626202,1756.6341701203846,0,NOOP,False,,
438596,double_dqn,dueling,1057,,,16.0,16.0,0.05,0.00262976111844182,2.5348453521728516,3.4249117374420166,1.2723057270050049,2.5520858764648438,3.4539976119995117,0.04380810260772705,0.3289039134979248,0.09328820556402206,10000,10000,1.0,220.74974077589525,220.74974077589525,108900,True,878,438500,0.0,0.0,1,FIRE,greedy,101555,102473,116316,118252,26092,412504,0.05948982662860582,1,219298,2,2,220.74974077589525,110.37487038794762,2,2,110.37487038794762,220.74974077589525,110.37487038794762,220.74974077589525,54.89481268239364,1756.6340058365965,1,FIRE,False,,
438686,double_dqn,dueling,1058,17.0,782,0.0,0.0,0.05,,,,,,,,,,10000,10000,1.0,220.74816897740013,220.74816897740013,108922,False,878,438500,0.0,0.0,1,FIRE,greedy,101566,102527,116321,118272,26095,412591,0.05948446041131926,1,219343,2,2,220.74816897740013,110.37408448870006,2,2,110.37408448870006,220.74816897740013,110.37408448870006,220.74816897740013,54.89397642956335,1756.6072457460273,1,FIRE,False,,
438995,double_dqn,dueling,1058,,,13.0,13.0,0.05,0.0021344423294067383,2.4239728450775146,3.2783288955688477,1.3288161754608154,2.4103877544403076,3.3289122581481934,0.049699392169713974,0.17881405353546143,0.44273632764816284,10000,10000,1.0,220.75236347794987,220.75236347794987,109000,True,878,438500,0.0,0.0,3,LEFT,greedy,101640,102612,116388,118356,26113,412883,0.0594834577080429,0,219498,2,2,220.75236347794987,110.37618173897494,2,2,110.37618173897494,220.75236347794987,110.37618173897494,220.75236347794987,54.89608420866138,1756.674694677164,3,LEFT,False,,
438996,double_dqn,dueling,1058,,,4.0,4.0,0.05,0.0021344423294067383,2.4239728450775146,3.2783288955688477,1.3288161754608154,2.4103877544403076,3.3289122581481934,0.049699392169713974,0.17881405353546143,0.44273632764816284,10000,10000,1.0,220.75234328871258,220.75234328871258,109000,True,878,438500,0.0,0.0,0,NOOP,greedy,101640,102612,116388,118356,26113,412883,0.0594834577080429,1,219498,2,2,220.75234328871258,110.37617164435629,2,2,110.37617164435629,220.75234328871258,110.37617164435629,220.75234328871258,54.89607918805796,1756.6745340178547,0,NOOP,False,,
439069,double_dqn,dueling,1059,14.0,622,0.0,0.0,0.05,,,,,,,,,,10000,10000,1.0,220.75129994201052,220.75129994201052,109018,False,879,439000,0.0,0.0,1,FIRE,greedy,101659,102640,116401,118370,26122,412948,0.05949393035279113,0,219535,2,2,220.75129994201052,110.37564997100526,2,2,110.37564997100526,220.75129994201052,110.37564997100526,220.75129994201052,54.89535023733807,1756.6512075948183,1,FIRE,False,,
439395,double_dqn,dueling,1059,,,3.0,3.0,0.05,0.008610865101218224,2.492171049118042,3.4159739017486572,1.5438815355300903,2.53501296043396,3.4542253017425537,0.06775493919849396,0.6074273586273193,0.6713940501213074,10000,10000,1.0,220.70748033599313,220.70748033599313,109100,True,879,439000,0.0,0.0,2,RIGHT,greedy,101748,102732,116453,118463,26142,413254,0.059495307194421435,0,219698,2,2,220.70748033599313,110.35374016799656,2,2,110.35374016799656,220.70748033599313,110.35374016799656,220.70748033599313,54.88553937963283,1756.3372601482506,2,RIGHT,False,,
439396,double_dqn,dueling,1059,,,7.0,7.0,0.05,0.008610865101218224,2.492171049118042,3.4159739017486572,1.5438815355300903,2.53501296043396,3.4542253017425537,0.06775493919849396,0.6074273586273193,0.6713940501213074,10000,10000,1.0,220.70746032615534,220.70746032615534,109100,True,879,439000,0.0,0.0,2,RIGHT,greedy,101748,102732,116453,118463,26142,413254,0.059495307194421435,1,219698,2,2,220.70746032615534,110.35373016307767,2,2,110.35373016307767,220.70746032615534,110.35373016307767,220.70746032615534,54.885534403586085,1756.3371009147547,2,RIGHT,False,,
439671,double_dqn,dueling,1060,5.0,301,0.0,0.0,0.05,,,,,,,,,,10000,10000,1.0,220.67000736692333,220.67000736692333,109169,True,880,439500,0.0,0.0,0,NOOP,greedy,101776,102847,116505,118544,26150,413522,0.059476154951873215,0,219836,2,2,220.67000736692333,110.33500368346166,2,2,110.33500368346166,220.67000736692333,110.33500368346166,220.67000736692333,54.876644457184184,1756.052622629894,0,NOOP,False,,
439742,double_dqn,dueling,1061,11.0,528,0.0,0.0,0.05,,,,,,,,,,10000,10000,1.0,220.66642351944137,220.66642351944137,109186,False,880,439500,0.0,0.0,1,FIRE,greedy,101781,102879,116518,118564,26152,413590,0.05947123540621546,1,219871,2,2,220.66642351944137,110.33321175972068,2,2,110.33321175972068,220.66642351944137,110.33321175972068,220.66642351944137,54.87527903028766,1756.008928969205,1,FIRE,False,,
439795,double_dqn,dueling,1061,,,1.0,1.0,0.05,0.0025541558861732483,2.4185473918914795,3.453857898712158,0.9790894985198975,2.4155280590057373,3.4363112449645996,0.05543223023414612,0.16315782070159912,0.48702147603034973,10000,10000,1.0,220.66576644075678,220.66576644075678,109200,True,880,439500,0.0,0.0,0,NOOP,greedy,101784,102917,116522,118573,26153,413643,0.05946620705963674,0,219898,2,2,220.66576644075678,110.33288322037839,2,2,110.33288322037839,220.66576644075678,110.33288322037839,220.66576644075678,54.87577983854917,1756.0249548335735,0,NOOP,False,,
439796,double_dqn,dueling,1061,,,0.0,0.0,0.05,0.0025541558861732483,2.4185473918914795,3.453857898712158,0.9790894985198975,2.4155280590057373,3.4363112449645996,0.05543223023414612,0.16315782070159912,0.48702147603034973,10000,10000,1.0,220.66574601883235,220.66574601883235,109200,True,880,439500,0.0,0.0,1,FIRE,greedy,101784,102917,116522,118573,26153,413643,0.05946620705963674,1,219898,2,2,220.66574601883235,110.33287300941618,2,2,110.33287300941618,220.66574601883235,110.33287300941618,220.66574601883235,54.8757747599679,1756.024792318973,1,FIRE,False,,
440195,double_dqn,dueling,1061,,,10.0,7.0,0.05,0.002171069383621216,2.459049701690674,3.2810685634613037,1.013929009437561,2.46254301071167,3.2485930919647217,0.047315217554569244,0.19520854949951172,0.3314291834831238,10000,10000,1.0,220.66521516533035,220.66521516533035,109300,True,881,440000,4.0,1.0,0,NOOP,greedy,101850,103079,116573,118694,26171,414025,0.05945306181791747,0,220098,2,2,220.66521516533035,110.33260758266518,2,2,110.33260758266518,220.66521516533035,110.33260758266518,220.66521516533035,54.87625403323393,1756.0401290634857,0,NOOP,False,,
440196,double_dqn,dueling,1061,,,4.0,4.0,0.05,0.002171069383621216,2.459049701690674,3.2810685634613037,1.013929009437561,2.46254301071167,3.2485930919647217,0.047315217554569244,0.19520854949951172,0.3314291834831238,10000,10000,1.0,220.66519563134443,220.66519563134443,109300,True,881,440000,0.0,0.0,1,FIRE,greedy,101850,103079,116573,118694,26171,414025,0.05945306181791747,1,220098,2,2,220.66519563134443,110.33259781567222,2,2,110.33259781567222,220.66519563134443,110.33259781567222,220.66519563134443,54.87624917541358,1756.0399736132345,1,FIRE,False,,
440378,double_dqn,dueling,1062,6.0,318,0.0,0.0,0.05,,,,,,,,,,10000,10000,1.0,220.67062995090564,220.67062995090564,109345,False,881,440000,0.0,0.0,2,RIGHT,random,101905,103110,116612,118751,26185,414193,0.05946028184877537,1,220189,2,2,220.67062995090564,110.33531497545282,2,2,110.33531497545282,220.67062995090564,110.33531497545282,220.67062995090564,54.87729834537434,1756.073547051979,2,RIGHT,False,,
440595,double_dqn,dueling,1062,,,14.0,11.0,0.05,0.0026667576748877764,2.330026149749756,3.009267568588257,0.6637553572654724,2.3474912643432617,3.027845859527588,0.04746698960661888,0.3071587085723877,0.21049906313419342,10000,10000,1.0,220.66913244375965,220.66913244375965,109400,True,882,440500,0.0,0.0,0,NOOP,greedy,101962,103156,116661,118817,26195,414401,0.059453558361855306,0,220298,2,2,220.66913244375965,110.33456622187983,2,2,110.33456622187983,220.66913244375965,110.33456622187983,220.66913244375965,54.87783693625136,1756.0907819600436,0,NOOP,False,,
440596,double_dqn,dueling,1062,,,2.0,2.0,0.05,0.0026667576748877764,2.330026149749756,3.009267568588257,0.6637553572654724,2.3474912643432617,3.027845859527588,0.04746698960661888,0.3071587085723877,0.21049906313419342,10000,10000,1.0,220.66911251571577,220.66911251571577,109400,True,882,440500,0.0,0.0,0,NOOP,greedy,101962,103156,116661,118817,26195,414401,0.059453558361855306,1,220298,2,2,220.66911251571577,110.33455625785788,2,2,110.33455625785788,220.66911251571577,110.33455625785788,220.66911251571577,54.877831980379504,1756.0906233721441,0,NOOP,False,,
440959,double_dqn,dueling,1063,18.0,644,0.0,0.0,0.05,,,,,,,,,,10000,10000,1.0,220.62556337456687,220.62556337456687,109491,True,882,440500,0.0,0.0,2,RIGHT,greedy,102008,103248,116756,118948,26212,414748,0.059443033381712626,0,220480,2,2,220.62556337456687,110.31278168728343,2,2,110.31278168728343,220.62556337456687,110.31278168728343,220.62556337456687,54.867553438721096,1755.761710039075,2,RIGHT,False,,
440995,double_dqn,dueling,1063,,,0.0,0.0,0.05,0.0024219760671257973,2.4554481506347656,3.3857173919677734,1.126082181930542,2.484902858734131,3.2982726097106934,0.05232946574687958,0.18349170684814453,0.16581253707408905,10000,10000,1.0,220.6237329913684,220.6237329913684,109500,True,882,440500,0.0,0.0,1,FIRE,greedy,102016,103257,116764,118959,26212,414784,0.059438180845177734,0,220498,2,2,220.6237329913684,110.3118664956842,2,2,110.3118664956842,220.6237329913684,110.3118664956842,220.6237329913684,54.86715268045932,1755.7488857746982,1,FIRE,False,,
440996,double_dqn,dueling,1063,,,6.0,6.0,0.05,0.0024219760671257973,2.4554481506347656,3.3857173919677734,1.126082181930542,2.484902858734131,3.2982726097106934,0.05232946574687958,0.18349170684814453,0.16581253707408905,10000,10000,1.0,220.62371377584944,220.62371377584944,109500,True,882,440500,0.0,0.0,2,RIGHT,greedy,102016,103257,116764,118959,26212,414784,0.059438180845177734,1,220498,2,2,220.62371377584944,110.31185688792472,2,2,110.31185688792472,220.62371377584944,110.31185688792472,220.62371377584944,54.86714790173131,1755.7487328554018,2,RIGHT,False,,
441394,double_dqn,dueling,1064,10.0,508,0.0,0.0,0.05,,,,,,,,,,10000,10000,1.0,220.60658508035237,220.60658508035237,109599,False,883,441000,0.0,0.0,2,RIGHT,random,102076,103363,116850,119105,26234,415160,0.05943442819793654,1,220697,2,2,220.60658508035237,110.30329254017619,2,2,110.30329254017619,220.60658508035237,110.30329254017619,220.60658508035237,54.862912299521476,1755.6131935846872,2,RIGHT,False,,
441395,double_dqn,dueling,1064,,,5.0,5.0,0.05,0.0018571959808468819,2.3412511348724365,3.418463945388794,0.04162510111927986,2.3617820739746094,3.4109950065612793,0.04456575587391853,0.17167073488235474,0.15169307589530945,10000,10000,1.0,220.60449463028397,220.60449463028397,109600,True,883,441000,0.0,0.0,3,LEFT,greedy,102076,103364,116850,119106,26234,415162,0.05943415889586675,0,220698,2,2,220.60449463028397,110.30224731514198,2,2,110.30224731514198,220.60449463028397,110.30224731514198,220.60449463028397,54.86297174395957,1755.6150958067062,3,LEFT,False,,
441396,double_dqn,dueling,1064,,,0.0,0.0,0.05,0.0018571959808468819,2.3412511348724365,3.418463945388794,0.04162510111927986,2.3617820739746094,3.4109950065612793,0.04456575587391853,0.17167073488235474,0.15169307589530945,10000,10000,1.0,220.60447385638167,220.60447385638167,109600,True,883,441000,0.0,0.0,1,FIRE,fire_reset,102076,103364,116850,119106,26234,415162,0.05943415889586675,1,220698,2,2,220.60447385638167,110.30223692819084,2,2,110.30223692819084,220.60447385638167,110.30223692819084,220.60447385638167,54.862966577618714,1755.6149304837988,1,FIRE,False,initial_serve,
441795,double_dqn,dueling,1064,,,9.0,9.0,0.05,0.0013052931753918529,2.3700432777404785,3.1585676670074463,1.5397001504898071,2.4018282890319824,3.2018826007843018,0.0385294184088707,0.14557552337646484,0.09193890541791916,10000,10000,1.0,220.6246697254254,220.6246697254254,109700,True,884,441500,0.0,0.0,3,LEFT,greedy,102184,103493,116921,119198,26256,415540,0.05943014422946337,0,220898,2,2,220.6246697254254,110.3123348627127,2,2,110.3123348627127,220.6246697254254,110.3123348627127,220.6246697254254,54.86859017514998,1755.7948856047994,3,LEFT,False,,
441796,double_dqn,dueling,1064,,,4.0,4.0,0.05,0.0013052931753918529,2.3700432777404785,3.1585676670074463,1.5397001504898071,2.4018282890319824,3.2018826007843018,0.0385294184088707,0.14557552337646484,0.09193890541791916,10000,10000,1.0,220.6246382305453,220.6246382305453,109700,True,884,441500,0.0,0.0,1,FIRE,greedy,102184,103493,116921,119198,26256,415540,0.05943014422946337,1,220898,2,2,220.6246382305453,110.31231911527264,2,2,110.31231911527264,220.6246382305453,110.31231911527264,220.6246382305453,54.86858234248253,1755.794634959441,1,FIRE,False,,
442195,double_dqn,dueling,1064,,,16.0,13.0,0.05,0.002201567403972149,2.2571847438812256,2.9394643306732178,-0.1867211014032364,2.2816622257232666,2.9713025093078613,0.05175982043147087,0.20203256607055664,0.21899355947971344,10000,10000,1.0,220.6276111517607,220.6276111517607,109800,True,885,442000,0.0,0.0,1,FIRE,greedy,102234,103635,117023,119304,26276,415920,0.059421613944947486,0,221098,2,2,220.6276111517607,110.31380557588035,2,2,110.31380557588035,220.6276111517607,110.31380557588035,220.6276111517607,54.86992021396392,1755.8374468468455,1,FIRE,False,,
442196,double_dqn,dueling,1064,,,10.0,10.0,0.05,0.002201567403972149,2.2571847438812256,2.9394643306732178,-0.1867211014032364,2.2816622257232666,2.9713025093078613,0.05175982043147087,0.20203256607055664,0.21899355947971344,10000,10000,1.0,220.62758382445608,220.62758382445608,109800,True,885,442000,0.0,0.0,0,NOOP,greedy,102234,103635,117023,119304,26276,415920,0.059421613944947486,1,221098,2,2,220.62758382445608,110.31379191222804,2,2,110.31379191222804,220.62758382445608,110.31379191222804,220.62758382445608,54.869913417683904,1755.837229365885,0,NOOP,False,,
442289,double_dqn,dueling,1065,17.0,665,0.0,0.0,0.05,,,,,,,,,,10000,10000,1.0,220.6214716536081,220.6214716536081,109823,False,885,442000,0.0,0.0,1,FIRE,greedy,102245,103673,117045,119327,26279,416011,0.05941576793506523,0,221145,2,2,220.6214716536081,110.31073582680405,2,2,110.31073582680405,220.6214716536081,110.31073582680405,220.6214716536081,54.867959942892746,1755.7747181725679,1,FIRE,False,,
442595,double_dqn,dueling,1065,,,3.0,3.0,0.05,0.002140045166015625,2.389464855194092,3.320767879486084,1.1238824129104614,2.4299209117889404,3.427426338195801,0.04886815324425697,0.17695951461791992,0.14226160943508148,10000,10000,1.0,220.56700236561065,220.56700236561065,109900,True,886,442500,0.0,0.0,1,FIRE,greedy,102284,103762,117120,119430,26296,416300,0.05941309907906985,0,221298,2,2,220.56700236561065,110.28350118280532,2,2,110.28350118280532,220.56700236561065,110.28350118280532,220.56700236561065,54.85544272108654,1755.3741670747693,1,FIRE,False,,
442596,double_dqn,dueling,1065,,,19.0,16.0,0.05,0.002140045166015625,2.389464855194092,3.320767879486084,1.1238824129104614,2.4299209117889404,3.427426338195801,0.04886815324425697,0.17695951461791992,0.14226160943508148,10000,10000,1.0,220.56696664795965,220.56696664795965,109900,True,886,442500,0.0,0.0,0,NOOP,greedy,102284,103762,117120,119430,26296,416300,0.05941309907906985,1,221298,2,2,220.56696664795965,110.28348332397982,2,2,110.28348332397982,220.56696664795965,110.28348332397982,220.56696664795965,54.855433838037236,1755.3738828171915,0,NOOP,False,,
442995,double_dqn,dueling,1065,,,8.0,8.0,0.05,0.0018096521962434053,2.4154884815216064,3.1682145595550537,1.2722432613372803,2.4433646202087402,3.2768592834472656,0.04599303752183914,0.20448923110961914,0.12015872448682785,10000,10000,1.0,220.51949028720088,220.51949028720088,110000,True,886,442500,0.0,0.0,2,RIGHT,greedy,102319,103898,117224,119555,26318,416678,0.059409114303515156,0,221498,2,2,220.51949028720088,110.25974514360044,2,2,110.25974514360044,220.51949028720088,110.25974514360044,220.51949028720088,54.844219643388236,1755.0150285884235,2,RIGHT,False,,
442996,double_dqn,dueling,1065,,,22.0,19.0,0.05,0.0018096521962434053,2.4154884815216064,3.1682145595550537,1.2722432613372803,2.4433646202087402,3.2768592834472656,0.04599303752183914,0.20448923110961914,0.12015872448682785,10000,10000,1.0,220.5194686179529,220.5194686179529,110000,True,886,442500,0.0,0.0,3,LEFT,greedy,102319,103898,117224,119555,26318,416678,0.059409114303515156,1,221498,2,2,220.5194686179529,110.25973430897645,2,2,110.25973430897645,220.5194686179529,110.25973430897645,220.5194686179529,54.84421425414579,1755.0148561326653,3,LEFT,False,,
443344,double_dqn,dueling,1066,26.0,975,0.0,0.0,0.05,,,,,,,,,,10000,10000,1.0,220.5046718150861,220.5046718150861,110087,True,887,443000,0.0,0.0,1,FIRE,greedy,102361,104025,117299,119659,26345,416999,0.05942338229456133,1,221672,2,2,220.5046718150861,110.25233590754306,2,2,110.25233590754306,220.5046718150861,110.25233590754306,220.5046718150861,54.841048333024204,1754.9135466567745,1,FIRE,False,,
443395,double_dqn,dueling,1066,,,14.0,14.0,0.05,0.001239792094565928,2.5289859771728516,3.1653127670288086,1.4751847982406616,2.5711569786071777,3.216970920562744,0.03798181936144829,0.11637306213378906,0.33408278226852417,10000,10000,1.0,220.50368529114021,220.50368529114021,110100,True,887,443000,0.0,0.0,3,LEFT,greedy,102372,104043,117308,119673,26350,417046,0.05942768992052251,0,221698,2,2,220.50368529114021,110.25184264557011,2,2,110.25184264557011,220.50368529114021,110.25184264557011,220.50368529114021,54.84087963979892,1754.9081484735655,3,LEFT,False,,
443396,double_dqn,dueling,1066,,,0.0,0.0,0.05,0.001239792094565928,2.5289859771728516,3.1653127670288086,1.4751847982406616,2.5711569786071777,3.216970920562744,0.03798181936144829,0.11637306213378906,0.33408278226852417,10000,10000,1.0,220.50366429831303,220.50366429831303,110100,True,887,443000,0.0,0.0,0,NOOP,greedy,102372,104043,117308,119673,26350,417046,0.05942768992052251,1,221698,2,2,220.50366429831303,110.25183214915651,2,2,110.25183214915651,220.50366429831303,110.25183214915651,220.50366429831303,54.84087441872923,1754.9079813993353,0,NOOP,False,,
443627,double_dqn,dueling,1067,17.0,669,0.0,0.0,0.05,,,,,,,,,,10000,10000,1.0,220.4938272417432,220.4938272417432,110158,True,888,443500,0.0,0.0,1,FIRE,greedy,102426,104125,117350,119727,26366,417262,0.05943267782917219,0,221814,2,2,220.4938272417432,110.2469136208716,2,2,110.2469136208716,220.4938272417432,110.2469136208716,220.4938272417432,54.838769385009535,1754.840620320305,1,FIRE,False,,
443795,double_dqn,dueling,1067,,,2.0,2.0,0.05,0.001968005672097206,2.3288512229919434,3.264777183532715,0.8161945343017578,2.3392953872680664,3.2451164722442627,0.04615391045808792,0.1875220537185669,0.18657009303569794,10000,10000,1.0,220.48805726403015,220.48805726403015,110200,True,888,443500,0.0,0.0,0,NOOP,greedy,102467,104182,117380,119767,26377,417419,0.05943496561483204,0,221898,2,2,220.48805726403015,110.24402863201507,2,2,110.24402863201507,220.48805726403015,110.24402863201507,220.48805726403015,54.837581126901426,1754.8025960608456,0,NOOP,False,,
443796,double_dqn,dueling,1067,,,6.0,6.0,0.05,0.001968005672097206,2.3288512229919434,3.264777183532715,0.8161945343017578,2.3392953872680664,3.2451164722442627,0.04615391045808792,0.1875220537185669,0.18657009303569794,10000,10000,1.0,220.4880365181888,220.4880365181888,110200,True,888,443500,0.0,0.0,1,FIRE,greedy,102467,104182,117380,119767,26377,417419,0.05943496561483204,1,221898,2,2,220.4880365181888,110.2440182590944,2,2,110.2440182590944,220.4880365181888,110.2440182590944,220.4880365181888,54.83757596720357,1754.8024309505142,1,FIRE,False,,
444195,double_dqn,dueling,1067,,,7.0,7.0,0.05,0.003133340273052454,2.443098545074463,3.1997694969177246,1.4262012243270874,2.461402177810669,3.2076010704040527,0.05008415877819061,0.2655205726623535,0.16532659530639648,10000,10000,1.0,220.33954838620102,220.33954838620102,110300,True,889,444000,0.0,0.0,3,LEFT,greedy,102606,104262,117462,119866,26403,417793,0.059439976947113435,0,222098,2,2,220.33954838620102,110.16977419310051,2,2,110.16977419310051,220.33954838620102,110.16977419310051,220.33954838620102,54.801230959984366,1753.6393907194997,3,LEFT,False,,
444196,double_dqn,dueling,1067,,,11.0,11.0,0.05,0.003133340273052454,2.443098545074463,3.1997694969177246,1.4262012243270874,2.461402177810669,3.2076010704040527,0.05008415877819061,0.2655205726623535,0.16532659530639648,10000,10000,1.0,220.3395143608471,220.3395143608471,110300,True,889,444000,1.0,1.0,0,NOOP,greedy,102606,104262,117462,119866,26403,417793,0.059439976947113435,1,222098,2,2,220.3395143608471,110.16975718042355,2,2,110.16975718042355,220.3395143608471,110.16975718042355,220.3395143608471,54.801222497448734,1753.6391199183595,0,NOOP,False,,
444595,double_dqn,dueling,1067,,,10.0,10.0,0.05,0.0023842521477490664,2.5650315284729004,3.4611544609069824,1.0033191442489624,2.5456395149230957,3.490405559539795,0.057682327926158905,0.17575383186340332,0.6509444713592529,10000,10000,1.0,220.29269097888294,220.29269097888294,110400,True,890,444500,0.0,0.0,3,LEFT,greedy,102730,104345,117541,119980,26428,418168,0.059442730029060094,0,222298,2,2,220.29269097888294,110.14634548944147,2,2,110.14634548944147,220.29269097888294,110.14634548944147,220.29269097888294,54.790159873208886,1753.2851159426843,3,LEFT,False,,
444596,double_dqn,dueling,1067,,,18.0,15.0,0.05,0.0023842521477490664,2.5650315284729004,3.4611544609069824,1.0033191442489624,2.5456395149230957,3.490405559539795,0.057682327926158905,0.17575383186340332,0.6509444713592529,10000,10000,1.0,220.2926711779243,220.2926711779243,110400,True,890,444500,0.0,0.0,0,NOOP,greedy,102730,104345,117541,119980,26428,418168,0.059442730029060094,1,222298,2,2,220.2926711779243,110.14633558896215,2,2,110.14633558896215,220.2926711779243,110.14633558896215,220.2926711779243,54.79015494840777,1753.2849583490486,0,NOOP,False,,
444840,double_dqn,dueling,1068,21.0,748,0.0,0.0,0.05,,,,,,,,,,10000,10000,1.0,220.29242764208067,220.29242764208067,110461,True,890,444500,0.0,0.0,1,FIRE,greedy,102777,104404,117569,120090,26441,418399,0.05943934897940833,1,222420,2,2,220.29242764208067,110.14621382104033,2,2,110.14621382104033,220.29242764208067,110.14621382104033,220.29242764208067,54.79044879662918,1753.2943614921337,1,FIRE,False,,
444995,double_dqn,dueling,1068,,,17.0,14.0,0.05,0.0017668134532868862,2.5006868839263916,3.26650333404541,0.9184317588806152,2.516270399093628,3.259403705596924,0.048966746777296066,0.1625075340270996,0.12168818712234497,10000,10000,1.0,220.2913064425852,220.2913064425852,110500,True,890,444500,0.0,0.0,1,FIRE,greedy,102829,104445,117591,120131,26447,418549,0.05943199489433613,0,222498,2,2,220.2913064425852,110.1456532212926,2,2,110.1456532212926,220.2913064425852,110.1456532212926,220.2913064425852,54.790396065349746,1753.2926740911919,1,FIRE,False,,
444996,double_dqn,dueling,1068,,,1.0,1.0,0.05,0.0017668134532868862,2.5006868839263916,3.26650333404541,0.9184317588806152,2.516270399093628,3.259403705596924,0.048966746777296066,0.1625075340270996,0.12168818712234497,10000,10000,1.0,220.2912869811369,220.2912869811369,110500,True,890,444500,0.0,0.0,0,NOOP,greedy,102829,104445,117591,120131,26447,418549,0.05943199489433613,1,222498,2,2,220.2912869811369,110.14564349056845,2,2,110.14564349056845,220.2912869811369,110.14564349056845,220.2912869811369,54.79039122493876,1753.2925191980403,0,NOOP,False,,
445101,double_dqn,dueling,1069,19.0,737,0.0,0.0,0.05,,,,,,,,,,10000,10000,1.0,220.2929513843871,220.2929513843871,110526,False,891,445000,0.0,0.0,1,FIRE,greedy,102855,104484,117611,120152,26449,418653,0.05942233465587663,0,222551,2,2,220.2929513843871,110.14647569219355,2,2,110.14647569219355,220.2929513843871,110.14647569219355,220.2929513843871,54.79039408067259,1753.292610581523,1,FIRE,False,,
445395,double_dqn,dueling,1069,,,3.0,3.0,0.05,0.00406205328181386,2.363877058029175,3.2647976875305176,1.0453822612762451,2.3963463306427,3.231085777282715,0.05475958064198494,0.4086909294128418,0.304523766040802,10000,10000,1.0,220.30601144275408,220.30601144275408,110600,True,891,445000,0.0,0.0,0,NOOP,greedy,102902,104576,117675,120243,26469,418927,0.059428014620697085,0,222698,2,2,220.30601144275408,110.15300572137704,2,2,110.15300572137704,220.30601144275408,110.15300572137704,220.30601144275408,54.79463167161255,1753.4282134916016,0,NOOP,False,,
445396,double_dqn,dueling,1069,,,5.0,5.0,0.05,0.00406205328181386,2.363877058029175,3.2647976875305176,1.0453822612762451,2.3963463306427,3.231085777282715,0.05475958064198494,0.4086909294128418,0.304523766040802,10000,10000,1.0,220.3059922172098,220.3059922172098,110600,True,891,445000,0.0,0.0,1,FIRE,greedy,102902,104576,117675,120243,26469,418927,0.059428014620697085,1,222698,2,2,220.3059922172098,110.1529961086049,2,2,110.1529961086049,220.3059922172098,110.1529961086049,220.3059922172098,54.794626889824656,1753.428060474389,1,FIRE,False,,
445690,double_dqn,dueling,1070,7.0,425,0.0,0.0,0.05,,,,,,,,,,10000,10000,1.0,220.30404774615403,220.30404774615403,110673,False,892,445500,0.0,0.0,1,FIRE,greedy,102943,104649,117768,120330,26489,419201,0.05943368709192488,1,222845,2,2,220.30404774615403,110.15202387307701,2,2,110.15202387307701,220.30404774615403,110.15202387307701,220.30404774615403,54.794003842305735,1753.4081229537835,1,FIRE,False,,
445795,double_dqn,dueling,1070,,,9.0,9.0,0.05,0.001571598113514483,2.289811134338379,3.2086093425750732,1.0336081981658936,2.2985424995422363,3.262180805206299,0.04447620362043381,0.14583969116210938,0.30327486991882324,10000,10000,1.0,220.2672208515679,220.2672208515679,110700,True,892,445500,0.0,0.0,3,LEFT,greedy,102971,104681,117790,120354,26493,419303,0.059428527846817826,0,222898,2,2,220.2672208515679,110.13361042578396,2,2,110.13361042578396,220.2672208515679,110.13361042578396,220.2672208515679,54.785559399837105,1753.1379007947874,3,LEFT,False,,
445796,double_dqn,dueling,1070,,,1.0,1.0,0.05,0.001571598113514483,2.289811134338379,3.2086093425750732,1.0336081981658936,2.2985424995422363,3.262180805206299,0.04447620362043381,0.14583969116210938,0.30327486991882324,10000,10000,1.0,220.26719837641903,220.26719837641903,110700,True,892,445500,0.0,0.0,2,RIGHT,greedy,102971,104681,117790,120354,26493,419303,0.059428527846817826,1,222898,2,2,220.26719837641903,110.13359918820952,2,2,110.13359918820952,220.26719837641903,110.13359918820952,220.26719837641903,54.785553809747036,1753.1377219119051,2,RIGHT,False,,
446195,double_dqn,dueling,1070,,,14.0,14.0,0.05,0.002668053610250354,2.3121933937072754,3.341336727142334,0.6571154594421387,2.3204116821289062,3.358319044113159,0.04768083244562149,0.2207006812095642,0.2610208988189697,10000,10000,1.0,220.23062198581923,220.23062198581923,110800,True,893,446000,0.0,0.0,3,LEFT,greedy,103043,104822,117860,120471,26516,419680,0.05942679898519933,0,223098,2,2,220.23062198581923,110.11531099290961,2,2,110.11531099290961,220.23062198581923,110.11531099290961,220.23062198581923,54.77702971664046,1752.8649509324948,3,LEFT,False,,
446196,double_dqn,dueling,1070,,,6.0,6.0,0.05,0.002668053610250354,2.3121933937072754,3.341336727142334,0.6571154594421387,2.3204116821289062,3.358319044113159,0.04768083244562149,0.2207006812095642,0.2610208988189697,10000,10000,1.0,220.23060275294335,220.23060275294335,110800,True,893,446000,0.0,0.0,3,LEFT,greedy,103043,104822,117860,120471,26516,419680,0.05942679898519933,1,223098,2,2,220.23060275294335,110.11530137647168,2,2,110.11530137647168,220.23060275294335,110.11530137647168,220.23060275294335,54.77702493292872,1752.864797853719,3,LEFT,False,,
446485,double_dqn,dueling,1071,17.0,692,0.0,0.0,0.05,,,,,,,,,,10000,10000,1.0,220.23328160644363,220.23328160644363,110872,False,893,446000,0.0,0.0,1,FIRE,greedy,103078,104949,117907,120552,26532,419954,0.05942403569204858,0,223243,2,2,220.23328160644363,110.11664080322181,2,2,110.11664080322181,220.23328160644363,110.11664080322181,220.23328160644363,54.77754499246006,1752.8814397587219,1,FIRE,False,,
446595,double_dqn,dueling,1071,,,1.0,1.0,0.05,0.0013148197904229164,2.569256067276001,3.3883421421051025,1.6476420164108276,2.593696117401123,3.3265795707702637,0.041684918105602264,0.10782015323638916,0.08147755265235901,10000,10000,1.0,220.22231851243743,220.22231851243743,110900,True,894,446500,0.0,0.0,1,FIRE,fire_reset,103100,104983,117929,120584,26534,420062,0.059413877419412627,0,223298,2,2,220.22231851243743,110.11115925621871,2,2,110.11115925621871,220.22231851243743,110.11115925621871,220.22231851243743,54.775535376811725,1752.8171320579752,0,NOOP,True,after_life_loss,
446596,double_dqn,dueling,1071,,,10.0,10.0,0.05,0.0013148197904229164,2.569256067276001,3.3883421421051025,1.6476420164108276,2.593696117401123,3.3265795707702637,0.041684918105602264,0.10782015323638916,0.08147755265235901,10000,10000,1.0,220.22229858007123,220.22229858007123,110900,True,894,446500,0.0,0.0,0,NOOP,greedy,103100,104983,117929,120584,26534,420062,0.059413877419412627,1,223298,2,2,220.22229858007123,110.11114929003561,2,2,110.11114929003561,220.22229858007123,110.11114929003561,220.22229858007123,54.77553041906703,1752.816973410145,0,NOOP,False,,
446880,double_dqn,dueling,1072,13.0,595,0.0,0.0,0.05,,,,,,,,,,10000,10000,1.0,220.21423362082658,220.21423362082658,110971,True,894,446500,0.0,0.0,1,FIRE,random,103149,105049,117999,120683,26539,420341,0.05938730755460079,1,223440,2,2,220.21423362082658,110.10711681041329,2,2,110.10711681041329,220.21423362082658,110.10711681041329,220.21423362082658,54.773928384863254,1752.7657083156241,1,FIRE,False,,
446995,double_dqn,dueling,1072,,,4.0,4.0,0.05,0.0018160714535042644,2.455232858657837,3.140641450881958,1.573940396308899,2.4872899055480957,3.2001771926879883,0.041917990893125534,0.22549104690551758,0.2529180347919464,10000,10000,1.0,220.21787178164837,220.21787178164837,111000,True,894,446500,0.0,0.0,2,RIGHT,greedy,103172,105072,118029,120723,26547,420449,0.05938979319725456,0,223498,2,2,220.21787178164837,110.10893589082418,2,2,110.10893589082418,220.21787178164837,110.10893589082418,220.21787178164837,54.77499796660332,1752.7999349313063,2,RIGHT,False,,
446996,double_dqn,dueling,1072,,,1.0,1.0,0.05,0.0018160714535042644,2.455232858657837,3.140641450881958,1.573940396308899,2.4872899055480957,3.2001771926879883,0.041917990893125534,0.22549104690551758,0.2529180347919464,10000,10000,1.0,220.21785218597284,220.21785218597284,111000,True,894,446500,0.0,0.0,1,FIRE,greedy,103172,105072,118029,120723,26547,420449,0.05938979319725456,1,223498,2,2,220.21785218597284,110.10892609298642,2,2,110.10892609298642,220.21785218597284,110.10892609298642,220.21785218597284,54.774993092552556,1752.7997789616818,1,FIRE,False,,
447191,double_dqn,dueling,1073,6.0,353,0.0,0.0,0.05,,,,,,,,,,10000,10000,1.0,220.21430728785006,220.21430728785006,111049,True,895,447000,0.0,0.0,3,LEFT,greedy,103196,105120,118089,120787,26553,420639,0.059377180271561206,0,223596,2,2,220.21430728785006,110.10715364392503,2,2,110.10715364392503,220.21430728785006,110.10715364392503,220.21430728785006,54.77438914283779,1752.7804525708093,3,LEFT,False,,
447395,double_dqn,dueling,1073,,,2.0,2.0,0.05,0.0017153109656646848,2.376286506652832,3.2217471599578857,0.4838254451751709,2.373013973236084,3.1664488315582275,0.041762590408325195,0.20329666137695312,0.35244905948638916,10000,10000,1.0,220.18332395334426,220.18332395334426,111100,True,895,447000,0.0,0.0,3,LEFT,greedy,103247,105174,118134,120841,26561,420835,0.05936798719702456,0,223698,2,2,220.18332395334426,110.09166197667213,2,2,110.09166197667213,220.18332395334426,110.09166197667213,220.18332395334426,54.76697107735339,1752.5430744753085,3,LEFT,False,,
447396,double_dqn,dueling,1073,,,6.0,6.0,0.05,0.0017153109656646848,2.376286506652832,3.2217471599578857,0.4838254451751709,2.373013973236084,3.1664488315582275,0.041762590408325195,0.20329666137695312,0.35244905948638916,10000,10000,1.0,220.18327421910377,220.18327421910377,111100,True,895,447000,0.0,0.0,1,FIRE,greedy,103247,105174,118134,120841,26561,420835,0.05936798719702456,1,223698,2,2,220.18327421910377,110.09163710955188,2,2,110.09163710955188,220.18327421910377,110.09163710955188,220.18327421910377,54.766958706781175,1752.5426786169976,1,FIRE,False,,
447795,double_dqn,dueling,1073,,,7.0,7.0,0.05,0.001239395933225751,2.42134952545166,3.3740999698638916,1.3960901498794556,2.4597275257110596,3.304302215576172,0.042389463633298874,0.09446263313293457,0.3903507590293884,10000,10000,1.0,220.1420226922451,220.1420226922451,111200,True,896,447500,0.0,0.0,3,LEFT,greedy,103309,105249,118246,120992,26585,421211,0.05936855175124387,0,223898,2,2,220.1420226922451,110.07101134612255,2,2,110.07101134612255,220.1420226922451,110.07101134612255,220.1420226922451,54.757261898298076,1752.2323807455384,3,LEFT,False,,
447796,double_dqn,dueling,1073,,,13.0,10.0,0.05,0.001239395933225751,2.42134952545166,3.3740999698638916,1.3960901498794556,2.4597275257110596,3.304302215576172,0.042389463633298874,0.09446263313293457,0.3903507590293884,10000,10000,1.0,220.1419839802532,220.1419839802532,111200,True,896,447500,0.0,0.0,1,FIRE,greedy,103309,105249,118246,120992,26585,421211,0.05936855175124387,1,223898,2,2,220.1419839802532,110.0709919901266,2,2,110.0709919901266,220.1419839802532,110.0709919901266,220.1419839802532,54.75725226922929,1752.2320726153373,1,FIRE,False,,
448012,double_dqn,dueling,1074,17.0,566,0.0,0.0,0.05,,,,,,,,,,10000,10000,1.0,220.13349004365026,220.13349004365026,111254,True,897,448000,0.0,0.0,1,FIRE,greedy,103340,105320,118301,121051,26598,421414,0.059368945474674785,1,224006,2,2,220.13349004365026,110.06674502182513,2,2,110.06674502182513,220.13349004365026,110.06674502182513,220.13349004365026,54.755443029310875,1752.174176937948,1,FIRE,False,,
448195,double_dqn,dueling,1074,,,12.0,12.0,0.05,0.017510749399662018,2.1930549144744873,3.323032855987549,1.0278756618499756,2.1693782806396484,3.3085384368896484,0.07030366361141205,1.0278756618499756,0.6981090903282166,10000,10000,1.0,220.13806018488535,220.13806018488535,111300,True,897,448000,0.0,0.0,2,RIGHT,greedy,103373,105370,118344,121109,26607,421589,0.05936465296432811,0,224098,2,2,220.13806018488535,110.06903009244267,2,2,110.06903009244267,220.13806018488535,110.06903009244267,220.13806018488535,54.75683782243164,1752.2188103178125,2,RIGHT,False,,
448196,double_dqn,dueling,1074,,,2.0,2.0,0.05,0.017510749399662018,2.1930549144744873,3.323032855987549,1.0278756618499756,2.1693782806396484,3.3085384368896484,0.07030366361141205,1.0278756618499756,0.6981090903282166,10000,10000,1.0,220.13804128431636,220.13804128431636,111300,True,897,448000,0.0,0.0,3,LEFT,greedy,103373,105370,118344,121109,26607,421589,0.05936465296432811,1,224098,2,2,220.13804128431636,110.06902064215818,2,2,110.06902064215818,220.13804128431636,110.06902064215818,220.13804128431636,54.75683312113015,1752.2186598761648,3,LEFT,False,,
448577,double_dqn,dueling,1075,15.0,693,0.0,0.0,0.05,,,,,,,,,,10000,10000,1.0,220.13679681990394,220.13679681990394,111395,False,898,448500,0.0,0.0,1,FIRE,greedy,103439,105483,118437,121219,26634,421944,0.05937428942123778,0,224289,2,2,220.13679681990394,110.06839840995197,2,2,110.06839840995197,220.13679681990394,110.06839840995197,220.13679681990394,54.75650345014219,1752.20811040455,1,FIRE,False,,
448595,double_dqn,dueling,1075,,,0.0,0.0,0.05,0.0006737608346156776,2.47454833984375,3.301136016845703,1.2950338125228882,2.4950649738311768,3.3900508880615234,0.028015274554491043,0.12067627906799316,0.07293792814016342,10000,10000,1.0,220.1381966734489,220.1381966734489,111400,True,898,448500,0.0,0.0,0,NOOP,greedy,103443,105488,118442,121223,26635,421961,0.059374136193813584,0,224298,2,2,220.1381966734489,110.06909833672445,2,2,110.06909833672445,220.1381966734489,110.06909833672445,220.1381966734489,54.75743105335305,1752.2377937072977,0,NOOP,False,,
448596,double_dqn,dueling,1075,,,7.0,7.0,0.05,0.0006737608346156776,2.47454833984375,3.301136016845703,1.2950338125228882,2.4950649738311768,3.3900508880615234,0.028015274554491043,0.12067627906799316,0.07293792814016342,10000,10000,1.0,220.13817712767187,220.13817712767187,111400,True,898,448500,0.0,0.0,3,LEFT,greedy,103443,105488,118442,121223,26635,421961,0.059374136193813584,1,224298,2,2,220.13817712767187,110.06908856383593,2,2,110.06908856383593,220.13817712767187,110.06908856383593,220.13817712767187,54.75742619151374,1752.2376381284396,3,LEFT,False,,
448995,double_dqn,dueling,1075,,,4.0,4.0,0.05,0.0017015591729432344,2.38362455368042,3.276641845703125,-0.04463253542780876,2.415897846221924,3.25612211227417,0.04178949072957039,0.17564153671264648,0.3633464276790619,10000,10000,1.0,220.08642729942602,220.08642729942602,111500,True,898,448500,0.0,0.0,3,LEFT,greedy,103531,105555,118556,121354,26650,422346,0.05935464903918966,0,224498,2,2,220.08642729942602,110.04321364971301,2,2,110.04321364971301,220.08642729942602,110.04321364971301,220.08642729942602,54.74511078059001,1751.8435449788803,3,LEFT,False,,
448996,double_dqn,dueling,1075,,,14.0,14.0,0.05,0.0017015591729432344,2.38362455368042,3.276641845703125,-0.04463253542780876,2.415897846221924,3.25612211227417,0.04178949072957039,0.17564153671264648,0.3633464276790619,10000,10000,1.0,220.08640531928936,220.08640531928936,111500,True,898,448500,0.0,0.0,1,FIRE,greedy,103531,105555,118556,121354,26650,422346,0.05935464903918966,1,224498,2,2,220.08640531928936,110.04320265964468,2,2,110.04320265964468,220.08640531928936,110.04320265964468,220.08640531928936,54.74510531316963,1751.8433700214282,1,FIRE,False,,
449395,double_dqn,dueling,1075,,,9.0,9.0,0.05,0.0017438216600567102,2.3172478675842285,3.350310802459717,0.07877205312252045,2.337777853012085,3.3634870052337646,0.04337094724178314,0.1785297393798828,0.1839248239994049,10000,10000,1.0,220.05152116868075,220.05152116868075,111600,True,899,449000,0.0,0.0,0,NOOP,greedy,103625,105624,118669,121478,26670,422726,0.05934632261969399,0,224698,2,2,220.05152116868075,110.02576058434038,2,2,110.02576058434038,220.05152116868075,110.02576058434038,220.05152116868075,54.73698267992034,1751.5834457574508,0,NOOP,False,,
449396,double_dqn,dueling,1075,,,25.0,19.0,0.05,0.0017438216600567102,2.3172478675842285,3.350310802459717,0.07877205312252045,2.337777853012085,3.3634870052337646,0.04337094724178314,0.1785297393798828,0.1839248239994049,10000,10000,1.0,220.05150059954707,220.05150059954707,111600,True,899,449000,0.0,0.0,3,LEFT,greedy,103625,105624,118669,121478,26670,422726,0.05934632261969399,1,224698,2,2,220.05150059954707,110.02575029977353,2,2,110.02575029977353,220.05150059954707,110.02575029977353,220.05150059954707,54.73697756342622,1751.5832820296391,3,LEFT,False,,
449578,double_dqn,dueling,1076,34.0,783,0.0,0.0,0.05,,,,,,,,,,10000,10000,1.0,220.05433309500432,220.05433309500432,111645,False,900,449500,0.0,0.0,1,FIRE,random,103673,105671,118704,121530,26683,422895,0.05935121380494597,1,224789,2,2,220.05433309500432,110.02716654750216,2,2,110.02716654750216,220.05433309500432,110.02716654750216,220.05433309500432,54.7373824377857,1751.5962380091423,1,FIRE,False,,
449795,double_dqn,dueling,1076,,,14.0,14.0,0.05,0.0010501190554350615,2.597304582595825,3.3785698413848877,1.7577582597732544,2.6152431964874268,3.370713949203491,0.0373942069709301,0.09378409385681152,0.07180628180503845,10000,10000,1.0,220.0608949169561,220.0608949169561,111700,True,900,449500,0.0,0.0,0,NOOP,greedy,103743,105705,118763,121585,26695,423101,0.05934912715986803,0,224898,2,2,220.0608949169561,110.03044745847805,2,2,110.03044745847805,220.0608949169561,110.03044745847805,220.0608949169561,54.739866746470405,1751.675735887053,0,NOOP,False,,
449796,double_dqn,dueling,1076,,,2.0,2.0,0.05,0.0010501190554350615,2.597304582595825,3.3785698413848877,1.7577582597732544,2.6152431964874268,3.370713949203491,0.0373942069709301,0.09378409385681152,0.07180628180503845,10000,10000,1.0,220.0608531304628,220.0608531304628,111700,True,900,449500,0.0,0.0,2,RIGHT,greedy,103743,105705,118763,121585,26695,423101,0.05934912715986803,1,224898,2,2,220.0608531304628,110.0304265652314,2,2,110.0304265652314,220.0608531304628,110.0304265652314,220.0608531304628,54.73985635213352,1751.6754032682727,2,RIGHT,False,,
449869,double_dqn,dueling,1077,15.0,646,0.0,0.0,0.05,,,,,,,,,,10000,10000,1.0,220.04107395433212,220.04107395433212,111718,False,900,449500,0.0,0.0,3,LEFT,greedy,103756,105720,118778,121616,26698,423172,0.05934603329850846,0,224935,2,2,220.04107395433212,110.02053697716606,2,2,110.02053697716606,220.04107395433212,110.02053697716606,220.04107395433212,54.734487785998546,1751.5036091519535,3,LEFT,False,,
450195,double_dqn,dueling,1077,,,3.0,3.0,0.05,0.0021751699969172478,2.232105255126953,3.14664888381958,0.07377487421035767,2.2555928230285645,3.174009323120117,0.05060816556215286,0.20804977416992188,0.17475076019763947,10000,10000,1.0,220.04935340887252,220.04935340887252,111800,True,901,450000,0.0,0.0,1,FIRE,greedy,103841,105818,118839,121698,26713,423483,0.05933637793316689,0,225098,2,2,220.04935340887252,110.02467670443626,2,2,110.02467670443626,220.04935340887252,110.02467670443626,220.04935340887252,54.73754595700435,1751.6014706241392,1,FIRE,False,,
450196,double_dqn,dueling,1077,,,8.0,8.0,0.05,0.0021751699969172478,2.232105255126953,3.14664888381958,0.07377487421035767,2.2555928230285645,3.174009323120117,0.05060816556215286,0.20804977416992188,0.17475076019763947,10000,10000,1.0,220.0493340349559,220.0493340349559,111800,True,901,450000,0.0,0.0,1,FIRE,greedy,103841,105818,118839,121698,26713,423483,0.05933637793316689,1,225098,2,2,220.0493340349559,110.02466701747795,2,2,110.02466701747795,220.0493340349559,110.02466701747795,220.0493340349559,54.73754113771888,1751.601316407004,1,FIRE,False,,
450595,double_dqn,dueling,1077,,,8.0,8.0,0.05,0.0015782639384269714,2.482858657836914,3.270223617553711,0.04829820245504379,2.479343891143799,3.243006706237793,0.040684640407562256,0.16507458686828613,0.2341490536928177,10000,10000,1.0,220.07664457580455,220.07664457580455,111900,True,902,450500,0.0,0.0,3,LEFT,greedy,103992,105903,118918,121783,26729,423867,0.05931921277596783,0,225298,2,2,220.07664457580455,110.03832228790228,2,2,110.03832228790228,220.07664457580455,110.03832228790228,220.07664457580455,54.744882688030025,1751.8362460169608,3,LEFT,False,,
450596,double_dqn,dueling,1077,,,13.0,13.0,0.05,0.0015782639384269714,2.482858657836914,3.270223617553711,0.04829820245504379,2.479343891143799,3.243006706237793,0.040684640407562256,0.16507458686828613,0.2341490536928177,10000,10000,1.0,220.07661478098404,220.07661478098404,111900,True,902,450500,0.0,0.0,3,LEFT,greedy,103992,105903,118918,121783,26729,423867,0.05931921277596783,1,225298,2,2,220.07661478098404,110.03830739049202,2,2,110.03830739049202,220.07661478098404,110.03830739049202,220.07661478098404,54.74487527645777,1751.8360088466486,3,LEFT,False,,
450995,double_dqn,dueling,1077,,,13.0,13.0,0.05,0.001191909657791257,2.364020824432373,3.3774139881134033,-0.2078814059495926,2.3689589500427246,3.4108076095581055,0.038756899535655975,0.14601469039916992,0.186477392911911,10000,10000,1.0,220.02671947314883,220.02671947314883,112000,True,902,450500,0.0,0.0,1,FIRE,greedy,104130,105996,119005,121865,26742,424254,0.05929542612351329,0,225498,2,2,220.02671947314883,110.01335973657442,2,2,110.01335973657442,220.02671947314883,110.01335973657442,220.02671947314883,54.73300934813612,1751.456299140356,1,FIRE,False,,
450996,double_dqn,dueling,1077,,,19.0,19.0,0.05,0.001191909657791257,2.364020824432373,3.3774139881134033,-0.2078814059495926,2.3689589500427246,3.4108076095581055,0.038756899535655975,0.14601469039916992,0.186477392911911,10000,10000,1.0,220.02670027665775,220.02670027665775,112000,True,902,450500,0.0,0.0,3,LEFT,random,104130,105996,119005,121865,26742,424254,0.05929542612351329,1,225498,2,2,220.02670027665775,110.01335013832887,2,2,110.01335013832887,220.02670027665775,110.01335013832887,220.02670027665775,54.73300457289006,1751.456146332482,3,LEFT,False,,
451163,double_dqn,dueling,1078,18.0,647,0.0,0.0,0.05,,,,,,,,,,10000,10000,1.0,220.00116804125352,220.00116804125352,112042,True,903,451000,0.0,0.0,1,FIRE,greedy,104174,106041,119046,121903,26747,424417,0.05928442872214982,0,225582,2,2,220.00116804125352,110.00058402062676,2,2,110.00058402062676,220.00116804125352,110.00058402062676,220.00116804125352,54.72688179769923,1751.2602175263753,1,FIRE,False,,
451326,double_dqn,dueling,1079,22.0,874,0.0,0.0,0.05,,,,,,,,,,10000,10000,1.0,219.99519686733487,219.99519686733487,112082,False,903,451000,0.0,0.0,2,RIGHT,random,104251,106066,119077,121932,26761,424565,0.05929416873833991,1,225663,2,2,219.99519686733487,109.99759843366743,2,2,109.99759843366743,219.99519686733487,109.99759843366743,219.99519686733487,54.725070057086505,1751.2022418267682,2,RIGHT,False,,
451395,double_dqn,dueling,1079,,,2.0,2.0,0.05,0.0015524937771260738,2.4011802673339844,3.2960307598114014,1.55094313621521,2.4065704345703125,3.2613463401794434,0.040647171437740326,0.14098739624023438,0.40698444843292236,10000,10000,1.0,219.98204904274604,219.98204904274604,112100,True,903,451000,0.0,0.0,0,NOOP,greedy,104299,106072,119081,121944,26764,424632,0.0592916197750977,0,225698,2,2,219.98204904274604,109.99102452137302,2,2,109.99102452137302,219.98204904274604,109.99102452137302,219.98204904274604,54.7224407386072,1751.1181036354303,0,NOOP,False,,
451396,double_dqn,dueling,1079,,,1.0,1.0,0.05,0.0015524937771260738,2.4011802673339844,3.2960307598114014,1.55094313621521,2.4065704345703125,3.2613463401794434,0.040647171437740326,0.14098739624023438,0.40698444843292236,10000,10000,1.0,219.98202145823674,219.98202145823674,112100,True,903,451000,0.0,0.0,0,NOOP,greedy,104299,106072,119081,121944,26764,424632,0.0592916197750977,1,225698,2,2,219.98202145823674,109.99101072911837,2,2,109.99101072911837,219.98202145823674,109.99101072911837,219.98202145823674,54.7224338767215,1751.117884055088,0,NOOP,False,,
451795,double_dqn,dueling,1079,,,6.0,6.0,0.05,0.0048463912680745125,1.985848307609558,3.1677052974700928,-0.3152143955230713,1.978882908821106,3.224729299545288,0.04848508536815643,0.5086293816566467,0.6329498887062073,10000,10000,1.0,219.96173719605252,219.96173719605252,112200,True,904,451500,0.0,0.0,3,LEFT,greedy,104388,106219,119156,122033,26779,425017,0.059272326448219996,0,225898,2,2,219.96173719605252,109.98086859802626,2,2,109.98086859802626,219.96173719605252,109.98086859802626,219.96173719605252,54.717929223099766,1750.9737351391925,3,LEFT,False,,
451796,double_dqn,dueling,1079,,,5.0,5.0,0.05,0.0048463912680745125,1.985848307609558,3.1677052974700928,-0.3152143955230713,1.978882908821106,3.224729299545288,0.04848508536815643,0.5086293816566467,0.6329498887062073,10000,10000,1.0,219.9617181349092,219.9617181349092,112200,True,904,451500,0.0,0.0,3,LEFT,greedy,104388,106219,119156,122033,26779,425017,0.059272326448219996,1,225898,2,2,219.9617181349092,109.9808590674546,2,2,109.9808590674546,219.9617181349092,109.9808590674546,219.9617181349092,54.71792448142831,1750.973583405706,3,LEFT,False,,
451895,double_dqn,dueling,1080,7.0,366,0.0,0.0,0.05,,,,,,,,,,10000,10000,1.0,219.95236785576685,219.95236785576685,112225,True,904,451500,0.0,0.0,1,FIRE,greedy,104399,106242,119185,122070,26787,425109,0.0592769132720803,0,225948,2,2,219.95236785576685,109.97618392788343,2,2,109.97618392788343,219.95236785576685,109.97618392788343,219.95236785576685,54.71573346271365,1750.9034708068368,1,FIRE,False,,
452195,double_dqn,dueling,1080,,,3.0,3.0,0.05,0.0011182031594216824,2.5376009941101074,3.1450884342193604,1.126092791557312,2.5636677742004395,3.1918535232543945,0.033399924635887146,0.15484070777893066,0.2516924738883972,10000,10000,1.0,219.92159517560896,219.92159517560896,112300,True,905,452000,0.0,0.0,1,FIRE,fire_reset,104515,106273,119254,122154,26800,425396,0.059266335836672596,0,226098,2,2,219.92159517560896,109.96079758780448,2,2,109.96079758780448,219.92159517560896,109.96079758780448,219.92159517560896,54.7084824414823,1750.6714381274337,2,RIGHT,True,after_life_loss,
452196,double_dqn,dueling,1080,,,8.0,8.0,0.05,0.0011182031594216824,2.5376009941101074,3.1450884342193604,1.126092791557312,2.5636677742004395,3.1918535232543945,0.033399924635887146,0.15484070777893066,0.2516924738883972,10000,10000,1.0,219.92157357572546,219.92157357572546,112300,True,905,452000,0.0,0.0,0,NOOP,greedy,104515,106273,119254,122154,26800,425396,0.059266335836672596,1,226098,2,2,219.92157357572546,109.96078678786273,2,2,109.96078678786273,219.92157357572546,109.96078678786273,219.92157357572546,54.70847706821804,1750.6712661829772,0,NOOP,False,,
452484,double_dqn,dueling,1081,12.0,579,0.0,0.0,0.05,,,,,,,,,,10000,10000,1.0,219.8719338653613,219.8719338653613,112372,True,905,452000,0.0,0.0,1,FIRE,greedy,104577,106346,119330,122231,26814,425670,0.059259553928978706,1,226242,2,2,219.8719338653613,109.93596693268066,2,2,109.93596693268066,219.8719338653613,109.93596693268066,219.8719338653613,54.696515185062104,1750.2884859219873,1,FIRE,False,,
452595,double_dqn,dueling,1081,,,8.0,8.0,0.05,0.0018940567970275879,2.4235010147094727,3.5050182342529297,1.1935673952102661,2.4614884853363037,3.5719399452209473,0.04372088983654976,0.2098846435546875,0.3813084363937378,10000,10000,1.0,219.86760964402686,219.86760964402686,112400,True,906,452500,0.0,0.0,1,FIRE,greedy,104595,106364,119365,122272,26818,425778,0.05925372738601313,0,226298,2,2,219.86760964402686,109.93380482201343,2,2,109.93380482201343,219.86760964402686,109.93380482201343,219.86760964402686,54.695589540017124,1750.258865280548,1,FIRE,False,,
452596,double_dqn,dueling,1081,,,1.0,1.0,0.05,0.0018940567970275879,2.4235010147094727,3.5050182342529297,1.1935673952102661,2.4614884853363037,3.5719399452209473,0.04372088983654976,0.2098846435546875,0.3813084363937378,10000,10000,1.0,219.8675904119498,219.8675904119498,112400,True,906,452500,0.0,0.0,2,RIGHT,greedy,104595,106364,119365,122272,26818,425778,0.05925372738601313,1,226298,2,2,219.8675904119498,109.9337952059749,2,2,109.9337952059749,219.8675904119498,109.9337952059749,219.8675904119498,54.69558475572992,1750.2587121833574,2,RIGHT,False,,
452995,double_dqn,dueling,1081,,,12.0,12.0,0.05,0.0015056756092235446,2.4536945819854736,3.482287645339966,1.582175612449646,2.483454704284668,3.486550807952881,0.037137534469366074,0.2078847885131836,0.1548933982849121,10000,10000,1.0,219.8322426364369,219.8322426364369,112500,True,906,452500,0.0,0.0,0,NOOP,greedy,104668,106444,119452,122432,26832,426164,0.05923231110208479,0,226498,2,2,219.8322426364369,109.91612131821844,2,2,109.91612131821844,219.8322426364369,109.91612131821844,219.8322426364369,54.68732596158263,1749.9944307706442,0,NOOP,False,,
452996,double_dqn,dueling,1081,,,7.0,7.0,0.05,0.0015056756092235446,2.4536945819854736,3.482287645339966,1.582175612449646,2.483454704284668,3.486550807952881,0.037137534469366074,0.2078847885131836,0.1548933982849121,10000,10000,1.0,219.83222349604412,219.83222349604412,112500,True,906,452500,0.0,0.0,2,RIGHT,greedy,104668,106444,119452,122432,26832,426164,0.05923231110208479,1,226498,2,2,219.83222349604412,109.91611174802206,2,2,109.91611174802206,219.83222349604412,109.91611174802206,219.83222349604412,54.687321200056815,1749.994278401818,2,RIGHT,False,,
453395,double_dqn,dueling,1081,,,20.0,17.0,0.05,0.0016345670446753502,2.4011125564575195,3.3241429328918457,0.6288021206855774,2.411698341369629,3.302476644515991,0.03451654687523842,0.2664451599121094,0.1061742901802063,10000,10000,1.0,219.80816575293548,219.80816575293548,112600,True,907,453000,0.0,0.0,1,FIRE,greedy,104716,106612,119539,122529,26851,426545,0.05922196049369646,0,226698,2,2,219.80816575293548,109.90408287646774,2,2,109.90408287646774,219.80816575293548,109.90408287646774,219.80816575293548,54.68186876306703,1749.819800418145,1,FIRE,False,,
453396,double_dqn,dueling,1081,,,11.0,11.0,0.05,0.0016345670446753502,2.4011125564575195,3.3241429328918457,0.6288021206855774,2.411698341369629,3.302476644515991,0.03451654687523842,0.2664451599121094,0.1061742901802063,10000,10000,1.0,219.80814560916434,219.80814560916434,112600,True,907,453000,0.0,0.0,1,FIRE,greedy,104716,106612,119539,122529,26851,426545,0.05922196049369646,1,226698,2,2,219.80814560916434,109.90407280458217,2,2,109.90407280458217,219.80814560916434,109.90407280458217,219.80814560916434,54.68186375188355,1749.8196400602735,1,FIRE,False,,
453451,double_dqn,dueling,1082,21.0,778,0.0,0.0,0.05,,,,,,,,,,10000,10000,1.0,219.80470946421403,219.80470946421403,112614,True,907,453000,0.0,0.0,1,FIRE,greedy,104727,106633,119551,122541,26852,426600,0.05921685205931389,0,226726,2,2,219.80470946421403,109.90235473210701,2,2,109.90235473210701,219.80470946421403,109.90235473210701,219.80470946421403,54.68108330275576,1749.7946656881843,1,FIRE,False,,
453795,double_dqn,dueling,1082,,,3.0,3.0,0.05,0.001311077969148755,2.399658679962158,3.191816568374634,1.1427628993988037,2.4214649200439453,3.15382719039917,0.03419053927063942,0.20845746994018555,0.08640439808368683,10000,10000,1.0,219.7728839113244,219.7728839113244,112700,True,908,453500,0.0,0.0,2,RIGHT,greedy,104769,106769,119623,122635,26871,426925,0.059213831765815475,0,226898,2,2,219.7728839113244,109.8864419556622,2,2,109.8864419556622,219.7728839113244,109.8864419556622,219.7728839113244,54.67362186412018,1749.5558996518457,2,RIGHT,False,,
453796,double_dqn,dueling,1082,,,15.0,15.0,0.05,0.001311077969148755,2.399658679962158,3.191816568374634,1.1427628993988037,2.4214649200439453,3.15382719039917,0.03419053927063942,0.20845746994018555,0.08640439808368683,10000,10000,1.0,219.7728648800345,219.7728648800345,112700,True,908,453500,0.0,0.0,1,FIRE,greedy,104769,106769,119623,122635,26871,426925,0.059213831765815475,1,226898,2,2,219.7728648800345,109.88643244001724,2,2,109.88643244001724,219.7728648800345,109.88643244001724,219.7728648800345,54.67361712964371,1749.5557481485987,1,FIRE,False,,
453948,double_dqn,dueling,1083,20.0,732,0.0,0.0,0.05,,,,,,,,,,10000,10000,1.0,219.73819255403401,219.73819255403401,112738,True,908,453500,0.0,0.0,1,FIRE,greedy,104790,106805,119655,122698,26874,427074,0.05920061328610325,1,226974,2,2,219.73819255403401,109.86909627701701,2,2,109.86909627701701,219.73819255403401,109.86909627701701,219.73819255403401,54.665192478543666,1749.2861593133973,1,FIRE,False,,
454195,double_dqn,dueling,1083,,,8.0,8.0,0.05,0.0017190551152452826,2.337996482849121,3.379669189453125,0.9798897504806519,2.326709270477295,3.3450818061828613,0.042872488498687744,0.15340113639831543,0.4327300488948822,10000,10000,1.0,219.7300782865605,219.7300782865605,112800,True,909,454000,0.0,0.0,3,LEFT,greedy,104830,106876,119717,122773,26884,427312,0.05919030550687369,0,227098,2,2,219.7300782865605,109.86503914328026,2,2,109.86503914328026,219.7300782865605,109.86503914328026,219.7300782865605,54.66350098375574,1749.2320314801837,3,LEFT,False,,
454196,double_dqn,dueling,1083,,,2.0,2.0,0.05,0.0017190551152452826,2.337996482849121,3.379669189453125,0.9798897504806519,2.326709270477295,3.3450818061828613,0.042872488498687744,0.15340113639831543,0.4327300488948822,10000,10000,1.0,219.730059181753,219.730059181753,112800,True,909,454000,0.0,0.0,3,LEFT,greedy,104830,106876,119717,122773,26884,427312,0.05919030550687369,1,227098,2,2,219.730059181753,109.8650295908765,2,2,109.8650295908765,219.730059181753,109.8650295908765,219.730059181753,54.66349623094415,1749.2318793902127,3,LEFT,False,,
454595,double_dqn,dueling,1083,,,13.0,13.0,0.05,0.00118080317042768,2.463660717010498,3.137532949447632,1.1109223365783691,2.476855993270874,3.2124886512756348,0.038552965968847275,0.12093424797058105,0.17187725007534027,10000,10000,1.0,219.68181584550038,219.68181584550038,112900,True,910,454500,0.0,0.0,0,NOOP,greedy,104880,106988,119781,122947,26901,427695,0.059175619671092576,0,227298,2,2,219.68181584550038,109.84090792275019,2,2,109.84090792275019,219.68181584550038,109.84090792275019,219.68181584550038,54.65202029717162,1748.8646495094918,0,NOOP,False,,
454596,double_dqn,dueling,1083,,,6.0,6.0,0.05,0.00118080317042768,2.463660717010498,3.137532949447632,1.1109223365783691,2.476855993270874,3.2124886512756348,0.038552965968847275,0.12093424797058105,0.17187725007534027,10000,10000,1.0,219.68179683354077,219.68179683354077,112900,True,910,454500,0.0,0.0,0,NOOP,greedy,104880,106988,119781,122947,26901,427695,0.059175619671092576,1,227298,2,2,219.68179683354077,109.84089841677039,2,2,109.84089841677039,219.68179683354077,109.84089841677039,219.68179683354077,54.65201556741282,1748.8644981572102,0,NOOP,False,,
454845,double_dqn,dueling,1084,18.0,697,0.0,0.0,0.05,,,,,,,,,,10000,10000,1.0,219.65568456419768,219.65568456419768,112962,False,910,454500,0.0,0.0,3,LEFT,greedy,104902,107082,119820,123042,26914,427932,0.05917167568803507,0,227423,2,2,219.65568456419768,109.82784228209884,2,2,109.82784228209884,219.65568456419768,109.82784228209884,219.65568456419768,54.64531082411215,1748.6499463715888,3,LEFT,False,,
454995,double_dqn,dueling,1084,,,1.0,1.0,0.05,0.0013106998521834612,2.3485233783721924,3.6775691509246826,-0.46832704544067383,2.3639283180236816,3.682795763015747,0.03593849390745163,0.1731712818145752,0.1070234626531601,10000,10000,1.0,219.6403728090894,219.6403728090894,113000,True,910,454500,0.0,0.0,2,RIGHT,greedy,104950,107120,119852,123074,26919,428077,0.0591631574783075,0,227498,2,2,219.6403728090894,109.8201864045447,2,2,109.8201864045447,219.6403728090894,109.8201864045447,219.6403728090894,54.64223386256683,1748.5514836021387,2,RIGHT,False,,
454996,double_dqn,dueling,1084,,,11.0,11.0,0.05,0.0013106998521834612,2.3485233783721924,3.6775691509246826,-0.46832704544067383,2.3639283180236816,3.682795763015747,0.03593849390745163,0.1731712818145752,0.1070234626531601,10000,10000,1.0,219.6403545709442,219.6403545709442,113000,True,910,454500,0.0,0.0,3,LEFT,greedy,104950,107120,119852,123074,26919,428077,0.0591631574783075,1,227498,2,2,219.6403545709442,109.8201772854721,2,2,109.8201772854721,219.6403545709442,109.8201772854721,219.6403545709442,54.64222932527261,1748.5513384087235,3,LEFT,False,,
455052,double_dqn,dueling,1085,11.0,552,0.0,0.0,0.05,,,,,,,,,,10000,10000,1.0,219.63323635320205,219.63323635320205,113014,True,911,455000,0.0,0.0,1,FIRE,greedy,104965,107132,119862,123093,26924,428128,0.05916686444626108,1,227526,2,2,219.63323635320205,109.81661817660103,2,2,109.81661817660103,219.63323635320205,109.81661817660103,219.63323635320205,54.640531602158944,1748.4970112690862,1,FIRE,False,,
455395,double_dqn,dueling,1085,,,6.0,6.0,0.05,0.0028265526052564383,2.4805073738098145,3.367501974105835,0.4907893240451813,2.4938907623291016,3.340273141860962,0.05337055027484894,0.21715378761291504,0.18223336338996887,10000,10000,1.0,219.60978754498254,219.60978754498254,113100,True,911,455000,0.0,0.0,0,NOOP,greedy,105032,107204,119972,123188,26939,428457,0.059155108960113834,0,227698,2,2,219.60978754498254,109.80489377249127,2,2,109.80489377249127,219.60978754498254,109.80489377249127,219.60978754498254,54.63514641843591,1748.324685389949,0,NOOP,False,,
455396,double_dqn,dueling,1085,,,5.0,5.0,0.05,0.0028265526052564383,2.4805073738098145,3.367501974105835,0.4907893240451813,2.4938907623291016,3.340273141860962,0.05337055027484894,0.21715378761291504,0.18223336338996887,10000,10000,1.0,219.6097588280936,219.6097588280936,113100,True,911,455000,0.0,0.0,2,RIGHT,greedy,105032,107204,119972,123188,26939,428457,0.059155108960113834,1,227698,2,2,219.6097588280936,109.8048794140468,2,2,109.8048794140468,219.6097588280936,109.8048794140468,219.6097588280936,54.635139274166754,1748.3244567733361,2,RIGHT,False,,
455795,double_dqn,dueling,1085,,,11.0,11.0,0.05,0.0018089418299496174,2.4718213081359863,3.290583610534668,1.1673383712768555,2.518934488296509,3.353562593460083,0.044850416481494904,0.1888411045074463,0.39833155274391174,10000,10000,1.0,219.54487179709486,219.54487179709486,113200,True,912,455500,0.0,0.0,2,RIGHT,greedy,105119,107295,120073,123309,26961,428835,0.05915146249637996,0,227898,2,2,219.54487179709486,109.77243589854743,2,2,109.77243589854743,219.54487179709486,109.77243589854743,219.54487179709486,54.619515885340135,1747.8245083308843,2,RIGHT,False,,
455796,double_dqn,dueling,1085,,,11.0,8.0,0.05,0.0018089418299496174,2.4718213081359863,3.290583610534668,1.1673383712768555,2.518934488296509,3.353562593460083,0.044850416481494904,0.1888411045074463,0.39833155274391174,10000,10000,1.0,219.54485165485067,219.54485165485067,113200,True,912,455500,0.0,0.0,0,NOOP,greedy,105119,107295,120073,123309,26961,428835,0.05915146249637996,1,227898,2,2,219.54485165485067,109.77242582742534,2,2,109.77242582742534,219.54485165485067,109.77242582742534,219.54485165485067,54.6195108742478,1747.8243479759296,0,NOOP,False,,
456195,double_dqn,dueling,1085,,,18.0,15.0,0.05,0.009742806665599346,2.2768728733062744,3.2877438068389893,0.3000650405883789,2.309677839279175,3.3675315380096436,0.06067756190896034,0.7341039180755615,0.30761605501174927,10000,10000,1.0,219.5030069817724,219.5030069817724,113300,True,913,456000,0.0,0.0,2,RIGHT,greedy,105204,107384,120173,123435,26982,429214,0.05914563038693895,0,228098,2,2,219.5030069817724,109.7515034908862,2,2,109.7515034908862,219.5030069817724,109.7515034908862,219.5030069817724,54.609617815854534,1747.507770107345,2,RIGHT,False,,
456196,double_dqn,dueling,1085,,,19.0,13.0,0.05,0.009742806665599346,2.2768728733062744,3.2877438068389893,0.3000650405883789,2.309677839279175,3.3675315380096436,0.06067756190896034,0.7341039180755615,0.30761605501174927,10000,10000,1.0,219.50298810130073,219.50298810130073,113300,True,913,456000,0.0,0.0,3,LEFT,greedy,105204,107384,120173,123435,26982,429214,0.05914563038693895,1,228098,2,2,219.50298810130073,109.75149405065036,2,2,109.75149405065036,219.50298810130073,109.75149405065036,219.50298810130073,54.60961311862803,1747.507619796097,3,LEFT,False,,
456208,double_dqn,dueling,1086,19.0,578,0.0,0.0,0.05,,,,,,,,,,10000,10000,1.0,219.5009765030023,219.5009765030023,113303,True,913,456000,0.0,0.0,2,RIGHT,greedy,105205,107384,120183,123436,26983,429225,0.05914626661522814,1,228104,2,2,219.5009765030023,109.75048825150115,2,2,109.75048825150115,219.5009765030023,109.75048825150115,219.5009765030023,54.609128145159374,1747.4921006451,2,RIGHT,False,,
456265,double_dqn,dueling,1087,19.0,710,0.0,0.0,0.05,,,,,,,,,,10000,10000,1.0,219.4939300547859,219.4939300547859,113317,False,913,456000,0.0,0.0,3,LEFT,greedy,105217,107402,120199,123448,26985,429281,0.05914313141895298,0,228133,2,2,219.4939300547859,109.74696502739295,2,2,109.74696502739295,219.4939300547859,109.74696502739295,219.4939300547859,54.606917837604804,1747.4213708033537,3,LEFT,False,,
456595,double_dqn,dueling,1087,,,4.0,4.0,0.05,0.001590093714185059,2.310779571533203,3.3883447647094727,1.063313364982605,2.3280575275421143,3.2240612506866455,0.03962475806474686,0.16428351402282715,0.11393477767705917,10000,10000,1.0,219.47578118091735,219.47578118091735,113400,True,914,456500,0.0,0.0,3,LEFT,greedy,105276,107516,120271,123533,27002,429594,0.05913761837598227,0,228298,2,2,219.47578118091735,109.73789059045868,2,2,109.73789059045868,219.47578118091735,109.73789059045868,219.47578118091735,54.60335958546134,1747.307506734763,3,LEFT,False,,
456596,double_dqn,dueling,1087,,,5.0,5.0,0.05,0.001590093714185059,2.310779571533203,3.3883447647094727,1.063313364982605,2.3280575275421143,3.2240612506866455,0.03962475806474686,0.16428351402282715,0.11393477767705917,10000,10000,1.0,219.47576222512234,219.47576222512234,113400,True,914,456500,0.0,0.0,1,FIRE,greedy,105276,107516,120271,123533,27002,429594,0.05913761837598227,1,228298,2,2,219.47576222512234,109.73788111256117,2,2,109.73788111256117,219.47576222512234,109.73788111256117,219.47576222512234,54.603354869450826,1747.3073558224264,1,FIRE,False,,
456995,double_dqn,dueling,1087,,,7.0,7.0,0.05,0.0018582599004730582,2.3897695541381836,3.423818588256836,0.7669932246208191,2.376899242401123,3.4317872524261475,0.041978053748607635,0.22274035215377808,0.44909048080444336,10000,10000,1.0,219.42740407669802,219.42740407669802,113500,True,914,456500,0.0,0.0,3,LEFT,greedy,105342,107609,120399,123646,27016,429980,0.059116491172789255,0,228498,2,2,219.42740407669802,109.71370203834901,2,2,109.71370203834901,219.42740407669802,109.71370203834901,219.42740407669802,54.591836956008194,1746.9387825922622,3,LEFT,False,,
456996,double_dqn,dueling,1087,,,10.0,10.0,0.05,0.0018582599004730582,2.3897695541381836,3.423818588256836,0.7669932246208191,2.376899242401123,3.4317872524261475,0.041978053748607635,0.22274035215377808,0.44909048080444336,10000,10000,1.0,219.42737283780423,219.42737283780423,113500,True,914,456500,0.0,0.0,0,NOOP,greedy,105342,107609,120399,123646,27016,429980,0.059116491172789255,1,228498,2,2,219.42737283780423,109.71368641890211,2,2,109.71368641890211,219.42737283780423,109.71368641890211,219.42737283780423,54.591829184013605,1746.9385338884354,0,NOOP,False,,
457395,double_dqn,dueling,1087,,,13.0,13.0,0.05,0.0014052524929866195,2.53171443939209,3.410667657852173,0.9303207993507385,2.5614876747131348,3.4485397338867188,0.03905380517244339,0.1707167625427246,0.17619308829307556,10000,10000,1.0,219.39172872045137,219.39172872045137,113600,True,915,457000,0.0,0.0,1,FIRE,fire_reset,105442,107697,120496,123761,27035,430361,0.05910633236845097,0,228698,2,2,219.39172872045137,109.69586436022568,2,2,109.69586436022568,219.39172872045137,109.69586436022568,219.39172872045137,54.58347224751958,1746.6711119206266,2,RIGHT,True,after_life_loss,
457396,double_dqn,dueling,1087,,,18.0,15.0,0.05,0.0014052524929866195,2.53171443939209,3.410667657852173,0.9303207993507385,2.5614876747131348,3.4485397338867188,0.03905380517244339,0.1707167625427246,0.17619308829307556,10000,10000,1.0,219.3917082044734,219.3917082044734,113600,True,915,457000,0.0,0.0,2,RIGHT,greedy,105442,107697,120496,123761,27035,430361,0.05910633236845097,1,228698,2,2,219.3917082044734,109.6958541022367,2,2,109.6958541022367,219.3917082044734,109.6958541022367,219.3917082044734,54.583467143255525,1746.6709485841768,2,RIGHT,False,,
457745,double_dqn,dueling,1088,17.0,740,0.0,0.0,0.05,,,,,,,,,,10000,10000,1.0,219.37260390088423,219.37260390088423,113687,False,916,457500,0.0,0.0,0,NOOP,greedy,105600,107748,120572,123826,27053,430693,0.05910046182817545,0,228873,2,2,219.37260390088423,109.68630195044211,2,2,109.68630195044211,219.37260390088423,109.68630195044211,219.37260390088423,54.57863162333379,1746.5162119466813,0,NOOP,False,,
457795,double_dqn,dueling,1088,,,0.0,0.0,0.05,0.0023507988080382347,2.259028673171997,3.452305316925049,1.2313320636749268,2.283843755722046,3.44992733001709,0.047883760184049606,0.21853244304656982,0.15168005228042603,10000,10000,1.0,219.36693286643197,219.36693286643197,113700,True,916,457500,0.0,0.0,0,NOOP,greedy,105617,107768,120576,123835,27058,430738,0.05910492883292995,0,228898,2,2,219.36693286643197,109.68346643321598,2,2,109.68346643321598,219.36693286643197,109.68346643321598,219.36693286643197,54.577812192061764,1746.4899901459764,0,NOOP,False,,
457796,double_dqn,dueling,1088,,,26.0,20.0,0.05,0.0023507988080382347,2.259028673171997,3.452305316925049,1.2313320636749268,2.283843755722046,3.44992733001709,0.047883760184049606,0.21853244304656982,0.15168005228042603,10000,10000,1.0,219.3669120935427,219.3669120935427,113700,True,916,457500,1.0,1.0,0,NOOP,greedy,105617,107768,120576,123835,27058,430738,0.05910492883292995,1,228898,2,2,219.3669120935427,109.68345604677135,2,2,109.68345604677135,219.3669120935427,109.68345604677135,219.3669120935427,54.577807023831376,1746.489824762604,0,NOOP,False,,
457982,double_dqn,dueling,1089,30.0,887,0.0,0.0,0.05,,,,,,,,,,10000,10000,1.0,219.35907389837575,219.35907389837575,113746,False,916,457500,0.0,0.0,1,FIRE,greedy,105661,107842,120608,123871,27071,430911,0.05910930997288103,1,228991,2,2,219.35907389837575,109.67953694918788,2,2,109.67953694918788,219.35907389837575,109.67953694918788,219.35907389837575,54.57556557236421,1746.4180983156548,1,FIRE,False,,
458195,double_dqn,dueling,1089,,,5.0,5.0,0.05,0.0019983842503279448,2.338076114654541,3.192850351333618,-0.09177862107753754,2.3412060737609863,3.157320022583008,0.05143588408827782,0.15480756759643555,0.26568907499313354,10000,10000,1.0,219.35425215640518,219.35425215640518,113800,True,917,458000,0.0,0.0,2,RIGHT,greedy,105717,107885,120659,123935,27085,431111,0.05911225763646998,0,229098,2,2,219.35425215640518,109.67712607820259,2,2,109.67712607820259,219.35425215640518,109.67712607820259,219.35425215640518,54.57516430406748,1746.4052577301593,2,RIGHT,False,,
458196,double_dqn,dueling,1089,,,2.0,2.0,0.05,0.0019983842503279448,2.338076114654541,3.192850351333618,-0.09177862107753754,2.3412060737609863,3.157320022583008,0.05143588408827782,0.15480756759643555,0.26568907499313354,10000,10000,1.0,219.3542263875762,219.3542263875762,113800,True,917,458000,0.0,0.0,3,LEFT,greedy,105717,107885,120659,123935,27085,431111,0.05911225763646998,1,229098,2,2,219.3542263875762,109.6771131937881,2,2,109.6771131937881,219.3542263875762,109.6771131937881,219.3542263875762,54.575157892803226,1746.4050525697032,3,LEFT,False,,
458595,double_dqn,dueling,1089,,,9.0,9.0,0.05,0.0041789710521698,2.363076686859131,3.382082223892212,-0.1095273345708847,2.4040064811706543,3.4726572036743164,0.05451193079352379,0.4188716411590576,0.39549753069877625,10000,10000,1.0,219.33748913097503,219.33748913097503,113900,True,918,458500,0.0,0.0,1,FIRE,greedy,105797,108022,120755,124022,27101,431495,0.05909558740154733,0,229298,2,2,219.33748913097503,109.66874456548751,2,2,109.66874456548751,219.33748913097503,109.66874456548751,219.33748913097503,54.57149872676597,1746.287959256511,1,FIRE,False,,
458596,double_dqn,dueling,1089,,,6.0,6.0,0.05,0.0041789710521698,2.363076686859131,3.382082223892212,-0.1095273345708847,2.4040064811706543,3.4726572036743164,0.05451193079352379,0.4188716411590576,0.39549753069877625,10000,10000,1.0,219.3374610399894,219.3374610399894,113900,True,918,458500,0.0,0.0,1,FIRE,greedy,105797,108022,120755,124022,27101,431495,0.05909558740154733,1,229298,2,2,219.3374610399894,109.6687305199947,2,2,109.6687305199947,219.3374610399894,109.6687305199947,219.3374610399894,54.571491737686294,1746.2877356059614,1,FIRE,False,,
458901,double_dqn,dueling,1090,16.0,578,0.0,0.0,0.05,,,,,,,,,,10000,10000,1.0,219.30137322504632,219.30137322504632,113976,False,918,458500,0.0,0.0,3,LEFT,greedy,105835,108119,120838,124110,27119,431783,0.05909540599082157,0,229451,2,2,219.30137322504632,109.65068661252316,2,2,109.65068661252316,219.30137322504632,109.65068661252316,219.30137322504632,54.5623731384658,1745.9959404309056,3,LEFT,False,,
458968,double_dqn,dueling,1091,10.0,493,0.0,0.0,0.05,,,,,,,,,,10000,10000,1.0,219.29768538769721,219.29768538769721,113993,True,918,458500,0.0,0.0,3,LEFT,greedy,105847,108135,120855,124131,27121,431847,0.05909126562200415,1,229484,2,2,219.29768538769721,109.64884269384861,2,2,109.64884269384861,219.29768538769721,109.64884269384861,219.29768538769721,54.5620633717945,1745.986027897424,3,LEFT,False,,
458995,double_dqn,dueling,1091,,,1.0,1.0,0.05,0.0018400856060907245,2.4787182807922363,3.597930669784546,1.16891610622406,2.4842684268951416,3.5906362533569336,0.042567577213048935,0.20685935020446777,0.14750918745994568,10000,10000,1.0,219.29238886915044,219.29238886915044,114000,True,918,458500,0.0,0.0,1,FIRE,greedy,105853,108143,120863,124137,27121,431875,0.05908766089464832,0,229498,2,2,219.29238886915044,109.64619443457522,2,2,109.64619443457522,219.29238886915044,109.64619443457522,219.29238886915044,54.56078072693714,1745.9449832619885,1,FIRE,False,,
458996,double_dqn,dueling,1091,,,0.0,0.0,0.05,0.0018400856060907245,2.4787182807922363,3.597930669784546,1.16891610622406,2.4842684268951416,3.5906362533569336,0.042567577213048935,0.20685935020446777,0.14750918745994568,10000,10000,1.0,219.29233463551626,219.29233463551626,114000,True,918,458500,0.0,0.0,3,LEFT,greedy,105853,108143,120863,124137,27121,431875,0.05908766089464832,1,229498,2,2,219.29233463551626,109.64616731775813,2,2,109.64616731775813,219.29233463551626,109.64616731775813,219.29233463551626,54.5607672334026,1745.9445514688832,3,LEFT,False,,
459395,double_dqn,dueling,1091,,,5.0,5.0,0.05,0.003111511468887329,2.4005041122436523,3.5271148681640625,0.6308184862136841,2.44805908203125,3.4929873943328857,0.044519584625959396,0.34960103034973145,0.3006182014942169,10000,10000,1.0,219.19172356454587,219.19172356454587,114100,True,919,459000,0.0,0.0,1,FIRE,greedy,105930,108257,120958,124251,27149,432247,0.05909716236101316,0,229698,2,2,219.19172356454587,109.59586178227293,2,2,109.59586178227293,219.19172356454587,109.59586178227293,219.19172356454587,54.536235677803184,1745.1595416897019,1,FIRE,False,,
459396,double_dqn,dueling,1091,,,5.0,5.0,0.05,0.003111511468887329,2.4005041122436523,3.5271148681640625,0.6308184862136841,2.44805908203125,3.4929873943328857,0.044519584625959396,0.34960103034973145,0.3006182014942169,10000,10000,1.0,219.19170328155374,219.19170328155374,114100,True,919,459000,0.0,0.0,3,LEFT,greedy,105930,108257,120958,124251,27149,432247,0.05909716236101316,1,229698,2,2,219.19170328155374,109.59585164077687,2,2,109.59585164077687,219.19170328155374,109.59585164077687,219.19170328155374,54.536230631271216,1745.159380200679,3,LEFT,False,,
459795,double_dqn,dueling,1091,,,9.0,9.0,0.05,0.006297896150499582,2.244828224182129,3.1520166397094727,-0.23055629432201385,2.256429433822632,3.175147533416748,0.0535082146525383,0.5866714119911194,0.6223122477531433,10000,10000,1.0,219.09215760876907,219.09215760876907,114200,True,920,459500,0.0,0.0,3,LEFT,greedy,106004,108376,121030,124386,27169,432627,0.0590892482753221,0,229898,2,2,219.09215760876907,109.54607880438454,2,2,109.54607880438454,219.09215760876907,109.54607880438454,219.09215760876907,54.511961786784006,1744.3827771770882,3,LEFT,False,,
459796,double_dqn,dueling,1091,,,10.0,10.0,0.05,0.006297896150499582,2.244828224182129,3.1520166397094727,-0.23055629432201385,2.256429433822632,3.175147533416748,0.0535082146525383,0.5866714119911194,0.6223122477531433,10000,10000,1.0,219.09213845817868,219.09213845817868,114200,True,920,459500,0.0,0.0,1,FIRE,greedy,106004,108376,121030,124386,27169,432627,0.0590892482753221,1,229898,2,2,219.09213845817868,109.54606922908934,2,2,109.54606922908934,219.09213845817868,109.54606922908934,219.09213845817868,54.511957021956896,1744.3826247026207,1,FIRE,False,,
460075,double_dqn,dueling,1092,13.0,587,0.0,0.0,0.05,,,,,,,,,,10000,10000,1.0,219.08628866280614,219.08628866280614,114270,True,921,460000,0.0,0.0,3,LEFT,greedy,106044,108444,121095,124493,27193,432883,0.05910545214268947,0,230038,2,2,219.08628866280614,109.54314433140307,2,2,109.54314433140307,219.08628866280614,109.54314433140307,219.08628866280614,54.51084951215852,1744.3471843890727,3,LEFT,False,,
460195,double_dqn,dueling,1092,,,1.0,1.0,0.05,0.0011462848633527756,2.3947980403900146,3.3338255882263184,0.8781284689903259,2.410930633544922,3.3774824142456055,0.03836975619196892,0.10746073722839355,0.20533299446105957,10000,10000,1.0,219.06599237099095,219.06599237099095,114300,True,921,460000,0.0,0.0,2,RIGHT,greedy,106070,108477,121122,124527,27201,432995,0.059107423793340226,0,230098,2,2,219.06599237099095,109.53299618549548,2,2,109.53299618549548,219.06599237099095,109.53299618549548,219.06599237099095,54.505948424377515,1744.1903495800805,2,RIGHT,False,,
460196,double_dqn,dueling,1092,,,13.0,13.0,0.05,0.0011462848633527756,2.3947980403900146,3.3338255882263184,0.8781284689903259,2.410930633544922,3.3774824142456055,0.03836975619196892,0.10746073722839355,0.20533299446105957,10000,10000,1.0,219.06597122945894,219.06597122945894,114300,True,921,460000,0.0,0.0,3,LEFT,greedy,106070,108477,121122,124527,27201,432995,0.059107423793340226,1,230098,2,2,219.06597122945894,109.53298561472947,2,2,109.53298561472947,219.06597122945894,109.53298561472947,219.06597122945894,54.50594316413953,1744.190181252465,3,LEFT,False,,
460494,double_dqn,dueling,1093,21.0,763,0.0,0.0,0.05,,,,,,,,,,10000,10000,1.0,219.02255961769356,219.02255961769356,114374,False,921,460000,0.0,0.0,2,RIGHT,greedy,106134,108570,121177,124613,27219,433275,0.05910826199689898,1,230247,2,2,219.02255961769356,109.51127980884678,2,2,109.51127980884678,219.02255961769356,109.51127980884678,219.02255961769356,54.49499042660344,1743.83969365131,2,RIGHT,False,,
460595,double_dqn,dueling,1093,,,5.0,5.0,0.05,0.0015947893261909485,2.2861781120300293,3.4199681282043457,0.11830180883407593,2.2897820472717285,3.438624620437622,0.04099196195602417,0.17328119277954102,0.2091231495141983,10000,10000,1.0,219.00815951693698,219.00815951693698,114400,True,922,460500,0.0,0.0,1,FIRE,greedy,106148,108618,121198,124632,27222,433374,0.05910168564208113,0,230298,2,2,219.00815951693698,109.50407975846849,2,2,109.50407975846849,219.00815951693698,109.50407975846849,219.00815951693698,54.49205374521824,1743.7457198469838,1,FIRE,False,,
460596,double_dqn,dueling,1093,,,1.0,1.0,0.05,0.0015947893261909485,2.2861781120300293,3.4199681282043457,0.11830180883407593,2.2897820472717285,3.438624620437622,0.04099196195602417,0.17328119277954102,0.2091231495141983,10000,10000,1.0,219.00814093203888,219.00814093203888,114400,True,922,460500,0.0,0.0,2,RIGHT,greedy,106148,108618,121198,124632,27222,433374,0.05910168564208113,1,230298,2,2,219.00814093203888,109.50407046601944,2,2,109.50407046601944,219.00814093203888,109.50407046601944,219.00814093203888,54.49204912105598,1743.7455718737913,2,RIGHT,False,,
460995,double_dqn,dueling,1093,,,8.0,8.0,0.05,0.0023610906209796667,2.3218932151794434,3.1985697746276855,0.9700027108192444,2.3179640769958496,3.2102839946746826,0.045446038246154785,0.30608153343200684,0.5209742188453674,10000,10000,1.0,219.01533454023692,219.01533454023692,114500,True,922,460500,0.0,0.0,3,LEFT,random,106187,108738,121334,124737,27250,433746,0.059111141962186226,0,230498,2,2,219.01533454023692,109.50766727011846,2,2,109.50766727011846,219.01533454023692,109.50766727011846,219.01533454023692,54.49433187372224,1743.8186199591116,3,LEFT,False,,
460996,double_dqn,dueling,1093,,,5.0,5.0,0.05,0.0023610906209796667,2.3218932151794434,3.1985697746276855,0.9700027108192444,2.3179640769958496,3.2102839946746826,0.045446038246154785,0.30608153343200684,0.5209742188453674,10000,10000,1.0,219.0153028491441,219.0153028491441,114500,True,922,460500,0.0,0.0,3,LEFT,greedy,106187,108738,121334,124737,27250,433746,0.059111141962186226,1,230498,2,2,219.0153028491441,109.50765142457205,2,2,109.50765142457205,219.0153028491441,109.50765142457205,219.0153028491441,54.49432398849844,1743.81836763195,3,LEFT,False,,
461189,double_dqn,dueling,1094,11.0,557,0.0,0.0,0.05,,,,,,,,,,10000,10000,1.0,219.0102153004434,219.0102153004434,114548,False,923,461000,0.0,0.0,1,FIRE,greedy,106221,108782,121389,124798,27256,433934,0.05909928662807086,0,230595,2,2,219.0102153004434,109.5051076502217,2,2,109.5051076502217,219.0102153004434,109.5051076502217,219.0102153004434,54.49277798850514,1743.7688956321645,1,FIRE,False,,
461395,double_dqn,dueling,1094,,,2.0,2.0,0.05,0.002195469569414854,2.4205379486083984,3.395146131515503,1.3286868333816528,2.4778823852539062,3.4193732738494873,0.04311976954340935,0.2867450714111328,0.4337005317211151,10000,10000,1.0,219.0097724847592,219.0097724847592,114600,True,923,461000,0.0,0.0,3,LEFT,greedy,106309,108813,121427,124847,27260,434136,0.05908156984455869,0,230698,2,2,219.0097724847592,109.5048862423796,2,2,109.5048862423796,219.0097724847592,109.5048862423796,219.0097724847592,54.493438962543514,1743.7900468013925,3,LEFT,False,,
461396,double_dqn,dueling,1094,,,11.0,8.0,0.05,0.002195469569414854,2.4205379486083984,3.395146131515503,1.3286868333816528,2.4778823852539062,3.4193732738494873,0.04311976954340935,0.2867450714111328,0.4337005317211151,10000,10000,1.0,219.00974616463225,219.00974616463225,114600,True,923,461000,0.0,0.0,0,NOOP,greedy,106309,108813,121427,124847,27260,434136,0.05908156984455869,1,230698,2,2,219.00974616463225,109.50487308231612,2,2,109.50487308231612,219.00974616463225,109.50487308231612,219.00974616463225,54.493432413638345,1743.789837236427,0,NOOP,False,,
461638,double_dqn,dueling,1095,14.0,572,0.0,0.0,0.05,,,,,,,,,,10000,10000,1.0,218.99885749812222,218.99885749812222,114660,False,924,461500,0.0,0.0,3,LEFT,greedy,106360,108872,121497,124909,27270,434368,0.059072260082575524,1,230819,2,2,218.99885749812222,109.49942874906111,2,2,109.49942874906111,218.99885749812222,109.49942874906111,218.99885749812222,54.49050188053949,1743.6960601772637,3,LEFT,False,,
461795,double_dqn,dueling,1095,,,5.0,5.0,0.05,0.0009504914050921798,2.3755226135253906,3.0551693439483643,1.1667139530181885,2.4020841121673584,3.023949146270752,0.03457934409379959,0.10529005527496338,0.10435966402292252,10000,10000,1.0,218.97395920024044,218.97395920024044,114700,True,924,461500,0.0,0.0,3,LEFT,greedy,106403,108942,121518,124933,27275,434521,0.059062876248386735,0,230898,2,2,218.97395920024044,109.48697960012022,2,2,109.48697960012022,218.97395920024044,109.48697960012022,218.97395920024044,54.48501707252956,1743.5205463209459,3,LEFT,False,,
461796,double_dqn,dueling,1095,,,2.0,2.0,0.05,0.0009504914050921798,2.3755226135253906,3.0551693439483643,1.1667139530181885,2.4020841121673584,3.023949146270752,0.03457934409379959,0.10529005527496338,0.10435966402292252,10000,10000,1.0,218.9739394585898,218.9739394585898,114700,True,924,461500,0.0,0.0,0,NOOP,greedy,106403,108942,121518,124933,27275,434521,0.059062876248386735,1,230898,2,2,218.9739394585898,109.4869697292949,2,2,109.4869697292949,218.9739394585898,109.4869697292949,218.9739394585898,54.48501216041957,1743.5203891334263,0,NOOP,False,,
461835,double_dqn,dueling,1096,5.0,323,0.0,0.0,0.05,,,,,,,,,,10000,10000,1.0,218.96656606010202,218.96656606010202,114710,True,924,461500,0.0,0.0,1,FIRE,greedy,106411,108961,121522,124942,27278,434558,0.059064256575927385,0,230918,2,2,218.96656606010202,109.48328303005101,2,2,109.48328303005101,218.96656606010202,109.48328303005101,218.96656606010202,54.48322631876507,1743.4632422004822,1,FIRE,False,,
462195,double_dqn,dueling,1096,,,5.0,5.0,0.05,0.0016693099169060588,2.243647336959839,3.3085479736328125,0.23992517590522766,2.269716501235962,3.3467330932617188,0.04279426485300064,0.1869199275970459,0.17588724195957184,10000,10000,1.0,218.94703808557566,218.94703808557566,114800,True,925,462000,0.0,0.0,1,FIRE,greedy,106526,109036,121611,125023,27296,434900,0.05905719651403301,0,231098,2,2,218.94703808557566,109.47351904278783,2,2,109.47351904278783,218.94703808557566,109.47351904278783,218.94703808557566,54.47880574506733,1743.3217838421547,1,FIRE,False,,
462196,double_dqn,dueling,1096,,,5.0,5.0,0.05,0.0016693099169060588,2.243647336959839,3.3085479736328125,0.23992517590522766,2.269716501235962,3.3467330932617188,0.04279426485300064,0.1869199275970459,0.17588724195957184,10000,10000,1.0,218.94701648830159,218.94701648830159,114800,True,925,462000,0.0,0.0,0,NOOP,greedy,106526,109036,121611,125023,27296,434900,0.05905719651403301,1,231098,2,2,218.94701648830159,109.47350824415079,2,2,109.47350824415079,218.94701648830159,109.47350824415079,218.94701648830159,54.478800371193785,1743.321611878201,0,NOOP,False,,
462595,double_dqn,dueling,1096,,,10.0,10.0,0.05,0.000950440124142915,2.3741445541381836,3.406149387359619,1.1296781301498413,2.399989604949951,3.380079746246338,0.032949261367321014,0.1437685489654541,0.12851537764072418,10000,10000,1.0,218.93022169249195,218.93022169249195,114900,True,926,462500,0.0,0.0,1,FIRE,random,106580,109170,121690,125156,27321,435275,0.05906017345588808,0,231298,2,2,218.93022169249195,109.46511084624598,2,2,109.46511084624598,218.93022169249195,109.46511084624598,218.93022169249195,54.47510676264432,1743.2034164046183,1,FIRE,False,,
462596,double_dqn,dueling,1096,,,10.0,10.0,0.05,0.000950440124142915,2.3741445541381836,3.406149387359619,1.1296781301498413,2.399989604949951,3.380079746246338,0.032949261367321014,0.1437685489654541,0.12851537764072418,10000,10000,1.0,218.93020250641408,218.93020250641408,114900,True,926,462500,0.0,0.0,1,FIRE,greedy,106580,109170,121690,125156,27321,435275,0.05906017345588808,1,231298,2,2,218.93020250641408,109.46510125320704,2,2,109.46510125320704,218.93020250641408,109.46510125320704,218.93020250641408,54.47510198868652,1743.2032636379686,1,FIRE,False,,
462838,double_dqn,dueling,1097,13.0,600,0.0,0.0,0.05,,,,,,,,,,10000,10000,1.0,218.88219417361773,218.88219417361773,114960,False,926,462500,0.0,0.0,0,NOOP,greedy,106633,109207,121757,125241,27335,435503,0.05905954135140157,1,231419,2,2,218.88219417361773,109.44109708680887,2,2,109.44109708680887,218.88219417361773,109.44109708680887,218.88219417361773,54.462934820100834,1742.8139142432267,0,NOOP,False,,
462961,double_dqn,dueling,1098,16.0,563,0.0,0.0,0.05,,,,,,,,,,10000,10000,1.0,218.8626685554701,218.8626685554701,114991,False,926,462500,0.0,0.0,1,FIRE,greedy,106640,109247,121794,125281,27349,435613,0.05907396287384278,0,231481,2,2,218.8626685554701,109.43133427773505,2,2,109.43133427773505,218.8626685554701,109.43133427773505,218.8626685554701,54.45822638195716,1742.6632442226291,1,FIRE,False,,
462995,double_dqn,dueling,1098,,,0.0,0.0,0.05,0.002340613631531596,2.386770009994507,3.3645243644714355,1.3377248048782349,2.413766860961914,3.3786559104919434,0.046509820967912674,0.2628476619720459,0.1991250365972519,10000,10000,1.0,218.86312449086762,218.86312449086762,115000,True,926,462500,0.0,0.0,3,LEFT,greedy,106646,109252,121806,125292,27352,435644,0.05907610432919507,0,231498,2,2,218.86312449086762,109.43156224543381,2,2,109.43156224543381,218.86312449086762,109.43156224543381,218.86312449086762,54.458894697043576,1742.6846303053944,3,LEFT,False,,
462996,double_dqn,dueling,1098,,,1.0,1.0,0.05,0.002340613631531596,2.386770009994507,3.3645243644714355,1.3377248048782349,2.413766860961914,3.3786559104919434,0.046509820967912674,0.2628476619720459,0.1991250365972519,10000,10000,1.0,218.86309790865968,218.86309790865968,115000,True,926,462500,0.0,0.0,3,LEFT,greedy,106646,109252,121806,125292,27352,435644,0.05907610432919507,1,231498,2,2,218.86309790865968,109.43154895432984,2,2,109.43154895432984,218.86309790865968,109.43154895432984,218.86309790865968,54.45888808269195,1742.6844186461424,3,LEFT,False,,
463395,double_dqn,dueling,1098,,,4.0,4.0,0.05,0.0023027509450912476,2.1869285106658936,3.205033302307129,1.1546003818511963,2.2149648666381836,3.238119602203369,0.045733749866485596,0.2275691032409668,0.1380443274974823,10000,10000,1.0,218.8277172867086,218.8277172867086,115100,True,927,463000,0.0,0.0,3,LEFT,greedy,106691,109380,121908,125417,27372,436024,0.05906826990306347,0,231698,2,2,218.8277172867086,109.4138586433543,2,2,109.4138586433543,218.8277172867086,109.4138586433543,218.8277172867086,54.450565897237716,1742.418108711607,3,LEFT,False,,
463396,double_dqn,dueling,1098,,,6.0,6.0,0.05,0.0023027509450912476,2.1869285106658936,3.205033302307129,1.1546003818511963,2.2149648666381836,3.238119602203369,0.045733749866485596,0.2275691032409668,0.1380443274974823,10000,10000,1.0,218.82769875147642,218.82769875147642,115100,True,927,463000,0.0,0.0,3,LEFT,greedy,106691,109380,121908,125417,27372,436024,0.05906826990306347,1,231698,2,2,218.82769875147642,109.41384937573821,2,2,109.41384937573821,218.82769875147642,109.41384937573821,218.82769875147642,54.45056128514427,1742.4179611246166,3,LEFT,False,,
463795,double_dqn,dueling,1098,,,9.0,9.0,0.05,0.0014032996259629726,2.537017345428467,3.616647720336914,1.2944458723068237,2.5701122283935547,3.5630648136138916,0.03797075152397156,0.14589667320251465,0.15584222972393036,10000,10000,1.0,218.79781345517657,218.79781345517657,115200,True,928,463500,0.0,0.0,2,RIGHT,greedy,106749,109524,122008,125515,27392,436404,0.059060448990504444,0,231898,2,2,218.79781345517657,109.39890672758828,2,2,109.39890672758828,218.79781345517657,109.39890672758828,218.79781345517657,54.443604548270024,1742.1953455446408,2,RIGHT,False,,
463796,double_dqn,dueling,1098,,,15.0,12.0,0.05,0.0014032996259629726,2.537017345428467,3.616647720336914,1.2944458723068237,2.5701122283935547,3.5630648136138916,0.03797075152397156,0.14589667320251465,0.15584222972393036,10000,10000,1.0,218.79779551944847,218.79779551944847,115200,True,928,463500,0.0,0.0,0,NOOP,greedy,106749,109524,122008,125515,27392,436404,0.059060448990504444,1,231898,2,2,218.79779551944847,109.39889775972424,2,2,109.39889775972424,218.79779551944847,109.39889775972424,218.79779551944847,54.44360008531095,1742.1952027299503,0,NOOP,False,,
464043,double_dqn,dueling,1099,15.0,541,0.0,0.0,0.05,,,,,,,,,,10000,10000,1.0,218.78997775737494,218.78997775737494,115262,True,929,464000,0.0,0.0,1,FIRE,greedy,106788,109607,122067,125582,27409,436635,0.0590655196489988,0,232022,2,2,218.78997775737494,109.39498887868747,2,2,109.39498887868747,218.78997775737494,109.39498887868747,218.78997775737494,54.44195121253362,1742.1424388010757,1,FIRE,False,,
464122,double_dqn,dueling,1100,21.0,642,0.0,0.0,0.05,,,,,,,,,,10000,10000,1.0,218.78632290207702,218.78632290207702,115281,False,929,464000,0.0,0.0,1,FIRE,greedy,106802,109634,122081,125605,27412,436710,0.0590620569591616,1,232061,2,2,218.78632290207702,109.39316145103851,2,2,109.39316145103851,218.78632290207702,109.39316145103851,218.78632290207702,54.44062396308022,1742.099966818567,1,FIRE,False,,
464195,double_dqn,dueling,1100,,,2.0,2.0,0.05,0.0022798296995460987,2.5533838272094727,3.3367199897766113,1.6603944301605225,2.595761775970459,3.3619773387908936,0.04789412394165993,0.2107372283935547,0.3930912911891937,10000,10000,1.0,218.7876007960373,218.7876007960373,115300,True,929,464000,0.0,0.0,3,LEFT,greedy,106814,109659,122099,125624,27416,436780,0.05906125860627838,0,232098,2,2,218.7876007960373,109.39380039801866,2,2,109.39380039801866,218.7876007960373,109.39380039801866,218.7876007960373,54.441541087732695,1742.1293148074462,3,LEFT,False,,
464196,double_dqn,dueling,1100,,,1.0,1.0,0.05,0.0022798296995460987,2.5533838272094727,3.3367199897766113,1.6603944301605225,2.595761775970459,3.3619773387908936,0.04789412394165993,0.2107372283935547,0.3930912911891937,10000,10000,1.0,218.78758298486616,218.78758298486616,115300,True,929,464000,0.0,0.0,1,FIRE,greedy,106814,109659,122099,125624,27416,436780,0.05906125860627838,1,232098,2,2,218.78758298486616,109.39379149243308,2,2,109.39379149243308,218.78758298486616,109.39379149243308,218.78758298486616,54.441536655728314,1742.129172983306,1,FIRE,False,,
464595,double_dqn,dueling,1100,,,6.0,6.0,0.05,0.0007056088652461767,2.442810535430908,3.589266777038574,0.975109875202179,2.459123134613037,3.572714328765869,0.028752094134688377,0.1023564338684082,0.0714663416147232,10000,10000,1.0,218.7325882690429,218.7325882690429,115400,True,930,464500,0.0,0.0,3,LEFT,greedy,106915,109759,122200,125722,27433,437163,0.05904699997417111,0,232298,2,2,218.7325882690429,109.36629413452145,2,2,109.36629413452145,218.7325882690429,109.36629413452145,218.7325882690429,54.428328025585856,1741.7064968187474,3,LEFT,False,,
464596,double_dqn,dueling,1100,,,6.0,6.0,0.05,0.0007056088652461767,2.442810535430908,3.589266777038574,0.975109875202179,2.459123134613037,3.572714328765869,0.028752094134688377,0.1023564338684082,0.0714663416147232,10000,10000,1.0,218.73255888436387,218.73255888436387,115400,True,930,464500,0.0,0.0,1,FIRE,greedy,106915,109759,122200,125722,27433,437163,0.05904699997417111,1,232298,2,2,218.73255888436387,109.36627944218193,2,2,109.36627944218193,218.73255888436387,109.36627944218193,218.73255888436387,54.42832071364865,1741.7062628367569,1,FIRE,False,,
464995,double_dqn,dueling,1100,,,10.0,10.0,0.05,0.001265063532628119,2.362535238265991,3.3385848999023438,1.1065446138381958,2.379101037979126,3.327763557434082,0.03222759813070297,0.20040178298950195,0.07600196450948715,10000,10000,1.0,218.63975773971276,218.63975773971276,115500,True,930,464500,0.0,0.0,3,LEFT,greedy,107002,109861,122290,125843,27447,437549,0.059026314204853374,0,232498,2,2,218.63975773971276,109.31987886985638,2,2,109.31987886985638,218.63975773971276,109.31987886985638,218.63975773971276,54.40570242849584,1740.982477711867,3,LEFT,False,,
464996,double_dqn,dueling,1100,,,10.0,10.0,0.05,0.001265063532628119,2.362535238265991,3.3385848999023438,1.1065446138381958,2.379101037979126,3.327763557434082,0.03222759813070297,0.20040178298950195,0.07600196450948715,10000,10000,1.0,218.63971949635243,218.63971949635243,115500,True,930,464500,0.0,0.0,3,LEFT,greedy,107002,109861,122290,125843,27447,437549,0.059026314204853374,1,232498,2,2,218.63971949635243,109.31985974817621,2,2,109.31985974817621,218.63971949635243,109.31985974817621,218.63971949635243,54.40569291212561,1740.9821731880195,3,LEFT,False,,
465035,double_dqn,dueling,1101,11.0,496,0.0,0.0,0.05,,,,,,,,,,10000,10000,1.0,218.63980756756482,218.63980756756482,115510,True,931,465000,0.0,0.0,0,NOOP,greedy,107009,109883,122296,125848,27448,437588,0.05902338743667157,0,232518,2,2,218.63980756756482,109.31990378378241,2,2,109.31990378378241,218.63980756756482,109.31990378378241,218.63980756756482,54.40576211951871,1740.9843878245988,0,NOOP,False,,
465395,double_dqn,dueling,1101,,,3.0,3.0,0.05,0.004541783593595028,2.2530128955841064,3.016832113265991,1.1575053930282593,2.2942705154418945,3.0076005458831787,0.05471133813261986,0.43794918060302734,0.3300052881240845,10000,10000,1.0,218.61029005445096,218.61029005445096,115600,True,931,465000,0.0,0.0,1,FIRE,greedy,107092,109992,122363,125949,27459,437937,0.059001366578139904,0,232698,2,2,218.61029005445096,109.30514502722548,2,2,109.30514502722548,218.61029005445096,109.30514502722548,218.61029005445096,54.39884183842094,1740.7629388294702,1,FIRE,False,,
465396,double_dqn,dueling,1101,,,15.0,15.0,0.05,0.004541783593595028,2.2530128955841064,3.016832113265991,1.1575053930282593,2.2942705154418945,3.0076005458831787,0.05471133813261986,0.43794918060302734,0.3300052881240845,10000,10000,1.0,218.61027181649365,218.61027181649365,115600,True,931,465000,0.0,0.0,2,RIGHT,greedy,107092,109992,122363,125949,27459,437937,0.059001366578139904,1,232698,2,2,218.61027181649365,109.30513590824683,2,2,109.30513590824683,218.61027181649365,109.30513590824683,218.61027181649365,54.39883730009955,1740.7627936031856,2,RIGHT,False,,
465602,double_dqn,dueling,1102,17.0,740,0.0,0.0,0.05,,,,,,,,,,10000,10000,1.0,218.62399266509522,218.62399266509522,115651,False,932,465500,0.0,0.0,1,FIRE,greedy,107127,110038,122414,126023,27470,438132,0.05899888746182362,1,232801,2,2,218.62399266509522,109.31199633254761,2,2,109.31199633254761,218.62399266509522,109.31199633254761,218.62399266509522,54.4019870246211,1740.8635847878752,1,FIRE,False,,
465795,double_dqn,dueling,1102,,,7.0,7.0,0.05,0.001618884620256722,2.4250423908233643,3.254849433898926,0.5841394662857056,2.4465980529785156,3.2507193088531494,0.03953566774725914,0.1741960048675537,0.1633317470550537,10000,10000,1.0,218.62716472146644,218.62716472146644,115700,True,932,465500,0.0,0.0,1,FIRE,greedy,107165,110084,122468,126079,27476,438320,0.058987196111602504,0,232898,2,2,218.62716472146644,109.31358236073322,2,2,109.31358236073322,218.62716472146644,109.31358236073322,218.62716472146644,54.403511271654835,1740.9123606929547,1,FIRE,False,,
465796,double_dqn,dueling,1102,,,2.0,2.0,0.05,0.001618884620256722,2.4250423908233643,3.254849433898926,0.5841394662857056,2.4465980529785156,3.2507193088531494,0.03953566774725914,0.1741960048675537,0.1633317470550537,10000,10000,1.0,218.62714748909193,218.62714748909193,115700,True,932,465500,0.0,0.0,1,FIRE,greedy,107165,110084,122468,126079,27476,438320,0.058987196111602504,1,232898,2,2,218.62714748909193,109.31357374454596,2,2,109.31357374454596,218.62714748909193,109.31357374454596,218.62714748909193,54.403506983524935,1740.912223472798,1,FIRE,False,,
466195,double_dqn,dueling,1102,,,14.0,11.0,0.05,0.0021488084457814693,2.3175606727600098,3.1936638355255127,0.817348062992096,2.3098692893981934,3.196138620376587,0.050578631460666656,0.15210169553756714,0.33734166622161865,10000,10000,1.0,218.64533664558272,218.64533664558272,115800,True,933,466000,0.0,0.0,0,NOOP,greedy,107256,110177,122560,126203,27496,438700,0.058979485023466525,0,233098,2,2,218.64533664558272,109.32266832279136,2,2,109.32266832279136,218.64533664558272,109.32266832279136,218.64533664558272,54.40850185107821,1741.0720592345028,0,NOOP,False,,
466196,double_dqn,dueling,1102,,,6.0,6.0,0.05,0.0021488084457814693,2.3175606727600098,3.1936638355255127,0.817348062992096,2.3098692893981934,3.196138620376587,0.050578631460666656,0.15210169553756714,0.33734166622161865,10000,10000,1.0,218.64531915479603,218.64531915479603,115800,True,933,466000,0.0,0.0,3,LEFT,greedy,107256,110177,122560,126203,27496,438700,0.058979485023466525,1,233098,2,2,218.64531915479603,109.32265957739801,2,2,109.32265957739801,218.64531915479603,109.32265957739801,218.64531915479603,54.408497498607154,1741.071919955429,3,LEFT,False,,
466354,double_dqn,dueling,1103,7.0,376,0.0,0.0,0.05,,,,,,,,,,10000,10000,1.0,218.66054257007025,218.66054257007025,115839,False,933,466000,0.0,0.0,0,NOOP,greedy,107315,110206,122591,126242,27504,438850,0.058976657217478565,1,233177,2,2,218.66054257007025,109.33027128503512,2,2,109.33027128503512,218.66054257007025,109.33027128503512,218.66054257007025,54.41196507061317,1741.1828822596215,0,NOOP,False,,
466405,double_dqn,dueling,1104,18.0,685,0.0,0.0,0.05,,,,,,,,,,10000,10000,1.0,218.66234702083534,218.66234702083534,115852,False,933,466000,0.0,0.0,0,NOOP,greedy,107333,110216,122602,126255,27512,438894,0.058987234298015036,0,233203,2,2,218.66234702083534,109.33117351041767,2,2,109.33117351041767,218.66234702083534,109.33117351041767,218.66234702083534,54.41247492869423,1741.1991977182154,0,NOOP,False,,
466595,double_dqn,dueling,1104,,,3.0,3.0,0.05,0.0011683078482747078,2.453129768371582,3.617140293121338,1.3120254278182983,2.487757921218872,3.592600107192993,0.04067210853099823,0.11105632781982422,0.1840846836566925,10000,10000,1.0,218.64782375666894,218.64782375666894,115900,True,934,466500,0.0,0.0,0,NOOP,greedy,107379,110247,122655,126315,27519,439077,0.05897821670138621,0,233298,2,2,218.64782375666894,109.32391187833447,2,2,109.32391187833447,218.64782375666894,109.32391187833447,218.64782375666894,54.409587677799685,1741.10680568959,0,NOOP,False,,
466596,double_dqn,dueling,1104,,,2.0,2.0,0.05,0.0011683078482747078,2.453129768371582,3.617140293121338,1.3120254278182983,2.487757921218872,3.592600107192993,0.04067210853099823,0.11105632781982422,0.1840846836566925,10000,10000,1.0,218.64780428925337,218.64780428925337,115900,True,934,466500,0.0,0.0,2,RIGHT,greedy,107379,110247,122655,126315,27519,439077,0.05897821670138621,1,233298,2,2,218.64780428925337,109.32390214462669,2,2,109.32390214462669,218.64780428925337,109.32390214462669,218.64780428925337,54.40958283341552,1741.1066506692966,2,RIGHT,False,,
466995,double_dqn,dueling,1104,,,6.0,6.0,0.05,0.003729579970240593,2.364396333694458,3.31081485748291,0.8239468932151794,2.346386432647705,3.317681074142456,0.05549757555127144,0.37174081802368164,0.531339168548584,10000,10000,1.0,218.6054679141804,218.6054679141804,116000,True,934,466500,0.0,0.0,2,RIGHT,greedy,107428,110388,122750,126430,27542,439454,0.05897695055203899,0,233498,2,2,218.6054679141804,109.3027339570902,2,2,109.3027339570902,218.6054679141804,109.3027339570902,218.6054679141804,54.39951271865761,1740.7844069970436,2,RIGHT,False,,
466996,double_dqn,dueling,1104,,,6.0,6.0,0.05,0.003729579970240593,2.364396333694458,3.31081485748291,0.8239468932151794,2.346386432647705,3.317681074142456,0.05549757555127144,0.37174081802368164,0.531339168548584,10000,10000,1.0,218.60544952527746,218.60544952527746,116000,True,934,466500,0.0,0.0,0,NOOP,greedy,107428,110388,122750,126430,27542,439454,0.05897695055203899,1,233498,2,2,218.60544952527746,109.30272476263873,2,2,109.30272476263873,218.60544952527746,109.30272476263873,218.60544952527746,54.39950814261764,1740.7842605637645,0,NOOP,False,,
467395,double_dqn,dueling,1104,,,13.0,13.0,0.05,0.0023373477160930634,2.324331283569336,3.3759162425994873,0.4491997957229614,2.3637919425964355,3.366736888885498,0.04964733123779297,0.22765594720840454,0.48675966262817383,10000,10000,1.0,218.61127386579642,218.61127386579642,116100,True,935,467000,0.0,0.0,1,FIRE,greedy,107508,110507,122832,126549,27556,439840,0.05895643094934488,0,233698,2,2,218.61127386579642,109.30563693289821,2,2,109.30563693289821,218.61127386579642,109.30563693289821,218.61127386579642,54.40142093169019,1740.845469814086,1,FIRE,False,,
467396,double_dqn,dueling,1104,,,12.0,12.0,0.05,0.0023373477160930634,2.324331283569336,3.3759162425994873,0.4491997957229614,2.3637919425964355,3.366736888885498,0.04964733123779297,0.22765594720840454,0.48675966262817383,10000,10000,1.0,218.61125665284405,218.61125665284405,116100,True,935,467000,0.0,0.0,0,NOOP,greedy,107508,110507,122832,126549,27556,439840,0.05895643094934488,1,233698,2,2,218.61125665284405,109.30562832642202,2,2,109.30562832642202,218.61125665284405,109.30562832642202,218.61125665284405,54.40141664824656,1740.84533274389,0,NOOP,False,,
467795,double_dqn,dueling,1104,,,17.0,17.0,0.05,0.0012771236943081021,2.3617758750915527,3.164734125137329,1.3442773818969727,2.359151840209961,3.2017595767974854,0.03813241794705391,0.12406444549560547,0.32291173934936523,10000,10000,1.0,218.5906865502441,218.5906865502441,116200,True,936,467500,0.0,0.0,3,LEFT,greedy,107628,110574,122931,126663,27574,440222,0.05894449717398182,0,233898,2,2,218.5906865502441,109.29534327512205,2,2,109.29534327512205,218.5906865502441,109.29534327512205,218.5906865502441,54.39675944616375,1740.69630227724,3,LEFT,False,,
467796,double_dqn,dueling,1104,,,17.0,17.0,0.05,0.0012771236943081021,2.3617758750915527,3.164734125137329,1.3442773818969727,2.359151840209961,3.2017595767974854,0.03813241794705391,0.12406444549560547,0.32291173934936523,10000,10000,1.0,218.59066875784885,218.59066875784885,116200,True,936,467500,0.0,0.0,0,NOOP,greedy,107628,110574,122931,126663,27574,440222,0.05894449717398182,1,233898,2,2,218.59066875784885,109.29533437892442,2,2,109.29533437892442,218.59066875784885,109.29533437892442,218.59066875784885,54.39675501848817,1740.6961605916215,0,NOOP,False,,
467809,double_dqn,dueling,1105,17.0,702,0.0,0.0,0.05,,,,,,,,,,10000,10000,1.0,218.58949595708054,218.58949595708054,116203,False,936,467500,0.0,0.0,3,LEFT,greedy,107631,110575,122937,126667,27574,440236,0.05894273316089865,0,233905,2,2,218.58949595708054,109.29474797854027,2,2,109.29474797854027,218.58949595708054,109.29474797854027,218.58949595708054,54.3959775027119,1740.6712800867808,3,LEFT,False,,
467868,double_dqn,dueling,1106,18.0,757,0.0,0.0,0.05,,,,,,,,,,10000,10000,1.0,218.58520169770745,218.58520169770745,116218,True,936,467500,0.0,0.0,1,FIRE,greedy,107649,110581,122953,126685,27577,440291,0.0589418382962716,1,233934,2,2,218.58520169770745,109.29260084885372,2,2,109.29260084885372,218.58520169770745,109.29260084885372,218.58520169770745,54.39547744709918,1740.6552783071738,1,FIRE,False,,
468195,double_dqn,dueling,1106,,,4.0,4.0,0.05,0.0253463052213192,2.3322882652282715,3.2159221172332764,1.2049816846847534,2.3344619274139404,3.2391254901885986,0.07248330116271973,1.2822402715682983,0.6958223581314087,10000,10000,1.0,218.59161854357723,218.59161854357723,116300,True,937,468000,0.0,0.0,3,LEFT,greedy,107743,110641,123037,126775,27592,440604,0.05893258378969492,0,234098,2,2,218.59161854357723,109.29580927178861,2,2,109.29580927178861,218.59161854357723,109.29580927178861,218.59161854357723,54.39745135244321,1740.7184432781828,3,LEFT,False,,
468196,double_dqn,dueling,1106,,,5.0,5.0,0.05,0.0253463052213192,2.3322882652282715,3.2159221172332764,1.2049816846847534,2.3344619274139404,3.2391254901885986,0.07248330116271973,1.2822402715682983,0.6958223581314087,10000,10000,1.0,218.59159614111965,218.59159614111965,116300,True,937,468000,0.0,0.0,1,FIRE,greedy,107743,110641,123037,126775,27592,440604,0.05893258378969492,1,234098,2,2,218.59159614111965,109.29579807055983,2,2,109.29579807055983,218.59159614111965,109.29579807055983,218.59159614111965,54.397445777496635,1740.7182648798923,1,FIRE,False,,
468595,double_dqn,dueling,1106,,,8.0,8.0,0.05,0.0022846932988613844,2.413111686706543,3.3178317546844482,1.1652897596359253,2.400810956954956,3.277766704559326,0.05033422261476517,0.1597590446472168,0.5454643368721008,10000,10000,1.0,218.5743957351481,218.5743957351481,116400,True,938,468500,0.0,0.0,1,FIRE,greedy,107837,110714,123167,126878,27619,440977,0.05893989705417887,0,234298,2,2,218.5743957351481,109.28719786757405,2,2,109.28719786757405,218.5743957351481,109.28719786757405,218.5743957351481,54.39362364176985,1740.5959565366352,1,FIRE,False,,
468596,double_dqn,dueling,1106,,,9.0,9.0,0.05,0.0022846932988613844,2.413111686706543,3.3178317546844482,1.1652897596359253,2.400810956954956,3.277766704559326,0.05033422261476517,0.1597590446472168,0.5454643368721008,10000,10000,1.0,218.57437628395576,218.57437628395576,116400,True,938,468500,0.0,0.0,3,LEFT,greedy,107837,110714,123167,126878,27619,440977,0.05893989705417887,1,234298,2,2,218.57437628395576,109.28718814197788,2,2,109.28718814197788,218.57437628395576,109.28718814197788,218.57437628395576,54.39361880121736,1740.5958016389554,3,LEFT,False,,
468995,double_dqn,dueling,1106,,,20.0,14.0,0.05,0.0011625997722148895,2.3529205322265625,3.319429397583008,0.6604683995246887,2.3882808685302734,3.3096091747283936,0.03934338688850403,0.11635339260101318,0.21980153024196625,10000,10000,1.0,218.59839603359478,218.59839603359478,116500,True,938,468500,0.0,0.0,1,FIRE,greedy,107917,110798,123275,127006,27635,441361,0.058923743486085166,0,234498,2,2,218.59839603359478,109.29919801679739,2,2,109.29919801679739,218.59839603359478,109.29919801679739,218.59839603359478,54.400052902495396,1740.8016928798527,1,FIRE,False,,
468996,double_dqn,dueling,1106,,,17.0,14.0,0.05,0.0011625997722148895,2.3529205322265625,3.319429397583008,0.6604683995246887,2.3882808685302734,3.3096091747283936,0.03934338688850403,0.11635339260101318,0.21980153024196625,10000,10000,1.0,218.5983774209925,218.5983774209925,116500,True,938,468500,0.0,0.0,2,RIGHT,greedy,107917,110798,123275,127006,27635,441361,0.058923743486085166,1,234498,2,2,218.5983774209925,109.29918871049625,2,2,109.29918871049625,218.5983774209925,109.29918871049625,218.5983774209925,54.40004827059248,1740.8015446589593,2,RIGHT,False,,
469222,double_dqn,dueling,1107,19.0,677,0.0,0.0,0.05,,,,,,,,,,10000,10000,1.0,218.6252191328559,218.6252191328559,116556,False,939,469000,0.0,0.0,2,RIGHT,greedy,107966,110842,123343,127071,27643,441579,0.05891241246147879,1,234611,2,2,218.6252191328559,109.31260956642795,2,2,109.31260956642795,218.6252191328559,109.31260956642795,218.6252191328559,54.4064867111556,1741.0075747569792,2,RIGHT,False,,
469275,double_dqn,dueling,1108,22.0,733,0.0,0.0,0.05,,,,,,,,,,10000,10000,1.0,218.63195898189312,218.63195898189312,116570,True,939,469000,0.0,0.0,2,RIGHT,greedy,107986,110859,123349,127082,27646,441630,0.05891202618501692,0,234638,2,2,218.63195898189312,109.31597949094656,2,2,109.31597949094656,218.63195898189312,109.31597949094656,218.63195898189312,54.40872402671941,1741.0791688550212,2,RIGHT,False,,
469395,double_dqn,dueling,1108,,,1.0,1.0,0.05,0.0021487902849912643,2.313270092010498,3.3278095722198486,1.230927586555481,2.3547399044036865,3.352301836013794,0.053952958434820175,0.18738555908203125,0.3506423532962799,10000,10000,1.0,218.64369013505117,218.64369013505117,116600,True,939,469000,0.0,0.0,3,LEFT,random,108035,110895,123364,127102,27652,441744,0.058909747846168266,0,234698,2,2,218.64369013505117,109.32184506752559,2,2,109.32184506752559,218.64369013505117,109.32184506752559,218.64369013505117,54.41177978488057,1741.1769531161783,3,LEFT,False,,
469396,double_dqn,dueling,1108,,,2.0,2.0,0.05,0.0021487902849912643,2.313270092010498,3.3278095722198486,1.230927586555481,2.3547399044036865,3.352301836013794,0.053952958434820175,0.18738555908203125,0.3506423532962799,10000,10000,1.0,218.64361672662517,218.64361672662517,116600,True,939,469000,0.0,0.0,1,FIRE,greedy,108035,110895,123364,127102,27652,441744,0.058909747846168266,1,234698,2,2,218.64361672662517,109.32180836331258,2,2,109.32180836331258,218.64361672662517,109.32180836331258,218.64361672662517,54.41176151642239,1741.1763685255164,1,FIRE,False,,
469795,double_dqn,dueling,1108,,,7.0,7.0,0.05,0.0015258269850164652,2.1515798568725586,2.901287794113159,1.115265130996704,2.1618540287017822,2.8878276348114014,0.044334203004837036,0.1173626184463501,0.17668893933296204,10000,10000,1.0,218.66818837979736,218.66818837979736,116700,True,940,469500,0.0,0.0,1,FIRE,greedy,108194,110976,123447,127179,27664,442132,0.05888513312161023,0,234898,2,2,218.66818837979736,109.33409418989868,2,2,109.33409418989868,218.66818837979736,109.33409418989868,218.66818837979736,54.41832988856274,1741.3865564340076,1,FIRE,False,,
469796,double_dqn,dueling,1108,,,7.0,7.0,0.05,0.0015258269850164652,2.1515798568725586,2.901287794113159,1.115265130996704,2.1618540287017822,2.8878276348114014,0.044334203004837036,0.1173626184463501,0.17668893933296204,10000,10000,1.0,218.66817025824272,218.66817025824272,116700,True,940,469500,0.0,0.0,0,NOOP,greedy,108194,110976,123447,127179,27664,442132,0.05888513312161023,1,234898,2,2,218.66817025824272,109.33408512912136,2,2,109.33408512912136,218.66817025824272,109.33408512912136,218.66817025824272,54.418325378785866,1741.3864121211477,0,NOOP,False,,
470195,double_dqn,dueling,1108,,,11.0,11.0,0.05,0.001478646881878376,2.252425193786621,3.401304006576538,1.42314612865448,2.2712278366088867,3.2800164222717285,0.04035471752285957,0.1225118637084961,0.1217392235994339,10000,10000,1.0,218.64657812228162,218.64657812228162,116800,True,941,470000,0.0,0.0,1,FIRE,greedy,108277,111118,123528,127273,27681,442515,0.058871194140315955,0,235098,2,2,218.64657812228162,109.32328906114081,2,2,109.32328906114081,218.64657812228162,109.32328906114081,218.64657812228162,54.41340367001631,1741.2289174405219,1,FIRE,False,,
470196,double_dqn,dueling,1108,,,11.0,11.0,0.05,0.001478646881878376,2.252425193786621,3.401304006576538,1.42314612865448,2.2712278366088867,3.2800164222717285,0.04035471752285957,0.1225118637084961,0.1217392235994339,10000,10000,1.0,218.64656107929693,218.64656107929693,116800,True,941,470000,0.0,0.0,2,RIGHT,greedy,108277,111118,123528,127273,27681,442515,0.058871194140315955,1,235098,2,2,218.64656107929693,109.32328053964847,2,2,109.32328053964847,218.64656107929693,109.32328053964847,218.64656107929693,54.413399428619925,1741.2287817158376,2,RIGHT,False,,
470595,double_dqn,dueling,1108,,,15.0,15.0,0.05,0.002535492181777954,2.357637882232666,3.2957141399383545,1.226374626159668,2.3890154361724854,3.3254504203796387,0.046297699213027954,0.24167978763580322,0.25099027156829834,10000,10000,1.0,218.62503802433227,218.62503802433227,116900,True,942,470500,0.0,0.0,0,NOOP,greedy,108336,111247,123631,127382,27701,442895,0.05886365374971313,0,235298,2,2,218.62503802433227,109.31251901216613,2,2,109.31251901216613,218.62503802433227,109.31251901216613,218.62503802433227,54.408493184363344,1741.071781899627,0,NOOP,False,,
470596,double_dqn,dueling,1108,,,23.0,17.0,0.05,0.002535492181777954,2.357637882232666,3.2957141399383545,1.226374626159668,2.3890154361724854,3.3254504203796387,0.046297699213027954,0.24167978763580322,0.25099027156829834,10000,10000,1.0,218.62501325874933,218.62501325874933,116900,True,942,470500,0.0,0.0,1,FIRE,greedy,108336,111247,123631,127382,27701,442895,0.05886365374971313,1,235298,2,2,218.62501325874933,109.31250662937467,2,2,109.31250662937467,218.62501325874933,109.31250662937467,218.62501325874933,54.40848702103429,1741.0715846730973,1,FIRE,False,,
470609,double_dqn,dueling,1109,15.0,667,0.0,0.0,0.05,,,,,,,,,,10000,10000,1.0,218.62582217311987,218.62582217311987,116903,False,942,470500,0.0,0.0,0,NOOP,greedy,108342,111250,123635,127383,27703,442907,0.058866152440449626,0,235305,2,2,218.62582217311987,109.31291108655994,2,2,109.31291108655994,218.62582217311987,109.31291108655994,218.62582217311987,54.408208553323185,1741.062673706342,0,NOOP,False,,
470706,double_dqn,dueling,1110,27.0,742,0.0,0.0,0.05,,,,,,,,,,10000,10000,1.0,218.63248806208517,218.63248806208517,116927,False,942,470500,0.0,0.0,1,FIRE,random,108374,111272,123648,127412,27707,442999,0.058862644623183046,1,235353,2,2,218.63248806208517,109.31624403104259,2,2,109.31624403104259,218.63248806208517,109.31624403104259,218.63248806208517,54.409975439263505,1741.1192140564322,1,FIRE,False,,
470995,double_dqn,dueling,1110,,,4.0,4.0,0.05,0.0023989418987184763,2.2262206077575684,3.5282492637634277,-0.030461836606264114,2.2615222930908203,3.4746248722076416,0.05050458386540413,0.2070997953414917,0.23133611679077148,10000,10000,1.0,218.6464468840553,218.6464468840553,117000,True,942,470500,0.0,0.0,3,LEFT,greedy,108459,111333,123728,127476,27723,443273,0.058860372487239805,0,235498,2,2,218.6464468840553,109.32322344202765,2,2,109.32322344202765,218.6464468840553,109.32322344202765,218.6464468840553,54.41426963463663,1741.2566283083722,3,LEFT,False,,
470996,double_dqn,dueling,1110,,,4.0,4.0,0.05,0.0023989418987184763,2.2262206077575684,3.5282492637634277,-0.030461836606264114,2.2615222930908203,3.4746248722076416,0.05050458386540413,0.2070997953414917,0.23133611679077148,10000,10000,1.0,218.64642914567915,218.64642914567915,117000,True,942,470500,0.0,0.0,1,FIRE,greedy,108459,111333,123728,127476,27723,443273,0.058860372487239805,1,235498,2,2,218.64642914567915,109.32321457283957,2,2,109.32321457283957,218.64642914567915,109.32321457283957,218.64642914567915,54.414265220108994,1741.2564870434878,1,FIRE,False,,
471395,double_dqn,dueling,1110,,,9.0,9.0,0.05,0.0009259169455617666,2.386528968811035,3.3624508380889893,1.3332096338272095,2.40244197845459,3.3431522846221924,0.03122803196310997,0.13944029808044434,0.08012978732585907,10000,10000,1.0,218.65831882519723,218.65831882519723,117100,True,943,471000,0.0,0.0,3,LEFT,greedy,108530,111411,123848,127607,27738,443658,0.05884224728253952,0,235698,2,2,218.65831882519723,109.32915941259861,2,2,109.32915941259861,218.65831882519723,109.32915941259861,218.65831882519723,54.41767109139073,1741.3654749245034,3,LEFT,False,,
471396,double_dqn,dueling,1110,,,9.0,9.0,0.05,0.0009259169455617666,2.386528968811035,3.3624508380889893,1.3332096338272095,2.40244197845459,3.3431522846221924,0.03122803196310997,0.13944029808044434,0.08012978732585907,10000,10000,1.0,218.6583001235484,218.6583001235484,117100,True,943,471000,0.0,0.0,2,RIGHT,greedy,108530,111411,123848,127607,27738,443658,0.05884224728253952,1,235698,2,2,218.6583001235484,109.3291500617742,2,2,109.3291500617742,218.6583001235484,109.3291500617742,218.6583001235484,54.41766643709639,1741.3653259870846,2,RIGHT,False,,
471511,double_dqn,dueling,1111,10.0,451,0.0,0.0,0.05,,,,,,,,,,10000,10000,1.0,218.65554535397922,218.65554535397922,117129,True,944,471500,0.0,0.0,2,RIGHT,greedy,108543,111440,123870,127659,27741,443771,0.05883413359575154,0,235756,2,2,218.65554535397922,109.32777267698961,2,2,109.32777267698961,218.65554535397922,109.32777267698961,218.65554535397922,54.417110153283645,1741.3475249050766,2,RIGHT,False,,
471568,double_dqn,dueling,1112,10.0,431,0.0,0.0,0.05,,,,,,,,,,10000,10000,1.0,218.65791251995427,218.65791251995427,117143,True,944,471500,0.0,0.0,2,RIGHT,greedy,108563,111452,123883,127670,27743,443825,0.05883138805007974,1,235784,2,2,218.65791251995427,109.32895625997713,2,2,109.32895625997713,218.65791251995427,109.32895625997713,218.65791251995427,54.41776164507203,1741.3683726423048,2,RIGHT,False,,
471795,double_dqn,dueling,1112,,,4.0,4.0,0.05,0.0021170296240597963,2.4178924560546875,3.352968454360962,0.4959779977798462,2.452681541442871,3.432913303375244,0.04976503178477287,0.16662991046905518,0.299234539270401,10000,10000,1.0,218.61826334596452,218.61826334596452,117200,True,944,471500,0.0,0.0,3,LEFT,greedy,108653,111515,123916,127712,27753,444043,0.05882415281180849,0,235898,2,2,218.61826334596452,109.30913167298226,2,2,109.30913167298226,218.61826334596452,109.30913167298226,218.61826334596452,54.40814766016473,1741.0607251252713,3,LEFT,False,,
471796,double_dqn,dueling,1112,,,2.0,2.0,0.05,0.0021170296240597963,2.4178924560546875,3.352968454360962,0.4959779977798462,2.452681541442871,3.432913303375244,0.04976503178477287,0.16662991046905518,0.299234539270401,10000,10000,1.0,218.6182447926009,218.6182447926009,117200,True,944,471500,0.0,0.0,0,NOOP,greedy,108653,111515,123916,127712,27753,444043,0.05882415281180849,1,235898,2,2,218.6182447926009,109.30912239630045,2,2,109.30912239630045,218.6182447926009,109.30912239630045,218.6182447926009,54.40814304273647,1741.060577367567,0,NOOP,False,,
472195,double_dqn,dueling,1112,,,7.0,7.0,0.05,0.0021382055711001158,2.4551045894622803,3.397864580154419,1.0612634420394897,2.4975476264953613,3.3601558208465576,0.047428198158741,0.18761730194091797,0.4046405553817749,10000,10000,1.0,218.59954700186674,218.59954700186674,117300,True,945,472000,0.0,0.0,0,NOOP,greedy,108739,111642,124007,127808,27769,444427,0.058808206761598994,0,236098,2,2,218.59954700186674,109.29977350093337,2,2,109.29977350093337,218.59954700186674,109.29977350093337,218.59954700186674,54.40393323757507,1740.9258636024022,0,NOOP,False,,
472196,double_dqn,dueling,1112,,,7.0,7.0,0.05,0.0021382055711001158,2.4551045894622803,3.397864580154419,1.0612634420394897,2.4975476264953613,3.3601558208465576,0.047428198158741,0.18761730194091797,0.4046405553817749,10000,10000,1.0,218.59952837756765,218.59952837756765,117300,True,945,472000,0.0,0.0,2,RIGHT,greedy,108739,111642,124007,127808,27769,444427,0.058808206761598994,1,236098,2,2,218.59952837756765,109.29976418878383,2,2,109.29976418878383,218.59952837756765,109.29976418878383,218.59952837756765,54.403928602455096,1740.925715278563,2,RIGHT,False,,
472494,double_dqn,dueling,1113,11.0,463,0.0,0.0,0.05,,,,,,,,,,10000,10000,1.0,218.6061792336743,218.6061792336743,117374,False,945,472000,0.0,0.0,1,FIRE,greedy,108786,111772,124063,127873,27784,444710,0.058802863105139956,1,236247,2,2,218.6061792336743,109.30308961683716,2,2,109.30308961683716,218.6061792336743,109.30308961683716,218.6061792336743,54.405422001070804,1740.9735040342657,1,FIRE,False,,
472595,double_dqn,dueling,1113,,,12.0,12.0,0.05,0.0015460677677765489,2.3024301528930664,3.1996569633483887,0.45751771330833435,2.318986415863037,3.1824536323547363,0.041820842772722244,0.16088923811912537,0.14402925968170166,10000,10000,1.0,218.61010166933198,218.61010166933198,117400,True,946,472500,0.0,0.0,3,LEFT,greedy,108812,111807,124082,127895,27790,444806,0.05880286756553166,0,236298,2,2,218.61010166933198,109.30505083466599,2,2,109.30505083466599,218.61010166933198,109.30505083466599,218.61010166933198,54.407002023303754,1741.0240647457201,3,LEFT,False,,
472596,double_dqn,dueling,1113,,,1.0,1.0,0.05,0.0015460677677765489,2.3024301528930664,3.1996569633483887,0.45751771330833435,2.318986415863037,3.1824536323547363,0.041820842772722244,0.16088923811912537,0.14402925968170166,10000,10000,1.0,218.61007251365453,218.61007251365453,117400,True,946,472500,0.0,0.0,2,RIGHT,greedy,108812,111807,124082,127895,27790,444806,0.05880286756553166,1,236298,2,2,218.61007251365453,109.30503625682726,2,2,109.30503625682726,218.61007251365453,109.30503625682726,218.61007251365453,54.40699476712945,1741.0238325481423,2,RIGHT,False,,
472811,double_dqn,dueling,1114,19.0,650,0.0,0.0,0.05,,,,,,,,,,10000,10000,1.0,218.6205892295262,218.6205892295262,117454,True,946,472500,0.0,0.0,1,FIRE,greedy,108871,111875,124121,127945,27805,445007,0.05880772907625018,0,236406,2,2,218.6205892295262,109.3102946147631,2,2,109.3102946147631,218.6205892295262,109.3102946147631,218.6205892295262,54.4098501631192,1741.1152052198145,1,FIRE,False,,
472995,double_dqn,dueling,1114,,,1.0,1.0,0.05,0.000989879947155714,2.4886560440063477,3.2898001670837402,1.5899522304534912,2.499664068222046,3.2928998470306396,0.03707186505198479,0.08001589775085449,0.15826071798801422,10000,10000,1.0,218.62229708933992,218.62229708933992,117500,True,946,472500,0.0,0.0,1,FIRE,greedy,108970,111923,124139,127964,27816,445180,0.05880810831381238,0,236498,2,2,218.62229708933992,109.31114854466996,2,2,109.31114854466996,218.62229708933992,109.31114854466996,218.62229708933992,54.41047761467146,1741.1352836694866,1,FIRE,False,,
472996,double_dqn,dueling,1114,,,6.0,6.0,0.05,0.000989879947155714,2.4886560440063477,3.2898001670837402,1.5899522304534912,2.499664068222046,3.2928998470306396,0.03707186505198479,0.08001589775085449,0.15826071798801422,10000,10000,1.0,218.62226693249215,218.62226693249215,117500,True,946,472500,0.0,0.0,0,NOOP,greedy,108970,111923,124139,127964,27816,445180,0.05880810831381238,1,236498,2,2,218.62226693249215,109.31113346624608,2,2,109.31113346624608,218.62226693249215,109.31113346624608,218.62226693249215,54.410470109268246,1741.1350434965839,0,NOOP,False,,
473395,double_dqn,dueling,1114,,,6.0,6.0,0.05,0.0013702202122658491,2.230288505554199,3.1554958820343018,0.9529275298118591,2.2400450706481934,3.185551404953003,0.039405301213264465,0.14390945434570312,0.1375439614057541,10000,10000,1.0,218.6293710908365,218.6293710908365,117600,True,947,473000,0.0,0.0,2,RIGHT,greedy,109119,112025,124210,128042,27838,445558,0.05880489062011508,0,236698,2,2,218.6293710908365,109.31468554541824,2,2,109.31468554541824,218.6293710908365,109.31468554541824,218.6293710908365,54.41267705455522,1741.205665745767,2,RIGHT,False,,
473396,double_dqn,dueling,1114,,,9.0,9.0,0.05,0.0013702202122658491,2.230288505554199,3.1554958820343018,0.9529275298118591,2.2400450706481934,3.185551404953003,0.039405301213264465,0.14390945434570312,0.1375439614057541,10000,10000,1.0,218.62935380252821,218.62935380252821,117600,True,947,473000,0.0,0.0,2,RIGHT,greedy,109119,112025,124210,128042,27838,445558,0.05880489062011508,1,236698,2,2,218.62935380252821,109.31467690126411,2,2,109.31467690126411,218.62935380252821,109.31467690126411,218.62935380252821,54.41267275182531,1741.20552805841,2,RIGHT,False,,
473795,double_dqn,dueling,1114,,,11.0,11.0,0.05,0.0022671138867735863,2.2411510944366455,3.1128172874450684,0.46353405714035034,2.288768768310547,3.162217617034912,0.051058996468782425,0.16225922107696533,0.3721106946468353,10000,10000,1.0,218.62709102919496,218.62709102919496,117700,True,948,473500,0.0,0.0,3,LEFT,greedy,109180,112147,124314,128155,27861,445935,0.05880378897246916,0,236898,2,2,218.62709102919496,109.31354551459748,2,2,109.31354551459748,218.62709102919496,109.31354551459748,218.62709102919496,54.4125468875008,1741.2015004000257,3,LEFT,False,,
473796,double_dqn,dueling,1114,,,16.0,13.0,0.05,0.0022671138867735863,2.2411510944366455,3.1128172874450684,0.46353405714035034,2.288768768310547,3.162217617034912,0.051058996468782425,0.16225922107696533,0.3721106946468353,10000,10000,1.0,218.62707343042013,218.62707343042013,117700,True,948,473500,0.0,0.0,1,FIRE,greedy,109180,112147,124314,128155,27861,445935,0.05880378897246916,1,236898,2,2,218.62707343042013,109.31353671521006,2,2,109.31353671521006,218.62707343042013,109.31353671521006,218.62707343042013,54.41254250746649,1741.2013602389277,1,FIRE,False,,
473958,double_dqn,dueling,1115,18.0,732,0.0,0.0,0.05,,,,,,,,,,10000,10000,1.0,218.61230419359637,218.61230419359637,117740,False,948,473500,0.0,0.0,3,LEFT,greedy,109202,112186,124351,128219,27868,446090,0.05879845893517991,1,236979,2,2,218.61230419359637,109.30615209679819,2,2,109.30615209679819,218.61230419359637,109.30615209679819,218.61230419359637,54.40855528021713,1741.0737689669481,3,LEFT,False,,
474195,double_dqn,dueling,1115,,,16.0,16.0,0.05,0.001431973185390234,2.326592445373535,3.321420431137085,0.7635319828987122,2.3283193111419678,3.2721762657165527,0.043518953025341034,0.17189812660217285,0.17326302826404572,10000,10000,1.0,218.6153198950345,218.6153198950345,117800,True,949,474000,0.0,0.0,0,NOOP,greedy,109292,112257,124389,128258,27879,446317,0.058792145020202614,0,237098,2,2,218.6153198950345,109.30765994751725,2,2,109.30765994751725,218.6153198950345,109.30765994751725,218.6153198950345,54.41005296625733,1741.1216949202346,0,NOOP,False,,
474196,double_dqn,dueling,1115,,,2.0,2.0,0.05,0.001431973185390234,2.326592445373535,3.321420431137085,0.7635319828987122,2.3283193111419678,3.2721762657165527,0.043518953025341034,0.17189812660217285,0.17326302826404572,10000,10000,1.0,218.61530041097393,218.61530041097393,117800,True,949,474000,0.0,0.0,0,NOOP,greedy,109292,112257,124389,128258,27879,446317,0.058792145020202614,1,237098,2,2,218.61530041097393,109.30765020548696,2,2,109.30765020548696,218.61530041097393,109.30765020548696,218.61530041097393,54.41004811696879,1741.1215397430012,0,NOOP,False,,
474295,double_dqn,dueling,1116,17.0,742,0.0,0.0,0.05,,,,,,,,,,10000,10000,1.0,218.6177454339706,218.6177454339706,117825,True,949,474000,0.0,0.0,1,FIRE,greedy,109331,112300,124397,128268,27883,446413,0.05878818290687672,0,237148,2,2,218.6177454339706,109.3088727169853,2,2,109.3088727169853,218.6177454339706,109.3088727169853,218.6177454339706,54.41076533289036,1741.1444906524914,1,FIRE,False,,
474595,double_dqn,dueling,1116,,,3.0,3.0,0.05,0.0028101219795644283,2.0189647674560547,3.260075569152832,-0.2615489363670349,2.0344810485839844,3.1699063777923584,0.05444715544581413,0.19634509086608887,0.1388915330171585,10000,10000,1.0,218.6151482210968,218.6151482210968,117900,True,950,474500,0.0,0.0,1,FIRE,greedy,109409,112412,124451,128324,27897,446699,0.0587805206954968,0,237298,2,2,218.6151482210968,109.3075741105484,2,2,109.3075741105484,218.6151482210968,109.3075741105484,218.6151482210968,54.41044439977154,1741.1342207926893,1,FIRE,False,,
474596,double_dqn,dueling,1116,,,7.0,7.0,0.05,0.0028101219795644283,2.0189647674560547,3.260075569152832,-0.2615489363670349,2.0344810485839844,3.1699063777923584,0.05444715544581413,0.19634509086608887,0.1388915330171585,10000,10000,1.0,218.61512570756693,218.61512570756693,117900,True,950,474500,0.0,0.0,1,FIRE,greedy,109409,112412,124451,128324,27897,446699,0.0587805206954968,1,237298,2,2,218.61512570756693,109.30756285378347,2,2,109.30756285378347,218.61512570756693,109.30756285378347,218.61512570756693,54.41043879644911,1741.1340414863714,1,FIRE,False,,
474995,double_dqn,dueling,1116,,,7.0,7.0,0.05,0.001070199767127633,2.2056679725646973,3.2306718826293945,0.08444692194461823,2.246591091156006,3.2904369831085205,0.038281023502349854,0.12461972236633301,0.38368964195251465,10000,10000,1.0,218.61733101672027,218.61733101672027,118000,True,950,474500,0.0,0.0,1,FIRE,greedy,109483,112545,124538,128430,27905,447091,0.058747863139900124,0,237498,2,2,218.61733101672027,109.30866550836014,2,2,109.30866550836014,218.61733101672027,109.30866550836014,218.61733101672027,54.41142029016213,1741.165449285188,1,FIRE,False,,
474996,double_dqn,dueling,1116,,,11.0,11.0,0.05,0.001070199767127633,2.2056679725646973,3.2306718826293945,0.08444692194461823,2.246591091156006,3.2904369831085205,0.038281023502349854,0.12461972236633301,0.38368964195251465,10000,10000,1.0,218.6173133221664,218.6173133221664,118000,True,950,474500,0.0,0.0,3,LEFT,greedy,109483,112545,124538,128430,27905,447091,0.058747863139900124,1,237498,2,2,218.6173133221664,109.3086566610832,2,2,109.3086566610832,218.6173133221664,109.3086566610832,218.6173133221664,54.41141588618463,1741.165308357908,3,LEFT,False,,
475150,double_dqn,dueling,1117,12.0,596,0.0,0.0,0.05,,,,,,,,,,10000,10000,1.0,218.5948812548407,218.5948812548407,118038,False,951,475000,0.0,0.0,1,FIRE,greedy,109513,112621,124558,128458,27913,447237,0.058745659265495104,1,237575,2,2,218.5948812548407,109.29744062742034,2,2,109.29744062742034,218.5948812548407,109.29744062742034,218.5948812548407,54.40551348379972,1740.9764314815911,1,FIRE,False,,
475395,double_dqn,dueling,1117,,,16.0,13.0,0.05,0.0024516424164175987,2.2069249153137207,3.062260389328003,-0.8120353817939758,2.248579740524292,3.2464442253112793,0.049361906945705414,0.23067247867584229,0.37957409024238586,10000,10000,1.0,218.52824528823498,218.52824528823498,118100,True,951,475000,0.0,0.0,2,RIGHT,greedy,109587,112695,124594,128520,27925,447471,0.05874050265462898,0,237698,2,2,218.52824528823498,109.26412264411749,2,2,109.26412264411749,218.52824528823498,109.26412264411749,218.52824528823498,54.38967875394725,1740.469720126312,2,RIGHT,False,,
475396,double_dqn,dueling,1117,,,2.0,2.0,0.05,0.0024516424164175987,2.2069249153137207,3.062260389328003,-0.8120353817939758,2.248579740524292,3.2464442253112793,0.049361906945705414,0.23067247867584229,0.37957409024238586,10000,10000,1.0,218.5282119187718,218.5282119187718,118100,True,951,475000,0.0,0.0,2,RIGHT,greedy,109587,112695,124594,128520,27925,447471,0.05874050265462898,1,237698,2,2,218.5282119187718,109.2641059593859,2,2,109.2641059593859,218.5282119187718,109.2641059593859,218.5282119187718,54.3896704485935,1740.469454354992,2,RIGHT,False,,
475571,double_dqn,dueling,1118,18.0,638,0.0,0.0,0.05,,,,,,,,,,10000,10000,1.0,218.4342933048322,218.4342933048322,118144,True,952,475500,0.0,0.0,3,LEFT,greedy,109635,112747,124618,128572,27934,447638,0.05873768850983658,0,237786,2,2,218.4342933048322,109.2171466524161,2,2,109.2171466524161,218.4342933048322,109.2171466524161,218.4342933048322,54.366484000732335,1739.7274880234347,3,LEFT,False,,
475795,double_dqn,dueling,1118,,,2.0,2.0,0.05,0.0016517536714673042,2.1597557067871094,3.121029853820801,1.0842076539993286,2.1875786781311035,3.1719908714294434,0.04832945391535759,0.12785756587982178,0.2094169706106186,10000,10000,1.0,218.3680299958709,218.3680299958709,118200,True,952,475500,0.0,0.0,3,LEFT,greedy,109693,112803,124679,128621,27957,447839,0.058758375438213016,0,237898,2,2,218.3680299958709,109.18401499793545,2,2,109.18401499793545,218.3680299958709,109.18401499793545,218.3680299958709,54.35023170356405,1739.2074145140496,3,LEFT,False,,
475796,double_dqn,dueling,1118,,,7.0,7.0,0.05,0.0016517536714673042,2.1597557067871094,3.121029853820801,1.0842076539993286,2.1875786781311035,3.1719908714294434,0.04832945391535759,0.12785756587982178,0.2094169706106186,10000,10000,1.0,218.36801056690587,218.36801056690587,118200,True,952,475500,0.0,0.0,2,RIGHT,greedy,109693,112803,124679,128621,27957,447839,0.058758375438213016,1,237898,2,2,218.36801056690587,109.18400528345293,2,2,109.18400528345293,218.36801056690587,109.18400528345293,218.36801056690587,54.35022686783443,1739.2072597707017,2,RIGHT,False,,
476195,double_dqn,dueling,1118,,,6.0,6.0,0.05,0.004108965862542391,2.153773307800293,3.326892137527466,0.8118457198143005,2.185642719268799,3.2142841815948486,0.060287319123744965,0.3250408172607422,0.19880658388137817,10000,10000,1.0,218.32528581073657,218.32528581073657,118300,True,953,476000,0.0,0.0,2,RIGHT,greedy,109768,112896,124767,128765,27974,448222,0.05874471856126469,0,238098,2,2,218.32528581073657,109.16264290536829,2,2,109.16264290536829,218.32528581073657,109.16264290536829,218.32528581073657,54.34002045066517,1738.8806544212855,2,RIGHT,False,,
476196,double_dqn,dueling,1118,,,12.0,12.0,0.05,0.004108965862542391,2.153773307800293,3.326892137527466,0.8118457198143005,2.185642719268799,3.2142841815948486,0.060287319123744965,0.3250408172607422,0.19880658388137817,10000,10000,1.0,218.32526737203088,218.32526737203088,118300,True,953,476000,0.0,0.0,2,RIGHT,greedy,109768,112896,124767,128765,27974,448222,0.05874471856126469,1,238098,2,2,218.32526737203088,109.16263368601544,2,2,109.16263368601544,218.32526737203088,109.16263368601544,218.32526737203088,54.34001586136787,1738.8805075637717,2,RIGHT,False,,
476595,double_dqn,dueling,1118,,,13.0,10.0,0.05,0.0028527549002319574,2.272582530975342,3.153043746948242,0.4538101255893707,2.282006025314331,3.233402729034424,0.05077153444290161,0.3043593168258667,0.32760047912597656,10000,10000,1.0,218.2815697054739,218.2815697054739,118400,True,954,476500,0.0,0.0,3,LEFT,greedy,109846,112991,124866,128893,28010,448586,0.05877095065841929,0,238298,2,2,218.2815697054739,109.14078485273696,2,2,109.14078485273696,218.2815697054739,109.14078485273696,218.2815697054739,54.32956561377528,1738.546099640809,3,LEFT,False,,
476596,double_dqn,dueling,1118,,,18.0,18.0,0.05,0.0028527549002319574,2.272582530975342,3.153043746948242,0.4538101255893707,2.282006025314331,3.233402729034424,0.05077153444290161,0.3043593168258667,0.32760047912597656,10000,10000,1.0,218.28155206362425,218.28155206362425,118400,True,954,476500,0.0,0.0,1,FIRE,greedy,109846,112991,124866,128893,28010,448586,0.05877095065841929,1,238298,2,2,218.28155206362425,109.14077603181212,2,2,109.14077603181212,218.28155206362425,109.14077603181212,218.28155206362425,54.32956122277685,1738.5459591288593,1,FIRE,False,,
476707,double_dqn,dueling,1119,14.0,568,0.0,0.0,0.05,,,,,,,,,,10000,10000,1.0,218.27410399278773,218.27410399278773,118428,True,954,476500,0.0,0.0,1,FIRE,greedy,109856,113028,124898,128926,28014,448694,0.05876553361806389,0,238354,2,2,218.27410399278773,109.13705199639386,2,2,109.13705199639386,218.27410399278773,109.13705199639386,218.27410399278773,54.32782639342693,1738.4904445896618,1,FIRE,False,,
476836,double_dqn,dueling,1120,33.0,843,0.0,0.0,0.05,,,,,,,,,,10000,10000,1.0,218.25778712850413,218.25778712850413,118460,True,954,476500,0.0,0.0,1,FIRE,greedy,109883,113073,124925,128955,28020,448816,0.05876234176949727,1,238418,2,2,218.25778712850413,109.12889356425207,2,2,109.12889356425207,218.25778712850413,109.12889356425207,218.25778712850413,54.323900983478,1738.364831471296,1,FIRE,False,,
476995,double_dqn,dueling,1120,,,3.0,3.0,0.05,0.002031933981925249,2.290231227874756,3.3411483764648438,1.113796591758728,2.3382670879364014,3.3575572967529297,0.050745345652103424,0.13625478744506836,0.39131855964660645,10000,10000,1.0,218.24043220047938,218.24043220047938,118500,True,954,476500,0.0,0.0,0,NOOP,greedy,109919,113132,124958,128987,28029,448967,0.05876149904821005,0,238498,2,2,218.24043220047938,109.12021610023969,2,2,109.12021610023969,218.24043220047938,109.12021610023969,218.24043220047938,54.31975091585263,1738.2320293072842,0,NOOP,False,,
476996,double_dqn,dueling,1120,,,2.0,2.0,0.05,0.002031933981925249,2.290231227874756,3.3411483764648438,1.113796591758728,2.3382670879364014,3.3575572967529297,0.050745345652103424,0.13625478744506836,0.39131855964660645,10000,10000,1.0,218.2404155195807,218.2404155195807,118500,True,954,476500,0.0,0.0,1,FIRE,greedy,109919,113132,124958,128987,28029,448967,0.05876149904821005,1,238498,2,2,218.2404155195807,109.12020775979035,2,2,109.12020775979035,218.2404155195807,109.12020775979035,218.2404155195807,54.31974676399932,1738.2318964479782,1,FIRE,False,,
477395,double_dqn,dueling,1120,,,9.0,9.0,0.05,0.004402001388370991,2.4171524047851562,3.3033995628356934,0.9703271985054016,2.445452928543091,3.2056336402893066,0.05872027575969696,0.3935704231262207,0.2289920449256897,10000,10000,1.0,218.20635188833427,218.20635188833427,118600,True,955,477000,0.0,0.0,1,FIRE,greedy,110025,113236,125044,129091,28049,449347,0.058754157973673844,0,238698,2,2,218.20635188833427,109.10317594416713,2,2,109.10317594416713,218.20635188833427,109.10317594416713,218.20635188833427,54.31169110506707,1737.9741153621462,1,FIRE,False,,
477396,double_dqn,dueling,1120,,,6.0,6.0,0.05,0.004402001388370991,2.4171524047851562,3.3033995628356934,0.9703271985054016,2.445452928543091,3.2056336402893066,0.05872027575969696,0.3935704231262207,0.2289920449256897,10000,10000,1.0,218.20633453005345,218.20633453005345,118600,True,955,477000,1.0,1.0,0,NOOP,greedy,110025,113236,125044,129091,28049,449347,0.058754157973673844,1,238698,2,2,218.20633453005345,109.10316726502673,2,2,109.10316726502673,218.20633453005345,109.10316726502673,218.20633453005345,54.31168678458062,1737.97397710658,0,NOOP,False,,
477795,double_dqn,dueling,1120,,,16.0,13.0,0.05,0.002040614141151309,2.397106409072876,3.109234571456909,1.2339240312576294,2.4481754302978516,3.269474506378174,0.05170225352048874,0.16023993492126465,0.5116257667541504,10000,10000,1.0,218.14139679923267,218.14139679923267,118700,True,956,477500,0.0,0.0,0,NOOP,greedy,110064,113343,125153,129236,28064,449732,0.05873636447354101,0,238898,2,2,218.14139679923267,109.07069839961633,2,2,109.07069839961633,218.14139679923267,109.07069839961633,218.14139679923267,54.29594486786288,1737.4702357716121,0,NOOP,False,,
477796,double_dqn,dueling,1120,,,10.0,10.0,0.05,0.002040614141151309,2.397106409072876,3.109234571456909,1.2339240312576294,2.4481754302978516,3.269474506378174,0.05170225352048874,0.16023993492126465,0.5116257667541504,10000,10000,1.0,218.1413720868229,218.1413720868229,118700,True,956,477500,0.0,0.0,1,FIRE,greedy,110064,113343,125153,129236,28064,449732,0.05873636447354101,1,238898,2,2,218.1413720868229,109.07068604341146,2,2,109.07068604341146,218.1413720868229,109.07068604341146,218.1413720868229,54.29593871688165,1737.4700389402128,1,FIRE,False,,
477883,double_dqn,dueling,1121,17.0,588,0.0,0.0,0.05,,,,,,,,,,10000,10000,1.0,218.12055738698538,218.12055738698538,118722,True,956,477500,0.0,0.0,3,LEFT,greedy,110075,113358,125169,129282,28069,449815,0.05873601124959195,0,238942,2,2,218.12055738698538,109.06027869349269,2,2,109.06027869349269,218.12055738698538,109.06027869349269,218.12055738698538,54.29085032537255,1737.3072104119217,3,LEFT,False,,
478195,double_dqn,dueling,1121,,,3.0,3.0,0.05,0.0015590896364301443,2.0748350620269775,3.247462034225464,0.46600422263145447,2.097123861312866,3.283416986465454,0.043988727033138275,0.16586709022521973,0.17584502696990967,10000,10000,1.0,218.07914988937117,218.07914988937117,118800,True,957,478000,0.0,0.0,3,LEFT,greedy,110137,113456,125241,129362,28082,450114,0.058724874319316764,0,239098,2,2,218.07914988937117,109.03957494468558,2,2,109.03957494468558,218.07914988937117,109.03957494468558,218.07914988937117,54.2808709818156,1736.9878714180993,3,LEFT,False,,
478196,double_dqn,dueling,1121,,,26.0,17.0,0.05,0.0015590896364301443,2.0748350620269775,3.247462034225464,0.46600422263145447,2.097123861312866,3.283416986465454,0.043988727033138275,0.16586709022521973,0.17584502696990967,10000,10000,1.0,218.07913177845577,218.07913177845577,118800,True,957,478000,0.0,0.0,3,LEFT,greedy,110137,113456,125241,129362,28082,450114,0.058724874319316764,1,239098,2,2,218.07913177845577,109.03956588922789,2,2,109.03956588922789,218.07913177845577,109.03956588922789,218.07913177845577,54.28086647392816,1736.987727165701,3,LEFT,False,,
478204,double_dqn,dueling,1122,26.0,684,0.0,0.0,0.05,,,,,,,,,,10000,10000,1.0,218.07437249531793,218.07437249531793,118802,True,957,478000,0.0,0.0,2,RIGHT,greedy,110138,113458,125243,129365,28082,450122,0.05872389189550903,1,239102,2,2,218.07437249531793,109.03718624765897,2,2,109.03718624765897,218.07437249531793,109.03718624765897,218.07437249531793,54.27969024253104,1736.9500877609933,2,RIGHT,False,,
478595,double_dqn,dueling,1122,,,11.0,8.0,0.05,0.0011193573009222746,2.3125722408294678,3.0165297985076904,1.2132556438446045,2.316771984100342,3.0034642219543457,0.034915149211883545,0.1147468090057373,0.13100562989711761,10000,10000,1.0,218.0543073165492,218.0543073165492,118900,True,958,478500,0.0,0.0,2,RIGHT,greedy,110175,113612,125331,129478,28109,450487,0.05873220837616695,0,239298,2,2,218.0543073165492,109.0271536582746,2,2,109.0271536582746,218.0543073165492,109.0271536582746,218.0543073165492,54.275105566170595,1736.803378117459,2,RIGHT,False,,
478596,double_dqn,dueling,1122,,,3.0,3.0,0.05,0.0011193573009222746,2.3125722408294678,3.0165297985076904,1.2132556438446045,2.316771984100342,3.0034642219543457,0.034915149211883545,0.1147468090057373,0.13100562989711761,10000,10000,1.0,218.05428289750714,218.05428289750714,118900,True,958,478500,0.0,0.0,3,LEFT,greedy,110175,113612,125331,129478,28109,450487,0.05873220837616695,1,239298,2,2,218.05428289750714,109.02714144875357,2,2,109.02714144875357,218.05428289750714,109.02714144875357,218.05428289750714,54.275099488115536,1736.8031836196972,3,LEFT,False,,
478745,double_dqn,dueling,1123,12.0,431,0.0,0.0,0.05,,,,,,,,,,10000,10000,1.0,218.05304693528484,218.05304693528484,118937,False,958,478500,0.0,0.0,0,NOOP,greedy,110208,113643,125381,129514,28113,450633,0.05872216164730358,0,239373,2,2,218.05304693528484,109.02652346764242,2,2,109.02652346764242,218.05304693528484,109.02652346764242,218.05304693528484,54.2744715986613,1736.7830911571616,0,NOOP,False,,
478995,double_dqn,dueling,1123,,,3.0,3.0,0.05,0.0027018506079912186,2.1134328842163086,3.2736353874206543,0.23559561371803284,2.1477043628692627,3.337169647216797,0.050968416035175323,0.19108939170837402,0.17890749871730804,10000,10000,1.0,218.05394381092546,218.05394381092546,119000,True,958,478500,0.0,0.0,3,LEFT,greedy,110264,113695,125446,129591,28127,450869,0.058720740883013635,0,239498,2,2,218.05394381092546,109.02697190546273,2,2,109.02697190546273,218.05394381092546,109.02697190546273,218.05394381092546,54.27543163757856,1736.813812402514,3,LEFT,False,,
478996,double_dqn,dueling,1123,,,8.0,8.0,0.05,0.0027018506079912186,2.1134328842163086,3.2736353874206543,0.23559561371803284,2.1477043628692627,3.337169647216797,0.050968416035175323,0.19108939170837402,0.17890749871730804,10000,10000,1.0,218.05392701327014,218.05392701327014,119000,True,958,478500,0.0,0.0,3,LEFT,greedy,110264,113695,125446,129591,28127,450869,0.058720740883013635,1,239498,2,2,218.05392701327014,109.02696350663507,2,2,109.02696350663507,218.05392701327014,109.02696350663507,218.05392701327014,54.2754274565031,1736.8136786080993,3,LEFT,False,,
479216,double_dqn,dueling,1124,13.0,506,0.0,0.0,0.05,,,,,,,,,,10000,10000,1.0,218.04179633276885,218.04179633276885,119055,True,959,479000,0.0,0.0,3,LEFT,greedy,110292,113781,125499,129644,28140,451076,0.058720910821007645,1,239608,2,2,218.04179633276885,109.02089816638443,2,2,109.02089816638443,218.04179633276885,109.02089816638443,218.04179633276885,54.272636499938024,1736.7243679980168,3,LEFT,False,,
479395,double_dqn,dueling,1124,,,6.0,6.0,0.05,0.0009963486809283495,2.30906081199646,3.1205992698669434,-0.13914495706558228,2.3351173400878906,3.034522294998169,0.03502526134252548,0.10789357125759125,0.08490534126758575,10000,10000,1.0,218.04682714177042,218.04682714177042,119100,True,959,479000,0.0,0.0,1,FIRE,greedy,110339,113819,125557,129681,28148,451248,0.058715550400921156,0,239698,2,2,218.04682714177042,109.02341357088521,2,2,109.02341357088521,218.04682714177042,109.02341357088521,218.04682714177042,54.27407532375434,1736.7704103601388,1,FIRE,False,,
479396,double_dqn,dueling,1124,,,2.0,2.0,0.05,0.0009963486809283495,2.30906081199646,3.1205992698669434,-0.13914495706558228,2.3351173400878906,3.034522294998169,0.03502526134252548,0.10789357125759125,0.08490534126758575,10000,10000,1.0,218.04681054035666,218.04681054035666,119100,True,959,479000,0.0,0.0,3,LEFT,greedy,110339,113819,125557,129681,28148,451248,0.058715550400921156,1,239698,2,2,218.04681054035666,109.02340527017833,2,2,109.02340527017833,218.04681054035666,109.02340527017833,218.04681054035666,54.27407119149343,1736.7702781277897,3,LEFT,False,,
479609,double_dqn,dueling,1125,8.0,432,0.0,0.0,0.05,,,,,,,,,,10000,10000,1.0,218.03772472739726,218.03772472739726,119153,False,960,479500,0.0,0.0,3,LEFT,greedy,110362,113885,125601,129762,28160,451450,0.058714372093993036,0,239805,2,2,218.03772472739726,109.01886236369863,2,2,109.01886236369863,218.03772472739726,109.01886236369863,218.03772472739726,54.27155630686907,1736.6898018198103,3,LEFT,False,,
479795,double_dqn,dueling,1125,,,2.0,2.0,0.05,0.002506281714886427,2.0563251972198486,3.118973970413208,0.7185999751091003,2.0898215770721436,3.136183261871338,0.049777016043663025,0.2098245620727539,0.20865605771541595,10000,10000,1.0,218.01311965681194,218.01311965681194,119200,True,960,479500,0.0,0.0,1,FIRE,greedy,110421,113911,125648,129816,28167,451629,0.0587062001350574,0,239898,2,2,218.01311965681194,109.00655982840597,2,2,109.00655982840597,218.01311965681194,109.00655982840597,218.01311965681194,54.26609876259807,1736.5151604031382,1,FIRE,False,,
479796,double_dqn,dueling,1125,,,6.0,6.0,0.05,0.002506281714886427,2.0563251972198486,3.118973970413208,0.7185999751091003,2.0898215770721436,3.136183261871338,0.049777016043663025,0.2098245620727539,0.20865605771541595,10000,10000,1.0,218.01309502281734,218.01309502281734,119200,True,960,479500,0.0,0.0,2,RIGHT,greedy,110421,113911,125648,129816,28167,451629,0.0587062001350574,1,239898,2,2,218.01309502281734,109.00654751140867,2,2,109.00654751140867,218.01309502281734,109.00654751140867,218.01309502281734,54.26609263089927,1736.5149641887767,2,RIGHT,False,,
480195,double_dqn,dueling,1125,,,7.0,7.0,0.05,0.0007998781511560082,2.394623279571533,3.082059144973755,1.2436003684997559,2.4021096229553223,3.1212339401245117,0.0353403277695179,0.07889378070831299,0.09348845481872559,10000,10000,1.0,217.98996244857844,217.98996244857844,119300,True,961,480000,0.0,0.0,1,FIRE,greedy,110476,114008,125758,129954,28194,452002,0.05871352531049821,0,240098,2,2,217.98996244857844,108.99498122428922,2,2,108.99498122428922,217.98996244857844,108.99498122428922,217.98996244857844,54.26074674773278,1736.343895927449,1,FIRE,False,,
480196,double_dqn,dueling,1125,,,12.0,12.0,0.05,0.0007998781511560082,2.394623279571533,3.082059144973755,1.2436003684997559,2.4021096229553223,3.1212339401245117,0.0353403277695179,0.07889378070831299,0.09348845481872559,10000,10000,1.0,217.98993916316277,217.98993916316277,119300,True,961,480000,0.0,0.0,2,RIGHT,greedy,110476,114008,125758,129954,28194,452002,0.05871352531049821,1,240098,2,2,217.98993916316277,108.99496958158139,2,2,108.99496958158139,217.98993916316277,108.99496958158139,217.98993916316277,54.26074095166755,1736.3437104533616,2,RIGHT,False,,
480595,double_dqn,dueling,1125,,,14.0,11.0,0.05,0.011437458917498589,2.372667074203491,3.238330125808716,0.8696231245994568,2.4083776473999023,3.0968735218048096,0.06497755646705627,0.7872114777565002,0.8676283359527588,10000,10000,1.0,218.0000720114094,218.0000720114094,119400,True,962,480500,0.0,0.0,3,LEFT,greedy,110522,114155,125860,130059,28219,452377,0.05871667679298205,0,240298,2,2,218.0000720114094,109.0000360057047,2,2,109.0000360057047,218.0000720114094,109.0000360057047,218.0000720114094,54.26367384249028,1736.4375629596889,3,LEFT,False,,
480596,double_dqn,dueling,1125,,,19.0,16.0,0.05,0.011437458917498589,2.372667074203491,3.238330125808716,0.8696231245994568,2.4083776473999023,3.0968735218048096,0.06497755646705627,0.7872114777565002,0.8676283359527588,10000,10000,1.0,218.00005540039874,218.00005540039874,119400,True,962,480500,0.0,0.0,1,FIRE,greedy,110522,114155,125860,130059,28219,452377,0.05871667679298205,1,240298,2,2,218.00005540039874,109.00002770019937,2,2,109.00002770019937,218.00005540039874,109.00002770019937,218.00005540039874,54.263669707746395,1736.4374306478846,1,FIRE,False,,
480610,double_dqn,dueling,1126,19.0,697,0.0,0.0,0.05,,,,,,,,,,10000,10000,1.0,217.9994811748372,217.9994811748372,119403,False,962,480500,0.0,0.0,1,FIRE,greedy,110522,114162,125863,130063,28219,452391,0.05871496639687064,1,240305,2,2,217.9994811748372,108.9997405874186,2,2,108.9997405874186,217.9994811748372,108.9997405874186,217.9994811748372,54.263068463631264,1736.4181908362004,1,FIRE,False,,
480687,double_dqn,dueling,1127,15.0,539,0.0,0.0,0.05,,,,,,,,,,10000,10000,1.0,218.00140142444255,218.00140142444255,119423,True,962,480500,0.0,0.0,1,FIRE,greedy,110535,114211,125869,130073,28227,452461,0.058722081682921146,0,240344,2,2,218.00140142444255,109.00070071222127,2,2,109.00070071222127,218.00140142444255,109.00070071222127,218.00140142444255,54.26409901076059,1736.4511683443388,1,FIRE,False,,
480995,double_dqn,dueling,1127,,,3.0,3.0,0.05,0.003630697960034013,2.317612648010254,3.315316915512085,1.0324780941009521,2.3438148498535156,3.279064655303955,0.05697521194815636,0.2817196846008301,0.18021933734416962,10000,10000,1.0,218.00216392315164,218.00216392315164,119500,True,962,480500,0.0,0.0,1,FIRE,greedy,110624,114258,125939,130175,28240,452756,0.058711506956398804,0,240498,2,2,218.00216392315164,109.00108196157582,2,2,109.00108196157582,218.00216392315164,109.00108196157582,218.00216392315164,54.264603817456994,1736.4673221586238,1,FIRE,False,,
480996,double_dqn,dueling,1127,,,4.0,4.0,0.05,0.003630697960034013,2.317612648010254,3.315316915512085,1.0324780941009521,2.3438148498535156,3.279064655303955,0.05697521194815636,0.2817196846008301,0.18021933734416962,10000,10000,1.0,218.00214789606306,218.00214789606306,119500,True,962,480500,0.0,0.0,1,FIRE,greedy,110624,114258,125939,130175,28240,452756,0.058711506956398804,1,240498,2,2,218.00214789606306,109.00107394803153,2,2,109.00107394803153,218.00214789606306,109.00107394803153,218.00214789606306,54.26459982803049,1736.4671944969757,1,FIRE,False,,
481395,double_dqn,dueling,1127,,,7.0,7.0,0.05,0.0022714792285114527,2.304049253463745,3.1685235500335693,0.8808043599128723,2.311154842376709,3.1761016845703125,0.041228316724300385,0.2658882737159729,0.2136843353509903,10000,10000,1.0,217.98026392847413,217.98026392847413,119600,True,963,481000,0.0,0.0,0,NOOP,greedy,110744,114313,126056,130283,28264,453132,0.058712577586851576,0,240698,2,2,217.98026392847413,108.99013196423707,2,2,108.99013196423707,217.98026392847413,108.99013196423707,217.98026392847413,54.2595603295484,1736.3059305455488,0,NOOP,False,,
481396,double_dqn,dueling,1127,,,10.0,10.0,0.05,0.0022714792285114527,2.304049253463745,3.1685235500335693,0.8808043599128723,2.311154842376709,3.1761016845703125,0.041228316724300385,0.2658882737159729,0.2136843353509903,10000,10000,1.0,217.9802463101123,217.9802463101123,119600,True,963,481000,0.0,0.0,3,LEFT,greedy,110744,114313,126056,130283,28264,453132,0.058712577586851576,1,240698,2,2,217.9802463101123,108.99012315505615,2,2,108.99012315505615,217.9802463101123,108.99012315505615,217.9802463101123,54.2595559439928,1736.3057902077696,3,LEFT,False,,
481795,double_dqn,dueling,1127,,,16.0,13.0,0.05,0.0034332512877881527,2.3048689365386963,3.308802366256714,1.4125076532363892,2.339501142501831,3.2561252117156982,0.058794353157281876,0.3075728416442871,0.1481970101594925,10000,10000,1.0,217.95567429691798,217.95567429691798,119700,True,964,481500,0.0,0.0,1,FIRE,greedy,110854,114392,126148,130402,28275,453521,0.058686664065289045,0,240898,2,2,217.95567429691798,108.97783714845899,2,2,108.97783714845899,217.95567429691798,108.97783714845899,217.95567429691798,54.25384584400883,1736.1230670082825,1,FIRE,False,,
481796,double_dqn,dueling,1127,,,14.0,14.0,0.05,0.0034332512877881527,2.3048689365386963,3.308802366256714,1.4125076532363892,2.339501142501831,3.2561252117156982,0.058794353157281876,0.3075728416442871,0.1481970101594925,10000,10000,1.0,217.95565827044837,217.95565827044837,119700,True,964,481500,0.0,0.0,1,FIRE,greedy,110854,114392,126148,130402,28275,453521,0.058686664065289045,1,240898,2,2,217.95565827044837,108.97782913522418,2,2,108.97782913522418,217.95565827044837,108.97782913522418,217.95565827044837,54.25384185467653,1736.122939349649,1,FIRE,False,,
482006,double_dqn,dueling,1128,17.0,698,0.0,0.0,0.05,,,,,,,,,,10000,10000,1.0,217.95518885358675,217.95518885358675,119752,False,965,482000,0.0,0.0,1,FIRE,greedy,110920,114450,126186,130450,28284,453722,0.05867976747177421,1,241003,2,2,217.95518885358675,108.97759442679337,2,2,108.97759442679337,217.95518885358675,108.97759442679337,217.95518885358675,54.25346806325478,1736.110978024153,1,FIRE,False,,
482195,double_dqn,dueling,1128,,,23.0,17.0,0.05,0.003318185219541192,2.261209487915039,3.4013800621032715,0.8066163063049316,2.2911224365234375,3.687077045440674,0.045360270887613297,0.384227991104126,0.2251364290714264,10000,10000,1.0,217.95229608701916,217.95229608701916,119800,True,965,482000,0.0,0.0,1,FIRE,greedy,110971,114481,126239,130505,28294,453902,0.058677384300160104,0,241098,2,2,217.95229608701916,108.97614804350958,2,2,108.97614804350958,217.95229608701916,108.97614804350958,217.95229608701916,54.25340988446666,1736.1091163029332,1,FIRE,False,,
482196,double_dqn,dueling,1128,,,2.0,2.0,0.05,0.003318185219541192,2.261209487915039,3.4013800621032715,0.8066163063049316,2.2911224365234375,3.687077045440674,0.045360270887613297,0.384227991104126,0.2251364290714264,10000,10000,1.0,217.95227988411776,217.95227988411776,119800,True,965,482000,0.0,0.0,3,LEFT,greedy,110971,114481,126239,130505,28294,453902,0.058677384300160104,1,241098,2,2,217.95227988411776,108.97613994205888,2,2,108.97613994205888,217.95227988411776,108.97613994205888,217.95227988411776,54.25340585118659,1736.108987237971,3,LEFT,False,,
482533,double_dqn,dueling,1129,33.0,923,0.0,0.0,0.05,,,,,,,,,,10000,10000,1.0,217.95211020202768,217.95211020202768,119884,False,966,482500,0.0,0.0,0,NOOP,greedy,111051,114574,126313,130596,28309,454225,0.05866736851703714,0,241267,2,2,217.95211020202768,108.97605510101384,2,2,108.97605510101384,217.95211020202768,108.97605510101384,217.95211020202768,54.25323606364647,1736.103554036687,0,NOOP,False,,
482595,double_dqn,dueling,1129,,,0.0,0.0,0.05,0.001957180444151163,2.1537957191467285,3.1597044467926025,1.1306378841400146,2.1829147338867188,3.1312460899353027,0.04774291440844536,0.2012399435043335,0.11938675493001938,10000,10000,1.0,217.9492002795803,217.9492002795803,119900,True,966,482500,0.0,0.0,0,NOOP,greedy,111068,114592,126324,130612,28313,454283,0.05866811991810956,0,241298,2,2,217.9492002795803,108.97460013979016,2,2,108.97460013979016,217.9492002795803,108.97460013979016,217.9492002795803,54.253042816675354,1736.0973701336113,0,NOOP,False,,
482596,double_dqn,dueling,1129,,,8.0,8.0,0.05,0.001957180444151163,2.1537957191467285,3.1597044467926025,1.1306378841400146,2.1829147338867188,3.1312460899353027,0.04774291440844536,0.2012399435043335,0.11938675493001938,10000,10000,1.0,217.94918459514585,217.94918459514585,119900,True,966,482500,0.0,0.0,3,LEFT,random,111068,114592,126324,130612,28313,454283,0.05866811991810956,1,241298,2,2,217.94918459514585,108.97459229757293,2,2,108.97459229757293,217.94918459514585,108.97459229757293,217.94918459514585,54.25303891242476,1736.0972451975924,3,LEFT,False,,
482995,double_dqn,dueling,1129,,,4.0,4.0,0.05,0.0026852190494537354,2.331296682357788,3.2375524044036865,0.01475047692656517,2.3194527626037598,3.3579046726226807,0.05727946385741234,0.1715017557144165,0.5540304780006409,10000,10000,1.0,217.93391993714195,217.93391993714195,120000,True,966,482500,0.0,0.0,0,NOOP,greedy,111207,114676,126403,130710,28329,454667,0.058652659649355274,0,241498,2,2,217.93391993714195,108.96695996857098,2,2,108.96695996857098,217.93391993714195,108.96695996857098,217.93391993714195,54.24964129184319,1735.988521338982,0,NOOP,False,,
482996,double_dqn,dueling,1129,,,12.0,12.0,0.05,0.0026852190494537354,2.331296682357788,3.2375524044036865,0.01475047692656517,2.3194527626037598,3.3579046726226807,0.05727946385741234,0.1715017557144165,0.5540304780006409,10000,10000,1.0,217.93390334413297,217.93390334413297,120000,True,966,482500,0.0,0.0,1,FIRE,greedy,111207,114676,126403,130710,28329,454667,0.058652659649355274,1,241498,2,2,217.93390334413297,108.96695167206649,2,2,108.96695167206649,217.93390334413297,108.96695167206649,217.93390334413297,54.249637161394915,1735.9883891646373,1,FIRE,False,,
483395,double_dqn,dueling,1129,,,10.0,10.0,0.05,0.0006131809204816818,2.274683952331543,3.1151421070098877,0.3356812000274658,2.2873058319091797,3.071305751800537,0.026607897132635117,0.08712208271026611,0.05568883940577507,10000,10000,1.0,217.90461630504944,217.90461630504944,120100,True,967,483000,0.0,0.0,2,RIGHT,greedy,111348,114774,126474,130800,28343,455053,0.0586330875720941,0,241698,2,2,217.90461630504944,108.95230815252472,2,2,108.95230815252472,217.90461630504944,108.95230815252472,217.90461630504944,54.2427475308363,1735.7679209867615,2,RIGHT,False,,
483396,double_dqn,dueling,1129,,,17.0,17.0,0.05,0.0006131809204816818,2.274683952331543,3.1151421070098877,0.3356812000274658,2.2873058319091797,3.071305751800537,0.026607897132635117,0.08712208271026611,0.05568883940577507,10000,10000,1.0,217.9045962864018,217.9045962864018,120100,True,967,483000,0.0,0.0,0,NOOP,greedy,111348,114774,126474,130800,28343,455053,0.0586330875720941,1,241698,2,2,217.9045962864018,108.9522981432009,2,2,108.9522981432009,217.9045962864018,108.9522981432009,217.9045962864018,54.242742547617176,1735.7677615237496,0,NOOP,False,,
483795,double_dqn,dueling,1129,,,14.0,14.0,0.05,0.005172201432287693,2.2673444747924805,3.2123959064483643,0.38146790862083435,2.2603697776794434,3.1524901390075684,0.055176638066768646,0.45297378301620483,0.41031134128570557,10000,10000,1.0,217.90122889445706,217.90122889445706,120200,True,968,483500,0.0,0.0,2,RIGHT,greedy,111467,114891,126550,130888,28361,455435,0.058621815806662314,0,241898,2,2,217.90122889445706,108.95061444722853,2,2,108.95061444722853,217.90122889445706,108.95061444722853,217.90122889445706,54.24230363405921,1735.7537162898948,2,RIGHT,False,,
483796,double_dqn,dueling,1129,,,25.0,22.0,0.05,0.005172201432287693,2.2673444747924805,3.2123959064483643,0.38146790862083435,2.2603697776794434,3.1524901390075684,0.055176638066768646,0.45297378301620483,0.41031134128570557,10000,10000,1.0,217.90119461338705,217.90119461338705,120200,True,968,483500,0.0,0.0,1,FIRE,greedy,111467,114891,126550,130888,28361,455435,0.058621815806662314,1,241898,2,2,217.90119461338705,108.95059730669352,2,2,108.95059730669352,217.90119461338705,108.95059730669352,217.90119461338705,54.242295100448736,1735.7534432143595,1,FIRE,False,,
483818,double_dqn,dueling,1130,25.0,906,0.0,0.0,0.05,,,,,,,,,,10000,10000,1.0,217.90351371233567,217.90351371233567,120205,False,968,483500,0.0,0.0,1,FIRE,greedy,111468,114904,126552,130894,28363,455455,0.05862328396215106,1,241909,2,2,217.90351371233567,108.95175685616783,2,2,108.95175685616783,217.90351371233567,108.95175685616783,217.90351371233567,54.24242835073769,1735.757707223606,1,FIRE,False,,
483971,double_dqn,dueling,1131,16.0,719,0.0,0.0,0.05,,,,,,,,,,10000,10000,1.0,217.8990562412662,217.8990562412662,120244,True,968,483500,0.0,0.0,1,FIRE,greedy,111487,114963,126587,130935,28373,455599,0.058625292372286,0,241986,2,2,217.8990562412662,108.9495281206331,2,2,108.9495281206331,217.8990562412662,108.9495281206331,217.8990562412662,54.2419380637857,1735.7420180411425,1,FIRE,False,,
484195,double_dqn,dueling,1131,,,2.0,2.0,0.05,0.0014143213629722595,2.3019800186157227,3.0703611373901367,1.0152109861373901,2.32183837890625,3.0895140171051025,0.03942559286952019,0.1341862678527832,0.10112341493368149,10000,10000,1.0,217.8867868621029,217.8867868621029,120300,True,969,484000,0.0,0.0,1,FIRE,greedy,111536,115011,126640,131009,28381,455815,0.0586146932234054,0,242098,2,2,217.8867868621029,108.94339343105145,2,2,108.94339343105145,217.8867868621029,108.94339343105145,217.8867868621029,54.23910650597678,1735.651408191257,1,FIRE,False,,
484196,double_dqn,dueling,1131,,,5.0,5.0,0.05,0.0014143213629722595,2.3019800186157227,3.0703611373901367,1.0152109861373901,2.32183837890625,3.0895140171051025,0.03942559286952019,0.1341862678527832,0.10112341493368149,10000,10000,1.0,217.8867704423407,217.8867704423407,120300,True,969,484000,0.0,0.0,2,RIGHT,greedy,111536,115011,126640,131009,28381,455815,0.0586146932234054,1,242098,2,2,217.8867704423407,108.94338522117035,2,2,108.94338522117035,217.8867704423407,108.94338522117035,217.8867704423407,54.23910241856402,1735.6512773940487,2,RIGHT,False,,
484595,double_dqn,dueling,1131,,,8.0,8.0,0.05,0.001576742623001337,2.4378833770751953,3.3127057552337646,0.9849129915237427,2.4409587383270264,3.3931779861450195,0.04183884337544441,0.1456892490386963,0.14882436394691467,10000,10000,1.0,217.8936536720141,217.8936536720141,120400,True,970,484500,0.0,0.0,0,NOOP,greedy,111608,115095,126743,131150,28402,456194,0.058609645973140514,0,242298,2,2,217.8936536720141,108.94682683600705,2,2,108.94682683600705,217.8936536720141,108.94682683600705,217.8936536720141,54.241212470766555,1735.7187990645298,0,NOOP,False,,
484596,double_dqn,dueling,1131,,,10.0,10.0,0.05,0.001576742623001337,2.4378833770751953,3.3127057552337646,0.9849129915237427,2.4409587383270264,3.3931779861450195,0.04183884337544441,0.1456892490386963,0.14882436394691467,10000,10000,1.0,217.89363636847293,217.89363636847293,120400,True,970,484500,0.0,0.0,1,FIRE,greedy,111608,115095,126743,131150,28402,456194,0.058609645973140514,1,242298,2,2,217.89363636847293,108.94681818423646,2,2,108.94681818423646,217.89363636847293,108.94681818423646,217.89363636847293,54.24120816332099,1735.7186612262717,1,FIRE,False,,
484995,double_dqn,dueling,1131,,,14.0,14.0,0.05,0.001746525289490819,2.235529899597168,2.947826862335205,1.3052186965942383,2.222454071044922,2.832054376602173,0.04521593824028969,0.14097976684570312,0.44467008113861084,10000,10000,1.0,217.88942760962792,217.88942760962792,120500,True,970,484500,0.0,0.0,0,NOOP,greedy,111695,115196,126839,131266,28423,456573,0.05860460704830555,0,242498,2,2,217.88942760962792,108.94471380481396,2,2,108.94471380481396,217.88942760962792,108.94471380481396,217.88942760962792,54.24055569343999,1735.6977821900796,0,NOOP,False,,
484996,double_dqn,dueling,1131,,,15.0,15.0,0.05,0.001746525289490819,2.235529899597168,2.947826862335205,1.3052186965942383,2.222454071044922,2.832054376602173,0.04521593824028969,0.14097976684570312,0.44467008113861084,10000,10000,1.0,217.88941027562478,217.88941027562478,120500,True,970,484500,0.0,0.0,2,RIGHT,greedy,111695,115196,126839,131266,28423,456573,0.05860460704830555,1,242498,2,2,217.88941027562478,108.94470513781239,2,2,108.94470513781239,217.88941027562478,108.94470513781239,217.88941027562478,54.24055137837995,1735.6976441081583,2,RIGHT,False,,
485395,double_dqn,dueling,1131,,,22.0,19.0,0.05,0.002108660526573658,2.259059190750122,3.2929179668426514,0.5385197401046753,2.2935233116149902,3.304823160171509,0.048450540751218796,0.18686175346374512,0.2024659812450409,10000,10000,1.0,217.88342975321532,217.88342975321532,120600,True,971,485000,0.0,0.0,1,FIRE,greedy,111805,115346,126907,131338,28439,456957,0.05858927556057322,0,242698,2,2,217.88342975321532,108.94171487660766,2,2,108.94171487660766,217.88342975321532,108.94171487660766,217.88342975321532,54.23945649080131,1735.662607705642,1,FIRE,False,,
485396,double_dqn,dueling,1131,,,25.0,19.0,0.05,0.002108660526573658,2.259059190750122,3.2929179668426514,0.5385197401046753,2.2935233116149902,3.304823160171509,0.048450540751218796,0.18686175346374512,0.2024659812450409,10000,10000,1.0,217.8834138008205,217.8834138008205,120600,True,971,485000,0.0,0.0,3,LEFT,greedy,111805,115346,126907,131338,28439,456957,0.05858927556057322,1,242698,2,2,217.8834138008205,108.94170690041025,2,2,108.94170690041025,217.8834138008205,108.94170690041025,217.8834138008205,54.239452519644686,1735.66248062863,3,LEFT,False,,
485722,double_dqn,dueling,1132,35.0,952,0.0,0.0,0.05,,,,,,,,,,10000,10000,1.0,217.89326205173907,217.89326205173907,120681,False,972,485500,0.0,0.0,1,FIRE,greedy,111866,115488,126963,131405,28462,457260,0.058597304631044095,1,242861,2,2,217.89326205173907,108.94663102586954,2,2,108.94663102586954,217.89326205173907,108.94663102586954,217.89326205173907,54.241761978924536,1735.7363833255852,1,FIRE,False,,
485795,double_dqn,dueling,1132,,,33.0,24.0,0.05,0.001612907974049449,1.972667932510376,2.8306031227111816,-0.11522626131772995,2.0136966705322266,2.880948543548584,0.039304330945014954,0.2111063003540039,0.3097144663333893,10000,10000,1.0,217.88909381344737,217.88909381344737,120700,True,972,485500,0.0,0.0,0,NOOP,greedy,111889,115514,126971,131422,28465,457331,0.05859455409266441,0,242898,2,2,217.88909381344737,108.94454690672369,2,2,108.94454690672369,217.88909381344737,108.94454690672369,217.88909381344737,54.241259044918266,1735.7202894373845,0,NOOP,False,,
485796,double_dqn,dueling,1132,,,0.0,0.0,0.05,0.001612907974049449,1.972667932510376,2.8306031227111816,-0.11522626131772995,2.0136966705322266,2.880948543548584,0.039304330945014954,0.2111063003540039,0.3097144663333893,10000,10000,1.0,217.88907754502526,217.88907754502526,120700,True,972,485500,0.0,0.0,2,RIGHT,greedy,111889,115514,126971,131422,28465,457331,0.05859455409266441,1,242898,2,2,217.88907754502526,108.94453877251263,2,2,108.94453877251263,217.88907754502526,108.94453877251263,217.88907754502526,54.24125499506114,1735.7201598419565,2,RIGHT,False,,
485877,double_dqn,dueling,1133,33.0,953,0.0,0.0,0.05,,,,,,,,,,10000,10000,1.0,217.89034759456413,217.89034759456413,120720,False,972,485500,0.0,0.0,1,FIRE,greedy,111905,115552,126983,131438,28470,457408,0.05859495593544058,0,242939,2,2,217.89034759456413,108.94517379728207,2,2,108.94517379728207,217.89034759456413,108.94517379728207,217.89034759456413,54.24118959973042,1735.7180671913734,1,FIRE,False,,
486195,double_dqn,dueling,1133,,,3.0,3.0,0.05,0.003057946916669607,2.1476941108703613,3.2279088497161865,0.19419163465499878,2.1716103553771973,3.256385326385498,0.04707297682762146,0.31943100690841675,0.3454273045063019,10000,10000,1.0,217.8930130910855,217.8930130910855,120800,True,973,486000,0.0,0.0,3,LEFT,greedy,111954,115676,127040,131526,28481,457715,0.05857925610247719,0,243098,2,2,217.8930130910855,108.94650654554275,2,2,108.94650654554275,217.8930130910855,108.94650654554275,217.8930130910855,54.24262594092506,1735.764030109602,3,LEFT,False,,
486196,double_dqn,dueling,1133,,,4.0,4.0,0.05,0.003057946916669607,2.1476941108703613,3.2279088497161865,0.19419163465499878,2.1716103553771973,3.256385326385498,0.04707297682762146,0.31943100690841675,0.3454273045063019,10000,10000,1.0,217.8929965882936,217.8929965882936,120800,True,973,486000,0.0,0.0,3,LEFT,greedy,111954,115676,127040,131526,28481,457715,0.05857925610247719,1,243098,2,2,217.8929965882936,108.9464982941468,2,2,108.9464982941468,217.8929965882936,108.9464982941468,217.8929965882936,54.24262183269436,1735.7638986462196,3,LEFT,False,,
486595,double_dqn,dueling,1133,,,8.0,8.0,0.05,0.0011527654714882374,2.2650508880615234,3.1461451053619385,1.0027143955230713,2.291985511779785,3.1778650283813477,0.03674982860684395,0.13469111919403076,0.10482516884803772,10000,10000,1.0,217.85175682073697,217.85175682073697,120900,True,974,486500,0.0,0.0,2,RIGHT,greedy,112003,115769,127155,131669,28498,458098,0.05856603835625447,0,243298,2,2,217.85175682073697,108.92587841036848,2,2,108.92587841036848,217.85175682073697,108.92587841036848,217.85175682073697,54.23274537601898,1735.4478520326074,2,RIGHT,False,,
486596,double_dqn,dueling,1133,,,10.0,10.0,0.05,0.0011527654714882374,2.2650508880615234,3.1461451053619385,1.0027143955230713,2.291985511779785,3.1778650283813477,0.03674982860684395,0.13469111919403076,0.10482516884803772,10000,10000,1.0,217.85172976081344,217.85172976081344,120900,True,974,486500,0.0,0.0,1,FIRE,greedy,112003,115769,127155,131669,28498,458098,0.05856603835625447,1,243298,2,2,217.85172976081344,108.92586488040672,2,2,108.92586488040672,217.85172976081344,108.92586488040672,217.85172976081344,54.232738639631066,1735.447636468194,1,FIRE,False,,
486995,double_dqn,dueling,1133,,,14.0,14.0,0.05,0.0013442060444504023,2.317594051361084,3.0882809162139893,1.2069915533065796,2.320671319961548,3.0497348308563232,0.04397379606962204,0.09925317764282227,0.24812841415405273,10000,10000,1.0,217.83286361047914,217.83286361047914,121000,True,974,486500,0.0,0.0,3,LEFT,greedy,112159,115832,127227,131778,28517,458479,0.05855694913305243,0,243498,2,2,217.83286361047914,108.91643180523957,2,2,108.91643180523957,217.83286361047914,108.91643180523957,217.83286361047914,54.22843052268671,1735.3097767259746,3,LEFT,False,,
486996,double_dqn,dueling,1133,,,14.0,14.0,0.05,0.0013442060444504023,2.317594051361084,3.0882809162139893,1.2069915533065796,2.320671319961548,3.0497348308563232,0.04397379606962204,0.09925317764282227,0.24812841415405273,10000,10000,1.0,217.8328467720316,217.8328467720316,121000,True,974,486500,0.0,0.0,2,RIGHT,greedy,112159,115832,127227,131778,28517,458479,0.05855694913305243,1,243498,2,2,217.8328467720316,108.9164233860158,2,2,108.9164233860158,217.8328467720316,108.9164233860158,217.8328467720316,54.228426330837195,1735.3096425867902,2,RIGHT,False,,
487110,double_dqn,dueling,1134,15.0,694,0.0,0.0,0.05,,,,,,,,,,10000,10000,1.0,217.8258754430875,217.8258754430875,121028,False,975,487000,0.0,0.0,2,RIGHT,greedy,112192,115872,127247,131799,28523,458587,0.05855556239863686,1,243555,2,2,217.8258754430875,108.91293772154376,2,2,108.91293772154376,217.8258754430875,108.91293772154376,217.8258754430875,54.22634199223621,1735.2429437515586,2,RIGHT,False,,
487395,double_dqn,dueling,1134,,,18.0,18.0,0.05,0.0009606201783753932,2.07832670211792,2.961884021759033,0.20896098017692566,2.121127128601074,2.9852042198181152,0.03398888558149338,0.1335129737854004,0.1680493801832199,10000,10000,1.0,217.8194882407293,217.8194882407293,121100,True,975,487000,0.0,0.0,2,RIGHT,greedy,112314,115920,127303,131859,28539,458857,0.058554029987935886,0,243698,2,2,217.8194882407293,108.90974412036465,2,2,108.90974412036465,217.8194882407293,108.90974412036465,217.8194882407293,54.22548794225202,1735.2156141520647,2,RIGHT,False,,
487396,double_dqn,dueling,1134,,,4.0,4.0,0.05,0.0009606201783753932,2.07832670211792,2.961884021759033,0.20896098017692566,2.121127128601074,2.9852042198181152,0.03398888558149338,0.1335129737854004,0.1680493801832199,10000,10000,1.0,217.81947231209674,217.81947231209674,121100,True,975,487000,0.0,0.0,3,LEFT,greedy,112314,115920,127303,131859,28539,458857,0.058554029987935886,1,243698,2,2,217.81947231209674,108.90973615604837,2,2,108.90973615604837,217.81947231209674,108.90973615604837,217.81947231209674,54.225483976868205,1735.2154872597825,3,LEFT,False,,
487795,double_dqn,dueling,1134,,,23.0,23.0,0.05,0.0006754102651029825,2.175485372543335,2.970247983932495,1.298786997795105,2.189697504043579,2.946337938308716,0.030882786959409714,0.07721257209777832,0.06510555744171143,10000,10000,1.0,217.82307686235646,217.82307686235646,121200,True,976,487500,1.0,1.0,0,NOOP,greedy,112465,116021,127374,131936,28565,459231,0.058559315779547184,0,243898,2,2,217.82307686235646,108.91153843117823,2,2,108.91153843117823,217.82307686235646,108.91153843117823,217.82307686235646,54.22676717511918,1735.2565496038137,0,NOOP,False,,
487796,double_dqn,dueling,1134,,,9.0,9.0,0.05,0.0006754102651029825,2.175485372543335,2.970247983932495,1.298786997795105,2.189697504043579,2.946337938308716,0.030882786959409714,0.07721257209777832,0.06510555744171143,10000,10000,1.0,217.8230606207708,217.8230606207708,121200,True,976,487500,0.0,0.0,3,LEFT,greedy,112465,116021,127374,131936,28565,459231,0.058559315779547184,1,243898,2,2,217.8230606207708,108.9115303103854,2,2,108.9115303103854,217.8230606207708,108.9115303103854,217.8230606207708,54.22676313179789,1735.2564202175324,3,LEFT,False,,
488063,double_dqn,dueling,1135,32.0,1093,0.0,0.0,0.05,,,,,,,,,,10000,10000,1.0,217.7936724091449,217.7936724091449,121267,True,977,488000,0.0,0.0,0,NOOP,greedy,112576,116066,127423,131999,28581,459483,0.058559942958300554,0,244032,2,2,217.7936724091449,108.89683620457245,2,2,108.89683620457245,217.7936724091449,108.89683620457245,217.7936724091449,54.21970473906337,1735.0305516500277,0,NOOP,False,,
488195,double_dqn,dueling,1135,,,2.0,2.0,0.05,0.0015746855642646551,2.303499698638916,3.1383888721466064,1.0217235088348389,2.3387179374694824,3.1785881519317627,0.0417962521314621,0.18204736709594727,0.22881779074668884,10000,10000,1.0,217.78910219099086,217.78910219099086,121300,True,977,488000,0.0,0.0,1,FIRE,greedy,112627,116094,127448,132027,28589,459607,0.05856049619415153,0,244098,2,2,217.78910219099086,108.89455109549543,2,2,108.89455109549543,217.78910219099086,108.89455109549543,217.78910219099086,54.218693726274026,1734.9981992407688,1,FIRE,False,,
488196,double_dqn,dueling,1135,,,13.0,13.0,0.05,0.0015746855642646551,2.303499698638916,3.1383888721466064,1.0217235088348389,2.3387179374694824,3.1785881519317627,0.0417962521314621,0.18204736709594727,0.22881779074668884,10000,10000,1.0,217.78908616097914,217.78908616097914,121300,True,977,488000,0.0,0.0,3,LEFT,greedy,112627,116094,127448,132027,28589,459607,0.05856049619415153,1,244098,2,2,217.78908616097914,108.89454308048957,2,2,108.89454308048957,217.78908616097914,108.89454308048957,217.78908616097914,54.21868973559548,1734.9980715390554,3,LEFT,False,,
488432,double_dqn,dueling,1136,19.0,661,0.0,0.0,0.05,,,,,,,,,,10000,10000,1.0,217.76441636160777,217.76441636160777,121359,True,977,488000,0.0,0.0,1,FIRE,greedy,112708,116157,127488,132079,28599,459833,0.05855267468142956,1,244216,2,2,217.76441636160777,108.88220818080389,2,2,108.88220818080389,217.76441636160777,108.88220818080389,217.76441636160777,54.21277440273249,1734.8087808874398,1,FIRE,False,,
488595,double_dqn,dueling,1136,,,8.0,8.0,0.05,0.0015095045091584325,2.3576138019561768,3.089402914047241,1.4495537281036377,2.399184226989746,3.1360249519348145,0.043072402477264404,0.15335988998413086,0.41957414150238037,10000,10000,1.0,217.76158405480905,217.76158405480905,121400,True,978,488500,1.0,1.0,0,NOOP,greedy,112796,116186,127504,132110,28610,459986,0.05855553463393069,0,244298,2,2,217.76158405480905,108.88079202740452,2,2,108.88079202740452,217.76158405480905,108.88079202740452,217.76158405480905,54.21222623711883,1734.7912395878025,0,NOOP,False,,
488596,double_dqn,dueling,1136,,,2.0,2.0,0.05,0.0015095045091584325,2.3576138019561768,3.089402914047241,1.4495537281036377,2.399184226989746,3.1360249519348145,0.043072402477264404,0.15335988998413086,0.41957414150238037,10000,10000,1.0,217.76156821471338,217.76156821471338,121400,True,978,488500,0.0,0.0,2,RIGHT,greedy,112796,116186,127504,132110,28610,459986,0.05855553463393069,1,244298,2,2,217.76156821471338,108.88078410735669,2,2,108.88078410735669,217.76156821471338,108.88078410735669,217.76156821471338,54.2122222936921,1734.7911133981472,2,RIGHT,False,,
488995,double_dqn,dueling,1136,,,12.0,12.0,0.05,0.009486373513936996,2.048692464828491,3.107304573059082,-0.3138689696788788,2.0872955322265625,3.0531857013702393,0.05176492780447006,0.7458335161209106,0.6874657869338989,10000,10000,1.0,217.71757343468605,217.71757343468605,121500,True,978,488500,0.0,0.0,2,RIGHT,greedy,112901,116296,127592,132207,28627,460369,0.0585424011648357,0,244498,2,2,217.71757343468605,108.85878671734302,2,2,108.85878671734302,217.71757343468605,108.85878671734302,217.71757343468605,54.20165149956646,1734.4528479861267,2,RIGHT,False,,
488996,double_dqn,dueling,1136,,,8.0,8.0,0.05,0.009486373513936996,2.048692464828491,3.107304573059082,-0.3138689696788788,2.0872955322265625,3.0531857013702393,0.05176492780447006,0.7458335161209106,0.6874657869338989,10000,10000,1.0,217.71754695715723,217.71754695715723,121500,True,978,488500,0.0,0.0,3,LEFT,greedy,112901,116296,127592,132207,28627,460369,0.0585424011648357,1,244498,2,2,217.71754695715723,108.85877347857861,2,2,108.85877347857861,217.71754695715723,108.85877347857861,217.71754695715723,54.201644907880876,1734.452637052188,3,LEFT,False,,
489395,double_dqn,dueling,1136,,,18.0,18.0,0.05,0.002882002852857113,2.110034942626953,3.154331922531128,0.10225589573383331,2.143598794937134,3.111377000808716,0.050858817994594574,0.26695990562438965,0.29997730255126953,10000,10000,1.0,217.67690050550382,217.67690050550382,121600,True,979,489000,0.0,0.0,0,NOOP,greedy,113063,116373,127658,132302,28647,460749,0.0585354191697521,0,244698,2,2,217.67690050550382,108.83845025275191,2,2,108.83845025275191,217.67690050550382,108.83845025275191,217.67690050550382,54.19190626922556,1734.141000615218,0,NOOP,False,,
489396,double_dqn,dueling,1136,,,14.0,14.0,0.05,0.002882002852857113,2.110034942626953,3.154331922531128,0.10225589573383331,2.143598794937134,3.111377000808716,0.050858817994594574,0.26695990562438965,0.29997730255126953,10000,10000,1.0,217.67687107360535,217.67687107360535,121600,True,979,489000,0.0,0.0,0,NOOP,greedy,113063,116373,127658,132302,28647,460749,0.0585354191697521,1,244698,2,2,217.67687107360535,108.83843553680268,2,2,108.83843553680268,217.67687107360535,108.83843553680268,217.67687107360535,54.19189894198652,1734.1407661435687,0,NOOP,False,,
489795,double_dqn,dueling,1136,,,25.0,22.0,0.05,0.001463922904804349,2.2331702709198,3.342600107192993,1.153093934059143,2.2426657676696777,3.3535144329071045,0.041754961013793945,0.12585008144378662,0.23910804092884064,10000,10000,1.0,217.63381300705248,217.63381300705248,121700,True,980,489500,0.0,0.0,3,LEFT,greedy,113224,116450,127737,132385,28668,461128,0.05853049024491829,0,244898,2,2,217.63381300705248,108.81690650352624,2,2,108.81690650352624,217.63381300705248,108.81690650352624,217.63381300705248,54.18155850267738,1733.8098720856763,3,LEFT,False,,
489796,double_dqn,dueling,1136,,,19.0,19.0,0.05,0.001463922904804349,2.2331702709198,3.342600107192993,1.153093934059143,2.2426657676696777,3.3535144329071045,0.041754961013793945,0.12585008144378662,0.23910804092884064,10000,10000,1.0,217.63379754124435,217.63379754124435,121700,True,980,489500,0.0,0.0,2,RIGHT,greedy,113224,116450,127737,132385,28668,461128,0.05853049024491829,1,244898,2,2,217.63379754124435,108.81689877062217,2,2,108.81689877062217,217.63379754124435,108.81689877062217,217.63379754124435,54.18155465234928,1733.8097488751769,2,RIGHT,False,,
490102,double_dqn,dueling,1137,20.0,835,0.0,0.0,0.05,,,,,,,,,,10000,10000,1.0,217.60260907215508,217.60260907215508,121776,False,981,490000,0.0,0.0,3,LEFT,greedy,113310,116491,127855,132446,28681,461421,0.058520471248842076,1,245051,2,2,217.60260907215508,108.80130453607754,2,2,108.80130453607754,217.60260907215508,108.80130453607754,217.60260907215508,54.17362603097046,1733.5560329910547,3,LEFT,False,,
490195,double_dqn,dueling,1137,,,36.0,27.0,0.05,0.0024197762832045555,2.2495014667510986,3.2955851554870605,0.5933309197425842,2.292362689971924,3.2986233234405518,0.049734555184841156,0.20574116706848145,0.3896816372871399,10000,10000,1.0,217.60382510541223,217.60382510541223,121800,True,981,490000,0.0,0.0,0,NOOP,greedy,113349,116515,127870,132462,28684,461512,0.058515369362459095,0,245098,2,2,217.60382510541223,108.80191255270611,2,2,108.80191255270611,217.60382510541223,108.80191255270611,217.60382510541223,54.17447058851332,1733.5830588324263,0,NOOP,False,,
490196,double_dqn,dueling,1137,,,1.0,1.0,0.05,0.0024197762832045555,2.2495014667510986,3.2955851554870605,0.5933309197425842,2.292362689971924,3.2986233234405518,0.049734555184841156,0.20574116706848145,0.3896816372871399,10000,10000,1.0,217.6038098273246,217.6038098273246,121800,True,981,490000,0.0,0.0,0,NOOP,greedy,113349,116515,127870,132462,28684,461512,0.058515369362459095,1,245098,2,2,217.6038098273246,108.8019049136623,2,2,108.8019049136623,217.6038098273246,108.8019049136623,217.6038098273246,54.174466784893106,1733.5829371165794,0,NOOP,False,,
490237,double_dqn,dueling,1138,36.0,1087,0.0,0.0,0.05,,,,,,,,,,10000,10000,1.0,217.59838453499466,217.59838453499466,121810,False,981,490000,0.0,0.0,0,NOOP,greedy,113362,116525,127880,132471,28685,461553,0.05851239601989238,0,245119,2,2,217.59838453499466,108.79919226749733,2,2,108.79919226749733,217.59838453499466,108.79919226749733,217.59838453499466,54.17270282242399,1733.5264903175678,0,NOOP,False,,
490595,double_dqn,dueling,1138,,,3.0,3.0,0.05,0.0010747502092272043,2.192030429840088,3.3183889389038086,0.9996459484100342,2.224114418029785,3.305990695953369,0.037781648337841034,0.12377667427062988,0.2806890308856964,10000,10000,1.0,217.59755731361727,217.59755731361727,121900,True,982,490500,0.0,0.0,3,LEFT,greedy,113440,116638,127941,132577,28700,461896,0.05850027313716378,0,245298,2,2,217.59755731361727,108.79877865680864,2,2,108.79877865680864,217.59755731361727,108.79877865680864,217.59755731361727,54.17328669441038,1733.5451742211321,3,LEFT,False,,
490596,double_dqn,dueling,1138,,,7.0,7.0,0.05,0.0010747502092272043,2.192030429840088,3.3183889389038086,0.9996459484100342,2.224114418029785,3.305990695953369,0.037781648337841034,0.12377667427062988,0.2806890308856964,10000,10000,1.0,217.59754186500967,217.59754186500967,121900,True,982,490500,0.0,0.0,0,NOOP,greedy,113440,116638,127941,132577,28700,461896,0.05850027313716378,1,245298,2,2,217.59754186500967,108.79877093250484,2,2,108.79877093250484,217.59754186500967,108.79877093250484,217.59754186500967,54.173282848310926,1733.5450511459496,0,NOOP,False,,
490995,double_dqn,dueling,1138,,,7.0,7.0,0.05,0.0025020535103976727,2.1483206748962402,3.4336917400360107,-0.03600197657942772,2.170405626296997,3.4690425395965576,0.04773636907339096,0.27170330286026,0.16290387511253357,10000,10000,1.0,217.5439098321752,217.5439098321752,122000,True,982,490500,0.0,0.0,0,NOOP,greedy,113550,116731,128018,132697,28718,462278,0.05848927486170967,0,245498,2,2,217.5439098321752,108.7719549160876,2,2,108.7719549160876,217.5439098321752,108.7719549160876,217.5439098321752,54.16030575619794,1733.1297841983342,0,NOOP,False,,
490996,double_dqn,dueling,1138,,,11.0,11.0,0.05,0.0025020535103976727,2.1483206748962402,3.4336917400360107,-0.03600197657942772,2.170405626296997,3.4690425395965576,0.04773636907339096,0.27170330286026,0.16290387511253357,10000,10000,1.0,217.54388351804255,217.54388351804255,122000,True,982,490500,0.0,0.0,2,RIGHT,greedy,113550,116731,128018,132697,28718,462278,0.05848927486170967,1,245498,2,2,217.54388351804255,108.77194175902127,2,2,108.77194175902127,217.54388351804255,108.77194175902127,217.54388351804255,54.16029920496205,1733.1295745587856,2,RIGHT,False,,
491395,double_dqn,dueling,1138,,,12.0,12.0,0.05,0.0020518091041594744,2.236372947692871,3.288076162338257,1.3622732162475586,2.244079113006592,3.291973829269409,0.047337573021650314,0.23700165748596191,0.25210055708885193,10000,10000,1.0,217.4101599265961,217.4101599265961,122100,True,983,491000,0.0,0.0,3,LEFT,greedy,113686,116800,128096,132814,28735,462661,0.058476259473011584,0,245698,2,2,217.4101599265961,108.70507996329805,2,2,108.70507996329805,217.4101599265961,108.70507996329805,217.4101599265961,54.12738074130681,1732.0761837218179,3,LEFT,False,,
491396,double_dqn,dueling,1138,,,23.0,17.0,0.05,0.0020518091041594744,2.236372947692871,3.288076162338257,1.3622732162475586,2.244079113006592,3.291973829269409,0.047337573021650314,0.23700165748596191,0.25210055708885193,10000,10000,1.0,217.41013554856895,217.41013554856895,122100,True,983,491000,0.0,0.0,3,LEFT,greedy,113686,116800,128096,132814,28735,462661,0.058476259473011584,1,245698,2,2,217.41013554856895,108.70506777428447,2,2,108.70506777428447,217.41013554856895,108.70506777428447,217.41013554856895,54.12737467204695,1732.0759895055023,3,LEFT,False,,
491745,double_dqn,dueling,1139,16.0,754,0.0,0.0,0.05,,,,,,,,,,10000,10000,1.0,217.3896840978213,217.3896840978213,122187,False,984,491500,0.0,0.0,3,LEFT,greedy,113779,116854,128194,132919,28761,462985,0.05848751184554628,0,245873,2,2,217.3896840978213,108.69484204891064,2,2,108.69484204891064,217.3896840978213,108.69484204891064,217.3896840978213,54.12215932057396,1731.9090982583666,3,LEFT,False,,
491795,double_dqn,dueling,1139,,,0.0,0.0,0.05,0.0013058206532150507,2.052618980407715,2.9895453453063965,-0.21693477034568787,2.075693130493164,2.9826033115386963,0.04075213521718979,0.12425351142883301,0.12368743121623993,10000,10000,1.0,217.3852029477641,217.3852029477641,122200,True,984,491500,0.0,0.0,3,LEFT,greedy,113799,116864,128197,132936,28765,463031,0.05848969898087825,0,245898,2,2,217.3852029477641,108.69260147388205,2,2,108.69260147388205,217.3852029477641,108.69260147388205,217.3852029477641,54.12153977837702,1731.8892729080646,3,LEFT,False,,
491796,double_dqn,dueling,1139,,,33.0,21.0,0.05,0.0013058206532150507,2.052618980407715,2.9895453453063965,-0.21693477034568787,2.075693130493164,2.9826033115386963,0.04075213521718979,0.12425351142883301,0.12368743121623993,10000,10000,1.0,217.3851865504367,217.3851865504367,122200,True,984,491500,0.0,0.0,1,FIRE,greedy,113799,116864,128197,132936,28765,463031,0.05848969898087825,1,245898,2,2,217.3851865504367,108.69259327521836,2,2,108.69259327521836,217.3851865504367,108.69259327521836,217.3851865504367,54.12153569599885,1731.8891422719632,1,FIRE,False,,
492090,double_dqn,dueling,1140,46.0,994,0.0,0.0,0.05,,,,,,,,,,10000,10000,1.0,217.370430412279,217.370430412279,122273,False,985,492000,0.0,0.0,2,RIGHT,greedy,113918,116894,128270,133008,28777,463313,0.05847913999471641,1,246045,2,2,217.370430412279,108.6852152061395,2,2,108.6852152061395,217.370430412279,108.6852152061395,217.370430412279,54.11768590940923,1731.7659491010954,2,RIGHT,False,,
492195,double_dqn,dueling,1140,,,4.0,4.0,0.05,0.002661988139152527,2.3032989501953125,2.97933030128479,1.2638177871704102,2.3226795196533203,3.0058321952819824,0.05364775285124779,0.22785568237304688,0.13258077204227448,10000,10000,1.0,217.3613507636625,217.3613507636625,122300,True,985,492000,0.0,0.0,3,LEFT,greedy,113959,116923,128286,133028,28785,463411,0.058482799535144535,0,246098,2,2,217.3613507636625,108.68067538183125,2,2,108.68067538183125,217.3613507636625,108.68067538183125,217.3613507636625,54.11597255816812,1731.7111218613798,3,LEFT,False,,
492196,double_dqn,dueling,1140,,,1.0,1.0,0.05,0.002661988139152527,2.3032989501953125,2.97933030128479,1.2638177871704102,2.3226795196533203,3.0058321952819824,0.05364775285124779,0.22785568237304688,0.13258077204227448,10000,10000,1.0,217.36133379229958,217.36133379229958,122300,True,985,492000,0.0,0.0,3,LEFT,greedy,113959,116923,128286,133028,28785,463411,0.058482799535144535,1,246098,2,2,217.36133379229958,108.68066689614979,2,2,108.68066689614979,217.36133379229958,108.68066689614979,217.36133379229958,54.1159683328456,1731.710986651059,3,LEFT,False,,
492595,double_dqn,dueling,1140,,,8.0,8.0,0.05,0.0014441633829846978,2.306072473526001,3.2854175567626953,1.0747421979904175,2.3356549739837646,3.3782122135162354,0.04121815413236618,0.14693140983581543,0.2327992469072342,10000,10000,1.0,217.34631436408387,217.34631436408387,122400,True,986,492500,0.0,0.0,3,LEFT,greedy,114024,117027,128381,133164,28807,463789,0.05847997141673907,0,246298,2,2,217.34631436408387,108.67315718204193,2,2,108.67315718204193,217.34631436408387,108.67315718204193,217.34631436408387,54.11259889394838,1731.6031646063482,3,LEFT,False,,
492596,double_dqn,dueling,1140,,,6.0,6.0,0.05,0.0014441633829846978,2.306072473526001,3.2854175567626953,1.0747421979904175,2.3356549739837646,3.3782122135162354,0.04121815413236618,0.14693140983581543,0.2327992469072342,10000,10000,1.0,217.3462898872162,217.3462898872162,122400,True,986,492500,0.0,0.0,1,FIRE,greedy,114024,117027,128381,133164,28807,463789,0.05847997141673907,1,246298,2,2,217.3462898872162,108.6731449436081,2,2,108.6731449436081,217.3462898872162,108.6731449436081,217.3462898872162,54.11259279995536,1731.6029695985715,1,FIRE,False,,
492851,double_dqn,dueling,1141,15.0,553,0.0,0.0,0.05,,,,,,,,,,10000,10000,1.0,217.33194382557926,217.33194382557926,122464,True,986,492500,0.0,0.0,3,LEFT,greedy,114068,117089,128432,133263,28818,464034,0.0584719144895425,0,246426,2,2,217.33194382557926,108.66597191278963,2,2,108.66597191278963,217.33194382557926,108.66597191278963,217.33194382557926,54.10925715878806,1731.496229081218,3,LEFT,False,,
492995,double_dqn,dueling,1141,,,1.0,1.0,0.05,0.0014489870518445969,2.1480867862701416,3.241140365600586,1.1394697427749634,2.191006898880005,3.4054627418518066,0.03831219673156738,0.20720672607421875,0.3522171080112457,10000,10000,1.0,217.32456467964394,217.32456467964394,122500,True,986,492500,0.0,0.0,0,NOOP,greedy,114107,117136,128459,133294,28823,464173,0.058464977403467774,0,246498,2,2,217.32456467964394,108.66228233982197,2,2,108.66228233982197,217.32456467964394,108.66228233982197,217.32456467964394,54.10755254635376,1731.4416814833203,0,NOOP,False,,
492996,double_dqn,dueling,1141,,,12.0,12.0,0.05,0.0014489870518445969,2.1480867862701416,3.241140365600586,1.1394697427749634,2.191006898880005,3.4054627418518066,0.03831219673156738,0.20720672607421875,0.3522171080112457,10000,10000,1.0,217.32453950936528,217.32453950936528,122500,True,986,492500,0.0,0.0,3,LEFT,greedy,114107,117136,128459,133294,28823,464173,0.058464977403467774,1,246498,2,2,217.32453950936528,108.66226975468264,2,2,108.66226975468264,217.32453950936528,108.66226975468264,217.32453950936528,54.10754627967987,1731.441480949756,3,LEFT,False,,
493395,double_dqn,dueling,1141,,,6.0,6.0,0.05,0.001316866953857243,2.235417127609253,3.0790271759033203,-0.052896685898303986,2.240096092224121,3.092336416244507,0.036591969430446625,0.20367419719696045,0.14329595863819122,10000,10000,1.0,217.29558929230578,217.29558929230578,122600,True,987,493000,0.0,0.0,3,LEFT,greedy,114230,117229,128547,133390,28849,464547,0.05847027539744951,0,246698,2,2,217.29558929230578,108.64779464615289,2,2,108.64779464615289,217.29558929230578,108.64779464615289,217.29558929230578,54.100705909400475,1731.2225891008152,3,LEFT,False,,
493396,double_dqn,dueling,1141,,,18.0,18.0,0.05,0.001316866953857243,2.235417127609253,3.0790271759033203,-0.052896685898303986,2.240096092224121,3.092336416244507,0.036591969430446625,0.20367419719696045,0.14329595863819122,10000,10000,1.0,217.29556424769078,217.29556424769078,122600,True,987,493000,0.0,0.0,2,RIGHT,greedy,114230,117229,128547,133390,28849,464547,0.05847027539744951,1,246698,2,2,217.29556424769078,108.64778212384539,2,2,108.64778212384539,217.29556424769078,108.64778212384539,217.29556424769078,54.100699673970865,1731.2223895670677,2,RIGHT,False,,
493795,double_dqn,dueling,1141,,,11.0,11.0,0.05,0.0073489719070494175,2.130937337875366,3.1538095474243164,0.8087412118911743,2.1607961654663086,3.259237766265869,0.05890709161758423,0.613605260848999,0.25353801250457764,10000,10000,1.0,217.1813656622701,217.1813656622701,122700,True,988,493500,0.0,0.0,2,RIGHT,greedy,114322,117274,128662,133538,28871,464925,0.05846746429699714,0,246898,2,2,217.1813656622701,108.59068283113506,2,2,108.59068283113506,217.1813656622701,108.59068283113506,217.1813656622701,54.0726333259534,1730.3242664305087,2,RIGHT,False,,
493796,double_dqn,dueling,1141,,,21.0,21.0,0.05,0.0073489719070494175,2.130937337875366,3.1538095474243164,0.8087412118911743,2.1607961654663086,3.259237766265869,0.05890709161758423,0.613605260848999,0.25353801250457764,10000,10000,1.0,217.18133472608383,217.18133472608383,122700,True,988,493500,0.0,0.0,1,FIRE,greedy,114322,117274,128662,133538,28871,464925,0.05846746429699714,1,246898,2,2,217.18133472608383,108.59066736304192,2,2,108.59066736304192,217.18133472608383,108.59066736304192,217.18133472608383,54.07262562363026,1730.3240199561683,1,FIRE,False,,
493958,double_dqn,dueling,1142,23.0,934,0.0,0.0,0.05,,,,,,,,,,10000,10000,1.0,217.15847713584643,217.15847713584643,122740,False,988,493500,0.0,0.0,3,LEFT,greedy,114371,117293,128710,133584,28877,465081,0.058460435907506304,1,246979,2,2,217.15847713584643,108.57923856792321,2,2,108.57923856792321,217.15847713584643,108.57923856792321,217.15847713584643,54.06663746527754,1730.1323988888812,3,LEFT,False,,
494063,double_dqn,dueling,1143,16.0,606,0.0,0.0,0.05,,,,,,,,,,10000,10000,1.0,217.1297280182248,217.1297280182248,122767,True,989,494000,0.0,0.0,3,LEFT,greedy,114405,117317,128737,133605,28885,465179,0.05846408562453447,0,247032,2,2,217.1297280182248,108.5648640091124,2,2,108.5648640091124,217.1297280182248,108.5648640091124,217.1297280182248,54.0600213581497,1729.9206834607903,3,LEFT,False,,
494195,double_dqn,dueling,1143,,,2.0,2.0,0.05,0.00884317234158516,2.0091745853424072,3.1148648262023926,0.542263925075531,1.9754726886749268,3.149240493774414,0.08141659200191498,0.5132935643196106,0.7080181837081909,10000,10000,1.0,217.1041464579421,217.1041464579421,122800,True,989,494000,0.0,0.0,1,FIRE,greedy,114434,117352,128771,133639,28887,465309,0.05845251681519074,0,247098,2,2,217.1041464579421,108.55207322897105,2,2,108.55207322897105,217.1041464579421,108.55207322897105,217.1041464579421,54.05377238159684,1729.720716211099,1,FIRE,False,,
494196,double_dqn,dueling,1143,,,3.0,3.0,0.05,0.00884317234158516,2.0091745853424072,3.1148648262023926,0.542263925075531,1.9754726886749268,3.149240493774414,0.08141659200191498,0.5132935643196106,0.7080181837081909,10000,10000,1.0,217.10413107440812,217.10413107440812,122800,True,989,494000,0.0,0.0,3,LEFT,random,114434,117352,128771,133639,28887,465309,0.05845251681519074,1,247098,2,2,217.10413107440812,108.55206553720406,2,2,108.55206553720406,217.10413107440812,108.55206553720406,217.10413107440812,54.053768551462504,1729.7205936468001,3,LEFT,False,,
494595,double_dqn,dueling,1143,,,6.0,6.0,0.05,0.001477083656936884,2.2095863819122314,2.8550918102264404,1.244846224784851,2.243013381958008,2.9661011695861816,0.039451394230127335,0.12369060516357422,0.15181207656860352,10000,10000,1.0,217.015910503514,217.015910503514,122900,True,990,494500,0.0,0.0,0,NOOP,greedy,114547,117425,128860,133764,28906,465690,0.05844365906719828,0,247298,2,2,217.015910503514,108.507955251757,2,2,108.507955251757,217.015910503514,108.507955251757,217.015910503514,54.03216705814281,1729.02934586057,0,NOOP,False,,
494596,double_dqn,dueling,1143,,,8.0,8.0,0.05,0.001477083656936884,2.2095863819122314,2.8550918102264404,1.244846224784851,2.243013381958008,2.9661011695861816,0.039451394230127335,0.12369060516357422,0.15181207656860352,10000,10000,1.0,217.0158956390091,217.0158956390091,122900,True,990,494500,0.0,0.0,2,RIGHT,greedy,114547,117425,128860,133764,28906,465690,0.05844365906719828,1,247298,2,2,217.0158956390091,108.50794781950455,2,2,108.50794781950455,217.0158956390091,108.50794781950455,217.0158956390091,54.032163357209505,1729.0292274307042,2,RIGHT,False,,
494995,double_dqn,dueling,1143,,,10.0,10.0,0.05,0.0015149200335144997,2.200028896331787,3.19844388961792,-0.00647498294711113,2.210984945297241,3.157214879989624,0.043064963072538376,0.1349029541015625,0.10603787004947662,10000,10000,1.0,216.98956342658363,216.98956342658363,123000,True,990,494500,0.0,0.0,0,NOOP,greedy,114686,117507,128953,133850,28932,466064,0.05844895716329021,0,247498,2,2,216.98956342658363,108.49478171329181,2,2,108.49478171329181,216.98956342658363,108.49478171329181,216.98956342658363,54.02596931973655,1728.8310182315695,0,NOOP,False,,
494996,double_dqn,dueling,1143,,,13.0,13.0,0.05,0.0015149200335144997,2.200028896331787,3.19844388961792,-0.00647498294711113,2.210984945297241,3.157214879989624,0.043064963072538376,0.1349029541015625,0.10603787004947662,10000,10000,1.0,216.98954826321216,216.98954826321216,123000,True,990,494500,0.0,0.0,0,NOOP,greedy,114686,117507,128953,133850,28932,466064,0.05844895716329021,1,247498,2,2,216.98954826321216,108.49477413160608,2,2,108.49477413160608,216.98954826321216,108.49477413160608,216.98954826321216,54.02596554436676,1728.8308974197364,0,NOOP,False,,
495181,double_dqn,dueling,1144,12.0,559,0.0,0.0,0.05,,,,,,,,,,10000,10000,1.0,216.98419297845635,216.98419297845635,123046,False,991,495000,0.0,0.0,2,RIGHT,greedy,114766,117549,128990,133877,28940,466242,0.05844315827311978,0,247591,2,2,216.98419297845635,108.49209648922817,2,2,108.49209648922817,216.98419297845635,108.49209648922817,216.98419297845635,54.024357662348244,1728.7794451951438,2,RIGHT,False,,
495395,double_dqn,dueling,1144,,,2.0,2.0,0.05,0.0010183114791288972,2.123271942138672,2.8632378578186035,0.9133730530738831,2.136653184890747,2.858442783355713,0.034372150897979736,0.12418389320373535,0.06854838132858276,10000,10000,1.0,216.9766204840789,216.9766204840789,123100,True,991,495000,0.0,0.0,2,RIGHT,greedy,114829,117598,129045,133924,28953,466443,0.058444153767894774,0,247698,2,2,216.9766204840789,108.48831024203945,2,2,108.48831024203945,216.9766204840789,108.48831024203945,216.9766204840789,54.02310769106561,1728.7394461140996,2,RIGHT,False,,
495396,double_dqn,dueling,1144,,,21.0,18.0,0.05,0.0010183114791288972,2.123271942138672,2.8632378578186035,0.9133730530738831,2.136653184890747,2.858442783355713,0.034372150897979736,0.12418389320373535,0.06854838132858276,10000,10000,1.0,216.9766052513273,216.9766052513273,123100,True,991,495000,0.0,0.0,3,LEFT,greedy,114829,117598,129045,133924,28953,466443,0.058444153767894774,1,247698,2,2,216.9766052513273,108.48830262566365,2,2,108.48830262566365,216.9766052513273,108.48830262566365,216.9766052513273,54.02310389839625,1728.73932474868,3,LEFT,False,,
495696,double_dqn,dueling,1145,27.0,869,0.0,0.0,0.05,,,,,,,,,,10000,10000,1.0,216.9262479325325,216.9262479325325,123175,True,992,495500,0.0,0.0,1,FIRE,greedy,114875,117742,129096,133983,28967,466729,0.058437025919111714,1,247848,2,2,216.9262479325325,108.46312396626625,2,2,108.46312396626625,216.9262479325325,108.46312396626625,216.9262479325325,54.010835711711806,1728.3467427747778,1,FIRE,False,,
495795,double_dqn,dueling,1145,,,7.0,7.0,0.05,0.004745933227241039,2.225365161895752,3.0791640281677246,1.072980523109436,2.266202449798584,3.1347687244415283,0.06404583156108856,0.2899343967437744,0.30119943618774414,10000,10000,1.0,216.86513110514187,216.86513110514187,123200,True,992,495500,0.0,0.0,0,NOOP,greedy,114910,117775,129109,134002,28971,466825,0.0584333072473356,0,247898,2,2,216.86513110514187,108.43256555257094,2,2,108.43256555257094,216.86513110514187,108.43256555257094,216.86513110514187,53.99570846760556,1727.862670963378,0,NOOP,False,,
495796,double_dqn,dueling,1145,,,1.0,1.0,0.05,0.004745933227241039,2.225365161895752,3.0791640281677246,1.072980523109436,2.266202449798584,3.1347687244415283,0.06404583156108856,0.2899343967437744,0.30119943618774414,10000,10000,1.0,216.86510956032984,216.86510956032984,123200,True,992,495500,0.0,0.0,2,RIGHT,greedy,114910,117775,129109,134002,28971,466825,0.0584333072473356,1,247898,2,2,216.86510956032984,108.43255478016492,2,2,108.43255478016492,216.86510956032984,108.43255478016492,216.86510956032984,53.99570310331586,1727.8624993061076,2,RIGHT,False,,
496195,double_dqn,dueling,1145,,,11.0,11.0,0.05,0.0010355020640417933,2.3332972526550293,3.21235728263855,1.6373063325881958,2.347991943359375,3.3257181644439697,0.03476472944021225,0.11718106269836426,0.06123320758342743,10000,10000,1.0,216.6287488733955,216.6287488733955,123300,True,993,496000,0.0,0.0,1,FIRE,greedy,115035,117902,129184,134075,28989,467207,0.058422478214254045,0,248098,2,2,216.6287488733955,108.31437443669775,2,2,108.31437443669775,216.6287488733955,108.31437443669775,216.6287488733955,53.93721131614758,1725.9907621167226,1,FIRE,False,,
496196,double_dqn,dueling,1145,,,6.0,6.0,0.05,0.0010355020640417933,2.3332972526550293,3.21235728263855,1.6373063325881958,2.347991943359375,3.3257181644439697,0.03476472944021225,0.11718106269836426,0.06123320758342743,10000,10000,1.0,216.62872586645923,216.62872586645923,123300,True,993,496000,0.0,0.0,1,FIRE,greedy,115035,117902,129184,134075,28989,467207,0.058422478214254045,1,248098,2,2,216.62872586645923,108.31436293322962,2,2,108.31436293322962,216.62872586645923,108.31436293322962,216.62872586645923,53.937205587775935,1725.99057880883,1,FIRE,False,,
496595,double_dqn,dueling,1145,,,15.0,15.0,0.05,0.004673453979194164,2.207826614379883,3.1871654987335205,0.9872260093688965,2.229318141937256,3.1012015342712402,0.05867200717329979,0.321529746055603,0.3709554970264435,10000,10000,1.0,216.57954871804546,216.57954871804546,123400,True,994,496500,0.0,0.0,0,NOOP,greedy,115116,118023,129287,134170,29006,467590,0.05840965291705934,0,248298,2,2,216.57954871804546,108.28977435902273,2,2,108.28977435902273,216.57954871804546,108.28977435902273,216.57954871804546,53.92531797652546,1725.6101752488148,0,NOOP,False,,
496596,double_dqn,dueling,1145,,,10.0,10.0,0.05,0.004673453979194164,2.207826614379883,3.1871654987335205,0.9872260093688965,2.229318141937256,3.1012015342712402,0.05867200717329979,0.321529746055603,0.3709554970264435,10000,10000,1.0,216.5795339381996,216.5795339381996,123400,True,994,496500,0.0,0.0,1,FIRE,greedy,115116,118023,129287,134170,29006,467590,0.05840965291705934,1,248298,2,2,216.5795339381996,108.2897669690998,2,2,108.2897669690998,216.5795339381996,108.2897669690998,216.5795339381996,53.92531429654787,1725.6100574895318,1,FIRE,False,,
496805,double_dqn,dueling,1146,19.0,812,0.0,0.0,0.05,,,,,,,,,,10000,10000,1.0,216.58583157269427,216.58583157269427,123452,False,994,496500,0.0,0.0,2,RIGHT,greedy,115171,118051,129347,134237,29013,467793,0.05839905315153199,0,248403,2,2,216.58583157269427,108.29291578634714,2,2,108.29291578634714,216.58583157269427,108.29291578634714,216.58583157269427,53.926630373546985,1725.6521719535035,2,RIGHT,False,,
496995,double_dqn,dueling,1146,,,1.0,1.0,0.05,0.001817908720113337,2.0728840827941895,3.1198718547821045,0.766380786895752,2.0927107334136963,3.140773057937622,0.044072993099689484,0.19595277309417725,0.19574977457523346,10000,10000,1.0,216.53439696920555,216.53439696920555,123500,True,994,496500,0.0,0.0,0,NOOP,greedy,115221,118085,129400,134290,29024,467972,0.05839886035300083,0,248498,2,2,216.53439696920555,108.26719848460277,2,2,108.26719848460277,216.53439696920555,108.26719848460277,216.53439696920555,53.91443132362132,1725.2618023558823,0,NOOP,False,,
496996,double_dqn,dueling,1146,,,19.0,16.0,0.05,0.001817908720113337,2.0728840827941895,3.1198718547821045,0.766380786895752,2.0927107334136963,3.140773057937622,0.044072993099689484,0.19595277309417725,0.19574977457523346,10000,10000,1.0,216.5343798465817,216.5343798465817,123500,True,994,496500,0.0,0.0,0,NOOP,greedy,115221,118085,129400,134290,29024,467972,0.05839886035300083,1,248498,2,2,216.5343798465817,108.26718992329084,2,2,108.26718992329084,216.5343798465817,108.26718992329084,216.5343798465817,53.91442706029623,1725.2616659294792,0,NOOP,False,,
497220,double_dqn,dueling,1147,25.0,762,0.0,0.0,0.05,,,,,,,,,,10000,10000,1.0,216.5106195320966,216.5106195320966,123556,True,995,497000,0.0,0.0,1,FIRE,greedy,115255,118207,129432,134326,29036,468184,0.05839668557177909,1,248610,2,2,216.5106195320966,108.2553097660483,2,2,108.2553097660483,216.5106195320966,108.2553097660483,216.5106195320966,53.90870959185424,1725.0787069393357,1,FIRE,False,,
497395,double_dqn,dueling,1147,,,5.0,5.0,0.05,0.0029095872305333614,2.047712802886963,3.009343385696411,0.7166934013366699,2.058759927749634,3.002218723297119,0.05251794308423996,0.25002801418304443,0.20942598581314087,10000,10000,1.0,216.50156102254545,216.50156102254545,123600,True,995,497000,0.0,0.0,2,RIGHT,greedy,115279,118298,129463,134356,29047,468349,0.058398137500100526,0,248698,2,2,216.50156102254545,108.25078051127272,2,2,108.25078051127272,216.50156102254545,108.25078051127272,216.50156102254545,53.90660987820246,1725.0115161024787,2,RIGHT,False,,
497396,double_dqn,dueling,1147,,,2.0,2.0,0.05,0.0029095872305333614,2.047712802886963,3.009343385696411,0.7166934013366699,2.058759927749634,3.002218723297119,0.05251794308423996,0.25002801418304443,0.20942598581314087,10000,10000,1.0,216.50153921509457,216.50153921509457,123600,True,995,497000,0.0,0.0,1,FIRE,greedy,115279,118298,129463,134356,29047,468349,0.058398137500100526,1,248698,2,2,216.50153921509457,108.25076960754728,2,2,108.25076960754728,216.50153921509457,108.25076960754728,216.50153921509457,53.90660444837673,1725.0113423480555,1,FIRE,False,,
497795,double_dqn,dueling,1147,,,15.0,9.0,0.05,0.0007808402879163623,2.201141595840454,3.2433385848999023,1.2973512411117554,2.225607395172119,3.2260382175445557,0.030826933681964874,0.11128425598144531,0.057320840656757355,10000,10000,1.0,216.51457273880703,216.51457273880703,123700,True,996,497500,0.0,0.0,1,FIRE,greedy,115345,118460,129547,134444,29063,468733,0.05838335382365467,0,248898,2,2,216.51457273880703,108.25728636940352,2,2,108.25728636940352,216.51457273880703,108.25728636940352,216.51457273880703,53.91020284190082,1725.1264909408262,1,FIRE,False,,
497796,double_dqn,dueling,1147,,,6.0,6.0,0.05,0.0007808402879163623,2.201141595840454,3.2433385848999023,1.2973512411117554,2.225607395172119,3.2260382175445557,0.030826933681964874,0.11128425598144531,0.057320840656757355,10000,10000,1.0,216.51455086937165,216.51455086937165,123700,True,996,497500,0.0,0.0,1,FIRE,greedy,115345,118460,129547,134444,29063,468733,0.05838335382365467,1,248898,2,2,216.51455086937165,108.25727543468582,2,2,108.25727543468582,216.51455086937165,108.25727543468582,216.51455086937165,53.910197396605916,1725.1263166913893,1,FIRE,False,,
497811,double_dqn,dueling,1148,15.0,503,0.0,0.0,0.05,,,,,,,,,,10000,10000,1.0,216.51225235479194,216.51225235479194,123704,True,996,497500,0.0,0.0,1,FIRE,greedy,115346,118471,129548,134447,29064,468748,0.0583834861353282,0,248906,2,2,216.51225235479194,108.25612617739597,2,2,108.25612617739597,216.51225235479194,108.25612617739597,216.51225235479194,53.909639190385164,1725.1084540923252,1,FIRE,False,,
498195,double_dqn,dueling,1148,,,4.0,4.0,0.05,0.001341018476523459,1.9833226203918457,3.04306960105896,-0.11759622395038605,2.016392469406128,3.022932529449463,0.03529706597328186,0.14472435414791107,0.23039287328720093,10000,10000,1.0,216.52741252174306,216.52741252174306,123800,True,997,498000,0.0,0.0,1,FIRE,greedy,115478,118592,129615,134511,29084,469112,0.05837863009739139,0,249098,2,2,216.52741252174306,108.26370626087153,2,2,108.26370626087153,216.52741252174306,108.26370626087153,216.52741252174306,53.91375189943109,1725.240060781795,1,FIRE,False,,
498196,double_dqn,dueling,1148,,,10.0,10.0,0.05,0.001341018476523459,1.9833226203918457,3.04306960105896,-0.11759622395038605,2.016392469406128,3.022932529449463,0.03529706597328186,0.14472435414791107,0.23039287328720093,10000,10000,1.0,216.52739663527845,216.52739663527845,123800,True,997,498000,1.0,1.0,0,NOOP,greedy,115478,118592,129615,134511,29084,469112,0.05837863009739139,1,249098,2,2,216.52739663527845,108.26369831763922,2,2,108.26369831763922,216.52739663527845,108.26369831763922,216.52739663527845,53.91374794381687,1725.23993420214,0,NOOP,False,,
498595,double_dqn,dueling,1148,,,13.0,10.0,0.05,0.004540401976555586,2.1240503787994385,3.1746506690979004,0.4146757423877716,2.1578752994537354,3.161804437637329,0.03943398594856262,0.5072546005249023,0.29409104585647583,10000,10000,1.0,216.4590535674128,216.4590535674128,123900,True,998,498500,0.0,0.0,3,LEFT,greedy,115579,118657,129708,134652,29103,469493,0.05836990268674438,0,249298,2,2,216.4590535674128,108.2295267837064,2,2,108.2295267837064,216.4590535674128,108.2295267837064,216.4590535674128,53.897081838683185,1724.706618837862,3,LEFT,False,,
498596,double_dqn,dueling,1148,,,17.0,14.0,0.05,0.004540401976555586,2.1240503787994385,3.1746506690979004,0.4146757423877716,2.1578752994537354,3.161804437637329,0.03943398594856262,0.5072546005249023,0.29409104585647583,10000,10000,1.0,216.4590295931885,216.4590295931885,123900,True,998,498500,0.0,0.0,1,FIRE,greedy,115579,118657,129708,134652,29103,469493,0.05836990268674438,1,249298,2,2,216.4590295931885,108.22951479659424,2,2,108.22951479659424,216.4590295931885,108.22951479659424,216.4590295931885,53.89707586923673,1724.7064278155754,1,FIRE,False,,
498690,double_dqn,dueling,1149,18.0,735,0.0,0.0,0.05,,,,,,,,,,10000,10000,1.0,216.43060570322356,216.43060570322356,123923,False,998,498500,0.0,0.0,0,NOOP,greedy,115614,118684,129721,134671,29107,469583,0.0583669213338948,1,249345,2,2,216.43060570322356,108.21530285161178,2,2,108.21530285161178,216.43060570322356,108.21530285161178,216.43060570322356,53.889645608408095,1724.468659469059,0,NOOP,False,,
498995,double_dqn,dueling,1149,,,17.0,14.0,0.05,0.0009642958175390959,2.324573040008545,3.2160959243774414,1.1338263750076294,2.3319201469421387,3.1973812580108643,0.032954029738903046,0.11261129379272461,0.24254056811332703,10000,10000,1.0,216.29261352528465,216.29261352528465,124000,True,998,498500,0.0,0.0,0,NOOP,greedy,115727,118746,129781,134742,29125,469871,0.0583672013402913,0,249498,2,2,216.29261352528465,108.14630676264233,2,2,108.14630676264233,216.29261352528465,108.14630676264233,216.29261352528465,53.855988634171325,1723.3916362934824,0,NOOP,False,,
498996,double_dqn,dueling,1149,,,3.0,3.0,0.05,0.0009642958175390959,2.324573040008545,3.2160959243774414,1.1338263750076294,2.3319201469421387,3.1973812580108643,0.032954029738903046,0.11261129379272461,0.24254056811332703,10000,10000,1.0,216.2925714015683,216.2925714015683,124000,True,998,498500,0.0,0.0,3,LEFT,greedy,115727,118746,129781,134742,29125,469871,0.0583672013402913,1,249498,2,2,216.2925714015683,108.14628570078415,2,2,108.14628570078415,216.2925714015683,108.14628570078415,216.2925714015683,53.8559781455358,1723.3913006571456,3,LEFT,False,,
499395,double_dqn,dueling,1149,,,24.0,18.0,0.05,0.0012928973883390427,2.1217641830444336,3.169142007827759,0.06227767467498779,2.149991512298584,3.1223137378692627,0.039356544613838196,0.1642829179763794,0.16259299218654633,10000,10000,1.0,216.1493656952313,216.1493656952313,124100,True,999,499000,0.0,0.0,0,NOOP,greedy,115868,118794,129885,134849,29143,470253,0.0583564946455318,0,249698,2,2,216.1493656952313,108.07468284761565,2,2,108.07468284761565,216.1493656952313,108.07468284761565,216.1493656952313,53.82066857651353,1722.261394448433,0,NOOP,False,,
499396,double_dqn,dueling,1149,,,9.0,9.0,0.05,0.0012928973883390427,2.1217641830444336,3.169142007827759,0.06227767467498779,2.149991512298584,3.1223137378692627,0.039356544613838196,0.1642829179763794,0.16259299218654633,10000,10000,1.0,216.14935014645698,216.14935014645698,124100,True,999,499000,0.0,0.0,0,NOOP,greedy,115868,118794,129885,134849,29143,470253,0.0583564946455318,1,249698,2,2,216.14935014645698,108.07467507322849,2,2,108.07467507322849,216.14935014645698,108.07467507322849,216.14935014645698,53.82066470490638,1722.261270557004,0,NOOP,False,,
499589,double_dqn,dueling,1150,29.0,889,0.0,0.0,0.05,,,,,,,,,,10000,10000,1.0,216.08468571655618,216.08468571655618,124148,False,1000,499500,0.0,0.0,0,NOOP,greedy,115948,118836,129917,134889,29151,470439,0.05834984687443704,0,249795,2,2,216.08468571655618,108.04234285827809,2,2,108.04234285827809,216.08468571655618,108.04234285827809,216.08468571655618,53.80429890310837,1721.7375648994678,0,NOOP,False,,
499795,double_dqn,dueling,1150,,,2.0,2.0,0.05,0.002344943583011627,2.110995054244995,2.8331990242004395,0.611834704875946,2.149643898010254,2.9497222900390625,0.04266798496246338,0.29313528537750244,0.278568834066391,10000,10000,1.0,216.05437964221576,216.05437964221576,124200,True,1000,499500,0.0,0.0,3,LEFT,greedy,115988,118904,129965,134939,29162,470634,0.05834780590480916,0,249898,2,2,216.05437964221576,108.02718982110788,2,2,108.02718982110788,216.05437964221576,108.02718982110788,216.05437964221576,53.79736408655935,1721.5156507698991,3,LEFT,False,,
499796,double_dqn,dueling,1150,,,13.0,13.0,0.05,0.002344943583011627,2.110995054244995,2.8331990242004395,0.611834704875946,2.149643898010254,2.9497222900390625,0.04266798496246338,0.29313528537750244,0.278568834066391,10000,10000,1.0,216.05436381427668,216.05436381427668,124200,True,1000,499500,0.0,0.0,1,FIRE,random,115988,118904,129965,134939,29162,470634,0.05834780590480916,1,249898,2,2,216.05436381427668,108.02718190713834,2,2,108.02718190713834,216.05436381427668,108.02718190713834,216.05436381427668,53.797360145415446,1721.5155246532943,1,FIRE,False,,
499999,double_dqn,dueling,1150,,,4.0,4.0,0.05,0.0009442237787880003,2.243515968322754,3.3515801429748535,1.1047372817993164,2.2788126468658447,3.3466074466705322,0.030744429677724838,0.13988924026489258,0.2536483407020569,10000,10000,1.0,215.65880781500977,215.65880781500977,124251,True,1001,500000,0.0,0.0,2,RIGHT,greedy,116043,118969,130001,134987,29177,470823,0.058354,0,250000,2,2,215.65880781500977,107.82940390750488,2,2,107.82940390750488,215.65880781500977,107.82940390750488,215.65880781500977,53.69904314593743,1718.3693806699978,2,RIGHT,False,,
500000,double_dqn,dueling,1150,,,16.0,16.0,0.05,0.0009442237787880003,2.243515968322754,3.3515801429748535,1.1047372817993164,2.2788126468658447,3.3466074466705322,0.030744429677724838,0.13988924026489258,0.2536483407020569,10000,10000,1.0,215.6587851373385,215.6587851373385,124251,True,1001,500000,0.0,0.0,2,RIGHT,greedy,116043,118969,130001,134987,29177,470823,0.058354,1,250000,2,2,215.6587851373385,107.82939256866925,2,2,107.82939256866925,215.6587851373385,107.82939256866925,215.6587851373385,53.69903749919729,1718.3691999743132,2,RIGHT,False,,
